row_id,source_kind,source_run_id,trial_id,step_id,environment,cohort,method,candidate_id,candidate_role,stored_l1_status,l2_reached,l2_status,reason_code,p_k1,p_k2,formal_value_or_bound,formal_backend_status,formal_backend_reason,backend_identity,backend_class,map_snapshot_id,controller_authority,controller_intervention
78be924b2a80215e5f87d77206074676479649b15da07fad3dfd2691ab893f25,PR87_ACTIVATED_ONE_STEP,PR87_ACTIVATED_ONE_STEP,E1_REPLICA_GT_FINE:B1_PLUS_SWEPT_SEGMENT:16673c25ede2d2bf022e1f9eec4dd83dbb8d880d94572d25a91ed1ad0cc30e72,ONE_STEP:0,E1_REPLICA_GT_FINE,ACTIVATED,B1_PLUS_SWEPT_SEGMENT,PRIMARY-CBF-FILTERED,EXECUTED_OR_SELECTED_HISTORICAL_CANDIDATE,PASS,True,PASS,FORMAL_SEGMENT_SAFE,"[1.0924842643984611,0.1667430113307799,1.834112622716083]","[1.0902688873965947,0.162800055805034,1.8366124832203576]",0.0006729894112361499,CERTIFIED_SAFE,SEGMENT_EXACT_SAFE,EXACT_ANALYTIC_SPHERE_SEGMENT_MINIMUM,EXACT_ANALYTIC,3b318a98a454ec5c36410b3c41dfb3dd4a25b7b5a1899f1f2c939fbf24ad0e55,False,False
10bcadd31eede99f6cf69bae583b38226d8379ab65c502dd23da1679d4aeff0d,PR87_ACTIVATED_ONE_STEP,PR87_ACTIVATED_ONE_STEP,E1_REPLICA_GT_FINE:B2_PLUS_TERMINAL_BACKUP:16673c25ede2d2bf022e1f9eec4dd83dbb8d880d94572d25a91ed1ad0cc30e72,ONE_STEP:0,E1_REPLICA_GT_FINE,ACTIVATED,B2_PLUS_TERMINAL_BACKUP,PRIMARY-CBF-FILTERED,EXECUTED_OR_SELECTED_HISTORICAL_CANDIDATE,PASS,True,PASS,FORMAL_SEGMENT_SAFE,"[1.0924842643984611,0.1667430113307799,1.834112622716083]","[1.0902688873965947,0.162800055805034,1.8366124832203576]",0.0006729894112361499,CERTIFIED_SAFE,SEGMENT_EXACT_SAFE,EXACT_ANALYTIC_SPHERE_SEGMENT_MINIMUM,EXACT_ANALYTIC,3b318a98a454ec5c36410b3c41dfb3dd4a25b7b5a1899f1f2c939fbf24ad0e55,False,False
ed0fb9fde035f41fc26f15cf8e1f4f3a338fc611941b208f856f09e8cf101976,PR87_ACTIVATED_ONE_STEP,PR87_ACTIVATED_ONE_STEP,E1_REPLICA_GT_FINE:B3_FULL_UNIFIED_WITH_DIRECTIONAL_ALTERNATIVES:16673c25ede2d2bf022e1f9eec4dd83dbb8d880d94572d25a91ed1ad0cc30e72,ONE_STEP:0,E1_REPLICA_GT_FINE,ACTIVATED,B3_FULL_UNIFIED_WITH_DIRECTIONAL_ALTERNATIVES,PRIMARY-CBF-FILTERED,EXECUTED_OR_SELECTED_HISTORICAL_CANDIDATE,PASS,True,PASS,FORMAL_SEGMENT_SAFE,"[1.0924842643984611,0.1667430113307799,1.834112622716083]","[1.0902688873965947,0.162800055805034,1.8366124832203576]",0.0006729894112361499,CERTIFIED_SAFE,SEGMENT_EXACT_SAFE,EXACT_ANALYTIC_SPHERE_SEGMENT_MINIMUM,EXACT_ANALYTIC,3b318a98a454ec5c36410b3c41dfb3dd4a25b7b5a1899f1f2c939fbf24ad0e55,False,False
5cfbf6a12292d080885b6f5590fa49492a734dae65879412f714eebc8b5d836b,PR87_ACTIVATED_ONE_STEP,PR87_ACTIVATED_ONE_STEP,E1_REPLICA_GT_FINE:B1_PLUS_SWEPT_SEGMENT:1b08529e208b7a95585f65dbd64a2139c0a5a068f61de72ce2ddf12ea248dfa1,ONE_STEP:0,E1_REPLICA_GT_FINE,ACTIVATED,B1_PLUS_SWEPT_SEGMENT,PRIMARY-CBF-FILTERED,EXECUTED_OR_SELECTED_HISTORICAL_CANDIDATE,PASS,True,PASS,FORMAL_SEGMENT_SAFE,"[1.0901617893852618,0.16835937547330734,1.8352180323813903]","[1.089420445102406,0.16718613660199746,1.8360304975077135]",0.0001733056851265114,CERTIFIED_SAFE,SEGMENT_EXACT_SAFE,EXACT_ANALYTIC_SPHERE_SEGMENT_MINIMUM,EXACT_ANALYTIC,3b318a98a454ec5c36410b3c41dfb3dd4a25b7b5a1899f1f2c939fbf24ad0e55,False,False
7192953f66826af44e8686e371d90c85183e75f7ec2ab5bb2660b9febf0e2acd,PR87_ACTIVATED_ONE_STEP,PR87_ACTIVATED_ONE_STEP,E1_REPLICA_GT_FINE:B2_PLUS_TERMINAL_BACKUP:1b08529e208b7a95585f65dbd64a2139c0a5a068f61de72ce2ddf12ea248dfa1,ONE_STEP:0,E1_REPLICA_GT_FINE,ACTIVATED,B2_PLUS_TERMINAL_BACKUP,PRIMARY-CBF-FILTERED,EXECUTED_OR_SELECTED_HISTORICAL_CANDIDATE,PASS,True,PASS,FORMAL_SEGMENT_SAFE,"[1.0901617893852618,0.16835937547330734,1.8352180323813903]","[1.089420445102406,0.16718613660199746,1.8360304975077135]",0.0001733056851265114,CERTIFIED_SAFE,SEGMENT_EXACT_SAFE,EXACT_ANALYTIC_SPHERE_SEGMENT_MINIMUM,EXACT_ANALYTIC,3b318a98a454ec5c36410b3c41dfb3dd4a25b7b5a1899f1f2c939fbf24ad0e55,False,False
8cac84fe449b29937d3d051f1626088256ffa6809d64463935a482bf144641e4,PR87_ACTIVATED_ONE_STEP,PR87_ACTIVATED_ONE_STEP,E1_REPLICA_GT_FINE:B3_FULL_UNIFIED_WITH_DIRECTIONAL_ALTERNATIVES:1b08529e208b7a95585f65dbd64a2139c0a5a068f61de72ce2ddf12ea248dfa1,ONE_STEP:0,E1_REPLICA_GT_FINE,ACTIVATED,B3_FULL_UNIFIED_WITH_DIRECTIONAL_ALTERNATIVES,PRIMARY-CBF-FILTERED,EXECUTED_OR_SELECTED_HISTORICAL_CANDIDATE,PASS,True,PASS,FORMAL_SEGMENT_SAFE,"[1.0901617893852618,0.16835937547330734,1.8352180323813903]","[1.089420445102406,0.16718613660199746,1.8360304975077135]",0.0001733056851265114,CERTIFIED_SAFE,SEGMENT_EXACT_SAFE,EXACT_ANALYTIC_SPHERE_SEGMENT_MINIMUM,EXACT_ANALYTIC,3b318a98a454ec5c36410b3c41dfb3dd4a25b7b5a1899f1f2c939fbf24ad0e55,False,False
a1397f35ef73f64dfe7301ba292f09828393291a6e08b85fa93d3b60ac1cee41,PR87_ACTIVATED_ONE_STEP,PR87_ACTIVATED_ONE_STEP,E1_REPLICA_GT_FINE:B1_PLUS_SWEPT_SEGMENT:268bfa7aff7902e7c03489a2ef13d2cd844a637d02376c677b5405b93fd40600,ONE_STEP:0,E1_REPLICA_GT_FINE,ACTIVATED,B1_PLUS_SWEPT_SEGMENT,PRIMARY-CBF-FILTERED,EXECUTED_OR_SELECTED_HISTORICAL_CANDIDATE,PASS,True,PASS,FORMAL_SEGMENT_SAFE,"[1.0910971249369241,0.168153627931251,1.834657214813886]","[1.0912653720546333,0.16678492899846034,1.8349369020866357]",0.00027751667016566797,CERTIFIED_SAFE,SEGMENT_EXACT_SAFE,EXACT_ANALYTIC_SPHERE_SEGMENT_MINIMUM,EXACT_ANALYTIC,3b318a98a454ec5c36410b3c41dfb3dd4a25b7b5a1899f1f2c939fbf24ad0e55,False,False
b00fda5f038211ca8c8931073c709b8cf720fa5d21935d9446041e5ad1bdf351,PR87_ACTIVATED_ONE_STEP,PR87_ACTIVATED_ONE_STEP,E1_REPLICA_GT_FINE:B2_PLUS_TERMINAL_BACKUP:268bfa7aff7902e7c03489a2ef13d2cd844a637d02376c677b5405b93fd40600,ONE_STEP:0,E1_REPLICA_GT_FINE,ACTIVATED,B2_PLUS_TERMINAL_BACKUP,PRIMARY-CBF-FILTERED,EXECUTED_OR_SELECTED_HISTORICAL_CANDIDATE,PASS,True,PASS,FORMAL_SEGMENT_SAFE,"[1.0910971249369241,0.168153627931251,1.834657214813886]","[1.0912653720546333,0.16678492899846034,1.8349369020866357]",0.00027751667016566797,CERTIFIED_SAFE,SEGMENT_EXACT_SAFE,EXACT_ANALYTIC_SPHERE_SEGMENT_MINIMUM,EXACT_ANALYTIC,3b318a98a454ec5c36410b3c41dfb3dd4a25b7b5a1899f1f2c939fbf24ad0e55,False,False
b363db58d8a55219957bc5ebf6480cf0d17b867a98da05f467ed176cb8987ef4,PR87_ACTIVATED_ONE_STEP,PR87_ACTIVATED_ONE_STEP,E1_REPLICA_GT_FINE:B3_FULL_UNIFIED_WITH_DIRECTIONAL_ALTERNATIVES:268bfa7aff7902e7c03489a2ef13d2cd844a637d02376c677b5405b93fd40600,ONE_STEP:0,E1_REPLICA_GT_FINE,ACTIVATED,B3_FULL_UNIFIED_WITH_DIRECTIONAL_ALTERNATIVES,PRIMARY-CBF-FILTERED,EXECUTED_OR_SELECTED_HISTORICAL_CANDIDATE,PASS,True,PASS,FORMAL_SEGMENT_SAFE,"[1.0910971249369241,0.168153627931251,1.834657214813886]","[1.0912653720546333,0.16678492899846034,1.8349369020866357]",0.00027751667016566797,CERTIFIED_SAFE,SEGMENT_EXACT_SAFE,EXACT_ANALYTIC_SPHERE_SEGMENT_MINIMUM,EXACT_ANALYTIC,3b318a98a454ec5c36410b3c41dfb3dd4a25b7b5a1899f1f2c939fbf24ad0e55,False,False
c46a406de3e7dfd6891f49b3ce28c65842b88fe71ac8a233deed87f6c09cf633,PR87_ACTIVATED_ONE_STEP,PR87_ACTIVATED_ONE_STEP,E1_REPLICA_GT_FINE:B1_PLUS_SWEPT_SEGMENT:27516cd9f03702e7e24f3433449198d5bd7f637a2b86a8733264955cfeaf1715,ONE_STEP:0,E1_REPLICA_GT_FINE,ACTIVATED,B1_PLUS_SWEPT_SEGMENT,PRIMARY-CBF-FILTERED,EXECUTED_OR_SELECTED_HISTORICAL_CANDIDATE,PASS,True,PASS,FORMAL_SEGMENT_SAFE,"[1.089127380368456,0.16641571467595256,1.8364021694894894]","[1.087403347525233,0.1633959980393235,1.838339564868457]",0.0005265324177932459,CERTIFIED_SAFE,SEGMENT_EXACT_SAFE,EXACT_ANALYTIC_SPHERE_SEGMENT_MINIMUM,EXACT_ANALYTIC,3b318a98a454ec5c36410b3c41dfb3dd4a25b7b5a1899f1f2c939fbf24ad0e55,False,False
39090d54f45f39b2ccc9a351a5abbfcbb94a0051f9eb8ebad5b96bae7bd36a11,PR87_ACTIVATED_ONE_STEP,PR87_ACTIVATED_ONE_STEP,E1_REPLICA_GT_FINE:B2_PLUS_TERMINAL_BACKUP:27516cd9f03702e7e24f3433449198d5bd7f637a2b86a8733264955cfeaf1715,ONE_STEP:0,E1_REPLICA_GT_FINE,ACTIVATED,B2_PLUS_TERMINAL_BACKUP,PRIMARY-CBF-FILTERED,EXECUTED_OR_SELECTED_HISTORICAL_CANDIDATE,PASS,True,PASS,FORMAL_SEGMENT_SAFE,"[1.089127380368456,0.16641571467595256,1.8364021694894894]","[1.087403347525233,0.1633959980393235,1.838339564868457]",0.0005265324177932459,CERTIFIED_SAFE,SEGMENT_EXACT_SAFE,EXACT_ANALYTIC_SPHERE_SEGMENT_MINIMUM,EXACT_ANALYTIC,3b318a98a454ec5c36410b3c41dfb3dd4a25b7b5a1899f1f2c939fbf24ad0e55,False,False
3bffee92fb64a92c187cab5b5c1ef507600793f9b8cf84ccf565466e6d126ea7,PR87_ACTIVATED_ONE_STEP,PR87_ACTIVATED_ONE_STEP,E1_REPLICA_GT_FINE:B3_FULL_UNIFIED_WITH_DIRECTIONAL_ALTERNATIVES:27516cd9f03702e7e24f3433449198d5bd7f637a2b86a8733264955cfeaf1715,ONE_STEP:0,E1_REPLICA_GT_FINE,ACTIVATED,B3_FULL_UNIFIED_WITH_DIRECTIONAL_ALTERNATIVES,PRIMARY-CBF-FILTERED,EXECUTED_OR_SELECTED_HISTORICAL_CANDIDATE,PASS,True,PASS,FORMAL_SEGMENT_SAFE,"[1.089127380368456,0.16641571467595256,1.8364021694894894]","[1.087403347525233,0.1633959980393235,1.838339564868457]",0.0005265324177932459,CERTIFIED_SAFE,SEGMENT_EXACT_SAFE,EXACT_ANALYTIC_SPHERE_SEGMENT_MINIMUM,EXACT_ANALYTIC,3b318a98a454ec5c36410b3c41dfb3dd4a25b7b5a1899f1f2c939fbf24ad0e55,False,False
6b26299804396e4edabbcc40050b3d0edcdaff1153dc700b86ceffa539976047,PR87_ACTIVATED_ONE_STEP,PR87_ACTIVATED_ONE_STEP,E1_REPLICA_GT_FINE:B1_PLUS_SWEPT_SEGMENT:2af4f2a33860b33a6132bc23e926b8743956994fd88327e2bb5a7a918d4ccfdb,ONE_STEP:0,E1_REPLICA_GT_FINE,ACTIVATED,B1_PLUS_SWEPT_SEGMENT,PRIMARY-CBF-FILTERED,EXECUTED_OR_SELECTED_HISTORICAL_CANDIDATE,PASS,True,PASS,FORMAL_SEGMENT_SAFE,"[1.0953893445185914,0.16827517704402198,1.831806850472975]","[1.0959757719890384,0.16578777897776145,1.8321162254888002]",0.0005571623117081159,CERTIFIED_SAFE,SEGMENT_EXACT_SAFE,EXACT_ANALYTIC_SPHERE_SEGMENT_MINIMUM,EXACT_ANALYTIC,3b318a98a454ec5c36410b3c41dfb3dd4a25b7b5a1899f1f2c939fbf24ad0e55,False,False
ba1cd39da7d6108299c981466fb4807812fb1778b833e22556e2a98d60716f22,PR87_ACTIVATED_ONE_STEP,PR87_ACTIVATED_ONE_STEP,E1_REPLICA_GT_FINE:B2_PLUS_TERMINAL_BACKUP:2af4f2a33860b33a6132bc23e926b8743956994fd88327e2bb5a7a918d4ccfdb,ONE_STEP:0,E1_REPLICA_GT_FINE,ACTIVATED,B2_PLUS_TERMINAL_BACKUP,PRIMARY-CBF-FILTERED,EXECUTED_OR_SELECTED_HISTORICAL_CANDIDATE,PASS,True,PASS,FORMAL_SEGMENT_SAFE,"[1.0953893445185914,0.16827517704402198,1.831806850472975]","[1.0959757719890384,0.16578777897776145,1.8321162254888002]",0.0005571623117081159,CERTIFIED_SAFE,SEGMENT_EXACT_SAFE,EXACT_ANALYTIC_SPHERE_SEGMENT_MINIMUM,EXACT_ANALYTIC,3b318a98a454ec5c36410b3c41dfb3dd4a25b7b5a1899f1f2c939fbf24ad0e55,False,False
e69d78144cb724fc64e685d70b3cfe04ac296cc9e71a96d4941f99e24de5ffcd,PR87_ACTIVATED_ONE_STEP,PR87_ACTIVATED_ONE_STEP,E1_REPLICA_GT_FINE:B3_FULL_UNIFIED_WITH_DIRECTIONAL_ALTERNATIVES:2af4f2a33860b33a6132bc23e926b8743956994fd88327e2bb5a7a918d4ccfdb,ONE_STEP:0,E1_REPLICA_GT_FINE,ACTIVATED,B3_FULL_UNIFIED_WITH_DIRECTIONAL_ALTERNATIVES,PRIMARY-CBF-FILTERED,EXECUTED_OR_SELECTED_HISTORICAL_CANDIDATE,PASS,True,PASS,FORMAL_SEGMENT_SAFE,"[1.0953893445185914,0.16827517704402198,1.831806850472975]","[1.0959757719890384,0.16578777897776145,1.8321162254888002]",0.0005571623117081159,CERTIFIED_SAFE,SEGMENT_EXACT_SAFE,EXACT_ANALYTIC_SPHERE_SEGMENT_MINIMUM,EXACT_ANALYTIC,3b318a98a454ec5c36410b3c41dfb3dd4a25b7b5a1899f1f2c939fbf24ad0e55,False,False
c280de827b69033b3fe8dc6b3d3dbfdeab9615f89929f610aaba8a6fa13ba58e,PR87_ACTIVATED_ONE_STEP,PR87_ACTIVATED_ONE_STEP,E1_REPLICA_GT_FINE:B1_PLUS_SWEPT_SEGMENT:32f4caf77583594bc044ae2fe8b8b401a09dde6f0221d49bd7245dbee47e498c,ONE_STEP:0,E1_REPLICA_GT_FINE,ACTIVATED,B1_PLUS_SWEPT_SEGMENT,PRIMARY-CBF-FILTERED,EXECUTED_OR_SELECTED_HISTORICAL_CANDIDATE,PASS,True,PASS,FORMAL_SEGMENT_SAFE,"[1.0945530824320724,0.16938033292548943,1.8317443484998848]","[1.094303172327797,0.16794283305758104,1.831994238509078]",0.00026015849269521614,CERTIFIED_SAFE,SEGMENT_EXACT_SAFE,EXACT_ANALYTIC_SPHERE_SEGMENT_MINIMUM,EXACT_ANALYTIC,3b318a98a454ec5c36410b3c41dfb3dd4a25b7b5a1899f1f2c939fbf24ad0e55,False,False
aaa4360100326018d7a174c52e9365f75170b2bb3a31d142f24c84888597c92f,PR87_ACTIVATED_ONE_STEP,PR87_ACTIVATED_ONE_STEP,E1_REPLICA_GT_FINE:B2_PLUS_TERMINAL_BACKUP:32f4caf77583594bc044ae2fe8b8b401a09dde6f0221d49bd7245dbee47e498c,ONE_STEP:0,E1_REPLICA_GT_FINE,ACTIVATED,B2_PLUS_TERMINAL_BACKUP,PRIMARY-CBF-FILTERED,EXECUTED_OR_SELECTED_HISTORICAL_CANDIDATE,PASS,True,PASS,FORMAL_SEGMENT_SAFE,"[1.0945530824320724,0.16938033292548943,1.8317443484998848]","[1.094303172327797,0.16794283305758104,1.831994238509078]",0.00026015849269521614,CERTIFIED_SAFE,SEGMENT_EXACT_SAFE,EXACT_ANALYTIC_SPHERE_SEGMENT_MINIMUM,EXACT_ANALYTIC,3b318a98a454ec5c36410b3c41dfb3dd4a25b7b5a1899f1f2c939fbf24ad0e55,False,False
169551c8e1953f529dfa9a2d4b88a1292e88a07de0ced344257eeb57c07399dc,PR87_ACTIVATED_ONE_STEP,PR87_ACTIVATED_ONE_STEP,E1_REPLICA_GT_FINE:B3_FULL_UNIFIED_WITH_DIRECTIONAL_ALTERNATIVES:32f4caf77583594bc044ae2fe8b8b401a09dde6f0221d49bd7245dbee47e498c,ONE_STEP:0,E1_REPLICA_GT_FINE,ACTIVATED,B3_FULL_UNIFIED_WITH_DIRECTIONAL_ALTERNATIVES,PRIMARY-CBF-FILTERED,EXECUTED_OR_SELECTED_HISTORICAL_CANDIDATE,PASS,True,PASS,FORMAL_SEGMENT_SAFE,"[1.0945530824320724,0.16938033292548943,1.8317443484998848]","[1.094303172327797,0.16794283305758104,1.831994238509078]",0.00026015849269521614,CERTIFIED_SAFE,SEGMENT_EXACT_SAFE,EXACT_ANALYTIC_SPHERE_SEGMENT_MINIMUM,EXACT_ANALYTIC,3b318a98a454ec5c36410b3c41dfb3dd4a25b7b5a1899f1f2c939fbf24ad0e55,False,False
8f5c1a40a1f18d23b83e2612b21af672384a98cd3d45e203f84ce970f8de00af,PR87_ACTIVATED_ONE_STEP,PR87_ACTIVATED_ONE_STEP,E1_REPLICA_GT_FINE:B1_PLUS_SWEPT_SEGMENT:3c75d7c13ee7223b0cb69a33268c796fb521a713545c13849f4836c0cbe1ef9c,ONE_STEP:0,E1_REPLICA_GT_FINE,ACTIVATED,B1_PLUS_SWEPT_SEGMENT,PRIMARY-CBF-FILTERED,EXECUTED_OR_SELECTED_HISTORICAL_CANDIDATE,PASS,True,PASS,FORMAL_SEGMENT_SAFE,"[1.0945530824320724,0.17063033292548943,1.8342443484998847]","[1.094303088505798,0.17038040323346182,1.8368693484899945]",1.3921083642049956e-05,CERTIFIED_SAFE,SEGMENT_EXACT_SAFE,EXACT_ANALYTIC_SPHERE_SEGMENT_MINIMUM,EXACT_ANALYTIC,3b318a98a454ec5c36410b3c41dfb3dd4a25b7b5a1899f1f2c939fbf24ad0e55,False,False
ac22d328014e48d613a066acbf865899fb1fdde0c2f1f77ff4e6ea2787aa4da3,PR87_ACTIVATED_ONE_STEP,PR87_ACTIVATED_ONE_STEP,E1_REPLICA_GT_FINE:B2_PLUS_TERMINAL_BACKUP:3c75d7c13ee7223b0cb69a33268c796fb521a713545c13849f4836c0cbe1ef9c,ONE_STEP:0,E1_REPLICA_GT_FINE,ACTIVATED,B2_PLUS_TERMINAL_BACKUP,PRIMARY-CBF-FILTERED,EXECUTED_OR_SELECTED_HISTORICAL_CANDIDATE,PASS,True,PASS,FORMAL_SEGMENT_SAFE,"[1.0945530824320724,0.17063033292548943,1.8342443484998847]","[1.094303088505798,0.17038040323346182,1.8368693484899945]",1.3921083642049956e-05,CERTIFIED_SAFE,SEGMENT_EXACT_SAFE,EXACT_ANALYTIC_SPHERE_SEGMENT_MINIMUM,EXACT_ANALYTIC,3b318a98a454ec5c36410b3c41dfb3dd4a25b7b5a1899f1f2c939fbf24ad0e55,False,False
0363757ac6328954efee95a6eb84a50e254e74960bc33bd857a925c28b7ce334,PR87_ACTIVATED_ONE_STEP,PR87_ACTIVATED_ONE_STEP,E1_REPLICA_GT_FINE:B3_FULL_UNIFIED_WITH_DIRECTIONAL_ALTERNATIVES:3c75d7c13ee7223b0cb69a33268c796fb521a713545c13849f4836c0cbe1ef9c,ONE_STEP:0,E1_REPLICA_GT_FINE,ACTIVATED,B3_FULL_UNIFIED_WITH_DIRECTIONAL_ALTERNATIVES,PRIMARY-CBF-FILTERED,EXECUTED_OR_SELECTED_HISTORICAL_CANDIDATE,PASS,True,PASS,FORMAL_SEGMENT_SAFE,"[1.0945530824320724,0.17063033292548943,1.8342443484998847]","[1.094303088505798,0.17038040323346182,1.8368693484899945]",1.3921083642049956e-05,CERTIFIED_SAFE,SEGMENT_EXACT_SAFE,EXACT_ANALYTIC_SPHERE_SEGMENT_MINIMUM,EXACT_ANALYTIC,3b318a98a454ec5c36410b3c41dfb3dd4a25b7b5a1899f1f2c939fbf24ad0e55,False,False
e987190a353bf37a006b8949b5b1b5db7497f0cc8c611a3b378e90116e2f57b8,PR87_ACTIVATED_ONE_STEP,PR87_ACTIVATED_ONE_STEP,E1_REPLICA_GT_FINE:B1_PLUS_SWEPT_SEGMENT:3e4db02c9f634aaf69d33ddd33cbaa76acad1e73ffda432a23a30547cae8792c,ONE_STEP:0,E1_REPLICA_GT_FINE,ACTIVATED,B1_PLUS_SWEPT_SEGMENT,PRIMARY-CBF-FILTERED,EXECUTED_OR_SELECTED_HISTORICAL_CANDIDATE,PASS,True,PASS,FORMAL_SEGMENT_SAFE,"[1.0945530824320724,0.16813033292548943,1.8317443484998848]","[1.094303149812267,0.1655053329258719,1.8319942809853647]",0.0005223952212318229,CERTIFIED_SAFE,SEGMENT_EXACT_SAFE,EXACT_ANALYTIC_SPHERE_SEGMENT_MINIMUM,EXACT_ANALYTIC,3b318a98a454ec5c36410b3c41dfb3dd4a25b7b5a1899f1f2c939fbf24ad0e55,False,False
ebe4c1cceddf81d1b04a4dbb56c44716f1175834c428d9df29eb43e2575c306b,PR87_ACTIVATED_ONE_STEP,PR87_ACTIVATED_ONE_STEP,E1_REPLICA_GT_FINE:B2_PLUS_TERMINAL_BACKUP:3e4db02c9f634aaf69d33ddd33cbaa76acad1e73ffda432a23a30547cae8792c,ONE_STEP:0,E1_REPLICA_GT_FINE,ACTIVATED,B2_PLUS_TERMINAL_BACKUP,PRIMARY-CBF-FILTERED,EXECUTED_OR_SELECTED_HISTORICAL_CANDIDATE,PASS,True,PASS,FORMAL_SEGMENT_SAFE,"[1.0945530824320724,0.16813033292548943,1.8317443484998848]","[1.094303149812267,0.1655053329258719,1.8319942809853647]",0.0005223952212318229,CERTIFIED_SAFE,SEGMENT_EXACT_SAFE,EXACT_ANALYTIC_SPHERE_SEGMENT_MINIMUM,EXACT_ANALYTIC,3b318a98a454ec5c36410b3c41dfb3dd4a25b7b5a1899f1f2c939fbf24ad0e55,False,False
cf777364c11973ded3ed9dc8bfb355044e80d2041dd3f660ab111b3cd4eb5b93,PR87_ACTIVATED_ONE_STEP,PR87_ACTIVATED_ONE_STEP,E1_REPLICA_GT_FINE:B3_FULL_UNIFIED_WITH_DIRECTIONAL_ALTERNATIVES:3e4db02c9f634aaf69d33ddd33cbaa76acad1e73ffda432a23a30547cae8792c,ONE_STEP:0,E1_REPLICA_GT_FINE,ACTIVATED,B3_FULL_UNIFIED_WITH_DIRECTIONAL_ALTERNATIVES,PRIMARY-CBF-FILTERED,EXECUTED_OR_SELECTED_HISTORICAL_CANDIDATE,PASS,True,PASS,FORMAL_SEGMENT_SAFE,"[1.0945530824320724,0.16813033292548943,1.8317443484998848]","[1.094303149812267,0.1655053329258719,1.8319942809853647]",0.0005223952212318229,CERTIFIED_SAFE,SEGMENT_EXACT_SAFE,EXACT_ANALYTIC_SPHERE_SEGMENT_MINIMUM,EXACT_ANALYTIC,3b318a98a454ec5c36410b3c41dfb3dd4a25b7b5a1899f1f2c939fbf24ad0e55,False,False
59f4a57fe43322c2f9b34c03273c5903b3c31d21081a5cbc4378b2dc941496f4,PR87_ACTIVATED_ONE_STEP,PR87_ACTIVATED_ONE_STEP,E1_REPLICA_GT_FINE:B1_PLUS_SWEPT_SEGMENT:40e848a70950a9b08c6039a12d53b71dadd89815d0bdc4d81621dcec92c82558,ONE_STEP:0,E1_REPLICA_GT_FINE,ACTIVATED,B1_PLUS_SWEPT_SEGMENT,PRIMARY-CBF-FILTERED,EXECUTED_OR_SELECTED_HISTORICAL_CANDIDATE,PASS,True,PASS,FORMAL_SEGMENT_SAFE,"[1.0945530824320724,0.16563033292548943,1.8317443484998848]","[1.0943030942089598,0.16063039171648702,1.8319942770212818]",0.001056096417415841,CERTIFIED_SAFE,SEGMENT_EXACT_SAFE,EXACT_ANALYTIC_SPHERE_SEGMENT_MINIMUM,EXACT_ANALYTIC,3b318a98a454ec5c36410b3c41dfb3dd4a25b7b5a1899f1f2c939fbf24ad0e55,False,False
8b21422024d9b3a749678ecca1a0a24b350a9c6299435cedadd4119144767078,PR87_ACTIVATED_ONE_STEP,PR87_ACTIVATED_ONE_STEP,E1_REPLICA_GT_FINE:B2_PLUS_TERMINAL_BACKUP:40e848a70950a9b08c6039a12d53b71dadd89815d0bdc4d81621dcec92c82558,ONE_STEP:0,E1_REPLICA_GT_FINE,ACTIVATED,B2_PLUS_TERMINAL_BACKUP,PRIMARY-CBF-FILTERED,EXECUTED_OR_SELECTED_HISTORICAL_CANDIDATE,PASS,True,PASS,FORMAL_SEGMENT_SAFE,"[1.0945530824320724,0.16563033292548943,1.8317443484998848]","[1.0943030942089598,0.16063039171648702,1.8319942770212818]",0.001056096417415841,CERTIFIED_SAFE,SEGMENT_EXACT_SAFE,EXACT_ANALYTIC_SPHERE_SEGMENT_MINIMUM,EXACT_ANALYTIC,3b318a98a454ec5c36410b3c41dfb3dd4a25b7b5a1899f1f2c939fbf24ad0e55,False,False
d06578c6886f038afc04e55a630dafdcfe54c49969bb12406262233a21093284,PR87_ACTIVATED_ONE_STEP,PR87_ACTIVATED_ONE_STEP,E1_REPLICA_GT_FINE:B3_FULL_UNIFIED_WITH_DIRECTIONAL_ALTERNATIVES:40e848a70950a9b08c6039a12d53b71dadd89815d0bdc4d81621dcec92c82558,ONE_STEP:0,E1_REPLICA_GT_FINE,ACTIVATED,B3_FULL_UNIFIED_WITH_DIRECTIONAL_ALTERNATIVES,PRIMARY-CBF-FILTERED,EXECUTED_OR_SELECTED_HISTORICAL_CANDIDATE,PASS,True,PASS,FORMAL_SEGMENT_SAFE,"[1.0945530824320724,0.16563033292548943,1.8317443484998848]","[1.0943030942089598,0.16063039171648702,1.8319942770212818]",0.001056096417415841,CERTIFIED_SAFE,SEGMENT_EXACT_SAFE,EXACT_ANALYTIC_SPHERE_SEGMENT_MINIMUM,EXACT_ANALYTIC,3b318a98a454ec5c36410b3c41dfb3dd4a25b7b5a1899f1f2c939fbf24ad0e55,False,False
1105f3ebabb0ff7dfbe08377a41ebb6352fe7a028956c9b17ea926555de7f031,PR87_ACTIVATED_ONE_STEP,PR87_ACTIVATED_ONE_STEP,E1_REPLICA_GT_FINE:B1_PLUS_SWEPT_SEGMENT:4d7f5c7988bc467defc6a090b8cfa31b62a73a6c022d1273d791e429d981965b,ONE_STEP:0,E1_REPLICA_GT_FINE,ACTIVATED,B1_PLUS_SWEPT_SEGMENT,PRIMARY-CBF-FILTERED,EXECUTED_OR_SELECTED_HISTORICAL_CANDIDATE,PASS,True,PASS,FORMAL_SEGMENT_SAFE,"[1.0945530824320724,0.17063033292548943,1.8367443484998847]","[1.0944766870875817,0.17038033293412058,1.841533893291203]",3.764024437107223e-05,CERTIFIED_SAFE,SEGMENT_EXACT_SAFE,EXACT_ANALYTIC_SPHERE_SEGMENT_MINIMUM,EXACT_ANALYTIC,3b318a98a454ec5c36410b3c41dfb3dd4a25b7b5a1899f1f2c939fbf24ad0e55,False,False
f5e55db34b9511bc706f7e55bc1692d662dfb6814b8150de5d06e5f8e699da17,PR87_ACTIVATED_ONE_STEP,PR87_ACTIVATED_ONE_STEP,E1_REPLICA_GT_FINE:B2_PLUS_TERMINAL_BACKUP:4d7f5c7988bc467defc6a090b8cfa31b62a73a6c022d1273d791e429d981965b,ONE_STEP:0,E1_REPLICA_GT_FINE,ACTIVATED,B2_PLUS_TERMINAL_BACKUP,PRIMARY-CBF-FILTERED,EXECUTED_OR_SELECTED_HISTORICAL_CANDIDATE,PASS,True,PASS,FORMAL_SEGMENT_SAFE,"[1.0945530824320724,0.17063033292548943,1.8367443484998847]","[1.0944766870875817,0.17038033293412058,1.841533893291203]",3.764024437107223e-05,CERTIFIED_SAFE,SEGMENT_EXACT_SAFE,EXACT_ANALYTIC_SPHERE_SEGMENT_MINIMUM,EXACT_ANALYTIC,3b318a98a454ec5c36410b3c41dfb3dd4a25b7b5a1899f1f2c939fbf24ad0e55,False,False
b70ec803312ec1dd3474ffc41257a429f588d9d8fe530c592494927c4b88b900,PR87_ACTIVATED_ONE_STEP,PR87_ACTIVATED_ONE_STEP,E1_REPLICA_GT_FINE:B3_FULL_UNIFIED_WITH_DIRECTIONAL_ALTERNATIVES:4d7f5c7988bc467defc6a090b8cfa31b62a73a6c022d1273d791e429d981965b,ONE_STEP:0,E1_REPLICA_GT_FINE,ACTIVATED,B3_FULL_UNIFIED_WITH_DIRECTIONAL_ALTERNATIVES,PRIMARY-CBF-FILTERED,EXECUTED_OR_SELECTED_HISTORICAL_CANDIDATE,PASS,True,PASS,FORMAL_SEGMENT_SAFE,"[1.0945530824320724,0.17063033292548943,1.8367443484998847]","[1.0944766870875817,0.17038033293412058,1.841533893291203]",3.764024437107223e-05,CERTIFIED_SAFE,SEGMENT_EXACT_SAFE,EXACT_ANALYTIC_SPHERE_SEGMENT_MINIMUM,EXACT_ANALYTIC,3b318a98a454ec5c36410b3c41dfb3dd4a25b7b5a1899f1f2c939fbf24ad0e55,False,False
515572c1a2d10ed10683cd90dc74b546e7cdfe732619d409d860fb0c3eb5548f,PR87_ACTIVATED_ONE_STEP,PR87_ACTIVATED_ONE_STEP,E1_REPLICA_GT_FINE:B1_PLUS_SWEPT_SEGMENT:51c3250208358e100fdf3ff8090d555d59b84fd9cb72f18175425cf52f99d9b7,ONE_STEP:0,E1_REPLICA_GT_FINE,ACTIVATED,B1_PLUS_SWEPT_SEGMENT,PRIMARY-CBF-FILTERED,EXECUTED_OR_SELECTED_HISTORICAL_CANDIDATE,PASS,True,PASS,FORMAL_SEGMENT_SAFE,"[1.0958030824320724,0.17063033292548943,1.8317443484998848]","[1.0968030963565067,0.17038043141293346,1.831994331805523]",9.852699237944754e-05,CERTIFIED_SAFE,SEGMENT_EXACT_SAFE,EXACT_ANALYTIC_SPHERE_SEGMENT_MINIMUM,EXACT_ANALYTIC,3b318a98a454ec5c36410b3c41dfb3dd4a25b7b5a1899f1f2c939fbf24ad0e55,False,False
8dccd37535e822db5b79e7252f9cf68d485b69f5473fd9ebf30fb10ff8f71767,PR87_ACTIVATED_ONE_STEP,PR87_ACTIVATED_ONE_STEP,E1_REPLICA_GT_FINE:B2_PLUS_TERMINAL_BACKUP:51c3250208358e100fdf3ff8090d555d59b84fd9cb72f18175425cf52f99d9b7,ONE_STEP:0,E1_REPLICA_GT_FINE,ACTIVATED,B2_PLUS_TERMINAL_BACKUP,PRIMARY-CBF-FILTERED,EXECUTED_OR_SELECTED_HISTORICAL_CANDIDATE,PASS,True,PASS,FORMAL_SEGMENT_SAFE,"[1.0958030824320724,0.17063033292548943,1.8317443484998848]","[1.0968030963565067,0.17038043141293346,1.831994331805523]",9.852699237944754e-05,CERTIFIED_SAFE,SEGMENT_EXACT_SAFE,EXACT_ANALYTIC_SPHERE_SEGMENT_MINIMUM,EXACT_ANALYTIC,3b318a98a454ec5c36410b3c41dfb3dd4a25b7b5a1899f1f2c939fbf24ad0e55,False,False
71a6ba462251902b8a08757bd8f1bc31899b5f34e1b90f53926805fb04425d92,PR87_ACTIVATED_ONE_STEP,PR87_ACTIVATED_ONE_STEP,E1_REPLICA_GT_FINE:B3_FULL_UNIFIED_WITH_DIRECTIONAL_ALTERNATIVES:51c3250208358e100fdf3ff8090d555d59b84fd9cb72f18175425cf52f99d9b7,ONE_STEP:0,E1_REPLICA_GT_FINE,ACTIVATED,B3_FULL_UNIFIED_WITH_DIRECTIONAL_ALTERNATIVES,PRIMARY-CBF-FILTERED,EXECUTED_OR_SELECTED_HISTORICAL_CANDIDATE,PASS,True,PASS,FORMAL_SEGMENT_SAFE,"[1.0958030824320724,0.17063033292548943,1.8317443484998848]","[1.0968030963565067,0.17038043141293346,1.831994331805523]",9.852699237944754e-05,CERTIFIED_SAFE,SEGMENT_EXACT_SAFE,EXACT_ANALYTIC_SPHERE_SEGMENT_MINIMUM,EXACT_ANALYTIC,3b318a98a454ec5c36410b3c41dfb3dd4a25b7b5a1899f1f2c939fbf24ad0e55,False,False
fed1c0d443295cff1f6438bb3829a4077abbe6618974b82b72468463183db610,PR87_ACTIVATED_ONE_STEP,PR87_ACTIVATED_ONE_STEP,E1_REPLICA_GT_FINE:B1_PLUS_SWEPT_SEGMENT:67488e99a304e8c46139402ea461364083d17399e3ebb9cd99516fe4897353b8,ONE_STEP:0,E1_REPLICA_GT_FINE,ACTIVATED,B1_PLUS_SWEPT_SEGMENT,PRIMARY-CBF-FILTERED,EXECUTED_OR_SELECTED_HISTORICAL_CANDIDATE,PASS,True,PASS,FORMAL_SEGMENT_SAFE,"[1.0995530824320723,0.17063033292548943,1.8317443484998848]","[1.104303135668924,0.17038047224756897,1.8319943015258329]",0.0004076593781525018,CERTIFIED_SAFE,SEGMENT_EXACT_SAFE,EXACT_ANALYTIC_SPHERE_SEGMENT_MINIMUM,EXACT_ANALYTIC,3b318a98a454ec5c36410b3c41dfb3dd4a25b7b5a1899f1f2c939fbf24ad0e55,False,False
8cc7605a8d2cdc5510d0f8d0f0da700f28ffadb48ad1495f07aac5100cb7aa56,PR87_ACTIVATED_ONE_STEP,PR87_ACTIVATED_ONE_STEP,E1_REPLICA_GT_FINE:B2_PLUS_TERMINAL_BACKUP:67488e99a304e8c46139402ea461364083d17399e3ebb9cd99516fe4897353b8,ONE_STEP:0,E1_REPLICA_GT_FINE,ACTIVATED,B2_PLUS_TERMINAL_BACKUP,PRIMARY-CBF-FILTERED,EXECUTED_OR_SELECTED_HISTORICAL_CANDIDATE,PASS,True,PASS,FORMAL_SEGMENT_SAFE,"[1.0995530824320723,0.17063033292548943,1.8317443484998848]","[1.104303135668924,0.17038047224756897,1.8319943015258329]",0.0004076593781525018,CERTIFIED_SAFE,SEGMENT_EXACT_SAFE,EXACT_ANALYTIC_SPHERE_SEGMENT_MINIMUM,EXACT_ANALYTIC,3b318a98a454ec5c36410b3c41dfb3dd4a25b7b5a1899f1f2c939fbf24ad0e55,False,False
16872fdb0d778690918834ce2f1f43075acae7f20a9025e81fcb337e6fec5f37,PR87_ACTIVATED_ONE_STEP,PR87_ACTIVATED_ONE_STEP,E1_REPLICA_GT_FINE:B3_FULL_UNIFIED_WITH_DIRECTIONAL_ALTERNATIVES:67488e99a304e8c46139402ea461364083d17399e3ebb9cd99516fe4897353b8,ONE_STEP:0,E1_REPLICA_GT_FINE,ACTIVATED,B3_FULL_UNIFIED_WITH_DIRECTIONAL_ALTERNATIVES,PRIMARY-CBF-FILTERED,EXECUTED_OR_SELECTED_HISTORICAL_CANDIDATE,PASS,True,PASS,FORMAL_SEGMENT_SAFE,"[1.0995530824320723,0.17063033292548943,1.8317443484998848]","[1.104303135668924,0.17038047224756897,1.8319943015258329]",0.0004076593781525018,CERTIFIED_SAFE,SEGMENT_EXACT_SAFE,EXACT_ANALYTIC_SPHERE_SEGMENT_MINIMUM,EXACT_ANALYTIC,3b318a98a454ec5c36410b3c41dfb3dd4a25b7b5a1899f1f2c939fbf24ad0e55,False,False
38c805c460453ca77f67f634b79790277da66c60c29d1c81eb21bb2b973ac64e,PR87_ACTIVATED_ONE_STEP,PR87_ACTIVATED_ONE_STEP,E1_REPLICA_GT_FINE:B1_PLUS_SWEPT_SEGMENT:7372c8b90d808f1c20691dc5727f846337e8d2a6e61e2957532dea5885289dd4,ONE_STEP:0,E1_REPLICA_GT_FINE,ACTIVATED,B1_PLUS_SWEPT_SEGMENT,PRIMARY-CBF-FILTERED,EXECUTED_OR_SELECTED_HISTORICAL_CANDIDATE,PASS,True,PASS,FORMAL_SEGMENT_SAFE,"[1.0962256066051104,0.16592002116255455,1.8318693524460654]","[1.097648272359617,0.16119522498482988,1.8322381055474548]",0.0011258281337299513,CERTIFIED_SAFE,SEGMENT_EXACT_SAFE,EXACT_ANALYTIC_SPHERE_SEGMENT_MINIMUM,EXACT_ANALYTIC,3b318a98a454ec5c36410b3c41dfb3dd4a25b7b5a1899f1f2c939fbf24ad0e55,False,False
ac1bedbca4a68cc059c750a8d49adb682564a9d6f6b999696caf851d5178ffa0,PR87_ACTIVATED_ONE_STEP,PR87_ACTIVATED_ONE_STEP,E1_REPLICA_GT_FINE:B2_PLUS_TERMINAL_BACKUP:7372c8b90d808f1c20691dc5727f846337e8d2a6e61e2957532dea5885289dd4,ONE_STEP:0,E1_REPLICA_GT_FINE,ACTIVATED,B2_PLUS_TERMINAL_BACKUP,PRIMARY-CBF-FILTERED,EXECUTED_OR_SELECTED_HISTORICAL_CANDIDATE,PASS,True,PASS,FORMAL_SEGMENT_SAFE,"[1.0962256066051104,0.16592002116255455,1.8318693524460654]","[1.097648272359617,0.16119522498482988,1.8322381055474548]",0.0011258281337299513,CERTIFIED_SAFE,SEGMENT_EXACT_SAFE,EXACT_ANALYTIC_SPHERE_SEGMENT_MINIMUM,EXACT_ANALYTIC,3b318a98a454ec5c36410b3c41dfb3dd4a25b7b5a1899f1f2c939fbf24ad0e55,False,False
5c6fd1d5abb459c71d9bb1a1b39a6f1ddb9f7261094aade1298695e3c571c20b,PR87_ACTIVATED_ONE_STEP,PR87_ACTIVATED_ONE_STEP,E1_REPLICA_GT_FINE:B3_FULL_UNIFIED_WITH_DIRECTIONAL_ALTERNATIVES:7372c8b90d808f1c20691dc5727f846337e8d2a6e61e2957532dea5885289dd4,ONE_STEP:0,E1_REPLICA_GT_FINE,ACTIVATED,B3_FULL_UNIFIED_WITH_DIRECTIONAL_ALTERNATIVES,PRIMARY-CBF-FILTERED,EXECUTED_OR_SELECTED_HISTORICAL_CANDIDATE,PASS,True,PASS,FORMAL_SEGMENT_SAFE,"[1.0962256066051104,0.16592002116255455,1.8318693524460654]","[1.097648272359617,0.16119522498482988,1.8322381055474548]",0.0011258281337299513,CERTIFIED_SAFE,SEGMENT_EXACT_SAFE,EXACT_ANALYTIC_SPHERE_SEGMENT_MINIMUM,EXACT_ANALYTIC,3b318a98a454ec5c36410b3c41dfb3dd4a25b7b5a1899f1f2c939fbf24ad0e55,False,False
f3611ac276eb336bba085c27ac808448e7098cb1d8c885d59cd00e2b4784b1f8,PR87_ACTIVATED_ONE_STEP,PR87_ACTIVATED_ONE_STEP,E1_REPLICA_GT_FINE:B1_PLUS_SWEPT_SEGMENT:7c81c8300c444f11063dd4534e17c925bc0d1850fa7dc9752318a41c9fd6670b,ONE_STEP:0,E1_REPLICA_GT_FINE,ACTIVATED,B1_PLUS_SWEPT_SEGMENT,PRIMARY-CBF-FILTERED,EXECUTED_OR_SELECTED_HISTORICAL_CANDIDATE,PASS,True,PASS,FORMAL_SEGMENT_SAFE,"[1.0945530824320724,0.16688033292548943,1.8317443484998848]","[1.0943031627820121,0.16306783292341653,1.8319942747543283]",0.000787707422487717,CERTIFIED_SAFE,SEGMENT_EXACT_SAFE,EXACT_ANALYTIC_SPHERE_SEGMENT_MINIMUM,EXACT_ANALYTIC,3b318a98a454ec5c36410b3c41dfb3dd4a25b7b5a1899f1f2c939fbf24ad0e55,False,False
4441efeb7afd6f91153009a66f3e4a1d353e5b6a43d48bc6cc5615ee31ae2f7a,PR87_ACTIVATED_ONE_STEP,PR87_ACTIVATED_ONE_STEP,E1_REPLICA_GT_FINE:B2_PLUS_TERMINAL_BACKUP:7c81c8300c444f11063dd4534e17c925bc0d1850fa7dc9752318a41c9fd6670b,ONE_STEP:0,E1_REPLICA_GT_FINE,ACTIVATED,B2_PLUS_TERMINAL_BACKUP,PRIMARY-CBF-FILTERED,EXECUTED_OR_SELECTED_HISTORICAL_CANDIDATE,PASS,True,PASS,FORMAL_SEGMENT_SAFE,"[1.0945530824320724,0.16688033292548943,1.8317443484998848]","[1.0943031627820121,0.16306783292341653,1.8319942747543283]",0.000787707422487717,CERTIFIED_SAFE,SEGMENT_EXACT_SAFE,EXACT_ANALYTIC_SPHERE_SEGMENT_MINIMUM,EXACT_ANALYTIC,3b318a98a454ec5c36410b3c41dfb3dd4a25b7b5a1899f1f2c939fbf24ad0e55,False,False
fd1c1ac7cd59c17aaa215b970458b9b02cda906db969811c00b4ec132f2777df,PR87_ACTIVATED_ONE_STEP,PR87_ACTIVATED_ONE_STEP,E1_REPLICA_GT_FINE:B3_FULL_UNIFIED_WITH_DIRECTIONAL_ALTERNATIVES:7c81c8300c444f11063dd4534e17c925bc0d1850fa7dc9752318a41c9fd6670b,ONE_STEP:0,E1_REPLICA_GT_FINE,ACTIVATED,B3_FULL_UNIFIED_WITH_DIRECTIONAL_ALTERNATIVES,PRIMARY-CBF-FILTERED,EXECUTED_OR_SELECTED_HISTORICAL_CANDIDATE,PASS,True,PASS,FORMAL_SEGMENT_SAFE,"[1.0945530824320724,0.16688033292548943,1.8317443484998848]","[1.0943031627820121,0.16306783292341653,1.8319942747543283]",0.000787707422487717,CERTIFIED_SAFE,SEGMENT_EXACT_SAFE,EXACT_ANALYTIC_SPHERE_SEGMENT_MINIMUM,EXACT_ANALYTIC,3b318a98a454ec5c36410b3c41dfb3dd4a25b7b5a1899f1f2c939fbf24ad0e55,False,False
db6183b6b0427d96e3bf4313ed963980a04844769c6aac5183ea2df7ee7bf671,PR87_ACTIVATED_ONE_STEP,PR87_ACTIVATED_ONE_STEP,E1_REPLICA_GT_FINE:B1_PLUS_SWEPT_SEGMENT:7ef9955d2c51727795afaee9529605e7b06bec4789fad385eac2753e2a6391d3,ONE_STEP:0,E1_REPLICA_GT_FINE,ACTIVATED,B1_PLUS_SWEPT_SEGMENT,PRIMARY-CBF-FILTERED,EXECUTED_OR_SELECTED_HISTORICAL_CANDIDATE,PASS,True,PASS,FORMAL_SEGMENT_SAFE,"[1.0935186734152667,0.16868667212813465,1.832928485607984]","[1.0922859848499613,0.1665901943724467,1.8343034158606397]",0.00033128046389860506,CERTIFIED_SAFE,SEGMENT_EXACT_SAFE,EXACT_ANALYTIC_SPHERE_SEGMENT_MINIMUM,EXACT_ANALYTIC,3b318a98a454ec5c36410b3c41dfb3dd4a25b7b5a1899f1f2c939fbf24ad0e55,False,False
82a6d7a98e1d51a95d2fb28864c7e79e179b23af1521d9ee1f3ff58a1748ece0,PR87_ACTIVATED_ONE_STEP,PR87_ACTIVATED_ONE_STEP,E1_REPLICA_GT_FINE:B2_PLUS_TERMINAL_BACKUP:7ef9955d2c51727795afaee9529605e7b06bec4789fad385eac2753e2a6391d3,ONE_STEP:0,E1_REPLICA_GT_FINE,ACTIVATED,B2_PLUS_TERMINAL_BACKUP,PRIMARY-CBF-FILTERED,EXECUTED_OR_SELECTED_HISTORICAL_CANDIDATE,PASS,True,PASS,FORMAL_SEGMENT_SAFE,"[1.0935186734152667,0.16868667212813465,1.832928485607984]","[1.0922859848499613,0.1665901943724467,1.8343034158606397]",0.00033128046389860506,CERTIFIED_SAFE,SEGMENT_EXACT_SAFE,EXACT_ANALYTIC_SPHERE_SEGMENT_MINIMUM,EXACT_ANALYTIC,3b318a98a454ec5c36410b3c41dfb3dd4a25b7b5a1899f1f2c939fbf24ad0e55,False,False
7da37fc2efa44ee783703c783190c44fc99956ba092cd09b5fbaa2e2fe433a86,PR87_ACTIVATED_ONE_STEP,PR87_ACTIVATED_ONE_STEP,E1_REPLICA_GT_FINE:B3_FULL_UNIFIED_WITH_DIRECTIONAL_ALTERNATIVES:7ef9955d2c51727795afaee9529605e7b06bec4789fad385eac2753e2a6391d3,ONE_STEP:0,E1_REPLICA_GT_FINE,ACTIVATED,B3_FULL_UNIFIED_WITH_DIRECTIONAL_ALTERNATIVES,PRIMARY-CBF-FILTERED,EXECUTED_OR_SELECTED_HISTORICAL_CANDIDATE,PASS,True,PASS,FORMAL_SEGMENT_SAFE,"[1.0935186734152667,0.16868667212813465,1.832928485607984]","[1.0922859848499613,0.1665901943724467,1.8343034158606397]",0.00033128046389860506,CERTIFIED_SAFE,SEGMENT_EXACT_SAFE,EXACT_ANALYTIC_SPHERE_SEGMENT_MINIMUM,EXACT_ANALYTIC,3b318a98a454ec5c36410b3c41dfb3dd4a25b7b5a1899f1f2c939fbf24ad0e55,False,False
74d322d15f79c200d69004f7f04805ce8090ae461ef2030e170e423bb40b6e92,PR87_ACTIVATED_ONE_STEP,PR87_ACTIVATED_ONE_STEP,E1_REPLICA_GT_FINE:B1_PLUS_SWEPT_SEGMENT:b0c82abc83530dfeadb43749dae9a5ab8a2fb7a22c2775708737d322e54b80bc,ONE_STEP:0,E1_REPLICA_GT_FINE,ACTIVATED,B1_PLUS_SWEPT_SEGMENT,PRIMARY-CBF-FILTERED,EXECUTED_OR_SELECTED_HISTORICAL_CANDIDATE,PASS,True,PASS,FORMAL_SEGMENT_SAFE,"[1.0983030824320723,0.17063033292548943,1.8317443484998848]","[1.1018031646590367,0.17038040082458547,1.8319943286755036]",0.0003018548130901289,CERTIFIED_SAFE,SEGMENT_EXACT_SAFE,EXACT_ANALYTIC_SPHERE_SEGMENT_MINIMUM,EXACT_ANALYTIC,3b318a98a454ec5c36410b3c41dfb3dd4a25b7b5a1899f1f2c939fbf24ad0e55,False,False
0a4ba72a955243b89b2add938968e05d2bad8104786910e9c5efde63ed8a6db9,PR87_ACTIVATED_ONE_STEP,PR87_ACTIVATED_ONE_STEP,E1_REPLICA_GT_FINE:B2_PLUS_TERMINAL_BACKUP:b0c82abc83530dfeadb43749dae9a5ab8a2fb7a22c2775708737d322e54b80bc,ONE_STEP:0,E1_REPLICA_GT_FINE,ACTIVATED,B2_PLUS_TERMINAL_BACKUP,PRIMARY-CBF-FILTERED,EXECUTED_OR_SELECTED_HISTORICAL_CANDIDATE,PASS,True,PASS,FORMAL_SEGMENT_SAFE,"[1.0983030824320723,0.17063033292548943,1.8317443484998848]","[1.1018031646590367,0.17038040082458547,1.8319943286755036]",0.0003018548130901289,CERTIFIED_SAFE,SEGMENT_EXACT_SAFE,EXACT_ANALYTIC_SPHERE_SEGMENT_MINIMUM,EXACT_ANALYTIC,3b318a98a454ec5c36410b3c41dfb3dd4a25b7b5a1899f1f2c939fbf24ad0e55,False,False
538dbe16a8844f31055691bedafb4b4655035a4d37285e3b137d6a905b6dddc8,PR87_ACTIVATED_ONE_STEP,PR87_ACTIVATED_ONE_STEP,E1_REPLICA_GT_FINE:B3_FULL_UNIFIED_WITH_DIRECTIONAL_ALTERNATIVES:b0c82abc83530dfeadb43749dae9a5ab8a2fb7a22c2775708737d322e54b80bc,ONE_STEP:0,E1_REPLICA_GT_FINE,ACTIVATED,B3_FULL_UNIFIED_WITH_DIRECTIONAL_ALTERNATIVES,PRIMARY-CBF-FILTERED,EXECUTED_OR_SELECTED_HISTORICAL_CANDIDATE,PASS,True,PASS,FORMAL_SEGMENT_SAFE,"[1.0983030824320723,0.17063033292548943,1.8317443484998848]","[1.1018031646590367,0.17038040082458547,1.8319943286755036]",0.0003018548130901289,CERTIFIED_SAFE,SEGMENT_EXACT_SAFE,EXACT_ANALYTIC_SPHERE_SEGMENT_MINIMUM,EXACT_ANALYTIC,3b318a98a454ec5c36410b3c41dfb3dd4a25b7b5a1899f1f2c939fbf24ad0e55,False,False
2c4a30860210b55ce99b8c579a7da9638c44d161b5c93f8f9764e2faae9bf3e2,PR87_ACTIVATED_ONE_STEP,PR87_ACTIVATED_ONE_STEP,E1_REPLICA_GT_FINE:B1_PLUS_SWEPT_SEGMENT:b472fcd9bd787199dc83cf4daba89f2899c434b3543cd023f38b1685703637f0,ONE_STEP:0,E1_REPLICA_GT_FINE,ACTIVATED,B1_PLUS_SWEPT_SEGMENT,PRIMARY-CBF-FILTERED,EXECUTED_OR_SELECTED_HISTORICAL_CANDIDATE,PASS,True,PASS,FORMAL_SEGMENT_SAFE,"[1.0945530824320724,0.17063033292548943,1.8329943484998847]","[1.0943030976319903,0.17038041736133278,1.8344318484998416]",6.1094265284313e-06,CERTIFIED_SAFE,SEGMENT_EXACT_SAFE,EXACT_ANALYTIC_SPHERE_SEGMENT_MINIMUM,EXACT_ANALYTIC,3b318a98a454ec5c36410b3c41dfb3dd4a25b7b5a1899f1f2c939fbf24ad0e55,False,False
af4b277eb6928457e84d3f5ea52c724da6caa6557b0fc3eb9a98277322767963,PR87_ACTIVATED_ONE_STEP,PR87_ACTIVATED_ONE_STEP,E1_REPLICA_GT_FINE:B2_PLUS_TERMINAL_BACKUP:b472fcd9bd787199dc83cf4daba89f2899c434b3543cd023f38b1685703637f0,ONE_STEP:0,E1_REPLICA_GT_FINE,ACTIVATED,B2_PLUS_TERMINAL_BACKUP,PRIMARY-CBF-FILTERED,EXECUTED_OR_SELECTED_HISTORICAL_CANDIDATE,PASS,True,PASS,FORMAL_SEGMENT_SAFE,"[1.0945530824320724,0.17063033292548943,1.8329943484998847]","[1.0943030976319903,0.17038041736133278,1.8344318484998416]",6.1094265284313e-06,CERTIFIED_SAFE,SEGMENT_EXACT_SAFE,EXACT_ANALYTIC_SPHERE_SEGMENT_MINIMUM,EXACT_ANALYTIC,3b318a98a454ec5c36410b3c41dfb3dd4a25b7b5a1899f1f2c939fbf24ad0e55,False,False
12bfdc0e7faa987dfca0d4da38dec5db6fe57f34744a5228ee3b84e3c9c8ee9d,PR87_ACTIVATED_ONE_STEP,PR87_ACTIVATED_ONE_STEP,E1_REPLICA_GT_FINE:B3_FULL_UNIFIED_WITH_DIRECTIONAL_ALTERNATIVES:b472fcd9bd787199dc83cf4daba89f2899c434b3543cd023f38b1685703637f0,ONE_STEP:0,E1_REPLICA_GT_FINE,ACTIVATED,B3_FULL_UNIFIED_WITH_DIRECTIONAL_ALTERNATIVES,PRIMARY-CBF-FILTERED,EXECUTED_OR_SELECTED_HISTORICAL_CANDIDATE,PASS,True,PASS,FORMAL_SEGMENT_SAFE,"[1.0945530824320724,0.17063033292548943,1.8329943484998847]","[1.0943030976319903,0.17038041736133278,1.8344318484998416]",6.1094265284313e-06,CERTIFIED_SAFE,SEGMENT_EXACT_SAFE,EXACT_ANALYTIC_SPHERE_SEGMENT_MINIMUM,EXACT_ANALYTIC,3b318a98a454ec5c36410b3c41dfb3dd4a25b7b5a1899f1f2c939fbf24ad0e55,False,False
e950f5a72c9babe6d0e8cb4ea3e0d31970d0305b2a9410323b0fd0f5fd243a59,PR87_ACTIVATED_ONE_STEP,PR87_ACTIVATED_ONE_STEP,E1_REPLICA_GT_FINE:B1_PLUS_SWEPT_SEGMENT:b8c5d914e5f8da6402151743448ea10d7ba8a53642cf1242134e57a8eaf6b533,ONE_STEP:0,E1_REPLICA_GT_FINE,ACTIVATED,B1_PLUS_SWEPT_SEGMENT,PRIMARY-CBF-FILTERED,EXECUTED_OR_SELECTED_HISTORICAL_CANDIDATE,PASS,True,PASS,FORMAL_SEGMENT_SAFE,"[1.095807475561851,0.16709759910328828,1.8318381014595202]","[1.096811997198742,0.16349150196965462,1.8321771661826176]",0.0008399327980986217,CERTIFIED_SAFE,SEGMENT_EXACT_SAFE,EXACT_ANALYTIC_SPHERE_SEGMENT_MINIMUM,EXACT_ANALYTIC,3b318a98a454ec5c36410b3c41dfb3dd4a25b7b5a1899f1f2c939fbf24ad0e55,False,False
7d30f4f487ad526737ad6b363560ae04defb14afdc7b0bf25f4b898823563253,PR87_ACTIVATED_ONE_STEP,PR87_ACTIVATED_ONE_STEP,E1_REPLICA_GT_FINE:B2_PLUS_TERMINAL_BACKUP:b8c5d914e5f8da6402151743448ea10d7ba8a53642cf1242134e57a8eaf6b533,ONE_STEP:0,E1_REPLICA_GT_FINE,ACTIVATED,B2_PLUS_TERMINAL_BACKUP,PRIMARY-CBF-FILTERED,EXECUTED_OR_SELECTED_HISTORICAL_CANDIDATE,PASS,True,PASS,FORMAL_SEGMENT_SAFE,"[1.095807475561851,0.16709759910328828,1.8318381014595202]","[1.096811997198742,0.16349150196965462,1.8321771661826176]",0.0008399327980986217,CERTIFIED_SAFE,SEGMENT_EXACT_SAFE,EXACT_ANALYTIC_SPHERE_SEGMENT_MINIMUM,EXACT_ANALYTIC,3b318a98a454ec5c36410b3c41dfb3dd4a25b7b5a1899f1f2c939fbf24ad0e55,False,False
50bf93407a51651135234bc7e6b4bf97c74fd94482b95804d2b8cdff2269f233,PR87_ACTIVATED_ONE_STEP,PR87_ACTIVATED_ONE_STEP,E1_REPLICA_GT_FINE:B3_FULL_UNIFIED_WITH_DIRECTIONAL_ALTERNATIVES:b8c5d914e5f8da6402151743448ea10d7ba8a53642cf1242134e57a8eaf6b533,ONE_STEP:0,E1_REPLICA_GT_FINE,ACTIVATED,B3_FULL_UNIFIED_WITH_DIRECTIONAL_ALTERNATIVES,PRIMARY-CBF-FILTERED,EXECUTED_OR_SELECTED_HISTORICAL_CANDIDATE,PASS,True,PASS,FORMAL_SEGMENT_SAFE,"[1.095807475561851,0.16709759910328828,1.8318381014595202]","[1.096811997198742,0.16349150196965462,1.8321771661826176]",0.0008399327980986217,CERTIFIED_SAFE,SEGMENT_EXACT_SAFE,EXACT_ANALYTIC_SPHERE_SEGMENT_MINIMUM,EXACT_ANALYTIC,3b318a98a454ec5c36410b3c41dfb3dd4a25b7b5a1899f1f2c939fbf24ad0e55,False,False
af1c6ad2086340c23a703674879a7e6ad2514f30b79ac4c4440af11b0911544c,PR87_ACTIVATED_ONE_STEP,PR87_ACTIVATED_ONE_STEP,E1_REPLICA_GT_FINE:B1_PLUS_SWEPT_SEGMENT:d26f7bed3c565a9bc81a072a3ebb59f8c554dd20b021d0ea296aaecd9f6c24e9,ONE_STEP:0,E1_REPLICA_GT_FINE,ACTIVATED,B1_PLUS_SWEPT_SEGMENT,PRIMARY-CBF-FILTERED,EXECUTED_OR_SELECTED_HISTORICAL_CANDIDATE,PASS,True,PASS,FORMAL_SEGMENT_SAFE,"[1.0970530824320723,0.17063033292548943,1.8317443484998848]","[1.099303127742985,0.17038051574813515,1.8319943245946557]",0.00019881200151480177,CERTIFIED_SAFE,SEGMENT_EXACT_SAFE,EXACT_ANALYTIC_SPHERE_SEGMENT_MINIMUM,EXACT_ANALYTIC,3b318a98a454ec5c36410b3c41dfb3dd4a25b7b5a1899f1f2c939fbf24ad0e55,False,False
e5dc7404745938a25c2fb33c8a73cb70d84796d08b82857ceef4812cb9efacc5,PR87_ACTIVATED_ONE_STEP,PR87_ACTIVATED_ONE_STEP,E1_REPLICA_GT_FINE:B2_PLUS_TERMINAL_BACKUP:d26f7bed3c565a9bc81a072a3ebb59f8c554dd20b021d0ea296aaecd9f6c24e9,ONE_STEP:0,E1_REPLICA_GT_FINE,ACTIVATED,B2_PLUS_TERMINAL_BACKUP,PRIMARY-CBF-FILTERED,EXECUTED_OR_SELECTED_HISTORICAL_CANDIDATE,PASS,True,PASS,FORMAL_SEGMENT_SAFE,"[1.0970530824320723,0.17063033292548943,1.8317443484998848]","[1.099303127742985,0.17038051574813515,1.8319943245946557]",0.00019881200151480177,CERTIFIED_SAFE,SEGMENT_EXACT_SAFE,EXACT_ANALYTIC_SPHERE_SEGMENT_MINIMUM,EXACT_ANALYTIC,3b318a98a454ec5c36410b3c41dfb3dd4a25b7b5a1899f1f2c939fbf24ad0e55,False,False
922cfe49073f48b75a63b8bfd49b86498d9905b9c068f991dc5de3e1539f0f3f,PR87_ACTIVATED_ONE_STEP,PR87_ACTIVATED_ONE_STEP,E1_REPLICA_GT_FINE:B3_FULL_UNIFIED_WITH_DIRECTIONAL_ALTERNATIVES:d26f7bed3c565a9bc81a072a3ebb59f8c554dd20b021d0ea296aaecd9f6c24e9,ONE_STEP:0,E1_REPLICA_GT_FINE,ACTIVATED,B3_FULL_UNIFIED_WITH_DIRECTIONAL_ALTERNATIVES,PRIMARY-CBF-FILTERED,EXECUTED_OR_SELECTED_HISTORICAL_CANDIDATE,PASS,True,PASS,FORMAL_SEGMENT_SAFE,"[1.0970530824320723,0.17063033292548943,1.8317443484998848]","[1.099303127742985,0.17038051574813515,1.8319943245946557]",0.00019881200151480177,CERTIFIED_SAFE,SEGMENT_EXACT_SAFE,EXACT_ANALYTIC_SPHERE_SEGMENT_MINIMUM,EXACT_ANALYTIC,3b318a98a454ec5c36410b3c41dfb3dd4a25b7b5a1899f1f2c939fbf24ad0e55,False,False
5160522336dd55ad17a2177129ea95ffaba36e308c5bc2339bd522c5963882d0,PR87_ACTIVATED_ONE_STEP,PR87_ACTIVATED_ONE_STEP,E1_REPLICA_GT_FINE:B1_PLUS_SWEPT_SEGMENT:f69ad54a8dbeb2f508736a67896913d0e770d6406924def161b35d4c6d2431bf,ONE_STEP:0,E1_REPLICA_GT_FINE,ACTIVATED,B1_PLUS_SWEPT_SEGMENT,PRIMARY-CBF-FILTERED,EXECUTED_OR_SELECTED_HISTORICAL_CANDIDATE,PASS,True,PASS,FORMAL_SEGMENT_SAFE,"[1.0945530824320724,0.17063033292548943,1.8354943484998847]","[1.0943747749788995,0.17038033292929639,1.8392199379780232]",2.443119667455522e-05,CERTIFIED_SAFE,SEGMENT_EXACT_SAFE,EXACT_ANALYTIC_SPHERE_SEGMENT_MINIMUM,EXACT_ANALYTIC,3b318a98a454ec5c36410b3c41dfb3dd4a25b7b5a1899f1f2c939fbf24ad0e55,False,False
9f54068e2706efd07b5251d7b934d41281b3a1fd710eabcb98043f4c77e5480a,PR87_ACTIVATED_ONE_STEP,PR87_ACTIVATED_ONE_STEP,E1_REPLICA_GT_FINE:B2_PLUS_TERMINAL_BACKUP:f69ad54a8dbeb2f508736a67896913d0e770d6406924def161b35d4c6d2431bf,ONE_STEP:0,E1_REPLICA_GT_FINE,ACTIVATED,B2_PLUS_TERMINAL_BACKUP,PRIMARY-CBF-FILTERED,EXECUTED_OR_SELECTED_HISTORICAL_CANDIDATE,PASS,True,PASS,FORMAL_SEGMENT_SAFE,"[1.0945530824320724,0.17063033292548943,1.8354943484998847]","[1.0943747749788995,0.17038033292929639,1.8392199379780232]",2.443119667455522e-05,CERTIFIED_SAFE,SEGMENT_EXACT_SAFE,EXACT_ANALYTIC_SPHERE_SEGMENT_MINIMUM,EXACT_ANALYTIC,3b318a98a454ec5c36410b3c41dfb3dd4a25b7b5a1899f1f2c939fbf24ad0e55,False,False
be11d2f27089cbdd6a9d9681b96b1b120e65d0600ae463a2906a3f5d02cc2036,PR87_ACTIVATED_ONE_STEP,PR87_ACTIVATED_ONE_STEP,E1_REPLICA_GT_FINE:B3_FULL_UNIFIED_WITH_DIRECTIONAL_ALTERNATIVES:f69ad54a8dbeb2f508736a67896913d0e770d6406924def161b35d4c6d2431bf,ONE_STEP:0,E1_REPLICA_GT_FINE,ACTIVATED,B3_FULL_UNIFIED_WITH_DIRECTIONAL_ALTERNATIVES,PRIMARY-CBF-FILTERED,EXECUTED_OR_SELECTED_HISTORICAL_CANDIDATE,PASS,True,PASS,FORMAL_SEGMENT_SAFE,"[1.0945530824320724,0.17063033292548943,1.8354943484998847]","[1.0943747749788995,0.17038033292929639,1.8392199379780232]",2.443119667455522e-05,CERTIFIED_SAFE,SEGMENT_EXACT_SAFE,EXACT_ANALYTIC_SPHERE_SEGMENT_MINIMUM,EXACT_ANALYTIC,3b318a98a454ec5c36410b3c41dfb3dd4a25b7b5a1899f1f2c939fbf24ad0e55,False,False
dc6062e178b67d80f8735a7b8bb26ab825d8b4d6b61ebd9c4d44acb65e2cce44,PR87_ACTIVATED_ONE_STEP,PR87_ACTIVATED_ONE_STEP,E1_REPLICA_GT_FINE:B1_PLUS_SWEPT_SEGMENT:0475207cefabeedca698a4886b16c301551633249cdcbac6e743e7526a24206c,ONE_STEP:0,E1_REPLICA_GT_FINE,ACTIVATED,B1_PLUS_SWEPT_SEGMENT,PRIMARY-CBF-FILTERED,EXECUTED_OR_SELECTED_HISTORICAL_CANDIDATE,PASS,True,FAIL,FORMAL_SEGMENT_UNSAFE,"[1.0904572330941682,0.16901986579909836,1.8332106569686335]","[1.0879351843685319,0.16876986580010273,1.8334332020436408]",-7.627533482322015e-05,CERTIFIED_UNSAFE,SEGMENT_EXACT_UNSAFE,EXACT_ANALYTIC_SPHERE_SEGMENT_MINIMUM,EXACT_ANALYTIC,3b318a98a454ec5c36410b3c41dfb3dd4a25b7b5a1899f1f2c939fbf24ad0e55,False,False
527d658eac7638b24086fe83333215a01087249f731ee28224fdf39d5bfd56cc,PR87_ACTIVATED_ONE_STEP,PR87_ACTIVATED_ONE_STEP,E1_REPLICA_GT_FINE:B2_PLUS_TERMINAL_BACKUP:0475207cefabeedca698a4886b16c301551633249cdcbac6e743e7526a24206c,ONE_STEP:0,E1_REPLICA_GT_FINE,ACTIVATED,B2_PLUS_TERMINAL_BACKUP,PRIMARY-CBF-FILTERED,LOGGED_NONEXECUTED_HISTORICAL_CANDIDATE,PASS,True,FAIL,FORMAL_SEGMENT_UNSAFE,"[1.0904572330941682,0.16901986579909836,1.8332106569686335]","[1.0879351843685319,0.16876986580010273,1.8334332020436408]",-7.627533482322015e-05,CERTIFIED_UNSAFE,SEGMENT_EXACT_UNSAFE,EXACT_ANALYTIC_SPHERE_SEGMENT_MINIMUM,EXACT_ANALYTIC,3b318a98a454ec5c36410b3c41dfb3dd4a25b7b5a1899f1f2c939fbf24ad0e55,False,False
47619e46b5ea53e01470b8f97dca9e64026a7fd0ed9a586bf6e5b6aa8248b8be,PR87_ACTIVATED_ONE_STEP,PR87_ACTIVATED_ONE_STEP,E1_REPLICA_GT_FINE:B3_FULL_UNIFIED_WITH_DIRECTIONAL_ALTERNATIVES:0475207cefabeedca698a4886b16c301551633249cdcbac6e743e7526a24206c,ONE_STEP:0,E1_REPLICA_GT_FINE,ACTIVATED,B3_FULL_UNIFIED_WITH_DIRECTIONAL_ALTERNATIVES,PRIMARY-CBF-FILTERED,LOGGED_NONEXECUTED_HISTORICAL_CANDIDATE,PASS,True,FAIL,FORMAL_SEGMENT_UNSAFE,"[1.0904572330941682,0.16901986579909836,1.8332106569686335]","[1.0879351843685319,0.16876986580010273,1.8334332020436408]",-7.627533482322015e-05,CERTIFIED_UNSAFE,SEGMENT_EXACT_UNSAFE,EXACT_ANALYTIC_SPHERE_SEGMENT_MINIMUM,EXACT_ANALYTIC,3b318a98a454ec5c36410b3c41dfb3dd4a25b7b5a1899f1f2c939fbf24ad0e55,False,False
a255f12af50ee2431d4e1334918ac0710e2cb746ed888f256eb40f22ca7009ee,PR87_ACTIVATED_ONE_STEP,PR87_ACTIVATED_ONE_STEP,E1_REPLICA_GT_FINE:B1_PLUS_SWEPT_SEGMENT:049671f71eb8a96a1cf02247e3b5dd6c630c22568877111aa416af8b9274c2b9,ONE_STEP:0,E1_REPLICA_GT_FINE,ACTIVATED,B1_PLUS_SWEPT_SEGMENT,PRIMARY-CBF-FILTERED,EXECUTED_OR_SELECTED_HISTORICAL_CANDIDATE,PASS,True,PASS,FORMAL_SEGMENT_SAFE,"[1.0907191344738176,0.16921815838967433,1.8346289639220492]","[1.0868270335695895,0.16767991554167075,1.837590135876374]",2.7406272886797145e-05,CERTIFIED_SAFE,SEGMENT_EXACT_SAFE,EXACT_ANALYTIC_SPHERE_SEGMENT_MINIMUM,EXACT_ANALYTIC,3b318a98a454ec5c36410b3c41dfb3dd4a25b7b5a1899f1f2c939fbf24ad0e55,False,False
fdb816387c48d183c2072f86d2ab0700cc54db04539a4b44c022e4609b117803,PR87_ACTIVATED_ONE_STEP,PR87_ACTIVATED_ONE_STEP,E1_REPLICA_GT_FINE:B2_PLUS_TERMINAL_BACKUP:049671f71eb8a96a1cf02247e3b5dd6c630c22568877111aa416af8b9274c2b9,ONE_STEP:0,E1_REPLICA_GT_FINE,ACTIVATED,B2_PLUS_TERMINAL_BACKUP,PRIMARY-CBF-FILTERED,LOGGED_NONEXECUTED_HISTORICAL_CANDIDATE,PASS,True,PASS,FORMAL_SEGMENT_SAFE,"[1.0907191344738176,0.16921815838967433,1.8346289639220492]","[1.0868270335695895,0.16767991554167075,1.837590135876374]",2.7406272886797145e-05,CERTIFIED_SAFE,SEGMENT_EXACT_SAFE,EXACT_ANALYTIC_SPHERE_SEGMENT_MINIMUM,EXACT_ANALYTIC,3b318a98a454ec5c36410b3c41dfb3dd4a25b7b5a1899f1f2c939fbf24ad0e55,False,False
813d92cc4eaf029fcb71fb7d22c09c935ac82a5e244781b89e62123d0866ceda,PR87_ACTIVATED_ONE_STEP,PR87_ACTIVATED_ONE_STEP,E1_REPLICA_GT_FINE:B3_FULL_UNIFIED_WITH_DIRECTIONAL_ALTERNATIVES:049671f71eb8a96a1cf02247e3b5dd6c630c22568877111aa416af8b9274c2b9,ONE_STEP:0,E1_REPLICA_GT_FINE,ACTIVATED,B3_FULL_UNIFIED_WITH_DIRECTIONAL_ALTERNATIVES,PRIMARY-CBF-FILTERED,LOGGED_NONEXECUTED_HISTORICAL_CANDIDATE,PASS,True,PASS,FORMAL_SEGMENT_SAFE,"[1.0907191344738176,0.16921815838967433,1.8346289639220492]","[1.0868270335695895,0.16767991554167075,1.837590135876374]",2.7406272886797145e-05,CERTIFIED_SAFE,SEGMENT_EXACT_SAFE,EXACT_ANALYTIC_SPHERE_SEGMENT_MINIMUM,EXACT_ANALYTIC,3b318a98a454ec5c36410b3c41dfb3dd4a25b7b5a1899f1f2c939fbf24ad0e55,False,False
df7533551518e6929a83d2f9b5b0ce101e0ebb6c134335898d62094876f9fa77,PR87_ACTIVATED_ONE_STEP,PR87_ACTIVATED_ONE_STEP,E1_REPLICA_GT_FINE:B1_PLUS_SWEPT_SEGMENT:0a95865821007d907aebd78fe5551942e16a57e4df1247db4cbea50934e02ed0,ONE_STEP:0,E1_REPLICA_GT_FINE,ACTIVATED,B1_PLUS_SWEPT_SEGMENT,PRIMARY-CBF-FILTERED,EXECUTED_OR_SELECTED_HISTORICAL_CANDIDATE,PASS,True,PASS,FORMAL_SEGMENT_SAFE,"[0.7841612875935102,0.17415309002466373,2.023078917295878]","[0.7805930292459055,0.17390309004422586,2.0233289172780875]",3.106193288776246e-05,CERTIFIED_SAFE,SEGMENT_EXACT_SAFE,EXACT_ANALYTIC_SPHERE_SEGMENT_MINIMUM,EXACT_ANALYTIC,3b318a98a454ec5c36410b3c41dfb3dd4a25b7b5a1899f1f2c939fbf24ad0e55,False,False
9780dfff2a65a25dbb4dd9736c8b20a11f014a44db752856a5b890e655d6cac9,PR87_ACTIVATED_ONE_STEP,PR87_ACTIVATED_ONE_STEP,E1_REPLICA_GT_FINE:B2_PLUS_TERMINAL_BACKUP:0a95865821007d907aebd78fe5551942e16a57e4df1247db4cbea50934e02ed0,ONE_STEP:0,E1_REPLICA_GT_FINE,ACTIVATED,B2_PLUS_TERMINAL_BACKUP,PRIMARY-CBF-FILTERED,LOGGED_NONEXECUTED_HISTORICAL_CANDIDATE,PASS,True,PASS,FORMAL_SEGMENT_SAFE,"[0.7841612875935102,0.17415309002466373,2.023078917295878]","[0.7805930292459055,0.17390309004422586,2.0233289172780875]",3.106193288776246e-05,CERTIFIED_SAFE,SEGMENT_EXACT_SAFE,EXACT_ANALYTIC_SPHERE_SEGMENT_MINIMUM,EXACT_ANALYTIC,3b318a98a454ec5c36410b3c41dfb3dd4a25b7b5a1899f1f2c939fbf24ad0e55,False,False
c83908a9b12075a961ebb0b98726bded954290a1d2c7d282081830f246ac5855,PR87_ACTIVATED_ONE_STEP,PR87_ACTIVATED_ONE_STEP,E1_REPLICA_GT_FINE:B3_FULL_UNIFIED_WITH_DIRECTIONAL_ALTERNATIVES:0a95865821007d907aebd78fe5551942e16a57e4df1247db4cbea50934e02ed0,ONE_STEP:0,E1_REPLICA_GT_FINE,ACTIVATED,B3_FULL_UNIFIED_WITH_DIRECTIONAL_ALTERNATIVES,PRIMARY-CBF-FILTERED,LOGGED_NONEXECUTED_HISTORICAL_CANDIDATE,PASS,True,PASS,FORMAL_SEGMENT_SAFE,"[0.7841612875935102,0.17415309002466373,2.023078917295878]","[0.7805930292459055,0.17390309004422586,2.0233289172780875]",3.106193288776246e-05,CERTIFIED_SAFE,SEGMENT_EXACT_SAFE,EXACT_ANALYTIC_SPHERE_SEGMENT_MINIMUM,EXACT_ANALYTIC,3b318a98a454ec5c36410b3c41dfb3dd4a25b7b5a1899f1f2c939fbf24ad0e55,False,False
5c5df7a7017560e9f94bb66548673b8658bb3f7b75b0502310247196a43b1d1b,PR87_ACTIVATED_ONE_STEP,PR87_ACTIVATED_ONE_STEP,E1_REPLICA_GT_FINE:B1_PLUS_SWEPT_SEGMENT:0b0544aba83188b6a3bd3f9781d4b361b24e0bc717f0404ecabbe5721459a4fa,ONE_STEP:0,E1_REPLICA_GT_FINE,ACTIVATED,B1_PLUS_SWEPT_SEGMENT,PRIMARY-CBF-FILTERED,EXECUTED_OR_SELECTED_HISTORICAL_CANDIDATE,PASS,True,FAIL,FORMAL_SEGMENT_UNSAFE,"[0.7900553058390727,0.17363018914414477,2.0219042852548337]","[0.7919494068330467,0.17288343351618002,2.0209795575428475]",-8.673617379884035e-18,CERTIFIED_UNSAFE,SEGMENT_EXACT_UNSAFE,EXACT_ANALYTIC_SPHERE_SEGMENT_MINIMUM,EXACT_ANALYTIC,3b318a98a454ec5c36410b3c41dfb3dd4a25b7b5a1899f1f2c939fbf24ad0e55,False,False
85445d995f808293564e3d7205bc666865f6f3c76be1c69be2a4d7a3687b2c7b,PR87_ACTIVATED_ONE_STEP,PR87_ACTIVATED_ONE_STEP,E1_REPLICA_GT_FINE:B2_PLUS_TERMINAL_BACKUP:0b0544aba83188b6a3bd3f9781d4b361b24e0bc717f0404ecabbe5721459a4fa,ONE_STEP:0,E1_REPLICA_GT_FINE,ACTIVATED,B2_PLUS_TERMINAL_BACKUP,PRIMARY-CBF-FILTERED,LOGGED_NONEXECUTED_HISTORICAL_CANDIDATE,PASS,True,FAIL,FORMAL_SEGMENT_UNSAFE,"[0.7900553058390727,0.17363018914414477,2.0219042852548337]","[0.7919494068330467,0.17288343351618002,2.0209795575428475]",-8.673617379884035e-18,CERTIFIED_UNSAFE,SEGMENT_EXACT_UNSAFE,EXACT_ANALYTIC_SPHERE_SEGMENT_MINIMUM,EXACT_ANALYTIC,3b318a98a454ec5c36410b3c41dfb3dd4a25b7b5a1899f1f2c939fbf24ad0e55,False,False
e698895b707736d271bcc90b87cd1cc32ba9ddd1195120905060486c4a5fc188,PR87_ACTIVATED_ONE_STEP,PR87_ACTIVATED_ONE_STEP,E1_REPLICA_GT_FINE:B3_FULL_UNIFIED_WITH_DIRECTIONAL_ALTERNATIVES:0b0544aba83188b6a3bd3f9781d4b361b24e0bc717f0404ecabbe5721459a4fa,ONE_STEP:0,E1_REPLICA_GT_FINE,ACTIVATED,B3_FULL_UNIFIED_WITH_DIRECTIONAL_ALTERNATIVES,PRIMARY-CBF-FILTERED,LOGGED_NONEXECUTED_HISTORICAL_CANDIDATE,PASS,True,FAIL,FORMAL_SEGMENT_UNSAFE,"[0.7900553058390727,0.17363018914414477,2.0219042852548337]","[0.7919494068330467,0.17288343351618002,2.0209795575428475]",-8.673617379884035e-18,CERTIFIED_UNSAFE,SEGMENT_EXACT_UNSAFE,EXACT_ANALYTIC_SPHERE_SEGMENT_MINIMUM,EXACT_ANALYTIC,3b318a98a454ec5c36410b3c41dfb3dd4a25b7b5a1899f1f2c939fbf24ad0e55,False,False
f5f250f3472996d2eec56e20c3f75f70a70f45b145168fd3548d0ede3238c8a3,PR87_ACTIVATED_ONE_STEP,PR87_ACTIVATED_ONE_STEP,E1_REPLICA_GT_FINE:B1_PLUS_SWEPT_SEGMENT:0dcd1da98960308ebfc6e6f5699aa242a316e8e844cc424418583261f0f1ab47,ONE_STEP:0,E1_REPLICA_GT_FINE,ACTIVATED,B1_PLUS_SWEPT_SEGMENT,PRIMARY-CBF-FILTERED,EXECUTED_OR_SELECTED_HISTORICAL_CANDIDATE,PASS,True,PASS,FORMAL_SEGMENT_SAFE,"[1.0883874452016344,0.16695720874346553,1.8367474614472803]","[1.0854423754314473,0.16670720874353606,1.838784796942123]",0.0002578428539364557,CERTIFIED_SAFE,SEGMENT_EXACT_SAFE,EXACT_ANALYTIC_SPHERE_SEGMENT_MINIMUM,EXACT_ANALYTIC,3b318a98a454ec5c36410b3c41dfb3dd4a25b7b5a1899f1f2c939fbf24ad0e55,False,False
7e80150097af63be9fdfd64fe1463586b8c41d01e8804f15972ea851a3d68bc0,PR87_ACTIVATED_ONE_STEP,PR87_ACTIVATED_ONE_STEP,E1_REPLICA_GT_FINE:B2_PLUS_TERMINAL_BACKUP:0dcd1da98960308ebfc6e6f5699aa242a316e8e844cc424418583261f0f1ab47,ONE_STEP:0,E1_REPLICA_GT_FINE,ACTIVATED,B2_PLUS_TERMINAL_BACKUP,PRIMARY-CBF-FILTERED,LOGGED_NONEXECUTED_HISTORICAL_CANDIDATE,PASS,True,PASS,FORMAL_SEGMENT_SAFE,"[1.0883874452016344,0.16695720874346553,1.8367474614472803]","[1.0854423754314473,0.16670720874353606,1.838784796942123]",0.0002578428539364557,CERTIFIED_SAFE,SEGMENT_EXACT_SAFE,EXACT_ANALYTIC_SPHERE_SEGMENT_MINIMUM,EXACT_ANALYTIC,3b318a98a454ec5c36410b3c41dfb3dd4a25b7b5a1899f1f2c939fbf24ad0e55,False,False
cea63a84014963c614b2e79ed4cdc83c78517f0859eb93adac1963cd959c5b82,PR87_ACTIVATED_ONE_STEP,PR87_ACTIVATED_ONE_STEP,E1_REPLICA_GT_FINE:B3_FULL_UNIFIED_WITH_DIRECTIONAL_ALTERNATIVES:0dcd1da98960308ebfc6e6f5699aa242a316e8e844cc424418583261f0f1ab47,ONE_STEP:0,E1_REPLICA_GT_FINE,ACTIVATED,B3_FULL_UNIFIED_WITH_DIRECTIONAL_ALTERNATIVES,PRIMARY-CBF-FILTERED,LOGGED_NONEXECUTED_HISTORICAL_CANDIDATE,PASS,True,PASS,FORMAL_SEGMENT_SAFE,"[1.0883874452016344,0.16695720874346553,1.8367474614472803]","[1.0854423754314473,0.16670720874353606,1.838784796942123]",0.0002578428539364557,CERTIFIED_SAFE,SEGMENT_EXACT_SAFE,EXACT_ANALYTIC_SPHERE_SEGMENT_MINIMUM,EXACT_ANALYTIC,3b318a98a454ec5c36410b3c41dfb3dd4a25b7b5a1899f1f2c939fbf24ad0e55,False,False
7d0b69c02715097995030f9c866cf69c2657404b189c17c982140fbf5d9bec9a,PR87_ACTIVATED_ONE_STEP,PR87_ACTIVATED_ONE_STEP,E1_REPLICA_GT_FINE:B1_PLUS_SWEPT_SEGMENT:0fdfc6a917540809cf1aef757ce53b25711910f3a2a47641c83c7760a2e11d4b,ONE_STEP:0,E1_REPLICA_GT_FINE,ACTIVATED,B1_PLUS_SWEPT_SEGMENT,PRIMARY-CBF-FILTERED,EXECUTED_OR_SELECTED_HISTORICAL_CANDIDATE,PASS,True,FAIL,FORMAL_SEGMENT_UNSAFE,"[1.0923942773633721,0.16966942932585072,1.8317698493049055]","[1.0898875699108568,0.16941942932674015,1.8319866184420455]",-8.746803510137173e-05,CERTIFIED_UNSAFE,SEGMENT_EXACT_UNSAFE,EXACT_ANALYTIC_SPHERE_SEGMENT_MINIMUM,EXACT_ANALYTIC,3b318a98a454ec5c36410b3c41dfb3dd4a25b7b5a1899f1f2c939fbf24ad0e55,False,False
11663f874e078d4f61fec17b661ceeb464de06b3fb38cbb4e92431d42247ddf6,PR87_ACTIVATED_ONE_STEP,PR87_ACTIVATED_ONE_STEP,E1_REPLICA_GT_FINE:B2_PLUS_TERMINAL_BACKUP:0fdfc6a917540809cf1aef757ce53b25711910f3a2a47641c83c7760a2e11d4b,ONE_STEP:0,E1_REPLICA_GT_FINE,ACTIVATED,B2_PLUS_TERMINAL_BACKUP,PRIMARY-CBF-FILTERED,LOGGED_NONEXECUTED_HISTORICAL_CANDIDATE,PASS,True,FAIL,FORMAL_SEGMENT_UNSAFE,"[1.0923942773633721,0.16966942932585072,1.8317698493049055]","[1.0898875699108568,0.16941942932674015,1.8319866184420455]",-8.746803510137173e-05,CERTIFIED_UNSAFE,SEGMENT_EXACT_UNSAFE,EXACT_ANALYTIC_SPHERE_SEGMENT_MINIMUM,EXACT_ANALYTIC,3b318a98a454ec5c36410b3c41dfb3dd4a25b7b5a1899f1f2c939fbf24ad0e55,False,False
5aee586db60ddbf7c72d10771e5c0792afe9dff26d43613ca63dac35a0139f59,PR87_ACTIVATED_ONE_STEP,PR87_ACTIVATED_ONE_STEP,E1_REPLICA_GT_FINE:B3_FULL_UNIFIED_WITH_DIRECTIONAL_ALTERNATIVES:0fdfc6a917540809cf1aef757ce53b25711910f3a2a47641c83c7760a2e11d4b,ONE_STEP:0,E1_REPLICA_GT_FINE,ACTIVATED,B3_FULL_UNIFIED_WITH_DIRECTIONAL_ALTERNATIVES,PRIMARY-CBF-FILTERED,LOGGED_NONEXECUTED_HISTORICAL_CANDIDATE,PASS,True,FAIL,FORMAL_SEGMENT_UNSAFE,"[1.0923942773633721,0.16966942932585072,1.8317698493049055]","[1.0898875699108568,0.16941942932674015,1.8319866184420455]",-8.746803510137173e-05,CERTIFIED_UNSAFE,SEGMENT_EXACT_UNSAFE,EXACT_ANALYTIC_SPHERE_SEGMENT_MINIMUM,EXACT_ANALYTIC,3b318a98a454ec5c36410b3c41dfb3dd4a25b7b5a1899f1f2c939fbf24ad0e55,False,False
4796bfc0aa92d3f851609c404d1c41a438f41fd3cd580298215dc287b703e609,PR87_ACTIVATED_ONE_STEP,PR87_ACTIVATED_ONE_STEP,E1_REPLICA_GT_FINE:B1_PLUS_SWEPT_SEGMENT:12edab966401f4e8cbe04d2ea7da127d4599e1ef904442110790f2b442354fb1,ONE_STEP:0,E1_REPLICA_GT_FINE,ACTIVATED,B1_PLUS_SWEPT_SEGMENT,PRIMARY-CBF-FILTERED,EXECUTED_OR_SELECTED_HISTORICAL_CANDIDATE,PASS,True,FAIL,FORMAL_SEGMENT_UNSAFE,"[0.9507913409275522,0.16258339957967452,1.936027162050958]","[0.9500442157744557,0.1632310524839656,1.9367219817986865]",-0.00010393819904381055,CERTIFIED_UNSAFE,SEGMENT_EXACT_UNSAFE,EXACT_ANALYTIC_SPHERE_SEGMENT_MINIMUM,EXACT_ANALYTIC,3b318a98a454ec5c36410b3c41dfb3dd4a25b7b5a1899f1f2c939fbf24ad0e55,False,False
2e92c985c32447b130bc3f9074bcaf1276b28b37b5dbbf10a378d2ac59e6c016,PR87_ACTIVATED_ONE_STEP,PR87_ACTIVATED_ONE_STEP,E1_REPLICA_GT_FINE:B2_PLUS_TERMINAL_BACKUP:12edab966401f4e8cbe04d2ea7da127d4599e1ef904442110790f2b442354fb1,ONE_STEP:0,E1_REPLICA_GT_FINE,ACTIVATED,B2_PLUS_TERMINAL_BACKUP,PRIMARY-CBF-FILTERED,LOGGED_NONEXECUTED_HISTORICAL_CANDIDATE,PASS,True,FAIL,FORMAL_SEGMENT_UNSAFE,"[0.9507913409275522,0.16258339957967452,1.936027162050958]","[0.9500442157744557,0.1632310524839656,1.9367219817986865]",-0.00010393819904381055,CERTIFIED_UNSAFE,SEGMENT_EXACT_UNSAFE,EXACT_ANALYTIC_SPHERE_SEGMENT_MINIMUM,EXACT_ANALYTIC,3b318a98a454ec5c36410b3c41dfb3dd4a25b7b5a1899f1f2c939fbf24ad0e55,False,False
3f1156cd78cfc436839d039f5bd01ba5bf25f22007da5a0fbcc332dafee28dce,PR87_ACTIVATED_ONE_STEP,PR87_ACTIVATED_ONE_STEP,E1_REPLICA_GT_FINE:B3_FULL_UNIFIED_WITH_DIRECTIONAL_ALTERNATIVES:12edab966401f4e8cbe04d2ea7da127d4599e1ef904442110790f2b442354fb1,ONE_STEP:0,E1_REPLICA_GT_FINE,ACTIVATED,B3_FULL_UNIFIED_WITH_DIRECTIONAL_ALTERNATIVES,PRIMARY-CBF-FILTERED,LOGGED_NONEXECUTED_HISTORICAL_CANDIDATE,PASS,True,FAIL,FORMAL_SEGMENT_UNSAFE,"[0.9507913409275522,0.16258339957967452,1.936027162050958]","[0.9500442157744557,0.1632310524839656,1.9367219817986865]",-0.00010393819904381055,CERTIFIED_UNSAFE,SEGMENT_EXACT_UNSAFE,EXACT_ANALYTIC_SPHERE_SEGMENT_MINIMUM,EXACT_ANALYTIC,3b318a98a454ec5c36410b3c41dfb3dd4a25b7b5a1899f1f2c939fbf24ad0e55,False,False
9d16e7d7f61924189db8950093385e91b112c8db0e50632e9372a8eacf2bad9c,PR87_ACTIVATED_ONE_STEP,PR87_ACTIVATED_ONE_STEP,E1_REPLICA_GT_FINE:B1_PLUS_SWEPT_SEGMENT:19d679dcaa5d9ce57ee7884fc2a773f342810116dee9784f0fd1f4ed7e6eaa8f,ONE_STEP:0,E1_REPLICA_GT_FINE,ACTIVATED,B1_PLUS_SWEPT_SEGMENT,PRIMARY-CBF-FILTERED,EXECUTED_OR_SELECTED_HISTORICAL_CANDIDATE,PASS,True,PASS,FORMAL_SEGMENT_SAFE,"[1.0916608962216507,0.16961830514125745,1.833906560027046]","[1.0886517435065604,0.16844057746172925,1.8362086865725105]",5.749318859353189e-06,CERTIFIED_SAFE,SEGMENT_EXACT_SAFE,EXACT_ANALYTIC_SPHERE_SEGMENT_MINIMUM,EXACT_ANALYTIC,3b318a98a454ec5c36410b3c41dfb3dd4a25b7b5a1899f1f2c939fbf24ad0e55,False,False
c0390b42653e33bf897126189020ccee32319551012f0c6c39e03eff870d62fa,PR87_ACTIVATED_ONE_STEP,PR87_ACTIVATED_ONE_STEP,E1_REPLICA_GT_FINE:B2_PLUS_TERMINAL_BACKUP:19d679dcaa5d9ce57ee7884fc2a773f342810116dee9784f0fd1f4ed7e6eaa8f,ONE_STEP:0,E1_REPLICA_GT_FINE,ACTIVATED,B2_PLUS_TERMINAL_BACKUP,PRIMARY-CBF-FILTERED,LOGGED_NONEXECUTED_HISTORICAL_CANDIDATE,PASS,True,PASS,FORMAL_SEGMENT_SAFE,"[1.0916608962216507,0.16961830514125745,1.833906560027046]","[1.0886517435065604,0.16844057746172925,1.8362086865725105]",5.749318859353189e-06,CERTIFIED_SAFE,SEGMENT_EXACT_SAFE,EXACT_ANALYTIC_SPHERE_SEGMENT_MINIMUM,EXACT_ANALYTIC,3b318a98a454ec5c36410b3c41dfb3dd4a25b7b5a1899f1f2c939fbf24ad0e55,False,False
cedc92a30b733ab832508569d5ebb5e888ec8d0d1c65e539dbbc1fdaf82241d6,PR87_ACTIVATED_ONE_STEP,PR87_ACTIVATED_ONE_STEP,E1_REPLICA_GT_FINE:B3_FULL_UNIFIED_WITH_DIRECTIONAL_ALTERNATIVES:19d679dcaa5d9ce57ee7884fc2a773f342810116dee9784f0fd1f4ed7e6eaa8f,ONE_STEP:0,E1_REPLICA_GT_FINE,ACTIVATED,B3_FULL_UNIFIED_WITH_DIRECTIONAL_ALTERNATIVES,PRIMARY-CBF-FILTERED,LOGGED_NONEXECUTED_HISTORICAL_CANDIDATE,PASS,True,PASS,FORMAL_SEGMENT_SAFE,"[1.0916608962216507,0.16961830514125745,1.833906560027046]","[1.0886517435065604,0.16844057746172925,1.8362086865725105]",5.749318859353189e-06,CERTIFIED_SAFE,SEGMENT_EXACT_SAFE,EXACT_ANALYTIC_SPHERE_SEGMENT_MINIMUM,EXACT_ANALYTIC,3b318a98a454ec5c36410b3c41dfb3dd4a25b7b5a1899f1f2c939fbf24ad0e55,False,False
96d024e6cbe34336b0f7472fb3803b1e289b3fe21f2fa29ae5c856adb1898e73,PR87_ACTIVATED_ONE_STEP,PR87_ACTIVATED_ONE_STEP,E1_REPLICA_GT_FINE:B1_PLUS_SWEPT_SEGMENT:215cec1b356cd71367d66114ad412579c043bc2702df359ebd46c59efee40959,ONE_STEP:0,E1_REPLICA_GT_FINE,ACTIVATED,B1_PLUS_SWEPT_SEGMENT,PRIMARY-CBF-FILTERED,EXECUTED_OR_SELECTED_HISTORICAL_CANDIDATE,PASS,True,PASS,FORMAL_SEGMENT_SAFE,"[1.0889305215748033,0.168370302272346,1.8360237950530711]","[1.0868135371399572,0.1681203022724021,1.837502737574103]",2.6075913646842613e-05,CERTIFIED_SAFE,SEGMENT_EXACT_SAFE,EXACT_ANALYTIC_SPHERE_SEGMENT_MINIMUM,EXACT_ANALYTIC,3b318a98a454ec5c36410b3c41dfb3dd4a25b7b5a1899f1f2c939fbf24ad0e55,False,False
bade12153fe38275ab842013cf346e87e88b4882c9f8c4fbc26f39cc6025ae6a,PR87_ACTIVATED_ONE_STEP,PR87_ACTIVATED_ONE_STEP,E1_REPLICA_GT_FINE:B2_PLUS_TERMINAL_BACKUP:215cec1b356cd71367d66114ad412579c043bc2702df359ebd46c59efee40959,ONE_STEP:0,E1_REPLICA_GT_FINE,ACTIVATED,B2_PLUS_TERMINAL_BACKUP,PRIMARY-CBF-FILTERED,LOGGED_NONEXECUTED_HISTORICAL_CANDIDATE,PASS,True,PASS,FORMAL_SEGMENT_SAFE,"[1.0889305215748033,0.168370302272346,1.8360237950530711]","[1.0868135371399572,0.1681203022724021,1.837502737574103]",2.6075913646842613e-05,CERTIFIED_SAFE,SEGMENT_EXACT_SAFE,EXACT_ANALYTIC_SPHERE_SEGMENT_MINIMUM,EXACT_ANALYTIC,3b318a98a454ec5c36410b3c41dfb3dd4a25b7b5a1899f1f2c939fbf24ad0e55,False,False
69b180d63b87f929c6e029b1ff4ce1ab28264da7a62fd651af8103a11c5c9941,PR87_ACTIVATED_ONE_STEP,PR87_ACTIVATED_ONE_STEP,E1_REPLICA_GT_FINE:B3_FULL_UNIFIED_WITH_DIRECTIONAL_ALTERNATIVES:215cec1b356cd71367d66114ad412579c043bc2702df359ebd46c59efee40959,ONE_STEP:0,E1_REPLICA_GT_FINE,ACTIVATED,B3_FULL_UNIFIED_WITH_DIRECTIONAL_ALTERNATIVES,PRIMARY-CBF-FILTERED,LOGGED_NONEXECUTED_HISTORICAL_CANDIDATE,PASS,True,PASS,FORMAL_SEGMENT_SAFE,"[1.0889305215748033,0.168370302272346,1.8360237950530711]","[1.0868135371399572,0.1681203022724021,1.837502737574103]",2.6075913646842613e-05,CERTIFIED_SAFE,SEGMENT_EXACT_SAFE,EXACT_ANALYTIC_SPHERE_SEGMENT_MINIMUM,EXACT_ANALYTIC,3b318a98a454ec5c36410b3c41dfb3dd4a25b7b5a1899f1f2c939fbf24ad0e55,False,False
ab3c5f2d85b10ac890be5ebad08658ac05812cdfdb881cebe093947c3c777416,PR87_ACTIVATED_ONE_STEP,PR87_ACTIVATED_ONE_STEP,E1_REPLICA_GT_FINE:B1_PLUS_SWEPT_SEGMENT:2c503a7ebe995c69964978a538d352d54f29343c012acd3a807953495d547b2a,ONE_STEP:0,E1_REPLICA_GT_FINE,ACTIVATED,B1_PLUS_SWEPT_SEGMENT,PRIMARY-CBF-FILTERED,EXECUTED_OR_SELECTED_HISTORICAL_CANDIDATE,PASS,True,FAIL,FORMAL_SEGMENT_UNSAFE,"[1.0896029364076605,0.1688413334486395,1.8346389642377434]","[1.0881654364095568,0.16859146224384444,1.8348889381700593]",-1.3336675593425898e-05,CERTIFIED_UNSAFE,SEGMENT_EXACT_UNSAFE,EXACT_ANALYTIC_SPHERE_SEGMENT_MINIMUM,EXACT_ANALYTIC,3b318a98a454ec5c36410b3c41dfb3dd4a25b7b5a1899f1f2c939fbf24ad0e55,False,False
294406744d809ecc5fa75eeb3f7d679db6c06534eb454a3692e5033d2d094343,PR87_ACTIVATED_ONE_STEP,PR87_ACTIVATED_ONE_STEP,E1_REPLICA_GT_FINE:B2_PLUS_TERMINAL_BACKUP:2c503a7ebe995c69964978a538d352d54f29343c012acd3a807953495d547b2a,ONE_STEP:0,E1_REPLICA_GT_FINE,ACTIVATED,B2_PLUS_TERMINAL_BACKUP,PRIMARY-CBF-FILTERED,LOGGED_NONEXECUTED_HISTORICAL_CANDIDATE,PASS,True,FAIL,FORMAL_SEGMENT_UNSAFE,"[1.0896029364076605,0.1688413334486395,1.8346389642377434]","[1.0881654364095568,0.16859146224384444,1.8348889381700593]",-1.3336675593425898e-05,CERTIFIED_UNSAFE,SEGMENT_EXACT_UNSAFE,EXACT_ANALYTIC_SPHERE_SEGMENT_MINIMUM,EXACT_ANALYTIC,3b318a98a454ec5c36410b3c41dfb3dd4a25b7b5a1899f1f2c939fbf24ad0e55,False,False
0317dbc71233c456697a47ffb733093df113a97e481a099163eb608e1c450c2d,PR87_ACTIVATED_ONE_STEP,PR87_ACTIVATED_ONE_STEP,E1_REPLICA_GT_FINE:B3_FULL_UNIFIED_WITH_DIRECTIONAL_ALTERNATIVES:2c503a7ebe995c69964978a538d352d54f29343c012acd3a807953495d547b2a,ONE_STEP:0,E1_REPLICA_GT_FINE,ACTIVATED,B3_FULL_UNIFIED_WITH_DIRECTIONAL_ALTERNATIVES,PRIMARY-CBF-FILTERED,LOGGED_NONEXECUTED_HISTORICAL_CANDIDATE,PASS,True,FAIL,FORMAL_SEGMENT_UNSAFE,"[1.0896029364076605,0.1688413334486395,1.8346389642377434]","[1.0881654364095568,0.16859146224384444,1.8348889381700593]",-1.3336675593425898e-05,CERTIFIED_UNSAFE,SEGMENT_EXACT_UNSAFE,EXACT_ANALYTIC_SPHERE_SEGMENT_MINIMUM,EXACT_ANALYTIC,3b318a98a454ec5c36410b3c41dfb3dd4a25b7b5a1899f1f2c939fbf24ad0e55,False,False
50157f08259395ff5028089febb515b3ca689e25c68e3c6e5e5cdddf207261f2,PR87_ACTIVATED_ONE_STEP,PR87_ACTIVATED_ONE_STEP,E1_REPLICA_GT_FINE:B1_PLUS_SWEPT_SEGMENT:356d070446f650746461ac33020070068da019d6bb775ea14c62caa0dd18f5d9,ONE_STEP:0,E1_REPLICA_GT_FINE,ACTIVATED,B1_PLUS_SWEPT_SEGMENT,PRIMARY-CBF-FILTERED,EXECUTED_OR_SELECTED_HISTORICAL_CANDIDATE,PASS,True,PASS,FORMAL_SEGMENT_SAFE,"[1.0917072330941682,0.16901986579909836,1.8332106569686335]","[1.0902697330966993,0.16877000716358212,1.8334606298215377]",8.147309064082155e-05,CERTIFIED_SAFE,SEGMENT_EXACT_SAFE,EXACT_ANALYTIC_SPHERE_SEGMENT_MINIMUM,EXACT_ANALYTIC,3b318a98a454ec5c36410b3c41dfb3dd4a25b7b5a1899f1f2c939fbf24ad0e55,False,False
3a38bc132876de9677daed3bfeff637b000caf01edce3eec9767a53fe86c1bd8,PR87_ACTIVATED_ONE_STEP,PR87_ACTIVATED_ONE_STEP,E1_REPLICA_GT_FINE:B2_PLUS_TERMINAL_BACKUP:356d070446f650746461ac33020070068da019d6bb775ea14c62caa0dd18f5d9,ONE_STEP:0,E1_REPLICA_GT_FINE,ACTIVATED,B2_PLUS_TERMINAL_BACKUP,PRIMARY-CBF-FILTERED,LOGGED_NONEXECUTED_HISTORICAL_CANDIDATE,PASS,True,PASS,FORMAL_SEGMENT_SAFE,"[1.0917072330941682,0.16901986579909836,1.8332106569686335]","[1.0902697330966993,0.16877000716358212,1.8334606298215377]",8.147309064082155e-05,CERTIFIED_SAFE,SEGMENT_EXACT_SAFE,EXACT_ANALYTIC_SPHERE_SEGMENT_MINIMUM,EXACT_ANALYTIC,3b318a98a454ec5c36410b3c41dfb3dd4a25b7b5a1899f1f2c939fbf24ad0e55,False,False
583b6f70bbbb0dbb545facca5481cd570a6d04af65101539255d4c222f0fe3e5,PR87_ACTIVATED_ONE_STEP,PR87_ACTIVATED_ONE_STEP,E1_REPLICA_GT_FINE:B3_FULL_UNIFIED_WITH_DIRECTIONAL_ALTERNATIVES:356d070446f650746461ac33020070068da019d6bb775ea14c62caa0dd18f5d9,ONE_STEP:0,E1_REPLICA_GT_FINE,ACTIVATED,B3_FULL_UNIFIED_WITH_DIRECTIONAL_ALTERNATIVES,PRIMARY-CBF-FILTERED,LOGGED_NONEXECUTED_HISTORICAL_CANDIDATE,PASS,True,PASS,FORMAL_SEGMENT_SAFE,"[1.0917072330941682,0.16901986579909836,1.8332106569686335]","[1.0902697330966993,0.16877000716358212,1.8334606298215377]",8.147309064082155e-05,CERTIFIED_SAFE,SEGMENT_EXACT_SAFE,EXACT_ANALYTIC_SPHERE_SEGMENT_MINIMUM,EXACT_ANALYTIC,3b318a98a454ec5c36410b3c41dfb3dd4a25b7b5a1899f1f2c939fbf24ad0e55,False,False
94781f8b5e45159d8f205617d926379c7457800cb53ee127a55d6a0004545fed,PR87_ACTIVATED_ONE_STEP,PR87_ACTIVATED_ONE_STEP,E1_REPLICA_GT_FINE:B1_PLUS_SWEPT_SEGMENT:47145bd4383cf6b9ce894591e6b76122d4df127f6f3d2708a6df27be69487971,ONE_STEP:0,E1_REPLICA_GT_FINE,ACTIVATED,B1_PLUS_SWEPT_SEGMENT,PRIMARY-CBF-FILTERED,EXECUTED_OR_SELECTED_HISTORICAL_CANDIDATE,PASS,True,PASS,FORMAL_SEGMENT_SAFE,"[1.0953960346152836,0.16950633579697025,1.8318073504887598]","[1.0956325135058154,0.17050633579699875,1.831913536300656]",0.00011117388080607131,CERTIFIED_SAFE,SEGMENT_EXACT_SAFE,EXACT_ANALYTIC_SPHERE_SEGMENT_MINIMUM,EXACT_ANALYTIC,3b318a98a454ec5c36410b3c41dfb3dd4a25b7b5a1899f1f2c939fbf24ad0e55,False,False
f6b8dc0518f0c620e57ddeba079e3209083a4473b54f7f7fad680586d6d4c159,PR87_ACTIVATED_ONE_STEP,PR87_ACTIVATED_ONE_STEP,E1_REPLICA_GT_FINE:B2_PLUS_TERMINAL_BACKUP:47145bd4383cf6b9ce894591e6b76122d4df127f6f3d2708a6df27be69487971,ONE_STEP:0,E1_REPLICA_GT_FINE,ACTIVATED,B2_PLUS_TERMINAL_BACKUP,PRIMARY-CBF-FILTERED,LOGGED_NONEXECUTED_HISTORICAL_CANDIDATE,PASS,True,PASS,FORMAL_SEGMENT_SAFE,"[1.0953960346152836,0.16950633579697025,1.8318073504887598]","[1.0956325135058154,0.17050633579699875,1.831913536300656]",0.00011117388080607131,CERTIFIED_SAFE,SEGMENT_EXACT_SAFE,EXACT_ANALYTIC_SPHERE_SEGMENT_MINIMUM,EXACT_ANALYTIC,3b318a98a454ec5c36410b3c41dfb3dd4a25b7b5a1899f1f2c939fbf24ad0e55,False,False
a47841addc0c3319b588ace6c010ac82ea6e5043cd5233cdc833e1fd19136e4c,PR87_ACTIVATED_ONE_STEP,PR87_ACTIVATED_ONE_STEP,E1_REPLICA_GT_FINE:B3_FULL_UNIFIED_WITH_DIRECTIONAL_ALTERNATIVES:47145bd4383cf6b9ce894591e6b76122d4df127f6f3d2708a6df27be69487971,ONE_STEP:0,E1_REPLICA_GT_FINE,ACTIVATED,B3_FULL_UNIFIED_WITH_DIRECTIONAL_ALTERNATIVES,PRIMARY-CBF-FILTERED,LOGGED_NONEXECUTED_HISTORICAL_CANDIDATE,PASS,True,PASS,FORMAL_SEGMENT_SAFE,"[1.0953960346152836,0.16950633579697025,1.8318073504887598]","[1.0956325135058154,0.17050633579699875,1.831913536300656]",0.00011117388080607131,CERTIFIED_SAFE,SEGMENT_EXACT_SAFE,EXACT_ANALYTIC_SPHERE_SEGMENT_MINIMUM,EXACT_ANALYTIC,3b318a98a454ec5c36410b3c41dfb3dd4a25b7b5a1899f1f2c939fbf24ad0e55,False,False
3f664a016444c61761e7dd93ca0ae1a4ea0a8109977c396e88ba0e3f6fd3d5de,PR87_ACTIVATED_ONE_STEP,PR87_ACTIVATED_ONE_STEP,E1_REPLICA_GT_FINE:B1_PLUS_SWEPT_SEGMENT:4d4b8f9fd8186537bd3ed2e58019f82f7938d72118c93c4286fecd651aa968e0,ONE_STEP:0,E1_REPLICA_GT_FINE,ACTIVATED,B1_PLUS_SWEPT_SEGMENT,PRIMARY-CBF-FILTERED,EXECUTED_OR_SELECTED_HISTORICAL_CANDIDATE,PASS,True,PASS,FORMAL_SEGMENT_SAFE,"[0.7863053145165426,0.17361192366955713,2.0219124321783504]","[0.7827252660072985,0.1733619236787694,2.022162432168274]",1.618300454746778e-05,CERTIFIED_SAFE,SEGMENT_EXACT_SAFE,EXACT_ANALYTIC_SPHERE_SEGMENT_MINIMUM,EXACT_ANALYTIC,3b318a98a454ec5c36410b3c41dfb3dd4a25b7b5a1899f1f2c939fbf24ad0e55,False,False
c78b2914de3cdbd886798417a2fce5a442f6b5cee9ab272868988fb3d8eb5f6f,PR87_ACTIVATED_ONE_STEP,PR87_ACTIVATED_ONE_STEP,E1_REPLICA_GT_FINE:B2_PLUS_TERMINAL_BACKUP:4d4b8f9fd8186537bd3ed2e58019f82f7938d72118c93c4286fecd651aa968e0,ONE_STEP:0,E1_REPLICA_GT_FINE,ACTIVATED,B2_PLUS_TERMINAL_BACKUP,PRIMARY-CBF-FILTERED,LOGGED_NONEXECUTED_HISTORICAL_CANDIDATE,PASS,True,PASS,FORMAL_SEGMENT_SAFE,"[0.7863053145165426,0.17361192366955713,2.0219124321783504]","[0.7827252660072985,0.1733619236787694,2.022162432168274]",1.618300454746778e-05,CERTIFIED_SAFE,SEGMENT_EXACT_SAFE,EXACT_ANALYTIC_SPHERE_SEGMENT_MINIMUM,EXACT_ANALYTIC,3b318a98a454ec5c36410b3c41dfb3dd4a25b7b5a1899f1f2c939fbf24ad0e55,False,False
d2b494d4fc2288a27af97e6656024f995f31f4f2188a6e991c39891ec9bcc229,PR87_ACTIVATED_ONE_STEP,PR87_ACTIVATED_ONE_STEP,E1_REPLICA_GT_FINE:B3_FULL_UNIFIED_WITH_DIRECTIONAL_ALTERNATIVES:4d4b8f9fd8186537bd3ed2e58019f82f7938d72118c93c4286fecd651aa968e0,ONE_STEP:0,E1_REPLICA_GT_FINE,ACTIVATED,B3_FULL_UNIFIED_WITH_DIRECTIONAL_ALTERNATIVES,PRIMARY-CBF-FILTERED,LOGGED_NONEXECUTED_HISTORICAL_CANDIDATE,PASS,True,PASS,FORMAL_SEGMENT_SAFE,"[0.7863053145165426,0.17361192366955713,2.0219124321783504]","[0.7827252660072985,0.1733619236787694,2.022162432168274]",1.618300454746778e-05,CERTIFIED_SAFE,SEGMENT_EXACT_SAFE,EXACT_ANALYTIC_SPHERE_SEGMENT_MINIMUM,EXACT_ANALYTIC,3b318a98a454ec5c36410b3c41dfb3dd4a25b7b5a1899f1f2c939fbf24ad0e55,False,False
aaa6f7a0efaa992ce7bba789e3839114cc5b289856ba6be29f1c096734e67a2b,PR87_ACTIVATED_ONE_STEP,PR87_ACTIVATED_ONE_STEP,E1_REPLICA_GT_FINE:B1_PLUS_SWEPT_SEGMENT:5f5e80f83c4431242624e900d938f8d85ea286c5505e34378dee68623f4ad915,ONE_STEP:0,E1_REPLICA_GT_FINE,ACTIVATED,B1_PLUS_SWEPT_SEGMENT,PRIMARY-CBF-FILTERED,EXECUTED_OR_SELECTED_HISTORICAL_CANDIDATE,PASS,True,PASS,FORMAL_SEGMENT_SAFE,"[1.093682191320988,0.1701404605021442,1.8324435141206423]","[1.0924395994543157,0.1698905165076494,1.8333453710064962]",2.257533794057867e-06,CERTIFIED_SAFE,SEGMENT_EXACT_SAFE,EXACT_ANALYTIC_SPHERE_SEGMENT_MINIMUM,EXACT_ANALYTIC,3b318a98a454ec5c36410b3c41dfb3dd4a25b7b5a1899f1f2c939fbf24ad0e55,False,False
c01731093d6f467089908026d9e744d3461555beacef5fbe73bdf7a64fff27d3,PR87_ACTIVATED_ONE_STEP,PR87_ACTIVATED_ONE_STEP,E1_REPLICA_GT_FINE:B2_PLUS_TERMINAL_BACKUP:5f5e80f83c4431242624e900d938f8d85ea286c5505e34378dee68623f4ad915,ONE_STEP:0,E1_REPLICA_GT_FINE,ACTIVATED,B2_PLUS_TERMINAL_BACKUP,PRIMARY-CBF-FILTERED,LOGGED_NONEXECUTED_HISTORICAL_CANDIDATE,PASS,True,PASS,FORMAL_SEGMENT_SAFE,"[1.093682191320988,0.1701404605021442,1.8324435141206423]","[1.0924395994543157,0.1698905165076494,1.8333453710064962]",2.257533794057867e-06,CERTIFIED_SAFE,SEGMENT_EXACT_SAFE,EXACT_ANALYTIC_SPHERE_SEGMENT_MINIMUM,EXACT_ANALYTIC,3b318a98a454ec5c36410b3c41dfb3dd4a25b7b5a1899f1f2c939fbf24ad0e55,False,False
0165ad324f9b14b27e038a6e79b7ed29656846fc96bc3a38cc1f9057a9a5b32d,PR87_ACTIVATED_ONE_STEP,PR87_ACTIVATED_ONE_STEP,E1_REPLICA_GT_FINE:B3_FULL_UNIFIED_WITH_DIRECTIONAL_ALTERNATIVES:5f5e80f83c4431242624e900d938f8d85ea286c5505e34378dee68623f4ad915,ONE_STEP:0,E1_REPLICA_GT_FINE,ACTIVATED,B3_FULL_UNIFIED_WITH_DIRECTIONAL_ALTERNATIVES,PRIMARY-CBF-FILTERED,LOGGED_NONEXECUTED_HISTORICAL_CANDIDATE,PASS,True,PASS,FORMAL_SEGMENT_SAFE,"[1.093682191320988,0.1701404605021442,1.8324435141206423]","[1.0924395994543157,0.1698905165076494,1.8333453710064962]",2.257533794057867e-06,CERTIFIED_SAFE,SEGMENT_EXACT_SAFE,EXACT_ANALYTIC_SPHERE_SEGMENT_MINIMUM,EXACT_ANALYTIC,3b318a98a454ec5c36410b3c41dfb3dd4a25b7b5a1899f1f2c939fbf24ad0e55,False,False
7ef3deb0ed7a26a2876be2ffbb66ec704493b0719eb882df802f9a6dc209d2ba,PR87_ACTIVATED_ONE_STEP,PR87_ACTIVATED_ONE_STEP,E1_REPLICA_GT_FINE:B1_PLUS_SWEPT_SEGMENT:7b7349d13633bc3dd9240dbe0e1844111cb45b2edf5c00b24a071d9344450cec,ONE_STEP:0,E1_REPLICA_GT_FINE,ACTIVATED,B1_PLUS_SWEPT_SEGMENT,PRIMARY-CBF-FILTERED,EXECUTED_OR_SELECTED_HISTORICAL_CANDIDATE,PASS,True,PASS,FORMAL_SEGMENT_SAFE,"[1.0934589903460796,0.1688567722702179,1.8332481581524878]","[1.0937070239517008,0.1698567722704611,1.833335601019327]",0.00010348718151858595,CERTIFIED_SAFE,SEGMENT_EXACT_SAFE,EXACT_ANALYTIC_SPHERE_SEGMENT_MINIMUM,EXACT_ANALYTIC,3b318a98a454ec5c36410b3c41dfb3dd4a25b7b5a1899f1f2c939fbf24ad0e55,False,False
4189937ca2f938a9ffc03feff6c4a42674282ec98cd5e053b97a1b627618b6bf,PR87_ACTIVATED_ONE_STEP,PR87_ACTIVATED_ONE_STEP,E1_REPLICA_GT_FINE:B2_PLUS_TERMINAL_BACKUP:7b7349d13633bc3dd9240dbe0e1844111cb45b2edf5c00b24a071d9344450cec,ONE_STEP:0,E1_REPLICA_GT_FINE,ACTIVATED,B2_PLUS_TERMINAL_BACKUP,PRIMARY-CBF-FILTERED,LOGGED_NONEXECUTED_HISTORICAL_CANDIDATE,PASS,True,PASS,FORMAL_SEGMENT_SAFE,"[1.0934589903460796,0.1688567722702179,1.8332481581524878]","[1.0937070239517008,0.1698567722704611,1.833335601019327]",0.00010348718151858595,CERTIFIED_SAFE,SEGMENT_EXACT_SAFE,EXACT_ANALYTIC_SPHERE_SEGMENT_MINIMUM,EXACT_ANALYTIC,3b318a98a454ec5c36410b3c41dfb3dd4a25b7b5a1899f1f2c939fbf24ad0e55,False,False
e3efc7239c3f58b199d34a714e844211abc47b573b4bc5ebdb454dc58d78d15d,PR87_ACTIVATED_ONE_STEP,PR87_ACTIVATED_ONE_STEP,E1_REPLICA_GT_FINE:B3_FULL_UNIFIED_WITH_DIRECTIONAL_ALTERNATIVES:7b7349d13633bc3dd9240dbe0e1844111cb45b2edf5c00b24a071d9344450cec,ONE_STEP:0,E1_REPLICA_GT_FINE,ACTIVATED,B3_FULL_UNIFIED_WITH_DIRECTIONAL_ALTERNATIVES,PRIMARY-CBF-FILTERED,LOGGED_NONEXECUTED_HISTORICAL_CANDIDATE,PASS,True,PASS,FORMAL_SEGMENT_SAFE,"[1.0934589903460796,0.1688567722702179,1.8332481581524878]","[1.0937070239517008,0.1698567722704611,1.833335601019327]",0.00010348718151858595,CERTIFIED_SAFE,SEGMENT_EXACT_SAFE,EXACT_ANALYTIC_SPHERE_SEGMENT_MINIMUM,EXACT_ANALYTIC,3b318a98a454ec5c36410b3c41dfb3dd4a25b7b5a1899f1f2c939fbf24ad0e55,False,False
1fb600b4695c95fe7389a858f1d6654fea898ec491aeb0113fa4e28500a19a5c,PR87_ACTIVATED_ONE_STEP,PR87_ACTIVATED_ONE_STEP,E1_REPLICA_GT_FINE:B1_PLUS_SWEPT_SEGMENT:7bb65ed44808569d230d1ad0d1e05845d12dc1396c2a1176a9a593be7ff9779e,ONE_STEP:0,E1_REPLICA_GT_FINE,ACTIVATED,B1_PLUS_SWEPT_SEGMENT,PRIMARY-CBF-FILTERED,EXECUTED_OR_SELECTED_HISTORICAL_CANDIDATE,PASS,True,FAIL,FORMAL_SEGMENT_UNSAFE,"[0.7921995410213837,0.1726506513989348,2.019683326301711]","[0.7919495685626223,0.17240081298150417,2.018683233253648]",-2.81096180786769e-05,CERTIFIED_UNSAFE,SEGMENT_EXACT_UNSAFE,EXACT_ANALYTIC_SPHERE_SEGMENT_MINIMUM,EXACT_ANALYTIC,3b318a98a454ec5c36410b3c41dfb3dd4a25b7b5a1899f1f2c939fbf24ad0e55,False,False
46ab9ab1050406641674b9a2b113396a6db1d08622c3cd7cb58115d81160edb5,PR87_ACTIVATED_ONE_STEP,PR87_ACTIVATED_ONE_STEP,E1_REPLICA_GT_FINE:B2_PLUS_TERMINAL_BACKUP:7bb65ed44808569d230d1ad0d1e05845d12dc1396c2a1176a9a593be7ff9779e,ONE_STEP:0,E1_REPLICA_GT_FINE,ACTIVATED,B2_PLUS_TERMINAL_BACKUP,PRIMARY-CBF-FILTERED,LOGGED_NONEXECUTED_HISTORICAL_CANDIDATE,PASS,True,FAIL,FORMAL_SEGMENT_UNSAFE,"[0.7921995410213837,0.1726506513989348,2.019683326301711]","[0.7919495685626223,0.17240081298150417,2.018683233253648]",-2.81096180786769e-05,CERTIFIED_UNSAFE,SEGMENT_EXACT_UNSAFE,EXACT_ANALYTIC_SPHERE_SEGMENT_MINIMUM,EXACT_ANALYTIC,3b318a98a454ec5c36410b3c41dfb3dd4a25b7b5a1899f1f2c939fbf24ad0e55,False,False
1949896a1f3c0bfcabc47ae1e2c2be8abbe7c6e8ee444eca30a97941546195f6,PR87_ACTIVATED_ONE_STEP,PR87_ACTIVATED_ONE_STEP,E1_REPLICA_GT_FINE:B3_FULL_UNIFIED_WITH_DIRECTIONAL_ALTERNATIVES:7bb65ed44808569d230d1ad0d1e05845d12dc1396c2a1176a9a593be7ff9779e,ONE_STEP:0,E1_REPLICA_GT_FINE,ACTIVATED,B3_FULL_UNIFIED_WITH_DIRECTIONAL_ALTERNATIVES,PRIMARY-CBF-FILTERED,LOGGED_NONEXECUTED_HISTORICAL_CANDIDATE,PASS,True,FAIL,FORMAL_SEGMENT_UNSAFE,"[0.7921995410213837,0.1726506513989348,2.019683326301711]","[0.7919495685626223,0.17240081298150417,2.018683233253648]",-2.81096180786769e-05,CERTIFIED_UNSAFE,SEGMENT_EXACT_UNSAFE,EXACT_ANALYTIC_SPHERE_SEGMENT_MINIMUM,EXACT_ANALYTIC,3b318a98a454ec5c36410b3c41dfb3dd4a25b7b5a1899f1f2c939fbf24ad0e55,False,False
aeb17b2ae91bd63cd1863598a13651209197c1be73132a677b451ca9d36943bf,PR87_ACTIVATED_ONE_STEP,PR87_ACTIVATED_ONE_STEP,E1_REPLICA_GT_FINE:B1_PLUS_SWEPT_SEGMENT:8cfd4d5ab6e1be8bd9e59da7c8f72937decaaef1e40469be0f76f7a27d3eafef,ONE_STEP:0,E1_REPLICA_GT_FINE,ACTIVATED,B1_PLUS_SWEPT_SEGMENT,PRIMARY-CBF-FILTERED,EXECUTED_OR_SELECTED_HISTORICAL_CANDIDATE,PASS,True,PASS,FORMAL_SEGMENT_SAFE,"[1.0947270249460683,0.1701404605021442,1.8280073489102875]","[1.0945777026440269,0.16989046050455328,1.8245073489060415]",0.0001164114627442217,CERTIFIED_SAFE,SEGMENT_EXACT_SAFE,EXACT_ANALYTIC_SPHERE_SEGMENT_MINIMUM,EXACT_ANALYTIC,3b318a98a454ec5c36410b3c41dfb3dd4a25b7b5a1899f1f2c939fbf24ad0e55,False,False
8e4ba092828fe91b2dd6a1fc8e9b92d8c215dd516c69ac799f67ecd28b20390a,PR87_ACTIVATED_ONE_STEP,PR87_ACTIVATED_ONE_STEP,E1_REPLICA_GT_FINE:B2_PLUS_TERMINAL_BACKUP:8cfd4d5ab6e1be8bd9e59da7c8f72937decaaef1e40469be0f76f7a27d3eafef,ONE_STEP:0,E1_REPLICA_GT_FINE,ACTIVATED,B2_PLUS_TERMINAL_BACKUP,PRIMARY-CBF-FILTERED,LOGGED_NONEXECUTED_HISTORICAL_CANDIDATE,PASS,True,PASS,FORMAL_SEGMENT_SAFE,"[1.0947270249460683,0.1701404605021442,1.8280073489102875]","[1.0945777026440269,0.16989046050455328,1.8245073489060415]",0.0001164114627442217,CERTIFIED_SAFE,SEGMENT_EXACT_SAFE,EXACT_ANALYTIC_SPHERE_SEGMENT_MINIMUM,EXACT_ANALYTIC,3b318a98a454ec5c36410b3c41dfb3dd4a25b7b5a1899f1f2c939fbf24ad0e55,False,False
1a2515d2528fcc21bd45be7fbec02e24f68439be7a71acddac5c8a765f0b2055,PR87_ACTIVATED_ONE_STEP,PR87_ACTIVATED_ONE_STEP,E1_REPLICA_GT_FINE:B3_FULL_UNIFIED_WITH_DIRECTIONAL_ALTERNATIVES:8cfd4d5ab6e1be8bd9e59da7c8f72937decaaef1e40469be0f76f7a27d3eafef,ONE_STEP:0,E1_REPLICA_GT_FINE,ACTIVATED,B3_FULL_UNIFIED_WITH_DIRECTIONAL_ALTERNATIVES,PRIMARY-CBF-FILTERED,LOGGED_NONEXECUTED_HISTORICAL_CANDIDATE,PASS,True,PASS,FORMAL_SEGMENT_SAFE,"[1.0947270249460683,0.1701404605021442,1.8280073489102875]","[1.0945777026440269,0.16989046050455328,1.8245073489060415]",0.0001164114627442217,CERTIFIED_SAFE,SEGMENT_EXACT_SAFE,EXACT_ANALYTIC_SPHERE_SEGMENT_MINIMUM,EXACT_ANALYTIC,3b318a98a454ec5c36410b3c41dfb3dd4a25b7b5a1899f1f2c939fbf24ad0e55,False,False
f4db8cfb7c81009b747ef140cc418ac20f10900d4f5d8db01c47fe86a4bada23,PR87_ACTIVATED_ONE_STEP,PR87_ACTIVATED_ONE_STEP,E1_REPLICA_GT_FINE:B1_PLUS_SWEPT_SEGMENT:8e97a425539ed75072debf66f0644d0e9c4181580ef999967b2b92fdc7afd354,ONE_STEP:0,E1_REPLICA_GT_FINE,ACTIVATED,B1_PLUS_SWEPT_SEGMENT,PRIMARY-CBF-FILTERED,EXECUTED_OR_SELECTED_HISTORICAL_CANDIDATE,PASS,True,PASS,FORMAL_SEGMENT_SAFE,"[1.0926561787430213,0.16986772191642666,1.829438156258321]","[1.0925071265040334,0.1696177219306039,1.8259381562328472]",1.350723149123878e-05,CERTIFIED_SAFE,SEGMENT_EXACT_SAFE,EXACT_ANALYTIC_SPHERE_SEGMENT_MINIMUM,EXACT_ANALYTIC,3b318a98a454ec5c36410b3c41dfb3dd4a25b7b5a1899f1f2c939fbf24ad0e55,False,False
8a0761fcdc24e98325b560524c2e4e734d4c5c7f0077a46a4923279e657f9f9b,PR87_ACTIVATED_ONE_STEP,PR87_ACTIVATED_ONE_STEP,E1_REPLICA_GT_FINE:B2_PLUS_TERMINAL_BACKUP:8e97a425539ed75072debf66f0644d0e9c4181580ef999967b2b92fdc7afd354,ONE_STEP:0,E1_REPLICA_GT_FINE,ACTIVATED,B2_PLUS_TERMINAL_BACKUP,PRIMARY-CBF-FILTERED,LOGGED_NONEXECUTED_HISTORICAL_CANDIDATE,PASS,True,PASS,FORMAL_SEGMENT_SAFE,"[1.0926561787430213,0.16986772191642666,1.829438156258321]","[1.0925071265040334,0.1696177219306039,1.8259381562328472]",1.350723149123878e-05,CERTIFIED_SAFE,SEGMENT_EXACT_SAFE,EXACT_ANALYTIC_SPHERE_SEGMENT_MINIMUM,EXACT_ANALYTIC,3b318a98a454ec5c36410b3c41dfb3dd4a25b7b5a1899f1f2c939fbf24ad0e55,False,False
fb67e66beb4c3efa37e7ebeb3b8d72d27183bea2f34535afcd7714eb22865cf4,PR87_ACTIVATED_ONE_STEP,PR87_ACTIVATED_ONE_STEP,E1_REPLICA_GT_FINE:B3_FULL_UNIFIED_WITH_DIRECTIONAL_ALTERNATIVES:8e97a425539ed75072debf66f0644d0e9c4181580ef999967b2b92fdc7afd354,ONE_STEP:0,E1_REPLICA_GT_FINE,ACTIVATED,B3_FULL_UNIFIED_WITH_DIRECTIONAL_ALTERNATIVES,PRIMARY-CBF-FILTERED,LOGGED_NONEXECUTED_HISTORICAL_CANDIDATE,PASS,True,PASS,FORMAL_SEGMENT_SAFE,"[1.0926561787430213,0.16986772191642666,1.829438156258321]","[1.0925071265040334,0.1696177219306039,1.8259381562328472]",1.350723149123878e-05,CERTIFIED_SAFE,SEGMENT_EXACT_SAFE,EXACT_ANALYTIC_SPHERE_SEGMENT_MINIMUM,EXACT_ANALYTIC,3b318a98a454ec5c36410b3c41dfb3dd4a25b7b5a1899f1f2c939fbf24ad0e55,False,False
2297f13fe8e87ea3b5270ebf98b39a81bbbde84cd6d51c818a34f4ab41db5bfc,PR87_ACTIVATED_ONE_STEP,PR87_ACTIVATED_ONE_STEP,E1_REPLICA_GT_FINE:B1_PLUS_SWEPT_SEGMENT:bb044f605dfd904c2de1021086b6c1a0c0c91797906a4302c91d8a7dfc5a39e9,ONE_STEP:0,E1_REPLICA_GT_FINE,ACTIVATED,B1_PLUS_SWEPT_SEGMENT,PRIMARY-CBF-FILTERED,EXECUTED_OR_SELECTED_HISTORICAL_CANDIDATE,PASS,True,PASS,FORMAL_SEGMENT_SAFE,"[1.0926294183562526,0.1699430869046336,1.833186156195182]","[1.0905392263034996,0.16907600155230815,1.8348049234751913]",4.400399999989618e-06,CERTIFIED_SAFE,SEGMENT_EXACT_SAFE,EXACT_ANALYTIC_SPHERE_SEGMENT_MINIMUM,EXACT_ANALYTIC,3b318a98a454ec5c36410b3c41dfb3dd4a25b7b5a1899f1f2c939fbf24ad0e55,False,False
a3f8590a4f4f5802fecdfe462ed7e44f2d275d264396d926744fed14d6c64727,PR87_ACTIVATED_ONE_STEP,PR87_ACTIVATED_ONE_STEP,E1_REPLICA_GT_FINE:B2_PLUS_TERMINAL_BACKUP:bb044f605dfd904c2de1021086b6c1a0c0c91797906a4302c91d8a7dfc5a39e9,ONE_STEP:0,E1_REPLICA_GT_FINE,ACTIVATED,B2_PLUS_TERMINAL_BACKUP,PRIMARY-CBF-FILTERED,LOGGED_NONEXECUTED_HISTORICAL_CANDIDATE,PASS,True,PASS,FORMAL_SEGMENT_SAFE,"[1.0926294183562526,0.1699430869046336,1.833186156195182]","[1.0905392263034996,0.16907600155230815,1.8348049234751913]",4.400399999989618e-06,CERTIFIED_SAFE,SEGMENT_EXACT_SAFE,EXACT_ANALYTIC_SPHERE_SEGMENT_MINIMUM,EXACT_ANALYTIC,3b318a98a454ec5c36410b3c41dfb3dd4a25b7b5a1899f1f2c939fbf24ad0e55,False,False
4f9f74a50103fd9175ba0123c0c630e40200a02105095378d9eaa73f18f33176,PR87_ACTIVATED_ONE_STEP,PR87_ACTIVATED_ONE_STEP,E1_REPLICA_GT_FINE:B3_FULL_UNIFIED_WITH_DIRECTIONAL_ALTERNATIVES:bb044f605dfd904c2de1021086b6c1a0c0c91797906a4302c91d8a7dfc5a39e9,ONE_STEP:0,E1_REPLICA_GT_FINE,ACTIVATED,B3_FULL_UNIFIED_WITH_DIRECTIONAL_ALTERNATIVES,PRIMARY-CBF-FILTERED,LOGGED_NONEXECUTED_HISTORICAL_CANDIDATE,PASS,True,PASS,FORMAL_SEGMENT_SAFE,"[1.0926294183562526,0.1699430869046336,1.833186156195182]","[1.0905392263034996,0.16907600155230815,1.8348049234751913]",4.400399999989618e-06,CERTIFIED_SAFE,SEGMENT_EXACT_SAFE,EXACT_ANALYTIC_SPHERE_SEGMENT_MINIMUM,EXACT_ANALYTIC,3b318a98a454ec5c36410b3c41dfb3dd4a25b7b5a1899f1f2c939fbf24ad0e55,False,False
a7a86039e1ee6229233151677ffd0c3366403082d29cb340a7057d9ae13b3c65,PR87_ACTIVATED_ONE_STEP,PR87_ACTIVATED_ONE_STEP,E1_REPLICA_GT_FINE:B1_PLUS_SWEPT_SEGMENT:bea5581de93d16fb9abb527c3aa9525580f04cb908ff6292939ff6f14c48d63f,ONE_STEP:0,E1_REPLICA_GT_FINE,ACTIVATED,B1_PLUS_SWEPT_SEGMENT,PRIMARY-CBF-FILTERED,EXECUTED_OR_SELECTED_HISTORICAL_CANDIDATE,PASS,True,PASS,FORMAL_SEGMENT_SAFE,"[1.0898081027825801,0.1688413334486395,1.8353251294480983]","[1.0885655108430228,0.16859151254841226,1.8362269863976208]",2.5995435081157744e-05,CERTIFIED_SAFE,SEGMENT_EXACT_SAFE,EXACT_ANALYTIC_SPHERE_SEGMENT_MINIMUM,EXACT_ANALYTIC,3b318a98a454ec5c36410b3c41dfb3dd4a25b7b5a1899f1f2c939fbf24ad0e55,False,False
bafff0933c3cb2f0109be836067586236b52d9f98c282fad8a0a083b4694cd33,PR87_ACTIVATED_ONE_STEP,PR87_ACTIVATED_ONE_STEP,E1_REPLICA_GT_FINE:B2_PLUS_TERMINAL_BACKUP:bea5581de93d16fb9abb527c3aa9525580f04cb908ff6292939ff6f14c48d63f,ONE_STEP:0,E1_REPLICA_GT_FINE,ACTIVATED,B2_PLUS_TERMINAL_BACKUP,PRIMARY-CBF-FILTERED,LOGGED_NONEXECUTED_HISTORICAL_CANDIDATE,PASS,True,PASS,FORMAL_SEGMENT_SAFE,"[1.0898081027825801,0.1688413334486395,1.8353251294480983]","[1.0885655108430228,0.16859151254841226,1.8362269863976208]",2.5995435081157744e-05,CERTIFIED_SAFE,SEGMENT_EXACT_SAFE,EXACT_ANALYTIC_SPHERE_SEGMENT_MINIMUM,EXACT_ANALYTIC,3b318a98a454ec5c36410b3c41dfb3dd4a25b7b5a1899f1f2c939fbf24ad0e55,False,False
a4c448d1f658ee88ac358601b1f7c7447c0c97eb5de285af34cf694a852b7abc,PR87_ACTIVATED_ONE_STEP,PR87_ACTIVATED_ONE_STEP,E1_REPLICA_GT_FINE:B3_FULL_UNIFIED_WITH_DIRECTIONAL_ALTERNATIVES:bea5581de93d16fb9abb527c3aa9525580f04cb908ff6292939ff6f14c48d63f,ONE_STEP:0,E1_REPLICA_GT_FINE,ACTIVATED,B3_FULL_UNIFIED_WITH_DIRECTIONAL_ALTERNATIVES,PRIMARY-CBF-FILTERED,LOGGED_NONEXECUTED_HISTORICAL_CANDIDATE,PASS,True,PASS,FORMAL_SEGMENT_SAFE,"[1.0898081027825801,0.1688413334486395,1.8353251294480983]","[1.0885655108430228,0.16859151254841226,1.8362269863976208]",2.5995435081157744e-05,CERTIFIED_SAFE,SEGMENT_EXACT_SAFE,EXACT_ANALYTIC_SPHERE_SEGMENT_MINIMUM,EXACT_ANALYTIC,3b318a98a454ec5c36410b3c41dfb3dd4a25b7b5a1899f1f2c939fbf24ad0e55,False,False
1412fcf21acc062dbb3d9a4b2b27d9602f218aaee2baf4440fd75c431fa3fd93,PR87_ACTIVATED_ONE_STEP,PR87_ACTIVATED_ONE_STEP,E1_REPLICA_GT_FINE:B1_PLUS_SWEPT_SEGMENT:0531022292ad1eb4b8a1cf53466125c2f1e3433546e2c0f69bd3929c1229d155,ONE_STEP:0,E1_REPLICA_GT_FINE,ACTIVATED,B1_PLUS_SWEPT_SEGMENT,PRIMARY-CBF-FILTERED,EXECUTED_OR_SELECTED_HISTORICAL_CANDIDATE,PASS,True,PASS,FORMAL_SEGMENT_SAFE,"[0.7854112789160403,0.17417135549925136,2.023070770372361]","[0.7827862789185388,0.17392145192553624,2.0233206910761683]",1.540794012148787e-05,CERTIFIED_SAFE,SEGMENT_EXACT_SAFE,EXACT_ANALYTIC_SPHERE_SEGMENT_MINIMUM,EXACT_ANALYTIC,3b318a98a454ec5c36410b3c41dfb3dd4a25b7b5a1899f1f2c939fbf24ad0e55,False,False
763a905f22fa84de8a1ac4a77bc285ca9fe4eb83f2ea32981053baea2b1ec0ca,PR87_ACTIVATED_ONE_STEP,PR87_ACTIVATED_ONE_STEP,E1_REPLICA_GT_FINE:B2_PLUS_TERMINAL_BACKUP:0531022292ad1eb4b8a1cf53466125c2f1e3433546e2c0f69bd3929c1229d155,ONE_STEP:0,E1_REPLICA_GT_FINE,ACTIVATED,B2_PLUS_TERMINAL_BACKUP,PRIMARY-CBF-FILTERED,LOGGED_NONEXECUTED_HISTORICAL_CANDIDATE,PASS,True,PASS,FORMAL_SEGMENT_SAFE,"[0.7854112789160403,0.17417135549925136,2.023070770372361]","[0.7827862789185388,0.17392145192553624,2.0233206910761683]",1.540794012148787e-05,CERTIFIED_SAFE,SEGMENT_EXACT_SAFE,EXACT_ANALYTIC_SPHERE_SEGMENT_MINIMUM,EXACT_ANALYTIC,3b318a98a454ec5c36410b3c41dfb3dd4a25b7b5a1899f1f2c939fbf24ad0e55,False,False
3512375c3e0a42953b6d931eacfc2fd2da748df3f1190958a175d01cd8efe6f1,PR87_ACTIVATED_ONE_STEP,PR87_ACTIVATED_ONE_STEP,E1_REPLICA_GT_FINE:B3_FULL_UNIFIED_WITH_DIRECTIONAL_ALTERNATIVES:0531022292ad1eb4b8a1cf53466125c2f1e3433546e2c0f69bd3929c1229d155,ONE_STEP:0,E1_REPLICA_GT_FINE,ACTIVATED,B3_FULL_UNIFIED_WITH_DIRECTIONAL_ALTERNATIVES,ALT-01-OUTWARD,EXECUTED_OR_SELECTED_HISTORICAL_CANDIDATE,PASS,True,PASS,FORMAL_SEGMENT_SAFE,"[0.7854112789160403,0.17417135549925136,2.023070770372361]","[0.7829067706557971,0.17392135549925136,2.023185316186599]",1.540794012148787e-05,CERTIFIED_SAFE,SEGMENT_EXACT_SAFE,EXACT_ANALYTIC_SPHERE_SEGMENT_MINIMUM,EXACT_ANALYTIC,3b318a98a454ec5c36410b3c41dfb3dd4a25b7b5a1899f1f2c939fbf24ad0e55,False,False
a1a8780cfedded1f447553e5c48e67d7035401c37b7919bf80901657341c8e0a,PR87_ACTIVATED_ONE_STEP,PR87_ACTIVATED_ONE_STEP,E1_REPLICA_GT_FINE:B3_FULL_UNIFIED_WITH_DIRECTIONAL_ALTERNATIVES:0531022292ad1eb4b8a1cf53466125c2f1e3433546e2c0f69bd3929c1229d155,ONE_STEP:0,E1_REPLICA_GT_FINE,ACTIVATED,B3_FULL_UNIFIED_WITH_DIRECTIONAL_ALTERNATIVES,PRIMARY-CBF-FILTERED,LOGGED_NONEXECUTED_HISTORICAL_CANDIDATE,PASS,True,PASS,FORMAL_SEGMENT_SAFE,"[0.7854112789160403,0.17417135549925136,2.023070770372361]","[0.7827862789185388,0.17392145192553624,2.0233206910761683]",1.540794012148787e-05,CERTIFIED_SAFE,SEGMENT_EXACT_SAFE,EXACT_ANALYTIC_SPHERE_SEGMENT_MINIMUM,EXACT_ANALYTIC,3b318a98a454ec5c36410b3c41dfb3dd4a25b7b5a1899f1f2c939fbf24ad0e55,False,False
57b1fb82e8245b2afb03d76d437e521413e49ee8c64b42e97c24706fd8ea91b8,PR87_ACTIVATED_ONE_STEP,PR87_ACTIVATED_ONE_STEP,E1_REPLICA_GT_FINE:B1_PLUS_SWEPT_SEGMENT:298541153911bb2c154c7fe120cd5cabd2a748c130ef9ba7b660c604056f7965,ONE_STEP:0,E1_REPLICA_GT_FINE,ACTIVATED,B1_PLUS_SWEPT_SEGMENT,PRIMARY-CBF-FILTERED,EXECUTED_OR_SELECTED_HISTORICAL_CANDIDATE,PASS,True,PASS,FORMAL_SEGMENT_SAFE,"[0.7854112875935103,0.17415309002466373,2.023078917295878]","[0.7827862875958824,0.17390318470395813,2.0233288386794315]",1.9807994569784326e-05,CERTIFIED_SAFE,SEGMENT_EXACT_SAFE,EXACT_ANALYTIC_SPHERE_SEGMENT_MINIMUM,EXACT_ANALYTIC,3b318a98a454ec5c36410b3c41dfb3dd4a25b7b5a1899f1f2c939fbf24ad0e55,False,False
895b56e2f10a358bf935032f574d0d6b10071fd3e1bbca7ca00184b35bef7ec5,PR87_ACTIVATED_ONE_STEP,PR87_ACTIVATED_ONE_STEP,E1_REPLICA_GT_FINE:B2_PLUS_TERMINAL_BACKUP:298541153911bb2c154c7fe120cd5cabd2a748c130ef9ba7b660c604056f7965,ONE_STEP:0,E1_REPLICA_GT_FINE,ACTIVATED,B2_PLUS_TERMINAL_BACKUP,PRIMARY-CBF-FILTERED,LOGGED_NONEXECUTED_HISTORICAL_CANDIDATE,PASS,True,PASS,FORMAL_SEGMENT_SAFE,"[0.7854112875935103,0.17415309002466373,2.023078917295878]","[0.7827862875958824,0.17390318470395813,2.0233288386794315]",1.9807994569784326e-05,CERTIFIED_SAFE,SEGMENT_EXACT_SAFE,EXACT_ANALYTIC_SPHERE_SEGMENT_MINIMUM,EXACT_ANALYTIC,3b318a98a454ec5c36410b3c41dfb3dd4a25b7b5a1899f1f2c939fbf24ad0e55,False,False
45617d6f8c96a54eb3e27701026577d009dca8232e04a584ae9f17c2746e85d8,PR87_ACTIVATED_ONE_STEP,PR87_ACTIVATED_ONE_STEP,E1_REPLICA_GT_FINE:B3_FULL_UNIFIED_WITH_DIRECTIONAL_ALTERNATIVES:298541153911bb2c154c7fe120cd5cabd2a748c130ef9ba7b660c604056f7965,ONE_STEP:0,E1_REPLICA_GT_FINE,ACTIVATED,B3_FULL_UNIFIED_WITH_DIRECTIONAL_ALTERNATIVES,ALT-01-OUTWARD,EXECUTED_OR_SELECTED_HISTORICAL_CANDIDATE,PASS,True,PASS,FORMAL_SEGMENT_SAFE,"[0.7854112875935103,0.17415309002466373,2.023078917295878]","[0.7829067800628065,0.17390309002466373,2.023193462631011]",1.9807994569784326e-05,CERTIFIED_SAFE,SEGMENT_EXACT_SAFE,EXACT_ANALYTIC_SPHERE_SEGMENT_MINIMUM,EXACT_ANALYTIC,3b318a98a454ec5c36410b3c41dfb3dd4a25b7b5a1899f1f2c939fbf24ad0e55,False,False
58ea602c8d946231319dd181aad1b131e26d70e5fe6f7183645ff34e3247c5a1,PR87_ACTIVATED_ONE_STEP,PR87_ACTIVATED_ONE_STEP,E1_REPLICA_GT_FINE:B3_FULL_UNIFIED_WITH_DIRECTIONAL_ALTERNATIVES:298541153911bb2c154c7fe120cd5cabd2a748c130ef9ba7b660c604056f7965,ONE_STEP:0,E1_REPLICA_GT_FINE,ACTIVATED,B3_FULL_UNIFIED_WITH_DIRECTIONAL_ALTERNATIVES,PRIMARY-CBF-FILTERED,LOGGED_NONEXECUTED_HISTORICAL_CANDIDATE,PASS,True,PASS,FORMAL_SEGMENT_SAFE,"[0.7854112875935103,0.17415309002466373,2.023078917295878]","[0.7827862875958824,0.17390318470395813,2.0233288386794315]",1.9807994569784326e-05,CERTIFIED_SAFE,SEGMENT_EXACT_SAFE,EXACT_ANALYTIC_SPHERE_SEGMENT_MINIMUM,EXACT_ANALYTIC,3b318a98a454ec5c36410b3c41dfb3dd4a25b7b5a1899f1f2c939fbf24ad0e55,False,False
106d1a21d11a5b9f1aaa7abffe3e6fa17a53ba68a28370c219d94cd4f7d6017c,PR87_ACTIVATED_ONE_STEP,PR87_ACTIVATED_ONE_STEP,E1_REPLICA_GT_FINE:B1_PLUS_SWEPT_SEGMENT:31be8c87d4f6f992b3522a54c33f7e6e40e89379d1fd6c01c89ee435aac35228,ONE_STEP:0,E1_REPLICA_GT_FINE,ACTIVATED,B1_PLUS_SWEPT_SEGMENT,PRIMARY-CBF-FILTERED,EXECUTED_OR_SELECTED_HISTORICAL_CANDIDATE,PASS,True,PASS,FORMAL_SEGMENT_SAFE,"[1.0919887109595663,0.1686950840357222,1.8339310608004975]","[1.088978422884405,0.16751945604177312,1.8362342117190151]",0.00022235054865797112,CERTIFIED_SAFE,SEGMENT_EXACT_SAFE,EXACT_ANALYTIC_SPHERE_SEGMENT_MINIMUM,EXACT_ANALYTIC,3b318a98a454ec5c36410b3c41dfb3dd4a25b7b5a1899f1f2c939fbf24ad0e55,False,False
a01d0496247d37cb7850c8cc5b7372d7615564ce682690344f4dd102a16d0d47,PR87_ACTIVATED_ONE_STEP,PR87_ACTIVATED_ONE_STEP,E1_REPLICA_GT_FINE:B2_PLUS_TERMINAL_BACKUP:31be8c87d4f6f992b3522a54c33f7e6e40e89379d1fd6c01c89ee435aac35228,ONE_STEP:0,E1_REPLICA_GT_FINE,ACTIVATED,B2_PLUS_TERMINAL_BACKUP,PRIMARY-CBF-FILTERED,LOGGED_NONEXECUTED_HISTORICAL_CANDIDATE,PASS,True,PASS,FORMAL_SEGMENT_SAFE,"[1.0919887109595663,0.1686950840357222,1.8339310608004975]","[1.088978422884405,0.16751945604177312,1.8362342117190151]",0.00022235054865797112,CERTIFIED_SAFE,SEGMENT_EXACT_SAFE,EXACT_ANALYTIC_SPHERE_SEGMENT_MINIMUM,EXACT_ANALYTIC,3b318a98a454ec5c36410b3c41dfb3dd4a25b7b5a1899f1f2c939fbf24ad0e55,False,False
56fd0bc2dad888766f5c1b86bb6bfa308e3d080752d4847cafab8142b1380bed,PR87_ACTIVATED_ONE_STEP,PR87_ACTIVATED_ONE_STEP,E1_REPLICA_GT_FINE:B3_FULL_UNIFIED_WITH_DIRECTIONAL_ALTERNATIVES:31be8c87d4f6f992b3522a54c33f7e6e40e89379d1fd6c01c89ee435aac35228,ONE_STEP:0,E1_REPLICA_GT_FINE,ACTIVATED,B3_FULL_UNIFIED_WITH_DIRECTIONAL_ALTERNATIVES,ALT-01-OUTWARD,EXECUTED_OR_SELECTED_HISTORICAL_CANDIDATE,PASS,True,PASS,FORMAL_SEGMENT_SAFE,"[1.0919887109595663,0.1686950840357222,1.8339310608004975]","[1.0891764174620322,0.16747073874559368,1.8360959492638427]",0.00022235054865797112,CERTIFIED_SAFE,SEGMENT_EXACT_SAFE,EXACT_ANALYTIC_SPHERE_SEGMENT_MINIMUM,EXACT_ANALYTIC,3b318a98a454ec5c36410b3c41dfb3dd4a25b7b5a1899f1f2c939fbf24ad0e55,False,False
b84a9cf35d3ae5637f574f1f16bb022d61ce6c67107dbf33fdaaec37bb83ef24,PR87_ACTIVATED_ONE_STEP,PR87_ACTIVATED_ONE_STEP,E1_REPLICA_GT_FINE:B3_FULL_UNIFIED_WITH_DIRECTIONAL_ALTERNATIVES:31be8c87d4f6f992b3522a54c33f7e6e40e89379d1fd6c01c89ee435aac35228,ONE_STEP:0,E1_REPLICA_GT_FINE,ACTIVATED,B3_FULL_UNIFIED_WITH_DIRECTIONAL_ALTERNATIVES,PRIMARY-CBF-FILTERED,LOGGED_NONEXECUTED_HISTORICAL_CANDIDATE,PASS,True,PASS,FORMAL_SEGMENT_SAFE,"[1.0919887109595663,0.1686950840357222,1.8339310608004975]","[1.088978422884405,0.16751945604177312,1.8362342117190151]",0.00022235054865797112,CERTIFIED_SAFE,SEGMENT_EXACT_SAFE,EXACT_ANALYTIC_SPHERE_SEGMENT_MINIMUM,EXACT_ANALYTIC,3b318a98a454ec5c36410b3c41dfb3dd4a25b7b5a1899f1f2c939fbf24ad0e55,False,False
9f32e71f404065f5de78734ad2f624dcda7a4e7295957788f05fa5373ecc2179,PR87_ACTIVATED_ONE_STEP,PR87_ACTIVATED_ONE_STEP,E1_REPLICA_GT_FINE:B1_PLUS_SWEPT_SEGMENT:31f5fbf83b22b8affbd826c191e1c9afd9703870163a16ef3d0c2359c6414d8d,ONE_STEP:0,E1_REPLICA_GT_FINE,ACTIVATED,B1_PLUS_SWEPT_SEGMENT,PRIMARY-CBF-FILTERED,EXECUTED_OR_SELECTED_HISTORICAL_CANDIDATE,PASS,True,PASS,FORMAL_SEGMENT_SAFE,"[1.0935912503941625,0.17028670991506153,1.8324652523475333]","[1.0924211543666373,0.1697281673430004,1.8333996359876767]",1.348885337147318e-06,CERTIFIED_SAFE,SEGMENT_EXACT_SAFE,EXACT_ANALYTIC_SPHERE_SEGMENT_MINIMUM,EXACT_ANALYTIC,3b318a98a454ec5c36410b3c41dfb3dd4a25b7b5a1899f1f2c939fbf24ad0e55,False,False
4db5ef75c9ce7054eef2eb468c32043cf29faecaf9adaa00de06bc3f96c170cc,PR87_ACTIVATED_ONE_STEP,PR87_ACTIVATED_ONE_STEP,E1_REPLICA_GT_FINE:B2_PLUS_TERMINAL_BACKUP:31f5fbf83b22b8affbd826c191e1c9afd9703870163a16ef3d0c2359c6414d8d,ONE_STEP:0,E1_REPLICA_GT_FINE,ACTIVATED,B2_PLUS_TERMINAL_BACKUP,PRIMARY-CBF-FILTERED,LOGGED_NONEXECUTED_HISTORICAL_CANDIDATE,PASS,True,PASS,FORMAL_SEGMENT_SAFE,"[1.0935912503941625,0.17028670991506153,1.8324652523475333]","[1.0924211543666373,0.1697281673430004,1.8333996359876767]",1.348885337147318e-06,CERTIFIED_SAFE,SEGMENT_EXACT_SAFE,EXACT_ANALYTIC_SPHERE_SEGMENT_MINIMUM,EXACT_ANALYTIC,3b318a98a454ec5c36410b3c41dfb3dd4a25b7b5a1899f1f2c939fbf24ad0e55,False,False
c94294c1c13d126024de53ddb229c903dd7e8dc5c9078f96208b6d304a47a086,PR87_ACTIVATED_ONE_STEP,PR87_ACTIVATED_ONE_STEP,E1_REPLICA_GT_FINE:B3_FULL_UNIFIED_WITH_DIRECTIONAL_ALTERNATIVES:31f5fbf83b22b8affbd826c191e1c9afd9703870163a16ef3d0c2359c6414d8d,ONE_STEP:0,E1_REPLICA_GT_FINE,ACTIVATED,B3_FULL_UNIFIED_WITH_DIRECTIONAL_ALTERNATIVES,ALT-01-OUTWARD,EXECUTED_OR_SELECTED_HISTORICAL_CANDIDATE,PASS,True,PASS,FORMAL_SEGMENT_SAFE,"[1.0935912503941625,0.17028670991506153,1.8324652523475333]","[1.0927160367026287,0.16971192815168534,1.8331893098093548]",1.348885337147318e-06,CERTIFIED_SAFE,SEGMENT_EXACT_SAFE,EXACT_ANALYTIC_SPHERE_SEGMENT_MINIMUM,EXACT_ANALYTIC,3b318a98a454ec5c36410b3c41dfb3dd4a25b7b5a1899f1f2c939fbf24ad0e55,False,False
818efafde75a573742a29e72b4a425fadf67759613d316b3aeef7eddf98afe0a,PR87_ACTIVATED_ONE_STEP,PR87_ACTIVATED_ONE_STEP,E1_REPLICA_GT_FINE:B3_FULL_UNIFIED_WITH_DIRECTIONAL_ALTERNATIVES:31f5fbf83b22b8affbd826c191e1c9afd9703870163a16ef3d0c2359c6414d8d,ONE_STEP:0,E1_REPLICA_GT_FINE,ACTIVATED,B3_FULL_UNIFIED_WITH_DIRECTIONAL_ALTERNATIVES,PRIMARY-CBF-FILTERED,LOGGED_NONEXECUTED_HISTORICAL_CANDIDATE,PASS,True,PASS,FORMAL_SEGMENT_SAFE,"[1.0935912503941625,0.17028670991506153,1.8324652523475333]","[1.0924211543666373,0.1697281673430004,1.8333996359876767]",1.348885337147318e-06,CERTIFIED_SAFE,SEGMENT_EXACT_SAFE,EXACT_ANALYTIC_SPHERE_SEGMENT_MINIMUM,EXACT_ANALYTIC,3b318a98a454ec5c36410b3c41dfb3dd4a25b7b5a1899f1f2c939fbf24ad0e55,False,False
6147095d612feedef593011dc117d172743544d2d1b7d8946f8b5ecde7bd3480,PR87_ACTIVATED_ONE_STEP,PR87_ACTIVATED_ONE_STEP,E1_REPLICA_GT_FINE:B1_PLUS_SWEPT_SEGMENT:3fde220d847d1f9f8d7c1556c5f6d6b037ebe6ab6799fcc3ba48e3efca5e4b89,ONE_STEP:0,E1_REPLICA_GT_FINE,ACTIVATED,B1_PLUS_SWEPT_SEGMENT,PRIMARY-CBF-FILTERED,EXECUTED_OR_SELECTED_HISTORICAL_CANDIDATE,PASS,True,PASS,FORMAL_SEGMENT_SAFE,"[1.0935979404908547,0.1702678686680098,1.832465752363318]","[1.0924278444633313,0.16970932609660952,1.8334001360034606]",5.749318859358393e-06,CERTIFIED_SAFE,SEGMENT_EXACT_SAFE,EXACT_ANALYTIC_SPHERE_SEGMENT_MINIMUM,EXACT_ANALYTIC,3b318a98a454ec5c36410b3c41dfb3dd4a25b7b5a1899f1f2c939fbf24ad0e55,False,False
dff7e7b6af773df789c527decf760da859ca84132e706fd31463e35cd7c623b7,PR87_ACTIVATED_ONE_STEP,PR87_ACTIVATED_ONE_STEP,E1_REPLICA_GT_FINE:B2_PLUS_TERMINAL_BACKUP:3fde220d847d1f9f8d7c1556c5f6d6b037ebe6ab6799fcc3ba48e3efca5e4b89,ONE_STEP:0,E1_REPLICA_GT_FINE,ACTIVATED,B2_PLUS_TERMINAL_BACKUP,PRIMARY-CBF-FILTERED,LOGGED_NONEXECUTED_HISTORICAL_CANDIDATE,PASS,True,PASS,FORMAL_SEGMENT_SAFE,"[1.0935979404908547,0.1702678686680098,1.832465752363318]","[1.0924278444633313,0.16970932609660952,1.8334001360034606]",5.749318859358393e-06,CERTIFIED_SAFE,SEGMENT_EXACT_SAFE,EXACT_ANALYTIC_SPHERE_SEGMENT_MINIMUM,EXACT_ANALYTIC,3b318a98a454ec5c36410b3c41dfb3dd4a25b7b5a1899f1f2c939fbf24ad0e55,False,False
8a90c19e5d27543e42d9af8a373a61eeec9864c7b261403c29eb7589bfa5288f,PR87_ACTIVATED_ONE_STEP,PR87_ACTIVATED_ONE_STEP,E1_REPLICA_GT_FINE:B3_FULL_UNIFIED_WITH_DIRECTIONAL_ALTERNATIVES:3fde220d847d1f9f8d7c1556c5f6d6b037ebe6ab6799fcc3ba48e3efca5e4b89,ONE_STEP:0,E1_REPLICA_GT_FINE,ACTIVATED,B3_FULL_UNIFIED_WITH_DIRECTIONAL_ALTERNATIVES,ALT-01-OUTWARD,EXECUTED_OR_SELECTED_HISTORICAL_CANDIDATE,PASS,True,PASS,FORMAL_SEGMENT_SAFE,"[1.0935979404908547,0.1702678686680098,1.832465752363318]","[1.0927227260830898,0.1696930869046336,1.8331898102955042]",5.749318859358393e-06,CERTIFIED_SAFE,SEGMENT_EXACT_SAFE,EXACT_ANALYTIC_SPHERE_SEGMENT_MINIMUM,EXACT_ANALYTIC,3b318a98a454ec5c36410b3c41dfb3dd4a25b7b5a1899f1f2c939fbf24ad0e55,False,False
7b44b74e723766f84c64db987f47f4e94866db93d1d2a22733a4a84c9d2b4e6b,PR87_ACTIVATED_ONE_STEP,PR87_ACTIVATED_ONE_STEP,E1_REPLICA_GT_FINE:B3_FULL_UNIFIED_WITH_DIRECTIONAL_ALTERNATIVES:3fde220d847d1f9f8d7c1556c5f6d6b037ebe6ab6799fcc3ba48e3efca5e4b89,ONE_STEP:0,E1_REPLICA_GT_FINE,ACTIVATED,B3_FULL_UNIFIED_WITH_DIRECTIONAL_ALTERNATIVES,PRIMARY-CBF-FILTERED,LOGGED_NONEXECUTED_HISTORICAL_CANDIDATE,PASS,True,PASS,FORMAL_SEGMENT_SAFE,"[1.0935979404908547,0.1702678686680098,1.832465752363318]","[1.0924278444633313,0.16970932609660952,1.8334001360034606]",5.749318859358393e-06,CERTIFIED_SAFE,SEGMENT_EXACT_SAFE,EXACT_ANALYTIC_SPHERE_SEGMENT_MINIMUM,EXACT_ANALYTIC,3b318a98a454ec5c36410b3c41dfb3dd4a25b7b5a1899f1f2c939fbf24ad0e55,False,False
acb06eceaa29903a0eebc3dd1dd57dbefe954c916fd91d737ebe211aaa7b4b99,PR87_ACTIVATED_ONE_STEP,PR87_ACTIVATED_ONE_STEP,E1_REPLICA_GT_FINE:B1_PLUS_SWEPT_SEGMENT:54e827db44a49c92403af8c44840d73ea0540be2040a456c80d1bf0a80325a1d,ONE_STEP:0,E1_REPLICA_GT_FINE,ACTIVATED,B1_PLUS_SWEPT_SEGMENT,PRIMARY-CBF-FILTERED,EXECUTED_OR_SELECTED_HISTORICAL_CANDIDATE,PASS,True,PASS,FORMAL_SEGMENT_SAFE,"[1.0908529364076605,0.1688413334486395,1.8346389642377434]","[1.0887627443599714,0.16797424809209677,1.8362577315157953]",0.00011564894193142813,CERTIFIED_SAFE,SEGMENT_EXACT_SAFE,EXACT_ANALYTIC_SPHERE_SEGMENT_MINIMUM,EXACT_ANALYTIC,3b318a98a454ec5c36410b3c41dfb3dd4a25b7b5a1899f1f2c939fbf24ad0e55,False,False
9ffdc2b9029089d8cc3551433303eab9577fbc4f85f9e93dcbec42854f1e1596,PR87_ACTIVATED_ONE_STEP,PR87_ACTIVATED_ONE_STEP,E1_REPLICA_GT_FINE:B2_PLUS_TERMINAL_BACKUP:54e827db44a49c92403af8c44840d73ea0540be2040a456c80d1bf0a80325a1d,ONE_STEP:0,E1_REPLICA_GT_FINE,ACTIVATED,B2_PLUS_TERMINAL_BACKUP,PRIMARY-CBF-FILTERED,LOGGED_NONEXECUTED_HISTORICAL_CANDIDATE,PASS,True,PASS,FORMAL_SEGMENT_SAFE,"[1.0908529364076605,0.1688413334486395,1.8346389642377434]","[1.0887627443599714,0.16797424809209677,1.8362577315157953]",0.00011564894193142813,CERTIFIED_SAFE,SEGMENT_EXACT_SAFE,EXACT_ANALYTIC_SPHERE_SEGMENT_MINIMUM,EXACT_ANALYTIC,3b318a98a454ec5c36410b3c41dfb3dd4a25b7b5a1899f1f2c939fbf24ad0e55,False,False
488bedb1a28813dcc2568d8bd7b0b344c14c078af35e1aa33036cb49f051479c,PR87_ACTIVATED_ONE_STEP,PR87_ACTIVATED_ONE_STEP,E1_REPLICA_GT_FINE:B3_FULL_UNIFIED_WITH_DIRECTIONAL_ALTERNATIVES:54e827db44a49c92403af8c44840d73ea0540be2040a456c80d1bf0a80325a1d,ONE_STEP:0,E1_REPLICA_GT_FINE,ACTIVATED,B3_FULL_UNIFIED_WITH_DIRECTIONAL_ALTERNATIVES,ALT-01-OUTWARD,EXECUTED_OR_SELECTED_HISTORICAL_CANDIDATE,PASS,True,PASS,FORMAL_SEGMENT_SAFE,"[1.0908529364076605,0.1688413334486395,1.8346389642377434]","[1.0890046614310862,0.16794176992188717,1.8360864064913074]",0.00011564894193142813,CERTIFIED_SAFE,SEGMENT_EXACT_SAFE,EXACT_ANALYTIC_SPHERE_SEGMENT_MINIMUM,EXACT_ANALYTIC,3b318a98a454ec5c36410b3c41dfb3dd4a25b7b5a1899f1f2c939fbf24ad0e55,False,False
b84aaf2fd642eccab25e79ceae040daf991603ef33d91985ef3dbeceba97aab0,PR87_ACTIVATED_ONE_STEP,PR87_ACTIVATED_ONE_STEP,E1_REPLICA_GT_FINE:B3_FULL_UNIFIED_WITH_DIRECTIONAL_ALTERNATIVES:54e827db44a49c92403af8c44840d73ea0540be2040a456c80d1bf0a80325a1d,ONE_STEP:0,E1_REPLICA_GT_FINE,ACTIVATED,B3_FULL_UNIFIED_WITH_DIRECTIONAL_ALTERNATIVES,PRIMARY-CBF-FILTERED,LOGGED_NONEXECUTED_HISTORICAL_CANDIDATE,PASS,True,PASS,FORMAL_SEGMENT_SAFE,"[1.0908529364076605,0.1688413334486395,1.8346389642377434]","[1.0887627443599714,0.16797424809209677,1.8362577315157953]",0.00011564894193142813,CERTIFIED_SAFE,SEGMENT_EXACT_SAFE,EXACT_ANALYTIC_SPHERE_SEGMENT_MINIMUM,EXACT_ANALYTIC,3b318a98a454ec5c36410b3c41dfb3dd4a25b7b5a1899f1f2c939fbf24ad0e55,False,False
03d42bf8debad54b9ac81bd7be5a4e48296cf0c0f182403d3e99aab307bd514d,PR87_ACTIVATED_ONE_STEP,PR87_ACTIVATED_ONE_STEP,E1_REPLICA_GT_FINE:B1_PLUS_SWEPT_SEGMENT:582f03c9a2af338510502189d48da808781b6f85986da9e106a7a2fdb5b61055,ONE_STEP:0,E1_REPLICA_GT_FINE,ACTIVATED,B1_PLUS_SWEPT_SEGMENT,PRIMARY-CBF-FILTERED,EXECUTED_OR_SELECTED_HISTORICAL_CANDIDATE,PASS,True,PASS,FORMAL_SEGMENT_SAFE,"[1.0916608962216507,0.16961830514125745,1.833906560027046]","[1.0904908001942586,0.16905976263243888,1.834840943667134]",5.749318859353189e-06,CERTIFIED_SAFE,SEGMENT_EXACT_SAFE,EXACT_ANALYTIC_SPHERE_SEGMENT_MINIMUM,EXACT_ANALYTIC,3b318a98a454ec5c36410b3c41dfb3dd4a25b7b5a1899f1f2c939fbf24ad0e55,False,False
5781542358ae9188b7b9c8f31657b58f2c5e38f8114d46cff5dd3a67e1254007,PR87_ACTIVATED_ONE_STEP,PR87_ACTIVATED_ONE_STEP,E1_REPLICA_GT_FINE:B2_PLUS_TERMINAL_BACKUP:582f03c9a2af338510502189d48da808781b6f85986da9e106a7a2fdb5b61055,ONE_STEP:0,E1_REPLICA_GT_FINE,ACTIVATED,B2_PLUS_TERMINAL_BACKUP,PRIMARY-CBF-FILTERED,LOGGED_NONEXECUTED_HISTORICAL_CANDIDATE,PASS,True,PASS,FORMAL_SEGMENT_SAFE,"[1.0916608962216507,0.16961830514125745,1.833906560027046]","[1.0904908001942586,0.16905976263243888,1.834840943667134]",5.749318859353189e-06,CERTIFIED_SAFE,SEGMENT_EXACT_SAFE,EXACT_ANALYTIC_SPHERE_SEGMENT_MINIMUM,EXACT_ANALYTIC,3b318a98a454ec5c36410b3c41dfb3dd4a25b7b5a1899f1f2c939fbf24ad0e55,False,False
e7a2b30538194eaaf54e663195a0d3aaf997b5884bdf33bd200cd9bff6ef3e24,PR87_ACTIVATED_ONE_STEP,PR87_ACTIVATED_ONE_STEP,E1_REPLICA_GT_FINE:B3_FULL_UNIFIED_WITH_DIRECTIONAL_ALTERNATIVES:582f03c9a2af338510502189d48da808781b6f85986da9e106a7a2fdb5b61055,ONE_STEP:0,E1_REPLICA_GT_FINE,ACTIVATED,B3_FULL_UNIFIED_WITH_DIRECTIONAL_ALTERNATIVES,ALT-01-OUTWARD,EXECUTED_OR_SELECTED_HISTORICAL_CANDIDATE,PASS,True,PASS,FORMAL_SEGMENT_SAFE,"[1.0916608962216507,0.16961830514125745,1.833906560027046]","[1.0907811433796781,0.16904352337788126,1.8346335984487459]",5.749318859353189e-06,CERTIFIED_SAFE,SEGMENT_EXACT_SAFE,EXACT_ANALYTIC_SPHERE_SEGMENT_MINIMUM,EXACT_ANALYTIC,3b318a98a454ec5c36410b3c41dfb3dd4a25b7b5a1899f1f2c939fbf24ad0e55,False,False
9e0f4987981bbfb620f9933c17c435d8f47e88dcdde490a13ea762a095be5051,PR87_ACTIVATED_ONE_STEP,PR87_ACTIVATED_ONE_STEP,E1_REPLICA_GT_FINE:B3_FULL_UNIFIED_WITH_DIRECTIONAL_ALTERNATIVES:582f03c9a2af338510502189d48da808781b6f85986da9e106a7a2fdb5b61055,ONE_STEP:0,E1_REPLICA_GT_FINE,ACTIVATED,B3_FULL_UNIFIED_WITH_DIRECTIONAL_ALTERNATIVES,PRIMARY-CBF-FILTERED,LOGGED_NONEXECUTED_HISTORICAL_CANDIDATE,PASS,True,PASS,FORMAL_SEGMENT_SAFE,"[1.0916608962216507,0.16961830514125745,1.833906560027046]","[1.0904908001942586,0.16905976263243888,1.834840943667134]",5.749318859353189e-06,CERTIFIED_SAFE,SEGMENT_EXACT_SAFE,EXACT_ANALYTIC_SPHERE_SEGMENT_MINIMUM,EXACT_ANALYTIC,3b318a98a454ec5c36410b3c41dfb3dd4a25b7b5a1899f1f2c939fbf24ad0e55,False,False
cc5db042b3d7113120345628a77446dfa8b6536888777702900de402a49a4cd6,PR87_ACTIVATED_ONE_STEP,PR87_ACTIVATED_ONE_STEP,E1_REPLICA_GT_FINE:B1_PLUS_SWEPT_SEGMENT:6c3a9b360259f057628995472c40aeebf9cb55cf86199fc9ba3d05eb5b7f1323,ONE_STEP:0,E1_REPLICA_GT_FINE,ACTIVATED,B1_PLUS_SWEPT_SEGMENT,PRIMARY-CBF-FILTERED,EXECUTED_OR_SELECTED_HISTORICAL_CANDIDATE,PASS,True,PASS,FORMAL_SEGMENT_SAFE,"[1.0887820902046135,0.16856859486292194,1.836069771585777]","[1.0866918981517522,0.16770150951107077,1.8376885388657582]",4.3596075071076004e-05,CERTIFIED_SAFE,SEGMENT_EXACT_SAFE,EXACT_ANALYTIC_SPHERE_SEGMENT_MINIMUM,EXACT_ANALYTIC,3b318a98a454ec5c36410b3c41dfb3dd4a25b7b5a1899f1f2c939fbf24ad0e55,False,False
755dd12bc15e96c439c98e48d827ce231253fdda3ac141e302a05e3a03c4ae9f,PR87_ACTIVATED_ONE_STEP,PR87_ACTIVATED_ONE_STEP,E1_REPLICA_GT_FINE:B2_PLUS_TERMINAL_BACKUP:6c3a9b360259f057628995472c40aeebf9cb55cf86199fc9ba3d05eb5b7f1323,ONE_STEP:0,E1_REPLICA_GT_FINE,ACTIVATED,B2_PLUS_TERMINAL_BACKUP,PRIMARY-CBF-FILTERED,LOGGED_NONEXECUTED_HISTORICAL_CANDIDATE,PASS,True,PASS,FORMAL_SEGMENT_SAFE,"[1.0887820902046135,0.16856859486292194,1.836069771585777]","[1.0866918981517522,0.16770150951107077,1.8376885388657582]",4.3596075071076004e-05,CERTIFIED_SAFE,SEGMENT_EXACT_SAFE,EXACT_ANALYTIC_SPHERE_SEGMENT_MINIMUM,EXACT_ANALYTIC,3b318a98a454ec5c36410b3c41dfb3dd4a25b7b5a1899f1f2c939fbf24ad0e55,False,False
740350a8943b560c023146afe727f6ffe2498becabfd83cf202ff2e0d75fba86,PR87_ACTIVATED_ONE_STEP,PR87_ACTIVATED_ONE_STEP,E1_REPLICA_GT_FINE:B3_FULL_UNIFIED_WITH_DIRECTIONAL_ALTERNATIVES:6c3a9b360259f057628995472c40aeebf9cb55cf86199fc9ba3d05eb5b7f1323,ONE_STEP:0,E1_REPLICA_GT_FINE,ACTIVATED,B3_FULL_UNIFIED_WITH_DIRECTIONAL_ALTERNATIVES,ALT-01-OUTWARD,EXECUTED_OR_SELECTED_HISTORICAL_CANDIDATE,PASS,True,PASS,FORMAL_SEGMENT_SAFE,"[1.0887820902046135,0.16856859486292194,1.836069771585777]","[1.0869293284410162,0.16766903133616962,1.8375201604110125]",4.3596075071076004e-05,CERTIFIED_SAFE,SEGMENT_EXACT_SAFE,EXACT_ANALYTIC_SPHERE_SEGMENT_MINIMUM,EXACT_ANALYTIC,3b318a98a454ec5c36410b3c41dfb3dd4a25b7b5a1899f1f2c939fbf24ad0e55,False,False
292d9caad1fd4961893d76255911f40381c952576c0acf354fea69c51d4f40f1,PR87_ACTIVATED_ONE_STEP,PR87_ACTIVATED_ONE_STEP,E1_REPLICA_GT_FINE:B3_FULL_UNIFIED_WITH_DIRECTIONAL_ALTERNATIVES:6c3a9b360259f057628995472c40aeebf9cb55cf86199fc9ba3d05eb5b7f1323,ONE_STEP:0,E1_REPLICA_GT_FINE,ACTIVATED,B3_FULL_UNIFIED_WITH_DIRECTIONAL_ALTERNATIVES,PRIMARY-CBF-FILTERED,LOGGED_NONEXECUTED_HISTORICAL_CANDIDATE,PASS,True,PASS,FORMAL_SEGMENT_SAFE,"[1.0887820902046135,0.16856859486292194,1.836069771585777]","[1.0866918981517522,0.16770150951107077,1.8376885388657582]",4.3596075071076004e-05,CERTIFIED_SAFE,SEGMENT_EXACT_SAFE,EXACT_ANALYTIC_SPHERE_SEGMENT_MINIMUM,EXACT_ANALYTIC,3b318a98a454ec5c36410b3c41dfb3dd4a25b7b5a1899f1f2c939fbf24ad0e55,False,False
2c763a326e488a082195e28b33c3f2205e8f07007cf4a4b88fed4787b091b09e,PR87_ACTIVATED_ONE_STEP,PR87_ACTIVATED_ONE_STEP,E1_REPLICA_GT_FINE:B1_PLUS_SWEPT_SEGMENT:6f7e8bac31caf6b08d7a9143adaaeab64708d357fbacd5cd15574dde20d4b871,ONE_STEP:0,E1_REPLICA_GT_FINE,ACTIVATED,B1_PLUS_SWEPT_SEGMENT,PRIMARY-CBF-FILTERED,EXECUTED_OR_SELECTED_HISTORICAL_CANDIDATE,PASS,True,PASS,FORMAL_SEGMENT_SAFE,"[1.0936247008776234,0.17019250367980285,1.832467752426457]","[1.0924546048501071,0.16963396111107065,1.833402136066596]",2.3359052843072506e-05,CERTIFIED_SAFE,SEGMENT_EXACT_SAFE,EXACT_ANALYTIC_SPHERE_SEGMENT_MINIMUM,EXACT_ANALYTIC,3b318a98a454ec5c36410b3c41dfb3dd4a25b7b5a1899f1f2c939fbf24ad0e55,False,False
8b03d0e15d5513b8f69a11a86a87385dad1a11c4253b284510c365b38badb4a5,PR87_ACTIVATED_ONE_STEP,PR87_ACTIVATED_ONE_STEP,E1_REPLICA_GT_FINE:B2_PLUS_TERMINAL_BACKUP:6f7e8bac31caf6b08d7a9143adaaeab64708d357fbacd5cd15574dde20d4b871,ONE_STEP:0,E1_REPLICA_GT_FINE,ACTIVATED,B2_PLUS_TERMINAL_BACKUP,PRIMARY-CBF-FILTERED,LOGGED_NONEXECUTED_HISTORICAL_CANDIDATE,PASS,True,PASS,FORMAL_SEGMENT_SAFE,"[1.0936247008776234,0.17019250367980285,1.832467752426457]","[1.0924546048501071,0.16963396111107065,1.833402136066596]",2.3359052843072506e-05,CERTIFIED_SAFE,SEGMENT_EXACT_SAFE,EXACT_ANALYTIC_SPHERE_SEGMENT_MINIMUM,EXACT_ANALYTIC,3b318a98a454ec5c36410b3c41dfb3dd4a25b7b5a1899f1f2c939fbf24ad0e55,False,False
26cb3ba0b0c8c1e5223286dca5e6738539ba30b154539466bc7032abdddcf05d,PR87_ACTIVATED_ONE_STEP,PR87_ACTIVATED_ONE_STEP,E1_REPLICA_GT_FINE:B3_FULL_UNIFIED_WITH_DIRECTIONAL_ALTERNATIVES:6f7e8bac31caf6b08d7a9143adaaeab64708d357fbacd5cd15574dde20d4b871,ONE_STEP:0,E1_REPLICA_GT_FINE,ACTIVATED,B3_FULL_UNIFIED_WITH_DIRECTIONAL_ALTERNATIVES,ALT-01-OUTWARD,EXECUTED_OR_SELECTED_HISTORICAL_CANDIDATE,PASS,True,PASS,FORMAL_SEGMENT_SAFE,"[1.0936247008776234,0.17019250367980285,1.832467752426457]","[1.092749483607193,0.16961772191642666,1.8331918122386186]",2.3359052843072506e-05,CERTIFIED_SAFE,SEGMENT_EXACT_SAFE,EXACT_ANALYTIC_SPHERE_SEGMENT_MINIMUM,EXACT_ANALYTIC,3b318a98a454ec5c36410b3c41dfb3dd4a25b7b5a1899f1f2c939fbf24ad0e55,False,False
c07160bff2276a4ae912c9720b765d48c3c87419ad7e2e760b6ced0f5e33d0b1,PR87_ACTIVATED_ONE_STEP,PR87_ACTIVATED_ONE_STEP,E1_REPLICA_GT_FINE:B3_FULL_UNIFIED_WITH_DIRECTIONAL_ALTERNATIVES:6f7e8bac31caf6b08d7a9143adaaeab64708d357fbacd5cd15574dde20d4b871,ONE_STEP:0,E1_REPLICA_GT_FINE,ACTIVATED,B3_FULL_UNIFIED_WITH_DIRECTIONAL_ALTERNATIVES,PRIMARY-CBF-FILTERED,LOGGED_NONEXECUTED_HISTORICAL_CANDIDATE,PASS,True,PASS,FORMAL_SEGMENT_SAFE,"[1.0936247008776234,0.17019250367980285,1.832467752426457]","[1.0924546048501071,0.16963396111107065,1.833402136066596]",2.3359052843072506e-05,CERTIFIED_SAFE,SEGMENT_EXACT_SAFE,EXACT_ANALYTIC_SPHERE_SEGMENT_MINIMUM,EXACT_ANALYTIC,3b318a98a454ec5c36410b3c41dfb3dd4a25b7b5a1899f1f2c939fbf24ad0e55,False,False
d7bab195ab4b04e36b0cdf0cfa09c3abcb8afd4673bbbca111d5003ca09cfeaf,PR87_ACTIVATED_ONE_STEP,PR87_ACTIVATED_ONE_STEP,E1_REPLICA_GT_FINE:B1_PLUS_SWEPT_SEGMENT:75a77d2806cc6cc0d83f5cfec715519cffffae27a07827df97c8b60e904eb7e2,ONE_STEP:0,E1_REPLICA_GT_FINE,ACTIVATED,B1_PLUS_SWEPT_SEGMENT,PRIMARY-CBF-FILTERED,EXECUTED_OR_SELECTED_HISTORICAL_CANDIDATE,PASS,True,PASS,FORMAL_SEGMENT_SAFE,"[1.0900516666903624,0.16804552050896984,1.8353718684642255]","[1.0870413786069097,0.16686989248460068,1.837675019385007]",0.00023315529921886548,CERTIFIED_SAFE,SEGMENT_EXACT_SAFE,EXACT_ANALYTIC_SPHERE_SEGMENT_MINIMUM,EXACT_ANALYTIC,3b318a98a454ec5c36410b3c41dfb3dd4a25b7b5a1899f1f2c939fbf24ad0e55,False,False
618e469583e9c5cec73164b3400b699d96d6d30ef1d02a85336b84cced9a6969,PR87_ACTIVATED_ONE_STEP,PR87_ACTIVATED_ONE_STEP,E1_REPLICA_GT_FINE:B2_PLUS_TERMINAL_BACKUP:75a77d2806cc6cc0d83f5cfec715519cffffae27a07827df97c8b60e904eb7e2,ONE_STEP:0,E1_REPLICA_GT_FINE,ACTIVATED,B2_PLUS_TERMINAL_BACKUP,PRIMARY-CBF-FILTERED,LOGGED_NONEXECUTED_HISTORICAL_CANDIDATE,PASS,True,PASS,FORMAL_SEGMENT_SAFE,"[1.0900516666903624,0.16804552050896984,1.8353718684642255]","[1.0870413786069097,0.16686989248460068,1.837675019385007]",0.00023315529921886548,CERTIFIED_SAFE,SEGMENT_EXACT_SAFE,EXACT_ANALYTIC_SPHERE_SEGMENT_MINIMUM,EXACT_ANALYTIC,3b318a98a454ec5c36410b3c41dfb3dd4a25b7b5a1899f1f2c939fbf24ad0e55,False,False
bd2077f631ace2f497a177a291380796f7491b23a2b7e1d5752ff9db980b4e66,PR87_ACTIVATED_ONE_STEP,PR87_ACTIVATED_ONE_STEP,E1_REPLICA_GT_FINE:B3_FULL_UNIFIED_WITH_DIRECTIONAL_ALTERNATIVES:75a77d2806cc6cc0d83f5cfec715519cffffae27a07827df97c8b60e904eb7e2,ONE_STEP:0,E1_REPLICA_GT_FINE,ACTIVATED,B3_FULL_UNIFIED_WITH_DIRECTIONAL_ALTERNATIVES,ALT-01-OUTWARD,EXECUTED_OR_SELECTED_HISTORICAL_CANDIDATE,PASS,True,PASS,FORMAL_SEGMENT_SAFE,"[1.0900516666903624,0.16804552050896984,1.8353718684642255]","[1.087234869579186,0.16682117521884132,1.8375397145496535]",0.00023315529921886548,CERTIFIED_SAFE,SEGMENT_EXACT_SAFE,EXACT_ANALYTIC_SPHERE_SEGMENT_MINIMUM,EXACT_ANALYTIC,3b318a98a454ec5c36410b3c41dfb3dd4a25b7b5a1899f1f2c939fbf24ad0e55,False,False
f1d5c556d84e0446d5f15de7f9d018deb6d980ca43ee5a0c990be320dcbe6e11,PR87_ACTIVATED_ONE_STEP,PR87_ACTIVATED_ONE_STEP,E1_REPLICA_GT_FINE:B3_FULL_UNIFIED_WITH_DIRECTIONAL_ALTERNATIVES:75a77d2806cc6cc0d83f5cfec715519cffffae27a07827df97c8b60e904eb7e2,ONE_STEP:0,E1_REPLICA_GT_FINE,ACTIVATED,B3_FULL_UNIFIED_WITH_DIRECTIONAL_ALTERNATIVES,PRIMARY-CBF-FILTERED,LOGGED_NONEXECUTED_HISTORICAL_CANDIDATE,PASS,True,PASS,FORMAL_SEGMENT_SAFE,"[1.0900516666903624,0.16804552050896984,1.8353718684642255]","[1.0870413786069097,0.16686989248460068,1.837675019385007]",0.00023315529921886548,CERTIFIED_SAFE,SEGMENT_EXACT_SAFE,EXACT_ANALYTIC_SPHERE_SEGMENT_MINIMUM,EXACT_ANALYTIC,3b318a98a454ec5c36410b3c41dfb3dd4a25b7b5a1899f1f2c939fbf24ad0e55,False,False
b20f34e4e8bebb6a4e6e16a62ebfa8d1f80092659c79fe547f621c0691d01091,PR87_ACTIVATED_ONE_STEP,PR87_ACTIVATED_ONE_STEP,E1_REPLICA_GT_FINE:B1_PLUS_SWEPT_SEGMENT:7c56b6586f783c1d7aeb172e595eebb0270c90a369cedef4bcf54a2dc6ebf8cc,ONE_STEP:0,E1_REPLICA_GT_FINE,ACTIVATED,B1_PLUS_SWEPT_SEGMENT,PRIMARY-CBF-FILTERED,EXECUTED_OR_SELECTED_HISTORICAL_CANDIDATE,PASS,True,PASS,FORMAL_SEGMENT_SAFE,"[1.0894322788267148,0.16695720874346553,1.8360612962369254]","[1.0872836162996584,0.1667072087438064,1.837565350496266]",0.0003563975014583068,CERTIFIED_SAFE,SEGMENT_EXACT_SAFE,EXACT_ANALYTIC_SPHERE_SEGMENT_MINIMUM,EXACT_ANALYTIC,3b318a98a454ec5c36410b3c41dfb3dd4a25b7b5a1899f1f2c939fbf24ad0e55,False,False
8939b1dc21c05fef991bea82e64f8d478fc61346ae4b05a5b406861703d6393f,PR87_ACTIVATED_ONE_STEP,PR87_ACTIVATED_ONE_STEP,E1_REPLICA_GT_FINE:B2_PLUS_TERMINAL_BACKUP:7c56b6586f783c1d7aeb172e595eebb0270c90a369cedef4bcf54a2dc6ebf8cc,ONE_STEP:0,E1_REPLICA_GT_FINE,ACTIVATED,B2_PLUS_TERMINAL_BACKUP,PRIMARY-CBF-FILTERED,LOGGED_NONEXECUTED_HISTORICAL_CANDIDATE,PASS,True,PASS,FORMAL_SEGMENT_SAFE,"[1.0894322788267148,0.16695720874346553,1.8360612962369254]","[1.0872836162996584,0.1667072087438064,1.837565350496266]",0.0003563975014583068,CERTIFIED_SAFE,SEGMENT_EXACT_SAFE,EXACT_ANALYTIC_SPHERE_SEGMENT_MINIMUM,EXACT_ANALYTIC,3b318a98a454ec5c36410b3c41dfb3dd4a25b7b5a1899f1f2c939fbf24ad0e55,False,False
031ef28bee605ded2379d6c958a1455d1e61c74ba5ea7a7dce530f3f613ca286,PR87_ACTIVATED_ONE_STEP,PR87_ACTIVATED_ONE_STEP,E1_REPLICA_GT_FINE:B3_FULL_UNIFIED_WITH_DIRECTIONAL_ALTERNATIVES:7c56b6586f783c1d7aeb172e595eebb0270c90a369cedef4bcf54a2dc6ebf8cc,ONE_STEP:0,E1_REPLICA_GT_FINE,ACTIVATED,B3_FULL_UNIFIED_WITH_DIRECTIONAL_ALTERNATIVES,ALT-06-BRAKE-BIASED-OUTWARD,EXECUTED_OR_SELECTED_HISTORICAL_CANDIDATE,PASS,True,PASS,FORMAL_SEGMENT_SAFE,"[1.0894322788267148,0.16695720874346553,1.8360612962369254]","[1.087592611576554,0.1667266303537852,1.8372702244937478]",0.0003684812344848312,CERTIFIED_SAFE,SEGMENT_EXACT_SAFE,EXACT_ANALYTIC_SPHERE_SEGMENT_MINIMUM,EXACT_ANALYTIC,3b318a98a454ec5c36410b3c41dfb3dd4a25b7b5a1899f1f2c939fbf24ad0e55,False,False
6e13793b9298d7970265d21adb41eec8452109e0422d44081f160defc2da23db,PR87_ACTIVATED_ONE_STEP,PR87_ACTIVATED_ONE_STEP,E1_REPLICA_GT_FINE:B3_FULL_UNIFIED_WITH_DIRECTIONAL_ALTERNATIVES:7c56b6586f783c1d7aeb172e595eebb0270c90a369cedef4bcf54a2dc6ebf8cc,ONE_STEP:0,E1_REPLICA_GT_FINE,ACTIVATED,B3_FULL_UNIFIED_WITH_DIRECTIONAL_ALTERNATIVES,PRIMARY-CBF-FILTERED,LOGGED_NONEXECUTED_HISTORICAL_CANDIDATE,PASS,True,PASS,FORMAL_SEGMENT_SAFE,"[1.0894322788267148,0.16695720874346553,1.8360612962369254]","[1.0872836162996584,0.1667072087438064,1.837565350496266]",0.0003563975014583068,CERTIFIED_SAFE,SEGMENT_EXACT_SAFE,EXACT_ANALYTIC_SPHERE_SEGMENT_MINIMUM,EXACT_ANALYTIC,3b318a98a454ec5c36410b3c41dfb3dd4a25b7b5a1899f1f2c939fbf24ad0e55,False,False
6431d825edcc53a2105f9367e6f870d3190431d4cd981e66ee4dc0870ed83dac,PR87_ACTIVATED_ONE_STEP,PR87_ACTIVATED_ONE_STEP,E1_REPLICA_GT_FINE:B1_PLUS_SWEPT_SEGMENT:82a2aa2df6a37104f411ef6be80bbe8f7743c15975edc16f4661b1c8dc48bc12,ONE_STEP:0,E1_REPLICA_GT_FINE,ACTIVATED,B1_PLUS_SWEPT_SEGMENT,PRIMARY-CBF-FILTERED,EXECUTED_OR_SELECTED_HISTORICAL_CANDIDATE,PASS,True,PASS,FORMAL_SEGMENT_SAFE,"[1.0907191344738174,0.1692181583896743,1.834628963922049]","[1.0886289424199718,0.1683510730377731,1.836247731202216]",2.7406272886785002e-05,CERTIFIED_SAFE,SEGMENT_EXACT_SAFE,EXACT_ANALYTIC_SPHERE_SEGMENT_MINIMUM,EXACT_ANALYTIC,3b318a98a454ec5c36410b3c41dfb3dd4a25b7b5a1899f1f2c939fbf24ad0e55,False,False
f0e8874a8543cabd2aa3e2175d253647f43b9230a1108f2940032b5cf2336720,PR87_ACTIVATED_ONE_STEP,PR87_ACTIVATED_ONE_STEP,E1_REPLICA_GT_FINE:B2_PLUS_TERMINAL_BACKUP:82a2aa2df6a37104f411ef6be80bbe8f7743c15975edc16f4661b1c8dc48bc12,ONE_STEP:0,E1_REPLICA_GT_FINE,ACTIVATED,B2_PLUS_TERMINAL_BACKUP,PRIMARY-CBF-FILTERED,LOGGED_NONEXECUTED_HISTORICAL_CANDIDATE,PASS,True,PASS,FORMAL_SEGMENT_SAFE,"[1.0907191344738174,0.1692181583896743,1.834628963922049]","[1.0886289424199718,0.1683510730377731,1.836247731202216]",2.7406272886785002e-05,CERTIFIED_SAFE,SEGMENT_EXACT_SAFE,EXACT_ANALYTIC_SPHERE_SEGMENT_MINIMUM,EXACT_ANALYTIC,3b318a98a454ec5c36410b3c41dfb3dd4a25b7b5a1899f1f2c939fbf24ad0e55,False,False
30c28cff4b5ee81f627c2141cb206033ac14717271dd6c7bc644d2c2cbc09ee2,PR87_ACTIVATED_ONE_STEP,PR87_ACTIVATED_ONE_STEP,E1_REPLICA_GT_FINE:B3_FULL_UNIFIED_WITH_DIRECTIONAL_ALTERNATIVES:82a2aa2df6a37104f411ef6be80bbe8f7743c15975edc16f4661b1c8dc48bc12,ONE_STEP:0,E1_REPLICA_GT_FINE,ACTIVATED,B3_FULL_UNIFIED_WITH_DIRECTIONAL_ALTERNATIVES,ALT-01-OUTWARD,EXECUTED_OR_SELECTED_HISTORICAL_CANDIDATE,PASS,True,PASS,FORMAL_SEGMENT_SAFE,"[1.0907191344738174,0.1692181583896743,1.834628963922049]","[1.0888708594972432,0.16831859486292197,1.836076406175613]",2.7406272886785002e-05,CERTIFIED_SAFE,SEGMENT_EXACT_SAFE,EXACT_ANALYTIC_SPHERE_SEGMENT_MINIMUM,EXACT_ANALYTIC,3b318a98a454ec5c36410b3c41dfb3dd4a25b7b5a1899f1f2c939fbf24ad0e55,False,False
c28d7d15a4e910f109529f7204a28e3efc51aa4b2013df80c369e8e1c62fd6bb,PR87_ACTIVATED_ONE_STEP,PR87_ACTIVATED_ONE_STEP,E1_REPLICA_GT_FINE:B3_FULL_UNIFIED_WITH_DIRECTIONAL_ALTERNATIVES:82a2aa2df6a37104f411ef6be80bbe8f7743c15975edc16f4661b1c8dc48bc12,ONE_STEP:0,E1_REPLICA_GT_FINE,ACTIVATED,B3_FULL_UNIFIED_WITH_DIRECTIONAL_ALTERNATIVES,PRIMARY-CBF-FILTERED,LOGGED_NONEXECUTED_HISTORICAL_CANDIDATE,PASS,True,PASS,FORMAL_SEGMENT_SAFE,"[1.0907191344738174,0.1692181583896743,1.834628963922049]","[1.0886289424199718,0.1683510730377731,1.836247731202216]",2.7406272886785002e-05,CERTIFIED_SAFE,SEGMENT_EXACT_SAFE,EXACT_ANALYTIC_SPHERE_SEGMENT_MINIMUM,EXACT_ANALYTIC,3b318a98a454ec5c36410b3c41dfb3dd4a25b7b5a1899f1f2c939fbf24ad0e55,False,False
5061dbc84500fd8b5e67d67f49861aec8ed83648da4b8521c3f4a86c6e582034,PR87_ACTIVATED_ONE_STEP,PR87_ACTIVATED_ONE_STEP,E1_REPLICA_GT_FINE:B1_PLUS_SWEPT_SEGMENT:97df0eb1377ece2a4b5cfea6cce2aeb4eb7da02735ac6fad7ad0a59fb30dedd6,ONE_STEP:0,E1_REPLICA_GT_FINE,ACTIVATED,B1_PLUS_SWEPT_SEGMENT,PRIMARY-CBF-FILTERED,EXECUTED_OR_SELECTED_HISTORICAL_CANDIDATE,PASS,True,PASS,FORMAL_SEGMENT_SAFE,"[1.0887486397211525,0.16866280109818063,1.8360672715068533]","[1.086658447668218,0.1677957157462889,1.8376860387868492]",2.158339787201695e-05,CERTIFIED_SAFE,SEGMENT_EXACT_SAFE,EXACT_ANALYTIC_SPHERE_SEGMENT_MINIMUM,EXACT_ANALYTIC,3b318a98a454ec5c36410b3c41dfb3dd4a25b7b5a1899f1f2c939fbf24ad0e55,False,False
fc002ab1965cbb4bafef7f0059a292e33b2e289d6cb8a0df1362cfb0aba9bbfe,PR87_ACTIVATED_ONE_STEP,PR87_ACTIVATED_ONE_STEP,E1_REPLICA_GT_FINE:B2_PLUS_TERMINAL_BACKUP:97df0eb1377ece2a4b5cfea6cce2aeb4eb7da02735ac6fad7ad0a59fb30dedd6,ONE_STEP:0,E1_REPLICA_GT_FINE,ACTIVATED,B2_PLUS_TERMINAL_BACKUP,PRIMARY-CBF-FILTERED,LOGGED_NONEXECUTED_HISTORICAL_CANDIDATE,PASS,True,PASS,FORMAL_SEGMENT_SAFE,"[1.0887486397211525,0.16866280109818063,1.8360672715068533]","[1.086658447668218,0.1677957157462889,1.8376860387868492]",2.158339787201695e-05,CERTIFIED_SAFE,SEGMENT_EXACT_SAFE,EXACT_ANALYTIC_SPHERE_SEGMENT_MINIMUM,EXACT_ANALYTIC,3b318a98a454ec5c36410b3c41dfb3dd4a25b7b5a1899f1f2c939fbf24ad0e55,False,False
b9e0a9394f41d2c65ab681a6669aa6086926f2125145e15cbb82a4507cc4a78a,PR87_ACTIVATED_ONE_STEP,PR87_ACTIVATED_ONE_STEP,E1_REPLICA_GT_FINE:B3_FULL_UNIFIED_WITH_DIRECTIONAL_ALTERNATIVES:97df0eb1377ece2a4b5cfea6cce2aeb4eb7da02735ac6fad7ad0a59fb30dedd6,ONE_STEP:0,E1_REPLICA_GT_FINE,ACTIVATED,B3_FULL_UNIFIED_WITH_DIRECTIONAL_ALTERNATIVES,ALT-01-OUTWARD,EXECUTED_OR_SELECTED_HISTORICAL_CANDIDATE,PASS,True,PASS,FORMAL_SEGMENT_SAFE,"[1.0887486397211525,0.16866280109818063,1.8360672715068533]","[1.0868958744552633,0.1677632375714283,1.837517662632121]",2.158339787201695e-05,CERTIFIED_SAFE,SEGMENT_EXACT_SAFE,EXACT_ANALYTIC_SPHERE_SEGMENT_MINIMUM,EXACT_ANALYTIC,3b318a98a454ec5c36410b3c41dfb3dd4a25b7b5a1899f1f2c939fbf24ad0e55,False,False
a332d770b0084fc61ae7b6ce140bc95cf3b9fbca3ec3f10c49658c3dcad77b73,PR87_ACTIVATED_ONE_STEP,PR87_ACTIVATED_ONE_STEP,E1_REPLICA_GT_FINE:B3_FULL_UNIFIED_WITH_DIRECTIONAL_ALTERNATIVES:97df0eb1377ece2a4b5cfea6cce2aeb4eb7da02735ac6fad7ad0a59fb30dedd6,ONE_STEP:0,E1_REPLICA_GT_FINE,ACTIVATED,B3_FULL_UNIFIED_WITH_DIRECTIONAL_ALTERNATIVES,PRIMARY-CBF-FILTERED,LOGGED_NONEXECUTED_HISTORICAL_CANDIDATE,PASS,True,PASS,FORMAL_SEGMENT_SAFE,"[1.0887486397211525,0.16866280109818063,1.8360672715068533]","[1.086658447668218,0.1677957157462889,1.8376860387868492]",2.158339787201695e-05,CERTIFIED_SAFE,SEGMENT_EXACT_SAFE,EXACT_ANALYTIC_SPHERE_SEGMENT_MINIMUM,EXACT_ANALYTIC,3b318a98a454ec5c36410b3c41dfb3dd4a25b7b5a1899f1f2c939fbf24ad0e55,False,False
0d625c01cca20ce304ec43aa054d65b3c459283ae66ed94decc9e9f1c48b17f2,PR87_ACTIVATED_ONE_STEP,PR87_ACTIVATED_ONE_STEP,E1_REPLICA_GT_FINE:B1_PLUS_SWEPT_SEGMENT:a5e88a2990b0516c668ffe7c1a80ad05a324a6c77c3fcc5ea2873690b8ec9a59,ONE_STEP:0,E1_REPLICA_GT_FINE,ACTIVATED,B1_PLUS_SWEPT_SEGMENT,PRIMARY-CBF-FILTERED,EXECUTED_OR_SELECTED_HISTORICAL_CANDIDATE,PASS,True,PASS,FORMAL_SEGMENT_SAFE,"[1.0892237072881534,0.1646020528619981,1.8368099634203705]","[1.0862059323184698,0.16435205286201107,1.8388547875228474]",0.000813899824319609,CERTIFIED_SAFE,SEGMENT_EXACT_SAFE,EXACT_ANALYTIC_SPHERE_SEGMENT_MINIMUM,EXACT_ANALYTIC,3b318a98a454ec5c36410b3c41dfb3dd4a25b7b5a1899f1f2c939fbf24ad0e55,False,False
6721a48551174603f9ace734ef9d65a47a0601b18ed54b3796c07001159ffc60,PR87_ACTIVATED_ONE_STEP,PR87_ACTIVATED_ONE_STEP,E1_REPLICA_GT_FINE:B2_PLUS_TERMINAL_BACKUP:a5e88a2990b0516c668ffe7c1a80ad05a324a6c77c3fcc5ea2873690b8ec9a59,ONE_STEP:0,E1_REPLICA_GT_FINE,ACTIVATED,B2_PLUS_TERMINAL_BACKUP,PRIMARY-CBF-FILTERED,LOGGED_NONEXECUTED_HISTORICAL_CANDIDATE,PASS,True,PASS,FORMAL_SEGMENT_SAFE,"[1.0892237072881534,0.1646020528619981,1.8368099634203705]","[1.0862059323184698,0.16435205286201107,1.8388547875228474]",0.000813899824319609,CERTIFIED_SAFE,SEGMENT_EXACT_SAFE,EXACT_ANALYTIC_SPHERE_SEGMENT_MINIMUM,EXACT_ANALYTIC,3b318a98a454ec5c36410b3c41dfb3dd4a25b7b5a1899f1f2c939fbf24ad0e55,False,False
9dc39b96eb0dd825d20f18da4e3462178bd19cdfad8eb7b497fc1419e58b11c7,PR87_ACTIVATED_ONE_STEP,PR87_ACTIVATED_ONE_STEP,E1_REPLICA_GT_FINE:B3_FULL_UNIFIED_WITH_DIRECTIONAL_ALTERNATIVES:a5e88a2990b0516c668ffe7c1a80ad05a324a6c77c3fcc5ea2873690b8ec9a59,ONE_STEP:0,E1_REPLICA_GT_FINE,ACTIVATED,B3_FULL_UNIFIED_WITH_DIRECTIONAL_ALTERNATIVES,ALT-06-BRAKE-BIASED-OUTWARD,EXECUTED_OR_SELECTED_HISTORICAL_CANDIDATE,PASS,True,PASS,FORMAL_SEGMENT_SAFE,"[1.0892237072881534,0.1646020528619981,1.8368099634203705]","[1.086339206412912,0.16437155953812924,1.8387050511198555]",0.0008157532155793189,CERTIFIED_SAFE,SEGMENT_EXACT_SAFE,EXACT_ANALYTIC_SPHERE_SEGMENT_MINIMUM,EXACT_ANALYTIC,3b318a98a454ec5c36410b3c41dfb3dd4a25b7b5a1899f1f2c939fbf24ad0e55,False,False
1ebd0255c31369fdb0e591ccf8cae25fb47a72ad047eade499e0d247dc197498,PR87_ACTIVATED_ONE_STEP,PR87_ACTIVATED_ONE_STEP,E1_REPLICA_GT_FINE:B3_FULL_UNIFIED_WITH_DIRECTIONAL_ALTERNATIVES:a5e88a2990b0516c668ffe7c1a80ad05a324a6c77c3fcc5ea2873690b8ec9a59,ONE_STEP:0,E1_REPLICA_GT_FINE,ACTIVATED,B3_FULL_UNIFIED_WITH_DIRECTIONAL_ALTERNATIVES,PRIMARY-CBF-FILTERED,LOGGED_NONEXECUTED_HISTORICAL_CANDIDATE,PASS,True,PASS,FORMAL_SEGMENT_SAFE,"[1.0892237072881534,0.1646020528619981,1.8368099634203705]","[1.0862059323184698,0.16435205286201107,1.8388547875228474]",0.000813899824319609,CERTIFIED_SAFE,SEGMENT_EXACT_SAFE,EXACT_ANALYTIC_SPHERE_SEGMENT_MINIMUM,EXACT_ANALYTIC,3b318a98a454ec5c36410b3c41dfb3dd4a25b7b5a1899f1f2c939fbf24ad0e55,False,False
e0fc60a5d0ca9eec004423c00be9b6f0cb4c9876394c64684c8214887cbd7ca5,PR87_ACTIVATED_ONE_STEP,PR87_ACTIVATED_ONE_STEP,E1_REPLICA_GT_FINE:B1_PLUS_SWEPT_SEGMENT:a74667ba81c1edd9d480bc2b1f993eafc102d9c2c15b630fb984eb6731e659c8,ONE_STEP:0,E1_REPLICA_GT_FINE,ACTIVATED,B1_PLUS_SWEPT_SEGMENT,PRIMARY-CBF-FILTERED,EXECUTED_OR_SELECTED_HISTORICAL_CANDIDATE,PASS,True,PASS,FORMAL_SEGMENT_SAFE,"[1.0897701888249642,0.168370302272346,1.8346514646323615]","[1.0883326888269105,0.1681204606913455,1.834901434505386]",9.676288996842211e-05,CERTIFIED_SAFE,SEGMENT_EXACT_SAFE,EXACT_ANALYTIC_SPHERE_SEGMENT_MINIMUM,EXACT_ANALYTIC,3b318a98a454ec5c36410b3c41dfb3dd4a25b7b5a1899f1f2c939fbf24ad0e55,False,False
757174c3819cce9b774dd36cbafa1573fc6686d73e8b52a72e3a434e5d2d3c72,PR87_ACTIVATED_ONE_STEP,PR87_ACTIVATED_ONE_STEP,E1_REPLICA_GT_FINE:B2_PLUS_TERMINAL_BACKUP:a74667ba81c1edd9d480bc2b1f993eafc102d9c2c15b630fb984eb6731e659c8,ONE_STEP:0,E1_REPLICA_GT_FINE,ACTIVATED,B2_PLUS_TERMINAL_BACKUP,PRIMARY-CBF-FILTERED,LOGGED_NONEXECUTED_HISTORICAL_CANDIDATE,PASS,True,PASS,FORMAL_SEGMENT_SAFE,"[1.0897701888249642,0.168370302272346,1.8346514646323615]","[1.0883326888269105,0.1681204606913455,1.834901434505386]",9.676288996842211e-05,CERTIFIED_SAFE,SEGMENT_EXACT_SAFE,EXACT_ANALYTIC_SPHERE_SEGMENT_MINIMUM,EXACT_ANALYTIC,3b318a98a454ec5c36410b3c41dfb3dd4a25b7b5a1899f1f2c939fbf24ad0e55,False,False
02e9c6f926213a861d603a56d31ac16b1704ea06655dd570e3e0ee650f955499,PR87_ACTIVATED_ONE_STEP,PR87_ACTIVATED_ONE_STEP,E1_REPLICA_GT_FINE:B3_FULL_UNIFIED_WITH_DIRECTIONAL_ALTERNATIVES:a74667ba81c1edd9d480bc2b1f993eafc102d9c2c15b630fb984eb6731e659c8,ONE_STEP:0,E1_REPLICA_GT_FINE,ACTIVATED,B3_FULL_UNIFIED_WITH_DIRECTIONAL_ALTERNATIVES,ALT-06-BRAKE-BIASED-OUTWARD,EXECUTED_OR_SELECTED_HISTORICAL_CANDIDATE,PASS,True,PASS,FORMAL_SEGMENT_SAFE,"[1.0897701888249642,0.168370302272346,1.8346514646323615]","[1.0887701888249643,0.16819087048019554,1.8346583265501957]",0.00010907217820359423,CERTIFIED_SAFE,SEGMENT_EXACT_SAFE,EXACT_ANALYTIC_SPHERE_SEGMENT_MINIMUM,EXACT_ANALYTIC,3b318a98a454ec5c36410b3c41dfb3dd4a25b7b5a1899f1f2c939fbf24ad0e55,False,False
2b16cd5298a0130e6a70370d72460a02e63ee12b8e90af0a48a6d37b33356d2b,PR87_ACTIVATED_ONE_STEP,PR87_ACTIVATED_ONE_STEP,E1_REPLICA_GT_FINE:B3_FULL_UNIFIED_WITH_DIRECTIONAL_ALTERNATIVES:a74667ba81c1edd9d480bc2b1f993eafc102d9c2c15b630fb984eb6731e659c8,ONE_STEP:0,E1_REPLICA_GT_FINE,ACTIVATED,B3_FULL_UNIFIED_WITH_DIRECTIONAL_ALTERNATIVES,PRIMARY-CBF-FILTERED,LOGGED_NONEXECUTED_HISTORICAL_CANDIDATE,PASS,True,PASS,FORMAL_SEGMENT_SAFE,"[1.0897701888249642,0.168370302272346,1.8346514646323615]","[1.0883326888269105,0.1681204606913455,1.834901434505386]",9.676288996842211e-05,CERTIFIED_SAFE,SEGMENT_EXACT_SAFE,EXACT_ANALYTIC_SPHERE_SEGMENT_MINIMUM,EXACT_ANALYTIC,3b318a98a454ec5c36410b3c41dfb3dd4a25b7b5a1899f1f2c939fbf24ad0e55,False,False
1beef09df1b5c8e2c26c623058f7bd329817bde4c23ea5376f1e5b9509a40ae8,PR87_ACTIVATED_ONE_STEP,PR87_ACTIVATED_ONE_STEP,E1_REPLICA_GT_FINE:B1_PLUS_SWEPT_SEGMENT:b332b530e424ea4c9257af6a74719793223b910c91ea5e3a3cdcbdee80e79fbb,ONE_STEP:0,E1_REPLICA_GT_FINE,ACTIVATED,B1_PLUS_SWEPT_SEGMENT,PRIMARY-CBF-FILTERED,EXECUTED_OR_SELECTED_HISTORICAL_CANDIDATE,PASS,True,PASS,FORMAL_SEGMENT_SAFE,"[1.0879473700038547,0.16786698815851098,1.8368001757333354]","[1.0849370819205983,0.16669136013499614,1.8391033266540409]",0.0001439960501185833,CERTIFIED_SAFE,SEGMENT_EXACT_SAFE,EXACT_ANALYTIC_SPHERE_SEGMENT_MINIMUM,EXACT_ANALYTIC,3b318a98a454ec5c36410b3c41dfb3dd4a25b7b5a1899f1f2c939fbf24ad0e55,False,False
656be89357c26545c3a25ec249741b624332fe4e0fe2aaec6a9273b78cea529d,PR87_ACTIVATED_ONE_STEP,PR87_ACTIVATED_ONE_STEP,E1_REPLICA_GT_FINE:B2_PLUS_TERMINAL_BACKUP:b332b530e424ea4c9257af6a74719793223b910c91ea5e3a3cdcbdee80e79fbb,ONE_STEP:0,E1_REPLICA_GT_FINE,ACTIVATED,B2_PLUS_TERMINAL_BACKUP,PRIMARY-CBF-FILTERED,LOGGED_NONEXECUTED_HISTORICAL_CANDIDATE,PASS,True,PASS,FORMAL_SEGMENT_SAFE,"[1.0879473700038547,0.16786698815851098,1.8368001757333354]","[1.0849370819205983,0.16669136013499614,1.8391033266540409]",0.0001439960501185833,CERTIFIED_SAFE,SEGMENT_EXACT_SAFE,EXACT_ANALYTIC_SPHERE_SEGMENT_MINIMUM,EXACT_ANALYTIC,3b318a98a454ec5c36410b3c41dfb3dd4a25b7b5a1899f1f2c939fbf24ad0e55,False,False
187afda9e2be82fff10fa1869568724e66baeaf4c8e0e047e91b9e5540d80813,PR87_ACTIVATED_ONE_STEP,PR87_ACTIVATED_ONE_STEP,E1_REPLICA_GT_FINE:B3_FULL_UNIFIED_WITH_DIRECTIONAL_ALTERNATIVES:b332b530e424ea4c9257af6a74719793223b910c91ea5e3a3cdcbdee80e79fbb,ONE_STEP:0,E1_REPLICA_GT_FINE,ACTIVATED,B3_FULL_UNIFIED_WITH_DIRECTIONAL_ALTERNATIVES,ALT-01-OUTWARD,EXECUTED_OR_SELECTED_HISTORICAL_CANDIDATE,PASS,True,PASS,FORMAL_SEGMENT_SAFE,"[1.0879473700038547,0.16786698815851098,1.8368001757333354]","[1.0851261000603598,0.16664264286838246,1.838970959226074]",0.0001439960501185833,CERTIFIED_SAFE,SEGMENT_EXACT_SAFE,EXACT_ANALYTIC_SPHERE_SEGMENT_MINIMUM,EXACT_ANALYTIC,3b318a98a454ec5c36410b3c41dfb3dd4a25b7b5a1899f1f2c939fbf24ad0e55,False,False
7b34416f9fed1285c9dd8edce4418d68f03489372a9fa10f261911e3756ef8ba,PR87_ACTIVATED_ONE_STEP,PR87_ACTIVATED_ONE_STEP,E1_REPLICA_GT_FINE:B3_FULL_UNIFIED_WITH_DIRECTIONAL_ALTERNATIVES:b332b530e424ea4c9257af6a74719793223b910c91ea5e3a3cdcbdee80e79fbb,ONE_STEP:0,E1_REPLICA_GT_FINE,ACTIVATED,B3_FULL_UNIFIED_WITH_DIRECTIONAL_ALTERNATIVES,PRIMARY-CBF-FILTERED,LOGGED_NONEXECUTED_HISTORICAL_CANDIDATE,PASS,True,PASS,FORMAL_SEGMENT_SAFE,"[1.0879473700038547,0.16786698815851098,1.8368001757333354]","[1.0849370819205983,0.16669136013499614,1.8391033266540409]",0.0001439960501185833,CERTIFIED_SAFE,SEGMENT_EXACT_SAFE,EXACT_ANALYTIC_SPHERE_SEGMENT_MINIMUM,EXACT_ANALYTIC,3b318a98a454ec5c36410b3c41dfb3dd4a25b7b5a1899f1f2c939fbf24ad0e55,False,False
a5a14f87385746209042eb639f5e3665d02dd8248465d229bdf702b773199d41,PR87_ACTIVATED_ONE_STEP,PR87_ACTIVATED_ONE_STEP,E1_REPLICA_GT_FINE:B1_PLUS_SWEPT_SEGMENT:c74a038af3b8274d76e24337d0e102af72c1956279c2b94ed8fa5c275a215e84,ONE_STEP:0,E1_REPLICA_GT_FINE,ACTIVATED,B1_PLUS_SWEPT_SEGMENT,PRIMARY-CBF-FILTERED,EXECUTED_OR_SELECTED_HISTORICAL_CANDIDATE,PASS,True,PASS,FORMAL_SEGMENT_SAFE,"[1.0889158921384565,0.16819176992188714,1.8360797719014714]","[1.0868257000880992,0.16732468456822863,1.8376985391807161]",0.00013184674205804145,CERTIFIED_SAFE,SEGMENT_EXACT_SAFE,EXACT_ANALYTIC_SPHERE_SEGMENT_MINIMUM,EXACT_ANALYTIC,3b318a98a454ec5c36410b3c41dfb3dd4a25b7b5a1899f1f2c939fbf24ad0e55,False,False
a5f5bbf79f30dfee9f6c1612057202fd7d5843051f8794a316d787dd8388db60,PR87_ACTIVATED_ONE_STEP,PR87_ACTIVATED_ONE_STEP,E1_REPLICA_GT_FINE:B2_PLUS_TERMINAL_BACKUP:c74a038af3b8274d76e24337d0e102af72c1956279c2b94ed8fa5c275a215e84,ONE_STEP:0,E1_REPLICA_GT_FINE,ACTIVATED,B2_PLUS_TERMINAL_BACKUP,PRIMARY-CBF-FILTERED,LOGGED_NONEXECUTED_HISTORICAL_CANDIDATE,PASS,True,PASS,FORMAL_SEGMENT_SAFE,"[1.0889158921384565,0.16819176992188714,1.8360797719014714]","[1.0868257000880992,0.16732468456822863,1.8376985391807161]",0.00013184674205804145,CERTIFIED_SAFE,SEGMENT_EXACT_SAFE,EXACT_ANALYTIC_SPHERE_SEGMENT_MINIMUM,EXACT_ANALYTIC,3b318a98a454ec5c36410b3c41dfb3dd4a25b7b5a1899f1f2c939fbf24ad0e55,False,False
b5aaf611faf9dc2d715ff934c5c6dc49b113c61080989ae977be687219801bd7,PR87_ACTIVATED_ONE_STEP,PR87_ACTIVATED_ONE_STEP,E1_REPLICA_GT_FINE:B3_FULL_UNIFIED_WITH_DIRECTIONAL_ALTERNATIVES:c74a038af3b8274d76e24337d0e102af72c1956279c2b94ed8fa5c275a215e84,ONE_STEP:0,E1_REPLICA_GT_FINE,ACTIVATED,B3_FULL_UNIFIED_WITH_DIRECTIONAL_ALTERNATIVES,ALT-01-OUTWARD,EXECUTED_OR_SELECTED_HISTORICAL_CANDIDATE,PASS,True,PASS,FORMAL_SEGMENT_SAFE,"[1.0889158921384565,0.16819176992188714,1.8360797719014714]","[1.0870631443295637,0.1672922063951348,1.837530151562346]",0.00013184674205804145,CERTIFIED_SAFE,SEGMENT_EXACT_SAFE,EXACT_ANALYTIC_SPHERE_SEGMENT_MINIMUM,EXACT_ANALYTIC,3b318a98a454ec5c36410b3c41dfb3dd4a25b7b5a1899f1f2c939fbf24ad0e55,False,False
82d72d891e6a55a8ce1b631475ce60920ec81a4aac44fe4ea45a19183e5d3eb5,PR87_ACTIVATED_ONE_STEP,PR87_ACTIVATED_ONE_STEP,E1_REPLICA_GT_FINE:B3_FULL_UNIFIED_WITH_DIRECTIONAL_ALTERNATIVES:c74a038af3b8274d76e24337d0e102af72c1956279c2b94ed8fa5c275a215e84,ONE_STEP:0,E1_REPLICA_GT_FINE,ACTIVATED,B3_FULL_UNIFIED_WITH_DIRECTIONAL_ALTERNATIVES,PRIMARY-CBF-FILTERED,LOGGED_NONEXECUTED_HISTORICAL_CANDIDATE,PASS,True,PASS,FORMAL_SEGMENT_SAFE,"[1.0889158921384565,0.16819176992188714,1.8360797719014714]","[1.0868257000880992,0.16732468456822863,1.8376985391807161]",0.00013184674205804145,CERTIFIED_SAFE,SEGMENT_EXACT_SAFE,EXACT_ANALYTIC_SPHERE_SEGMENT_MINIMUM,EXACT_ANALYTIC,3b318a98a454ec5c36410b3c41dfb3dd4a25b7b5a1899f1f2c939fbf24ad0e55,False,False
83cb7eff4e2111720a9e2885f82e1abf0e5974b3ca99b5eb6e9b36594d1223e3,PR87_ACTIVATED_ONE_STEP,PR87_ACTIVATED_ONE_STEP,E1_REPLICA_GT_FINE:B1_PLUS_SWEPT_SEGMENT:c84fd054dd4d1aba9c83cea797db8e42d7619a350bb20529b0b5217a9aee6ef4,ONE_STEP:0,E1_REPLICA_GT_FINE,ACTIVATED,B1_PLUS_SWEPT_SEGMENT,PRIMARY-CBF-FILTERED,EXECUTED_OR_SELECTED_HISTORICAL_CANDIDATE,PASS,True,PASS,FORMAL_SEGMENT_SAFE,"[1.0927899806768644,0.16949089697539185,1.8331981565740154]","[1.0906997886231045,0.16862381162347814,1.8348169238541532]",0.00011025000000000444,CERTIFIED_SAFE,SEGMENT_EXACT_SAFE,EXACT_ANALYTIC_SPHERE_SEGMENT_MINIMUM,EXACT_ANALYTIC,3b318a98a454ec5c36410b3c41dfb3dd4a25b7b5a1899f1f2c939fbf24ad0e55,False,False
dc82b1c555970217229a9cdd3389686cf67ed54e3ea53c38c4a004f495194325,PR87_ACTIVATED_ONE_STEP,PR87_ACTIVATED_ONE_STEP,E1_REPLICA_GT_FINE:B2_PLUS_TERMINAL_BACKUP:c84fd054dd4d1aba9c83cea797db8e42d7619a350bb20529b0b5217a9aee6ef4,ONE_STEP:0,E1_REPLICA_GT_FINE,ACTIVATED,B2_PLUS_TERMINAL_BACKUP,PRIMARY-CBF-FILTERED,LOGGED_NONEXECUTED_HISTORICAL_CANDIDATE,PASS,True,PASS,FORMAL_SEGMENT_SAFE,"[1.0927899806768644,0.16949089697539185,1.8331981565740154]","[1.0906997886231045,0.16862381162347814,1.8348169238541532]",0.00011025000000000444,CERTIFIED_SAFE,SEGMENT_EXACT_SAFE,EXACT_ANALYTIC_SPHERE_SEGMENT_MINIMUM,EXACT_ANALYTIC,3b318a98a454ec5c36410b3c41dfb3dd4a25b7b5a1899f1f2c939fbf24ad0e55,False,False
10ea39bb4d995a91b484689b64a047ba6ef34f067735ee3e88420dd340f67320,PR87_ACTIVATED_ONE_STEP,PR87_ACTIVATED_ONE_STEP,E1_REPLICA_GT_FINE:B3_FULL_UNIFIED_WITH_DIRECTIONAL_ALTERNATIVES:c84fd054dd4d1aba9c83cea797db8e42d7619a350bb20529b0b5217a9aee6ef4,ONE_STEP:0,E1_REPLICA_GT_FINE,ACTIVATED,B3_FULL_UNIFIED_WITH_DIRECTIONAL_ALTERNATIVES,ALT-01-OUTWARD,EXECUTED_OR_SELECTED_HISTORICAL_CANDIDATE,PASS,True,PASS,FORMAL_SEGMENT_SAFE,"[1.0927899806768644,0.16949089697539185,1.8331981565740154]","[1.0909462270125034,0.16859133344863952,1.834642629582456]",0.00011025000000000444,CERTIFIED_SAFE,SEGMENT_EXACT_SAFE,EXACT_ANALYTIC_SPHERE_SEGMENT_MINIMUM,EXACT_ANALYTIC,3b318a98a454ec5c36410b3c41dfb3dd4a25b7b5a1899f1f2c939fbf24ad0e55,False,False
748a92d690470b5a6065701c9c35d200e1861af4edae08183fe52a73c6b34426,PR87_ACTIVATED_ONE_STEP,PR87_ACTIVATED_ONE_STEP,E1_REPLICA_GT_FINE:B3_FULL_UNIFIED_WITH_DIRECTIONAL_ALTERNATIVES:c84fd054dd4d1aba9c83cea797db8e42d7619a350bb20529b0b5217a9aee6ef4,ONE_STEP:0,E1_REPLICA_GT_FINE,ACTIVATED,B3_FULL_UNIFIED_WITH_DIRECTIONAL_ALTERNATIVES,PRIMARY-CBF-FILTERED,LOGGED_NONEXECUTED_HISTORICAL_CANDIDATE,PASS,True,PASS,FORMAL_SEGMENT_SAFE,"[1.0927899806768644,0.16949089697539185,1.8331981565740154]","[1.0906997886231045,0.16862381162347814,1.8348169238541532]",0.00011025000000000444,CERTIFIED_SAFE,SEGMENT_EXACT_SAFE,EXACT_ANALYTIC_SPHERE_SEGMENT_MINIMUM,EXACT_ANALYTIC,3b318a98a454ec5c36410b3c41dfb3dd4a25b7b5a1899f1f2c939fbf24ad0e55,False,False
633cfac63c8be21619c5413c8ce68bad75ac38366f3b76bfadd0212fd2dbbe91,PR87_ACTIVATED_ONE_STEP,PR87_ACTIVATED_ONE_STEP,E1_REPLICA_GT_FINE:B1_PLUS_SWEPT_SEGMENT:cb774c833377da2918acbff4ac6c151849ee0e5e585802aadc861ca0c97abef2,ONE_STEP:0,E1_REPLICA_GT_FINE,ACTIVATED,B1_PLUS_SWEPT_SEGMENT,PRIMARY-CBF-FILTERED,EXECUTED_OR_SELECTED_HISTORICAL_CANDIDATE,PASS,True,PASS,FORMAL_SEGMENT_SAFE,"[1.0881146224211584,0.1673959569822175,1.8368126761279535]","[1.0851043343410662,0.16622032901026448,1.8391158270492136]",0.00025476672498044375,CERTIFIED_SAFE,SEGMENT_EXACT_SAFE,EXACT_ANALYTIC_SPHERE_SEGMENT_MINIMUM,EXACT_ANALYTIC,3b318a98a454ec5c36410b3c41dfb3dd4a25b7b5a1899f1f2c939fbf24ad0e55,False,False
e996dbb5e006ff79a33fb7b0daa71c7a6a0e7a04172e54559b2a2e614a6d5d90,PR87_ACTIVATED_ONE_STEP,PR87_ACTIVATED_ONE_STEP,E1_REPLICA_GT_FINE:B2_PLUS_TERMINAL_BACKUP:cb774c833377da2918acbff4ac6c151849ee0e5e585802aadc861ca0c97abef2,ONE_STEP:0,E1_REPLICA_GT_FINE,ACTIVATED,B2_PLUS_TERMINAL_BACKUP,PRIMARY-CBF-FILTERED,LOGGED_NONEXECUTED_HISTORICAL_CANDIDATE,PASS,True,PASS,FORMAL_SEGMENT_SAFE,"[1.0881146224211584,0.1673959569822175,1.8368126761279535]","[1.0851043343410662,0.16622032901026448,1.8391158270492136]",0.00025476672498044375,CERTIFIED_SAFE,SEGMENT_EXACT_SAFE,EXACT_ANALYTIC_SPHERE_SEGMENT_MINIMUM,EXACT_ANALYTIC,3b318a98a454ec5c36410b3c41dfb3dd4a25b7b5a1899f1f2c939fbf24ad0e55,False,False
622898dab699ac8412caceadb16195155f1d974392d07bdb724b56101dc2d031,PR87_ACTIVATED_ONE_STEP,PR87_ACTIVATED_ONE_STEP,E1_REPLICA_GT_FINE:B3_FULL_UNIFIED_WITH_DIRECTIONAL_ALTERNATIVES:cb774c833377da2918acbff4ac6c151849ee0e5e585802aadc861ca0c97abef2,ONE_STEP:0,E1_REPLICA_GT_FINE,ACTIVATED,B3_FULL_UNIFIED_WITH_DIRECTIONAL_ALTERNATIVES,ALT-01-OUTWARD,EXECUTED_OR_SELECTED_HISTORICAL_CANDIDATE,PASS,True,PASS,FORMAL_SEGMENT_SAFE,"[1.0881146224211584,0.1673959569822175,1.8368126761279535]","[1.0852933697994496,0.16617161169208897,1.8389834482450942]",0.00025476672498044375,CERTIFIED_SAFE,SEGMENT_EXACT_SAFE,EXACT_ANALYTIC_SPHERE_SEGMENT_MINIMUM,EXACT_ANALYTIC,3b318a98a454ec5c36410b3c41dfb3dd4a25b7b5a1899f1f2c939fbf24ad0e55,False,False
3c60c5ba3a6a1260f8bf513bc896b5c59ec0394a54fd4d46926865511071db94,PR87_ACTIVATED_ONE_STEP,PR87_ACTIVATED_ONE_STEP,E1_REPLICA_GT_FINE:B3_FULL_UNIFIED_WITH_DIRECTIONAL_ALTERNATIVES:cb774c833377da2918acbff4ac6c151849ee0e5e585802aadc861ca0c97abef2,ONE_STEP:0,E1_REPLICA_GT_FINE,ACTIVATED,B3_FULL_UNIFIED_WITH_DIRECTIONAL_ALTERNATIVES,PRIMARY-CBF-FILTERED,LOGGED_NONEXECUTED_HISTORICAL_CANDIDATE,PASS,True,PASS,FORMAL_SEGMENT_SAFE,"[1.0881146224211584,0.1673959569822175,1.8368126761279535]","[1.0851043343410662,0.16622032901026448,1.8391158270492136]",0.00025476672498044375,CERTIFIED_SAFE,SEGMENT_EXACT_SAFE,EXACT_ANALYTIC_SPHERE_SEGMENT_MINIMUM,EXACT_ANALYTIC,3b318a98a454ec5c36410b3c41dfb3dd4a25b7b5a1899f1f2c939fbf24ad0e55,False,False
5ff348a9ca99c135dd1051cdf4e99c9fe957d124e6e6c7048ad7b22f2c33233b,PR87_ACTIVATED_ONE_STEP,PR87_ACTIVATED_ONE_STEP,E1_REPLICA_GT_FINE:B1_PLUS_SWEPT_SEGMENT:e0e82c1541d35cbd4aae599b105e6ed9108c03ab76f45f6c4eb93c45cd8331b2,ONE_STEP:0,E1_REPLICA_GT_FINE,ACTIVATED,B1_PLUS_SWEPT_SEGMENT,PRIMARY-CBF-FILTERED,EXECUTED_OR_SELECTED_HISTORICAL_CANDIDATE,PASS,True,PASS,FORMAL_SEGMENT_SAFE,"[1.0887419496244606,0.16868164234523236,1.8360667714910688]","[1.0866517575715122,0.1678145569933314,1.837685538771067]",1.7183261928465504e-05,CERTIFIED_SAFE,SEGMENT_EXACT_SAFE,EXACT_ANALYTIC_SPHERE_SEGMENT_MINIMUM,EXACT_ANALYTIC,3b318a98a454ec5c36410b3c41dfb3dd4a25b7b5a1899f1f2c939fbf24ad0e55,False,False
aa5cccc397534796240f7888ddc1b5b4eb900efdca272261710a30c7b4643b98,PR87_ACTIVATED_ONE_STEP,PR87_ACTIVATED_ONE_STEP,E1_REPLICA_GT_FINE:B2_PLUS_TERMINAL_BACKUP:e0e82c1541d35cbd4aae599b105e6ed9108c03ab76f45f6c4eb93c45cd8331b2,ONE_STEP:0,E1_REPLICA_GT_FINE,ACTIVATED,B2_PLUS_TERMINAL_BACKUP,PRIMARY-CBF-FILTERED,LOGGED_NONEXECUTED_HISTORICAL_CANDIDATE,PASS,True,PASS,FORMAL_SEGMENT_SAFE,"[1.0887419496244606,0.16868164234523236,1.8360667714910688]","[1.0866517575715122,0.1678145569933314,1.837685538771067]",1.7183261928465504e-05,CERTIFIED_SAFE,SEGMENT_EXACT_SAFE,EXACT_ANALYTIC_SPHERE_SEGMENT_MINIMUM,EXACT_ANALYTIC,3b318a98a454ec5c36410b3c41dfb3dd4a25b7b5a1899f1f2c939fbf24ad0e55,False,False
3fc63574eb9e729faa1f93b4aded3124d692655d1795d6c276694dbf268e4ec0,PR87_ACTIVATED_ONE_STEP,PR87_ACTIVATED_ONE_STEP,E1_REPLICA_GT_FINE:B3_FULL_UNIFIED_WITH_DIRECTIONAL_ALTERNATIVES:e0e82c1541d35cbd4aae599b105e6ed9108c03ab76f45f6c4eb93c45cd8331b2,ONE_STEP:0,E1_REPLICA_GT_FINE,ACTIVATED,B3_FULL_UNIFIED_WITH_DIRECTIONAL_ALTERNATIVES,ALT-01-OUTWARD,EXECUTED_OR_SELECTED_HISTORICAL_CANDIDATE,PASS,True,PASS,FORMAL_SEGMENT_SAFE,"[1.0887419496244606,0.16868164234523236,1.8360667714910688]","[1.0868891836574568,0.16778207881848003,1.837517163076774]",1.7183261928465504e-05,CERTIFIED_SAFE,SEGMENT_EXACT_SAFE,EXACT_ANALYTIC_SPHERE_SEGMENT_MINIMUM,EXACT_ANALYTIC,3b318a98a454ec5c36410b3c41dfb3dd4a25b7b5a1899f1f2c939fbf24ad0e55,False,False
b8573da5c50f4fec1e5454cef6e4b3e01af6a2957635d995602f643e8e334bfc,PR87_ACTIVATED_ONE_STEP,PR87_ACTIVATED_ONE_STEP,E1_REPLICA_GT_FINE:B3_FULL_UNIFIED_WITH_DIRECTIONAL_ALTERNATIVES:e0e82c1541d35cbd4aae599b105e6ed9108c03ab76f45f6c4eb93c45cd8331b2,ONE_STEP:0,E1_REPLICA_GT_FINE,ACTIVATED,B3_FULL_UNIFIED_WITH_DIRECTIONAL_ALTERNATIVES,PRIMARY-CBF-FILTERED,LOGGED_NONEXECUTED_HISTORICAL_CANDIDATE,PASS,True,PASS,FORMAL_SEGMENT_SAFE,"[1.0887419496244606,0.16868164234523236,1.8360667714910688]","[1.0866517575715122,0.1678145569933314,1.837685538771067]",1.7183261928465504e-05,CERTIFIED_SAFE,SEGMENT_EXACT_SAFE,EXACT_ANALYTIC_SPHERE_SEGMENT_MINIMUM,EXACT_ANALYTIC,3b318a98a454ec5c36410b3c41dfb3dd4a25b7b5a1899f1f2c939fbf24ad0e55,False,False
ff439b26678690f1865b1bf0bea086124ea1de34c5ac49b3cd83089860aff9a0,PR87_ACTIVATED_ONE_STEP,PR87_ACTIVATED_ONE_STEP,E1_REPLICA_GT_FINE:B1_PLUS_SWEPT_SEGMENT:00619bcd6efa2989828365795b5767914d3ce6dc3b13640afe0a650bb54be649,ONE_STEP:0,E1_REPLICA_GT_FINE,ACTIVATED,B1_PLUS_SWEPT_SEGMENT,PRIMARY-CBF-FILTERED,EXECUTED_OR_SELECTED_HISTORICAL_CANDIDATE,PASS,True,PASS,FORMAL_SEGMENT_SAFE,"[1.0945530824320724,0.17063033292548943,1.8317443484998848]","[1.0943030842799037,0.17038045960423584,1.831994326733476]",9.9586890613991e-07,CERTIFIED_SAFE,SEGMENT_EXACT_SAFE,EXACT_ANALYTIC_SPHERE_SEGMENT_MINIMUM,EXACT_ANALYTIC,3b318a98a454ec5c36410b3c41dfb3dd4a25b7b5a1899f1f2c939fbf24ad0e55,False,False
410ad5f07d76472e2dac78014a20109f9d2ea228b88845b306987fad34786db7,PR87_ACTIVATED_ONE_STEP,PR87_ACTIVATED_ONE_STEP,E1_REPLICA_GT_FINE:B2_PLUS_TERMINAL_BACKUP:00619bcd6efa2989828365795b5767914d3ce6dc3b13640afe0a650bb54be649,ONE_STEP:0,E1_REPLICA_GT_FINE,ACTIVATED,B2_PLUS_TERMINAL_BACKUP,PRIMARY-CBF-FILTERED,LOGGED_NONEXECUTED_HISTORICAL_CANDIDATE,PASS,True,PASS,FORMAL_SEGMENT_SAFE,"[1.0945530824320724,0.17063033292548943,1.8317443484998848]","[1.0943030842799037,0.17038045960423584,1.831994326733476]",9.9586890613991e-07,CERTIFIED_SAFE,SEGMENT_EXACT_SAFE,EXACT_ANALYTIC_SPHERE_SEGMENT_MINIMUM,EXACT_ANALYTIC,3b318a98a454ec5c36410b3c41dfb3dd4a25b7b5a1899f1f2c939fbf24ad0e55,False,False
de885f961a7a2c51a5e98b26be04e3e60d5c0073e52fbaf3a4841896f6b23c62,PR87_ACTIVATED_ONE_STEP,PR87_ACTIVATED_ONE_STEP,E1_REPLICA_GT_FINE:B3_FULL_UNIFIED_WITH_DIRECTIONAL_ALTERNATIVES:00619bcd6efa2989828365795b5767914d3ce6dc3b13640afe0a650bb54be649,ONE_STEP:0,E1_REPLICA_GT_FINE,ACTIVATED,B3_FULL_UNIFIED_WITH_DIRECTIONAL_ALTERNATIVES,PRIMARY-CBF-FILTERED,LOGGED_NONEXECUTED_HISTORICAL_CANDIDATE,PASS,True,PASS,FORMAL_SEGMENT_SAFE,"[1.0945530824320724,0.17063033292548943,1.8317443484998848]","[1.0943030842799037,0.17038045960423584,1.831994326733476]",9.9586890613991e-07,CERTIFIED_SAFE,SEGMENT_EXACT_SAFE,EXACT_ANALYTIC_SPHERE_SEGMENT_MINIMUM,EXACT_ANALYTIC,3b318a98a454ec5c36410b3c41dfb3dd4a25b7b5a1899f1f2c939fbf24ad0e55,False,False
857b0a4fe6df34bf1218e41f7dbb97dd20a87fc6ad9d57a97b83d6d13f0fb81e,PR87_ACTIVATED_ONE_STEP,PR87_ACTIVATED_ONE_STEP,E1_REPLICA_GT_FINE:B1_PLUS_SWEPT_SEGMENT:05e57219769a6f097a56347ddcd2704a1c1ec1ce9bbae97c82588def134d7d84,ONE_STEP:0,E1_REPLICA_GT_FINE,ACTIVATED,B1_PLUS_SWEPT_SEGMENT,PRIMARY-CBF-FILTERED,EXECUTED_OR_SELECTED_HISTORICAL_CANDIDATE,PASS,True,PASS,FORMAL_SEGMENT_SAFE,"[1.094894277363372,0.16966942932585072,1.8317698493049055]","[1.094644280041934,0.16941956251010154,1.8320198193199317]",0.00022640225486232277,CERTIFIED_SAFE,SEGMENT_EXACT_SAFE,EXACT_ANALYTIC_SPHERE_SEGMENT_MINIMUM,EXACT_ANALYTIC,3b318a98a454ec5c36410b3c41dfb3dd4a25b7b5a1899f1f2c939fbf24ad0e55,False,False
28d3ba90548ab65a305111642c5401a19f4a7dfdd0916b13d5296752651b7e46,PR87_ACTIVATED_ONE_STEP,PR87_ACTIVATED_ONE_STEP,E1_REPLICA_GT_FINE:B2_PLUS_TERMINAL_BACKUP:05e57219769a6f097a56347ddcd2704a1c1ec1ce9bbae97c82588def134d7d84,ONE_STEP:0,E1_REPLICA_GT_FINE,ACTIVATED,B2_PLUS_TERMINAL_BACKUP,PRIMARY-CBF-FILTERED,LOGGED_NONEXECUTED_HISTORICAL_CANDIDATE,PASS,True,PASS,FORMAL_SEGMENT_SAFE,"[1.094894277363372,0.16966942932585072,1.8317698493049055]","[1.094644280041934,0.16941956251010154,1.8320198193199317]",0.00022640225486232277,CERTIFIED_SAFE,SEGMENT_EXACT_SAFE,EXACT_ANALYTIC_SPHERE_SEGMENT_MINIMUM,EXACT_ANALYTIC,3b318a98a454ec5c36410b3c41dfb3dd4a25b7b5a1899f1f2c939fbf24ad0e55,False,False
07d14b6f29f87813f4f28c98e13701adf555cbff3ae2b2be03edef3feaa84aa9,PR87_ACTIVATED_ONE_STEP,PR87_ACTIVATED_ONE_STEP,E1_REPLICA_GT_FINE:B3_FULL_UNIFIED_WITH_DIRECTIONAL_ALTERNATIVES:05e57219769a6f097a56347ddcd2704a1c1ec1ce9bbae97c82588def134d7d84,ONE_STEP:0,E1_REPLICA_GT_FINE,ACTIVATED,B3_FULL_UNIFIED_WITH_DIRECTIONAL_ALTERNATIVES,PRIMARY-CBF-FILTERED,LOGGED_NONEXECUTED_HISTORICAL_CANDIDATE,PASS,True,PASS,FORMAL_SEGMENT_SAFE,"[1.094894277363372,0.16966942932585072,1.8317698493049055]","[1.094644280041934,0.16941956251010154,1.8320198193199317]",0.00022640225486232277,CERTIFIED_SAFE,SEGMENT_EXACT_SAFE,EXACT_ANALYTIC_SPHERE_SEGMENT_MINIMUM,EXACT_ANALYTIC,3b318a98a454ec5c36410b3c41dfb3dd4a25b7b5a1899f1f2c939fbf24ad0e55,False,False
913d06d2ea9f44a41aee131a6c1c81ed61eb2de2eec3c95d4c9d1e406262e54a,PR87_ACTIVATED_ONE_STEP,PR87_ACTIVATED_ONE_STEP,E1_REPLICA_GT_FINE:B1_PLUS_SWEPT_SEGMENT:0f5922305009057964cd192ed49d3c8d6b71d72ee44372ec4bd7209792542cad,ONE_STEP:0,E1_REPLICA_GT_FINE,ACTIVATED,B1_PLUS_SWEPT_SEGMENT,PRIMARY-CBF-FILTERED,EXECUTED_OR_SELECTED_HISTORICAL_CANDIDATE,PASS,True,PASS,FORMAL_SEGMENT_SAFE,"[0.9492912963032722,0.12523484230041504,1.9389313161373138]","[0.9490413586173488,0.12523484230296625,1.9391812541514086]",0.009682234138138339,CERTIFIED_SAFE,SEGMENT_EXACT_SAFE,EXACT_ANALYTIC_SPHERE_SEGMENT_MINIMUM,EXACT_ANALYTIC,3b318a98a454ec5c36410b3c41dfb3dd4a25b7b5a1899f1f2c939fbf24ad0e55,False,False
41266e9752b24fd5b49a38965ffbe933236e186abf5086ecf8b005deb97bc4ca,PR87_ACTIVATED_ONE_STEP,PR87_ACTIVATED_ONE_STEP,E1_REPLICA_GT_FINE:B2_PLUS_TERMINAL_BACKUP:0f5922305009057964cd192ed49d3c8d6b71d72ee44372ec4bd7209792542cad,ONE_STEP:0,E1_REPLICA_GT_FINE,ACTIVATED,B2_PLUS_TERMINAL_BACKUP,PRIMARY-CBF-FILTERED,LOGGED_NONEXECUTED_HISTORICAL_CANDIDATE,PASS,True,PASS,FORMAL_SEGMENT_SAFE,"[0.9492912963032722,0.12523484230041504,1.9389313161373138]","[0.9490413586173488,0.12523484230296625,1.9391812541514086]",0.009682234138138339,CERTIFIED_SAFE,SEGMENT_EXACT_SAFE,EXACT_ANALYTIC_SPHERE_SEGMENT_MINIMUM,EXACT_ANALYTIC,3b318a98a454ec5c36410b3c41dfb3dd4a25b7b5a1899f1f2c939fbf24ad0e55,False,False
1bb081d064d6ed14bdf12caa3bd35676cbc0a0d05437153fbf731a3f98a7b115,PR87_ACTIVATED_ONE_STEP,PR87_ACTIVATED_ONE_STEP,E1_REPLICA_GT_FINE:B3_FULL_UNIFIED_WITH_DIRECTIONAL_ALTERNATIVES:0f5922305009057964cd192ed49d3c8d6b71d72ee44372ec4bd7209792542cad,ONE_STEP:0,E1_REPLICA_GT_FINE,ACTIVATED,B3_FULL_UNIFIED_WITH_DIRECTIONAL_ALTERNATIVES,PRIMARY-CBF-FILTERED,LOGGED_NONEXECUTED_HISTORICAL_CANDIDATE,PASS,True,PASS,FORMAL_SEGMENT_SAFE,"[0.9492912963032722,0.12523484230041504,1.9389313161373138]","[0.9490413586173488,0.12523484230296625,1.9391812541514086]",0.009682234138138339,CERTIFIED_SAFE,SEGMENT_EXACT_SAFE,EXACT_ANALYTIC_SPHERE_SEGMENT_MINIMUM,EXACT_ANALYTIC,3b318a98a454ec5c36410b3c41dfb3dd4a25b7b5a1899f1f2c939fbf24ad0e55,False,False
595b71201d27504371c48673e15f2f668b8727441045299145f6613fcf591a89,PR87_ACTIVATED_ONE_STEP,PR87_ACTIVATED_ONE_STEP,E1_REPLICA_GT_FINE:B1_PLUS_SWEPT_SEGMENT:14c396035141f0c134184288b5df3c7081f7dbc72c4d0f5c45e5307fef542aa0,ONE_STEP:0,E1_REPLICA_GT_FINE,ACTIVATED,B1_PLUS_SWEPT_SEGMENT,PRIMARY-CBF-FILTERED,EXECUTED_OR_SELECTED_HISTORICAL_CANDIDATE,PASS,True,PASS,FORMAL_SEGMENT_SAFE,"[1.0926294183562526,0.1699430869046336,1.833186156195182]","[1.0923794204169364,0.16969320900221133,1.8334361347230668]",4.400399999989618e-06,CERTIFIED_SAFE,SEGMENT_EXACT_SAFE,EXACT_ANALYTIC_SPHERE_SEGMENT_MINIMUM,EXACT_ANALYTIC,3b318a98a454ec5c36410b3c41dfb3dd4a25b7b5a1899f1f2c939fbf24ad0e55,False,False
92099c60b7bc60efe4606cbd7ab4fdb80038c21c73471d54f4d9bbe4518c4829,PR87_ACTIVATED_ONE_STEP,PR87_ACTIVATED_ONE_STEP,E1_REPLICA_GT_FINE:B2_PLUS_TERMINAL_BACKUP:14c396035141f0c134184288b5df3c7081f7dbc72c4d0f5c45e5307fef542aa0,ONE_STEP:0,E1_REPLICA_GT_FINE,ACTIVATED,B2_PLUS_TERMINAL_BACKUP,PRIMARY-CBF-FILTERED,LOGGED_NONEXECUTED_HISTORICAL_CANDIDATE,PASS,True,PASS,FORMAL_SEGMENT_SAFE,"[1.0926294183562526,0.1699430869046336,1.833186156195182]","[1.0923794204169364,0.16969320900221133,1.8334361347230668]",4.400399999989618e-06,CERTIFIED_SAFE,SEGMENT_EXACT_SAFE,EXACT_ANALYTIC_SPHERE_SEGMENT_MINIMUM,EXACT_ANALYTIC,3b318a98a454ec5c36410b3c41dfb3dd4a25b7b5a1899f1f2c939fbf24ad0e55,False,False
a88b6bf0c5f959bea67b4f9452dd1ab5d88f290f42cd0fb5778f6d8d197ca310,PR87_ACTIVATED_ONE_STEP,PR87_ACTIVATED_ONE_STEP,E1_REPLICA_GT_FINE:B3_FULL_UNIFIED_WITH_DIRECTIONAL_ALTERNATIVES:14c396035141f0c134184288b5df3c7081f7dbc72c4d0f5c45e5307fef542aa0,ONE_STEP:0,E1_REPLICA_GT_FINE,ACTIVATED,B3_FULL_UNIFIED_WITH_DIRECTIONAL_ALTERNATIVES,PRIMARY-CBF-FILTERED,LOGGED_NONEXECUTED_HISTORICAL_CANDIDATE,PASS,True,PASS,FORMAL_SEGMENT_SAFE,"[1.0926294183562526,0.1699430869046336,1.833186156195182]","[1.0923794204169364,0.16969320900221133,1.8334361347230668]",4.400399999989618e-06,CERTIFIED_SAFE,SEGMENT_EXACT_SAFE,EXACT_ANALYTIC_SPHERE_SEGMENT_MINIMUM,EXACT_ANALYTIC,3b318a98a454ec5c36410b3c41dfb3dd4a25b7b5a1899f1f2c939fbf24ad0e55,False,False
34d34108962e170ebd8bfbee9d180a2cf99eca14157981c84f4006fd325092b5,PR87_ACTIVATED_ONE_STEP,PR87_ACTIVATED_ONE_STEP,E1_REPLICA_GT_FINE:B1_PLUS_SWEPT_SEGMENT:1d0e18478950f88ca2d286909cbb18e43d75321d52498304f18db70110189f85,ONE_STEP:0,E1_REPLICA_GT_FINE,ACTIVATED,B1_PLUS_SWEPT_SEGMENT,PRIMARY-CBF-FILTERED,EXECUTED_OR_SELECTED_HISTORICAL_CANDIDATE,PASS,True,PASS,FORMAL_SEGMENT_SAFE,"[1.0926561787430213,0.16986772191642666,1.833188156258321]","[1.0924061809318766,0.16961784092226365,1.8334381351311295]",2.2010000000001126e-05,CERTIFIED_SAFE,SEGMENT_EXACT_SAFE,EXACT_ANALYTIC_SPHERE_SEGMENT_MINIMUM,EXACT_ANALYTIC,3b318a98a454ec5c36410b3c41dfb3dd4a25b7b5a1899f1f2c939fbf24ad0e55,False,False
e5c5e080789e897db6200fb035fb184ae4ac1c6ee75725cdc2db86c648fbd83d,PR87_ACTIVATED_ONE_STEP,PR87_ACTIVATED_ONE_STEP,E1_REPLICA_GT_FINE:B2_PLUS_TERMINAL_BACKUP:1d0e18478950f88ca2d286909cbb18e43d75321d52498304f18db70110189f85,ONE_STEP:0,E1_REPLICA_GT_FINE,ACTIVATED,B2_PLUS_TERMINAL_BACKUP,PRIMARY-CBF-FILTERED,LOGGED_NONEXECUTED_HISTORICAL_CANDIDATE,PASS,True,PASS,FORMAL_SEGMENT_SAFE,"[1.0926561787430213,0.16986772191642666,1.833188156258321]","[1.0924061809318766,0.16961784092226365,1.8334381351311295]",2.2010000000001126e-05,CERTIFIED_SAFE,SEGMENT_EXACT_SAFE,EXACT_ANALYTIC_SPHERE_SEGMENT_MINIMUM,EXACT_ANALYTIC,3b318a98a454ec5c36410b3c41dfb3dd4a25b7b5a1899f1f2c939fbf24ad0e55,False,False
fb6db394df758b04cb477d5214d40aa5a6148cd4fc525eef8061fcf9bbded149,PR87_ACTIVATED_ONE_STEP,PR87_ACTIVATED_ONE_STEP,E1_REPLICA_GT_FINE:B3_FULL_UNIFIED_WITH_DIRECTIONAL_ALTERNATIVES:1d0e18478950f88ca2d286909cbb18e43d75321d52498304f18db70110189f85,ONE_STEP:0,E1_REPLICA_GT_FINE,ACTIVATED,B3_FULL_UNIFIED_WITH_DIRECTIONAL_ALTERNATIVES,PRIMARY-CBF-FILTERED,LOGGED_NONEXECUTED_HISTORICAL_CANDIDATE,PASS,True,PASS,FORMAL_SEGMENT_SAFE,"[1.0926561787430213,0.16986772191642666,1.833188156258321]","[1.0924061809318766,0.16961784092226365,1.8334381351311295]",2.2010000000001126e-05,CERTIFIED_SAFE,SEGMENT_EXACT_SAFE,EXACT_ANALYTIC_SPHERE_SEGMENT_MINIMUM,EXACT_ANALYTIC,3b318a98a454ec5c36410b3c41dfb3dd4a25b7b5a1899f1f2c939fbf24ad0e55,False,False
3b461d6afacd1f47c038459d265bebab1ff58be317f682aae72df6b82067ec92,PR87_ACTIVATED_ONE_STEP,PR87_ACTIVATED_ONE_STEP,E1_REPLICA_GT_FINE:B1_PLUS_SWEPT_SEGMENT:1e72ebb89bd2f14e2ce7555535a1a803006e15a0ff43bc78b0b4431bc6cd9e1b,ONE_STEP:0,E1_REPLICA_GT_FINE,ACTIVATED,B1_PLUS_SWEPT_SEGMENT,PRIMARY-CBF-FILTERED,EXECUTED_OR_SELECTED_HISTORICAL_CANDIDATE,PASS,True,PASS,FORMAL_SEGMENT_SAFE,"[1.107410925720737,0.12220924699558415,1.8358765033049311]","[1.1071610326813117,0.12224706692688998,1.8361264059132132]",0.013471078364375343,CERTIFIED_SAFE,SEGMENT_EXACT_SAFE,EXACT_ANALYTIC_SPHERE_SEGMENT_MINIMUM,EXACT_ANALYTIC,3b318a98a454ec5c36410b3c41dfb3dd4a25b7b5a1899f1f2c939fbf24ad0e55,False,False
0a514a83f90e8e483d6b5db0f95b5d5014b8e4cfe00605baf6326b54aad05cab,PR87_ACTIVATED_ONE_STEP,PR87_ACTIVATED_ONE_STEP,E1_REPLICA_GT_FINE:B2_PLUS_TERMINAL_BACKUP:1e72ebb89bd2f14e2ce7555535a1a803006e15a0ff43bc78b0b4431bc6cd9e1b,ONE_STEP:0,E1_REPLICA_GT_FINE,ACTIVATED,B2_PLUS_TERMINAL_BACKUP,PRIMARY-CBF-FILTERED,LOGGED_NONEXECUTED_HISTORICAL_CANDIDATE,PASS,True,PASS,FORMAL_SEGMENT_SAFE,"[1.107410925720737,0.12220924699558415,1.8358765033049311]","[1.1071610326813117,0.12224706692688998,1.8361264059132132]",0.013471078364375343,CERTIFIED_SAFE,SEGMENT_EXACT_SAFE,EXACT_ANALYTIC_SPHERE_SEGMENT_MINIMUM,EXACT_ANALYTIC,3b318a98a454ec5c36410b3c41dfb3dd4a25b7b5a1899f1f2c939fbf24ad0e55,False,False
d72905fdbd3cdb4c1c547bdda70e57ba7d80a14055c26c1334a202a883811a85,PR87_ACTIVATED_ONE_STEP,PR87_ACTIVATED_ONE_STEP,E1_REPLICA_GT_FINE:B3_FULL_UNIFIED_WITH_DIRECTIONAL_ALTERNATIVES:1e72ebb89bd2f14e2ce7555535a1a803006e15a0ff43bc78b0b4431bc6cd9e1b,ONE_STEP:0,E1_REPLICA_GT_FINE,ACTIVATED,B3_FULL_UNIFIED_WITH_DIRECTIONAL_ALTERNATIVES,PRIMARY-CBF-FILTERED,LOGGED_NONEXECUTED_HISTORICAL_CANDIDATE,PASS,True,PASS,FORMAL_SEGMENT_SAFE,"[1.107410925720737,0.12220924699558415,1.8358765033049311]","[1.1071610326813117,0.12224706692688998,1.8361264059132132]",0.013471078364375343,CERTIFIED_SAFE,SEGMENT_EXACT_SAFE,EXACT_ANALYTIC_SPHERE_SEGMENT_MINIMUM,EXACT_ANALYTIC,3b318a98a454ec5c36410b3c41dfb3dd4a25b7b5a1899f1f2c939fbf24ad0e55,False,False
a98fee7b2f47e6fd45b84ced966e3c1e6c4c7b3ea59d916567662f9b1f53de73,PR87_ACTIVATED_ONE_STEP,PR87_ACTIVATED_ONE_STEP,E1_REPLICA_GT_FINE:B1_PLUS_SWEPT_SEGMENT:2b11afca29a51fef0f7425540f49085379455cadecef1c3433741ceb8a827157,ONE_STEP:0,E1_REPLICA_GT_FINE,ACTIVATED,B1_PLUS_SWEPT_SEGMENT,PRIMARY-CBF-FILTERED,EXECUTED_OR_SELECTED_HISTORICAL_CANDIDATE,PASS,True,PASS,FORMAL_SEGMENT_SAFE,"[0.9515431157284713,0.16266430101793752,1.9355292981389152]","[0.9512931368565785,0.16241442430322728,1.935779274829428]",9.796137067868624e-06,CERTIFIED_SAFE,SEGMENT_EXACT_SAFE,EXACT_ANALYTIC_SPHERE_SEGMENT_MINIMUM,EXACT_ANALYTIC,3b318a98a454ec5c36410b3c41dfb3dd4a25b7b5a1899f1f2c939fbf24ad0e55,False,False
b5d41419651540fde224c7240a578fe9b0953b6036565c4551379ec005af5637,PR87_ACTIVATED_ONE_STEP,PR87_ACTIVATED_ONE_STEP,E1_REPLICA_GT_FINE:B2_PLUS_TERMINAL_BACKUP:2b11afca29a51fef0f7425540f49085379455cadecef1c3433741ceb8a827157,ONE_STEP:0,E1_REPLICA_GT_FINE,ACTIVATED,B2_PLUS_TERMINAL_BACKUP,PRIMARY-CBF-FILTERED,LOGGED_NONEXECUTED_HISTORICAL_CANDIDATE,PASS,True,PASS,FORMAL_SEGMENT_SAFE,"[0.9515431157284713,0.16266430101793752,1.9355292981389152]","[0.9512931368565785,0.16241442430322728,1.935779274829428]",9.796137067868624e-06,CERTIFIED_SAFE,SEGMENT_EXACT_SAFE,EXACT_ANALYTIC_SPHERE_SEGMENT_MINIMUM,EXACT_ANALYTIC,3b318a98a454ec5c36410b3c41dfb3dd4a25b7b5a1899f1f2c939fbf24ad0e55,False,False
b04288297f1935a29ca92f3cf274855a35440889caadf1a48fa8eef52dbc23aa,PR87_ACTIVATED_ONE_STEP,PR87_ACTIVATED_ONE_STEP,E1_REPLICA_GT_FINE:B3_FULL_UNIFIED_WITH_DIRECTIONAL_ALTERNATIVES:2b11afca29a51fef0f7425540f49085379455cadecef1c3433741ceb8a827157,ONE_STEP:0,E1_REPLICA_GT_FINE,ACTIVATED,B3_FULL_UNIFIED_WITH_DIRECTIONAL_ALTERNATIVES,PRIMARY-CBF-FILTERED,LOGGED_NONEXECUTED_HISTORICAL_CANDIDATE,PASS,True,PASS,FORMAL_SEGMENT_SAFE,"[0.9515431157284713,0.16266430101793752,1.9355292981389152]","[0.9512931368565785,0.16241442430322728,1.935779274829428]",9.796137067868624e-06,CERTIFIED_SAFE,SEGMENT_EXACT_SAFE,EXACT_ANALYTIC_SPHERE_SEGMENT_MINIMUM,EXACT_ANALYTIC,3b318a98a454ec5c36410b3c41dfb3dd4a25b7b5a1899f1f2c939fbf24ad0e55,False,False
359dcf4ed3da3f80b62572161cb0288d96218d05480164d9e6bc9fa9898b9d27,PR87_ACTIVATED_ONE_STEP,PR87_ACTIVATED_ONE_STEP,E1_REPLICA_GT_FINE:B1_PLUS_SWEPT_SEGMENT:2f478c4436c6f4d84c36c4bde2b859e15e78dc7032fe6aae91959acad185c205,ONE_STEP:0,E1_REPLICA_GT_FINE,ACTIVATED,B1_PLUS_SWEPT_SEGMENT,PRIMARY-CBF-FILTERED,EXECUTED_OR_SELECTED_HISTORICAL_CANDIDATE,PASS,True,PASS,FORMAL_SEGMENT_SAFE,"[1.0908529364076605,0.1688413334486395,1.8346389642377434]","[1.0906029394195906,0.1685914746467646,1.8348889345432637]",0.00011564894193142813,CERTIFIED_SAFE,SEGMENT_EXACT_SAFE,EXACT_ANALYTIC_SPHERE_SEGMENT_MINIMUM,EXACT_ANALYTIC,3b318a98a454ec5c36410b3c41dfb3dd4a25b7b5a1899f1f2c939fbf24ad0e55,False,False
f407c6caeb43ecd1d151b62ef03f3880c97f9e685608f35b262e2ca10fd20ba2,PR87_ACTIVATED_ONE_STEP,PR87_ACTIVATED_ONE_STEP,E1_REPLICA_GT_FINE:B2_PLUS_TERMINAL_BACKUP:2f478c4436c6f4d84c36c4bde2b859e15e78dc7032fe6aae91959acad185c205,ONE_STEP:0,E1_REPLICA_GT_FINE,ACTIVATED,B2_PLUS_TERMINAL_BACKUP,PRIMARY-CBF-FILTERED,LOGGED_NONEXECUTED_HISTORICAL_CANDIDATE,PASS,True,PASS,FORMAL_SEGMENT_SAFE,"[1.0908529364076605,0.1688413334486395,1.8346389642377434]","[1.0906029394195906,0.1685914746467646,1.8348889345432637]",0.00011564894193142813,CERTIFIED_SAFE,SEGMENT_EXACT_SAFE,EXACT_ANALYTIC_SPHERE_SEGMENT_MINIMUM,EXACT_ANALYTIC,3b318a98a454ec5c36410b3c41dfb3dd4a25b7b5a1899f1f2c939fbf24ad0e55,False,False
80968fac9a8ef8ae648b5c42fcd24e64ce7160350b17e29297c451062c73175d,PR87_ACTIVATED_ONE_STEP,PR87_ACTIVATED_ONE_STEP,E1_REPLICA_GT_FINE:B3_FULL_UNIFIED_WITH_DIRECTIONAL_ALTERNATIVES:2f478c4436c6f4d84c36c4bde2b859e15e78dc7032fe6aae91959acad185c205,ONE_STEP:0,E1_REPLICA_GT_FINE,ACTIVATED,B3_FULL_UNIFIED_WITH_DIRECTIONAL_ALTERNATIVES,PRIMARY-CBF-FILTERED,LOGGED_NONEXECUTED_HISTORICAL_CANDIDATE,PASS,True,PASS,FORMAL_SEGMENT_SAFE,"[1.0908529364076605,0.1688413334486395,1.8346389642377434]","[1.0906029394195906,0.1685914746467646,1.8348889345432637]",0.00011564894193142813,CERTIFIED_SAFE,SEGMENT_EXACT_SAFE,EXACT_ANALYTIC_SPHERE_SEGMENT_MINIMUM,EXACT_ANALYTIC,3b318a98a454ec5c36410b3c41dfb3dd4a25b7b5a1899f1f2c939fbf24ad0e55,False,False
557950706964a9b20971657c78a66b280945253fdf33908a5f6a4612a3cf4676,PR87_ACTIVATED_ONE_STEP,PR87_ACTIVATED_ONE_STEP,E1_REPLICA_GT_FINE:B1_PLUS_SWEPT_SEGMENT:38be655de3a17a6ab5256ef652d49bc8b6d36a38bf27b1c3ca9ae458f4217d06,ONE_STEP:0,E1_REPLICA_GT_FINE,ACTIVATED,B1_PLUS_SWEPT_SEGMENT,PRIMARY-CBF-FILTERED,EXECUTED_OR_SELECTED_HISTORICAL_CANDIDATE,PASS,True,PASS,FORMAL_SEGMENT_SAFE,"[1.0940307323364327,0.1598917410990632,1.8348764717354866]","[1.0937807495310254,0.15964192458621568,1.8351264403885523]",0.0023054577662258106,CERTIFIED_SAFE,SEGMENT_EXACT_SAFE,EXACT_ANALYTIC_SPHERE_SEGMENT_MINIMUM,EXACT_ANALYTIC,3b318a98a454ec5c36410b3c41dfb3dd4a25b7b5a1899f1f2c939fbf24ad0e55,False,False
902c070c4dac698a456c911e1f3f6b3c8d3e0bb07d34a63bc71e279b0aec0112,PR87_ACTIVATED_ONE_STEP,PR87_ACTIVATED_ONE_STEP,E1_REPLICA_GT_FINE:B2_PLUS_TERMINAL_BACKUP:38be655de3a17a6ab5256ef652d49bc8b6d36a38bf27b1c3ca9ae458f4217d06,ONE_STEP:0,E1_REPLICA_GT_FINE,ACTIVATED,B2_PLUS_TERMINAL_BACKUP,PRIMARY-CBF-FILTERED,LOGGED_NONEXECUTED_HISTORICAL_CANDIDATE,PASS,True,PASS,FORMAL_SEGMENT_SAFE,"[1.0940307323364327,0.1598917410990632,1.8348764717354866]","[1.0937807495310254,0.15964192458621568,1.8351264403885523]",0.0023054577662258106,CERTIFIED_SAFE,SEGMENT_EXACT_SAFE,EXACT_ANALYTIC_SPHERE_SEGMENT_MINIMUM,EXACT_ANALYTIC,3b318a98a454ec5c36410b3c41dfb3dd4a25b7b5a1899f1f2c939fbf24ad0e55,False,False
6e704b9e262c86ca72a7b6b0038f1e6c9b114eb0c3c611a58bb4955198ce5453,PR87_ACTIVATED_ONE_STEP,PR87_ACTIVATED_ONE_STEP,E1_REPLICA_GT_FINE:B3_FULL_UNIFIED_WITH_DIRECTIONAL_ALTERNATIVES:38be655de3a17a6ab5256ef652d49bc8b6d36a38bf27b1c3ca9ae458f4217d06,ONE_STEP:0,E1_REPLICA_GT_FINE,ACTIVATED,B3_FULL_UNIFIED_WITH_DIRECTIONAL_ALTERNATIVES,PRIMARY-CBF-FILTERED,LOGGED_NONEXECUTED_HISTORICAL_CANDIDATE,PASS,True,PASS,FORMAL_SEGMENT_SAFE,"[1.0940307323364327,0.1598917410990632,1.8348764717354866]","[1.0937807495310254,0.15964192458621568,1.8351264403885523]",0.0023054577662258106,CERTIFIED_SAFE,SEGMENT_EXACT_SAFE,EXACT_ANALYTIC_SPHERE_SEGMENT_MINIMUM,EXACT_ANALYTIC,3b318a98a454ec5c36410b3c41dfb3dd4a25b7b5a1899f1f2c939fbf24ad0e55,False,False
c3195e661b6304026b3d82c55c908b4d457c5c2e3b54e604b3dcbd49530099d2,PR87_ACTIVATED_ONE_STEP,PR87_ACTIVATED_ONE_STEP,E1_REPLICA_GT_FINE:B1_PLUS_SWEPT_SEGMENT:dc00eb6df5e4cccf62ac66bd6d380651f30398dd2ccb707b10c0762d3da1b3b0,ONE_STEP:0,E1_REPLICA_GT_FINE,ACTIVATED,B1_PLUS_SWEPT_SEGMENT,PRIMARY-CBF-FILTERED,EXECUTED_OR_SELECTED_HISTORICAL_CANDIDATE,PASS,True,PASS,FORMAL_SEGMENT_SAFE,"[1.108504295349121,0.12523484230041504,1.834372639656067]","[1.1082544074212508,0.1252348422995372,1.8346225374234952]",0.012675024191531516,CERTIFIED_SAFE,SEGMENT_EXACT_SAFE,EXACT_ANALYTIC_SPHERE_SEGMENT_MINIMUM,EXACT_ANALYTIC,3b318a98a454ec5c36410b3c41dfb3dd4a25b7b5a1899f1f2c939fbf24ad0e55,False,False
80229ee68abbc51622e9661879b35ff46cf4a33023af2a56a6d534e0a19f8b04,PR87_ACTIVATED_ONE_STEP,PR87_ACTIVATED_ONE_STEP,E1_REPLICA_GT_FINE:B2_PLUS_TERMINAL_BACKUP:dc00eb6df5e4cccf62ac66bd6d380651f30398dd2ccb707b10c0762d3da1b3b0,ONE_STEP:0,E1_REPLICA_GT_FINE,ACTIVATED,B2_PLUS_TERMINAL_BACKUP,PRIMARY-CBF-FILTERED,LOGGED_NONEXECUTED_HISTORICAL_CANDIDATE,PASS,True,PASS,FORMAL_SEGMENT_SAFE,"[1.108504295349121,0.12523484230041504,1.834372639656067]","[1.1082544074212508,0.1252348422995372,1.8346225374234952]",0.012675024191531516,CERTIFIED_SAFE,SEGMENT_EXACT_SAFE,EXACT_ANALYTIC_SPHERE_SEGMENT_MINIMUM,EXACT_ANALYTIC,3b318a98a454ec5c36410b3c41dfb3dd4a25b7b5a1899f1f2c939fbf24ad0e55,False,False
35aa35a5cba779fa88baf0a0298a8e5a9e9bb3fd165be3568a7f96ed7b74e779,PR87_ACTIVATED_ONE_STEP,PR87_ACTIVATED_ONE_STEP,E1_REPLICA_GT_FINE:B3_FULL_UNIFIED_WITH_DIRECTIONAL_ALTERNATIVES:dc00eb6df5e4cccf62ac66bd6d380651f30398dd2ccb707b10c0762d3da1b3b0,ONE_STEP:0,E1_REPLICA_GT_FINE,ACTIVATED,B3_FULL_UNIFIED_WITH_DIRECTIONAL_ALTERNATIVES,PRIMARY-CBF-FILTERED,LOGGED_NONEXECUTED_HISTORICAL_CANDIDATE,PASS,True,PASS,FORMAL_SEGMENT_SAFE,"[1.108504295349121,0.12523484230041504,1.834372639656067]","[1.1082544074212508,0.1252348422995372,1.8346225374234952]",0.012675024191531516,CERTIFIED_SAFE,SEGMENT_EXACT_SAFE,EXACT_ANALYTIC_SPHERE_SEGMENT_MINIMUM,EXACT_ANALYTIC,3b318a98a454ec5c36410b3c41dfb3dd4a25b7b5a1899f1f2c939fbf24ad0e55,False,False
58b8e86a2f017af37c9843a1cf533c45c5e58399efa9b9971dc8477548c76759,PR89_NORMALIZED_ONE_STEP,PR89_NORMALIZED_ONE_STEP,E1_REPLICA_GT_FINE:B1_PLUS_SWEPT_SEGMENT:002b6f245470919aaa880323bfdda87cf5e080c8098daa51628f914b81a5ede6,ONE_STEP:0,E1_REPLICA_GT_FINE,REPRESENTATIVE_HOLDOUT,B1_PLUS_SWEPT_SEGMENT,PRIMARY-CBF-FILTERED,EXECUTED_OR_SELECTED_HISTORICAL_CANDIDATE,PASS,True,PASS,FORMAL_SEGMENT_SAFE,"[-1.6921536486063895,0.2034437592604657,0.8109137966497595]","[-1.6907281976628075,0.2030915489619284,0.8112980471409047]",0.19131644035144896,CERTIFIED_SAFE,SEGMENT_EXACT_SAFE,EXACT_ANALYTIC_SPHERE_SEGMENT_MINIMUM,EXACT_ANALYTIC,3b318a98a454ec5c36410b3c41dfb3dd4a25b7b5a1899f1f2c939fbf24ad0e55,False,False
78d73f1170f9b358125dcb0744d371dab3d88e6b34737438849ab9d82c746096,PR89_NORMALIZED_ONE_STEP,PR89_NORMALIZED_ONE_STEP,E1_REPLICA_GT_FINE:B2_PLUS_TERMINAL_BACKUP:002b6f245470919aaa880323bfdda87cf5e080c8098daa51628f914b81a5ede6,ONE_STEP:0,E1_REPLICA_GT_FINE,REPRESENTATIVE_HOLDOUT,B2_PLUS_TERMINAL_BACKUP,PRIMARY-CBF-FILTERED,EXECUTED_OR_SELECTED_HISTORICAL_CANDIDATE,PASS,True,PASS,FORMAL_SEGMENT_SAFE,"[-1.6921536486063895,0.2034437592604657,0.8109137966497595]","[-1.6907281976628075,0.2030915489619284,0.8112980471409047]",0.19131644035144896,CERTIFIED_SAFE,SEGMENT_EXACT_SAFE,EXACT_ANALYTIC_SPHERE_SEGMENT_MINIMUM,EXACT_ANALYTIC,3b318a98a454ec5c36410b3c41dfb3dd4a25b7b5a1899f1f2c939fbf24ad0e55,False,False
db228230c6995f36cb5ce216a67b8f3881262948de61b001c55455e249cc95ba,PR89_NORMALIZED_ONE_STEP,PR89_NORMALIZED_ONE_STEP,E1_REPLICA_GT_FINE:B3_FULL_UNIFIED_WITH_DIRECTIONAL_ALTERNATIVES:002b6f245470919aaa880323bfdda87cf5e080c8098daa51628f914b81a5ede6,ONE_STEP:0,E1_REPLICA_GT_FINE,REPRESENTATIVE_HOLDOUT,B3_FULL_UNIFIED_WITH_DIRECTIONAL_ALTERNATIVES,PRIMARY-CBF-FILTERED,EXECUTED_OR_SELECTED_HISTORICAL_CANDIDATE,PASS,True,PASS,FORMAL_SEGMENT_SAFE,"[-1.6921536486063895,0.2034437592604657,0.8109137966497595]","[-1.6907281976628075,0.2030915489619284,0.8112980471409047]",0.19131644035144896,CERTIFIED_SAFE,SEGMENT_EXACT_SAFE,EXACT_ANALYTIC_SPHERE_SEGMENT_MINIMUM,EXACT_ANALYTIC,3b318a98a454ec5c36410b3c41dfb3dd4a25b7b5a1899f1f2c939fbf24ad0e55,False,False
46d1bbf8705fa3303dd954c63ae99b52b021b6ee31e14b11771a4b3fc25f5618,PR89_NORMALIZED_ONE_STEP,PR89_NORMALIZED_ONE_STEP,E1_REPLICA_GT_FINE:B1_PLUS_SWEPT_SEGMENT:02b145999e5475b5f73ab85539be45cdbcecbc2e4ff51edc10178fd1a57cafa2,ONE_STEP:0,E1_REPLICA_GT_FINE,REPRESENTATIVE_HOLDOUT,B1_PLUS_SWEPT_SEGMENT,PRIMARY-CBF-FILTERED,EXECUTED_OR_SELECTED_HISTORICAL_CANDIDATE,PASS,True,PASS,FORMAL_SEGMENT_SAFE,"[4.511950612068176,0.12523484230041504,0.28888845816254616]","[4.511700749494631,0.12523484230041504,0.2891383207360917]",0.1396535728201754,CERTIFIED_SAFE,SEGMENT_EXACT_SAFE,EXACT_ANALYTIC_SPHERE_SEGMENT_MINIMUM,EXACT_ANALYTIC,3b318a98a454ec5c36410b3c41dfb3dd4a25b7b5a1899f1f2c939fbf24ad0e55,False,False
69faf40dd8b242818ef0aa83fec79510d85a19905665d3ae9ae9b6de9f1fad2a,PR89_NORMALIZED_ONE_STEP,PR89_NORMALIZED_ONE_STEP,E1_REPLICA_GT_FINE:B2_PLUS_TERMINAL_BACKUP:02b145999e5475b5f73ab85539be45cdbcecbc2e4ff51edc10178fd1a57cafa2,ONE_STEP:0,E1_REPLICA_GT_FINE,REPRESENTATIVE_HOLDOUT,B2_PLUS_TERMINAL_BACKUP,PRIMARY-CBF-FILTERED,LOGGED_NONEXECUTED_HISTORICAL_CANDIDATE,PASS,True,PASS,FORMAL_SEGMENT_SAFE,"[4.511950612068176,0.12523484230041504,0.28888845816254616]","[4.511700749494631,0.12523484230041504,0.2891383207360917]",0.1396535728201754,CERTIFIED_SAFE,SEGMENT_EXACT_SAFE,EXACT_ANALYTIC_SPHERE_SEGMENT_MINIMUM,EXACT_ANALYTIC,3b318a98a454ec5c36410b3c41dfb3dd4a25b7b5a1899f1f2c939fbf24ad0e55,False,False
3c99ef6296f6606b4088a9d8cda24727db3e066d018ea39c337f5f840cbb2e93,PR89_NORMALIZED_ONE_STEP,PR89_NORMALIZED_ONE_STEP,E1_REPLICA_GT_FINE:B3_FULL_UNIFIED_WITH_DIRECTIONAL_ALTERNATIVES:02b145999e5475b5f73ab85539be45cdbcecbc2e4ff51edc10178fd1a57cafa2,ONE_STEP:0,E1_REPLICA_GT_FINE,REPRESENTATIVE_HOLDOUT,B3_FULL_UNIFIED_WITH_DIRECTIONAL_ALTERNATIVES,PRIMARY-CBF-FILTERED,LOGGED_NONEXECUTED_HISTORICAL_CANDIDATE,PASS,True,PASS,FORMAL_SEGMENT_SAFE,"[4.511950612068176,0.12523484230041504,0.28888845816254616]","[4.511700749494631,0.12523484230041504,0.2891383207360917]",0.1396535728201754,CERTIFIED_SAFE,SEGMENT_EXACT_SAFE,EXACT_ANALYTIC_SPHERE_SEGMENT_MINIMUM,EXACT_ANALYTIC,3b318a98a454ec5c36410b3c41dfb3dd4a25b7b5a1899f1f2c939fbf24ad0e55,False,False
41af685cd6ca6b95ee4c51b82c63d385458fab85f7453e01396f54e2cc25d982,PR89_NORMALIZED_ONE_STEP,PR89_NORMALIZED_ONE_STEP,E1_REPLICA_GT_FINE:B1_PLUS_SWEPT_SEGMENT:0722f797f394ad578c2f9a6f6dd0e3b791e2bb0d6749d512fb4e6a38af170e7b,ONE_STEP:0,E1_REPLICA_GT_FINE,REPRESENTATIVE_HOLDOUT,B1_PLUS_SWEPT_SEGMENT,PRIMARY-CBF-FILTERED,EXECUTED_OR_SELECTED_HISTORICAL_CANDIDATE,PASS,True,PASS,FORMAL_SEGMENT_SAFE,"[3.5240760034731498,0.12523484230041504,0.3073427505585956]","[3.5196470827964337,0.12523484230041504,0.30483462700896885]",0.42925538482890396,CERTIFIED_SAFE,SEGMENT_EXACT_SAFE,EXACT_ANALYTIC_SPHERE_SEGMENT_MINIMUM,EXACT_ANALYTIC,3b318a98a454ec5c36410b3c41dfb3dd4a25b7b5a1899f1f2c939fbf24ad0e55,False,False
24e0d7c42ad64f509a42da6217a23036036432aa6e6538f5b79fea3402b1a911,PR89_NORMALIZED_ONE_STEP,PR89_NORMALIZED_ONE_STEP,E1_REPLICA_GT_FINE:B2_PLUS_TERMINAL_BACKUP:0722f797f394ad578c2f9a6f6dd0e3b791e2bb0d6749d512fb4e6a38af170e7b,ONE_STEP:0,E1_REPLICA_GT_FINE,REPRESENTATIVE_HOLDOUT,B2_PLUS_TERMINAL_BACKUP,PRIMARY-CBF-FILTERED,EXECUTED_OR_SELECTED_HISTORICAL_CANDIDATE,PASS,True,PASS,FORMAL_SEGMENT_SAFE,"[3.5240760034731498,0.12523484230041504,0.3073427505585956]","[3.5196470827964337,0.12523484230041504,0.30483462700896885]",0.42925538482890396,CERTIFIED_SAFE,SEGMENT_EXACT_SAFE,EXACT_ANALYTIC_SPHERE_SEGMENT_MINIMUM,EXACT_ANALYTIC,3b318a98a454ec5c36410b3c41dfb3dd4a25b7b5a1899f1f2c939fbf24ad0e55,False,False
5b64fb581c492750a41d42a138da43d50f56e2016947f5588b2a2f33f47fd3fd,PR89_NORMALIZED_ONE_STEP,PR89_NORMALIZED_ONE_STEP,E1_REPLICA_GT_FINE:B3_FULL_UNIFIED_WITH_DIRECTIONAL_ALTERNATIVES:0722f797f394ad578c2f9a6f6dd0e3b791e2bb0d6749d512fb4e6a38af170e7b,ONE_STEP:0,E1_REPLICA_GT_FINE,REPRESENTATIVE_HOLDOUT,B3_FULL_UNIFIED_WITH_DIRECTIONAL_ALTERNATIVES,PRIMARY-CBF-FILTERED,EXECUTED_OR_SELECTED_HISTORICAL_CANDIDATE,PASS,True,PASS,FORMAL_SEGMENT_SAFE,"[3.5240760034731498,0.12523484230041504,0.3073427505585956]","[3.5196470827964337,0.12523484230041504,0.30483462700896885]",0.42925538482890396,CERTIFIED_SAFE,SEGMENT_EXACT_SAFE,EXACT_ANALYTIC_SPHERE_SEGMENT_MINIMUM,EXACT_ANALYTIC,3b318a98a454ec5c36410b3c41dfb3dd4a25b7b5a1899f1f2c939fbf24ad0e55,False,False
05d26bd4a5b1c12abc3dfd78298aa933e028913da7581f7baf341e71d2906e41,PR89_NORMALIZED_ONE_STEP,PR89_NORMALIZED_ONE_STEP,E1_REPLICA_GT_FINE:B1_PLUS_SWEPT_SEGMENT:093f73b9f5eb9fb16c58e8e7316af135c0e14ce15c372404d029b6ab3edab683,ONE_STEP:0,E1_REPLICA_GT_FINE,REPRESENTATIVE_HOLDOUT,B1_PLUS_SWEPT_SEGMENT,PRIMARY-CBF-FILTERED,EXECUTED_OR_SELECTED_HISTORICAL_CANDIDATE,PASS,True,PASS,FORMAL_SEGMENT_SAFE,"[3.1603920982447096,0.12523484230041504,2.1655506823062742]","[3.1587115887524435,0.12523484230041504,2.1703301571707834]",0.19701493762421304,CERTIFIED_SAFE,SEGMENT_EXACT_SAFE,EXACT_ANALYTIC_SPHERE_SEGMENT_MINIMUM,EXACT_ANALYTIC,3b318a98a454ec5c36410b3c41dfb3dd4a25b7b5a1899f1f2c939fbf24ad0e55,False,False
fb51ae948f2cb50cdee5960a15a0a245c2db0d979b08bb603712e18c4ccf7c32,PR89_NORMALIZED_ONE_STEP,PR89_NORMALIZED_ONE_STEP,E1_REPLICA_GT_FINE:B2_PLUS_TERMINAL_BACKUP:093f73b9f5eb9fb16c58e8e7316af135c0e14ce15c372404d029b6ab3edab683,ONE_STEP:0,E1_REPLICA_GT_FINE,REPRESENTATIVE_HOLDOUT,B2_PLUS_TERMINAL_BACKUP,PRIMARY-CBF-FILTERED,EXECUTED_OR_SELECTED_HISTORICAL_CANDIDATE,PASS,True,PASS,FORMAL_SEGMENT_SAFE,"[3.1603920982447096,0.12523484230041504,2.1655506823062742]","[3.1587115887524435,0.12523484230041504,2.1703301571707834]",0.19701493762421304,CERTIFIED_SAFE,SEGMENT_EXACT_SAFE,EXACT_ANALYTIC_SPHERE_SEGMENT_MINIMUM,EXACT_ANALYTIC,3b318a98a454ec5c36410b3c41dfb3dd4a25b7b5a1899f1f2c939fbf24ad0e55,False,False
dcc1491777f0a080b297935f6e6b10a58f1647561731dc2497b108120198beb9,PR89_NORMALIZED_ONE_STEP,PR89_NORMALIZED_ONE_STEP,E1_REPLICA_GT_FINE:B3_FULL_UNIFIED_WITH_DIRECTIONAL_ALTERNATIVES:093f73b9f5eb9fb16c58e8e7316af135c0e14ce15c372404d029b6ab3edab683,ONE_STEP:0,E1_REPLICA_GT_FINE,REPRESENTATIVE_HOLDOUT,B3_FULL_UNIFIED_WITH_DIRECTIONAL_ALTERNATIVES,PRIMARY-CBF-FILTERED,EXECUTED_OR_SELECTED_HISTORICAL_CANDIDATE,PASS,True,PASS,FORMAL_SEGMENT_SAFE,"[3.1603920982447096,0.12523484230041504,2.1655506823062742]","[3.1587115887524435,0.12523484230041504,2.1703301571707834]",0.19701493762421304,CERTIFIED_SAFE,SEGMENT_EXACT_SAFE,EXACT_ANALYTIC_SPHERE_SEGMENT_MINIMUM,EXACT_ANALYTIC,3b318a98a454ec5c36410b3c41dfb3dd4a25b7b5a1899f1f2c939fbf24ad0e55,False,False
a66324a64a63b186babc70ce441777ee6d2fff1206467e1d9ec7bdc5742a4181,PR89_NORMALIZED_ONE_STEP,PR89_NORMALIZED_ONE_STEP,E1_REPLICA_GT_FINE:B1_PLUS_SWEPT_SEGMENT:0a80081e9b4e0e3e951f9eef10620f5e34d9922a52db7850e1c45e9a0d9bee42,ONE_STEP:0,E1_REPLICA_GT_FINE,REPRESENTATIVE_HOLDOUT,B1_PLUS_SWEPT_SEGMENT,PRIMARY-CBF-FILTERED,EXECUTED_OR_SELECTED_HISTORICAL_CANDIDATE,PASS,True,PASS,FORMAL_SEGMENT_SAFE,"[4.0891853770549185,0.12523484230041504,-0.1262299308714128]","[4.088339028688785,0.12523484230041504,-0.1299921628459748]",0.34571679081214596,CERTIFIED_SAFE,SEGMENT_EXACT_SAFE,EXACT_ANALYTIC_SPHERE_SEGMENT_MINIMUM,EXACT_ANALYTIC,3b318a98a454ec5c36410b3c41dfb3dd4a25b7b5a1899f1f2c939fbf24ad0e55,False,False
7b47fe002d44d742f7d32ae7caf1e66f442ac99f11054165dfad04c5324a7f24,PR89_NORMALIZED_ONE_STEP,PR89_NORMALIZED_ONE_STEP,E1_REPLICA_GT_FINE:B2_PLUS_TERMINAL_BACKUP:0a80081e9b4e0e3e951f9eef10620f5e34d9922a52db7850e1c45e9a0d9bee42,ONE_STEP:0,E1_REPLICA_GT_FINE,REPRESENTATIVE_HOLDOUT,B2_PLUS_TERMINAL_BACKUP,PRIMARY-CBF-FILTERED,EXECUTED_OR_SELECTED_HISTORICAL_CANDIDATE,PASS,True,PASS,FORMAL_SEGMENT_SAFE,"[4.0891853770549185,0.12523484230041504,-0.1262299308714128]","[4.088339028688785,0.12523484230041504,-0.1299921628459748]",0.34571679081214596,CERTIFIED_SAFE,SEGMENT_EXACT_SAFE,EXACT_ANALYTIC_SPHERE_SEGMENT_MINIMUM,EXACT_ANALYTIC,3b318a98a454ec5c36410b3c41dfb3dd4a25b7b5a1899f1f2c939fbf24ad0e55,False,False
82cce48ef17d1c90d7ffa5be1c3129db295a7fb79e60b99f2e464a2af34bdfb6,PR89_NORMALIZED_ONE_STEP,PR89_NORMALIZED_ONE_STEP,E1_REPLICA_GT_FINE:B3_FULL_UNIFIED_WITH_DIRECTIONAL_ALTERNATIVES:0a80081e9b4e0e3e951f9eef10620f5e34d9922a52db7850e1c45e9a0d9bee42,ONE_STEP:0,E1_REPLICA_GT_FINE,REPRESENTATIVE_HOLDOUT,B3_FULL_UNIFIED_WITH_DIRECTIONAL_ALTERNATIVES,PRIMARY-CBF-FILTERED,EXECUTED_OR_SELECTED_HISTORICAL_CANDIDATE,PASS,True,PASS,FORMAL_SEGMENT_SAFE,"[4.0891853770549185,0.12523484230041504,-0.1262299308714128]","[4.088339028688785,0.12523484230041504,-0.1299921628459748]",0.34571679081214596,CERTIFIED_SAFE,SEGMENT_EXACT_SAFE,EXACT_ANALYTIC_SPHERE_SEGMENT_MINIMUM,EXACT_ANALYTIC,3b318a98a454ec5c36410b3c41dfb3dd4a25b7b5a1899f1f2c939fbf24ad0e55,False,False
40d9906d789d784e9507f3b8d9f08a102fb432d29f5e6cc33598ec74d2d8177d,PR89_NORMALIZED_ONE_STEP,PR89_NORMALIZED_ONE_STEP,E1_REPLICA_GT_FINE:B1_PLUS_SWEPT_SEGMENT:0aa90e8ccad37e81b2195c3905fc747f18f8a522c71c0a833d9de3fd767be83d,ONE_STEP:0,E1_REPLICA_GT_FINE,REPRESENTATIVE_HOLDOUT,B1_PLUS_SWEPT_SEGMENT,PRIMARY-CBF-FILTERED,EXECUTED_OR_SELECTED_HISTORICAL_CANDIDATE,PASS,True,PASS,FORMAL_SEGMENT_SAFE,"[0.5479177981615067,2.925234794616699,1.084840103983879]","[0.5481676607350522,2.925234794616699,1.0845902414103337]",0.1860517997484875,CERTIFIED_SAFE,SEGMENT_EXACT_SAFE,EXACT_ANALYTIC_SPHERE_SEGMENT_MINIMUM,EXACT_ANALYTIC,3b318a98a454ec5c36410b3c41dfb3dd4a25b7b5a1899f1f2c939fbf24ad0e55,False,False
2b2ff89d95fdc62a1be554150b2c4833b356ab77f0ddd7207dbf2fd32d6fa02a,PR89_NORMALIZED_ONE_STEP,PR89_NORMALIZED_ONE_STEP,E1_REPLICA_GT_FINE:B2_PLUS_TERMINAL_BACKUP:0aa90e8ccad37e81b2195c3905fc747f18f8a522c71c0a833d9de3fd767be83d,ONE_STEP:0,E1_REPLICA_GT_FINE,REPRESENTATIVE_HOLDOUT,B2_PLUS_TERMINAL_BACKUP,PRIMARY-CBF-FILTERED,LOGGED_NONEXECUTED_HISTORICAL_CANDIDATE,PASS,True,PASS,FORMAL_SEGMENT_SAFE,"[0.5479177981615067,2.925234794616699,1.084840103983879]","[0.5481676607350522,2.925234794616699,1.0845902414103337]",0.1860517997484875,CERTIFIED_SAFE,SEGMENT_EXACT_SAFE,EXACT_ANALYTIC_SPHERE_SEGMENT_MINIMUM,EXACT_ANALYTIC,3b318a98a454ec5c36410b3c41dfb3dd4a25b7b5a1899f1f2c939fbf24ad0e55,False,False
6271ae6939c70fb62a1140765ff3c85b96c16743b95690780188ac1219782868,PR89_NORMALIZED_ONE_STEP,PR89_NORMALIZED_ONE_STEP,E1_REPLICA_GT_FINE:B3_FULL_UNIFIED_WITH_DIRECTIONAL_ALTERNATIVES:0aa90e8ccad37e81b2195c3905fc747f18f8a522c71c0a833d9de3fd767be83d,ONE_STEP:0,E1_REPLICA_GT_FINE,REPRESENTATIVE_HOLDOUT,B3_FULL_UNIFIED_WITH_DIRECTIONAL_ALTERNATIVES,PRIMARY-CBF-FILTERED,LOGGED_NONEXECUTED_HISTORICAL_CANDIDATE,PASS,True,PASS,FORMAL_SEGMENT_SAFE,"[0.5479177981615067,2.925234794616699,1.084840103983879]","[0.5481676607350522,2.925234794616699,1.0845902414103337]",0.1860517997484875,CERTIFIED_SAFE,SEGMENT_EXACT_SAFE,EXACT_ANALYTIC_SPHERE_SEGMENT_MINIMUM,EXACT_ANALYTIC,3b318a98a454ec5c36410b3c41dfb3dd4a25b7b5a1899f1f2c939fbf24ad0e55,False,False
6530d3e35afea28b088c9d0e2c1ff88edf06163fbe77fb44e239e5b612619e25,PR89_NORMALIZED_ONE_STEP,PR89_NORMALIZED_ONE_STEP,E1_REPLICA_GT_FINE:B1_PLUS_SWEPT_SEGMENT:0b121c60bd31b77c8f5575eed58adc1e7a55ae858050bc9c9fc9b9092c4cf0b7,ONE_STEP:0,E1_REPLICA_GT_FINE,REPRESENTATIVE_HOLDOUT,B1_PLUS_SWEPT_SEGMENT,PRIMARY-CBF-FILTERED,EXECUTED_OR_SELECTED_HISTORICAL_CANDIDATE,PASS,True,PASS,FORMAL_SEGMENT_SAFE,"[0.8996173106054043,2.925234794616699,2.0789430937956372]","[0.9002555522666951,2.925234794616699,2.082734375285672]",0.11673059742952155,CERTIFIED_SAFE,SEGMENT_EXACT_SAFE,EXACT_ANALYTIC_SPHERE_SEGMENT_MINIMUM,EXACT_ANALYTIC,3b318a98a454ec5c36410b3c41dfb3dd4a25b7b5a1899f1f2c939fbf24ad0e55,False,False
0634a1e1ae3131ac43051fa77a685b4424fb4df88a4f38e0ffe929a4f7db4659,PR89_NORMALIZED_ONE_STEP,PR89_NORMALIZED_ONE_STEP,E1_REPLICA_GT_FINE:B2_PLUS_TERMINAL_BACKUP:0b121c60bd31b77c8f5575eed58adc1e7a55ae858050bc9c9fc9b9092c4cf0b7,ONE_STEP:0,E1_REPLICA_GT_FINE,REPRESENTATIVE_HOLDOUT,B2_PLUS_TERMINAL_BACKUP,PRIMARY-CBF-FILTERED,EXECUTED_OR_SELECTED_HISTORICAL_CANDIDATE,PASS,True,PASS,FORMAL_SEGMENT_SAFE,"[0.8996173106054043,2.925234794616699,2.0789430937956372]","[0.9002555522666951,2.925234794616699,2.082734375285672]",0.11673059742952155,CERTIFIED_SAFE,SEGMENT_EXACT_SAFE,EXACT_ANALYTIC_SPHERE_SEGMENT_MINIMUM,EXACT_ANALYTIC,3b318a98a454ec5c36410b3c41dfb3dd4a25b7b5a1899f1f2c939fbf24ad0e55,False,False
f10f6aa744df7b8978d6c416dae0c3f54ef3cd93ea299b83bb6b4f7d902596e3,PR89_NORMALIZED_ONE_STEP,PR89_NORMALIZED_ONE_STEP,E1_REPLICA_GT_FINE:B3_FULL_UNIFIED_WITH_DIRECTIONAL_ALTERNATIVES:0b121c60bd31b77c8f5575eed58adc1e7a55ae858050bc9c9fc9b9092c4cf0b7,ONE_STEP:0,E1_REPLICA_GT_FINE,REPRESENTATIVE_HOLDOUT,B3_FULL_UNIFIED_WITH_DIRECTIONAL_ALTERNATIVES,PRIMARY-CBF-FILTERED,EXECUTED_OR_SELECTED_HISTORICAL_CANDIDATE,PASS,True,PASS,FORMAL_SEGMENT_SAFE,"[0.8996173106054043,2.925234794616699,2.0789430937956372]","[0.9002555522666951,2.925234794616699,2.082734375285672]",0.11673059742952155,CERTIFIED_SAFE,SEGMENT_EXACT_SAFE,EXACT_ANALYTIC_SPHERE_SEGMENT_MINIMUM,EXACT_ANALYTIC,3b318a98a454ec5c36410b3c41dfb3dd4a25b7b5a1899f1f2c939fbf24ad0e55,False,False
b4395b01a1c79779fbbec996951cc8d80100cf5781e0ce5b49d4df020bfa7347,PR89_NORMALIZED_ONE_STEP,PR89_NORMALIZED_ONE_STEP,E1_REPLICA_GT_FINE:B1_PLUS_SWEPT_SEGMENT:0de405729582eada3fa4a67b8dd7c0875a9d081e2d784efb7c5911dc17987035,ONE_STEP:0,E1_REPLICA_GT_FINE,REPRESENTATIVE_HOLDOUT,B1_PLUS_SWEPT_SEGMENT,PRIMARY-CBF-FILTERED,EXECUTED_OR_SELECTED_HISTORICAL_CANDIDATE,PASS,True,PASS,FORMAL_SEGMENT_SAFE,"[-0.05964120336821573,2.925234794616699,1.0552619255816853]","[-0.05585819967160236,2.925234794616699,1.0559694090148322]",0.26026267489122756,CERTIFIED_SAFE,SEGMENT_EXACT_SAFE,EXACT_ANALYTIC_SPHERE_SEGMENT_MINIMUM,EXACT_ANALYTIC,3b318a98a454ec5c36410b3c41dfb3dd4a25b7b5a1899f1f2c939fbf24ad0e55,False,False
ffad579e22c700cd0eddcb55f2452b661ca20dd79fddeb083f5a108bda85c909,PR89_NORMALIZED_ONE_STEP,PR89_NORMALIZED_ONE_STEP,E1_REPLICA_GT_FINE:B2_PLUS_TERMINAL_BACKUP:0de405729582eada3fa4a67b8dd7c0875a9d081e2d784efb7c5911dc17987035,ONE_STEP:0,E1_REPLICA_GT_FINE,REPRESENTATIVE_HOLDOUT,B2_PLUS_TERMINAL_BACKUP,PRIMARY-CBF-FILTERED,EXECUTED_OR_SELECTED_HISTORICAL_CANDIDATE,PASS,True,PASS,FORMAL_SEGMENT_SAFE,"[-0.05964120336821573,2.925234794616699,1.0552619255816853]","[-0.05585819967160236,2.925234794616699,1.0559694090148322]",0.26026267489122756,CERTIFIED_SAFE,SEGMENT_EXACT_SAFE,EXACT_ANALYTIC_SPHERE_SEGMENT_MINIMUM,EXACT_ANALYTIC,3b318a98a454ec5c36410b3c41dfb3dd4a25b7b5a1899f1f2c939fbf24ad0e55,False,False
941fa3de8b1f1d7a5b4e76e4002027110a90c7bb02d70a1d337529bf41962305,PR89_NORMALIZED_ONE_STEP,PR89_NORMALIZED_ONE_STEP,E1_REPLICA_GT_FINE:B3_FULL_UNIFIED_WITH_DIRECTIONAL_ALTERNATIVES:0de405729582eada3fa4a67b8dd7c0875a9d081e2d784efb7c5911dc17987035,ONE_STEP:0,E1_REPLICA_GT_FINE,REPRESENTATIVE_HOLDOUT,B3_FULL_UNIFIED_WITH_DIRECTIONAL_ALTERNATIVES,PRIMARY-CBF-FILTERED,EXECUTED_OR_SELECTED_HISTORICAL_CANDIDATE,PASS,True,PASS,FORMAL_SEGMENT_SAFE,"[-0.05964120336821573,2.925234794616699,1.0552619255816853]","[-0.05585819967160236,2.925234794616699,1.0559694090148322]",0.26026267489122756,CERTIFIED_SAFE,SEGMENT_EXACT_SAFE,EXACT_ANALYTIC_SPHERE_SEGMENT_MINIMUM,EXACT_ANALYTIC,3b318a98a454ec5c36410b3c41dfb3dd4a25b7b5a1899f1f2c939fbf24ad0e55,False,False
2d2ac2e4c781bf32b4c67c42233107837ee594873be995e9f47e0ee4a9043092,PR89_NORMALIZED_ONE_STEP,PR89_NORMALIZED_ONE_STEP,E1_REPLICA_GT_FINE:B1_PLUS_SWEPT_SEGMENT:0fa0f752868922b62e138a9eb25a2f6a37be9f274c001aca0097a1b03104fffa,ONE_STEP:0,E1_REPLICA_GT_FINE,REPRESENTATIVE_HOLDOUT,B1_PLUS_SWEPT_SEGMENT,PRIMARY-CBF-FILTERED,EXECUTED_OR_SELECTED_HISTORICAL_CANDIDATE,PASS,True,PASS,FORMAL_SEGMENT_SAFE,"[0.14919531929678767,2.925234794616699,0.9903526610492738]","[0.15051847069009294,2.925234794616699,0.9911110921425356]",0.23527640897196603,CERTIFIED_SAFE,SEGMENT_EXACT_SAFE,EXACT_ANALYTIC_SPHERE_SEGMENT_MINIMUM,EXACT_ANALYTIC,3b318a98a454ec5c36410b3c41dfb3dd4a25b7b5a1899f1f2c939fbf24ad0e55,False,False
1633c2761f7e181f5d43a5fdea295a5b80e44bacd61c4344c8b0daecf2843936,PR89_NORMALIZED_ONE_STEP,PR89_NORMALIZED_ONE_STEP,E1_REPLICA_GT_FINE:B2_PLUS_TERMINAL_BACKUP:0fa0f752868922b62e138a9eb25a2f6a37be9f274c001aca0097a1b03104fffa,ONE_STEP:0,E1_REPLICA_GT_FINE,REPRESENTATIVE_HOLDOUT,B2_PLUS_TERMINAL_BACKUP,PRIMARY-CBF-FILTERED,EXECUTED_OR_SELECTED_HISTORICAL_CANDIDATE,PASS,True,PASS,FORMAL_SEGMENT_SAFE,"[0.14919531929678767,2.925234794616699,0.9903526610492738]","[0.15051847069009294,2.925234794616699,0.9911110921425356]",0.23527640897196603,CERTIFIED_SAFE,SEGMENT_EXACT_SAFE,EXACT_ANALYTIC_SPHERE_SEGMENT_MINIMUM,EXACT_ANALYTIC,3b318a98a454ec5c36410b3c41dfb3dd4a25b7b5a1899f1f2c939fbf24ad0e55,False,False
9a6aa1d78fad8518addc59b524947df1de216175c2c465c091d78c729da97990,PR89_NORMALIZED_ONE_STEP,PR89_NORMALIZED_ONE_STEP,E1_REPLICA_GT_FINE:B3_FULL_UNIFIED_WITH_DIRECTIONAL_ALTERNATIVES:0fa0f752868922b62e138a9eb25a2f6a37be9f274c001aca0097a1b03104fffa,ONE_STEP:0,E1_REPLICA_GT_FINE,REPRESENTATIVE_HOLDOUT,B3_FULL_UNIFIED_WITH_DIRECTIONAL_ALTERNATIVES,PRIMARY-CBF-FILTERED,EXECUTED_OR_SELECTED_HISTORICAL_CANDIDATE,PASS,True,PASS,FORMAL_SEGMENT_SAFE,"[0.14919531929678767,2.925234794616699,0.9903526610492738]","[0.15051847069009294,2.925234794616699,0.9911110921425356]",0.23527640897196603,CERTIFIED_SAFE,SEGMENT_EXACT_SAFE,EXACT_ANALYTIC_SPHERE_SEGMENT_MINIMUM,EXACT_ANALYTIC,3b318a98a454ec5c36410b3c41dfb3dd4a25b7b5a1899f1f2c939fbf24ad0e55,False,False
8a82501483ec009130ae7515792f3dfdcdc056144c1b745233cfeadfae634850,PR89_NORMALIZED_ONE_STEP,PR89_NORMALIZED_ONE_STEP,E1_REPLICA_GT_FINE:B1_PLUS_SWEPT_SEGMENT:12582840ae60f713f54a96de02be975353cdfd7834eb8cd93d4f79ba458c5aa3,ONE_STEP:0,E1_REPLICA_GT_FINE,REPRESENTATIVE_HOLDOUT,B1_PLUS_SWEPT_SEGMENT,PRIMARY-CBF-FILTERED,EXECUTED_OR_SELECTED_HISTORICAL_CANDIDATE,PASS,True,PASS,FORMAL_SEGMENT_SAFE,"[0.3026651110290934,0.12523484230041504,0.7028038135262096]","[0.307591038512414,0.12523484230041504,0.7017182289776779]",0.12470714267996183,CERTIFIED_SAFE,SEGMENT_EXACT_SAFE,EXACT_ANALYTIC_SPHERE_SEGMENT_MINIMUM,EXACT_ANALYTIC,3b318a98a454ec5c36410b3c41dfb3dd4a25b7b5a1899f1f2c939fbf24ad0e55,False,False
33e0fa8e03e75d38723c5f84fd8b844ad47df021f9d8e7c858c0bb62ea0f4040,PR89_NORMALIZED_ONE_STEP,PR89_NORMALIZED_ONE_STEP,E1_REPLICA_GT_FINE:B2_PLUS_TERMINAL_BACKUP:12582840ae60f713f54a96de02be975353cdfd7834eb8cd93d4f79ba458c5aa3,ONE_STEP:0,E1_REPLICA_GT_FINE,REPRESENTATIVE_HOLDOUT,B2_PLUS_TERMINAL_BACKUP,PRIMARY-CBF-FILTERED,EXECUTED_OR_SELECTED_HISTORICAL_CANDIDATE,PASS,True,PASS,FORMAL_SEGMENT_SAFE,"[0.3026651110290934,0.12523484230041504,0.7028038135262096]","[0.307591038512414,0.12523484230041504,0.7017182289776779]",0.12470714267996183,CERTIFIED_SAFE,SEGMENT_EXACT_SAFE,EXACT_ANALYTIC_SPHERE_SEGMENT_MINIMUM,EXACT_ANALYTIC,3b318a98a454ec5c36410b3c41dfb3dd4a25b7b5a1899f1f2c939fbf24ad0e55,False,False
ea0ed97e14f24f203862e2d03bed2c07de7f194a635be632d77a2d973441b72b,PR89_NORMALIZED_ONE_STEP,PR89_NORMALIZED_ONE_STEP,E1_REPLICA_GT_FINE:B3_FULL_UNIFIED_WITH_DIRECTIONAL_ALTERNATIVES:12582840ae60f713f54a96de02be975353cdfd7834eb8cd93d4f79ba458c5aa3,ONE_STEP:0,E1_REPLICA_GT_FINE,REPRESENTATIVE_HOLDOUT,B3_FULL_UNIFIED_WITH_DIRECTIONAL_ALTERNATIVES,PRIMARY-CBF-FILTERED,EXECUTED_OR_SELECTED_HISTORICAL_CANDIDATE,PASS,True,PASS,FORMAL_SEGMENT_SAFE,"[0.3026651110290934,0.12523484230041504,0.7028038135262096]","[0.307591038512414,0.12523484230041504,0.7017182289776779]",0.12470714267996183,CERTIFIED_SAFE,SEGMENT_EXACT_SAFE,EXACT_ANALYTIC_SPHERE_SEGMENT_MINIMUM,EXACT_ANALYTIC,3b318a98a454ec5c36410b3c41dfb3dd4a25b7b5a1899f1f2c939fbf24ad0e55,False,False
0d3a7e5f0cd327c238d139e99323c9dcb62565fb4e461c9b1c31b807c677065d,PR89_NORMALIZED_ONE_STEP,PR89_NORMALIZED_ONE_STEP,E1_REPLICA_GT_FINE:B1_PLUS_SWEPT_SEGMENT:151a1a74a34a8851dacc7ea099d5f017965f7b711052f65f6c97d24e6b7fb8b0,ONE_STEP:0,E1_REPLICA_GT_FINE,REPRESENTATIVE_HOLDOUT,B1_PLUS_SWEPT_SEGMENT,PRIMARY-CBF-FILTERED,EXECUTED_OR_SELECTED_HISTORICAL_CANDIDATE,PASS,True,PASS,FORMAL_SEGMENT_SAFE,"[2.3092580014785,2.925234794616699,-0.6040942088637277]","[2.309849915904584,2.925234794616699,-0.5991065313978597]",0.2610610535437221,CERTIFIED_SAFE,SEGMENT_EXACT_SAFE,EXACT_ANALYTIC_SPHERE_SEGMENT_MINIMUM,EXACT_ANALYTIC,3b318a98a454ec5c36410b3c41dfb3dd4a25b7b5a1899f1f2c939fbf24ad0e55,False,False
043bd3cdd7771d20926c8c5c546b8ac511d38b8cc60a834f9a925fb15a188e4c,PR89_NORMALIZED_ONE_STEP,PR89_NORMALIZED_ONE_STEP,E1_REPLICA_GT_FINE:B2_PLUS_TERMINAL_BACKUP:151a1a74a34a8851dacc7ea099d5f017965f7b711052f65f6c97d24e6b7fb8b0,ONE_STEP:0,E1_REPLICA_GT_FINE,REPRESENTATIVE_HOLDOUT,B2_PLUS_TERMINAL_BACKUP,PRIMARY-CBF-FILTERED,EXECUTED_OR_SELECTED_HISTORICAL_CANDIDATE,PASS,True,PASS,FORMAL_SEGMENT_SAFE,"[2.3092580014785,2.925234794616699,-0.6040942088637277]","[2.309849915904584,2.925234794616699,-0.5991065313978597]",0.2610610535437221,CERTIFIED_SAFE,SEGMENT_EXACT_SAFE,EXACT_ANALYTIC_SPHERE_SEGMENT_MINIMUM,EXACT_ANALYTIC,3b318a98a454ec5c36410b3c41dfb3dd4a25b7b5a1899f1f2c939fbf24ad0e55,False,False
5cba5e45608f050de1c9c2ad42bc72c1a5273a1dcd0817d06b9d90de5de9e1bc,PR89_NORMALIZED_ONE_STEP,PR89_NORMALIZED_ONE_STEP,E1_REPLICA_GT_FINE:B3_FULL_UNIFIED_WITH_DIRECTIONAL_ALTERNATIVES:151a1a74a34a8851dacc7ea099d5f017965f7b711052f65f6c97d24e6b7fb8b0,ONE_STEP:0,E1_REPLICA_GT_FINE,REPRESENTATIVE_HOLDOUT,B3_FULL_UNIFIED_WITH_DIRECTIONAL_ALTERNATIVES,PRIMARY-CBF-FILTERED,EXECUTED_OR_SELECTED_HISTORICAL_CANDIDATE,PASS,True,PASS,FORMAL_SEGMENT_SAFE,"[2.3092580014785,2.925234794616699,-0.6040942088637277]","[2.309849915904584,2.925234794616699,-0.5991065313978597]",0.2610610535437221,CERTIFIED_SAFE,SEGMENT_EXACT_SAFE,EXACT_ANALYTIC_SPHERE_SEGMENT_MINIMUM,EXACT_ANALYTIC,3b318a98a454ec5c36410b3c41dfb3dd4a25b7b5a1899f1f2c939fbf24ad0e55,False,False
bfe97cecc2ab0d871f5d27eb3ab15ba9cf04dc226c20d674fc482e31f4cb5679,PR89_NORMALIZED_ONE_STEP,PR89_NORMALIZED_ONE_STEP,E1_REPLICA_GT_FINE:B1_PLUS_SWEPT_SEGMENT:16fe88262694ace7502b8af046b32807208de36081c7b9899ad12e38ab16a196,ONE_STEP:0,E1_REPLICA_GT_FINE,REPRESENTATIVE_HOLDOUT,B1_PLUS_SWEPT_SEGMENT,PRIMARY-CBF-FILTERED,EXECUTED_OR_SELECTED_HISTORICAL_CANDIDATE,PASS,True,PASS,FORMAL_SEGMENT_SAFE,"[-0.6554287613611713,2.925234794616699,0.6091427213310273]","[-0.6541056099678659,2.925234794616699,0.6099011524242891]",0.2680766430007268,CERTIFIED_SAFE,SEGMENT_EXACT_SAFE,EXACT_ANALYTIC_SPHERE_SEGMENT_MINIMUM,EXACT_ANALYTIC,3b318a98a454ec5c36410b3c41dfb3dd4a25b7b5a1899f1f2c939fbf24ad0e55,False,False
d1a870a298327ecbae1c030e6d1062cf6a06f3266a85cb4ae4fb0592630c8f53,PR89_NORMALIZED_ONE_STEP,PR89_NORMALIZED_ONE_STEP,E1_REPLICA_GT_FINE:B2_PLUS_TERMINAL_BACKUP:16fe88262694ace7502b8af046b32807208de36081c7b9899ad12e38ab16a196,ONE_STEP:0,E1_REPLICA_GT_FINE,REPRESENTATIVE_HOLDOUT,B2_PLUS_TERMINAL_BACKUP,PRIMARY-CBF-FILTERED,EXECUTED_OR_SELECTED_HISTORICAL_CANDIDATE,PASS,True,PASS,FORMAL_SEGMENT_SAFE,"[-0.6554287613611713,2.925234794616699,0.6091427213310273]","[-0.6541056099678659,2.925234794616699,0.6099011524242891]",0.2680766430007268,CERTIFIED_SAFE,SEGMENT_EXACT_SAFE,EXACT_ANALYTIC_SPHERE_SEGMENT_MINIMUM,EXACT_ANALYTIC,3b318a98a454ec5c36410b3c41dfb3dd4a25b7b5a1899f1f2c939fbf24ad0e55,False,False
faccfb6f866972b506634d4419982fc11729ebc9d4643d6971e26821d8e74fef,PR89_NORMALIZED_ONE_STEP,PR89_NORMALIZED_ONE_STEP,E1_REPLICA_GT_FINE:B3_FULL_UNIFIED_WITH_DIRECTIONAL_ALTERNATIVES:16fe88262694ace7502b8af046b32807208de36081c7b9899ad12e38ab16a196,ONE_STEP:0,E1_REPLICA_GT_FINE,REPRESENTATIVE_HOLDOUT,B3_FULL_UNIFIED_WITH_DIRECTIONAL_ALTERNATIVES,PRIMARY-CBF-FILTERED,EXECUTED_OR_SELECTED_HISTORICAL_CANDIDATE,PASS,True,PASS,FORMAL_SEGMENT_SAFE,"[-0.6554287613611713,2.925234794616699,0.6091427213310273]","[-0.6541056099678659,2.925234794616699,0.6099011524242891]",0.2680766430007268,CERTIFIED_SAFE,SEGMENT_EXACT_SAFE,EXACT_ANALYTIC_SPHERE_SEGMENT_MINIMUM,EXACT_ANALYTIC,3b318a98a454ec5c36410b3c41dfb3dd4a25b7b5a1899f1f2c939fbf24ad0e55,False,False
611bc9014cc43a817e315dc6867ebc4f4fce17b584f3d87e6177553d5ceb535b,PR89_NORMALIZED_ONE_STEP,PR89_NORMALIZED_ONE_STEP,E1_REPLICA_GT_FINE:B1_PLUS_SWEPT_SEGMENT:18437ce3de5c711fae787001a565271d8ecfeeca74866ca2d0b6528537d04b1a,ONE_STEP:0,E1_REPLICA_GT_FINE,REPRESENTATIVE_HOLDOUT,B1_PLUS_SWEPT_SEGMENT,PRIMARY-CBF-FILTERED,EXECUTED_OR_SELECTED_HISTORICAL_CANDIDATE,PASS,True,PASS,FORMAL_SEGMENT_SAFE,"[0.31724060384241765,0.12523484230041504,2.3401798897346193]","[0.3149895189032955,0.12523484230231324,2.3417090628287034]",0.10862418112614855,CERTIFIED_SAFE,SEGMENT_EXACT_SAFE,EXACT_ANALYTIC_SPHERE_SEGMENT_MINIMUM,EXACT_ANALYTIC,3b318a98a454ec5c36410b3c41dfb3dd4a25b7b5a1899f1f2c939fbf24ad0e55,False,False
b24470bcb0dea2987609ae2f2f6c30b6569fd987b3c95178a03c521bd06a8be5,PR89_NORMALIZED_ONE_STEP,PR89_NORMALIZED_ONE_STEP,E1_REPLICA_GT_FINE:B2_PLUS_TERMINAL_BACKUP:18437ce3de5c711fae787001a565271d8ecfeeca74866ca2d0b6528537d04b1a,ONE_STEP:0,E1_REPLICA_GT_FINE,REPRESENTATIVE_HOLDOUT,B2_PLUS_TERMINAL_BACKUP,PRIMARY-CBF-FILTERED,EXECUTED_OR_SELECTED_HISTORICAL_CANDIDATE,PASS,True,PASS,FORMAL_SEGMENT_SAFE,"[0.31724060384241765,0.12523484230041504,2.3401798897346193]","[0.3149895189032955,0.12523484230231324,2.3417090628287034]",0.10862418112614855,CERTIFIED_SAFE,SEGMENT_EXACT_SAFE,EXACT_ANALYTIC_SPHERE_SEGMENT_MINIMUM,EXACT_ANALYTIC,3b318a98a454ec5c36410b3c41dfb3dd4a25b7b5a1899f1f2c939fbf24ad0e55,False,False
7530ff997b57886d063df3ce99111ca734680c257bcc201151385c54874afd56,PR89_NORMALIZED_ONE_STEP,PR89_NORMALIZED_ONE_STEP,E1_REPLICA_GT_FINE:B3_FULL_UNIFIED_WITH_DIRECTIONAL_ALTERNATIVES:18437ce3de5c711fae787001a565271d8ecfeeca74866ca2d0b6528537d04b1a,ONE_STEP:0,E1_REPLICA_GT_FINE,REPRESENTATIVE_HOLDOUT,B3_FULL_UNIFIED_WITH_DIRECTIONAL_ALTERNATIVES,PRIMARY-CBF-FILTERED,EXECUTED_OR_SELECTED_HISTORICAL_CANDIDATE,PASS,True,PASS,FORMAL_SEGMENT_SAFE,"[0.31724060384241765,0.12523484230041504,2.3401798897346193]","[0.3149895189032955,0.12523484230231324,2.3417090628287034]",0.10862418112614855,CERTIFIED_SAFE,SEGMENT_EXACT_SAFE,EXACT_ANALYTIC_SPHERE_SEGMENT_MINIMUM,EXACT_ANALYTIC,3b318a98a454ec5c36410b3c41dfb3dd4a25b7b5a1899f1f2c939fbf24ad0e55,False,False
761342aa9719a6d92ca8e09f37c17c124ff70d359478b0b93cdbfef4bee7ed38,PR89_NORMALIZED_ONE_STEP,PR89_NORMALIZED_ONE_STEP,E1_REPLICA_GT_FINE:B1_PLUS_SWEPT_SEGMENT:18dedde110ff0022e2bbafe7e5de5fd783c0177fca853e229ad9b409122e5feb,ONE_STEP:0,E1_REPLICA_GT_FINE,REPRESENTATIVE_HOLDOUT,B1_PLUS_SWEPT_SEGMENT,PRIMARY-CBF-FILTERED,EXECUTED_OR_SELECTED_HISTORICAL_CANDIDATE,PASS,True,PASS,FORMAL_SEGMENT_SAFE,"[2.320279598236084,2.925234794616699,-0.9045239388942719]","[2.3200297356625383,2.925234794616699,-0.9047738014678174]",0.13964945386827504,CERTIFIED_SAFE,SEGMENT_EXACT_SAFE,EXACT_ANALYTIC_SPHERE_SEGMENT_MINIMUM,EXACT_ANALYTIC,3b318a98a454ec5c36410b3c41dfb3dd4a25b7b5a1899f1f2c939fbf24ad0e55,False,False
293386d16af6e20b0d400f8bd773a26641d991316a05efc914c1e60c47ce5308,PR89_NORMALIZED_ONE_STEP,PR89_NORMALIZED_ONE_STEP,E1_REPLICA_GT_FINE:B2_PLUS_TERMINAL_BACKUP:18dedde110ff0022e2bbafe7e5de5fd783c0177fca853e229ad9b409122e5feb,ONE_STEP:0,E1_REPLICA_GT_FINE,REPRESENTATIVE_HOLDOUT,B2_PLUS_TERMINAL_BACKUP,PRIMARY-CBF-FILTERED,LOGGED_NONEXECUTED_HISTORICAL_CANDIDATE,PASS,True,PASS,FORMAL_SEGMENT_SAFE,"[2.320279598236084,2.925234794616699,-0.9045239388942719]","[2.3200297356625383,2.925234794616699,-0.9047738014678174]",0.13964945386827504,CERTIFIED_SAFE,SEGMENT_EXACT_SAFE,EXACT_ANALYTIC_SPHERE_SEGMENT_MINIMUM,EXACT_ANALYTIC,3b318a98a454ec5c36410b3c41dfb3dd4a25b7b5a1899f1f2c939fbf24ad0e55,False,False
e276ce94324ce9d70555fa1d9623cce382619c9e95ad63760b2f4baa4a0cece1,PR89_NORMALIZED_ONE_STEP,PR89_NORMALIZED_ONE_STEP,E1_REPLICA_GT_FINE:B3_FULL_UNIFIED_WITH_DIRECTIONAL_ALTERNATIVES:18dedde110ff0022e2bbafe7e5de5fd783c0177fca853e229ad9b409122e5feb,ONE_STEP:0,E1_REPLICA_GT_FINE,REPRESENTATIVE_HOLDOUT,B3_FULL_UNIFIED_WITH_DIRECTIONAL_ALTERNATIVES,PRIMARY-CBF-FILTERED,LOGGED_NONEXECUTED_HISTORICAL_CANDIDATE,PASS,True,PASS,FORMAL_SEGMENT_SAFE,"[2.320279598236084,2.925234794616699,-0.9045239388942719]","[2.3200297356625383,2.925234794616699,-0.9047738014678174]",0.13964945386827504,CERTIFIED_SAFE,SEGMENT_EXACT_SAFE,EXACT_ANALYTIC_SPHERE_SEGMENT_MINIMUM,EXACT_ANALYTIC,3b318a98a454ec5c36410b3c41dfb3dd4a25b7b5a1899f1f2c939fbf24ad0e55,False,False
9bcafaaaf8613ed12a3bdf40b8a3467a3cfca4d6881ed0f92ad641ef4d186564,PR89_NORMALIZED_ONE_STEP,PR89_NORMALIZED_ONE_STEP,E1_REPLICA_GT_FINE:B1_PLUS_SWEPT_SEGMENT:1ab9bff8b0aedb780f43ffc4b307d88a410cad36aa000e68784a86e995618db8,ONE_STEP:0,E1_REPLICA_GT_FINE,REPRESENTATIVE_HOLDOUT,B1_PLUS_SWEPT_SEGMENT,PRIMARY-CBF-FILTERED,EXECUTED_OR_SELECTED_HISTORICAL_CANDIDATE,PASS,True,PASS,FORMAL_SEGMENT_SAFE,"[4.0898131132125854,0.12523484230041504,-0.12253284454345703]","[4.08956325063904,0.12523484230041504,-0.12278270711700254]",0.34573215016855063,CERTIFIED_SAFE,SEGMENT_EXACT_SAFE,EXACT_ANALYTIC_SPHERE_SEGMENT_MINIMUM,EXACT_ANALYTIC,3b318a98a454ec5c36410b3c41dfb3dd4a25b7b5a1899f1f2c939fbf24ad0e55,False,False
e3616c906e1015d4a722e7b7958c7535eef01688961afba2ae7805b83c6b4e62,PR89_NORMALIZED_ONE_STEP,PR89_NORMALIZED_ONE_STEP,E1_REPLICA_GT_FINE:B2_PLUS_TERMINAL_BACKUP:1ab9bff8b0aedb780f43ffc4b307d88a410cad36aa000e68784a86e995618db8,ONE_STEP:0,E1_REPLICA_GT_FINE,REPRESENTATIVE_HOLDOUT,B2_PLUS_TERMINAL_BACKUP,PRIMARY-CBF-FILTERED,LOGGED_NONEXECUTED_HISTORICAL_CANDIDATE,PASS,True,PASS,FORMAL_SEGMENT_SAFE,"[4.0898131132125854,0.12523484230041504,-0.12253284454345703]","[4.08956325063904,0.12523484230041504,-0.12278270711700254]",0.34573215016855063,CERTIFIED_SAFE,SEGMENT_EXACT_SAFE,EXACT_ANALYTIC_SPHERE_SEGMENT_MINIMUM,EXACT_ANALYTIC,3b318a98a454ec5c36410b3c41dfb3dd4a25b7b5a1899f1f2c939fbf24ad0e55,False,False
520c60b1bf3fca146def0ec37fd69963c78d3fdc38219d01d906f4fdc65e1aef,PR89_NORMALIZED_ONE_STEP,PR89_NORMALIZED_ONE_STEP,E1_REPLICA_GT_FINE:B3_FULL_UNIFIED_WITH_DIRECTIONAL_ALTERNATIVES:1ab9bff8b0aedb780f43ffc4b307d88a410cad36aa000e68784a86e995618db8,ONE_STEP:0,E1_REPLICA_GT_FINE,REPRESENTATIVE_HOLDOUT,B3_FULL_UNIFIED_WITH_DIRECTIONAL_ALTERNATIVES,PRIMARY-CBF-FILTERED,LOGGED_NONEXECUTED_HISTORICAL_CANDIDATE,PASS,True,PASS,FORMAL_SEGMENT_SAFE,"[4.0898131132125854,0.12523484230041504,-0.12253284454345703]","[4.08956325063904,0.12523484230041504,-0.12278270711700254]",0.34573215016855063,CERTIFIED_SAFE,SEGMENT_EXACT_SAFE,EXACT_ANALYTIC_SPHERE_SEGMENT_MINIMUM,EXACT_ANALYTIC,3b318a98a454ec5c36410b3c41dfb3dd4a25b7b5a1899f1f2c939fbf24ad0e55,False,False
a3469c8de2c698fcc1b9eae7c39c5afd3367f5e8f197f13ca72ff728c96bf435,PR89_NORMALIZED_ONE_STEP,PR89_NORMALIZED_ONE_STEP,E1_REPLICA_GT_FINE:B1_PLUS_SWEPT_SEGMENT:1b47d079ce1fdb039c02ee650d45faf683d1f0c02d701e68e9ce04f3f02032b4,ONE_STEP:0,E1_REPLICA_GT_FINE,REPRESENTATIVE_HOLDOUT,B1_PLUS_SWEPT_SEGMENT,PRIMARY-CBF-FILTERED,EXECUTED_OR_SELECTED_HISTORICAL_CANDIDATE,PASS,True,PASS,FORMAL_SEGMENT_SAFE,"[3.4841988682746887,0.12523484230041504,-0.8104178346693516]","[3.483949005701143,0.12523484230041504,-0.8106676972428971]",0.15633320806904777,CERTIFIED_SAFE,SEGMENT_EXACT_SAFE,EXACT_ANALYTIC_SPHERE_SEGMENT_MINIMUM,EXACT_ANALYTIC,3b318a98a454ec5c36410b3c41dfb3dd4a25b7b5a1899f1f2c939fbf24ad0e55,False,False
167e0c7f6059644af26ef7a0ace6167ef16209f620db6617ca1317887002ae3e,PR89_NORMALIZED_ONE_STEP,PR89_NORMALIZED_ONE_STEP,E1_REPLICA_GT_FINE:B2_PLUS_TERMINAL_BACKUP:1b47d079ce1fdb039c02ee650d45faf683d1f0c02d701e68e9ce04f3f02032b4,ONE_STEP:0,E1_REPLICA_GT_FINE,REPRESENTATIVE_HOLDOUT,B2_PLUS_TERMINAL_BACKUP,PRIMARY-CBF-FILTERED,LOGGED_NONEXECUTED_HISTORICAL_CANDIDATE,PASS,True,PASS,FORMAL_SEGMENT_SAFE,"[3.4841988682746887,0.12523484230041504,-0.8104178346693516]","[3.483949005701143,0.12523484230041504,-0.8106676972428971]",0.15633320806904777,CERTIFIED_SAFE,SEGMENT_EXACT_SAFE,EXACT_ANALYTIC_SPHERE_SEGMENT_MINIMUM,EXACT_ANALYTIC,3b318a98a454ec5c36410b3c41dfb3dd4a25b7b5a1899f1f2c939fbf24ad0e55,False,False
6d868b0a3218ef18c581bcc67bf2cc7b09eb7683d8ebfd4dc1467b049b834505,PR89_NORMALIZED_ONE_STEP,PR89_NORMALIZED_ONE_STEP,E1_REPLICA_GT_FINE:B3_FULL_UNIFIED_WITH_DIRECTIONAL_ALTERNATIVES:1b47d079ce1fdb039c02ee650d45faf683d1f0c02d701e68e9ce04f3f02032b4,ONE_STEP:0,E1_REPLICA_GT_FINE,REPRESENTATIVE_HOLDOUT,B3_FULL_UNIFIED_WITH_DIRECTIONAL_ALTERNATIVES,PRIMARY-CBF-FILTERED,LOGGED_NONEXECUTED_HISTORICAL_CANDIDATE,PASS,True,PASS,FORMAL_SEGMENT_SAFE,"[3.4841988682746887,0.12523484230041504,-0.8104178346693516]","[3.483949005701143,0.12523484230041504,-0.8106676972428971]",0.15633320806904777,CERTIFIED_SAFE,SEGMENT_EXACT_SAFE,EXACT_ANALYTIC_SPHERE_SEGMENT_MINIMUM,EXACT_ANALYTIC,3b318a98a454ec5c36410b3c41dfb3dd4a25b7b5a1899f1f2c939fbf24ad0e55,False,False
1796911edcb8416b8eca6f465a4da1d292bd75976986ed52349333a01ec8c8f8,PR89_NORMALIZED_ONE_STEP,PR89_NORMALIZED_ONE_STEP,E1_REPLICA_GT_FINE:B1_PLUS_SWEPT_SEGMENT:1c0b9b0faf9393a40d91912a7ecd9116c9d392161ea9fbf6bdf3ae85e0a4a305,ONE_STEP:0,E1_REPLICA_GT_FINE,REPRESENTATIVE_HOLDOUT,B1_PLUS_SWEPT_SEGMENT,PRIMARY-CBF-FILTERED,EXECUTED_OR_SELECTED_HISTORICAL_CANDIDATE,PASS,True,PASS,FORMAL_SEGMENT_SAFE,"[2.9139232635498047,2.925234794616699,2.24300479888916]","[2.9141731261233503,2.925234794616699,2.243254661462706]",0.3245953540858815,CERTIFIED_SAFE,SEGMENT_EXACT_SAFE,EXACT_ANALYTIC_SPHERE_SEGMENT_MINIMUM,EXACT_ANALYTIC,3b318a98a454ec5c36410b3c41dfb3dd4a25b7b5a1899f1f2c939fbf24ad0e55,False,False
33408fcdb9b16a536ecf74be6d447173ea4b0616c84b665ecd391f8a600c9aac,PR89_NORMALIZED_ONE_STEP,PR89_NORMALIZED_ONE_STEP,E1_REPLICA_GT_FINE:B2_PLUS_TERMINAL_BACKUP:1c0b9b0faf9393a40d91912a7ecd9116c9d392161ea9fbf6bdf3ae85e0a4a305,ONE_STEP:0,E1_REPLICA_GT_FINE,REPRESENTATIVE_HOLDOUT,B2_PLUS_TERMINAL_BACKUP,PRIMARY-CBF-FILTERED,LOGGED_NONEXECUTED_HISTORICAL_CANDIDATE,PASS,True,PASS,FORMAL_SEGMENT_SAFE,"[2.9139232635498047,2.925234794616699,2.24300479888916]","[2.9141731261233503,2.925234794616699,2.243254661462706]",0.3245953540858815,CERTIFIED_SAFE,SEGMENT_EXACT_SAFE,EXACT_ANALYTIC_SPHERE_SEGMENT_MINIMUM,EXACT_ANALYTIC,3b318a98a454ec5c36410b3c41dfb3dd4a25b7b5a1899f1f2c939fbf24ad0e55,False,False
742156f3ac03fd2410944c407aa35061eb98f0cf28dd741784b6bdd4e19e2b24,PR89_NORMALIZED_ONE_STEP,PR89_NORMALIZED_ONE_STEP,E1_REPLICA_GT_FINE:B3_FULL_UNIFIED_WITH_DIRECTIONAL_ALTERNATIVES:1c0b9b0faf9393a40d91912a7ecd9116c9d392161ea9fbf6bdf3ae85e0a4a305,ONE_STEP:0,E1_REPLICA_GT_FINE,REPRESENTATIVE_HOLDOUT,B3_FULL_UNIFIED_WITH_DIRECTIONAL_ALTERNATIVES,PRIMARY-CBF-FILTERED,LOGGED_NONEXECUTED_HISTORICAL_CANDIDATE,PASS,True,PASS,FORMAL_SEGMENT_SAFE,"[2.9139232635498047,2.925234794616699,2.24300479888916]","[2.9141731261233503,2.925234794616699,2.243254661462706]",0.3245953540858815,CERTIFIED_SAFE,SEGMENT_EXACT_SAFE,EXACT_ANALYTIC_SPHERE_SEGMENT_MINIMUM,EXACT_ANALYTIC,3b318a98a454ec5c36410b3c41dfb3dd4a25b7b5a1899f1f2c939fbf24ad0e55,False,False
af9fe28c41642415d21ac632f321ac7c726d4125e4738db8938803ed0f6e44cd,PR89_NORMALIZED_ONE_STEP,PR89_NORMALIZED_ONE_STEP,E1_REPLICA_GT_FINE:B1_PLUS_SWEPT_SEGMENT:1cb740911c602d0d9f80ff7185098eb639040f83b9c62124196e3a616f6c0daa,ONE_STEP:0,E1_REPLICA_GT_FINE,REPRESENTATIVE_HOLDOUT,B1_PLUS_SWEPT_SEGMENT,PRIMARY-CBF-FILTERED,EXECUTED_OR_SELECTED_HISTORICAL_CANDIDATE,PASS,True,PASS,FORMAL_SEGMENT_SAFE,"[1.5439070632794045,0.12523484230041504,-1.6634510473304258]","[1.545983556437411,0.12523484230069212,-1.665219121019379]",0.012299350193902391,CERTIFIED_SAFE,SEGMENT_EXACT_SAFE,EXACT_ANALYTIC_SPHERE_SEGMENT_MINIMUM,EXACT_ANALYTIC,3b318a98a454ec5c36410b3c41dfb3dd4a25b7b5a1899f1f2c939fbf24ad0e55,False,False
9642a85d2e3feb6e22d88cba8bd3b862c2a9e5c8fcb461f66714f66a0ddabbc1,PR89_NORMALIZED_ONE_STEP,PR89_NORMALIZED_ONE_STEP,E1_REPLICA_GT_FINE:B2_PLUS_TERMINAL_BACKUP:1cb740911c602d0d9f80ff7185098eb639040f83b9c62124196e3a616f6c0daa,ONE_STEP:0,E1_REPLICA_GT_FINE,REPRESENTATIVE_HOLDOUT,B2_PLUS_TERMINAL_BACKUP,PRIMARY-CBF-FILTERED,EXECUTED_OR_SELECTED_HISTORICAL_CANDIDATE,PASS,True,PASS,FORMAL_SEGMENT_SAFE,"[1.5439070632794045,0.12523484230041504,-1.6634510473304258]","[1.545983556437411,0.12523484230069212,-1.665219121019379]",0.012299350193902391,CERTIFIED_SAFE,SEGMENT_EXACT_SAFE,EXACT_ANALYTIC_SPHERE_SEGMENT_MINIMUM,EXACT_ANALYTIC,3b318a98a454ec5c36410b3c41dfb3dd4a25b7b5a1899f1f2c939fbf24ad0e55,False,False
a6507544021cf9eaa07d51490b949d5a0364e055ce22191b42a423147674c12c,PR89_NORMALIZED_ONE_STEP,PR89_NORMALIZED_ONE_STEP,E1_REPLICA_GT_FINE:B3_FULL_UNIFIED_WITH_DIRECTIONAL_ALTERNATIVES:1cb740911c602d0d9f80ff7185098eb639040f83b9c62124196e3a616f6c0daa,ONE_STEP:0,E1_REPLICA_GT_FINE,REPRESENTATIVE_HOLDOUT,B3_FULL_UNIFIED_WITH_DIRECTIONAL_ALTERNATIVES,PRIMARY-CBF-FILTERED,EXECUTED_OR_SELECTED_HISTORICAL_CANDIDATE,PASS,True,PASS,FORMAL_SEGMENT_SAFE,"[1.5439070632794045,0.12523484230041504,-1.6634510473304258]","[1.545983556437411,0.12523484230069212,-1.665219121019379]",0.012299350193902391,CERTIFIED_SAFE,SEGMENT_EXACT_SAFE,EXACT_ANALYTIC_SPHERE_SEGMENT_MINIMUM,EXACT_ANALYTIC,3b318a98a454ec5c36410b3c41dfb3dd4a25b7b5a1899f1f2c939fbf24ad0e55,False,False
e9c797f3b0c3f24c21ce02b3b23fd83604ed4aa1d8b28e828f5ed05d387130d9,PR89_NORMALIZED_ONE_STEP,PR89_NORMALIZED_ONE_STEP,E1_REPLICA_GT_FINE:B1_PLUS_SWEPT_SEGMENT:1e3a8db5cf56d8657520e12aa8a311440dd3d323f43e579c810f2f48f60b1f71,ONE_STEP:0,E1_REPLICA_GT_FINE,REPRESENTATIVE_HOLDOUT,B1_PLUS_SWEPT_SEGMENT,PRIMARY-CBF-FILTERED,EXECUTED_OR_SELECTED_HISTORICAL_CANDIDATE,PASS,True,PASS,FORMAL_SEGMENT_SAFE,"[2.913499327121229,0.12523484230041504,2.9518603773774044]","[2.916369878149129,0.12523484230065368,2.947648659030287]",0.030885987381118418,CERTIFIED_SAFE,SEGMENT_EXACT_SAFE,EXACT_ANALYTIC_SPHERE_SEGMENT_MINIMUM,EXACT_ANALYTIC,3b318a98a454ec5c36410b3c41dfb3dd4a25b7b5a1899f1f2c939fbf24ad0e55,False,False
8a6d45c5cffbad465dd20d1367f4c94100e4a247cf2716415f12acbc10452851,PR89_NORMALIZED_ONE_STEP,PR89_NORMALIZED_ONE_STEP,E1_REPLICA_GT_FINE:B2_PLUS_TERMINAL_BACKUP:1e3a8db5cf56d8657520e12aa8a311440dd3d323f43e579c810f2f48f60b1f71,ONE_STEP:0,E1_REPLICA_GT_FINE,REPRESENTATIVE_HOLDOUT,B2_PLUS_TERMINAL_BACKUP,PRIMARY-CBF-FILTERED,EXECUTED_OR_SELECTED_HISTORICAL_CANDIDATE,PASS,True,PASS,FORMAL_SEGMENT_SAFE,"[2.913499327121229,0.12523484230041504,2.9518603773774044]","[2.916369878149129,0.12523484230065368,2.947648659030287]",0.030885987381118418,CERTIFIED_SAFE,SEGMENT_EXACT_SAFE,EXACT_ANALYTIC_SPHERE_SEGMENT_MINIMUM,EXACT_ANALYTIC,3b318a98a454ec5c36410b3c41dfb3dd4a25b7b5a1899f1f2c939fbf24ad0e55,False,False
74b19729440dcdd4587e0ee75379c5a7c73dcf37e224dc4b73eb749b76ff836c,PR89_NORMALIZED_ONE_STEP,PR89_NORMALIZED_ONE_STEP,E1_REPLICA_GT_FINE:B3_FULL_UNIFIED_WITH_DIRECTIONAL_ALTERNATIVES:1e3a8db5cf56d8657520e12aa8a311440dd3d323f43e579c810f2f48f60b1f71,ONE_STEP:0,E1_REPLICA_GT_FINE,REPRESENTATIVE_HOLDOUT,B3_FULL_UNIFIED_WITH_DIRECTIONAL_ALTERNATIVES,PRIMARY-CBF-FILTERED,EXECUTED_OR_SELECTED_HISTORICAL_CANDIDATE,PASS,True,PASS,FORMAL_SEGMENT_SAFE,"[2.913499327121229,0.12523484230041504,2.9518603773774044]","[2.916369878149129,0.12523484230065368,2.947648659030287]",0.030885987381118418,CERTIFIED_SAFE,SEGMENT_EXACT_SAFE,EXACT_ANALYTIC_SPHERE_SEGMENT_MINIMUM,EXACT_ANALYTIC,3b318a98a454ec5c36410b3c41dfb3dd4a25b7b5a1899f1f2c939fbf24ad0e55,False,False
9c4148da69aa333c90332bce64015b11b9c061618650feee85d78b23235ffeee,PR89_NORMALIZED_ONE_STEP,PR89_NORMALIZED_ONE_STEP,E1_REPLICA_GT_FINE:B1_PLUS_SWEPT_SEGMENT:1f0c533c1236c8c97be6c7a76973ba2546749a4ca9297e8e5b7ffb80d7f1bc84,ONE_STEP:0,E1_REPLICA_GT_FINE,REPRESENTATIVE_HOLDOUT,B1_PLUS_SWEPT_SEGMENT,PRIMARY-CBF-FILTERED,EXECUTED_OR_SELECTED_HISTORICAL_CANDIDATE,PASS,True,PASS,FORMAL_SEGMENT_SAFE,"[2.333385407924652,2.925234794616699,-0.26977719366550446]","[2.3336352704981977,2.925234794616699,-0.2695273310919589]",0.46211576012588396,CERTIFIED_SAFE,SEGMENT_EXACT_SAFE,EXACT_ANALYTIC_SPHERE_SEGMENT_MINIMUM,EXACT_ANALYTIC,3b318a98a454ec5c36410b3c41dfb3dd4a25b7b5a1899f1f2c939fbf24ad0e55,False,False
df11eff0c83c153918d1c3e06cee15cb5552aeed70e50cfe0411729186bbd76d,PR89_NORMALIZED_ONE_STEP,PR89_NORMALIZED_ONE_STEP,E1_REPLICA_GT_FINE:B2_PLUS_TERMINAL_BACKUP:1f0c533c1236c8c97be6c7a76973ba2546749a4ca9297e8e5b7ffb80d7f1bc84,ONE_STEP:0,E1_REPLICA_GT_FINE,REPRESENTATIVE_HOLDOUT,B2_PLUS_TERMINAL_BACKUP,PRIMARY-CBF-FILTERED,LOGGED_NONEXECUTED_HISTORICAL_CANDIDATE,PASS,True,PASS,FORMAL_SEGMENT_SAFE,"[2.333385407924652,2.925234794616699,-0.26977719366550446]","[2.3336352704981977,2.925234794616699,-0.2695273310919589]",0.46211576012588396,CERTIFIED_SAFE,SEGMENT_EXACT_SAFE,EXACT_ANALYTIC_SPHERE_SEGMENT_MINIMUM,EXACT_ANALYTIC,3b318a98a454ec5c36410b3c41dfb3dd4a25b7b5a1899f1f2c939fbf24ad0e55,False,False
e2575bd761a0bae08956f3c3d2ef20a6c3bdcf5a7323db40fcfa6bd920d3f121,PR89_NORMALIZED_ONE_STEP,PR89_NORMALIZED_ONE_STEP,E1_REPLICA_GT_FINE:B3_FULL_UNIFIED_WITH_DIRECTIONAL_ALTERNATIVES:1f0c533c1236c8c97be6c7a76973ba2546749a4ca9297e8e5b7ffb80d7f1bc84,ONE_STEP:0,E1_REPLICA_GT_FINE,REPRESENTATIVE_HOLDOUT,B3_FULL_UNIFIED_WITH_DIRECTIONAL_ALTERNATIVES,PRIMARY-CBF-FILTERED,LOGGED_NONEXECUTED_HISTORICAL_CANDIDATE,PASS,True,PASS,FORMAL_SEGMENT_SAFE,"[2.333385407924652,2.925234794616699,-0.26977719366550446]","[2.3336352704981977,2.925234794616699,-0.2695273310919589]",0.46211576012588396,CERTIFIED_SAFE,SEGMENT_EXACT_SAFE,EXACT_ANALYTIC_SPHERE_SEGMENT_MINIMUM,EXACT_ANALYTIC,3b318a98a454ec5c36410b3c41dfb3dd4a25b7b5a1899f1f2c939fbf24ad0e55,False,False
9ac072e6a58dc2fd26c1b22b7b8419f03d3cd555a423368613204552b5015ad6,PR89_NORMALIZED_ONE_STEP,PR89_NORMALIZED_ONE_STEP,E1_REPLICA_GT_FINE:B1_PLUS_SWEPT_SEGMENT:1f5ecb8605c1df18e88b1c245ab84bafd839d6122148ab528c2b7deab1dc9b6b,ONE_STEP:0,E1_REPLICA_GT_FINE,REPRESENTATIVE_HOLDOUT,B1_PLUS_SWEPT_SEGMENT,PRIMARY-CBF-FILTERED,EXECUTED_OR_SELECTED_HISTORICAL_CANDIDATE,PASS,True,PASS,FORMAL_SEGMENT_SAFE,"[0.09646345674991608,2.925234794616699,1.377356767654419]","[0.09621359417637057,2.925234794616699,1.3771069050808735]",0.3108421131688691,CERTIFIED_SAFE,SEGMENT_EXACT_SAFE,EXACT_ANALYTIC_SPHERE_SEGMENT_MINIMUM,EXACT_ANALYTIC,3b318a98a454ec5c36410b3c41dfb3dd4a25b7b5a1899f1f2c939fbf24ad0e55,False,False
d791bcba28582554f0d83448013091ca6a85350ee027d62b6e4815b5b9a13a90,PR89_NORMALIZED_ONE_STEP,PR89_NORMALIZED_ONE_STEP,E1_REPLICA_GT_FINE:B2_PLUS_TERMINAL_BACKUP:1f5ecb8605c1df18e88b1c245ab84bafd839d6122148ab528c2b7deab1dc9b6b,ONE_STEP:0,E1_REPLICA_GT_FINE,REPRESENTATIVE_HOLDOUT,B2_PLUS_TERMINAL_BACKUP,PRIMARY-CBF-FILTERED,LOGGED_NONEXECUTED_HISTORICAL_CANDIDATE,PASS,True,PASS,FORMAL_SEGMENT_SAFE,"[0.09646345674991608,2.925234794616699,1.377356767654419]","[0.09621359417637057,2.925234794616699,1.3771069050808735]",0.3108421131688691,CERTIFIED_SAFE,SEGMENT_EXACT_SAFE,EXACT_ANALYTIC_SPHERE_SEGMENT_MINIMUM,EXACT_ANALYTIC,3b318a98a454ec5c36410b3c41dfb3dd4a25b7b5a1899f1f2c939fbf24ad0e55,False,False
e529e2ef17440d56999eb0b7d23071faf209230e51a0a716092e840ac8f902c4,PR89_NORMALIZED_ONE_STEP,PR89_NORMALIZED_ONE_STEP,E1_REPLICA_GT_FINE:B3_FULL_UNIFIED_WITH_DIRECTIONAL_ALTERNATIVES:1f5ecb8605c1df18e88b1c245ab84bafd839d6122148ab528c2b7deab1dc9b6b,ONE_STEP:0,E1_REPLICA_GT_FINE,REPRESENTATIVE_HOLDOUT,B3_FULL_UNIFIED_WITH_DIRECTIONAL_ALTERNATIVES,PRIMARY-CBF-FILTERED,LOGGED_NONEXECUTED_HISTORICAL_CANDIDATE,PASS,True,PASS,FORMAL_SEGMENT_SAFE,"[0.09646345674991608,2.925234794616699,1.377356767654419]","[0.09621359417637057,2.925234794616699,1.3771069050808735]",0.3108421131688691,CERTIFIED_SAFE,SEGMENT_EXACT_SAFE,EXACT_ANALYTIC_SPHERE_SEGMENT_MINIMUM,EXACT_ANALYTIC,3b318a98a454ec5c36410b3c41dfb3dd4a25b7b5a1899f1f2c939fbf24ad0e55,False,False
2188142c3c43bffca3c162c1247fc594900e352afb46fd6a45d78df2354c9769,PR89_NORMALIZED_ONE_STEP,PR89_NORMALIZED_ONE_STEP,E1_REPLICA_GT_FINE:B1_PLUS_SWEPT_SEGMENT:1f9cbbe192ea4ef9acc65f459259fd452230124102140cbb868bbdd6fae03712,ONE_STEP:0,E1_REPLICA_GT_FINE,REPRESENTATIVE_HOLDOUT,B1_PLUS_SWEPT_SEGMENT,PRIMARY-CBF-FILTERED,EXECUTED_OR_SELECTED_HISTORICAL_CANDIDATE,PASS,True,PASS,FORMAL_SEGMENT_SAFE,"[2.369157993918185,2.925234794616699,-0.22341770222818713]","[2.3689242995285777,2.925234794616699,-0.22079446270153533]",0.4886113802833768,CERTIFIED_SAFE,SEGMENT_EXACT_SAFE,EXACT_ANALYTIC_SPHERE_SEGMENT_MINIMUM,EXACT_ANALYTIC,3b318a98a454ec5c36410b3c41dfb3dd4a25b7b5a1899f1f2c939fbf24ad0e55,False,False
3e56a27844d32e96efa7eacfadeebd99d321f219790da703f32999a3c8d820c1,PR89_NORMALIZED_ONE_STEP,PR89_NORMALIZED_ONE_STEP,E1_REPLICA_GT_FINE:B2_PLUS_TERMINAL_BACKUP:1f9cbbe192ea4ef9acc65f459259fd452230124102140cbb868bbdd6fae03712,ONE_STEP:0,E1_REPLICA_GT_FINE,REPRESENTATIVE_HOLDOUT,B2_PLUS_TERMINAL_BACKUP,PRIMARY-CBF-FILTERED,EXECUTED_OR_SELECTED_HISTORICAL_CANDIDATE,PASS,True,PASS,FORMAL_SEGMENT_SAFE,"[2.369157993918185,2.925234794616699,-0.22341770222818713]","[2.3689242995285777,2.925234794616699,-0.22079446270153533]",0.4886113802833768,CERTIFIED_SAFE,SEGMENT_EXACT_SAFE,EXACT_ANALYTIC_SPHERE_SEGMENT_MINIMUM,EXACT_ANALYTIC,3b318a98a454ec5c36410b3c41dfb3dd4a25b7b5a1899f1f2c939fbf24ad0e55,False,False
b2d7ddc3c9c835c79e0ec00a7d31b3338ad0eb44894f6d45e9744e4cf4042445,PR89_NORMALIZED_ONE_STEP,PR89_NORMALIZED_ONE_STEP,E1_REPLICA_GT_FINE:B3_FULL_UNIFIED_WITH_DIRECTIONAL_ALTERNATIVES:1f9cbbe192ea4ef9acc65f459259fd452230124102140cbb868bbdd6fae03712,ONE_STEP:0,E1_REPLICA_GT_FINE,REPRESENTATIVE_HOLDOUT,B3_FULL_UNIFIED_WITH_DIRECTIONAL_ALTERNATIVES,PRIMARY-CBF-FILTERED,EXECUTED_OR_SELECTED_HISTORICAL_CANDIDATE,PASS,True,PASS,FORMAL_SEGMENT_SAFE,"[2.369157993918185,2.925234794616699,-0.22341770222818713]","[2.3689242995285777,2.925234794616699,-0.22079446270153533]",0.4886113802833768,CERTIFIED_SAFE,SEGMENT_EXACT_SAFE,EXACT_ANALYTIC_SPHERE_SEGMENT_MINIMUM,EXACT_ANALYTIC,3b318a98a454ec5c36410b3c41dfb3dd4a25b7b5a1899f1f2c939fbf24ad0e55,False,False
9646977946fe7193ece16542ef869f46bf293d0aa85deaa5de6181b7150b9b96,PR89_NORMALIZED_ONE_STEP,PR89_NORMALIZED_ONE_STEP,E1_REPLICA_GT_FINE:B1_PLUS_SWEPT_SEGMENT:204bf2b567d88f8e931cfe6bec4e7c00686259e0c3ee261eba2d37598286a280,ONE_STEP:0,E1_REPLICA_GT_FINE,REPRESENTATIVE_HOLDOUT,B1_PLUS_SWEPT_SEGMENT,PRIMARY-CBF-FILTERED,EXECUTED_OR_SELECTED_HISTORICAL_CANDIDATE,PASS,True,PASS,FORMAL_SEGMENT_SAFE,"[-0.32341689653568895,2.925234794616699,0.8009504308909015]","[-0.3213778839664271,2.925234794616699,0.7991383620663399]",0.22108380972601543,CERTIFIED_SAFE,SEGMENT_EXACT_SAFE,EXACT_ANALYTIC_SPHERE_SEGMENT_MINIMUM,EXACT_ANALYTIC,3b318a98a454ec5c36410b3c41dfb3dd4a25b7b5a1899f1f2c939fbf24ad0e55,False,False
ca63f028663567904b8dc7e512be68a83f27989c72e4877b6f4ecbd0a65d519b,PR89_NORMALIZED_ONE_STEP,PR89_NORMALIZED_ONE_STEP,E1_REPLICA_GT_FINE:B2_PLUS_TERMINAL_BACKUP:204bf2b567d88f8e931cfe6bec4e7c00686259e0c3ee261eba2d37598286a280,ONE_STEP:0,E1_REPLICA_GT_FINE,REPRESENTATIVE_HOLDOUT,B2_PLUS_TERMINAL_BACKUP,PRIMARY-CBF-FILTERED,EXECUTED_OR_SELECTED_HISTORICAL_CANDIDATE,PASS,True,PASS,FORMAL_SEGMENT_SAFE,"[-0.32341689653568895,2.925234794616699,0.8009504308909015]","[-0.3213778839664271,2.925234794616699,0.7991383620663399]",0.22108380972601543,CERTIFIED_SAFE,SEGMENT_EXACT_SAFE,EXACT_ANALYTIC_SPHERE_SEGMENT_MINIMUM,EXACT_ANALYTIC,3b318a98a454ec5c36410b3c41dfb3dd4a25b7b5a1899f1f2c939fbf24ad0e55,False,False
dd14a085356ef3378ce804c953ecc76747e53255bfa6b4f1ca98d079d3df6365,PR89_NORMALIZED_ONE_STEP,PR89_NORMALIZED_ONE_STEP,E1_REPLICA_GT_FINE:B3_FULL_UNIFIED_WITH_DIRECTIONAL_ALTERNATIVES:204bf2b567d88f8e931cfe6bec4e7c00686259e0c3ee261eba2d37598286a280,ONE_STEP:0,E1_REPLICA_GT_FINE,REPRESENTATIVE_HOLDOUT,B3_FULL_UNIFIED_WITH_DIRECTIONAL_ALTERNATIVES,PRIMARY-CBF-FILTERED,EXECUTED_OR_SELECTED_HISTORICAL_CANDIDATE,PASS,True,PASS,FORMAL_SEGMENT_SAFE,"[-0.32341689653568895,2.925234794616699,0.8009504308909015]","[-0.3213778839664271,2.925234794616699,0.7991383620663399]",0.22108380972601543,CERTIFIED_SAFE,SEGMENT_EXACT_SAFE,EXACT_ANALYTIC_SPHERE_SEGMENT_MINIMUM,EXACT_ANALYTIC,3b318a98a454ec5c36410b3c41dfb3dd4a25b7b5a1899f1f2c939fbf24ad0e55,False,False
19cb5e60eae0f5459400a82407a244415f889ba97c697d5e325c031e2630659a,PR89_NORMALIZED_ONE_STEP,PR89_NORMALIZED_ONE_STEP,E1_REPLICA_GT_FINE:B1_PLUS_SWEPT_SEGMENT:21762d6d6a7f8ee822b1fc7c0ab62680934b41ce005493f9d92edff6e349ce03,ONE_STEP:0,E1_REPLICA_GT_FINE,REPRESENTATIVE_HOLDOUT,B1_PLUS_SWEPT_SEGMENT,PRIMARY-CBF-FILTERED,EXECUTED_OR_SELECTED_HISTORICAL_CANDIDATE,PASS,True,PASS,FORMAL_SEGMENT_SAFE,"[-0.11675344144740553,2.925234794616699,0.8643530626175022]","[-0.11328398719770931,2.925234794616699,0.8661283562069795]",0.21014188352620936,CERTIFIED_SAFE,SEGMENT_EXACT_SAFE,EXACT_ANALYTIC_SPHERE_SEGMENT_MINIMUM,EXACT_ANALYTIC,3b318a98a454ec5c36410b3c41dfb3dd4a25b7b5a1899f1f2c939fbf24ad0e55,False,False
42821fba046cab7d5adcad24b707519fe70fd7c8c8f80b6232920b4697be5299,PR89_NORMALIZED_ONE_STEP,PR89_NORMALIZED_ONE_STEP,E1_REPLICA_GT_FINE:B2_PLUS_TERMINAL_BACKUP:21762d6d6a7f8ee822b1fc7c0ab62680934b41ce005493f9d92edff6e349ce03,ONE_STEP:0,E1_REPLICA_GT_FINE,REPRESENTATIVE_HOLDOUT,B2_PLUS_TERMINAL_BACKUP,PRIMARY-CBF-FILTERED,EXECUTED_OR_SELECTED_HISTORICAL_CANDIDATE,PASS,True,PASS,FORMAL_SEGMENT_SAFE,"[-0.11675344144740553,2.925234794616699,0.8643530626175022]","[-0.11328398719770931,2.925234794616699,0.8661283562069795]",0.21014188352620936,CERTIFIED_SAFE,SEGMENT_EXACT_SAFE,EXACT_ANALYTIC_SPHERE_SEGMENT_MINIMUM,EXACT_ANALYTIC,3b318a98a454ec5c36410b3c41dfb3dd4a25b7b5a1899f1f2c939fbf24ad0e55,False,False
45f215d43d9fa981540ef6d6e9d94f055dd739afc641381804fa0f76c78c6c09,PR89_NORMALIZED_ONE_STEP,PR89_NORMALIZED_ONE_STEP,E1_REPLICA_GT_FINE:B3_FULL_UNIFIED_WITH_DIRECTIONAL_ALTERNATIVES:21762d6d6a7f8ee822b1fc7c0ab62680934b41ce005493f9d92edff6e349ce03,ONE_STEP:0,E1_REPLICA_GT_FINE,REPRESENTATIVE_HOLDOUT,B3_FULL_UNIFIED_WITH_DIRECTIONAL_ALTERNATIVES,PRIMARY-CBF-FILTERED,EXECUTED_OR_SELECTED_HISTORICAL_CANDIDATE,PASS,True,PASS,FORMAL_SEGMENT_SAFE,"[-0.11675344144740553,2.925234794616699,0.8643530626175022]","[-0.11328398719770931,2.925234794616699,0.8661283562069795]",0.21014188352620936,CERTIFIED_SAFE,SEGMENT_EXACT_SAFE,EXACT_ANALYTIC_SPHERE_SEGMENT_MINIMUM,EXACT_ANALYTIC,3b318a98a454ec5c36410b3c41dfb3dd4a25b7b5a1899f1f2c939fbf24ad0e55,False,False
72e4681877121043792f6120a72d784cc1deb689ac53b5d804ce68431a1e6608,PR89_NORMALIZED_ONE_STEP,PR89_NORMALIZED_ONE_STEP,E1_REPLICA_GT_FINE:B1_PLUS_SWEPT_SEGMENT:2211e7fc233d3f44550a3487042a97d8b30645fc3956b09e879d5faa3cb90649,ONE_STEP:0,E1_REPLICA_GT_FINE,REPRESENTATIVE_HOLDOUT,B1_PLUS_SWEPT_SEGMENT,PRIMARY-CBF-FILTERED,EXECUTED_OR_SELECTED_HISTORICAL_CANDIDATE,PASS,True,PASS,FORMAL_SEGMENT_SAFE,"[1.1461808930376356,0.12523484230041504,0.6199992985580379]","[1.1435582405492597,0.12523484230041504,0.6203548690539503]",0.17477988549942491,CERTIFIED_SAFE,SEGMENT_EXACT_SAFE,EXACT_ANALYTIC_SPHERE_SEGMENT_MINIMUM,EXACT_ANALYTIC,3b318a98a454ec5c36410b3c41dfb3dd4a25b7b5a1899f1f2c939fbf24ad0e55,False,False
2dca796cb06937fe7d8c8bb6d861a5044cc2680753c6c7d3133772329464a751,PR89_NORMALIZED_ONE_STEP,PR89_NORMALIZED_ONE_STEP,E1_REPLICA_GT_FINE:B2_PLUS_TERMINAL_BACKUP:2211e7fc233d3f44550a3487042a97d8b30645fc3956b09e879d5faa3cb90649,ONE_STEP:0,E1_REPLICA_GT_FINE,REPRESENTATIVE_HOLDOUT,B2_PLUS_TERMINAL_BACKUP,PRIMARY-CBF-FILTERED,EXECUTED_OR_SELECTED_HISTORICAL_CANDIDATE,PASS,True,PASS,FORMAL_SEGMENT_SAFE,"[1.1461808930376356,0.12523484230041504,0.6199992985580379]","[1.1435582405492597,0.12523484230041504,0.6203548690539503]",0.17477988549942491,CERTIFIED_SAFE,SEGMENT_EXACT_SAFE,EXACT_ANALYTIC_SPHERE_SEGMENT_MINIMUM,EXACT_ANALYTIC,3b318a98a454ec5c36410b3c41dfb3dd4a25b7b5a1899f1f2c939fbf24ad0e55,False,False
2e74c0c73c58b62105a4d996da09ceffa7fa61de7a069a599d252e4a7e94cf1e,PR89_NORMALIZED_ONE_STEP,PR89_NORMALIZED_ONE_STEP,E1_REPLICA_GT_FINE:B3_FULL_UNIFIED_WITH_DIRECTIONAL_ALTERNATIVES:2211e7fc233d3f44550a3487042a97d8b30645fc3956b09e879d5faa3cb90649,ONE_STEP:0,E1_REPLICA_GT_FINE,REPRESENTATIVE_HOLDOUT,B3_FULL_UNIFIED_WITH_DIRECTIONAL_ALTERNATIVES,PRIMARY-CBF-FILTERED,EXECUTED_OR_SELECTED_HISTORICAL_CANDIDATE,PASS,True,PASS,FORMAL_SEGMENT_SAFE,"[1.1461808930376356,0.12523484230041504,0.6199992985580379]","[1.1435582405492597,0.12523484230041504,0.6203548690539503]",0.17477988549942491,CERTIFIED_SAFE,SEGMENT_EXACT_SAFE,EXACT_ANALYTIC_SPHERE_SEGMENT_MINIMUM,EXACT_ANALYTIC,3b318a98a454ec5c36410b3c41dfb3dd4a25b7b5a1899f1f2c939fbf24ad0e55,False,False
3f9aac1763474324e1dbf6eacffa61870956d189b39df7d7215808ef5df64882,PR89_NORMALIZED_ONE_STEP,PR89_NORMALIZED_ONE_STEP,E1_REPLICA_GT_FINE:B1_PLUS_SWEPT_SEGMENT:22729b41d07f36ef7c2897a21d8d89d3c7b2abb21f5249b5a721a1dfce0f7e0a,ONE_STEP:0,E1_REPLICA_GT_FINE,REPRESENTATIVE_HOLDOUT,B1_PLUS_SWEPT_SEGMENT,PRIMARY-CBF-FILTERED,EXECUTED_OR_SELECTED_HISTORICAL_CANDIDATE,PASS,True,PASS,FORMAL_SEGMENT_SAFE,"[1.107823226200072,0.12523484230041504,1.8354208022456557]","[1.1069262105162812,0.1252348422959185,1.8366665567035427]",0.012558075238957089,CERTIFIED_SAFE,SEGMENT_EXACT_SAFE,EXACT_ANALYTIC_SPHERE_SEGMENT_MINIMUM,EXACT_ANALYTIC,3b318a98a454ec5c36410b3c41dfb3dd4a25b7b5a1899f1f2c939fbf24ad0e55,False,False
6ff9379e709928b833a5a95113ec2fe0e7cee9ab20681d9bc3177e5fe23452d1,PR89_NORMALIZED_ONE_STEP,PR89_NORMALIZED_ONE_STEP,E1_REPLICA_GT_FINE:B2_PLUS_TERMINAL_BACKUP:22729b41d07f36ef7c2897a21d8d89d3c7b2abb21f5249b5a721a1dfce0f7e0a,ONE_STEP:0,E1_REPLICA_GT_FINE,REPRESENTATIVE_HOLDOUT,B2_PLUS_TERMINAL_BACKUP,PRIMARY-CBF-FILTERED,EXECUTED_OR_SELECTED_HISTORICAL_CANDIDATE,PASS,True,PASS,FORMAL_SEGMENT_SAFE,"[1.107823226200072,0.12523484230041504,1.8354208022456557]","[1.1069262105162812,0.1252348422959185,1.8366665567035427]",0.012558075238957089,CERTIFIED_SAFE,SEGMENT_EXACT_SAFE,EXACT_ANALYTIC_SPHERE_SEGMENT_MINIMUM,EXACT_ANALYTIC,3b318a98a454ec5c36410b3c41dfb3dd4a25b7b5a1899f1f2c939fbf24ad0e55,False,False
2fb21838f7c33fc838b4f0b626f9894a9c4310ee403d6b2f6247005f052bc4ef,PR89_NORMALIZED_ONE_STEP,PR89_NORMALIZED_ONE_STEP,E1_REPLICA_GT_FINE:B3_FULL_UNIFIED_WITH_DIRECTIONAL_ALTERNATIVES:22729b41d07f36ef7c2897a21d8d89d3c7b2abb21f5249b5a721a1dfce0f7e0a,ONE_STEP:0,E1_REPLICA_GT_FINE,REPRESENTATIVE_HOLDOUT,B3_FULL_UNIFIED_WITH_DIRECTIONAL_ALTERNATIVES,PRIMARY-CBF-FILTERED,EXECUTED_OR_SELECTED_HISTORICAL_CANDIDATE,PASS,True,PASS,FORMAL_SEGMENT_SAFE,"[1.107823226200072,0.12523484230041504,1.8354208022456557]","[1.1069262105162812,0.1252348422959185,1.8366665567035427]",0.012558075238957089,CERTIFIED_SAFE,SEGMENT_EXACT_SAFE,EXACT_ANALYTIC_SPHERE_SEGMENT_MINIMUM,EXACT_ANALYTIC,3b318a98a454ec5c36410b3c41dfb3dd4a25b7b5a1899f1f2c939fbf24ad0e55,False,False
79f63ba6749cad970ac96b8636b90ffdd039bad24a27b8b2d1eb8d51fb6f1fe0,PR89_NORMALIZED_ONE_STEP,PR89_NORMALIZED_ONE_STEP,E1_REPLICA_GT_FINE:B1_PLUS_SWEPT_SEGMENT:22a6fc41ce4db8d437f1cfbb962471b280dc2d651916775c2250a645c8546915,ONE_STEP:0,E1_REPLICA_GT_FINE,REPRESENTATIVE_HOLDOUT,B1_PLUS_SWEPT_SEGMENT,PRIMARY-CBF-FILTERED,EXECUTED_OR_SELECTED_HISTORICAL_CANDIDATE,PASS,True,PASS,FORMAL_SEGMENT_SAFE,"[0.9451119618029504,0.12523484230041504,1.941675976978733]","[0.9408915940286264,0.1252348422978664,1.944533404745547]",0.009753750518238742,CERTIFIED_SAFE,SEGMENT_EXACT_SAFE,EXACT_ANALYTIC_SPHERE_SEGMENT_MINIMUM,EXACT_ANALYTIC,3b318a98a454ec5c36410b3c41dfb3dd4a25b7b5a1899f1f2c939fbf24ad0e55,False,False
3a562c5008d5b4f96d003766f0c253f8bf0673c393df956fa643b527635636b5,PR89_NORMALIZED_ONE_STEP,PR89_NORMALIZED_ONE_STEP,E1_REPLICA_GT_FINE:B2_PLUS_TERMINAL_BACKUP:22a6fc41ce4db8d437f1cfbb962471b280dc2d651916775c2250a645c8546915,ONE_STEP:0,E1_REPLICA_GT_FINE,REPRESENTATIVE_HOLDOUT,B2_PLUS_TERMINAL_BACKUP,PRIMARY-CBF-FILTERED,EXECUTED_OR_SELECTED_HISTORICAL_CANDIDATE,PASS,True,PASS,FORMAL_SEGMENT_SAFE,"[0.9451119618029504,0.12523484230041504,1.941675976978733]","[0.9408915940286264,0.1252348422978664,1.944533404745547]",0.009753750518238742,CERTIFIED_SAFE,SEGMENT_EXACT_SAFE,EXACT_ANALYTIC_SPHERE_SEGMENT_MINIMUM,EXACT_ANALYTIC,3b318a98a454ec5c36410b3c41dfb3dd4a25b7b5a1899f1f2c939fbf24ad0e55,False,False
928745651329cbe5fb00fb412ffc6ede82795cb4263938f30c611b4ff0f6c991,PR89_NORMALIZED_ONE_STEP,PR89_NORMALIZED_ONE_STEP,E1_REPLICA_GT_FINE:B3_FULL_UNIFIED_WITH_DIRECTIONAL_ALTERNATIVES:22a6fc41ce4db8d437f1cfbb962471b280dc2d651916775c2250a645c8546915,ONE_STEP:0,E1_REPLICA_GT_FINE,REPRESENTATIVE_HOLDOUT,B3_FULL_UNIFIED_WITH_DIRECTIONAL_ALTERNATIVES,PRIMARY-CBF-FILTERED,EXECUTED_OR_SELECTED_HISTORICAL_CANDIDATE,PASS,True,PASS,FORMAL_SEGMENT_SAFE,"[0.9451119618029504,0.12523484230041504,1.941675976978733]","[0.9408915940286264,0.1252348422978664,1.944533404745547]",0.009753750518238742,CERTIFIED_SAFE,SEGMENT_EXACT_SAFE,EXACT_ANALYTIC_SPHERE_SEGMENT_MINIMUM,EXACT_ANALYTIC,3b318a98a454ec5c36410b3c41dfb3dd4a25b7b5a1899f1f2c939fbf24ad0e55,False,False
ceb2e5c5b128c64abe87c0eb4acd58a5265dfcf6bedefef70794941566d60794,PR89_NORMALIZED_ONE_STEP,PR89_NORMALIZED_ONE_STEP,E1_REPLICA_GT_FINE:B1_PLUS_SWEPT_SEGMENT:235e1bb5094b3e24617a36b9db8b226891327b847618ba7632b3dfe1e67ead91,ONE_STEP:0,E1_REPLICA_GT_FINE,REPRESENTATIVE_HOLDOUT,B1_PLUS_SWEPT_SEGMENT,PRIMARY-CBF-FILTERED,EXECUTED_OR_SELECTED_HISTORICAL_CANDIDATE,PASS,True,PASS,FORMAL_SEGMENT_SAFE,"[-0.06336015462875366,2.925234794616699,1.05478036403656]","[-0.06311029205520813,2.925234794616699,1.0550302266101055]",0.26122796358573264,CERTIFIED_SAFE,SEGMENT_EXACT_SAFE,EXACT_ANALYTIC_SPHERE_SEGMENT_MINIMUM,EXACT_ANALYTIC,3b318a98a454ec5c36410b3c41dfb3dd4a25b7b5a1899f1f2c939fbf24ad0e55,False,False
9fb358080f99bddcabfd7db5cf3951005493ee9fc5f92a74bdf7923e46310657,PR89_NORMALIZED_ONE_STEP,PR89_NORMALIZED_ONE_STEP,E1_REPLICA_GT_FINE:B2_PLUS_TERMINAL_BACKUP:235e1bb5094b3e24617a36b9db8b226891327b847618ba7632b3dfe1e67ead91,ONE_STEP:0,E1_REPLICA_GT_FINE,REPRESENTATIVE_HOLDOUT,B2_PLUS_TERMINAL_BACKUP,PRIMARY-CBF-FILTERED,LOGGED_NONEXECUTED_HISTORICAL_CANDIDATE,PASS,True,PASS,FORMAL_SEGMENT_SAFE,"[-0.06336015462875366,2.925234794616699,1.05478036403656]","[-0.06311029205520813,2.925234794616699,1.0550302266101055]",0.26122796358573264,CERTIFIED_SAFE,SEGMENT_EXACT_SAFE,EXACT_ANALYTIC_SPHERE_SEGMENT_MINIMUM,EXACT_ANALYTIC,3b318a98a454ec5c36410b3c41dfb3dd4a25b7b5a1899f1f2c939fbf24ad0e55,False,False
744efb4cca6625506775dbee9c67e04c87f7ade460735769a387bc386a334b23,PR89_NORMALIZED_ONE_STEP,PR89_NORMALIZED_ONE_STEP,E1_REPLICA_GT_FINE:B3_FULL_UNIFIED_WITH_DIRECTIONAL_ALTERNATIVES:235e1bb5094b3e24617a36b9db8b226891327b847618ba7632b3dfe1e67ead91,ONE_STEP:0,E1_REPLICA_GT_FINE,REPRESENTATIVE_HOLDOUT,B3_FULL_UNIFIED_WITH_DIRECTIONAL_ALTERNATIVES,PRIMARY-CBF-FILTERED,LOGGED_NONEXECUTED_HISTORICAL_CANDIDATE,PASS,True,PASS,FORMAL_SEGMENT_SAFE,"[-0.06336015462875366,2.925234794616699,1.05478036403656]","[-0.06311029205520813,2.925234794616699,1.0550302266101055]",0.26122796358573264,CERTIFIED_SAFE,SEGMENT_EXACT_SAFE,EXACT_ANALYTIC_SPHERE_SEGMENT_MINIMUM,EXACT_ANALYTIC,3b318a98a454ec5c36410b3c41dfb3dd4a25b7b5a1899f1f2c939fbf24ad0e55,False,False
b3480228a41160abbc60fc254a1409a434bf47ac8d2f4805c42fe462cb334fb0,PR89_NORMALIZED_ONE_STEP,PR89_NORMALIZED_ONE_STEP,E1_REPLICA_GT_FINE:B1_PLUS_SWEPT_SEGMENT:241d4b8b592a08407d1f663e2e0439e35140b1b8356e32ca03083b8da5f7e9bb,ONE_STEP:0,E1_REPLICA_GT_FINE,REPRESENTATIVE_HOLDOUT,B1_PLUS_SWEPT_SEGMENT,PRIMARY-CBF-FILTERED,EXECUTED_OR_SELECTED_HISTORICAL_CANDIDATE,PASS,True,PASS,FORMAL_SEGMENT_SAFE,"[0.5578229048239035,2.925234794616699,0.7487079331069376]","[0.5571467703497476,2.925234794616699,0.750066339786026]",0.22728764560092568,CERTIFIED_SAFE,SEGMENT_EXACT_SAFE,EXACT_ANALYTIC_SPHERE_SEGMENT_MINIMUM,EXACT_ANALYTIC,3b318a98a454ec5c36410b3c41dfb3dd4a25b7b5a1899f1f2c939fbf24ad0e55,False,False
43c00c491203a6966e0f13beeaad66183808edcc3df6cd6b5c055e373a545eba,PR89_NORMALIZED_ONE_STEP,PR89_NORMALIZED_ONE_STEP,E1_REPLICA_GT_FINE:B2_PLUS_TERMINAL_BACKUP:241d4b8b592a08407d1f663e2e0439e35140b1b8356e32ca03083b8da5f7e9bb,ONE_STEP:0,E1_REPLICA_GT_FINE,REPRESENTATIVE_HOLDOUT,B2_PLUS_TERMINAL_BACKUP,PRIMARY-CBF-FILTERED,EXECUTED_OR_SELECTED_HISTORICAL_CANDIDATE,PASS,True,PASS,FORMAL_SEGMENT_SAFE,"[0.5578229048239035,2.925234794616699,0.7487079331069376]","[0.5571467703497476,2.925234794616699,0.750066339786026]",0.22728764560092568,CERTIFIED_SAFE,SEGMENT_EXACT_SAFE,EXACT_ANALYTIC_SPHERE_SEGMENT_MINIMUM,EXACT_ANALYTIC,3b318a98a454ec5c36410b3c41dfb3dd4a25b7b5a1899f1f2c939fbf24ad0e55,False,False
af15b0a476fe0c308f18fdd3b1ef2f2f6ab79695afe4134b3fac130928e8adcf,PR89_NORMALIZED_ONE_STEP,PR89_NORMALIZED_ONE_STEP,E1_REPLICA_GT_FINE:B3_FULL_UNIFIED_WITH_DIRECTIONAL_ALTERNATIVES:241d4b8b592a08407d1f663e2e0439e35140b1b8356e32ca03083b8da5f7e9bb,ONE_STEP:0,E1_REPLICA_GT_FINE,REPRESENTATIVE_HOLDOUT,B3_FULL_UNIFIED_WITH_DIRECTIONAL_ALTERNATIVES,PRIMARY-CBF-FILTERED,EXECUTED_OR_SELECTED_HISTORICAL_CANDIDATE,PASS,True,PASS,FORMAL_SEGMENT_SAFE,"[0.5578229048239035,2.925234794616699,0.7487079331069376]","[0.5571467703497476,2.925234794616699,0.750066339786026]",0.22728764560092568,CERTIFIED_SAFE,SEGMENT_EXACT_SAFE,EXACT_ANALYTIC_SPHERE_SEGMENT_MINIMUM,EXACT_ANALYTIC,3b318a98a454ec5c36410b3c41dfb3dd4a25b7b5a1899f1f2c939fbf24ad0e55,False,False
8536da3c23d16496e6452d2a1d9f4c7fd43da1e51137ff76e723b4469761a0b7,PR89_NORMALIZED_ONE_STEP,PR89_NORMALIZED_ONE_STEP,E1_REPLICA_GT_FINE:B1_PLUS_SWEPT_SEGMENT:274a5a83db528364efc054111e3a2be386dd22d2d5d7303088c67a50d6b04b8f,ONE_STEP:0,E1_REPLICA_GT_FINE,REPRESENTATIVE_HOLDOUT,B1_PLUS_SWEPT_SEGMENT,PRIMARY-CBF-FILTERED,EXECUTED_OR_SELECTED_HISTORICAL_CANDIDATE,PASS,True,PASS,FORMAL_SEGMENT_SAFE,"[1.198561476926402,2.925234794616699,1.6401914012056693]","[1.202816920126764,2.9252347946160913,1.642994619706173]",0.09627871033094185,CERTIFIED_SAFE,SEGMENT_EXACT_SAFE,EXACT_ANALYTIC_SPHERE_SEGMENT_MINIMUM,EXACT_ANALYTIC,3b318a98a454ec5c36410b3c41dfb3dd4a25b7b5a1899f1f2c939fbf24ad0e55,False,False
d0d495112a20c49e401b013f59c65f385a2cc228490a09b81a6eedd5774bc5cd,PR89_NORMALIZED_ONE_STEP,PR89_NORMALIZED_ONE_STEP,E1_REPLICA_GT_FINE:B2_PLUS_TERMINAL_BACKUP:274a5a83db528364efc054111e3a2be386dd22d2d5d7303088c67a50d6b04b8f,ONE_STEP:0,E1_REPLICA_GT_FINE,REPRESENTATIVE_HOLDOUT,B2_PLUS_TERMINAL_BACKUP,PRIMARY-CBF-FILTERED,EXECUTED_OR_SELECTED_HISTORICAL_CANDIDATE,PASS,True,PASS,FORMAL_SEGMENT_SAFE,"[1.198561476926402,2.925234794616699,1.6401914012056693]","[1.202816920126764,2.9252347946160913,1.642994619706173]",0.09627871033094185,CERTIFIED_SAFE,SEGMENT_EXACT_SAFE,EXACT_ANALYTIC_SPHERE_SEGMENT_MINIMUM,EXACT_ANALYTIC,3b318a98a454ec5c36410b3c41dfb3dd4a25b7b5a1899f1f2c939fbf24ad0e55,False,False
dbe5329c2f24098bb9fe0af42f3a27a3ae04a8c3092806eb7a2726e99401733b,PR89_NORMALIZED_ONE_STEP,PR89_NORMALIZED_ONE_STEP,E1_REPLICA_GT_FINE:B3_FULL_UNIFIED_WITH_DIRECTIONAL_ALTERNATIVES:274a5a83db528364efc054111e3a2be386dd22d2d5d7303088c67a50d6b04b8f,ONE_STEP:0,E1_REPLICA_GT_FINE,REPRESENTATIVE_HOLDOUT,B3_FULL_UNIFIED_WITH_DIRECTIONAL_ALTERNATIVES,PRIMARY-CBF-FILTERED,EXECUTED_OR_SELECTED_HISTORICAL_CANDIDATE,PASS,True,PASS,FORMAL_SEGMENT_SAFE,"[1.198561476926402,2.925234794616699,1.6401914012056693]","[1.202816920126764,2.9252347946160913,1.642994619706173]",0.09627871033094185,CERTIFIED_SAFE,SEGMENT_EXACT_SAFE,EXACT_ANALYTIC_SPHERE_SEGMENT_MINIMUM,EXACT_ANALYTIC,3b318a98a454ec5c36410b3c41dfb3dd4a25b7b5a1899f1f2c939fbf24ad0e55,False,False
5748c058b455705a3915d1d96d3cb2222603b79d71061ae46945fc75b6b7e17a,PR89_NORMALIZED_ONE_STEP,PR89_NORMALIZED_ONE_STEP,E1_REPLICA_GT_FINE:B1_PLUS_SWEPT_SEGMENT:274cfe4d06a4bba970b364b3ced72c1758f65f383a4ff23eecf36593964775dd,ONE_STEP:0,E1_REPLICA_GT_FINE,REPRESENTATIVE_HOLDOUT,B1_PLUS_SWEPT_SEGMENT,PRIMARY-CBF-FILTERED,EXECUTED_OR_SELECTED_HISTORICAL_CANDIDATE,PASS,True,PASS,FORMAL_SEGMENT_SAFE,"[-1.844376882274539,0.19201981331833948,4.428148749669665]","[-1.8453124247981647,0.19243775313109718,4.430666447137044]",1.135314662979618,CERTIFIED_SAFE,SEGMENT_EXACT_SAFE,EXACT_ANALYTIC_SPHERE_SEGMENT_MINIMUM,EXACT_ANALYTIC,3b318a98a454ec5c36410b3c41dfb3dd4a25b7b5a1899f1f2c939fbf24ad0e55,False,False
970d45ff7eb5ac981029e89390d40da0603ae5414f55cfd000349002b299663c,PR89_NORMALIZED_ONE_STEP,PR89_NORMALIZED_ONE_STEP,E1_REPLICA_GT_FINE:B2_PLUS_TERMINAL_BACKUP:274cfe4d06a4bba970b364b3ced72c1758f65f383a4ff23eecf36593964775dd,ONE_STEP:0,E1_REPLICA_GT_FINE,REPRESENTATIVE_HOLDOUT,B2_PLUS_TERMINAL_BACKUP,PRIMARY-CBF-FILTERED,EXECUTED_OR_SELECTED_HISTORICAL_CANDIDATE,PASS,True,PASS,FORMAL_SEGMENT_SAFE,"[-1.844376882274539,0.19201981331833948,4.428148749669665]","[-1.8453124247981647,0.19243775313109718,4.430666447137044]",1.135314662979618,CERTIFIED_SAFE,SEGMENT_EXACT_SAFE,EXACT_ANALYTIC_SPHERE_SEGMENT_MINIMUM,EXACT_ANALYTIC,3b318a98a454ec5c36410b3c41dfb3dd4a25b7b5a1899f1f2c939fbf24ad0e55,False,False
7201f6f432da4c810507c8c7adebfa9317d158c0e3021b49256f243b7a2c5838,PR89_NORMALIZED_ONE_STEP,PR89_NORMALIZED_ONE_STEP,E1_REPLICA_GT_FINE:B3_FULL_UNIFIED_WITH_DIRECTIONAL_ALTERNATIVES:274cfe4d06a4bba970b364b3ced72c1758f65f383a4ff23eecf36593964775dd,ONE_STEP:0,E1_REPLICA_GT_FINE,REPRESENTATIVE_HOLDOUT,B3_FULL_UNIFIED_WITH_DIRECTIONAL_ALTERNATIVES,PRIMARY-CBF-FILTERED,EXECUTED_OR_SELECTED_HISTORICAL_CANDIDATE,PASS,True,PASS,FORMAL_SEGMENT_SAFE,"[-1.844376882274539,0.19201981331833948,4.428148749669665]","[-1.8453124247981647,0.19243775313109718,4.430666447137044]",1.135314662979618,CERTIFIED_SAFE,SEGMENT_EXACT_SAFE,EXACT_ANALYTIC_SPHERE_SEGMENT_MINIMUM,EXACT_ANALYTIC,3b318a98a454ec5c36410b3c41dfb3dd4a25b7b5a1899f1f2c939fbf24ad0e55,False,False
160837e7dee0ddf295a621d3956547b7276bd363542774ad04287bf42c353c0b,PR89_NORMALIZED_ONE_STEP,PR89_NORMALIZED_ONE_STEP,E1_REPLICA_GT_FINE:B1_PLUS_SWEPT_SEGMENT:284cffa5c7386cbcb13718924fef577ac22e98e0a3cc1d74a6c3f333d125aca5,ONE_STEP:0,E1_REPLICA_GT_FINE,REPRESENTATIVE_HOLDOUT,B1_PLUS_SWEPT_SEGMENT,PRIMARY-CBF-FILTERED,EXECUTED_OR_SELECTED_HISTORICAL_CANDIDATE,PASS,True,PASS,FORMAL_SEGMENT_SAFE,"[-0.2652788283172494,2.925234794616699,0.0451437392457934]","[-0.2699226146357177,2.925234794616699,0.04719849456646674]",0.24858715830834044,CERTIFIED_SAFE,SEGMENT_EXACT_SAFE,EXACT_ANALYTIC_SPHERE_SEGMENT_MINIMUM,EXACT_ANALYTIC,3b318a98a454ec5c36410b3c41dfb3dd4a25b7b5a1899f1f2c939fbf24ad0e55,False,False
ec1bc8a34c160c613c9f5e173bb1a6192298bd87b4fd599e06a84467c27d73cc,PR89_NORMALIZED_ONE_STEP,PR89_NORMALIZED_ONE_STEP,E1_REPLICA_GT_FINE:B2_PLUS_TERMINAL_BACKUP:284cffa5c7386cbcb13718924fef577ac22e98e0a3cc1d74a6c3f333d125aca5,ONE_STEP:0,E1_REPLICA_GT_FINE,REPRESENTATIVE_HOLDOUT,B2_PLUS_TERMINAL_BACKUP,PRIMARY-CBF-FILTERED,EXECUTED_OR_SELECTED_HISTORICAL_CANDIDATE,PASS,True,PASS,FORMAL_SEGMENT_SAFE,"[-0.2652788283172494,2.925234794616699,0.0451437392457934]","[-0.2699226146357177,2.925234794616699,0.04719849456646674]",0.24858715830834044,CERTIFIED_SAFE,SEGMENT_EXACT_SAFE,EXACT_ANALYTIC_SPHERE_SEGMENT_MINIMUM,EXACT_ANALYTIC,3b318a98a454ec5c36410b3c41dfb3dd4a25b7b5a1899f1f2c939fbf24ad0e55,False,False
41eeec6174fcd94c2422ac392fc7b41bdf9832ae4c9670b2dd2e51fe350657ca,PR89_NORMALIZED_ONE_STEP,PR89_NORMALIZED_ONE_STEP,E1_REPLICA_GT_FINE:B3_FULL_UNIFIED_WITH_DIRECTIONAL_ALTERNATIVES:284cffa5c7386cbcb13718924fef577ac22e98e0a3cc1d74a6c3f333d125aca5,ONE_STEP:0,E1_REPLICA_GT_FINE,REPRESENTATIVE_HOLDOUT,B3_FULL_UNIFIED_WITH_DIRECTIONAL_ALTERNATIVES,PRIMARY-CBF-FILTERED,EXECUTED_OR_SELECTED_HISTORICAL_CANDIDATE,PASS,True,PASS,FORMAL_SEGMENT_SAFE,"[-0.2652788283172494,2.925234794616699,0.0451437392457934]","[-0.2699226146357177,2.925234794616699,0.04719849456646674]",0.24858715830834044,CERTIFIED_SAFE,SEGMENT_EXACT_SAFE,EXACT_ANALYTIC_SPHERE_SEGMENT_MINIMUM,EXACT_ANALYTIC,3b318a98a454ec5c36410b3c41dfb3dd4a25b7b5a1899f1f2c939fbf24ad0e55,False,False
7e44255b7542eaa3eb604ebbae02313fc619b5b01fe01c220a04b5569864cd3c,PR89_NORMALIZED_ONE_STEP,PR89_NORMALIZED_ONE_STEP,E1_REPLICA_GT_FINE:B1_PLUS_SWEPT_SEGMENT:29702195a427c3d65a779f114fa21f600b79230903124132242ea0e0ff96c145,ONE_STEP:0,E1_REPLICA_GT_FINE,REPRESENTATIVE_HOLDOUT,B1_PLUS_SWEPT_SEGMENT,PRIMARY-CBF-FILTERED,EXECUTED_OR_SELECTED_HISTORICAL_CANDIDATE,PASS,True,PASS,FORMAL_SEGMENT_SAFE,"[-0.4144289647163573,2.925234794616699,0.10640741555018285]","[-0.4168758578670413,2.925234794616699,0.10755979316149053]",0.2722378086553488,CERTIFIED_SAFE,SEGMENT_EXACT_SAFE,EXACT_ANALYTIC_SPHERE_SEGMENT_MINIMUM,EXACT_ANALYTIC,3b318a98a454ec5c36410b3c41dfb3dd4a25b7b5a1899f1f2c939fbf24ad0e55,False,False
c3f6d1c47d12817f40270df4d0e21c01563af3bc94cbd1cd8aeb2bec94e443cd,PR89_NORMALIZED_ONE_STEP,PR89_NORMALIZED_ONE_STEP,E1_REPLICA_GT_FINE:B2_PLUS_TERMINAL_BACKUP:29702195a427c3d65a779f114fa21f600b79230903124132242ea0e0ff96c145,ONE_STEP:0,E1_REPLICA_GT_FINE,REPRESENTATIVE_HOLDOUT,B2_PLUS_TERMINAL_BACKUP,PRIMARY-CBF-FILTERED,EXECUTED_OR_SELECTED_HISTORICAL_CANDIDATE,PASS,True,PASS,FORMAL_SEGMENT_SAFE,"[-0.4144289647163573,2.925234794616699,0.10640741555018285]","[-0.4168758578670413,2.925234794616699,0.10755979316149053]",0.2722378086553488,CERTIFIED_SAFE,SEGMENT_EXACT_SAFE,EXACT_ANALYTIC_SPHERE_SEGMENT_MINIMUM,EXACT_ANALYTIC,3b318a98a454ec5c36410b3c41dfb3dd4a25b7b5a1899f1f2c939fbf24ad0e55,False,False
c2519e23ccc5c6708fc33c77d333ad753e44f2ecf46c1fc7e3bbfda13a050a75,PR89_NORMALIZED_ONE_STEP,PR89_NORMALIZED_ONE_STEP,E1_REPLICA_GT_FINE:B3_FULL_UNIFIED_WITH_DIRECTIONAL_ALTERNATIVES:29702195a427c3d65a779f114fa21f600b79230903124132242ea0e0ff96c145,ONE_STEP:0,E1_REPLICA_GT_FINE,REPRESENTATIVE_HOLDOUT,B3_FULL_UNIFIED_WITH_DIRECTIONAL_ALTERNATIVES,PRIMARY-CBF-FILTERED,EXECUTED_OR_SELECTED_HISTORICAL_CANDIDATE,PASS,True,PASS,FORMAL_SEGMENT_SAFE,"[-0.4144289647163573,2.925234794616699,0.10640741555018285]","[-0.4168758578670413,2.925234794616699,0.10755979316149053]",0.2722378086553488,CERTIFIED_SAFE,SEGMENT_EXACT_SAFE,EXACT_ANALYTIC_SPHERE_SEGMENT_MINIMUM,EXACT_ANALYTIC,3b318a98a454ec5c36410b3c41dfb3dd4a25b7b5a1899f1f2c939fbf24ad0e55,False,False
860f1e3c24d5b149ab4a6429e2c2a3a0c328ef676e981898f4888d0fd3dc7acb,PR89_NORMALIZED_ONE_STEP,PR89_NORMALIZED_ONE_STEP,E1_REPLICA_GT_FINE:B1_PLUS_SWEPT_SEGMENT:2a7752537df742a3101b8637ff7674291cb37d0327b12780632a5498d04aaaa2,ONE_STEP:0,E1_REPLICA_GT_FINE,REPRESENTATIVE_HOLDOUT,B1_PLUS_SWEPT_SEGMENT,PRIMARY-CBF-FILTERED,EXECUTED_OR_SELECTED_HISTORICAL_CANDIDATE,PASS,True,PASS,FORMAL_SEGMENT_SAFE,"[0.12709197402000427,0.12523484230041504,2.1068240106105804]","[0.12684211494691922,0.12523484229803677,2.1070739949769277]",0.03816156132925477,CERTIFIED_SAFE,SEGMENT_EXACT_SAFE,EXACT_ANALYTIC_SPHERE_SEGMENT_MINIMUM,EXACT_ANALYTIC,3b318a98a454ec5c36410b3c41dfb3dd4a25b7b5a1899f1f2c939fbf24ad0e55,False,False
e564e1076fcee6c452bde80a08cdfefec8df49dfa7d250b0c77139fa2c8129f7,PR89_NORMALIZED_ONE_STEP,PR89_NORMALIZED_ONE_STEP,E1_REPLICA_GT_FINE:B2_PLUS_TERMINAL_BACKUP:2a7752537df742a3101b8637ff7674291cb37d0327b12780632a5498d04aaaa2,ONE_STEP:0,E1_REPLICA_GT_FINE,REPRESENTATIVE_HOLDOUT,B2_PLUS_TERMINAL_BACKUP,PRIMARY-CBF-FILTERED,LOGGED_NONEXECUTED_HISTORICAL_CANDIDATE,PASS,True,PASS,FORMAL_SEGMENT_SAFE,"[0.12709197402000427,0.12523484230041504,2.1068240106105804]","[0.12684211494691922,0.12523484229803677,2.1070739949769277]",0.03816156132925477,CERTIFIED_SAFE,SEGMENT_EXACT_SAFE,EXACT_ANALYTIC_SPHERE_SEGMENT_MINIMUM,EXACT_ANALYTIC,3b318a98a454ec5c36410b3c41dfb3dd4a25b7b5a1899f1f2c939fbf24ad0e55,False,False
36194c65cdaa4f55d5120622875507f3890b22ab48160c43b964da5068955c7e,PR89_NORMALIZED_ONE_STEP,PR89_NORMALIZED_ONE_STEP,E1_REPLICA_GT_FINE:B3_FULL_UNIFIED_WITH_DIRECTIONAL_ALTERNATIVES:2a7752537df742a3101b8637ff7674291cb37d0327b12780632a5498d04aaaa2,ONE_STEP:0,E1_REPLICA_GT_FINE,REPRESENTATIVE_HOLDOUT,B3_FULL_UNIFIED_WITH_DIRECTIONAL_ALTERNATIVES,PRIMARY-CBF-FILTERED,LOGGED_NONEXECUTED_HISTORICAL_CANDIDATE,PASS,True,PASS,FORMAL_SEGMENT_SAFE,"[0.12709197402000427,0.12523484230041504,2.1068240106105804]","[0.12684211494691922,0.12523484229803677,2.1070739949769277]",0.03816156132925477,CERTIFIED_SAFE,SEGMENT_EXACT_SAFE,EXACT_ANALYTIC_SPHERE_SEGMENT_MINIMUM,EXACT_ANALYTIC,3b318a98a454ec5c36410b3c41dfb3dd4a25b7b5a1899f1f2c939fbf24ad0e55,False,False
0178a7bf56c18fa1433992dda9c756438287b317b9eedf9744915b7facdaa184,PR89_NORMALIZED_ONE_STEP,PR89_NORMALIZED_ONE_STEP,E1_REPLICA_GT_FINE:B1_PLUS_SWEPT_SEGMENT:2aa83be94e2eec221dc8350049349c668020f0343eef7270ad6cec9eb0355b9d,ONE_STEP:0,E1_REPLICA_GT_FINE,REPRESENTATIVE_HOLDOUT,B1_PLUS_SWEPT_SEGMENT,PRIMARY-CBF-FILTERED,EXECUTED_OR_SELECTED_HISTORICAL_CANDIDATE,PASS,True,PASS,FORMAL_SEGMENT_SAFE,"[-1.6038169773820152,2.925234794616699,2.898161252276238]","[-1.6018230506262114,2.925234794616699,2.8962990043896673]",0.4967567940751403,CERTIFIED_SAFE,SEGMENT_EXACT_SAFE,EXACT_ANALYTIC_SPHERE_SEGMENT_MINIMUM,EXACT_ANALYTIC,3b318a98a454ec5c36410b3c41dfb3dd4a25b7b5a1899f1f2c939fbf24ad0e55,False,False
0d296e1f8e390b74a98d24ed66e82b1a4b7b9dd8902e6213104be2c1a4f63750,PR89_NORMALIZED_ONE_STEP,PR89_NORMALIZED_ONE_STEP,E1_REPLICA_GT_FINE:B2_PLUS_TERMINAL_BACKUP:2aa83be94e2eec221dc8350049349c668020f0343eef7270ad6cec9eb0355b9d,ONE_STEP:0,E1_REPLICA_GT_FINE,REPRESENTATIVE_HOLDOUT,B2_PLUS_TERMINAL_BACKUP,PRIMARY-CBF-FILTERED,EXECUTED_OR_SELECTED_HISTORICAL_CANDIDATE,PASS,True,PASS,FORMAL_SEGMENT_SAFE,"[-1.6038169773820152,2.925234794616699,2.898161252276238]","[-1.6018230506262114,2.925234794616699,2.8962990043896673]",0.4967567940751403,CERTIFIED_SAFE,SEGMENT_EXACT_SAFE,EXACT_ANALYTIC_SPHERE_SEGMENT_MINIMUM,EXACT_ANALYTIC,3b318a98a454ec5c36410b3c41dfb3dd4a25b7b5a1899f1f2c939fbf24ad0e55,False,False
4da1494e03829f94c5d5ad44386e86b60097983406c5c5882fda257884953540,PR89_NORMALIZED_ONE_STEP,PR89_NORMALIZED_ONE_STEP,E1_REPLICA_GT_FINE:B3_FULL_UNIFIED_WITH_DIRECTIONAL_ALTERNATIVES:2aa83be94e2eec221dc8350049349c668020f0343eef7270ad6cec9eb0355b9d,ONE_STEP:0,E1_REPLICA_GT_FINE,REPRESENTATIVE_HOLDOUT,B3_FULL_UNIFIED_WITH_DIRECTIONAL_ALTERNATIVES,PRIMARY-CBF-FILTERED,EXECUTED_OR_SELECTED_HISTORICAL_CANDIDATE,PASS,True,PASS,FORMAL_SEGMENT_SAFE,"[-1.6038169773820152,2.925234794616699,2.898161252276238]","[-1.6018230506262114,2.925234794616699,2.8962990043896673]",0.4967567940751403,CERTIFIED_SAFE,SEGMENT_EXACT_SAFE,EXACT_ANALYTIC_SPHERE_SEGMENT_MINIMUM,EXACT_ANALYTIC,3b318a98a454ec5c36410b3c41dfb3dd4a25b7b5a1899f1f2c939fbf24ad0e55,False,False
f61f04a1a42bd960ff1936817525d78515c04cfa93f95ed3dd6a47f44dafb682,PR89_NORMALIZED_ONE_STEP,PR89_NORMALIZED_ONE_STEP,E1_REPLICA_GT_FINE:B1_PLUS_SWEPT_SEGMENT:2cc3321a1b80b9ddf1373cbeb1b7aeeeda1d16896d422ab67107ee95ada3d0c6,ONE_STEP:0,E1_REPLICA_GT_FINE,REPRESENTATIVE_HOLDOUT,B1_PLUS_SWEPT_SEGMENT,PRIMARY-CBF-FILTERED,EXECUTED_OR_SELECTED_HISTORICAL_CANDIDATE,PASS,True,PASS,FORMAL_SEGMENT_SAFE,"[0.11385418400419889,2.925234794616699,0.41914901993867465]","[0.1176822090997694,2.925234794616699,0.4157748823471372]",0.16548339467640874,CERTIFIED_SAFE,SEGMENT_EXACT_SAFE,EXACT_ANALYTIC_SPHERE_SEGMENT_MINIMUM,EXACT_ANALYTIC,3b318a98a454ec5c36410b3c41dfb3dd4a25b7b5a1899f1f2c939fbf24ad0e55,False,False
c185571d95f937daab59bef796c5200a7970ffd9bbce1598047ba97533ef1338,PR89_NORMALIZED_ONE_STEP,PR89_NORMALIZED_ONE_STEP,E1_REPLICA_GT_FINE:B2_PLUS_TERMINAL_BACKUP:2cc3321a1b80b9ddf1373cbeb1b7aeeeda1d16896d422ab67107ee95ada3d0c6,ONE_STEP:0,E1_REPLICA_GT_FINE,REPRESENTATIVE_HOLDOUT,B2_PLUS_TERMINAL_BACKUP,PRIMARY-CBF-FILTERED,EXECUTED_OR_SELECTED_HISTORICAL_CANDIDATE,PASS,True,PASS,FORMAL_SEGMENT_SAFE,"[0.11385418400419889,2.925234794616699,0.41914901993867465]","[0.1176822090997694,2.925234794616699,0.4157748823471372]",0.16548339467640874,CERTIFIED_SAFE,SEGMENT_EXACT_SAFE,EXACT_ANALYTIC_SPHERE_SEGMENT_MINIMUM,EXACT_ANALYTIC,3b318a98a454ec5c36410b3c41dfb3dd4a25b7b5a1899f1f2c939fbf24ad0e55,False,False
246c0eba90f92fe235cdaa9473381bc9607fa21b6834806e7508e9ddf3917776,PR89_NORMALIZED_ONE_STEP,PR89_NORMALIZED_ONE_STEP,E1_REPLICA_GT_FINE:B3_FULL_UNIFIED_WITH_DIRECTIONAL_ALTERNATIVES:2cc3321a1b80b9ddf1373cbeb1b7aeeeda1d16896d422ab67107ee95ada3d0c6,ONE_STEP:0,E1_REPLICA_GT_FINE,REPRESENTATIVE_HOLDOUT,B3_FULL_UNIFIED_WITH_DIRECTIONAL_ALTERNATIVES,PRIMARY-CBF-FILTERED,EXECUTED_OR_SELECTED_HISTORICAL_CANDIDATE,PASS,True,PASS,FORMAL_SEGMENT_SAFE,"[0.11385418400419889,2.925234794616699,0.41914901993867465]","[0.1176822090997694,2.925234794616699,0.4157748823471372]",0.16548339467640874,CERTIFIED_SAFE,SEGMENT_EXACT_SAFE,EXACT_ANALYTIC_SPHERE_SEGMENT_MINIMUM,EXACT_ANALYTIC,3b318a98a454ec5c36410b3c41dfb3dd4a25b7b5a1899f1f2c939fbf24ad0e55,False,False
49c2b4db7e3dc5719c2d6dc44f8e0ff355145b731698e2c2a9547588958fbdde,PR89_NORMALIZED_ONE_STEP,PR89_NORMALIZED_ONE_STEP,E1_REPLICA_GT_FINE:B1_PLUS_SWEPT_SEGMENT:2d377b75bfb770dbd1e51a6df68421d4d7258c6b3a17c7c0674ad0b108631129,ONE_STEP:0,E1_REPLICA_GT_FINE,REPRESENTATIVE_HOLDOUT,B1_PLUS_SWEPT_SEGMENT,PRIMARY-CBF-FILTERED,EXECUTED_OR_SELECTED_HISTORICAL_CANDIDATE,PASS,True,PASS,FORMAL_SEGMENT_SAFE,"[1.0407253278516513,0.12523484230041504,2.863942252219314]","[1.0410533277348069,0.12523484230041504,2.8625073172387796]",0.5822916411273716,CERTIFIED_SAFE,SEGMENT_EXACT_SAFE,EXACT_ANALYTIC_SPHERE_SEGMENT_MINIMUM,EXACT_ANALYTIC,3b318a98a454ec5c36410b3c41dfb3dd4a25b7b5a1899f1f2c939fbf24ad0e55,False,False
3b3f6914c4a719589cb72732261d5a6668519eccdc361bf06c7a21638cf416c8,PR89_NORMALIZED_ONE_STEP,PR89_NORMALIZED_ONE_STEP,E1_REPLICA_GT_FINE:B2_PLUS_TERMINAL_BACKUP:2d377b75bfb770dbd1e51a6df68421d4d7258c6b3a17c7c0674ad0b108631129,ONE_STEP:0,E1_REPLICA_GT_FINE,REPRESENTATIVE_HOLDOUT,B2_PLUS_TERMINAL_BACKUP,PRIMARY-CBF-FILTERED,EXECUTED_OR_SELECTED_HISTORICAL_CANDIDATE,PASS,True,PASS,FORMAL_SEGMENT_SAFE,"[1.0407253278516513,0.12523484230041504,2.863942252219314]","[1.0410533277348069,0.12523484230041504,2.8625073172387796]",0.5822916411273716,CERTIFIED_SAFE,SEGMENT_EXACT_SAFE,EXACT_ANALYTIC_SPHERE_SEGMENT_MINIMUM,EXACT_ANALYTIC,3b318a98a454ec5c36410b3c41dfb3dd4a25b7b5a1899f1f2c939fbf24ad0e55,False,False
4730d74cb4f06c66655cf979ddb5fa0e7108f85902d14be1f97f831cdb6f2439,PR89_NORMALIZED_ONE_STEP,PR89_NORMALIZED_ONE_STEP,E1_REPLICA_GT_FINE:B3_FULL_UNIFIED_WITH_DIRECTIONAL_ALTERNATIVES:2d377b75bfb770dbd1e51a6df68421d4d7258c6b3a17c7c0674ad0b108631129,ONE_STEP:0,E1_REPLICA_GT_FINE,REPRESENTATIVE_HOLDOUT,B3_FULL_UNIFIED_WITH_DIRECTIONAL_ALTERNATIVES,PRIMARY-CBF-FILTERED,EXECUTED_OR_SELECTED_HISTORICAL_CANDIDATE,PASS,True,PASS,FORMAL_SEGMENT_SAFE,"[1.0407253278516513,0.12523484230041504,2.863942252219314]","[1.0410533277348069,0.12523484230041504,2.8625073172387796]",0.5822916411273716,CERTIFIED_SAFE,SEGMENT_EXACT_SAFE,EXACT_ANALYTIC_SPHERE_SEGMENT_MINIMUM,EXACT_ANALYTIC,3b318a98a454ec5c36410b3c41dfb3dd4a25b7b5a1899f1f2c939fbf24ad0e55,False,False
915b8a2bf572cf481634da6437289746b41b95e8788584d26560d864bf931a2c,PR89_NORMALIZED_ONE_STEP,PR89_NORMALIZED_ONE_STEP,E1_REPLICA_GT_FINE:B1_PLUS_SWEPT_SEGMENT:2f4ac4a2d90f2e482e616dc56028afc4d0e33bc32bd1b294ee61be67c9b5470b,ONE_STEP:0,E1_REPLICA_GT_FINE,REPRESENTATIVE_HOLDOUT,B1_PLUS_SWEPT_SEGMENT,PRIMARY-CBF-FILTERED,EXECUTED_OR_SELECTED_HISTORICAL_CANDIDATE,PASS,True,PASS,FORMAL_SEGMENT_SAFE,"[3.3415269486712784,0.12523484230041504,-0.9491109032218555]","[3.339415499696092,0.12523484230205395,-0.9508359057941439]",0.07717034955851636,CERTIFIED_SAFE,SEGMENT_EXACT_SAFE,EXACT_ANALYTIC_SPHERE_SEGMENT_MINIMUM,EXACT_ANALYTIC,3b318a98a454ec5c36410b3c41dfb3dd4a25b7b5a1899f1f2c939fbf24ad0e55,False,False
3ab73aefa6f26f5da65fde3e437717848b74eaa46226813c157838faf439de17,PR89_NORMALIZED_ONE_STEP,PR89_NORMALIZED_ONE_STEP,E1_REPLICA_GT_FINE:B2_PLUS_TERMINAL_BACKUP:2f4ac4a2d90f2e482e616dc56028afc4d0e33bc32bd1b294ee61be67c9b5470b,ONE_STEP:0,E1_REPLICA_GT_FINE,REPRESENTATIVE_HOLDOUT,B2_PLUS_TERMINAL_BACKUP,PRIMARY-CBF-FILTERED,EXECUTED_OR_SELECTED_HISTORICAL_CANDIDATE,PASS,True,PASS,FORMAL_SEGMENT_SAFE,"[3.3415269486712784,0.12523484230041504,-0.9491109032218555]","[3.339415499696092,0.12523484230205395,-0.9508359057941439]",0.07717034955851636,CERTIFIED_SAFE,SEGMENT_EXACT_SAFE,EXACT_ANALYTIC_SPHERE_SEGMENT_MINIMUM,EXACT_ANALYTIC,3b318a98a454ec5c36410b3c41dfb3dd4a25b7b5a1899f1f2c939fbf24ad0e55,False,False
08854833a68dc1c733821df3fe13de48925e2d68c718befd24f1405dc9718020,PR89_NORMALIZED_ONE_STEP,PR89_NORMALIZED_ONE_STEP,E1_REPLICA_GT_FINE:B3_FULL_UNIFIED_WITH_DIRECTIONAL_ALTERNATIVES:2f4ac4a2d90f2e482e616dc56028afc4d0e33bc32bd1b294ee61be67c9b5470b,ONE_STEP:0,E1_REPLICA_GT_FINE,REPRESENTATIVE_HOLDOUT,B3_FULL_UNIFIED_WITH_DIRECTIONAL_ALTERNATIVES,PRIMARY-CBF-FILTERED,EXECUTED_OR_SELECTED_HISTORICAL_CANDIDATE,PASS,True,PASS,FORMAL_SEGMENT_SAFE,"[3.3415269486712784,0.12523484230041504,-0.9491109032218555]","[3.339415499696092,0.12523484230205395,-0.9508359057941439]",0.07717034955851636,CERTIFIED_SAFE,SEGMENT_EXACT_SAFE,EXACT_ANALYTIC_SPHERE_SEGMENT_MINIMUM,EXACT_ANALYTIC,3b318a98a454ec5c36410b3c41dfb3dd4a25b7b5a1899f1f2c939fbf24ad0e55,False,False
b9a5fe4eaede65e0d1b45913b780bd5a7dbf382eec2f0cf5282a07e1a13d4cd3,PR89_NORMALIZED_ONE_STEP,PR89_NORMALIZED_ONE_STEP,E1_REPLICA_GT_FINE:B1_PLUS_SWEPT_SEGMENT:335f65bf9144071002dc3f1013ea047f3d60ee67790941294ebc8fe671ab8410,ONE_STEP:0,E1_REPLICA_GT_FINE,REPRESENTATIVE_HOLDOUT,B1_PLUS_SWEPT_SEGMENT,PRIMARY-CBF-FILTERED,EXECUTED_OR_SELECTED_HISTORICAL_CANDIDATE,PASS,True,PASS,FORMAL_SEGMENT_SAFE,"[3.7752410805733807,2.925234794616699,2.8936245160047287]","[3.7728790500611824,2.925234794616699,2.8949607719829076]",2.0024113814529363,CERTIFIED_SAFE,SEGMENT_EXACT_SAFE,EXACT_ANALYTIC_SPHERE_SEGMENT_MINIMUM,EXACT_ANALYTIC,3b318a98a454ec5c36410b3c41dfb3dd4a25b7b5a1899f1f2c939fbf24ad0e55,False,False
1c4eabc4c11806846a24d26c2cf862b70724c04dcadf1eeafc0393100af0b8b4,PR89_NORMALIZED_ONE_STEP,PR89_NORMALIZED_ONE_STEP,E1_REPLICA_GT_FINE:B2_PLUS_TERMINAL_BACKUP:335f65bf9144071002dc3f1013ea047f3d60ee67790941294ebc8fe671ab8410,ONE_STEP:0,E1_REPLICA_GT_FINE,REPRESENTATIVE_HOLDOUT,B2_PLUS_TERMINAL_BACKUP,PRIMARY-CBF-FILTERED,EXECUTED_OR_SELECTED_HISTORICAL_CANDIDATE,PASS,True,PASS,FORMAL_SEGMENT_SAFE,"[3.7752410805733807,2.925234794616699,2.8936245160047287]","[3.7728790500611824,2.925234794616699,2.8949607719829076]",2.0024113814529363,CERTIFIED_SAFE,SEGMENT_EXACT_SAFE,EXACT_ANALYTIC_SPHERE_SEGMENT_MINIMUM,EXACT_ANALYTIC,3b318a98a454ec5c36410b3c41dfb3dd4a25b7b5a1899f1f2c939fbf24ad0e55,False,False
5eb08bc39edc1dfa4ddf4004db4f8174cc2fe239684899280e1c21b3d14946e0,PR89_NORMALIZED_ONE_STEP,PR89_NORMALIZED_ONE_STEP,E1_REPLICA_GT_FINE:B3_FULL_UNIFIED_WITH_DIRECTIONAL_ALTERNATIVES:335f65bf9144071002dc3f1013ea047f3d60ee67790941294ebc8fe671ab8410,ONE_STEP:0,E1_REPLICA_GT_FINE,REPRESENTATIVE_HOLDOUT,B3_FULL_UNIFIED_WITH_DIRECTIONAL_ALTERNATIVES,PRIMARY-CBF-FILTERED,EXECUTED_OR_SELECTED_HISTORICAL_CANDIDATE,PASS,True,PASS,FORMAL_SEGMENT_SAFE,"[3.7752410805733807,2.925234794616699,2.8936245160047287]","[3.7728790500611824,2.925234794616699,2.8949607719829076]",2.0024113814529363,CERTIFIED_SAFE,SEGMENT_EXACT_SAFE,EXACT_ANALYTIC_SPHERE_SEGMENT_MINIMUM,EXACT_ANALYTIC,3b318a98a454ec5c36410b3c41dfb3dd4a25b7b5a1899f1f2c939fbf24ad0e55,False,False
64b2ddc6cc66611e4d37805c298b596d1534564523c38ab2d7b73f125902fbf9,PR89_NORMALIZED_ONE_STEP,PR89_NORMALIZED_ONE_STEP,E1_REPLICA_GT_FINE:B1_PLUS_SWEPT_SEGMENT:33fb1aa673c9e34836e4fa921353c35316f525bc61d20a670c981bfc6c512c77,ONE_STEP:0,E1_REPLICA_GT_FINE,REPRESENTATIVE_HOLDOUT,B1_PLUS_SWEPT_SEGMENT,PRIMARY-CBF-FILTERED,EXECUTED_OR_SELECTED_HISTORICAL_CANDIDATE,PASS,True,PASS,FORMAL_SEGMENT_SAFE,"[0.08455426940155114,0.12523484230041504,2.589219716801827]","[0.08620058445847352,0.12523484230041504,2.591390895928747]",0.3700813049652473,CERTIFIED_SAFE,SEGMENT_EXACT_SAFE,EXACT_ANALYTIC_SPHERE_SEGMENT_MINIMUM,EXACT_ANALYTIC,3b318a98a454ec5c36410b3c41dfb3dd4a25b7b5a1899f1f2c939fbf24ad0e55,False,False
fc66f5b284d0094d30522a3e57ce18a2cbf89f6268000e119fe0e5e2b2f1abb3,PR89_NORMALIZED_ONE_STEP,PR89_NORMALIZED_ONE_STEP,E1_REPLICA_GT_FINE:B2_PLUS_TERMINAL_BACKUP:33fb1aa673c9e34836e4fa921353c35316f525bc61d20a670c981bfc6c512c77,ONE_STEP:0,E1_REPLICA_GT_FINE,REPRESENTATIVE_HOLDOUT,B2_PLUS_TERMINAL_BACKUP,PRIMARY-CBF-FILTERED,EXECUTED_OR_SELECTED_HISTORICAL_CANDIDATE,PASS,True,PASS,FORMAL_SEGMENT_SAFE,"[0.08455426940155114,0.12523484230041504,2.589219716801827]","[0.08620058445847352,0.12523484230041504,2.591390895928747]",0.3700813049652473,CERTIFIED_SAFE,SEGMENT_EXACT_SAFE,EXACT_ANALYTIC_SPHERE_SEGMENT_MINIMUM,EXACT_ANALYTIC,3b318a98a454ec5c36410b3c41dfb3dd4a25b7b5a1899f1f2c939fbf24ad0e55,False,False
f80b6884aeabb19ad106f5b758a01325f942fc0e035f79a8226e29b4a65d5b70,PR89_NORMALIZED_ONE_STEP,PR89_NORMALIZED_ONE_STEP,E1_REPLICA_GT_FINE:B3_FULL_UNIFIED_WITH_DIRECTIONAL_ALTERNATIVES:33fb1aa673c9e34836e4fa921353c35316f525bc61d20a670c981bfc6c512c77,ONE_STEP:0,E1_REPLICA_GT_FINE,REPRESENTATIVE_HOLDOUT,B3_FULL_UNIFIED_WITH_DIRECTIONAL_ALTERNATIVES,PRIMARY-CBF-FILTERED,EXECUTED_OR_SELECTED_HISTORICAL_CANDIDATE,PASS,True,PASS,FORMAL_SEGMENT_SAFE,"[0.08455426940155114,0.12523484230041504,2.589219716801827]","[0.08620058445847352,0.12523484230041504,2.591390895928747]",0.3700813049652473,CERTIFIED_SAFE,SEGMENT_EXACT_SAFE,EXACT_ANALYTIC_SPHERE_SEGMENT_MINIMUM,EXACT_ANALYTIC,3b318a98a454ec5c36410b3c41dfb3dd4a25b7b5a1899f1f2c939fbf24ad0e55,False,False
d9e77a8cd40043ac14386aeaf4ff8f525d1e4ba8dfc98bc8dc1a822d630a3408,PR89_NORMALIZED_ONE_STEP,PR89_NORMALIZED_ONE_STEP,E1_REPLICA_GT_FINE:B1_PLUS_SWEPT_SEGMENT:360514be785617468ec5f627d1ee4169ca692bfb93ef970672b784a7d3800be1,ONE_STEP:0,E1_REPLICA_GT_FINE,REPRESENTATIVE_HOLDOUT,B1_PLUS_SWEPT_SEGMENT,PRIMARY-CBF-FILTERED,EXECUTED_OR_SELECTED_HISTORICAL_CANDIDATE,PASS,True,PASS,FORMAL_SEGMENT_SAFE,"[3.248617748953478,0.12523484230041504,-0.148976172265273]","[3.2478705682672615,0.12523484230041504,-0.15275380852589932]",0.2615417038829761,CERTIFIED_SAFE,SEGMENT_EXACT_SAFE,EXACT_ANALYTIC_SPHERE_SEGMENT_MINIMUM,EXACT_ANALYTIC,3b318a98a454ec5c36410b3c41dfb3dd4a25b7b5a1899f1f2c939fbf24ad0e55,False,False
699fcb1f5424a37f57da3e9e13bcfede21e0bf9c791189a2c9c80959c528c6b1,PR89_NORMALIZED_ONE_STEP,PR89_NORMALIZED_ONE_STEP,E1_REPLICA_GT_FINE:B2_PLUS_TERMINAL_BACKUP:360514be785617468ec5f627d1ee4169ca692bfb93ef970672b784a7d3800be1,ONE_STEP:0,E1_REPLICA_GT_FINE,REPRESENTATIVE_HOLDOUT,B2_PLUS_TERMINAL_BACKUP,PRIMARY-CBF-FILTERED,EXECUTED_OR_SELECTED_HISTORICAL_CANDIDATE,PASS,True,PASS,FORMAL_SEGMENT_SAFE,"[3.248617748953478,0.12523484230041504,-0.148976172265273]","[3.2478705682672615,0.12523484230041504,-0.15275380852589932]",0.2615417038829761,CERTIFIED_SAFE,SEGMENT_EXACT_SAFE,EXACT_ANALYTIC_SPHERE_SEGMENT_MINIMUM,EXACT_ANALYTIC,3b318a98a454ec5c36410b3c41dfb3dd4a25b7b5a1899f1f2c939fbf24ad0e55,False,False
a964ae755284f106cf97487e249ce68be1de56e5b97b677b14fa309f003bc595,PR89_NORMALIZED_ONE_STEP,PR89_NORMALIZED_ONE_STEP,E1_REPLICA_GT_FINE:B3_FULL_UNIFIED_WITH_DIRECTIONAL_ALTERNATIVES:360514be785617468ec5f627d1ee4169ca692bfb93ef970672b784a7d3800be1,ONE_STEP:0,E1_REPLICA_GT_FINE,REPRESENTATIVE_HOLDOUT,B3_FULL_UNIFIED_WITH_DIRECTIONAL_ALTERNATIVES,PRIMARY-CBF-FILTERED,EXECUTED_OR_SELECTED_HISTORICAL_CANDIDATE,PASS,True,PASS,FORMAL_SEGMENT_SAFE,"[3.248617748953478,0.12523484230041504,-0.148976172265273]","[3.2478705682672615,0.12523484230041504,-0.15275380852589932]",0.2615417038829761,CERTIFIED_SAFE,SEGMENT_EXACT_SAFE,EXACT_ANALYTIC_SPHERE_SEGMENT_MINIMUM,EXACT_ANALYTIC,3b318a98a454ec5c36410b3c41dfb3dd4a25b7b5a1899f1f2c939fbf24ad0e55,False,False
dc0f0b832b3d74a6596e32a8e32a62fee56f5eb5a50b30a36bb2334f77f16273,PR89_NORMALIZED_ONE_STEP,PR89_NORMALIZED_ONE_STEP,E1_REPLICA_GT_FINE:B1_PLUS_SWEPT_SEGMENT:3836c97635fd76445ce91a4f0f6b0675cc79bebdded4c011eb13febf75e48b89,ONE_STEP:0,E1_REPLICA_GT_FINE,REPRESENTATIVE_HOLDOUT,B1_PLUS_SWEPT_SEGMENT,PRIMARY-CBF-FILTERED,EXECUTED_OR_SELECTED_HISTORICAL_CANDIDATE,PASS,True,PASS,FORMAL_SEGMENT_SAFE,"[4.163683979136309,0.12523484230041504,0.5539608973552494]","[4.164445324300785,0.12523484230041504,0.5552826632883399]",0.1457961050818043,CERTIFIED_SAFE,SEGMENT_EXACT_SAFE,EXACT_ANALYTIC_SPHERE_SEGMENT_MINIMUM,EXACT_ANALYTIC,3b318a98a454ec5c36410b3c41dfb3dd4a25b7b5a1899f1f2c939fbf24ad0e55,False,False
890bcd517c036c3cf935c5adbd8a8b6b09d6d9ff43691ee1be0a0708673224ab,PR89_NORMALIZED_ONE_STEP,PR89_NORMALIZED_ONE_STEP,E1_REPLICA_GT_FINE:B2_PLUS_TERMINAL_BACKUP:3836c97635fd76445ce91a4f0f6b0675cc79bebdded4c011eb13febf75e48b89,ONE_STEP:0,E1_REPLICA_GT_FINE,REPRESENTATIVE_HOLDOUT,B2_PLUS_TERMINAL_BACKUP,PRIMARY-CBF-FILTERED,EXECUTED_OR_SELECTED_HISTORICAL_CANDIDATE,PASS,True,PASS,FORMAL_SEGMENT_SAFE,"[4.163683979136309,0.12523484230041504,0.5539608973552494]","[4.164445324300785,0.12523484230041504,0.5552826632883399]",0.1457961050818043,CERTIFIED_SAFE,SEGMENT_EXACT_SAFE,EXACT_ANALYTIC_SPHERE_SEGMENT_MINIMUM,EXACT_ANALYTIC,3b318a98a454ec5c36410b3c41dfb3dd4a25b7b5a1899f1f2c939fbf24ad0e55,False,False
303af3e91a2e4932249adba5075a11cf299696ea3f952c65eee0daecead408fd,PR89_NORMALIZED_ONE_STEP,PR89_NORMALIZED_ONE_STEP,E1_REPLICA_GT_FINE:B3_FULL_UNIFIED_WITH_DIRECTIONAL_ALTERNATIVES:3836c97635fd76445ce91a4f0f6b0675cc79bebdded4c011eb13febf75e48b89,ONE_STEP:0,E1_REPLICA_GT_FINE,REPRESENTATIVE_HOLDOUT,B3_FULL_UNIFIED_WITH_DIRECTIONAL_ALTERNATIVES,PRIMARY-CBF-FILTERED,EXECUTED_OR_SELECTED_HISTORICAL_CANDIDATE,PASS,True,PASS,FORMAL_SEGMENT_SAFE,"[4.163683979136309,0.12523484230041504,0.5539608973552494]","[4.164445324300785,0.12523484230041504,0.5552826632883399]",0.1457961050818043,CERTIFIED_SAFE,SEGMENT_EXACT_SAFE,EXACT_ANALYTIC_SPHERE_SEGMENT_MINIMUM,EXACT_ANALYTIC,3b318a98a454ec5c36410b3c41dfb3dd4a25b7b5a1899f1f2c939fbf24ad0e55,False,False
6ce286f0003e9490b294a59031104e19a9dd0adcf5ac868add37d6555a289847,PR89_NORMALIZED_ONE_STEP,PR89_NORMALIZED_ONE_STEP,E1_REPLICA_GT_FINE:B1_PLUS_SWEPT_SEGMENT:384f698221bfd95abf7809647f9af059593692e01323c99be12688aa8a7369f7,ONE_STEP:0,E1_REPLICA_GT_FINE,REPRESENTATIVE_HOLDOUT,B1_PLUS_SWEPT_SEGMENT,PRIMARY-CBF-FILTERED,EXECUTED_OR_SELECTED_HISTORICAL_CANDIDATE,PASS,True,PASS,FORMAL_SEGMENT_SAFE,"[-0.38488030433654785,2.925234794616699,0.32851992174983025]","[-0.3851301669100934,2.925234794616699,0.3282700591762847]",0.22276080008789673,CERTIFIED_SAFE,SEGMENT_EXACT_SAFE,EXACT_ANALYTIC_SPHERE_SEGMENT_MINIMUM,EXACT_ANALYTIC,3b318a98a454ec5c36410b3c41dfb3dd4a25b7b5a1899f1f2c939fbf24ad0e55,False,False
05553dc7b4bc616358afe44e6fb46f8f2b4f7d393ee8d2e8edae2a1a45ca4b23,PR89_NORMALIZED_ONE_STEP,PR89_NORMALIZED_ONE_STEP,E1_REPLICA_GT_FINE:B2_PLUS_TERMINAL_BACKUP:384f698221bfd95abf7809647f9af059593692e01323c99be12688aa8a7369f7,ONE_STEP:0,E1_REPLICA_GT_FINE,REPRESENTATIVE_HOLDOUT,B2_PLUS_TERMINAL_BACKUP,PRIMARY-CBF-FILTERED,LOGGED_NONEXECUTED_HISTORICAL_CANDIDATE,PASS,True,PASS,FORMAL_SEGMENT_SAFE,"[-0.38488030433654785,2.925234794616699,0.32851992174983025]","[-0.3851301669100934,2.925234794616699,0.3282700591762847]",0.22276080008789673,CERTIFIED_SAFE,SEGMENT_EXACT_SAFE,EXACT_ANALYTIC_SPHERE_SEGMENT_MINIMUM,EXACT_ANALYTIC,3b318a98a454ec5c36410b3c41dfb3dd4a25b7b5a1899f1f2c939fbf24ad0e55,False,False
b6cddf0bf287f84fbf5438976567d76f1a5196f47b25ffe4d8e0599278b034bc,PR89_NORMALIZED_ONE_STEP,PR89_NORMALIZED_ONE_STEP,E1_REPLICA_GT_FINE:B3_FULL_UNIFIED_WITH_DIRECTIONAL_ALTERNATIVES:384f698221bfd95abf7809647f9af059593692e01323c99be12688aa8a7369f7,ONE_STEP:0,E1_REPLICA_GT_FINE,REPRESENTATIVE_HOLDOUT,B3_FULL_UNIFIED_WITH_DIRECTIONAL_ALTERNATIVES,PRIMARY-CBF-FILTERED,LOGGED_NONEXECUTED_HISTORICAL_CANDIDATE,PASS,True,PASS,FORMAL_SEGMENT_SAFE,"[-0.38488030433654785,2.925234794616699,0.32851992174983025]","[-0.3851301669100934,2.925234794616699,0.3282700591762847]",0.22276080008789673,CERTIFIED_SAFE,SEGMENT_EXACT_SAFE,EXACT_ANALYTIC_SPHERE_SEGMENT_MINIMUM,EXACT_ANALYTIC,3b318a98a454ec5c36410b3c41dfb3dd4a25b7b5a1899f1f2c939fbf24ad0e55,False,False
855307946777dacea4644dade0a6d9621b29cbd284601f006ab980d97fb89646,PR89_NORMALIZED_ONE_STEP,PR89_NORMALIZED_ONE_STEP,E1_REPLICA_GT_FINE:B1_PLUS_SWEPT_SEGMENT:3897a95d3397d8f814095b3e53a31ba2896de2f87d8f9bc5c88bc5b8fdbc8f86,ONE_STEP:0,E1_REPLICA_GT_FINE,REPRESENTATIVE_HOLDOUT,B1_PLUS_SWEPT_SEGMENT,PRIMARY-CBF-FILTERED,EXECUTED_OR_SELECTED_HISTORICAL_CANDIDATE,PASS,True,PASS,FORMAL_SEGMENT_SAFE,"[0.9231962511830297,2.925234794616699,2.294014421011421]","[0.9239639068332738,2.9252347946168094,2.2989861296563796]",0.0832836351241378,CERTIFIED_SAFE,SEGMENT_EXACT_SAFE,EXACT_ANALYTIC_SPHERE_SEGMENT_MINIMUM,EXACT_ANALYTIC,3b318a98a454ec5c36410b3c41dfb3dd4a25b7b5a1899f1f2c939fbf24ad0e55,False,False
1d0af4d0e0d5789b13d143972aa24656a7d78e8fbc9e4e2287a40a79ca679806,PR89_NORMALIZED_ONE_STEP,PR89_NORMALIZED_ONE_STEP,E1_REPLICA_GT_FINE:B2_PLUS_TERMINAL_BACKUP:3897a95d3397d8f814095b3e53a31ba2896de2f87d8f9bc5c88bc5b8fdbc8f86,ONE_STEP:0,E1_REPLICA_GT_FINE,REPRESENTATIVE_HOLDOUT,B2_PLUS_TERMINAL_BACKUP,PRIMARY-CBF-FILTERED,EXECUTED_OR_SELECTED_HISTORICAL_CANDIDATE,PASS,True,PASS,FORMAL_SEGMENT_SAFE,"[0.9231962511830297,2.925234794616699,2.294014421011421]","[0.9239639068332738,2.9252347946168094,2.2989861296563796]",0.0832836351241378,CERTIFIED_SAFE,SEGMENT_EXACT_SAFE,EXACT_ANALYTIC_SPHERE_SEGMENT_MINIMUM,EXACT_ANALYTIC,3b318a98a454ec5c36410b3c41dfb3dd4a25b7b5a1899f1f2c939fbf24ad0e55,False,False
0a420fcfabc786eac71de73a43b9cb1b43dc02c9ac7f4c53e90cc94aa8d0c4fc,PR89_NORMALIZED_ONE_STEP,PR89_NORMALIZED_ONE_STEP,E1_REPLICA_GT_FINE:B3_FULL_UNIFIED_WITH_DIRECTIONAL_ALTERNATIVES:3897a95d3397d8f814095b3e53a31ba2896de2f87d8f9bc5c88bc5b8fdbc8f86,ONE_STEP:0,E1_REPLICA_GT_FINE,REPRESENTATIVE_HOLDOUT,B3_FULL_UNIFIED_WITH_DIRECTIONAL_ALTERNATIVES,PRIMARY-CBF-FILTERED,EXECUTED_OR_SELECTED_HISTORICAL_CANDIDATE,PASS,True,PASS,FORMAL_SEGMENT_SAFE,"[0.9231962511830297,2.925234794616699,2.294014421011421]","[0.9239639068332738,2.9252347946168094,2.2989861296563796]",0.0832836351241378,CERTIFIED_SAFE,SEGMENT_EXACT_SAFE,EXACT_ANALYTIC_SPHERE_SEGMENT_MINIMUM,EXACT_ANALYTIC,3b318a98a454ec5c36410b3c41dfb3dd4a25b7b5a1899f1f2c939fbf24ad0e55,False,False
67512b4155a618c0569939bb45e5c6186e8c1a91f52069650afcb6e306e68f6d,PR89_NORMALIZED_ONE_STEP,PR89_NORMALIZED_ONE_STEP,E1_REPLICA_GT_FINE:B1_PLUS_SWEPT_SEGMENT:3a00121189d4237a83cc0b825ec3fedae43705d0b0fc620e0f5b4df73d3a2742,ONE_STEP:0,E1_REPLICA_GT_FINE,REPRESENTATIVE_HOLDOUT,B1_PLUS_SWEPT_SEGMENT,PRIMARY-CBF-FILTERED,EXECUTED_OR_SELECTED_HISTORICAL_CANDIDATE,PASS,True,PASS,FORMAL_SEGMENT_SAFE,"[0.6213413774967194,2.925234794616699,1.7406535744667053]","[0.6215912400702649,2.925234794616699,1.74040371189316]",0.20167828715959096,CERTIFIED_SAFE,SEGMENT_EXACT_SAFE,EXACT_ANALYTIC_SPHERE_SEGMENT_MINIMUM,EXACT_ANALYTIC,3b318a98a454ec5c36410b3c41dfb3dd4a25b7b5a1899f1f2c939fbf24ad0e55,False,False
baba2f94cb2172e8ab231554da5f9e869d29ee5fc65ef23815fdb681d7921e56,PR89_NORMALIZED_ONE_STEP,PR89_NORMALIZED_ONE_STEP,E1_REPLICA_GT_FINE:B2_PLUS_TERMINAL_BACKUP:3a00121189d4237a83cc0b825ec3fedae43705d0b0fc620e0f5b4df73d3a2742,ONE_STEP:0,E1_REPLICA_GT_FINE,REPRESENTATIVE_HOLDOUT,B2_PLUS_TERMINAL_BACKUP,PRIMARY-CBF-FILTERED,LOGGED_NONEXECUTED_HISTORICAL_CANDIDATE,PASS,True,PASS,FORMAL_SEGMENT_SAFE,"[0.6213413774967194,2.925234794616699,1.7406535744667053]","[0.6215912400702649,2.925234794616699,1.74040371189316]",0.20167828715959096,CERTIFIED_SAFE,SEGMENT_EXACT_SAFE,EXACT_ANALYTIC_SPHERE_SEGMENT_MINIMUM,EXACT_ANALYTIC,3b318a98a454ec5c36410b3c41dfb3dd4a25b7b5a1899f1f2c939fbf24ad0e55,False,False
d3db9ca394e2547a745f6a84ae2fe5fa3ffe9dc1ae2fd7fece07bbb877d55743,PR89_NORMALIZED_ONE_STEP,PR89_NORMALIZED_ONE_STEP,E1_REPLICA_GT_FINE:B3_FULL_UNIFIED_WITH_DIRECTIONAL_ALTERNATIVES:3a00121189d4237a83cc0b825ec3fedae43705d0b0fc620e0f5b4df73d3a2742,ONE_STEP:0,E1_REPLICA_GT_FINE,REPRESENTATIVE_HOLDOUT,B3_FULL_UNIFIED_WITH_DIRECTIONAL_ALTERNATIVES,PRIMARY-CBF-FILTERED,LOGGED_NONEXECUTED_HISTORICAL_CANDIDATE,PASS,True,PASS,FORMAL_SEGMENT_SAFE,"[0.6213413774967194,2.925234794616699,1.7406535744667053]","[0.6215912400702649,2.925234794616699,1.74040371189316]",0.20167828715959096,CERTIFIED_SAFE,SEGMENT_EXACT_SAFE,EXACT_ANALYTIC_SPHERE_SEGMENT_MINIMUM,EXACT_ANALYTIC,3b318a98a454ec5c36410b3c41dfb3dd4a25b7b5a1899f1f2c939fbf24ad0e55,False,False
21ac8d865e4e1c80e9da9ca4b0d8cfbf56b5b8c1e1f4fe323a456c893d60dcb1,PR89_NORMALIZED_ONE_STEP,PR89_NORMALIZED_ONE_STEP,E1_REPLICA_GT_FINE:B1_PLUS_SWEPT_SEGMENT:3a070c6e900eab3adcf9eedd1f543aa20f9be30d28c7ef938a1808ef98cadcd3,ONE_STEP:0,E1_REPLICA_GT_FINE,REPRESENTATIVE_HOLDOUT,B1_PLUS_SWEPT_SEGMENT,PRIMARY-CBF-FILTERED,EXECUTED_OR_SELECTED_HISTORICAL_CANDIDATE,PASS,True,PASS,FORMAL_SEGMENT_SAFE,"[3.2598397050213714,2.925234794616699,1.7496358867513906]","[3.260855655027444,2.925234794616699,1.7533650714644604]",0.4710703450741702,CERTIFIED_SAFE,SEGMENT_EXACT_SAFE,EXACT_ANALYTIC_SPHERE_SEGMENT_MINIMUM,EXACT_ANALYTIC,3b318a98a454ec5c36410b3c41dfb3dd4a25b7b5a1899f1f2c939fbf24ad0e55,False,False
da930a38da1998b2d5a8ada12a8564b2feff0d9648cde4b4155687d1060288f8,PR89_NORMALIZED_ONE_STEP,PR89_NORMALIZED_ONE_STEP,E1_REPLICA_GT_FINE:B2_PLUS_TERMINAL_BACKUP:3a070c6e900eab3adcf9eedd1f543aa20f9be30d28c7ef938a1808ef98cadcd3,ONE_STEP:0,E1_REPLICA_GT_FINE,REPRESENTATIVE_HOLDOUT,B2_PLUS_TERMINAL_BACKUP,PRIMARY-CBF-FILTERED,EXECUTED_OR_SELECTED_HISTORICAL_CANDIDATE,PASS,True,PASS,FORMAL_SEGMENT_SAFE,"[3.2598397050213714,2.925234794616699,1.7496358867513906]","[3.260855655027444,2.925234794616699,1.7533650714644604]",0.4710703450741702,CERTIFIED_SAFE,SEGMENT_EXACT_SAFE,EXACT_ANALYTIC_SPHERE_SEGMENT_MINIMUM,EXACT_ANALYTIC,3b318a98a454ec5c36410b3c41dfb3dd4a25b7b5a1899f1f2c939fbf24ad0e55,False,False
6c9e5b03fbd819d24e25c1c80ace4b682722cbd75166ba40812ab555e5ec4bfd,PR89_NORMALIZED_ONE_STEP,PR89_NORMALIZED_ONE_STEP,E1_REPLICA_GT_FINE:B3_FULL_UNIFIED_WITH_DIRECTIONAL_ALTERNATIVES:3a070c6e900eab3adcf9eedd1f543aa20f9be30d28c7ef938a1808ef98cadcd3,ONE_STEP:0,E1_REPLICA_GT_FINE,REPRESENTATIVE_HOLDOUT,B3_FULL_UNIFIED_WITH_DIRECTIONAL_ALTERNATIVES,PRIMARY-CBF-FILTERED,EXECUTED_OR_SELECTED_HISTORICAL_CANDIDATE,PASS,True,PASS,FORMAL_SEGMENT_SAFE,"[3.2598397050213714,2.925234794616699,1.7496358867513906]","[3.260855655027444,2.925234794616699,1.7533650714644604]",0.4710703450741702,CERTIFIED_SAFE,SEGMENT_EXACT_SAFE,EXACT_ANALYTIC_SPHERE_SEGMENT_MINIMUM,EXACT_ANALYTIC,3b318a98a454ec5c36410b3c41dfb3dd4a25b7b5a1899f1f2c939fbf24ad0e55,False,False
f085b4fbefc5e4b7974ad3e99b8186c645333f940f9f939aa1e32d7b348be692,PR89_NORMALIZED_ONE_STEP,PR89_NORMALIZED_ONE_STEP,E1_REPLICA_GT_FINE:B1_PLUS_SWEPT_SEGMENT:3bc29522101f21d9eb27c4ef0870ea39eb11002cd4da0cbfafd8a38c2fd35fc8,ONE_STEP:0,E1_REPLICA_GT_FINE,REPRESENTATIVE_HOLDOUT,B1_PLUS_SWEPT_SEGMENT,PRIMARY-CBF-FILTERED,EXECUTED_OR_SELECTED_HISTORICAL_CANDIDATE,PASS,True,PASS,FORMAL_SEGMENT_SAFE,"[1.1943452209234238,2.925234794616699,1.6375038027763367]","[1.1945951166527136,2.925234794611493,1.6377536900740082]",0.09760139248267777,CERTIFIED_SAFE,SEGMENT_EXACT_SAFE,EXACT_ANALYTIC_SPHERE_SEGMENT_MINIMUM,EXACT_ANALYTIC,3b318a98a454ec5c36410b3c41dfb3dd4a25b7b5a1899f1f2c939fbf24ad0e55,False,False
e58dadafbe3749b0e1d77335dc3080629482f2ae3027cbfd33c997566aa7b5e2,PR89_NORMALIZED_ONE_STEP,PR89_NORMALIZED_ONE_STEP,E1_REPLICA_GT_FINE:B2_PLUS_TERMINAL_BACKUP:3bc29522101f21d9eb27c4ef0870ea39eb11002cd4da0cbfafd8a38c2fd35fc8,ONE_STEP:0,E1_REPLICA_GT_FINE,REPRESENTATIVE_HOLDOUT,B2_PLUS_TERMINAL_BACKUP,PRIMARY-CBF-FILTERED,LOGGED_NONEXECUTED_HISTORICAL_CANDIDATE,PASS,True,PASS,FORMAL_SEGMENT_SAFE,"[1.1943452209234238,2.925234794616699,1.6375038027763367]","[1.1945951166527136,2.925234794611493,1.6377536900740082]",0.09760139248267777,CERTIFIED_SAFE,SEGMENT_EXACT_SAFE,EXACT_ANALYTIC_SPHERE_SEGMENT_MINIMUM,EXACT_ANALYTIC,3b318a98a454ec5c36410b3c41dfb3dd4a25b7b5a1899f1f2c939fbf24ad0e55,False,False
ce26e64e3a7ad1f419249bb0e28d31077bff5e02e4abacab7ee0aaa775b9fd94,PR89_NORMALIZED_ONE_STEP,PR89_NORMALIZED_ONE_STEP,E1_REPLICA_GT_FINE:B3_FULL_UNIFIED_WITH_DIRECTIONAL_ALTERNATIVES:3bc29522101f21d9eb27c4ef0870ea39eb11002cd4da0cbfafd8a38c2fd35fc8,ONE_STEP:0,E1_REPLICA_GT_FINE,REPRESENTATIVE_HOLDOUT,B3_FULL_UNIFIED_WITH_DIRECTIONAL_ALTERNATIVES,PRIMARY-CBF-FILTERED,LOGGED_NONEXECUTED_HISTORICAL_CANDIDATE,PASS,True,PASS,FORMAL_SEGMENT_SAFE,"[1.1943452209234238,2.925234794616699,1.6375038027763367]","[1.1945951166527136,2.925234794611493,1.6377536900740082]",0.09760139248267777,CERTIFIED_SAFE,SEGMENT_EXACT_SAFE,EXACT_ANALYTIC_SPHERE_SEGMENT_MINIMUM,EXACT_ANALYTIC,3b318a98a454ec5c36410b3c41dfb3dd4a25b7b5a1899f1f2c939fbf24ad0e55,False,False
61989268e87f15e3a33fe10e54493ec1b931d8ab7c426abe5a2a080969625b09,PR89_NORMALIZED_ONE_STEP,PR89_NORMALIZED_ONE_STEP,E1_REPLICA_GT_FINE:B1_PLUS_SWEPT_SEGMENT:3cfeae91ed6572004e76d6fba726a35a3d6a8d48d5e131e809993e781fd277d2,ONE_STEP:0,E1_REPLICA_GT_FINE,REPRESENTATIVE_HOLDOUT,B1_PLUS_SWEPT_SEGMENT,PRIMARY-CBF-FILTERED,EXECUTED_OR_SELECTED_HISTORICAL_CANDIDATE,PASS,True,PASS,FORMAL_SEGMENT_SAFE,"[0.6400046348571777,0.12523484230041504,0.6425215005874634]","[0.6402544974307233,0.12523484230041504,0.6422716380139178]",0.17296774558497488,CERTIFIED_SAFE,SEGMENT_EXACT_SAFE,EXACT_ANALYTIC_SPHERE_SEGMENT_MINIMUM,EXACT_ANALYTIC,3b318a98a454ec5c36410b3c41dfb3dd4a25b7b5a1899f1f2c939fbf24ad0e55,False,False
c33a2bb75ba117db88a841265ec3a41c665bf284cd887921571979a0ca1be579,PR89_NORMALIZED_ONE_STEP,PR89_NORMALIZED_ONE_STEP,E1_REPLICA_GT_FINE:B2_PLUS_TERMINAL_BACKUP:3cfeae91ed6572004e76d6fba726a35a3d6a8d48d5e131e809993e781fd277d2,ONE_STEP:0,E1_REPLICA_GT_FINE,REPRESENTATIVE_HOLDOUT,B2_PLUS_TERMINAL_BACKUP,PRIMARY-CBF-FILTERED,LOGGED_NONEXECUTED_HISTORICAL_CANDIDATE,PASS,True,PASS,FORMAL_SEGMENT_SAFE,"[0.6400046348571777,0.12523484230041504,0.6425215005874634]","[0.6402544974307233,0.12523484230041504,0.6422716380139178]",0.17296774558497488,CERTIFIED_SAFE,SEGMENT_EXACT_SAFE,EXACT_ANALYTIC_SPHERE_SEGMENT_MINIMUM,EXACT_ANALYTIC,3b318a98a454ec5c36410b3c41dfb3dd4a25b7b5a1899f1f2c939fbf24ad0e55,False,False
4ccfd0e717fc8af69668fcbf43c3f776ba433d616d174d4ab8686c849ba13383,PR89_NORMALIZED_ONE_STEP,PR89_NORMALIZED_ONE_STEP,E1_REPLICA_GT_FINE:B3_FULL_UNIFIED_WITH_DIRECTIONAL_ALTERNATIVES:3cfeae91ed6572004e76d6fba726a35a3d6a8d48d5e131e809993e781fd277d2,ONE_STEP:0,E1_REPLICA_GT_FINE,REPRESENTATIVE_HOLDOUT,B3_FULL_UNIFIED_WITH_DIRECTIONAL_ALTERNATIVES,PRIMARY-CBF-FILTERED,LOGGED_NONEXECUTED_HISTORICAL_CANDIDATE,PASS,True,PASS,FORMAL_SEGMENT_SAFE,"[0.6400046348571777,0.12523484230041504,0.6425215005874634]","[0.6402544974307233,0.12523484230041504,0.6422716380139178]",0.17296774558497488,CERTIFIED_SAFE,SEGMENT_EXACT_SAFE,EXACT_ANALYTIC_SPHERE_SEGMENT_MINIMUM,EXACT_ANALYTIC,3b318a98a454ec5c36410b3c41dfb3dd4a25b7b5a1899f1f2c939fbf24ad0e55,False,False
c026d153408bcb3c91d33bb6c4d60527f95aee2b7b11042f1dff804513d8ee40,PR89_NORMALIZED_ONE_STEP,PR89_NORMALIZED_ONE_STEP,E1_REPLICA_GT_FINE:B1_PLUS_SWEPT_SEGMENT:3f0ae49f67739aa508d7b7891f8200f17489303e36e3b7c1d1ffb62ab00f4eba,ONE_STEP:0,E1_REPLICA_GT_FINE,REPRESENTATIVE_HOLDOUT,B1_PLUS_SWEPT_SEGMENT,PRIMARY-CBF-FILTERED,EXECUTED_OR_SELECTED_HISTORICAL_CANDIDATE,PASS,True,PASS,FORMAL_SEGMENT_SAFE,"[-0.22326528280973434,2.925234794616699,1.1850150227546692]","[-0.22351514538327985,2.925234794616699,1.1847651601811238]",0.2877967080656428,CERTIFIED_SAFE,SEGMENT_EXACT_SAFE,EXACT_ANALYTIC_SPHERE_SEGMENT_MINIMUM,EXACT_ANALYTIC,3b318a98a454ec5c36410b3c41dfb3dd4a25b7b5a1899f1f2c939fbf24ad0e55,False,False
ba64a0202920823c554e0717aeaea6900d9a8c3a5a44280a27194be2ea7c5701,PR89_NORMALIZED_ONE_STEP,PR89_NORMALIZED_ONE_STEP,E1_REPLICA_GT_FINE:B2_PLUS_TERMINAL_BACKUP:3f0ae49f67739aa508d7b7891f8200f17489303e36e3b7c1d1ffb62ab00f4eba,ONE_STEP:0,E1_REPLICA_GT_FINE,REPRESENTATIVE_HOLDOUT,B2_PLUS_TERMINAL_BACKUP,PRIMARY-CBF-FILTERED,LOGGED_NONEXECUTED_HISTORICAL_CANDIDATE,PASS,True,PASS,FORMAL_SEGMENT_SAFE,"[-0.22326528280973434,2.925234794616699,1.1850150227546692]","[-0.22351514538327985,2.925234794616699,1.1847651601811238]",0.2877967080656428,CERTIFIED_SAFE,SEGMENT_EXACT_SAFE,EXACT_ANALYTIC_SPHERE_SEGMENT_MINIMUM,EXACT_ANALYTIC,3b318a98a454ec5c36410b3c41dfb3dd4a25b7b5a1899f1f2c939fbf24ad0e55,False,False
cdec0dc45108dd8fe12625922e1a5a86ae398776492186cdfd4c03dc2d8bf9a0,PR89_NORMALIZED_ONE_STEP,PR89_NORMALIZED_ONE_STEP,E1_REPLICA_GT_FINE:B3_FULL_UNIFIED_WITH_DIRECTIONAL_ALTERNATIVES:3f0ae49f67739aa508d7b7891f8200f17489303e36e3b7c1d1ffb62ab00f4eba,ONE_STEP:0,E1_REPLICA_GT_FINE,REPRESENTATIVE_HOLDOUT,B3_FULL_UNIFIED_WITH_DIRECTIONAL_ALTERNATIVES,PRIMARY-CBF-FILTERED,LOGGED_NONEXECUTED_HISTORICAL_CANDIDATE,PASS,True,PASS,FORMAL_SEGMENT_SAFE,"[-0.22326528280973434,2.925234794616699,1.1850150227546692]","[-0.22351514538327985,2.925234794616699,1.1847651601811238]",0.2877967080656428,CERTIFIED_SAFE,SEGMENT_EXACT_SAFE,EXACT_ANALYTIC_SPHERE_SEGMENT_MINIMUM,EXACT_ANALYTIC,3b318a98a454ec5c36410b3c41dfb3dd4a25b7b5a1899f1f2c939fbf24ad0e55,False,False
2527ee812820a21f801f8de86c66188da66bbedc929baca9e53ea176fb6873b6,PR89_NORMALIZED_ONE_STEP,PR89_NORMALIZED_ONE_STEP,E1_REPLICA_GT_FINE:B1_PLUS_SWEPT_SEGMENT:404e9b51e12d42dec15caa60d2944c759ab091696e5cbd240fbd1b243a0f23a4,ONE_STEP:0,E1_REPLICA_GT_FINE,REPRESENTATIVE_HOLDOUT,B1_PLUS_SWEPT_SEGMENT,PRIMARY-CBF-FILTERED,EXECUTED_OR_SELECTED_HISTORICAL_CANDIDATE,PASS,True,PASS,FORMAL_SEGMENT_SAFE,"[4.101984977722168,2.925234794616699,2.597489356994629]","[4.102234840295713,2.925234794616699,2.5972394944210833]",2.5324778410649236,CERTIFIED_SAFE,SEGMENT_EXACT_SAFE,EXACT_ANALYTIC_SPHERE_SEGMENT_MINIMUM,EXACT_ANALYTIC,3b318a98a454ec5c36410b3c41dfb3dd4a25b7b5a1899f1f2c939fbf24ad0e55,False,False
d6f8d08a3490778345a7880c309d3123bf1506b090d764a97f3d23f5e3d4188e,PR89_NORMALIZED_ONE_STEP,PR89_NORMALIZED_ONE_STEP,E1_REPLICA_GT_FINE:B2_PLUS_TERMINAL_BACKUP:404e9b51e12d42dec15caa60d2944c759ab091696e5cbd240fbd1b243a0f23a4,ONE_STEP:0,E1_REPLICA_GT_FINE,REPRESENTATIVE_HOLDOUT,B2_PLUS_TERMINAL_BACKUP,PRIMARY-CBF-FILTERED,LOGGED_NONEXECUTED_HISTORICAL_CANDIDATE,PASS,True,PASS,FORMAL_SEGMENT_SAFE,"[4.101984977722168,2.925234794616699,2.597489356994629]","[4.102234840295713,2.925234794616699,2.5972394944210833]",2.5324778410649236,CERTIFIED_SAFE,SEGMENT_EXACT_SAFE,EXACT_ANALYTIC_SPHERE_SEGMENT_MINIMUM,EXACT_ANALYTIC,3b318a98a454ec5c36410b3c41dfb3dd4a25b7b5a1899f1f2c939fbf24ad0e55,False,False
03ab0890181a405e8a559dbd395835822f45dd0e00f8ebf38e4904bb984e2baf,PR89_NORMALIZED_ONE_STEP,PR89_NORMALIZED_ONE_STEP,E1_REPLICA_GT_FINE:B3_FULL_UNIFIED_WITH_DIRECTIONAL_ALTERNATIVES:404e9b51e12d42dec15caa60d2944c759ab091696e5cbd240fbd1b243a0f23a4,ONE_STEP:0,E1_REPLICA_GT_FINE,REPRESENTATIVE_HOLDOUT,B3_FULL_UNIFIED_WITH_DIRECTIONAL_ALTERNATIVES,PRIMARY-CBF-FILTERED,LOGGED_NONEXECUTED_HISTORICAL_CANDIDATE,PASS,True,PASS,FORMAL_SEGMENT_SAFE,"[4.101984977722168,2.925234794616699,2.597489356994629]","[4.102234840295713,2.925234794616699,2.5972394944210833]",2.5324778410649236,CERTIFIED_SAFE,SEGMENT_EXACT_SAFE,EXACT_ANALYTIC_SPHERE_SEGMENT_MINIMUM,EXACT_ANALYTIC,3b318a98a454ec5c36410b3c41dfb3dd4a25b7b5a1899f1f2c939fbf24ad0e55,False,False
2051d7497d13e905334d5b95a4e8b419f6fd04e7ea81ddf47cfa0a3aa39052d5,PR89_NORMALIZED_ONE_STEP,PR89_NORMALIZED_ONE_STEP,E1_REPLICA_GT_FINE:B1_PLUS_SWEPT_SEGMENT:42943f603fd47daaed71c6e166d227c4ac377b64eedf9c8d8b8a7efe6190ef68,ONE_STEP:0,E1_REPLICA_GT_FINE,REPRESENTATIVE_HOLDOUT,B1_PLUS_SWEPT_SEGMENT,PRIMARY-CBF-FILTERED,EXECUTED_OR_SELECTED_HISTORICAL_CANDIDATE,PASS,True,PASS,FORMAL_SEGMENT_SAFE,"[0.30123618650861383,0.12523484230041504,2.238661894903163]","[0.29861909881801896,0.1252348423000325,2.2382181919576376]",0.05774903204312776,CERTIFIED_SAFE,SEGMENT_EXACT_SAFE,EXACT_ANALYTIC_SPHERE_SEGMENT_MINIMUM,EXACT_ANALYTIC,3b318a98a454ec5c36410b3c41dfb3dd4a25b7b5a1899f1f2c939fbf24ad0e55,False,False
0366b9ab7c3a19cbe3bd7c351f5d384053a2f01ed3f09a025b56008c44c122e5,PR89_NORMALIZED_ONE_STEP,PR89_NORMALIZED_ONE_STEP,E1_REPLICA_GT_FINE:B2_PLUS_TERMINAL_BACKUP:42943f603fd47daaed71c6e166d227c4ac377b64eedf9c8d8b8a7efe6190ef68,ONE_STEP:0,E1_REPLICA_GT_FINE,REPRESENTATIVE_HOLDOUT,B2_PLUS_TERMINAL_BACKUP,PRIMARY-CBF-FILTERED,EXECUTED_OR_SELECTED_HISTORICAL_CANDIDATE,PASS,True,PASS,FORMAL_SEGMENT_SAFE,"[0.30123618650861383,0.12523484230041504,2.238661894903163]","[0.29861909881801896,0.1252348423000325,2.2382181919576376]",0.05774903204312776,CERTIFIED_SAFE,SEGMENT_EXACT_SAFE,EXACT_ANALYTIC_SPHERE_SEGMENT_MINIMUM,EXACT_ANALYTIC,3b318a98a454ec5c36410b3c41dfb3dd4a25b7b5a1899f1f2c939fbf24ad0e55,False,False
d408e7c53d4cb83a063749111873e6fa3842eb201ba2857767fe0c407db027df,PR89_NORMALIZED_ONE_STEP,PR89_NORMALIZED_ONE_STEP,E1_REPLICA_GT_FINE:B3_FULL_UNIFIED_WITH_DIRECTIONAL_ALTERNATIVES:42943f603fd47daaed71c6e166d227c4ac377b64eedf9c8d8b8a7efe6190ef68,ONE_STEP:0,E1_REPLICA_GT_FINE,REPRESENTATIVE_HOLDOUT,B3_FULL_UNIFIED_WITH_DIRECTIONAL_ALTERNATIVES,PRIMARY-CBF-FILTERED,EXECUTED_OR_SELECTED_HISTORICAL_CANDIDATE,PASS,True,PASS,FORMAL_SEGMENT_SAFE,"[0.30123618650861383,0.12523484230041504,2.238661894903163]","[0.29861909881801896,0.1252348423000325,2.2382181919576376]",0.05774903204312776,CERTIFIED_SAFE,SEGMENT_EXACT_SAFE,EXACT_ANALYTIC_SPHERE_SEGMENT_MINIMUM,EXACT_ANALYTIC,3b318a98a454ec5c36410b3c41dfb3dd4a25b7b5a1899f1f2c939fbf24ad0e55,False,False
f3144612a59893fa785ad0cc377626bab6716d86e9a0773fe3a7892c90a6f2d3,PR89_NORMALIZED_ONE_STEP,PR89_NORMALIZED_ONE_STEP,E1_REPLICA_GT_FINE:B1_PLUS_SWEPT_SEGMENT:4694bc0fd3a181d43e8c59b70fa5deb320ff3149609d2f0d8311e53f55524087,ONE_STEP:0,E1_REPLICA_GT_FINE,REPRESENTATIVE_HOLDOUT,B1_PLUS_SWEPT_SEGMENT,PRIMARY-CBF-FILTERED,EXECUTED_OR_SELECTED_HISTORICAL_CANDIDATE,PASS,True,PASS,FORMAL_SEGMENT_SAFE,"[-0.08015295343334258,0.12523484230041504,-1.1429344614539376]","[-0.07770699715167902,0.125234842300417,-1.1417798062679547]",0.07190715538913019,CERTIFIED_SAFE,SEGMENT_EXACT_SAFE,EXACT_ANALYTIC_SPHERE_SEGMENT_MINIMUM,EXACT_ANALYTIC,3b318a98a454ec5c36410b3c41dfb3dd4a25b7b5a1899f1f2c939fbf24ad0e55,False,False
c5a50aefa7085f7c5e68eb0d2cae66158c0d37cc575f605c4dd995bff85dfbe3,PR89_NORMALIZED_ONE_STEP,PR89_NORMALIZED_ONE_STEP,E1_REPLICA_GT_FINE:B2_PLUS_TERMINAL_BACKUP:4694bc0fd3a181d43e8c59b70fa5deb320ff3149609d2f0d8311e53f55524087,ONE_STEP:0,E1_REPLICA_GT_FINE,REPRESENTATIVE_HOLDOUT,B2_PLUS_TERMINAL_BACKUP,PRIMARY-CBF-FILTERED,EXECUTED_OR_SELECTED_HISTORICAL_CANDIDATE,PASS,True,PASS,FORMAL_SEGMENT_SAFE,"[-0.08015295343334258,0.12523484230041504,-1.1429344614539376]","[-0.07770699715167902,0.125234842300417,-1.1417798062679547]",0.07190715538913019,CERTIFIED_SAFE,SEGMENT_EXACT_SAFE,EXACT_ANALYTIC_SPHERE_SEGMENT_MINIMUM,EXACT_ANALYTIC,3b318a98a454ec5c36410b3c41dfb3dd4a25b7b5a1899f1f2c939fbf24ad0e55,False,False
8f285d356701218ba9ea4b9785e8f05315d41ae22db23d218c5f15d8c0d01fa6,PR89_NORMALIZED_ONE_STEP,PR89_NORMALIZED_ONE_STEP,E1_REPLICA_GT_FINE:B3_FULL_UNIFIED_WITH_DIRECTIONAL_ALTERNATIVES:4694bc0fd3a181d43e8c59b70fa5deb320ff3149609d2f0d8311e53f55524087,ONE_STEP:0,E1_REPLICA_GT_FINE,REPRESENTATIVE_HOLDOUT,B3_FULL_UNIFIED_WITH_DIRECTIONAL_ALTERNATIVES,PRIMARY-CBF-FILTERED,EXECUTED_OR_SELECTED_HISTORICAL_CANDIDATE,PASS,True,PASS,FORMAL_SEGMENT_SAFE,"[-0.08015295343334258,0.12523484230041504,-1.1429344614539376]","[-0.07770699715167902,0.125234842300417,-1.1417798062679547]",0.07190715538913019,CERTIFIED_SAFE,SEGMENT_EXACT_SAFE,EXACT_ANALYTIC_SPHERE_SEGMENT_MINIMUM,EXACT_ANALYTIC,3b318a98a454ec5c36410b3c41dfb3dd4a25b7b5a1899f1f2c939fbf24ad0e55,False,False
86e4309cd220d760b68c2cc13d52ce79206363964c5926b2f053a16c7dd283fa,PR89_NORMALIZED_ONE_STEP,PR89_NORMALIZED_ONE_STEP,E1_REPLICA_GT_FINE:B1_PLUS_SWEPT_SEGMENT:47f0d8ed5c98e5cea69960c1b30c6b805296461e7fefa41c3076864bee586811,ONE_STEP:0,E1_REPLICA_GT_FINE,REPRESENTATIVE_HOLDOUT,B1_PLUS_SWEPT_SEGMENT,PRIMARY-CBF-FILTERED,EXECUTED_OR_SELECTED_HISTORICAL_CANDIDATE,PASS,True,PASS,FORMAL_SEGMENT_SAFE,"[3.4832247703563084,2.925234794616699,2.206345477824873]","[3.481934939421031,2.925234794616699,2.2039602081583123]",1.2604829704296028,CERTIFIED_SAFE,SEGMENT_EXACT_SAFE,EXACT_ANALYTIC_SPHERE_SEGMENT_MINIMUM,EXACT_ANALYTIC,3b318a98a454ec5c36410b3c41dfb3dd4a25b7b5a1899f1f2c939fbf24ad0e55,False,False
9b73c47b35b1e7aa683f936cc05e900ae318f5bfbff25d63f19e9fd728d07af3,PR89_NORMALIZED_ONE_STEP,PR89_NORMALIZED_ONE_STEP,E1_REPLICA_GT_FINE:B2_PLUS_TERMINAL_BACKUP:47f0d8ed5c98e5cea69960c1b30c6b805296461e7fefa41c3076864bee586811,ONE_STEP:0,E1_REPLICA_GT_FINE,REPRESENTATIVE_HOLDOUT,B2_PLUS_TERMINAL_BACKUP,PRIMARY-CBF-FILTERED,EXECUTED_OR_SELECTED_HISTORICAL_CANDIDATE,PASS,True,PASS,FORMAL_SEGMENT_SAFE,"[3.4832247703563084,2.925234794616699,2.206345477824873]","[3.481934939421031,2.925234794616699,2.2039602081583123]",1.2604829704296028,CERTIFIED_SAFE,SEGMENT_EXACT_SAFE,EXACT_ANALYTIC_SPHERE_SEGMENT_MINIMUM,EXACT_ANALYTIC,3b318a98a454ec5c36410b3c41dfb3dd4a25b7b5a1899f1f2c939fbf24ad0e55,False,False
b4943f5c274e06c429f75a2d61b06386926206136e9944813160967ef5ee9cc8,PR89_NORMALIZED_ONE_STEP,PR89_NORMALIZED_ONE_STEP,E1_REPLICA_GT_FINE:B3_FULL_UNIFIED_WITH_DIRECTIONAL_ALTERNATIVES:47f0d8ed5c98e5cea69960c1b30c6b805296461e7fefa41c3076864bee586811,ONE_STEP:0,E1_REPLICA_GT_FINE,REPRESENTATIVE_HOLDOUT,B3_FULL_UNIFIED_WITH_DIRECTIONAL_ALTERNATIVES,PRIMARY-CBF-FILTERED,EXECUTED_OR_SELECTED_HISTORICAL_CANDIDATE,PASS,True,PASS,FORMAL_SEGMENT_SAFE,"[3.4832247703563084,2.925234794616699,2.206345477824873]","[3.481934939421031,2.925234794616699,2.2039602081583123]",1.2604829704296028,CERTIFIED_SAFE,SEGMENT_EXACT_SAFE,EXACT_ANALYTIC_SPHERE_SEGMENT_MINIMUM,EXACT_ANALYTIC,3b318a98a454ec5c36410b3c41dfb3dd4a25b7b5a1899f1f2c939fbf24ad0e55,False,False
123073baea7fea7f1cebec9efa8e0e50558d94ef9b43f165e07bda15d42b0d39,PR89_NORMALIZED_ONE_STEP,PR89_NORMALIZED_ONE_STEP,E1_REPLICA_GT_FINE:B1_PLUS_SWEPT_SEGMENT:4968625f8301a7ef3715d6f4012b6d33fd7bb683a2bc2578f313758d161b2dfc,ONE_STEP:0,E1_REPLICA_GT_FINE,REPRESENTATIVE_HOLDOUT,B1_PLUS_SWEPT_SEGMENT,PRIMARY-CBF-FILTERED,EXECUTED_OR_SELECTED_HISTORICAL_CANDIDATE,PASS,True,PASS,FORMAL_SEGMENT_SAFE,"[0.31513419862206826,0.12523484230041504,2.3415263878028263]","[0.3108820287048689,0.12523484230082227,2.3443347341276843]",0.10963731958398686,CERTIFIED_SAFE,SEGMENT_EXACT_SAFE,EXACT_ANALYTIC_SPHERE_SEGMENT_MINIMUM,EXACT_ANALYTIC,3b318a98a454ec5c36410b3c41dfb3dd4a25b7b5a1899f1f2c939fbf24ad0e55,False,False
89677b60ec1f3260539d96f52a8441413f13666c77f305787444e6e1d3203015,PR89_NORMALIZED_ONE_STEP,PR89_NORMALIZED_ONE_STEP,E1_REPLICA_GT_FINE:B2_PLUS_TERMINAL_BACKUP:4968625f8301a7ef3715d6f4012b6d33fd7bb683a2bc2578f313758d161b2dfc,ONE_STEP:0,E1_REPLICA_GT_FINE,REPRESENTATIVE_HOLDOUT,B2_PLUS_TERMINAL_BACKUP,PRIMARY-CBF-FILTERED,EXECUTED_OR_SELECTED_HISTORICAL_CANDIDATE,PASS,True,PASS,FORMAL_SEGMENT_SAFE,"[0.31513419862206826,0.12523484230041504,2.3415263878028263]","[0.3108820287048689,0.12523484230082227,2.3443347341276843]",0.10963731958398686,CERTIFIED_SAFE,SEGMENT_EXACT_SAFE,EXACT_ANALYTIC_SPHERE_SEGMENT_MINIMUM,EXACT_ANALYTIC,3b318a98a454ec5c36410b3c41dfb3dd4a25b7b5a1899f1f2c939fbf24ad0e55,False,False
369fa8b68097ceca2502ceb10309167eb7b7ab0c44f21573bd33f72f4ed3d946,PR89_NORMALIZED_ONE_STEP,PR89_NORMALIZED_ONE_STEP,E1_REPLICA_GT_FINE:B3_FULL_UNIFIED_WITH_DIRECTIONAL_ALTERNATIVES:4968625f8301a7ef3715d6f4012b6d33fd7bb683a2bc2578f313758d161b2dfc,ONE_STEP:0,E1_REPLICA_GT_FINE,REPRESENTATIVE_HOLDOUT,B3_FULL_UNIFIED_WITH_DIRECTIONAL_ALTERNATIVES,PRIMARY-CBF-FILTERED,EXECUTED_OR_SELECTED_HISTORICAL_CANDIDATE,PASS,True,PASS,FORMAL_SEGMENT_SAFE,"[0.31513419862206826,0.12523484230041504,2.3415263878028263]","[0.3108820287048689,0.12523484230082227,2.3443347341276843]",0.10963731958398686,CERTIFIED_SAFE,SEGMENT_EXACT_SAFE,EXACT_ANALYTIC_SPHERE_SEGMENT_MINIMUM,EXACT_ANALYTIC,3b318a98a454ec5c36410b3c41dfb3dd4a25b7b5a1899f1f2c939fbf24ad0e55,False,False
abec7b8e8d2aa34115ad9fa231957cd845a434ceb773ed6591b5ef02774a13bd,PR89_NORMALIZED_ONE_STEP,PR89_NORMALIZED_ONE_STEP,E1_REPLICA_GT_FINE:B1_PLUS_SWEPT_SEGMENT:4a968f7dcc3e71b95ea76a55192207200b337eeb266a25462313c3ff6480c6de,ONE_STEP:0,E1_REPLICA_GT_FINE,REPRESENTATIVE_HOLDOUT,B1_PLUS_SWEPT_SEGMENT,PRIMARY-CBF-FILTERED,EXECUTED_OR_SELECTED_HISTORICAL_CANDIDATE,PASS,True,PASS,FORMAL_SEGMENT_SAFE,"[0.4133660618908539,2.925234794616699,1.1192555854290533]","[0.4103537932322463,2.925234794616699,1.1217553138772447]",0.19961143555468663,CERTIFIED_SAFE,SEGMENT_EXACT_SAFE,EXACT_ANALYTIC_SPHERE_SEGMENT_MINIMUM,EXACT_ANALYTIC,3b318a98a454ec5c36410b3c41dfb3dd4a25b7b5a1899f1f2c939fbf24ad0e55,False,False
0c790a3fbb28cd436abc104144c5613015ea8e066e3d3132977b0476a2887bd7,PR89_NORMALIZED_ONE_STEP,PR89_NORMALIZED_ONE_STEP,E1_REPLICA_GT_FINE:B2_PLUS_TERMINAL_BACKUP:4a968f7dcc3e71b95ea76a55192207200b337eeb266a25462313c3ff6480c6de,ONE_STEP:0,E1_REPLICA_GT_FINE,REPRESENTATIVE_HOLDOUT,B2_PLUS_TERMINAL_BACKUP,PRIMARY-CBF-FILTERED,EXECUTED_OR_SELECTED_HISTORICAL_CANDIDATE,PASS,True,PASS,FORMAL_SEGMENT_SAFE,"[0.4133660618908539,2.925234794616699,1.1192555854290533]","[0.4103537932322463,2.925234794616699,1.1217553138772447]",0.19961143555468663,CERTIFIED_SAFE,SEGMENT_EXACT_SAFE,EXACT_ANALYTIC_SPHERE_SEGMENT_MINIMUM,EXACT_ANALYTIC,3b318a98a454ec5c36410b3c41dfb3dd4a25b7b5a1899f1f2c939fbf24ad0e55,False,False
52a44585d324fec73f692343ee5eca6a0fe91ba16d364d6c24743020539094f0,PR89_NORMALIZED_ONE_STEP,PR89_NORMALIZED_ONE_STEP,E1_REPLICA_GT_FINE:B3_FULL_UNIFIED_WITH_DIRECTIONAL_ALTERNATIVES:4a968f7dcc3e71b95ea76a55192207200b337eeb266a25462313c3ff6480c6de,ONE_STEP:0,E1_REPLICA_GT_FINE,REPRESENTATIVE_HOLDOUT,B3_FULL_UNIFIED_WITH_DIRECTIONAL_ALTERNATIVES,PRIMARY-CBF-FILTERED,EXECUTED_OR_SELECTED_HISTORICAL_CANDIDATE,PASS,True,PASS,FORMAL_SEGMENT_SAFE,"[0.4133660618908539,2.925234794616699,1.1192555854290533]","[0.4103537932322463,2.925234794616699,1.1217553138772447]",0.19961143555468663,CERTIFIED_SAFE,SEGMENT_EXACT_SAFE,EXACT_ANALYTIC_SPHERE_SEGMENT_MINIMUM,EXACT_ANALYTIC,3b318a98a454ec5c36410b3c41dfb3dd4a25b7b5a1899f1f2c939fbf24ad0e55,False,False
7a5da8c416cafe69168756cba65425daa255017a2e6e1ff70d6db24cc53ce202,PR89_NORMALIZED_ONE_STEP,PR89_NORMALIZED_ONE_STEP,E1_REPLICA_GT_FINE:B1_PLUS_SWEPT_SEGMENT:4b44ab7beec09f1b6a0aff7840602db3f3f9d73069041b72969a90ad68611fc9,ONE_STEP:0,E1_REPLICA_GT_FINE,REPRESENTATIVE_HOLDOUT,B1_PLUS_SWEPT_SEGMENT,PRIMARY-CBF-FILTERED,EXECUTED_OR_SELECTED_HISTORICAL_CANDIDATE,PASS,True,PASS,FORMAL_SEGMENT_SAFE,"[3.3405472386788384,0.12523484230041504,-0.9498872203804403]","[3.3375050652054905,0.1252348423016139,-0.9523497242662295]",0.07607917329172487,CERTIFIED_SAFE,SEGMENT_EXACT_SAFE,EXACT_ANALYTIC_SPHERE_SEGMENT_MINIMUM,EXACT_ANALYTIC,3b318a98a454ec5c36410b3c41dfb3dd4a25b7b5a1899f1f2c939fbf24ad0e55,False,False
907eabea4823e425a5576d53f4c58500105a258d3bcbc74f7219c4481d5b85df,PR89_NORMALIZED_ONE_STEP,PR89_NORMALIZED_ONE_STEP,E1_REPLICA_GT_FINE:B2_PLUS_TERMINAL_BACKUP:4b44ab7beec09f1b6a0aff7840602db3f3f9d73069041b72969a90ad68611fc9,ONE_STEP:0,E1_REPLICA_GT_FINE,REPRESENTATIVE_HOLDOUT,B2_PLUS_TERMINAL_BACKUP,PRIMARY-CBF-FILTERED,EXECUTED_OR_SELECTED_HISTORICAL_CANDIDATE,PASS,True,PASS,FORMAL_SEGMENT_SAFE,"[3.3405472386788384,0.12523484230041504,-0.9498872203804403]","[3.3375050652054905,0.1252348423016139,-0.9523497242662295]",0.07607917329172487,CERTIFIED_SAFE,SEGMENT_EXACT_SAFE,EXACT_ANALYTIC_SPHERE_SEGMENT_MINIMUM,EXACT_ANALYTIC,3b318a98a454ec5c36410b3c41dfb3dd4a25b7b5a1899f1f2c939fbf24ad0e55,False,False
816423938623568e71b270220317b3b00cfcafd2d9e3f2b826ba1ec732f46c87,PR89_NORMALIZED_ONE_STEP,PR89_NORMALIZED_ONE_STEP,E1_REPLICA_GT_FINE:B3_FULL_UNIFIED_WITH_DIRECTIONAL_ALTERNATIVES:4b44ab7beec09f1b6a0aff7840602db3f3f9d73069041b72969a90ad68611fc9,ONE_STEP:0,E1_REPLICA_GT_FINE,REPRESENTATIVE_HOLDOUT,B3_FULL_UNIFIED_WITH_DIRECTIONAL_ALTERNATIVES,PRIMARY-CBF-FILTERED,EXECUTED_OR_SELECTED_HISTORICAL_CANDIDATE,PASS,True,PASS,FORMAL_SEGMENT_SAFE,"[3.3405472386788384,0.12523484230041504,-0.9498872203804403]","[3.3375050652054905,0.1252348423016139,-0.9523497242662295]",0.07607917329172487,CERTIFIED_SAFE,SEGMENT_EXACT_SAFE,EXACT_ANALYTIC_SPHERE_SEGMENT_MINIMUM,EXACT_ANALYTIC,3b318a98a454ec5c36410b3c41dfb3dd4a25b7b5a1899f1f2c939fbf24ad0e55,False,False
7cdabc8ac92a3d9be3f12a6df2c723370a26e5cc9f27f5d7ce90f01ace769af0,PR89_NORMALIZED_ONE_STEP,PR89_NORMALIZED_ONE_STEP,E1_REPLICA_GT_FINE:B1_PLUS_SWEPT_SEGMENT:4c2be3320444871cbcf00b92e0fb3794473e4e7a631f60dfff9465b99f5e9713,ONE_STEP:0,E1_REPLICA_GT_FINE,REPRESENTATIVE_HOLDOUT,B1_PLUS_SWEPT_SEGMENT,PRIMARY-CBF-FILTERED,EXECUTED_OR_SELECTED_HISTORICAL_CANDIDATE,PASS,True,PASS,FORMAL_SEGMENT_SAFE,"[0.4769184983155221,2.925234794616699,0.8147294760734997]","[0.4753381133064926,2.925234794616699,0.8169468857151847]",0.21687244410587367,CERTIFIED_SAFE,SEGMENT_EXACT_SAFE,EXACT_ANALYTIC_SPHERE_SEGMENT_MINIMUM,EXACT_ANALYTIC,3b318a98a454ec5c36410b3c41dfb3dd4a25b7b5a1899f1f2c939fbf24ad0e55,False,False
bdd5ca12825ed2f8a00d5318d94057de7775c6cd65a9e00cd3f4b5aeb2d5ee85,PR89_NORMALIZED_ONE_STEP,PR89_NORMALIZED_ONE_STEP,E1_REPLICA_GT_FINE:B2_PLUS_TERMINAL_BACKUP:4c2be3320444871cbcf00b92e0fb3794473e4e7a631f60dfff9465b99f5e9713,ONE_STEP:0,E1_REPLICA_GT_FINE,REPRESENTATIVE_HOLDOUT,B2_PLUS_TERMINAL_BACKUP,PRIMARY-CBF-FILTERED,EXECUTED_OR_SELECTED_HISTORICAL_CANDIDATE,PASS,True,PASS,FORMAL_SEGMENT_SAFE,"[0.4769184983155221,2.925234794616699,0.8147294760734997]","[0.4753381133064926,2.925234794616699,0.8169468857151847]",0.21687244410587367,CERTIFIED_SAFE,SEGMENT_EXACT_SAFE,EXACT_ANALYTIC_SPHERE_SEGMENT_MINIMUM,EXACT_ANALYTIC,3b318a98a454ec5c36410b3c41dfb3dd4a25b7b5a1899f1f2c939fbf24ad0e55,False,False
2b5b5211da6ae795419af788c043263bccadf1708505a454abbe71a594b762cd,PR89_NORMALIZED_ONE_STEP,PR89_NORMALIZED_ONE_STEP,E1_REPLICA_GT_FINE:B3_FULL_UNIFIED_WITH_DIRECTIONAL_ALTERNATIVES:4c2be3320444871cbcf00b92e0fb3794473e4e7a631f60dfff9465b99f5e9713,ONE_STEP:0,E1_REPLICA_GT_FINE,REPRESENTATIVE_HOLDOUT,B3_FULL_UNIFIED_WITH_DIRECTIONAL_ALTERNATIVES,PRIMARY-CBF-FILTERED,EXECUTED_OR_SELECTED_HISTORICAL_CANDIDATE,PASS,True,PASS,FORMAL_SEGMENT_SAFE,"[0.4769184983155221,2.925234794616699,0.8147294760734997]","[0.4753381133064926,2.925234794616699,0.8169468857151847]",0.21687244410587367,CERTIFIED_SAFE,SEGMENT_EXACT_SAFE,EXACT_ANALYTIC_SPHERE_SEGMENT_MINIMUM,EXACT_ANALYTIC,3b318a98a454ec5c36410b3c41dfb3dd4a25b7b5a1899f1f2c939fbf24ad0e55,False,False
1030fcfde3759d6c80a489583ba6c70432022bd2c816c2d29675b07abcfa0755,PR89_NORMALIZED_ONE_STEP,PR89_NORMALIZED_ONE_STEP,E1_REPLICA_GT_FINE:B1_PLUS_SWEPT_SEGMENT:4c41478b3e9caa74ffcf553fadb10fa68354176bb1fcacf585d52e5711ac1f85,ONE_STEP:0,E1_REPLICA_GT_FINE,REPRESENTATIVE_HOLDOUT,B1_PLUS_SWEPT_SEGMENT,PRIMARY-CBF-FILTERED,EXECUTED_OR_SELECTED_HISTORICAL_CANDIDATE,PASS,True,PASS,FORMAL_SEGMENT_SAFE,"[3.5402989387512207,0.12523484230041504,-0.49165043234825134]","[3.540049076177675,0.12523484230041504,-0.4919002949217969]",0.21841161594662464,CERTIFIED_SAFE,SEGMENT_EXACT_SAFE,EXACT_ANALYTIC_SPHERE_SEGMENT_MINIMUM,EXACT_ANALYTIC,3b318a98a454ec5c36410b3c41dfb3dd4a25b7b5a1899f1f2c939fbf24ad0e55,False,False
83f1e2968d64c6dd4b61727993a61775c1731589d3e092c4ecf0ab5aeb2b4d6c,PR89_NORMALIZED_ONE_STEP,PR89_NORMALIZED_ONE_STEP,E1_REPLICA_GT_FINE:B2_PLUS_TERMINAL_BACKUP:4c41478b3e9caa74ffcf553fadb10fa68354176bb1fcacf585d52e5711ac1f85,ONE_STEP:0,E1_REPLICA_GT_FINE,REPRESENTATIVE_HOLDOUT,B2_PLUS_TERMINAL_BACKUP,PRIMARY-CBF-FILTERED,LOGGED_NONEXECUTED_HISTORICAL_CANDIDATE,PASS,True,PASS,FORMAL_SEGMENT_SAFE,"[3.5402989387512207,0.12523484230041504,-0.49165043234825134]","[3.540049076177675,0.12523484230041504,-0.4919002949217969]",0.21841161594662464,CERTIFIED_SAFE,SEGMENT_EXACT_SAFE,EXACT_ANALYTIC_SPHERE_SEGMENT_MINIMUM,EXACT_ANALYTIC,3b318a98a454ec5c36410b3c41dfb3dd4a25b7b5a1899f1f2c939fbf24ad0e55,False,False
77ef2f5c1b850373f63eeb670f66e6af7d6ec57b8aa79d1f0a28ffbcd6e24ceb,PR89_NORMALIZED_ONE_STEP,PR89_NORMALIZED_ONE_STEP,E1_REPLICA_GT_FINE:B3_FULL_UNIFIED_WITH_DIRECTIONAL_ALTERNATIVES:4c41478b3e9caa74ffcf553fadb10fa68354176bb1fcacf585d52e5711ac1f85,ONE_STEP:0,E1_REPLICA_GT_FINE,REPRESENTATIVE_HOLDOUT,B3_FULL_UNIFIED_WITH_DIRECTIONAL_ALTERNATIVES,PRIMARY-CBF-FILTERED,LOGGED_NONEXECUTED_HISTORICAL_CANDIDATE,PASS,True,PASS,FORMAL_SEGMENT_SAFE,"[3.5402989387512207,0.12523484230041504,-0.49165043234825134]","[3.540049076177675,0.12523484230041504,-0.4919002949217969]",0.21841161594662464,CERTIFIED_SAFE,SEGMENT_EXACT_SAFE,EXACT_ANALYTIC_SPHERE_SEGMENT_MINIMUM,EXACT_ANALYTIC,3b318a98a454ec5c36410b3c41dfb3dd4a25b7b5a1899f1f2c939fbf24ad0e55,False,False
1452bead1f3002b7e2e77f68a33c0ac59e4550d77f904181403eb0ffb35ed8e0,PR89_NORMALIZED_ONE_STEP,PR89_NORMALIZED_ONE_STEP,E1_REPLICA_GT_FINE:B1_PLUS_SWEPT_SEGMENT:4f4a6a5b04b729af1e44ecb497e8ea16bdb3041fc7a8503783fc23d38f201709,ONE_STEP:0,E1_REPLICA_GT_FINE,REPRESENTATIVE_HOLDOUT,B1_PLUS_SWEPT_SEGMENT,PRIMARY-CBF-FILTERED,EXECUTED_OR_SELECTED_HISTORICAL_CANDIDATE,PASS,True,PASS,FORMAL_SEGMENT_SAFE,"[0.13580341637134552,0.12523484230041504,2.22512423992157]","[0.13555343500203473,0.1252348423015346,2.2248743655435823]",0.07550831915466165,CERTIFIED_SAFE,SEGMENT_EXACT_SAFE,EXACT_ANALYTIC_SPHERE_SEGMENT_MINIMUM,EXACT_ANALYTIC,3b318a98a454ec5c36410b3c41dfb3dd4a25b7b5a1899f1f2c939fbf24ad0e55,False,False
6e62ca98f74be33315a6554b6dc38e9f7b68d32f0d9244f7a4b0ab106b1f0715,PR89_NORMALIZED_ONE_STEP,PR89_NORMALIZED_ONE_STEP,E1_REPLICA_GT_FINE:B2_PLUS_TERMINAL_BACKUP:4f4a6a5b04b729af1e44ecb497e8ea16bdb3041fc7a8503783fc23d38f201709,ONE_STEP:0,E1_REPLICA_GT_FINE,REPRESENTATIVE_HOLDOUT,B2_PLUS_TERMINAL_BACKUP,PRIMARY-CBF-FILTERED,LOGGED_NONEXECUTED_HISTORICAL_CANDIDATE,PASS,True,PASS,FORMAL_SEGMENT_SAFE,"[0.13580341637134552,0.12523484230041504,2.22512423992157]","[0.13555343500203473,0.1252348423015346,2.2248743655435823]",0.07550831915466165,CERTIFIED_SAFE,SEGMENT_EXACT_SAFE,EXACT_ANALYTIC_SPHERE_SEGMENT_MINIMUM,EXACT_ANALYTIC,3b318a98a454ec5c36410b3c41dfb3dd4a25b7b5a1899f1f2c939fbf24ad0e55,False,False
1f5c0cc25dd287aa660d806226c7c0e5a39c02e73b327f116262501f9a32f53d,PR89_NORMALIZED_ONE_STEP,PR89_NORMALIZED_ONE_STEP,E1_REPLICA_GT_FINE:B3_FULL_UNIFIED_WITH_DIRECTIONAL_ALTERNATIVES:4f4a6a5b04b729af1e44ecb497e8ea16bdb3041fc7a8503783fc23d38f201709,ONE_STEP:0,E1_REPLICA_GT_FINE,REPRESENTATIVE_HOLDOUT,B3_FULL_UNIFIED_WITH_DIRECTIONAL_ALTERNATIVES,PRIMARY-CBF-FILTERED,LOGGED_NONEXECUTED_HISTORICAL_CANDIDATE,PASS,True,PASS,FORMAL_SEGMENT_SAFE,"[0.13580341637134552,0.12523484230041504,2.22512423992157]","[0.13555343500203473,0.1252348423015346,2.2248743655435823]",0.07550831915466165,CERTIFIED_SAFE,SEGMENT_EXACT_SAFE,EXACT_ANALYTIC_SPHERE_SEGMENT_MINIMUM,EXACT_ANALYTIC,3b318a98a454ec5c36410b3c41dfb3dd4a25b7b5a1899f1f2c939fbf24ad0e55,False,False
16fcf8235f2e6da5b989179a52873bb51fbf78beb0091d27700ec649a35f2f2c,PR89_NORMALIZED_ONE_STEP,PR89_NORMALIZED_ONE_STEP,E1_REPLICA_GT_FINE:B1_PLUS_SWEPT_SEGMENT:4f8493fd890064bef32029677a254723ccba9383aed01981ce69df51b517af7b,ONE_STEP:0,E1_REPLICA_GT_FINE,REPRESENTATIVE_HOLDOUT,B1_PLUS_SWEPT_SEGMENT,PRIMARY-CBF-FILTERED,EXECUTED_OR_SELECTED_HISTORICAL_CANDIDATE,PASS,True,PASS,FORMAL_SEGMENT_SAFE,"[3.59696227312088,2.925234794616699,2.439902901649475]","[3.5967124105473345,2.925234794616699,2.4396530390759295]",1.5367379438406674,CERTIFIED_SAFE,SEGMENT_EXACT_SAFE,EXACT_ANALYTIC_SPHERE_SEGMENT_MINIMUM,EXACT_ANALYTIC,3b318a98a454ec5c36410b3c41dfb3dd4a25b7b5a1899f1f2c939fbf24ad0e55,False,False
7bd24ea57b98187af19aacfc1ab593f576b078831c73ccc95d447c034db9f299,PR89_NORMALIZED_ONE_STEP,PR89_NORMALIZED_ONE_STEP,E1_REPLICA_GT_FINE:B2_PLUS_TERMINAL_BACKUP:4f8493fd890064bef32029677a254723ccba9383aed01981ce69df51b517af7b,ONE_STEP:0,E1_REPLICA_GT_FINE,REPRESENTATIVE_HOLDOUT,B2_PLUS_TERMINAL_BACKUP,PRIMARY-CBF-FILTERED,LOGGED_NONEXECUTED_HISTORICAL_CANDIDATE,PASS,True,PASS,FORMAL_SEGMENT_SAFE,"[3.59696227312088,2.925234794616699,2.439902901649475]","[3.5967124105473345,2.925234794616699,2.4396530390759295]",1.5367379438406674,CERTIFIED_SAFE,SEGMENT_EXACT_SAFE,EXACT_ANALYTIC_SPHERE_SEGMENT_MINIMUM,EXACT_ANALYTIC,3b318a98a454ec5c36410b3c41dfb3dd4a25b7b5a1899f1f2c939fbf24ad0e55,False,False
131d148eaa1033fc9aac9606a9dfb5995ae5db666a6a2cdb5c08279af50ae828,PR89_NORMALIZED_ONE_STEP,PR89_NORMALIZED_ONE_STEP,E1_REPLICA_GT_FINE:B3_FULL_UNIFIED_WITH_DIRECTIONAL_ALTERNATIVES:4f8493fd890064bef32029677a254723ccba9383aed01981ce69df51b517af7b,ONE_STEP:0,E1_REPLICA_GT_FINE,REPRESENTATIVE_HOLDOUT,B3_FULL_UNIFIED_WITH_DIRECTIONAL_ALTERNATIVES,PRIMARY-CBF-FILTERED,LOGGED_NONEXECUTED_HISTORICAL_CANDIDATE,PASS,True,PASS,FORMAL_SEGMENT_SAFE,"[3.59696227312088,2.925234794616699,2.439902901649475]","[3.5967124105473345,2.925234794616699,2.4396530390759295]",1.5367379438406674,CERTIFIED_SAFE,SEGMENT_EXACT_SAFE,EXACT_ANALYTIC_SPHERE_SEGMENT_MINIMUM,EXACT_ANALYTIC,3b318a98a454ec5c36410b3c41dfb3dd4a25b7b5a1899f1f2c939fbf24ad0e55,False,False
21ad12ceaf8ccf71a5b61b0d47c4bcadf2cd5c577f59d8587f7eead4ae6b4920,PR89_NORMALIZED_ONE_STEP,PR89_NORMALIZED_ONE_STEP,E1_REPLICA_GT_FINE:B1_PLUS_SWEPT_SEGMENT:50ce4559a50824bcadf22821b09817828f463d54ece9b16aaf9efa4994601f5d,ONE_STEP:0,E1_REPLICA_GT_FINE,REPRESENTATIVE_HOLDOUT,B1_PLUS_SWEPT_SEGMENT,PRIMARY-CBF-FILTERED,EXECUTED_OR_SELECTED_HISTORICAL_CANDIDATE,PASS,True,PASS,FORMAL_SEGMENT_SAFE,"[2.3984484173125447,2.925234794616699,1.7978921898962719]","[2.3934570380073836,2.92523479461714,1.798393307534578]",0.023258905100213743,CERTIFIED_SAFE,SEGMENT_EXACT_SAFE,EXACT_ANALYTIC_SPHERE_SEGMENT_MINIMUM,EXACT_ANALYTIC,3b318a98a454ec5c36410b3c41dfb3dd4a25b7b5a1899f1f2c939fbf24ad0e55,False,False
309864a9d3fc6fd1fdf97322fa96a113cf0cbadb491d6ee23ba56529dbe8a6d0,PR89_NORMALIZED_ONE_STEP,PR89_NORMALIZED_ONE_STEP,E1_REPLICA_GT_FINE:B2_PLUS_TERMINAL_BACKUP:50ce4559a50824bcadf22821b09817828f463d54ece9b16aaf9efa4994601f5d,ONE_STEP:0,E1_REPLICA_GT_FINE,REPRESENTATIVE_HOLDOUT,B2_PLUS_TERMINAL_BACKUP,PRIMARY-CBF-FILTERED,EXECUTED_OR_SELECTED_HISTORICAL_CANDIDATE,PASS,True,PASS,FORMAL_SEGMENT_SAFE,"[2.3984484173125447,2.925234794616699,1.7978921898962719]","[2.3934570380073836,2.92523479461714,1.798393307534578]",0.023258905100213743,CERTIFIED_SAFE,SEGMENT_EXACT_SAFE,EXACT_ANALYTIC_SPHERE_SEGMENT_MINIMUM,EXACT_ANALYTIC,3b318a98a454ec5c36410b3c41dfb3dd4a25b7b5a1899f1f2c939fbf24ad0e55,False,False
4a8250d865c6ec7aa62206cc7b395470f00ee2ba05533bec24d9bab9472d35f5,PR89_NORMALIZED_ONE_STEP,PR89_NORMALIZED_ONE_STEP,E1_REPLICA_GT_FINE:B3_FULL_UNIFIED_WITH_DIRECTIONAL_ALTERNATIVES:50ce4559a50824bcadf22821b09817828f463d54ece9b16aaf9efa4994601f5d,ONE_STEP:0,E1_REPLICA_GT_FINE,REPRESENTATIVE_HOLDOUT,B3_FULL_UNIFIED_WITH_DIRECTIONAL_ALTERNATIVES,PRIMARY-CBF-FILTERED,EXECUTED_OR_SELECTED_HISTORICAL_CANDIDATE,PASS,True,PASS,FORMAL_SEGMENT_SAFE,"[2.3984484173125447,2.925234794616699,1.7978921898962719]","[2.3934570380073836,2.92523479461714,1.798393307534578]",0.023258905100213743,CERTIFIED_SAFE,SEGMENT_EXACT_SAFE,EXACT_ANALYTIC_SPHERE_SEGMENT_MINIMUM,EXACT_ANALYTIC,3b318a98a454ec5c36410b3c41dfb3dd4a25b7b5a1899f1f2c939fbf24ad0e55,False,False
b53c3fc5d4a47c82e8c8ef890736d3d3f635092fa1e4ea3832d9b028bcc62cc1,PR89_NORMALIZED_ONE_STEP,PR89_NORMALIZED_ONE_STEP,E1_REPLICA_GT_FINE:B1_PLUS_SWEPT_SEGMENT:5110700a12f95f83c0f24d90602ab082baf6e173da9057e0db77cc11520be466,ONE_STEP:0,E1_REPLICA_GT_FINE,REPRESENTATIVE_HOLDOUT,B1_PLUS_SWEPT_SEGMENT,PRIMARY-CBF-FILTERED,EXECUTED_OR_SELECTED_HISTORICAL_CANDIDATE,PASS,True,PASS,FORMAL_SEGMENT_SAFE,"[0.5503468577484608,2.925234794616699,1.0842487753755519]","[0.5529044643158467,2.925234794616699,1.0834370137307954]",0.18534065257747698,CERTIFIED_SAFE,SEGMENT_EXACT_SAFE,EXACT_ANALYTIC_SPHERE_SEGMENT_MINIMUM,EXACT_ANALYTIC,3b318a98a454ec5c36410b3c41dfb3dd4a25b7b5a1899f1f2c939fbf24ad0e55,False,False
998a6b8f6cab6bf95901f0b3fa6d3c7ab25bf119d737eaadde352267efc3f51f,PR89_NORMALIZED_ONE_STEP,PR89_NORMALIZED_ONE_STEP,E1_REPLICA_GT_FINE:B2_PLUS_TERMINAL_BACKUP:5110700a12f95f83c0f24d90602ab082baf6e173da9057e0db77cc11520be466,ONE_STEP:0,E1_REPLICA_GT_FINE,REPRESENTATIVE_HOLDOUT,B2_PLUS_TERMINAL_BACKUP,PRIMARY-CBF-FILTERED,EXECUTED_OR_SELECTED_HISTORICAL_CANDIDATE,PASS,True,PASS,FORMAL_SEGMENT_SAFE,"[0.5503468577484608,2.925234794616699,1.0842487753755519]","[0.5529044643158467,2.925234794616699,1.0834370137307954]",0.18534065257747698,CERTIFIED_SAFE,SEGMENT_EXACT_SAFE,EXACT_ANALYTIC_SPHERE_SEGMENT_MINIMUM,EXACT_ANALYTIC,3b318a98a454ec5c36410b3c41dfb3dd4a25b7b5a1899f1f2c939fbf24ad0e55,False,False
64299bef88bde0693e3e2a4e21cc9a0748b35b42fd498fb74447afaedd1c5612,PR89_NORMALIZED_ONE_STEP,PR89_NORMALIZED_ONE_STEP,E1_REPLICA_GT_FINE:B3_FULL_UNIFIED_WITH_DIRECTIONAL_ALTERNATIVES:5110700a12f95f83c0f24d90602ab082baf6e173da9057e0db77cc11520be466,ONE_STEP:0,E1_REPLICA_GT_FINE,REPRESENTATIVE_HOLDOUT,B3_FULL_UNIFIED_WITH_DIRECTIONAL_ALTERNATIVES,PRIMARY-CBF-FILTERED,EXECUTED_OR_SELECTED_HISTORICAL_CANDIDATE,PASS,True,PASS,FORMAL_SEGMENT_SAFE,"[0.5503468577484608,2.925234794616699,1.0842487753755519]","[0.5529044643158467,2.925234794616699,1.0834370137307954]",0.18534065257747698,CERTIFIED_SAFE,SEGMENT_EXACT_SAFE,EXACT_ANALYTIC_SPHERE_SEGMENT_MINIMUM,EXACT_ANALYTIC,3b318a98a454ec5c36410b3c41dfb3dd4a25b7b5a1899f1f2c939fbf24ad0e55,False,False
69ec1534b75228062bd0d3eb22dc669a70e27b6556ef8f9c425fb9bb73fe585d,PR89_NORMALIZED_ONE_STEP,PR89_NORMALIZED_ONE_STEP,E1_REPLICA_GT_FINE:B1_PLUS_SWEPT_SEGMENT:5219b56e1e79adce342af442e4e7a5693f889d9991e47685bf9c9faa4454ccfb,ONE_STEP:0,E1_REPLICA_GT_FINE,REPRESENTATIVE_HOLDOUT,B1_PLUS_SWEPT_SEGMENT,PRIMARY-CBF-FILTERED,EXECUTED_OR_SELECTED_HISTORICAL_CANDIDATE,PASS,True,PASS,FORMAL_SEGMENT_SAFE,"[1.1121226493608218,0.12523484230041504,1.8353575326685354]","[1.1158100856713766,0.12523484231961088,1.8365431810298254]",0.013101056748178717,CERTIFIED_SAFE,SEGMENT_EXACT_SAFE,EXACT_ANALYTIC_SPHERE_SEGMENT_MINIMUM,EXACT_ANALYTIC,3b318a98a454ec5c36410b3c41dfb3dd4a25b7b5a1899f1f2c939fbf24ad0e55,False,False
33be16c81e9797fa2db1d5365e986a859c3ae2940afb2b60020b1e0243d97568,PR89_NORMALIZED_ONE_STEP,PR89_NORMALIZED_ONE_STEP,E1_REPLICA_GT_FINE:B2_PLUS_TERMINAL_BACKUP:5219b56e1e79adce342af442e4e7a5693f889d9991e47685bf9c9faa4454ccfb,ONE_STEP:0,E1_REPLICA_GT_FINE,REPRESENTATIVE_HOLDOUT,B2_PLUS_TERMINAL_BACKUP,PRIMARY-CBF-FILTERED,EXECUTED_OR_SELECTED_HISTORICAL_CANDIDATE,PASS,True,PASS,FORMAL_SEGMENT_SAFE,"[1.1121226493608218,0.12523484230041504,1.8353575326685354]","[1.1158100856713766,0.12523484231961088,1.8365431810298254]",0.013101056748178717,CERTIFIED_SAFE,SEGMENT_EXACT_SAFE,EXACT_ANALYTIC_SPHERE_SEGMENT_MINIMUM,EXACT_ANALYTIC,3b318a98a454ec5c36410b3c41dfb3dd4a25b7b5a1899f1f2c939fbf24ad0e55,False,False
f0f18eaf47dda56c65b88f6107812a0910c04b1ff2e9849eec116683f5ea5bb1,PR89_NORMALIZED_ONE_STEP,PR89_NORMALIZED_ONE_STEP,E1_REPLICA_GT_FINE:B3_FULL_UNIFIED_WITH_DIRECTIONAL_ALTERNATIVES:5219b56e1e79adce342af442e4e7a5693f889d9991e47685bf9c9faa4454ccfb,ONE_STEP:0,E1_REPLICA_GT_FINE,REPRESENTATIVE_HOLDOUT,B3_FULL_UNIFIED_WITH_DIRECTIONAL_ALTERNATIVES,PRIMARY-CBF-FILTERED,EXECUTED_OR_SELECTED_HISTORICAL_CANDIDATE,PASS,True,PASS,FORMAL_SEGMENT_SAFE,"[1.1121226493608218,0.12523484230041504,1.8353575326685354]","[1.1158100856713766,0.12523484231961088,1.8365431810298254]",0.013101056748178717,CERTIFIED_SAFE,SEGMENT_EXACT_SAFE,EXACT_ANALYTIC_SPHERE_SEGMENT_MINIMUM,EXACT_ANALYTIC,3b318a98a454ec5c36410b3c41dfb3dd4a25b7b5a1899f1f2c939fbf24ad0e55,False,False
8482aef2be81a826a40e3c0c07d108b235f9ba7d8d89301cfbf92a4b3c127396,PR89_NORMALIZED_ONE_STEP,PR89_NORMALIZED_ONE_STEP,E1_REPLICA_GT_FINE:B1_PLUS_SWEPT_SEGMENT:535eefa47566f65f0636b29eff2b662375408e555381e27cd6ca5a38251412f2,ONE_STEP:0,E1_REPLICA_GT_FINE,REPRESENTATIVE_HOLDOUT,B1_PLUS_SWEPT_SEGMENT,PRIMARY-CBF-FILTERED,EXECUTED_OR_SELECTED_HISTORICAL_CANDIDATE,PASS,True,PASS,FORMAL_SEGMENT_SAFE,"[2.1569961403584066,0.12523484230041504,3.1145293568800794]","[2.1571836707285725,0.12523484230041504,3.1107171014256605]",0.21449342087516898,CERTIFIED_SAFE,SEGMENT_EXACT_SAFE,EXACT_ANALYTIC_SPHERE_SEGMENT_MINIMUM,EXACT_ANALYTIC,3b318a98a454ec5c36410b3c41dfb3dd4a25b7b5a1899f1f2c939fbf24ad0e55,False,False
c17d94d49056627b213c772ab564f8b4fe63c2e4bf6953a70fb2af6078a01394,PR89_NORMALIZED_ONE_STEP,PR89_NORMALIZED_ONE_STEP,E1_REPLICA_GT_FINE:B2_PLUS_TERMINAL_BACKUP:535eefa47566f65f0636b29eff2b662375408e555381e27cd6ca5a38251412f2,ONE_STEP:0,E1_REPLICA_GT_FINE,REPRESENTATIVE_HOLDOUT,B2_PLUS_TERMINAL_BACKUP,PRIMARY-CBF-FILTERED,EXECUTED_OR_SELECTED_HISTORICAL_CANDIDATE,PASS,True,PASS,FORMAL_SEGMENT_SAFE,"[2.1569961403584066,0.12523484230041504,3.1145293568800794]","[2.1571836707285725,0.12523484230041504,3.1107171014256605]",0.21449342087516898,CERTIFIED_SAFE,SEGMENT_EXACT_SAFE,EXACT_ANALYTIC_SPHERE_SEGMENT_MINIMUM,EXACT_ANALYTIC,3b318a98a454ec5c36410b3c41dfb3dd4a25b7b5a1899f1f2c939fbf24ad0e55,False,False
0022e7ff2d6e2f9894d38569f4a702a48a78934bf00da7ff968b2b52c6e09799,PR89_NORMALIZED_ONE_STEP,PR89_NORMALIZED_ONE_STEP,E1_REPLICA_GT_FINE:B3_FULL_UNIFIED_WITH_DIRECTIONAL_ALTERNATIVES:535eefa47566f65f0636b29eff2b662375408e555381e27cd6ca5a38251412f2,ONE_STEP:0,E1_REPLICA_GT_FINE,REPRESENTATIVE_HOLDOUT,B3_FULL_UNIFIED_WITH_DIRECTIONAL_ALTERNATIVES,PRIMARY-CBF-FILTERED,EXECUTED_OR_SELECTED_HISTORICAL_CANDIDATE,PASS,True,PASS,FORMAL_SEGMENT_SAFE,"[2.1569961403584066,0.12523484230041504,3.1145293568800794]","[2.1571836707285725,0.12523484230041504,3.1107171014256605]",0.21449342087516898,CERTIFIED_SAFE,SEGMENT_EXACT_SAFE,EXACT_ANALYTIC_SPHERE_SEGMENT_MINIMUM,EXACT_ANALYTIC,3b318a98a454ec5c36410b3c41dfb3dd4a25b7b5a1899f1f2c939fbf24ad0e55,False,False
a47b4215eec102591990ec604defe8ff9362d8af987be44d403c41cc8a2c4a19,PR89_NORMALIZED_ONE_STEP,PR89_NORMALIZED_ONE_STEP,E1_REPLICA_GT_FINE:B1_PLUS_SWEPT_SEGMENT:5762860bef840504acefb56765f6bd7c8fb9d747c47fac0cd70de13aef864464,ONE_STEP:0,E1_REPLICA_GT_FINE,REPRESENTATIVE_HOLDOUT,B1_PLUS_SWEPT_SEGMENT,PRIMARY-CBF-FILTERED,EXECUTED_OR_SELECTED_HISTORICAL_CANDIDATE,PASS,True,PASS,FORMAL_SEGMENT_SAFE,"[-0.06554315261755031,2.925234794616699,1.279897171204169]","[-0.06782828022203927,2.925234794616699,1.2784228834144118]",0.2893664098036703,CERTIFIED_SAFE,SEGMENT_EXACT_SAFE,EXACT_ANALYTIC_SPHERE_SEGMENT_MINIMUM,EXACT_ANALYTIC,3b318a98a454ec5c36410b3c41dfb3dd4a25b7b5a1899f1f2c939fbf24ad0e55,False,False
0526837bfe2c6398013c636aeaf92affae58e3b45aaa3a8b15f97b82a16f112d,PR89_NORMALIZED_ONE_STEP,PR89_NORMALIZED_ONE_STEP,E1_REPLICA_GT_FINE:B2_PLUS_TERMINAL_BACKUP:5762860bef840504acefb56765f6bd7c8fb9d747c47fac0cd70de13aef864464,ONE_STEP:0,E1_REPLICA_GT_FINE,REPRESENTATIVE_HOLDOUT,B2_PLUS_TERMINAL_BACKUP,PRIMARY-CBF-FILTERED,EXECUTED_OR_SELECTED_HISTORICAL_CANDIDATE,PASS,True,PASS,FORMAL_SEGMENT_SAFE,"[-0.06554315261755031,2.925234794616699,1.279897171204169]","[-0.06782828022203927,2.925234794616699,1.2784228834144118]",0.2893664098036703,CERTIFIED_SAFE,SEGMENT_EXACT_SAFE,EXACT_ANALYTIC_SPHERE_SEGMENT_MINIMUM,EXACT_ANALYTIC,3b318a98a454ec5c36410b3c41dfb3dd4a25b7b5a1899f1f2c939fbf24ad0e55,False,False
8a8d6af7f9a288abe20bb4812cfbf7b60f6320de28637ea3e78eca27eb6cee0c,PR89_NORMALIZED_ONE_STEP,PR89_NORMALIZED_ONE_STEP,E1_REPLICA_GT_FINE:B3_FULL_UNIFIED_WITH_DIRECTIONAL_ALTERNATIVES:5762860bef840504acefb56765f6bd7c8fb9d747c47fac0cd70de13aef864464,ONE_STEP:0,E1_REPLICA_GT_FINE,REPRESENTATIVE_HOLDOUT,B3_FULL_UNIFIED_WITH_DIRECTIONAL_ALTERNATIVES,PRIMARY-CBF-FILTERED,EXECUTED_OR_SELECTED_HISTORICAL_CANDIDATE,PASS,True,PASS,FORMAL_SEGMENT_SAFE,"[-0.06554315261755031,2.925234794616699,1.279897171204169]","[-0.06782828022203927,2.925234794616699,1.2784228834144118]",0.2893664098036703,CERTIFIED_SAFE,SEGMENT_EXACT_SAFE,EXACT_ANALYTIC_SPHERE_SEGMENT_MINIMUM,EXACT_ANALYTIC,3b318a98a454ec5c36410b3c41dfb3dd4a25b7b5a1899f1f2c939fbf24ad0e55,False,False
f4dd7216e802823e3149209f4f414eba2099b4cd3e2907d047e136d693d12ddb,PR89_NORMALIZED_ONE_STEP,PR89_NORMALIZED_ONE_STEP,E1_REPLICA_GT_FINE:B1_PLUS_SWEPT_SEGMENT:5955840c212b4074ad46d065de442f1d835a0cd5be2975bee15ed83cf50eb0d0,ONE_STEP:0,E1_REPLICA_GT_FINE,REPRESENTATIVE_HOLDOUT,B1_PLUS_SWEPT_SEGMENT,PRIMARY-CBF-FILTERED,EXECUTED_OR_SELECTED_HISTORICAL_CANDIDATE,PASS,True,PASS,FORMAL_SEGMENT_SAFE,"[-0.4061771851086666,0.12523484230041504,-0.41971612227100175]","[-0.4027863347670741,0.12523484230009888,-0.42164733177100244]",0.04676667674120911,CERTIFIED_SAFE,SEGMENT_EXACT_SAFE,EXACT_ANALYTIC_SPHERE_SEGMENT_MINIMUM,EXACT_ANALYTIC,3b318a98a454ec5c36410b3c41dfb3dd4a25b7b5a1899f1f2c939fbf24ad0e55,False,False
0d61f45ddbd2e32adbd5f13cadfc94b5d01657300b9ded4f555d676a21738c96,PR89_NORMALIZED_ONE_STEP,PR89_NORMALIZED_ONE_STEP,E1_REPLICA_GT_FINE:B2_PLUS_TERMINAL_BACKUP:5955840c212b4074ad46d065de442f1d835a0cd5be2975bee15ed83cf50eb0d0,ONE_STEP:0,E1_REPLICA_GT_FINE,REPRESENTATIVE_HOLDOUT,B2_PLUS_TERMINAL_BACKUP,PRIMARY-CBF-FILTERED,EXECUTED_OR_SELECTED_HISTORICAL_CANDIDATE,PASS,True,PASS,FORMAL_SEGMENT_SAFE,"[-0.4061771851086666,0.12523484230041504,-0.41971612227100175]","[-0.4027863347670741,0.12523484230009888,-0.42164733177100244]",0.04676667674120911,CERTIFIED_SAFE,SEGMENT_EXACT_SAFE,EXACT_ANALYTIC_SPHERE_SEGMENT_MINIMUM,EXACT_ANALYTIC,3b318a98a454ec5c36410b3c41dfb3dd4a25b7b5a1899f1f2c939fbf24ad0e55,False,False
cee0f6048c3257ec75e3ae1597ae8bdfb1ffc9477d84a9477cc837f022a08645,PR89_NORMALIZED_ONE_STEP,PR89_NORMALIZED_ONE_STEP,E1_REPLICA_GT_FINE:B3_FULL_UNIFIED_WITH_DIRECTIONAL_ALTERNATIVES:5955840c212b4074ad46d065de442f1d835a0cd5be2975bee15ed83cf50eb0d0,ONE_STEP:0,E1_REPLICA_GT_FINE,REPRESENTATIVE_HOLDOUT,B3_FULL_UNIFIED_WITH_DIRECTIONAL_ALTERNATIVES,PRIMARY-CBF-FILTERED,EXECUTED_OR_SELECTED_HISTORICAL_CANDIDATE,PASS,True,PASS,FORMAL_SEGMENT_SAFE,"[-0.4061771851086666,0.12523484230041504,-0.41971612227100175]","[-0.4027863347670741,0.12523484230009888,-0.42164733177100244]",0.04676667674120911,CERTIFIED_SAFE,SEGMENT_EXACT_SAFE,EXACT_ANALYTIC_SPHERE_SEGMENT_MINIMUM,EXACT_ANALYTIC,3b318a98a454ec5c36410b3c41dfb3dd4a25b7b5a1899f1f2c939fbf24ad0e55,False,False
fbbe3e8348fc41613032428350e21d37ceace172c69137b20e53daab29c0ed1c,PR89_NORMALIZED_ONE_STEP,PR89_NORMALIZED_ONE_STEP,E1_REPLICA_GT_FINE:B1_PLUS_SWEPT_SEGMENT:5a458c889e9d40d98b421cd4b08dac9b9c062d421015930e2a72016a66d311c9,ONE_STEP:0,E1_REPLICA_GT_FINE,REPRESENTATIVE_HOLDOUT,B1_PLUS_SWEPT_SEGMENT,PRIMARY-CBF-FILTERED,EXECUTED_OR_SELECTED_HISTORICAL_CANDIDATE,PASS,True,PASS,FORMAL_SEGMENT_SAFE,"[0.7050329784884676,2.925234794616699,1.313364500195311]","[0.7072465470455775,2.925234794616699,1.3149505479087142]",0.21744432354164966,CERTIFIED_SAFE,SEGMENT_EXACT_SAFE,EXACT_ANALYTIC_SPHERE_SEGMENT_MINIMUM,EXACT_ANALYTIC,3b318a98a454ec5c36410b3c41dfb3dd4a25b7b5a1899f1f2c939fbf24ad0e55,False,False
6c1874d6c9a570146a02b196c385e1f32a1ef3ed869759fb767180d7244ec79b,PR89_NORMALIZED_ONE_STEP,PR89_NORMALIZED_ONE_STEP,E1_REPLICA_GT_FINE:B2_PLUS_TERMINAL_BACKUP:5a458c889e9d40d98b421cd4b08dac9b9c062d421015930e2a72016a66d311c9,ONE_STEP:0,E1_REPLICA_GT_FINE,REPRESENTATIVE_HOLDOUT,B2_PLUS_TERMINAL_BACKUP,PRIMARY-CBF-FILTERED,EXECUTED_OR_SELECTED_HISTORICAL_CANDIDATE,PASS,True,PASS,FORMAL_SEGMENT_SAFE,"[0.7050329784884676,2.925234794616699,1.313364500195311]","[0.7072465470455775,2.925234794616699,1.3149505479087142]",0.21744432354164966,CERTIFIED_SAFE,SEGMENT_EXACT_SAFE,EXACT_ANALYTIC_SPHERE_SEGMENT_MINIMUM,EXACT_ANALYTIC,3b318a98a454ec5c36410b3c41dfb3dd4a25b7b5a1899f1f2c939fbf24ad0e55,False,False
95728059d78c5294d7dab509b439fa89fed72a6c3ff1d17c667359468a66e0f1,PR89_NORMALIZED_ONE_STEP,PR89_NORMALIZED_ONE_STEP,E1_REPLICA_GT_FINE:B3_FULL_UNIFIED_WITH_DIRECTIONAL_ALTERNATIVES:5a458c889e9d40d98b421cd4b08dac9b9c062d421015930e2a72016a66d311c9,ONE_STEP:0,E1_REPLICA_GT_FINE,REPRESENTATIVE_HOLDOUT,B3_FULL_UNIFIED_WITH_DIRECTIONAL_ALTERNATIVES,PRIMARY-CBF-FILTERED,EXECUTED_OR_SELECTED_HISTORICAL_CANDIDATE,PASS,True,PASS,FORMAL_SEGMENT_SAFE,"[0.7050329784884676,2.925234794616699,1.313364500195311]","[0.7072465470455775,2.925234794616699,1.3149505479087142]",0.21744432354164966,CERTIFIED_SAFE,SEGMENT_EXACT_SAFE,EXACT_ANALYTIC_SPHERE_SEGMENT_MINIMUM,EXACT_ANALYTIC,3b318a98a454ec5c36410b3c41dfb3dd4a25b7b5a1899f1f2c939fbf24ad0e55,False,False
97233a0f61526cf72f6e697cbd7f6891d9a15215714b3bbaf6a152b5275e6b2a,PR89_NORMALIZED_ONE_STEP,PR89_NORMALIZED_ONE_STEP,E1_REPLICA_GT_FINE:B1_PLUS_SWEPT_SEGMENT:5aed8f1b0f82a40e77ab8f41bc83e06dde14f92d201c13930e879ab07102c28c,ONE_STEP:0,E1_REPLICA_GT_FINE,REPRESENTATIVE_HOLDOUT,B1_PLUS_SWEPT_SEGMENT,PRIMARY-CBF-FILTERED,EXECUTED_OR_SELECTED_HISTORICAL_CANDIDATE,PASS,True,PASS,FORMAL_SEGMENT_SAFE,"[1.9985645115375519,0.12523484230041504,3.410148501396179]","[1.9983145881218218,0.12523484230036672,3.40989862705196]",0.03746467162564966,CERTIFIED_SAFE,SEGMENT_EXACT_SAFE,EXACT_ANALYTIC_SPHERE_SEGMENT_MINIMUM,EXACT_ANALYTIC,3b318a98a454ec5c36410b3c41dfb3dd4a25b7b5a1899f1f2c939fbf24ad0e55,False,False
b7c9bfd6737bbcc08b83a10a7df4719442dd221b4404986ef2f933655b6e91c7,PR89_NORMALIZED_ONE_STEP,PR89_NORMALIZED_ONE_STEP,E1_REPLICA_GT_FINE:B2_PLUS_TERMINAL_BACKUP:5aed8f1b0f82a40e77ab8f41bc83e06dde14f92d201c13930e879ab07102c28c,ONE_STEP:0,E1_REPLICA_GT_FINE,REPRESENTATIVE_HOLDOUT,B2_PLUS_TERMINAL_BACKUP,PRIMARY-CBF-FILTERED,LOGGED_NONEXECUTED_HISTORICAL_CANDIDATE,PASS,True,PASS,FORMAL_SEGMENT_SAFE,"[1.9985645115375519,0.12523484230041504,3.410148501396179]","[1.9983145881218218,0.12523484230036672,3.40989862705196]",0.03746467162564966,CERTIFIED_SAFE,SEGMENT_EXACT_SAFE,EXACT_ANALYTIC_SPHERE_SEGMENT_MINIMUM,EXACT_ANALYTIC,3b318a98a454ec5c36410b3c41dfb3dd4a25b7b5a1899f1f2c939fbf24ad0e55,False,False
7c09439c48e0c1d816043110e9786de2d86b6a286bbb25b03a580078a6f98206,PR89_NORMALIZED_ONE_STEP,PR89_NORMALIZED_ONE_STEP,E1_REPLICA_GT_FINE:B3_FULL_UNIFIED_WITH_DIRECTIONAL_ALTERNATIVES:5aed8f1b0f82a40e77ab8f41bc83e06dde14f92d201c13930e879ab07102c28c,ONE_STEP:0,E1_REPLICA_GT_FINE,REPRESENTATIVE_HOLDOUT,B3_FULL_UNIFIED_WITH_DIRECTIONAL_ALTERNATIVES,PRIMARY-CBF-FILTERED,LOGGED_NONEXECUTED_HISTORICAL_CANDIDATE,PASS,True,PASS,FORMAL_SEGMENT_SAFE,"[1.9985645115375519,0.12523484230041504,3.410148501396179]","[1.9983145881218218,0.12523484230036672,3.40989862705196]",0.03746467162564966,CERTIFIED_SAFE,SEGMENT_EXACT_SAFE,EXACT_ANALYTIC_SPHERE_SEGMENT_MINIMUM,EXACT_ANALYTIC,3b318a98a454ec5c36410b3c41dfb3dd4a25b7b5a1899f1f2c939fbf24ad0e55,False,False
f61084328d2f7a594183a27bd8b742c8df02047d7450e8355065b70e2ba27fa9,PR89_NORMALIZED_ONE_STEP,PR89_NORMALIZED_ONE_STEP,E1_REPLICA_GT_FINE:B1_PLUS_SWEPT_SEGMENT:5baaf5a73c3b984563b7592dd57b5f940e5f4924f53695780ae5439abd53df08,ONE_STEP:0,E1_REPLICA_GT_FINE,REPRESENTATIVE_HOLDOUT,B1_PLUS_SWEPT_SEGMENT,PRIMARY-CBF-FILTERED,EXECUTED_OR_SELECTED_HISTORICAL_CANDIDATE,PASS,True,PASS,FORMAL_SEGMENT_SAFE,"[3.156373620033264,0.12523484230041504,-0.8034740798175335]","[3.1561236835404176,0.12523484230507362,-0.8037239685845627]",0.01267358512044666,CERTIFIED_SAFE,SEGMENT_EXACT_SAFE,EXACT_ANALYTIC_SPHERE_SEGMENT_MINIMUM,EXACT_ANALYTIC,3b318a98a454ec5c36410b3c41dfb3dd4a25b7b5a1899f1f2c939fbf24ad0e55,False,False
c0d138c30c51a237ae34160e28e3d70a090a9833820c5f841a5f6e7cccae4295,PR89_NORMALIZED_ONE_STEP,PR89_NORMALIZED_ONE_STEP,E1_REPLICA_GT_FINE:B2_PLUS_TERMINAL_BACKUP:5baaf5a73c3b984563b7592dd57b5f940e5f4924f53695780ae5439abd53df08,ONE_STEP:0,E1_REPLICA_GT_FINE,REPRESENTATIVE_HOLDOUT,B2_PLUS_TERMINAL_BACKUP,PRIMARY-CBF-FILTERED,LOGGED_NONEXECUTED_HISTORICAL_CANDIDATE,PASS,True,PASS,FORMAL_SEGMENT_SAFE,"[3.156373620033264,0.12523484230041504,-0.8034740798175335]","[3.1561236835404176,0.12523484230507362,-0.8037239685845627]",0.01267358512044666,CERTIFIED_SAFE,SEGMENT_EXACT_SAFE,EXACT_ANALYTIC_SPHERE_SEGMENT_MINIMUM,EXACT_ANALYTIC,3b318a98a454ec5c36410b3c41dfb3dd4a25b7b5a1899f1f2c939fbf24ad0e55,False,False
0ad5b24d5adc17e38bf3b4da58075bda3d3c33b1dc9f9c1153848c40ee61570d,PR89_NORMALIZED_ONE_STEP,PR89_NORMALIZED_ONE_STEP,E1_REPLICA_GT_FINE:B3_FULL_UNIFIED_WITH_DIRECTIONAL_ALTERNATIVES:5baaf5a73c3b984563b7592dd57b5f940e5f4924f53695780ae5439abd53df08,ONE_STEP:0,E1_REPLICA_GT_FINE,REPRESENTATIVE_HOLDOUT,B3_FULL_UNIFIED_WITH_DIRECTIONAL_ALTERNATIVES,PRIMARY-CBF-FILTERED,LOGGED_NONEXECUTED_HISTORICAL_CANDIDATE,PASS,True,PASS,FORMAL_SEGMENT_SAFE,"[3.156373620033264,0.12523484230041504,-0.8034740798175335]","[3.1561236835404176,0.12523484230507362,-0.8037239685845627]",0.01267358512044666,CERTIFIED_SAFE,SEGMENT_EXACT_SAFE,EXACT_ANALYTIC_SPHERE_SEGMENT_MINIMUM,EXACT_ANALYTIC,3b318a98a454ec5c36410b3c41dfb3dd4a25b7b5a1899f1f2c939fbf24ad0e55,False,False
7b9469cf2fea59492058eb01d4bca655550dc101cedfe112b6a1ce2c8d3e131d,PR89_NORMALIZED_ONE_STEP,PR89_NORMALIZED_ONE_STEP,E1_REPLICA_GT_FINE:B1_PLUS_SWEPT_SEGMENT:5c56537b879c342ad41dab6c2dc65d895e2cf9d9dbd2bf29d824a0ee182230b0,ONE_STEP:0,E1_REPLICA_GT_FINE,REPRESENTATIVE_HOLDOUT,B1_PLUS_SWEPT_SEGMENT,PRIMARY-CBF-FILTERED,EXECUTED_OR_SELECTED_HISTORICAL_CANDIDATE,PASS,True,PASS,FORMAL_SEGMENT_SAFE,"[0.8759021448565714,2.925234794616699,1.8626292116705112]","[0.8762815580783079,2.925234794616699,1.8640596388158848]",0.1611145977009959,CERTIFIED_SAFE,SEGMENT_EXACT_SAFE,EXACT_ANALYTIC_SPHERE_SEGMENT_MINIMUM,EXACT_ANALYTIC,3b318a98a454ec5c36410b3c41dfb3dd4a25b7b5a1899f1f2c939fbf24ad0e55,False,False
7c542dc5d4a2908121a174382c0acfd371b1e834be9d3abf696e7ddffd7af1cd,PR89_NORMALIZED_ONE_STEP,PR89_NORMALIZED_ONE_STEP,E1_REPLICA_GT_FINE:B2_PLUS_TERMINAL_BACKUP:5c56537b879c342ad41dab6c2dc65d895e2cf9d9dbd2bf29d824a0ee182230b0,ONE_STEP:0,E1_REPLICA_GT_FINE,REPRESENTATIVE_HOLDOUT,B2_PLUS_TERMINAL_BACKUP,PRIMARY-CBF-FILTERED,EXECUTED_OR_SELECTED_HISTORICAL_CANDIDATE,PASS,True,PASS,FORMAL_SEGMENT_SAFE,"[0.8759021448565714,2.925234794616699,1.8626292116705112]","[0.8762815580783079,2.925234794616699,1.8640596388158848]",0.1611145977009959,CERTIFIED_SAFE,SEGMENT_EXACT_SAFE,EXACT_ANALYTIC_SPHERE_SEGMENT_MINIMUM,EXACT_ANALYTIC,3b318a98a454ec5c36410b3c41dfb3dd4a25b7b5a1899f1f2c939fbf24ad0e55,False,False
20c9be6f7819a1e43633452dae8334ecb4f8bddd920f347c249aecf06bd57b0f,PR89_NORMALIZED_ONE_STEP,PR89_NORMALIZED_ONE_STEP,E1_REPLICA_GT_FINE:B3_FULL_UNIFIED_WITH_DIRECTIONAL_ALTERNATIVES:5c56537b879c342ad41dab6c2dc65d895e2cf9d9dbd2bf29d824a0ee182230b0,ONE_STEP:0,E1_REPLICA_GT_FINE,REPRESENTATIVE_HOLDOUT,B3_FULL_UNIFIED_WITH_DIRECTIONAL_ALTERNATIVES,PRIMARY-CBF-FILTERED,EXECUTED_OR_SELECTED_HISTORICAL_CANDIDATE,PASS,True,PASS,FORMAL_SEGMENT_SAFE,"[0.8759021448565714,2.925234794616699,1.8626292116705112]","[0.8762815580783079,2.925234794616699,1.8640596388158848]",0.1611145977009959,CERTIFIED_SAFE,SEGMENT_EXACT_SAFE,EXACT_ANALYTIC_SPHERE_SEGMENT_MINIMUM,EXACT_ANALYTIC,3b318a98a454ec5c36410b3c41dfb3dd4a25b7b5a1899f1f2c939fbf24ad0e55,False,False
c01119e15d6e4f448153b139fab73b9602fdb37c4e417ec4658a2655c53725e2,PR89_NORMALIZED_ONE_STEP,PR89_NORMALIZED_ONE_STEP,E1_REPLICA_GT_FINE:B1_PLUS_SWEPT_SEGMENT:5c878ecdda7b012dd24e54485b144f94e11c39db316a9d4d0e26143328a740bd,ONE_STEP:0,E1_REPLICA_GT_FINE,REPRESENTATIVE_HOLDOUT,B1_PLUS_SWEPT_SEGMENT,PRIMARY-CBF-FILTERED,EXECUTED_OR_SELECTED_HISTORICAL_CANDIDATE,PASS,True,PASS,FORMAL_SEGMENT_SAFE,"[-2.1893670441849524,0.24667970412340764,0.7541254026484058]","[-2.1855906911552534,0.24612306510608203,0.7547781589351081]",0.3003064216031703,CERTIFIED_SAFE,SEGMENT_EXACT_SAFE,EXACT_ANALYTIC_SPHERE_SEGMENT_MINIMUM,EXACT_ANALYTIC,3b318a98a454ec5c36410b3c41dfb3dd4a25b7b5a1899f1f2c939fbf24ad0e55,False,False
d9fb5670c83b35b5d549ab473e7223d1294f6a46d4c4a3f5a287e7be437d381f,PR89_NORMALIZED_ONE_STEP,PR89_NORMALIZED_ONE_STEP,E1_REPLICA_GT_FINE:B2_PLUS_TERMINAL_BACKUP:5c878ecdda7b012dd24e54485b144f94e11c39db316a9d4d0e26143328a740bd,ONE_STEP:0,E1_REPLICA_GT_FINE,REPRESENTATIVE_HOLDOUT,B2_PLUS_TERMINAL_BACKUP,PRIMARY-CBF-FILTERED,EXECUTED_OR_SELECTED_HISTORICAL_CANDIDATE,PASS,True,PASS,FORMAL_SEGMENT_SAFE,"[-2.1893670441849524,0.24667970412340764,0.7541254026484058]","[-2.1855906911552534,0.24612306510608203,0.7547781589351081]",0.3003064216031703,CERTIFIED_SAFE,SEGMENT_EXACT_SAFE,EXACT_ANALYTIC_SPHERE_SEGMENT_MINIMUM,EXACT_ANALYTIC,3b318a98a454ec5c36410b3c41dfb3dd4a25b7b5a1899f1f2c939fbf24ad0e55,False,False
076cd35092494cabfb81677bbb8e8d0625928653ace2924534b66a476e2a12c3,PR89_NORMALIZED_ONE_STEP,PR89_NORMALIZED_ONE_STEP,E1_REPLICA_GT_FINE:B3_FULL_UNIFIED_WITH_DIRECTIONAL_ALTERNATIVES:5c878ecdda7b012dd24e54485b144f94e11c39db316a9d4d0e26143328a740bd,ONE_STEP:0,E1_REPLICA_GT_FINE,REPRESENTATIVE_HOLDOUT,B3_FULL_UNIFIED_WITH_DIRECTIONAL_ALTERNATIVES,PRIMARY-CBF-FILTERED,EXECUTED_OR_SELECTED_HISTORICAL_CANDIDATE,PASS,True,PASS,FORMAL_SEGMENT_SAFE,"[-2.1893670441849524,0.24667970412340764,0.7541254026484058]","[-2.1855906911552534,0.24612306510608203,0.7547781589351081]",0.3003064216031703,CERTIFIED_SAFE,SEGMENT_EXACT_SAFE,EXACT_ANALYTIC_SPHERE_SEGMENT_MINIMUM,EXACT_ANALYTIC,3b318a98a454ec5c36410b3c41dfb3dd4a25b7b5a1899f1f2c939fbf24ad0e55,False,False
974962a670258463174ec69bb39c096bfec6ec724db47f8c28033ea85a2c851a,PR89_NORMALIZED_ONE_STEP,PR89_NORMALIZED_ONE_STEP,E1_REPLICA_GT_FINE:B1_PLUS_SWEPT_SEGMENT:60607231e268a66923b08bc18e21f9f0b92bc304ef4b0fbab956fcbd7a29f8ce,ONE_STEP:0,E1_REPLICA_GT_FINE,REPRESENTATIVE_HOLDOUT,B1_PLUS_SWEPT_SEGMENT,PRIMARY-CBF-FILTERED,EXECUTED_OR_SELECTED_HISTORICAL_CANDIDATE,PASS,True,PASS,FORMAL_SEGMENT_SAFE,"[3.7614248991012573,0.12523484230041504,0.4355967119336128]","[3.7611750365277117,0.12523484230041504,0.4353468493600673]",0.26682285072600975,CERTIFIED_SAFE,SEGMENT_EXACT_SAFE,EXACT_ANALYTIC_SPHERE_SEGMENT_MINIMUM,EXACT_ANALYTIC,3b318a98a454ec5c36410b3c41dfb3dd4a25b7b5a1899f1f2c939fbf24ad0e55,False,False
18e6e173aae40ce56f6ec638577f69f553221c263a207a9adaeb15849277b71c,PR89_NORMALIZED_ONE_STEP,PR89_NORMALIZED_ONE_STEP,E1_REPLICA_GT_FINE:B2_PLUS_TERMINAL_BACKUP:60607231e268a66923b08bc18e21f9f0b92bc304ef4b0fbab956fcbd7a29f8ce,ONE_STEP:0,E1_REPLICA_GT_FINE,REPRESENTATIVE_HOLDOUT,B2_PLUS_TERMINAL_BACKUP,PRIMARY-CBF-FILTERED,LOGGED_NONEXECUTED_HISTORICAL_CANDIDATE,PASS,True,PASS,FORMAL_SEGMENT_SAFE,"[3.7614248991012573,0.12523484230041504,0.4355967119336128]","[3.7611750365277117,0.12523484230041504,0.4353468493600673]",0.26682285072600975,CERTIFIED_SAFE,SEGMENT_EXACT_SAFE,EXACT_ANALYTIC_SPHERE_SEGMENT_MINIMUM,EXACT_ANALYTIC,3b318a98a454ec5c36410b3c41dfb3dd4a25b7b5a1899f1f2c939fbf24ad0e55,False,False
8fd2b6ae49923a5ceb9d35ae69f99023c968a23594563012876594f2fb4fb2f3,PR89_NORMALIZED_ONE_STEP,PR89_NORMALIZED_ONE_STEP,E1_REPLICA_GT_FINE:B3_FULL_UNIFIED_WITH_DIRECTIONAL_ALTERNATIVES:60607231e268a66923b08bc18e21f9f0b92bc304ef4b0fbab956fcbd7a29f8ce,ONE_STEP:0,E1_REPLICA_GT_FINE,REPRESENTATIVE_HOLDOUT,B3_FULL_UNIFIED_WITH_DIRECTIONAL_ALTERNATIVES,PRIMARY-CBF-FILTERED,LOGGED_NONEXECUTED_HISTORICAL_CANDIDATE,PASS,True,PASS,FORMAL_SEGMENT_SAFE,"[3.7614248991012573,0.12523484230041504,0.4355967119336128]","[3.7611750365277117,0.12523484230041504,0.4353468493600673]",0.26682285072600975,CERTIFIED_SAFE,SEGMENT_EXACT_SAFE,EXACT_ANALYTIC_SPHERE_SEGMENT_MINIMUM,EXACT_ANALYTIC,3b318a98a454ec5c36410b3c41dfb3dd4a25b7b5a1899f1f2c939fbf24ad0e55,False,False
33996cf9730058d1b8254047b5a55d3278b29464f20f085acd85127461dbe8d4,PR89_NORMALIZED_ONE_STEP,PR89_NORMALIZED_ONE_STEP,E1_REPLICA_GT_FINE:B1_PLUS_SWEPT_SEGMENT:60de3754fe99ad2f0c31d03c6b4cc57fac8271539b2aeb0b3800386855b65316,ONE_STEP:0,E1_REPLICA_GT_FINE,REPRESENTATIVE_HOLDOUT,B1_PLUS_SWEPT_SEGMENT,PRIMARY-CBF-FILTERED,EXECUTED_OR_SELECTED_HISTORICAL_CANDIDATE,PASS,True,PASS,FORMAL_SEGMENT_SAFE,"[0.47551809303583503,2.925234794616699,0.8168004335942192]","[0.47260732311372056,2.925234794616699,0.8209852528368383]",0.2167779613548673,CERTIFIED_SAFE,SEGMENT_EXACT_SAFE,EXACT_ANALYTIC_SPHERE_SEGMENT_MINIMUM,EXACT_ANALYTIC,3b318a98a454ec5c36410b3c41dfb3dd4a25b7b5a1899f1f2c939fbf24ad0e55,False,False
cfeb2cc010e719e76f33fc886797fb8108812a72d3bcad779c7fa06e3968bc72,PR89_NORMALIZED_ONE_STEP,PR89_NORMALIZED_ONE_STEP,E1_REPLICA_GT_FINE:B2_PLUS_TERMINAL_BACKUP:60de3754fe99ad2f0c31d03c6b4cc57fac8271539b2aeb0b3800386855b65316,ONE_STEP:0,E1_REPLICA_GT_FINE,REPRESENTATIVE_HOLDOUT,B2_PLUS_TERMINAL_BACKUP,PRIMARY-CBF-FILTERED,EXECUTED_OR_SELECTED_HISTORICAL_CANDIDATE,PASS,True,PASS,FORMAL_SEGMENT_SAFE,"[0.47551809303583503,2.925234794616699,0.8168004335942192]","[0.47260732311372056,2.925234794616699,0.8209852528368383]",0.2167779613548673,CERTIFIED_SAFE,SEGMENT_EXACT_SAFE,EXACT_ANALYTIC_SPHERE_SEGMENT_MINIMUM,EXACT_ANALYTIC,3b318a98a454ec5c36410b3c41dfb3dd4a25b7b5a1899f1f2c939fbf24ad0e55,False,False
f33ea5db8fcafcc4e8fd7dfd74c525ade24ce743a8791438715c9d2cfcd13567,PR89_NORMALIZED_ONE_STEP,PR89_NORMALIZED_ONE_STEP,E1_REPLICA_GT_FINE:B3_FULL_UNIFIED_WITH_DIRECTIONAL_ALTERNATIVES:60de3754fe99ad2f0c31d03c6b4cc57fac8271539b2aeb0b3800386855b65316,ONE_STEP:0,E1_REPLICA_GT_FINE,REPRESENTATIVE_HOLDOUT,B3_FULL_UNIFIED_WITH_DIRECTIONAL_ALTERNATIVES,PRIMARY-CBF-FILTERED,EXECUTED_OR_SELECTED_HISTORICAL_CANDIDATE,PASS,True,PASS,FORMAL_SEGMENT_SAFE,"[0.47551809303583503,2.925234794616699,0.8168004335942192]","[0.47260732311372056,2.925234794616699,0.8209852528368383]",0.2167779613548673,CERTIFIED_SAFE,SEGMENT_EXACT_SAFE,EXACT_ANALYTIC_SPHERE_SEGMENT_MINIMUM,EXACT_ANALYTIC,3b318a98a454ec5c36410b3c41dfb3dd4a25b7b5a1899f1f2c939fbf24ad0e55,False,False
58fec5fec4de2468eeb64eade2790ac8db37c438703d68302fd6c70b783a2b7d,PR89_NORMALIZED_ONE_STEP,PR89_NORMALIZED_ONE_STEP,E1_REPLICA_GT_FINE:B1_PLUS_SWEPT_SEGMENT:60edb15eac223899d8fb646483b0681cded2f432cd0971f36adeabbc60dbeebd,ONE_STEP:0,E1_REPLICA_GT_FINE,REPRESENTATIVE_HOLDOUT,B1_PLUS_SWEPT_SEGMENT,PRIMARY-CBF-FILTERED,EXECUTED_OR_SELECTED_HISTORICAL_CANDIDATE,PASS,True,PASS,FORMAL_SEGMENT_SAFE,"[3.297204177956559,0.12523484230041504,0.18199075909536025]","[3.299049552995873,0.12523484230041504,0.17998138358294766]",0.467481405453352,CERTIFIED_SAFE,SEGMENT_EXACT_SAFE,EXACT_ANALYTIC_SPHERE_SEGMENT_MINIMUM,EXACT_ANALYTIC,3b318a98a454ec5c36410b3c41dfb3dd4a25b7b5a1899f1f2c939fbf24ad0e55,False,False
91be0f52456f75a938a532b25a3b5fcef22ee93390722f3285adc50175ef2685,PR89_NORMALIZED_ONE_STEP,PR89_NORMALIZED_ONE_STEP,E1_REPLICA_GT_FINE:B2_PLUS_TERMINAL_BACKUP:60edb15eac223899d8fb646483b0681cded2f432cd0971f36adeabbc60dbeebd,ONE_STEP:0,E1_REPLICA_GT_FINE,REPRESENTATIVE_HOLDOUT,B2_PLUS_TERMINAL_BACKUP,PRIMARY-CBF-FILTERED,EXECUTED_OR_SELECTED_HISTORICAL_CANDIDATE,PASS,True,PASS,FORMAL_SEGMENT_SAFE,"[3.297204177956559,0.12523484230041504,0.18199075909536025]","[3.299049552995873,0.12523484230041504,0.17998138358294766]",0.467481405453352,CERTIFIED_SAFE,SEGMENT_EXACT_SAFE,EXACT_ANALYTIC_SPHERE_SEGMENT_MINIMUM,EXACT_ANALYTIC,3b318a98a454ec5c36410b3c41dfb3dd4a25b7b5a1899f1f2c939fbf24ad0e55,False,False
13bf6f4861fbbe68b01ca11a363e876867bda28dcc5ba71e9ef08fa53c96db6c,PR89_NORMALIZED_ONE_STEP,PR89_NORMALIZED_ONE_STEP,E1_REPLICA_GT_FINE:B3_FULL_UNIFIED_WITH_DIRECTIONAL_ALTERNATIVES:60edb15eac223899d8fb646483b0681cded2f432cd0971f36adeabbc60dbeebd,ONE_STEP:0,E1_REPLICA_GT_FINE,REPRESENTATIVE_HOLDOUT,B3_FULL_UNIFIED_WITH_DIRECTIONAL_ALTERNATIVES,PRIMARY-CBF-FILTERED,EXECUTED_OR_SELECTED_HISTORICAL_CANDIDATE,PASS,True,PASS,FORMAL_SEGMENT_SAFE,"[3.297204177956559,0.12523484230041504,0.18199075909536025]","[3.299049552995873,0.12523484230041504,0.17998138358294766]",0.467481405453352,CERTIFIED_SAFE,SEGMENT_EXACT_SAFE,EXACT_ANALYTIC_SPHERE_SEGMENT_MINIMUM,EXACT_ANALYTIC,3b318a98a454ec5c36410b3c41dfb3dd4a25b7b5a1899f1f2c939fbf24ad0e55,False,False
93a8679cfe42b305ec17eac2dd70dcd4f30de1a15e1d381d4a863040a1d38bb5,PR89_NORMALIZED_ONE_STEP,PR89_NORMALIZED_ONE_STEP,E1_REPLICA_GT_FINE:B1_PLUS_SWEPT_SEGMENT:638c9b05c8cb67a9f24eaf37d7695722d4e1127a0642c9ba72149bff6dd24bc6,ONE_STEP:0,E1_REPLICA_GT_FINE,REPRESENTATIVE_HOLDOUT,B1_PLUS_SWEPT_SEGMENT,PRIMARY-CBF-FILTERED,EXECUTED_OR_SELECTED_HISTORICAL_CANDIDATE,PASS,True,PASS,FORMAL_SEGMENT_SAFE,"[3.4749370699039734,0.12523484230041504,-0.9776626675887656]","[3.478466348642939,0.12523484230041504,-0.9760206413194454]",0.13869648389268627,CERTIFIED_SAFE,SEGMENT_EXACT_SAFE,EXACT_ANALYTIC_SPHERE_SEGMENT_MINIMUM,EXACT_ANALYTIC,3b318a98a454ec5c36410b3c41dfb3dd4a25b7b5a1899f1f2c939fbf24ad0e55,False,False
801913f9c600c36841a86035bd8d3ba04b63c44cfa10e5cf1ef0be2d84d2ad52,PR89_NORMALIZED_ONE_STEP,PR89_NORMALIZED_ONE_STEP,E1_REPLICA_GT_FINE:B2_PLUS_TERMINAL_BACKUP:638c9b05c8cb67a9f24eaf37d7695722d4e1127a0642c9ba72149bff6dd24bc6,ONE_STEP:0,E1_REPLICA_GT_FINE,REPRESENTATIVE_HOLDOUT,B2_PLUS_TERMINAL_BACKUP,PRIMARY-CBF-FILTERED,EXECUTED_OR_SELECTED_HISTORICAL_CANDIDATE,PASS,True,PASS,FORMAL_SEGMENT_SAFE,"[3.4749370699039734,0.12523484230041504,-0.9776626675887656]","[3.478466348642939,0.12523484230041504,-0.9760206413194454]",0.13869648389268627,CERTIFIED_SAFE,SEGMENT_EXACT_SAFE,EXACT_ANALYTIC_SPHERE_SEGMENT_MINIMUM,EXACT_ANALYTIC,3b318a98a454ec5c36410b3c41dfb3dd4a25b7b5a1899f1f2c939fbf24ad0e55,False,False
4359c119aa5c63632e514e1a119ee168094a490b73d5a6a9c6d085d29a6c3dfa,PR89_NORMALIZED_ONE_STEP,PR89_NORMALIZED_ONE_STEP,E1_REPLICA_GT_FINE:B3_FULL_UNIFIED_WITH_DIRECTIONAL_ALTERNATIVES:638c9b05c8cb67a9f24eaf37d7695722d4e1127a0642c9ba72149bff6dd24bc6,ONE_STEP:0,E1_REPLICA_GT_FINE,REPRESENTATIVE_HOLDOUT,B3_FULL_UNIFIED_WITH_DIRECTIONAL_ALTERNATIVES,PRIMARY-CBF-FILTERED,EXECUTED_OR_SELECTED_HISTORICAL_CANDIDATE,PASS,True,PASS,FORMAL_SEGMENT_SAFE,"[3.4749370699039734,0.12523484230041504,-0.9776626675887656]","[3.478466348642939,0.12523484230041504,-0.9760206413194454]",0.13869648389268627,CERTIFIED_SAFE,SEGMENT_EXACT_SAFE,EXACT_ANALYTIC_SPHERE_SEGMENT_MINIMUM,EXACT_ANALYTIC,3b318a98a454ec5c36410b3c41dfb3dd4a25b7b5a1899f1f2c939fbf24ad0e55,False,False
2f2cab5507a6f7f604ca3e25f0f4476197445f3acc85f4a01b6747e22871e162,PR89_NORMALIZED_ONE_STEP,PR89_NORMALIZED_ONE_STEP,E1_REPLICA_GT_FINE:B1_PLUS_SWEPT_SEGMENT:64b4963271f6a989f3d3206d05cd8abe55b3556b39ca9d82425aff9d781b55e6,ONE_STEP:0,E1_REPLICA_GT_FINE,REPRESENTATIVE_HOLDOUT,B1_PLUS_SWEPT_SEGMENT,PRIMARY-CBF-FILTERED,EXECUTED_OR_SELECTED_HISTORICAL_CANDIDATE,PASS,True,PASS,FORMAL_SEGMENT_SAFE,"[0.8760383700277788,2.925234794616699,1.863871766579853]","[0.8765471976322152,2.925234794616699,1.8664826209020138]",0.16059892784191762,CERTIFIED_SAFE,SEGMENT_EXACT_SAFE,EXACT_ANALYTIC_SPHERE_SEGMENT_MINIMUM,EXACT_ANALYTIC,3b318a98a454ec5c36410b3c41dfb3dd4a25b7b5a1899f1f2c939fbf24ad0e55,False,False
85dc045e28fc8555ba0483c4d683f68c8c12318d4d0c3422eaf8ebe7af68a954,PR89_NORMALIZED_ONE_STEP,PR89_NORMALIZED_ONE_STEP,E1_REPLICA_GT_FINE:B2_PLUS_TERMINAL_BACKUP:64b4963271f6a989f3d3206d05cd8abe55b3556b39ca9d82425aff9d781b55e6,ONE_STEP:0,E1_REPLICA_GT_FINE,REPRESENTATIVE_HOLDOUT,B2_PLUS_TERMINAL_BACKUP,PRIMARY-CBF-FILTERED,EXECUTED_OR_SELECTED_HISTORICAL_CANDIDATE,PASS,True,PASS,FORMAL_SEGMENT_SAFE,"[0.8760383700277788,2.925234794616699,1.863871766579853]","[0.8765471976322152,2.925234794616699,1.8664826209020138]",0.16059892784191762,CERTIFIED_SAFE,SEGMENT_EXACT_SAFE,EXACT_ANALYTIC_SPHERE_SEGMENT_MINIMUM,EXACT_ANALYTIC,3b318a98a454ec5c36410b3c41dfb3dd4a25b7b5a1899f1f2c939fbf24ad0e55,False,False
03654ed646927b918576c9cc36787d481c4db7f6516a85e6810d591c40b1b1a5,PR89_NORMALIZED_ONE_STEP,PR89_NORMALIZED_ONE_STEP,E1_REPLICA_GT_FINE:B3_FULL_UNIFIED_WITH_DIRECTIONAL_ALTERNATIVES:64b4963271f6a989f3d3206d05cd8abe55b3556b39ca9d82425aff9d781b55e6,ONE_STEP:0,E1_REPLICA_GT_FINE,REPRESENTATIVE_HOLDOUT,B3_FULL_UNIFIED_WITH_DIRECTIONAL_ALTERNATIVES,PRIMARY-CBF-FILTERED,EXECUTED_OR_SELECTED_HISTORICAL_CANDIDATE,PASS,True,PASS,FORMAL_SEGMENT_SAFE,"[0.8760383700277788,2.925234794616699,1.863871766579853]","[0.8765471976322152,2.925234794616699,1.8664826209020138]",0.16059892784191762,CERTIFIED_SAFE,SEGMENT_EXACT_SAFE,EXACT_ANALYTIC_SPHERE_SEGMENT_MINIMUM,EXACT_ANALYTIC,3b318a98a454ec5c36410b3c41dfb3dd4a25b7b5a1899f1f2c939fbf24ad0e55,False,False
5c7526db87b3036b482c177ba467b32ebe23849c77f03ca39547ea1d1728b370,PR89_NORMALIZED_ONE_STEP,PR89_NORMALIZED_ONE_STEP,E1_REPLICA_GT_FINE:B1_PLUS_SWEPT_SEGMENT:64fdfa10687ac4d7c596a8b9e6b47f14488049f0dbaef5ca38788596ae485e84,ONE_STEP:0,E1_REPLICA_GT_FINE,REPRESENTATIVE_HOLDOUT,B1_PLUS_SWEPT_SEGMENT,PRIMARY-CBF-FILTERED,EXECUTED_OR_SELECTED_HISTORICAL_CANDIDATE,PASS,True,PASS,FORMAL_SEGMENT_SAFE,"[2.2845907297889325,2.925234794616699,-0.945891768528696]","[2.2850116855510056,2.925234794616699,-0.9432729294711276]",0.14143274150271135,CERTIFIED_SAFE,SEGMENT_EXACT_SAFE,EXACT_ANALYTIC_SPHERE_SEGMENT_MINIMUM,EXACT_ANALYTIC,3b318a98a454ec5c36410b3c41dfb3dd4a25b7b5a1899f1f2c939fbf24ad0e55,False,False
f6aca24e361fb1683b82e6cdb05031c7727e59a70fee45cc1ce062e4c32b2149,PR89_NORMALIZED_ONE_STEP,PR89_NORMALIZED_ONE_STEP,E1_REPLICA_GT_FINE:B2_PLUS_TERMINAL_BACKUP:64fdfa10687ac4d7c596a8b9e6b47f14488049f0dbaef5ca38788596ae485e84,ONE_STEP:0,E1_REPLICA_GT_FINE,REPRESENTATIVE_HOLDOUT,B2_PLUS_TERMINAL_BACKUP,PRIMARY-CBF-FILTERED,EXECUTED_OR_SELECTED_HISTORICAL_CANDIDATE,PASS,True,PASS,FORMAL_SEGMENT_SAFE,"[2.2845907297889325,2.925234794616699,-0.945891768528696]","[2.2850116855510056,2.925234794616699,-0.9432729294711276]",0.14143274150271135,CERTIFIED_SAFE,SEGMENT_EXACT_SAFE,EXACT_ANALYTIC_SPHERE_SEGMENT_MINIMUM,EXACT_ANALYTIC,3b318a98a454ec5c36410b3c41dfb3dd4a25b7b5a1899f1f2c939fbf24ad0e55,False,False
d3ec7fa41af9066b4900a7908283b2a107bccefb843d88f381fda186026c75dc,PR89_NORMALIZED_ONE_STEP,PR89_NORMALIZED_ONE_STEP,E1_REPLICA_GT_FINE:B3_FULL_UNIFIED_WITH_DIRECTIONAL_ALTERNATIVES:64fdfa10687ac4d7c596a8b9e6b47f14488049f0dbaef5ca38788596ae485e84,ONE_STEP:0,E1_REPLICA_GT_FINE,REPRESENTATIVE_HOLDOUT,B3_FULL_UNIFIED_WITH_DIRECTIONAL_ALTERNATIVES,PRIMARY-CBF-FILTERED,EXECUTED_OR_SELECTED_HISTORICAL_CANDIDATE,PASS,True,PASS,FORMAL_SEGMENT_SAFE,"[2.2845907297889325,2.925234794616699,-0.945891768528696]","[2.2850116855510056,2.925234794616699,-0.9432729294711276]",0.14143274150271135,CERTIFIED_SAFE,SEGMENT_EXACT_SAFE,EXACT_ANALYTIC_SPHERE_SEGMENT_MINIMUM,EXACT_ANALYTIC,3b318a98a454ec5c36410b3c41dfb3dd4a25b7b5a1899f1f2c939fbf24ad0e55,False,False
5a9f8329e44f1faf2ea7132a2455dcb3040e045a29bc6a44d6a2802b96e7baba,PR89_NORMALIZED_ONE_STEP,PR89_NORMALIZED_ONE_STEP,E1_REPLICA_GT_FINE:B1_PLUS_SWEPT_SEGMENT:65b0231a2034e83f6481eb28084cf52acaff3f3f7d3ac06186c577fa0144c67c,ONE_STEP:0,E1_REPLICA_GT_FINE,REPRESENTATIVE_HOLDOUT,B1_PLUS_SWEPT_SEGMENT,PRIMARY-CBF-FILTERED,EXECUTED_OR_SELECTED_HISTORICAL_CANDIDATE,PASS,True,PASS,FORMAL_SEGMENT_SAFE,"[1.9965499639511108,2.925234794616699,0.502536416053772]","[1.9963000975063006,2.9252347946169377,0.5022865480130756]",0.09689076848469326,CERTIFIED_SAFE,SEGMENT_EXACT_SAFE,EXACT_ANALYTIC_SPHERE_SEGMENT_MINIMUM,EXACT_ANALYTIC,3b318a98a454ec5c36410b3c41dfb3dd4a25b7b5a1899f1f2c939fbf24ad0e55,False,False
06202a33f5a080487c07b74597b96d0c5ec54c809a0a029f8009cc69ef4b0a93,PR89_NORMALIZED_ONE_STEP,PR89_NORMALIZED_ONE_STEP,E1_REPLICA_GT_FINE:B2_PLUS_TERMINAL_BACKUP:65b0231a2034e83f6481eb28084cf52acaff3f3f7d3ac06186c577fa0144c67c,ONE_STEP:0,E1_REPLICA_GT_FINE,REPRESENTATIVE_HOLDOUT,B2_PLUS_TERMINAL_BACKUP,PRIMARY-CBF-FILTERED,LOGGED_NONEXECUTED_HISTORICAL_CANDIDATE,PASS,True,PASS,FORMAL_SEGMENT_SAFE,"[1.9965499639511108,2.925234794616699,0.502536416053772]","[1.9963000975063006,2.9252347946169377,0.5022865480130756]",0.09689076848469326,CERTIFIED_SAFE,SEGMENT_EXACT_SAFE,EXACT_ANALYTIC_SPHERE_SEGMENT_MINIMUM,EXACT_ANALYTIC,3b318a98a454ec5c36410b3c41dfb3dd4a25b7b5a1899f1f2c939fbf24ad0e55,False,False
0ab322b05eecff7dee9b7ef7917667f8bd14e02855c46a83f0c474626ba59384,PR89_NORMALIZED_ONE_STEP,PR89_NORMALIZED_ONE_STEP,E1_REPLICA_GT_FINE:B3_FULL_UNIFIED_WITH_DIRECTIONAL_ALTERNATIVES:65b0231a2034e83f6481eb28084cf52acaff3f3f7d3ac06186c577fa0144c67c,ONE_STEP:0,E1_REPLICA_GT_FINE,REPRESENTATIVE_HOLDOUT,B3_FULL_UNIFIED_WITH_DIRECTIONAL_ALTERNATIVES,PRIMARY-CBF-FILTERED,LOGGED_NONEXECUTED_HISTORICAL_CANDIDATE,PASS,True,PASS,FORMAL_SEGMENT_SAFE,"[1.9965499639511108,2.925234794616699,0.502536416053772]","[1.9963000975063006,2.9252347946169377,0.5022865480130756]",0.09689076848469326,CERTIFIED_SAFE,SEGMENT_EXACT_SAFE,EXACT_ANALYTIC_SPHERE_SEGMENT_MINIMUM,EXACT_ANALYTIC,3b318a98a454ec5c36410b3c41dfb3dd4a25b7b5a1899f1f2c939fbf24ad0e55,False,False
fd9539711ffbc8e5646dcadc4300f6ae2376fc72c2a80ae8eb0cc7296ce2487a,PR89_NORMALIZED_ONE_STEP,PR89_NORMALIZED_ONE_STEP,E1_REPLICA_GT_FINE:B1_PLUS_SWEPT_SEGMENT:6744df98e967559ee47ca4363ff88ff22f355dceb39ca6bd10b666aa66c16d86,ONE_STEP:0,E1_REPLICA_GT_FINE,REPRESENTATIVE_HOLDOUT,B1_PLUS_SWEPT_SEGMENT,PRIMARY-CBF-FILTERED,EXECUTED_OR_SELECTED_HISTORICAL_CANDIDATE,PASS,True,PASS,FORMAL_SEGMENT_SAFE,"[0.34893314672724757,2.925234794616699,1.0039977045344057]","[0.3466875692071115,2.925234794616699,1.0071988189999577]",0.2073728305856469,CERTIFIED_SAFE,SEGMENT_EXACT_SAFE,EXACT_ANALYTIC_SPHERE_SEGMENT_MINIMUM,EXACT_ANALYTIC,3b318a98a454ec5c36410b3c41dfb3dd4a25b7b5a1899f1f2c939fbf24ad0e55,False,False
a1790c9b8c64d7ada9f921fe45e8b174f2dcd1dcdd2a3974f2eb8b5808417d5d,PR89_NORMALIZED_ONE_STEP,PR89_NORMALIZED_ONE_STEP,E1_REPLICA_GT_FINE:B2_PLUS_TERMINAL_BACKUP:6744df98e967559ee47ca4363ff88ff22f355dceb39ca6bd10b666aa66c16d86,ONE_STEP:0,E1_REPLICA_GT_FINE,REPRESENTATIVE_HOLDOUT,B2_PLUS_TERMINAL_BACKUP,PRIMARY-CBF-FILTERED,EXECUTED_OR_SELECTED_HISTORICAL_CANDIDATE,PASS,True,PASS,FORMAL_SEGMENT_SAFE,"[0.34893314672724757,2.925234794616699,1.0039977045344057]","[0.3466875692071115,2.925234794616699,1.0071988189999577]",0.2073728305856469,CERTIFIED_SAFE,SEGMENT_EXACT_SAFE,EXACT_ANALYTIC_SPHERE_SEGMENT_MINIMUM,EXACT_ANALYTIC,3b318a98a454ec5c36410b3c41dfb3dd4a25b7b5a1899f1f2c939fbf24ad0e55,False,False
0dc93e7bc5b23556ef3376545c53bdf125c9065f38a58193afbfdf5551e36c9d,PR89_NORMALIZED_ONE_STEP,PR89_NORMALIZED_ONE_STEP,E1_REPLICA_GT_FINE:B3_FULL_UNIFIED_WITH_DIRECTIONAL_ALTERNATIVES:6744df98e967559ee47ca4363ff88ff22f355dceb39ca6bd10b666aa66c16d86,ONE_STEP:0,E1_REPLICA_GT_FINE,REPRESENTATIVE_HOLDOUT,B3_FULL_UNIFIED_WITH_DIRECTIONAL_ALTERNATIVES,PRIMARY-CBF-FILTERED,EXECUTED_OR_SELECTED_HISTORICAL_CANDIDATE,PASS,True,PASS,FORMAL_SEGMENT_SAFE,"[0.34893314672724757,2.925234794616699,1.0039977045344057]","[0.3466875692071115,2.925234794616699,1.0071988189999577]",0.2073728305856469,CERTIFIED_SAFE,SEGMENT_EXACT_SAFE,EXACT_ANALYTIC_SPHERE_SEGMENT_MINIMUM,EXACT_ANALYTIC,3b318a98a454ec5c36410b3c41dfb3dd4a25b7b5a1899f1f2c939fbf24ad0e55,False,False
266106b5264ed521a580423a343ff54c6be8a186ec505d94c477d7f83006ab75,PR89_NORMALIZED_ONE_STEP,PR89_NORMALIZED_ONE_STEP,E1_REPLICA_GT_FINE:B1_PLUS_SWEPT_SEGMENT:698fb32b7adeab8475d7f2fd439e4a45fd4ecae17975c41d70bc092ef46f6a6f,ONE_STEP:0,E1_REPLICA_GT_FINE,REPRESENTATIVE_HOLDOUT,B1_PLUS_SWEPT_SEGMENT,PRIMARY-CBF-FILTERED,EXECUTED_OR_SELECTED_HISTORICAL_CANDIDATE,PASS,True,PASS,FORMAL_SEGMENT_SAFE,"[1.4582814726865798,2.925234794616699,1.7995484118754492]","[1.456044847993013,2.9252347946171944,1.7979968945716784]",0.06768475862388557,CERTIFIED_SAFE,SEGMENT_EXACT_SAFE,EXACT_ANALYTIC_SPHERE_SEGMENT_MINIMUM,EXACT_ANALYTIC,3b318a98a454ec5c36410b3c41dfb3dd4a25b7b5a1899f1f2c939fbf24ad0e55,False,False
1b2865ecf59c09195775dd48938680dca5902c1a050861726374e1d760e5ce39,PR89_NORMALIZED_ONE_STEP,PR89_NORMALIZED_ONE_STEP,E1_REPLICA_GT_FINE:B2_PLUS_TERMINAL_BACKUP:698fb32b7adeab8475d7f2fd439e4a45fd4ecae17975c41d70bc092ef46f6a6f,ONE_STEP:0,E1_REPLICA_GT_FINE,REPRESENTATIVE_HOLDOUT,B2_PLUS_TERMINAL_BACKUP,PRIMARY-CBF-FILTERED,EXECUTED_OR_SELECTED_HISTORICAL_CANDIDATE,PASS,True,PASS,FORMAL_SEGMENT_SAFE,"[1.4582814726865798,2.925234794616699,1.7995484118754492]","[1.456044847993013,2.9252347946171944,1.7979968945716784]",0.06768475862388557,CERTIFIED_SAFE,SEGMENT_EXACT_SAFE,EXACT_ANALYTIC_SPHERE_SEGMENT_MINIMUM,EXACT_ANALYTIC,3b318a98a454ec5c36410b3c41dfb3dd4a25b7b5a1899f1f2c939fbf24ad0e55,False,False
0a2ac1b8acfdbb8d237741c217bacae47d6c8a4208b5232dc84a62f0be2154ff,PR89_NORMALIZED_ONE_STEP,PR89_NORMALIZED_ONE_STEP,E1_REPLICA_GT_FINE:B3_FULL_UNIFIED_WITH_DIRECTIONAL_ALTERNATIVES:698fb32b7adeab8475d7f2fd439e4a45fd4ecae17975c41d70bc092ef46f6a6f,ONE_STEP:0,E1_REPLICA_GT_FINE,REPRESENTATIVE_HOLDOUT,B3_FULL_UNIFIED_WITH_DIRECTIONAL_ALTERNATIVES,PRIMARY-CBF-FILTERED,EXECUTED_OR_SELECTED_HISTORICAL_CANDIDATE,PASS,True,PASS,FORMAL_SEGMENT_SAFE,"[1.4582814726865798,2.925234794616699,1.7995484118754492]","[1.456044847993013,2.9252347946171944,1.7979968945716784]",0.06768475862388557,CERTIFIED_SAFE,SEGMENT_EXACT_SAFE,EXACT_ANALYTIC_SPHERE_SEGMENT_MINIMUM,EXACT_ANALYTIC,3b318a98a454ec5c36410b3c41dfb3dd4a25b7b5a1899f1f2c939fbf24ad0e55,False,False
a257bfe8284c80b6cf557a2dcab5fe97c26590965f913d87534e715bf461c04a,PR89_NORMALIZED_ONE_STEP,PR89_NORMALIZED_ONE_STEP,E1_REPLICA_GT_FINE:B1_PLUS_SWEPT_SEGMENT:6b3fd059ec979411b2865df21ceb893657cdd43d62abb65642a44f09ff0906eb,ONE_STEP:0,E1_REPLICA_GT_FINE,REPRESENTATIVE_HOLDOUT,B1_PLUS_SWEPT_SEGMENT,PRIMARY-CBF-FILTERED,EXECUTED_OR_SELECTED_HISTORICAL_CANDIDATE,PASS,True,PASS,FORMAL_SEGMENT_SAFE,"[-1.7539212330655414,2.925234794616699,3.286846620253294]","[-1.755313552594948,2.925234794616699,3.287421060662408]",0.6426828584942615,CERTIFIED_SAFE,SEGMENT_EXACT_SAFE,EXACT_ANALYTIC_SPHERE_SEGMENT_MINIMUM,EXACT_ANALYTIC,3b318a98a454ec5c36410b3c41dfb3dd4a25b7b5a1899f1f2c939fbf24ad0e55,False,False
2e8b2c35342b6f01e5fa3bfcb8e6732994f9cfa9bd34c358dd15cc157e1e8b4a,PR89_NORMALIZED_ONE_STEP,PR89_NORMALIZED_ONE_STEP,E1_REPLICA_GT_FINE:B2_PLUS_TERMINAL_BACKUP:6b3fd059ec979411b2865df21ceb893657cdd43d62abb65642a44f09ff0906eb,ONE_STEP:0,E1_REPLICA_GT_FINE,REPRESENTATIVE_HOLDOUT,B2_PLUS_TERMINAL_BACKUP,PRIMARY-CBF-FILTERED,EXECUTED_OR_SELECTED_HISTORICAL_CANDIDATE,PASS,True,PASS,FORMAL_SEGMENT_SAFE,"[-1.7539212330655414,2.925234794616699,3.286846620253294]","[-1.755313552594948,2.925234794616699,3.287421060662408]",0.6426828584942615,CERTIFIED_SAFE,SEGMENT_EXACT_SAFE,EXACT_ANALYTIC_SPHERE_SEGMENT_MINIMUM,EXACT_ANALYTIC,3b318a98a454ec5c36410b3c41dfb3dd4a25b7b5a1899f1f2c939fbf24ad0e55,False,False
ee48665929decc1e02e6296f6881dcc5b605a58deb47c4f73a403d7c9fbe3b40,PR89_NORMALIZED_ONE_STEP,PR89_NORMALIZED_ONE_STEP,E1_REPLICA_GT_FINE:B3_FULL_UNIFIED_WITH_DIRECTIONAL_ALTERNATIVES:6b3fd059ec979411b2865df21ceb893657cdd43d62abb65642a44f09ff0906eb,ONE_STEP:0,E1_REPLICA_GT_FINE,REPRESENTATIVE_HOLDOUT,B3_FULL_UNIFIED_WITH_DIRECTIONAL_ALTERNATIVES,PRIMARY-CBF-FILTERED,EXECUTED_OR_SELECTED_HISTORICAL_CANDIDATE,PASS,True,PASS,FORMAL_SEGMENT_SAFE,"[-1.7539212330655414,2.925234794616699,3.286846620253294]","[-1.755313552594948,2.925234794616699,3.287421060662408]",0.6426828584942615,CERTIFIED_SAFE,SEGMENT_EXACT_SAFE,EXACT_ANALYTIC_SPHERE_SEGMENT_MINIMUM,EXACT_ANALYTIC,3b318a98a454ec5c36410b3c41dfb3dd4a25b7b5a1899f1f2c939fbf24ad0e55,False,False
b3c09f3fba93ee4ed594c4af414c75bcdf0a551f0b64487be5e37fa5549129c0,PR89_NORMALIZED_ONE_STEP,PR89_NORMALIZED_ONE_STEP,E1_REPLICA_GT_FINE:B1_PLUS_SWEPT_SEGMENT:6e12f66332b7dea58c36ca96dab7fa3c9fa51c7308be51c262b0d8af7e1bc1ca,ONE_STEP:0,E1_REPLICA_GT_FINE,REPRESENTATIVE_HOLDOUT,B1_PLUS_SWEPT_SEGMENT,PRIMARY-CBF-FILTERED,EXECUTED_OR_SELECTED_HISTORICAL_CANDIDATE,PASS,True,PASS,FORMAL_SEGMENT_SAFE,"[0.4182129281953692,0.12523484230041504,2.6196283561374125]","[0.41727853073442533,0.12523484230041504,2.6245787920391868]",0.3485405747732335,CERTIFIED_SAFE,SEGMENT_EXACT_SAFE,EXACT_ANALYTIC_SPHERE_SEGMENT_MINIMUM,EXACT_ANALYTIC,3b318a98a454ec5c36410b3c41dfb3dd4a25b7b5a1899f1f2c939fbf24ad0e55,False,False
31160c35dfd30177e50a94ffbec8659c95eeead74b7a0c6be9247932369e2128,PR89_NORMALIZED_ONE_STEP,PR89_NORMALIZED_ONE_STEP,E1_REPLICA_GT_FINE:B2_PLUS_TERMINAL_BACKUP:6e12f66332b7dea58c36ca96dab7fa3c9fa51c7308be51c262b0d8af7e1bc1ca,ONE_STEP:0,E1_REPLICA_GT_FINE,REPRESENTATIVE_HOLDOUT,B2_PLUS_TERMINAL_BACKUP,PRIMARY-CBF-FILTERED,EXECUTED_OR_SELECTED_HISTORICAL_CANDIDATE,PASS,True,PASS,FORMAL_SEGMENT_SAFE,"[0.4182129281953692,0.12523484230041504,2.6196283561374125]","[0.41727853073442533,0.12523484230041504,2.6245787920391868]",0.3485405747732335,CERTIFIED_SAFE,SEGMENT_EXACT_SAFE,EXACT_ANALYTIC_SPHERE_SEGMENT_MINIMUM,EXACT_ANALYTIC,3b318a98a454ec5c36410b3c41dfb3dd4a25b7b5a1899f1f2c939fbf24ad0e55,False,False
0e6ed8ad218b885b085d3584d58dbb19bd67c79e6ebf0082af799b23c47a8ee4,PR89_NORMALIZED_ONE_STEP,PR89_NORMALIZED_ONE_STEP,E1_REPLICA_GT_FINE:B3_FULL_UNIFIED_WITH_DIRECTIONAL_ALTERNATIVES:6e12f66332b7dea58c36ca96dab7fa3c9fa51c7308be51c262b0d8af7e1bc1ca,ONE_STEP:0,E1_REPLICA_GT_FINE,REPRESENTATIVE_HOLDOUT,B3_FULL_UNIFIED_WITH_DIRECTIONAL_ALTERNATIVES,PRIMARY-CBF-FILTERED,EXECUTED_OR_SELECTED_HISTORICAL_CANDIDATE,PASS,True,PASS,FORMAL_SEGMENT_SAFE,"[0.4182129281953692,0.12523484230041504,2.6196283561374125]","[0.41727853073442533,0.12523484230041504,2.6245787920391868]",0.3485405747732335,CERTIFIED_SAFE,SEGMENT_EXACT_SAFE,EXACT_ANALYTIC_SPHERE_SEGMENT_MINIMUM,EXACT_ANALYTIC,3b318a98a454ec5c36410b3c41dfb3dd4a25b7b5a1899f1f2c939fbf24ad0e55,False,False
20e66df615b34039efd54fcbf52721ec5581be814781485ea1e510acee06c140,PR89_NORMALIZED_ONE_STEP,PR89_NORMALIZED_ONE_STEP,E1_REPLICA_GT_FINE:B1_PLUS_SWEPT_SEGMENT:6f3667e0d18e4e0699456e2118b78c4efb5674a79d3c988580c3826416b2c5d2,ONE_STEP:0,E1_REPLICA_GT_FINE,REPRESENTATIVE_HOLDOUT,B1_PLUS_SWEPT_SEGMENT,PRIMARY-CBF-FILTERED,EXECUTED_OR_SELECTED_HISTORICAL_CANDIDATE,PASS,True,PASS,FORMAL_SEGMENT_SAFE,"[0.4387727641026724,2.925234794616699,0.7420008802600582]","[0.43713493165131084,2.925234794616699,0.7398235644939711]",0.21634241862889017,CERTIFIED_SAFE,SEGMENT_EXACT_SAFE,EXACT_ANALYTIC_SPHERE_SEGMENT_MINIMUM,EXACT_ANALYTIC,3b318a98a454ec5c36410b3c41dfb3dd4a25b7b5a1899f1f2c939fbf24ad0e55,False,False
baf62881f82881d57e99dd94c761355b8f0b1d23506b65d59653f9cb47997d20,PR89_NORMALIZED_ONE_STEP,PR89_NORMALIZED_ONE_STEP,E1_REPLICA_GT_FINE:B2_PLUS_TERMINAL_BACKUP:6f3667e0d18e4e0699456e2118b78c4efb5674a79d3c988580c3826416b2c5d2,ONE_STEP:0,E1_REPLICA_GT_FINE,REPRESENTATIVE_HOLDOUT,B2_PLUS_TERMINAL_BACKUP,PRIMARY-CBF-FILTERED,EXECUTED_OR_SELECTED_HISTORICAL_CANDIDATE,PASS,True,PASS,FORMAL_SEGMENT_SAFE,"[0.4387727641026724,2.925234794616699,0.7420008802600582]","[0.43713493165131084,2.925234794616699,0.7398235644939711]",0.21634241862889017,CERTIFIED_SAFE,SEGMENT_EXACT_SAFE,EXACT_ANALYTIC_SPHERE_SEGMENT_MINIMUM,EXACT_ANALYTIC,3b318a98a454ec5c36410b3c41dfb3dd4a25b7b5a1899f1f2c939fbf24ad0e55,False,False
3cf3f30334958e3841611a75a70e10c2ae2e24ac49ee47030085a63d06357852,PR89_NORMALIZED_ONE_STEP,PR89_NORMALIZED_ONE_STEP,E1_REPLICA_GT_FINE:B3_FULL_UNIFIED_WITH_DIRECTIONAL_ALTERNATIVES:6f3667e0d18e4e0699456e2118b78c4efb5674a79d3c988580c3826416b2c5d2,ONE_STEP:0,E1_REPLICA_GT_FINE,REPRESENTATIVE_HOLDOUT,B3_FULL_UNIFIED_WITH_DIRECTIONAL_ALTERNATIVES,PRIMARY-CBF-FILTERED,EXECUTED_OR_SELECTED_HISTORICAL_CANDIDATE,PASS,True,PASS,FORMAL_SEGMENT_SAFE,"[0.4387727641026724,2.925234794616699,0.7420008802600582]","[0.43713493165131084,2.925234794616699,0.7398235644939711]",0.21634241862889017,CERTIFIED_SAFE,SEGMENT_EXACT_SAFE,EXACT_ANALYTIC_SPHERE_SEGMENT_MINIMUM,EXACT_ANALYTIC,3b318a98a454ec5c36410b3c41dfb3dd4a25b7b5a1899f1f2c939fbf24ad0e55,False,False
a8884d472ae460a8c599f5455de5ebc973cedafa068d03754d7fc63a635a630b,PR89_NORMALIZED_ONE_STEP,PR89_NORMALIZED_ONE_STEP,E1_REPLICA_GT_FINE:B1_PLUS_SWEPT_SEGMENT:755381ed6670f7e512b6c62c246b8068ea08eca9273a2c5d83e137db9395da5d,ONE_STEP:0,E1_REPLICA_GT_FINE,REPRESENTATIVE_HOLDOUT,B1_PLUS_SWEPT_SEGMENT,PRIMARY-CBF-FILTERED,EXECUTED_OR_SELECTED_HISTORICAL_CANDIDATE,PASS,True,PASS,FORMAL_SEGMENT_SAFE,"[2.3198905952019975,2.925234794616699,-0.9069934887802777]","[2.3192710423593583,2.925234794616699,-0.9095895611703656]",0.13870869936096392,CERTIFIED_SAFE,SEGMENT_EXACT_SAFE,EXACT_ANALYTIC_SPHERE_SEGMENT_MINIMUM,EXACT_ANALYTIC,3b318a98a454ec5c36410b3c41dfb3dd4a25b7b5a1899f1f2c939fbf24ad0e55,False,False
029ee620552bfa55a120891919108bd164c5209dd921709803fa4fe87a5d329b,PR89_NORMALIZED_ONE_STEP,PR89_NORMALIZED_ONE_STEP,E1_REPLICA_GT_FINE:B2_PLUS_TERMINAL_BACKUP:755381ed6670f7e512b6c62c246b8068ea08eca9273a2c5d83e137db9395da5d,ONE_STEP:0,E1_REPLICA_GT_FINE,REPRESENTATIVE_HOLDOUT,B2_PLUS_TERMINAL_BACKUP,PRIMARY-CBF-FILTERED,EXECUTED_OR_SELECTED_HISTORICAL_CANDIDATE,PASS,True,PASS,FORMAL_SEGMENT_SAFE,"[2.3198905952019975,2.925234794616699,-0.9069934887802777]","[2.3192710423593583,2.925234794616699,-0.9095895611703656]",0.13870869936096392,CERTIFIED_SAFE,SEGMENT_EXACT_SAFE,EXACT_ANALYTIC_SPHERE_SEGMENT_MINIMUM,EXACT_ANALYTIC,3b318a98a454ec5c36410b3c41dfb3dd4a25b7b5a1899f1f2c939fbf24ad0e55,False,False
5f5e257ac7b10b0bd0763cf3e00d56e23f547f34ddab483304c346dbab45648e,PR89_NORMALIZED_ONE_STEP,PR89_NORMALIZED_ONE_STEP,E1_REPLICA_GT_FINE:B3_FULL_UNIFIED_WITH_DIRECTIONAL_ALTERNATIVES:755381ed6670f7e512b6c62c246b8068ea08eca9273a2c5d83e137db9395da5d,ONE_STEP:0,E1_REPLICA_GT_FINE,REPRESENTATIVE_HOLDOUT,B3_FULL_UNIFIED_WITH_DIRECTIONAL_ALTERNATIVES,PRIMARY-CBF-FILTERED,EXECUTED_OR_SELECTED_HISTORICAL_CANDIDATE,PASS,True,PASS,FORMAL_SEGMENT_SAFE,"[2.3198905952019975,2.925234794616699,-0.9069934887802777]","[2.3192710423593583,2.925234794616699,-0.9095895611703656]",0.13870869936096392,CERTIFIED_SAFE,SEGMENT_EXACT_SAFE,EXACT_ANALYTIC_SPHERE_SEGMENT_MINIMUM,EXACT_ANALYTIC,3b318a98a454ec5c36410b3c41dfb3dd4a25b7b5a1899f1f2c939fbf24ad0e55,False,False
465b4b4fcc65d466a7dc9ed8149deea881b4bc51e52d9a38ec41900aef384673,PR89_NORMALIZED_ONE_STEP,PR89_NORMALIZED_ONE_STEP,E1_REPLICA_GT_FINE:B1_PLUS_SWEPT_SEGMENT:772d20f6978d45c31f53f9f6b62e09c3b086ea2cbdc957d938b2aef52746854b,ONE_STEP:0,E1_REPLICA_GT_FINE,REPRESENTATIVE_HOLDOUT,B1_PLUS_SWEPT_SEGMENT,PRIMARY-CBF-FILTERED,EXECUTED_OR_SELECTED_HISTORICAL_CANDIDATE,PASS,True,PASS,FORMAL_SEGMENT_SAFE,"[1.0916211379789096,0.12523484230041504,2.0908295677310176]","[1.0919112108570852,0.12523484229890483,2.089394632651154]",0.03657379802889449,CERTIFIED_SAFE,SEGMENT_EXACT_SAFE,EXACT_ANALYTIC_SPHERE_SEGMENT_MINIMUM,EXACT_ANALYTIC,3b318a98a454ec5c36410b3c41dfb3dd4a25b7b5a1899f1f2c939fbf24ad0e55,False,False
2b2a3ae016fd112d3aa0854957672bbd8150d33569838777518b57c2b7738075,PR89_NORMALIZED_ONE_STEP,PR89_NORMALIZED_ONE_STEP,E1_REPLICA_GT_FINE:B2_PLUS_TERMINAL_BACKUP:772d20f6978d45c31f53f9f6b62e09c3b086ea2cbdc957d938b2aef52746854b,ONE_STEP:0,E1_REPLICA_GT_FINE,REPRESENTATIVE_HOLDOUT,B2_PLUS_TERMINAL_BACKUP,PRIMARY-CBF-FILTERED,EXECUTED_OR_SELECTED_HISTORICAL_CANDIDATE,PASS,True,PASS,FORMAL_SEGMENT_SAFE,"[1.0916211379789096,0.12523484230041504,2.0908295677310176]","[1.0919112108570852,0.12523484229890483,2.089394632651154]",0.03657379802889449,CERTIFIED_SAFE,SEGMENT_EXACT_SAFE,EXACT_ANALYTIC_SPHERE_SEGMENT_MINIMUM,EXACT_ANALYTIC,3b318a98a454ec5c36410b3c41dfb3dd4a25b7b5a1899f1f2c939fbf24ad0e55,False,False
b1ac0f57c66b57a623c38addb3bb3b4837a3f5206cab4fc8cd23796ff4bf20ed,PR89_NORMALIZED_ONE_STEP,PR89_NORMALIZED_ONE_STEP,E1_REPLICA_GT_FINE:B3_FULL_UNIFIED_WITH_DIRECTIONAL_ALTERNATIVES:772d20f6978d45c31f53f9f6b62e09c3b086ea2cbdc957d938b2aef52746854b,ONE_STEP:0,E1_REPLICA_GT_FINE,REPRESENTATIVE_HOLDOUT,B3_FULL_UNIFIED_WITH_DIRECTIONAL_ALTERNATIVES,PRIMARY-CBF-FILTERED,EXECUTED_OR_SELECTED_HISTORICAL_CANDIDATE,PASS,True,PASS,FORMAL_SEGMENT_SAFE,"[1.0916211379789096,0.12523484230041504,2.0908295677310176]","[1.0919112108570852,0.12523484229890483,2.089394632651154]",0.03657379802889449,CERTIFIED_SAFE,SEGMENT_EXACT_SAFE,EXACT_ANALYTIC_SPHERE_SEGMENT_MINIMUM,EXACT_ANALYTIC,3b318a98a454ec5c36410b3c41dfb3dd4a25b7b5a1899f1f2c939fbf24ad0e55,False,False
d80bb07332ef0572445f68a479b8cb08e0824468ae41b3ed3241c37e1b84a596,PR89_NORMALIZED_ONE_STEP,PR89_NORMALIZED_ONE_STEP,E1_REPLICA_GT_FINE:B1_PLUS_SWEPT_SEGMENT:788b4d57f92623c65b14341200992ffaef996177a43ef2913ecd32eb3c62f8e6,ONE_STEP:0,E1_REPLICA_GT_FINE,REPRESENTATIVE_HOLDOUT,B1_PLUS_SWEPT_SEGMENT,PRIMARY-CBF-FILTERED,EXECUTED_OR_SELECTED_HISTORICAL_CANDIDATE,PASS,True,PASS,FORMAL_SEGMENT_SAFE,"[2.349874163753314,2.925234794616699,-0.7166455690735842]","[2.3490698344436605,2.925234794616699,-0.7204146776606718]",0.2102511393731614,CERTIFIED_SAFE,SEGMENT_EXACT_SAFE,EXACT_ANALYTIC_SPHERE_SEGMENT_MINIMUM,EXACT_ANALYTIC,3b318a98a454ec5c36410b3c41dfb3dd4a25b7b5a1899f1f2c939fbf24ad0e55,False,False
fed5d732296a657a1b5921e79ac76b1a9ff2873160095c1bd63ad47ca2070eea,PR89_NORMALIZED_ONE_STEP,PR89_NORMALIZED_ONE_STEP,E1_REPLICA_GT_FINE:B2_PLUS_TERMINAL_BACKUP:788b4d57f92623c65b14341200992ffaef996177a43ef2913ecd32eb3c62f8e6,ONE_STEP:0,E1_REPLICA_GT_FINE,REPRESENTATIVE_HOLDOUT,B2_PLUS_TERMINAL_BACKUP,PRIMARY-CBF-FILTERED,EXECUTED_OR_SELECTED_HISTORICAL_CANDIDATE,PASS,True,PASS,FORMAL_SEGMENT_SAFE,"[2.349874163753314,2.925234794616699,-0.7166455690735842]","[2.3490698344436605,2.925234794616699,-0.7204146776606718]",0.2102511393731614,CERTIFIED_SAFE,SEGMENT_EXACT_SAFE,EXACT_ANALYTIC_SPHERE_SEGMENT_MINIMUM,EXACT_ANALYTIC,3b318a98a454ec5c36410b3c41dfb3dd4a25b7b5a1899f1f2c939fbf24ad0e55,False,False
5ad884c6d0a3d66bf26b3a6caa60fa2e848960303fa4b566237116d6c21b4a23,PR89_NORMALIZED_ONE_STEP,PR89_NORMALIZED_ONE_STEP,E1_REPLICA_GT_FINE:B3_FULL_UNIFIED_WITH_DIRECTIONAL_ALTERNATIVES:788b4d57f92623c65b14341200992ffaef996177a43ef2913ecd32eb3c62f8e6,ONE_STEP:0,E1_REPLICA_GT_FINE,REPRESENTATIVE_HOLDOUT,B3_FULL_UNIFIED_WITH_DIRECTIONAL_ALTERNATIVES,PRIMARY-CBF-FILTERED,EXECUTED_OR_SELECTED_HISTORICAL_CANDIDATE,PASS,True,PASS,FORMAL_SEGMENT_SAFE,"[2.349874163753314,2.925234794616699,-0.7166455690735842]","[2.3490698344436605,2.925234794616699,-0.7204146776606718]",0.2102511393731614,CERTIFIED_SAFE,SEGMENT_EXACT_SAFE,EXACT_ANALYTIC_SPHERE_SEGMENT_MINIMUM,EXACT_ANALYTIC,3b318a98a454ec5c36410b3c41dfb3dd4a25b7b5a1899f1f2c939fbf24ad0e55,False,False
6a210833a5deac61716acbc87e7b1837644f278b0d118fca52be135400dc9efc,PR89_NORMALIZED_ONE_STEP,PR89_NORMALIZED_ONE_STEP,E1_REPLICA_GT_FINE:B1_PLUS_SWEPT_SEGMENT:7de36db92b65e8b5a55842fe785c077c2dcc36bc063b6c78a4d3e8e3b97295a7,ONE_STEP:0,E1_REPLICA_GT_FINE,REPRESENTATIVE_HOLDOUT,B1_PLUS_SWEPT_SEGMENT,PRIMARY-CBF-FILTERED,EXECUTED_OR_SELECTED_HISTORICAL_CANDIDATE,PASS,True,PASS,FORMAL_SEGMENT_SAFE,"[3.707416099169038,2.925234794616699,2.666717368613613]","[3.705086437250972,2.925234794616699,2.662196829269197]",1.8230446705314107,CERTIFIED_SAFE,SEGMENT_EXACT_SAFE,EXACT_ANALYTIC_SPHERE_SEGMENT_MINIMUM,EXACT_ANALYTIC,3b318a98a454ec5c36410b3c41dfb3dd4a25b7b5a1899f1f2c939fbf24ad0e55,False,False
4c9fc9defd93fed1201fba2968cd82515d4a1ee435fe49afe2c699f857eb2805,PR89_NORMALIZED_ONE_STEP,PR89_NORMALIZED_ONE_STEP,E1_REPLICA_GT_FINE:B2_PLUS_TERMINAL_BACKUP:7de36db92b65e8b5a55842fe785c077c2dcc36bc063b6c78a4d3e8e3b97295a7,ONE_STEP:0,E1_REPLICA_GT_FINE,REPRESENTATIVE_HOLDOUT,B2_PLUS_TERMINAL_BACKUP,PRIMARY-CBF-FILTERED,EXECUTED_OR_SELECTED_HISTORICAL_CANDIDATE,PASS,True,PASS,FORMAL_SEGMENT_SAFE,"[3.707416099169038,2.925234794616699,2.666717368613613]","[3.705086437250972,2.925234794616699,2.662196829269197]",1.8230446705314107,CERTIFIED_SAFE,SEGMENT_EXACT_SAFE,EXACT_ANALYTIC_SPHERE_SEGMENT_MINIMUM,EXACT_ANALYTIC,3b318a98a454ec5c36410b3c41dfb3dd4a25b7b5a1899f1f2c939fbf24ad0e55,False,False
bc2cab9cb7103a9f6788fecd6b0a2e027351712fcc81d6b537085e2b4411cb36,PR89_NORMALIZED_ONE_STEP,PR89_NORMALIZED_ONE_STEP,E1_REPLICA_GT_FINE:B3_FULL_UNIFIED_WITH_DIRECTIONAL_ALTERNATIVES:7de36db92b65e8b5a55842fe785c077c2dcc36bc063b6c78a4d3e8e3b97295a7,ONE_STEP:0,E1_REPLICA_GT_FINE,REPRESENTATIVE_HOLDOUT,B3_FULL_UNIFIED_WITH_DIRECTIONAL_ALTERNATIVES,PRIMARY-CBF-FILTERED,EXECUTED_OR_SELECTED_HISTORICAL_CANDIDATE,PASS,True,PASS,FORMAL_SEGMENT_SAFE,"[3.707416099169038,2.925234794616699,2.666717368613613]","[3.705086437250972,2.925234794616699,2.662196829269197]",1.8230446705314107,CERTIFIED_SAFE,SEGMENT_EXACT_SAFE,EXACT_ANALYTIC_SPHERE_SEGMENT_MINIMUM,EXACT_ANALYTIC,3b318a98a454ec5c36410b3c41dfb3dd4a25b7b5a1899f1f2c939fbf24ad0e55,False,False
3bfd176ae5e2d87914b32b1c1b9310b76e667b3779b2a567a364c10fe6fefb4e,PR89_NORMALIZED_ONE_STEP,PR89_NORMALIZED_ONE_STEP,E1_REPLICA_GT_FINE:B1_PLUS_SWEPT_SEGMENT:81bd8b30708aafa4bc9934effa7973b325db701a2035093a09d36376fa07301f,ONE_STEP:0,E1_REPLICA_GT_FINE,REPRESENTATIVE_HOLDOUT,B1_PLUS_SWEPT_SEGMENT,PRIMARY-CBF-FILTERED,EXECUTED_OR_SELECTED_HISTORICAL_CANDIDATE,PASS,True,PASS,FORMAL_SEGMENT_SAFE,"[0.11526064574718475,0.12523484230041504,0.11228753626346588]","[0.11551050832073029,0.12523484230041504,0.11253739883701142]",0.9096330113357463,CERTIFIED_SAFE,SEGMENT_EXACT_SAFE,EXACT_ANALYTIC_SPHERE_SEGMENT_MINIMUM,EXACT_ANALYTIC,3b318a98a454ec5c36410b3c41dfb3dd4a25b7b5a1899f1f2c939fbf24ad0e55,False,False
a4cfabbc4fbd53ef10f7c08a408f5a3937ff62437eeaf9205088f8b9b7559bb9,PR89_NORMALIZED_ONE_STEP,PR89_NORMALIZED_ONE_STEP,E1_REPLICA_GT_FINE:B2_PLUS_TERMINAL_BACKUP:81bd8b30708aafa4bc9934effa7973b325db701a2035093a09d36376fa07301f,ONE_STEP:0,E1_REPLICA_GT_FINE,REPRESENTATIVE_HOLDOUT,B2_PLUS_TERMINAL_BACKUP,PRIMARY-CBF-FILTERED,LOGGED_NONEXECUTED_HISTORICAL_CANDIDATE,PASS,True,PASS,FORMAL_SEGMENT_SAFE,"[0.11526064574718475,0.12523484230041504,0.11228753626346588]","[0.11551050832073029,0.12523484230041504,0.11253739883701142]",0.9096330113357463,CERTIFIED_SAFE,SEGMENT_EXACT_SAFE,EXACT_ANALYTIC_SPHERE_SEGMENT_MINIMUM,EXACT_ANALYTIC,3b318a98a454ec5c36410b3c41dfb3dd4a25b7b5a1899f1f2c939fbf24ad0e55,False,False
c02b90a848619f3dde00292bac12623f5ca683ec9ae52821b3394c9fec63c412,PR89_NORMALIZED_ONE_STEP,PR89_NORMALIZED_ONE_STEP,E1_REPLICA_GT_FINE:B3_FULL_UNIFIED_WITH_DIRECTIONAL_ALTERNATIVES:81bd8b30708aafa4bc9934effa7973b325db701a2035093a09d36376fa07301f,ONE_STEP:0,E1_REPLICA_GT_FINE,REPRESENTATIVE_HOLDOUT,B3_FULL_UNIFIED_WITH_DIRECTIONAL_ALTERNATIVES,PRIMARY-CBF-FILTERED,LOGGED_NONEXECUTED_HISTORICAL_CANDIDATE,PASS,True,PASS,FORMAL_SEGMENT_SAFE,"[0.11526064574718475,0.12523484230041504,0.11228753626346588]","[0.11551050832073029,0.12523484230041504,0.11253739883701142]",0.9096330113357463,CERTIFIED_SAFE,SEGMENT_EXACT_SAFE,EXACT_ANALYTIC_SPHERE_SEGMENT_MINIMUM,EXACT_ANALYTIC,3b318a98a454ec5c36410b3c41dfb3dd4a25b7b5a1899f1f2c939fbf24ad0e55,False,False
26e492b213385cb386dede2b9bb78dd5f46100c12e22d589a78c5a2e82672e1f,PR89_NORMALIZED_ONE_STEP,PR89_NORMALIZED_ONE_STEP,E1_REPLICA_GT_FINE:B1_PLUS_SWEPT_SEGMENT:84021e8bbe632e99563456bdc99a262f1b67a19baf2c0351be31740d5d1d9672,ONE_STEP:0,E1_REPLICA_GT_FINE,REPRESENTATIVE_HOLDOUT,B1_PLUS_SWEPT_SEGMENT,PRIMARY-CBF-FILTERED,EXECUTED_OR_SELECTED_HISTORICAL_CANDIDATE,PASS,True,PASS,FORMAL_SEGMENT_SAFE,"[0.27417197102943724,0.12523484230041504,-0.7838880312253239]","[0.2765158712522556,0.12523484230041504,-0.7852588375416821]",0.4069875469534045,CERTIFIED_SAFE,SEGMENT_EXACT_SAFE,EXACT_ANALYTIC_SPHERE_SEGMENT_MINIMUM,EXACT_ANALYTIC,3b318a98a454ec5c36410b3c41dfb3dd4a25b7b5a1899f1f2c939fbf24ad0e55,False,False
720da91577d164a3767eadcf44f2fc853c88449bcaa40a202930506ab3b221e9,PR89_NORMALIZED_ONE_STEP,PR89_NORMALIZED_ONE_STEP,E1_REPLICA_GT_FINE:B2_PLUS_TERMINAL_BACKUP:84021e8bbe632e99563456bdc99a262f1b67a19baf2c0351be31740d5d1d9672,ONE_STEP:0,E1_REPLICA_GT_FINE,REPRESENTATIVE_HOLDOUT,B2_PLUS_TERMINAL_BACKUP,PRIMARY-CBF-FILTERED,EXECUTED_OR_SELECTED_HISTORICAL_CANDIDATE,PASS,True,PASS,FORMAL_SEGMENT_SAFE,"[0.27417197102943724,0.12523484230041504,-0.7838880312253239]","[0.2765158712522556,0.12523484230041504,-0.7852588375416821]",0.4069875469534045,CERTIFIED_SAFE,SEGMENT_EXACT_SAFE,EXACT_ANALYTIC_SPHERE_SEGMENT_MINIMUM,EXACT_ANALYTIC,3b318a98a454ec5c36410b3c41dfb3dd4a25b7b5a1899f1f2c939fbf24ad0e55,False,False
6bf0d0c1ac4921169b9a962028bf47d3c9bfce0ec4158f17e8730a25b4cd5293,PR89_NORMALIZED_ONE_STEP,PR89_NORMALIZED_ONE_STEP,E1_REPLICA_GT_FINE:B3_FULL_UNIFIED_WITH_DIRECTIONAL_ALTERNATIVES:84021e8bbe632e99563456bdc99a262f1b67a19baf2c0351be31740d5d1d9672,ONE_STEP:0,E1_REPLICA_GT_FINE,REPRESENTATIVE_HOLDOUT,B3_FULL_UNIFIED_WITH_DIRECTIONAL_ALTERNATIVES,PRIMARY-CBF-FILTERED,EXECUTED_OR_SELECTED_HISTORICAL_CANDIDATE,PASS,True,PASS,FORMAL_SEGMENT_SAFE,"[0.27417197102943724,0.12523484230041504,-0.7838880312253239]","[0.2765158712522556,0.12523484230041504,-0.7852588375416821]",0.4069875469534045,CERTIFIED_SAFE,SEGMENT_EXACT_SAFE,EXACT_ANALYTIC_SPHERE_SEGMENT_MINIMUM,EXACT_ANALYTIC,3b318a98a454ec5c36410b3c41dfb3dd4a25b7b5a1899f1f2c939fbf24ad0e55,False,False
ebffbf87993493bfce4f0282a508b24304f19cd5f20ad2d45f7262796681caa1,PR89_NORMALIZED_ONE_STEP,PR89_NORMALIZED_ONE_STEP,E1_REPLICA_GT_FINE:B1_PLUS_SWEPT_SEGMENT:84a0a576fc67cde3ffe6200ac6a834baf6997ae0a4aedddc478e735065956ec4,ONE_STEP:0,E1_REPLICA_GT_FINE,REPRESENTATIVE_HOLDOUT,B1_PLUS_SWEPT_SEGMENT,PRIMARY-CBF-FILTERED,EXECUTED_OR_SELECTED_HISTORICAL_CANDIDATE,PASS,True,PASS,FORMAL_SEGMENT_SAFE,"[2.109839677810669,2.925234794616699,-1.080878496170044]","[2.1095898152371233,2.925234794616699,-1.0806286335964983]",0.14135144315352677,CERTIFIED_SAFE,SEGMENT_EXACT_SAFE,EXACT_ANALYTIC_SPHERE_SEGMENT_MINIMUM,EXACT_ANALYTIC,3b318a98a454ec5c36410b3c41dfb3dd4a25b7b5a1899f1f2c939fbf24ad0e55,False,False
a9d90412cb8ffca3003e4ea76838bde2b9127d6ea5638fa195a018a431a9ad9d,PR89_NORMALIZED_ONE_STEP,PR89_NORMALIZED_ONE_STEP,E1_REPLICA_GT_FINE:B2_PLUS_TERMINAL_BACKUP:84a0a576fc67cde3ffe6200ac6a834baf6997ae0a4aedddc478e735065956ec4,ONE_STEP:0,E1_REPLICA_GT_FINE,REPRESENTATIVE_HOLDOUT,B2_PLUS_TERMINAL_BACKUP,PRIMARY-CBF-FILTERED,LOGGED_NONEXECUTED_HISTORICAL_CANDIDATE,PASS,True,PASS,FORMAL_SEGMENT_SAFE,"[2.109839677810669,2.925234794616699,-1.080878496170044]","[2.1095898152371233,2.925234794616699,-1.0806286335964983]",0.14135144315352677,CERTIFIED_SAFE,SEGMENT_EXACT_SAFE,EXACT_ANALYTIC_SPHERE_SEGMENT_MINIMUM,EXACT_ANALYTIC,3b318a98a454ec5c36410b3c41dfb3dd4a25b7b5a1899f1f2c939fbf24ad0e55,False,False
fff0fe70c3d62462ff2b1558f4be870a8c142f84c3530b3091ce2ef0b78573f8,PR89_NORMALIZED_ONE_STEP,PR89_NORMALIZED_ONE_STEP,E1_REPLICA_GT_FINE:B3_FULL_UNIFIED_WITH_DIRECTIONAL_ALTERNATIVES:84a0a576fc67cde3ffe6200ac6a834baf6997ae0a4aedddc478e735065956ec4,ONE_STEP:0,E1_REPLICA_GT_FINE,REPRESENTATIVE_HOLDOUT,B3_FULL_UNIFIED_WITH_DIRECTIONAL_ALTERNATIVES,PRIMARY-CBF-FILTERED,LOGGED_NONEXECUTED_HISTORICAL_CANDIDATE,PASS,True,PASS,FORMAL_SEGMENT_SAFE,"[2.109839677810669,2.925234794616699,-1.080878496170044]","[2.1095898152371233,2.925234794616699,-1.0806286335964983]",0.14135144315352677,CERTIFIED_SAFE,SEGMENT_EXACT_SAFE,EXACT_ANALYTIC_SPHERE_SEGMENT_MINIMUM,EXACT_ANALYTIC,3b318a98a454ec5c36410b3c41dfb3dd4a25b7b5a1899f1f2c939fbf24ad0e55,False,False
706b1c5c59d8d8c012c7c3baa6de641f1b0e94ea8e686ed7c8e9371bfdeb031e,PR89_NORMALIZED_ONE_STEP,PR89_NORMALIZED_ONE_STEP,E1_REPLICA_GT_FINE:B1_PLUS_SWEPT_SEGMENT:84da14cbb6a85f57891e737098cd6bbaa527730c78df060706962b92f2e41077,ONE_STEP:0,E1_REPLICA_GT_FINE,REPRESENTATIVE_HOLDOUT,B1_PLUS_SWEPT_SEGMENT,PRIMARY-CBF-FILTERED,EXECUTED_OR_SELECTED_HISTORICAL_CANDIDATE,PASS,True,PASS,FORMAL_SEGMENT_SAFE,"[-0.19519802288917543,2.925234794616699,2.8944942180221624]","[-0.19896972968705331,2.925234794616699,2.8952817935599278]",0.13126994828677138,CERTIFIED_SAFE,SEGMENT_EXACT_SAFE,EXACT_ANALYTIC_SPHERE_SEGMENT_MINIMUM,EXACT_ANALYTIC,3b318a98a454ec5c36410b3c41dfb3dd4a25b7b5a1899f1f2c939fbf24ad0e55,False,False
27d2842234f08ab5c2684436d5e0504fe991b58bddeee2fbd6fb6fb50420d107,PR89_NORMALIZED_ONE_STEP,PR89_NORMALIZED_ONE_STEP,E1_REPLICA_GT_FINE:B2_PLUS_TERMINAL_BACKUP:84da14cbb6a85f57891e737098cd6bbaa527730c78df060706962b92f2e41077,ONE_STEP:0,E1_REPLICA_GT_FINE,REPRESENTATIVE_HOLDOUT,B2_PLUS_TERMINAL_BACKUP,PRIMARY-CBF-FILTERED,EXECUTED_OR_SELECTED_HISTORICAL_CANDIDATE,PASS,True,PASS,FORMAL_SEGMENT_SAFE,"[-0.19519802288917543,2.925234794616699,2.8944942180221624]","[-0.19896972968705331,2.925234794616699,2.8952817935599278]",0.13126994828677138,CERTIFIED_SAFE,SEGMENT_EXACT_SAFE,EXACT_ANALYTIC_SPHERE_SEGMENT_MINIMUM,EXACT_ANALYTIC,3b318a98a454ec5c36410b3c41dfb3dd4a25b7b5a1899f1f2c939fbf24ad0e55,False,False
6d25e1a9a81c09090f9858781023233f4b29dcfe03b61612006a46fc015da2cc,PR89_NORMALIZED_ONE_STEP,PR89_NORMALIZED_ONE_STEP,E1_REPLICA_GT_FINE:B3_FULL_UNIFIED_WITH_DIRECTIONAL_ALTERNATIVES:84da14cbb6a85f57891e737098cd6bbaa527730c78df060706962b92f2e41077,ONE_STEP:0,E1_REPLICA_GT_FINE,REPRESENTATIVE_HOLDOUT,B3_FULL_UNIFIED_WITH_DIRECTIONAL_ALTERNATIVES,PRIMARY-CBF-FILTERED,EXECUTED_OR_SELECTED_HISTORICAL_CANDIDATE,PASS,True,PASS,FORMAL_SEGMENT_SAFE,"[-0.19519802288917543,2.925234794616699,2.8944942180221624]","[-0.19896972968705331,2.925234794616699,2.8952817935599278]",0.13126994828677138,CERTIFIED_SAFE,SEGMENT_EXACT_SAFE,EXACT_ANALYTIC_SPHERE_SEGMENT_MINIMUM,EXACT_ANALYTIC,3b318a98a454ec5c36410b3c41dfb3dd4a25b7b5a1899f1f2c939fbf24ad0e55,False,False
de4a0d6b0fa6d8c35b44edc522697b027c2455f83f76151851fc3c86255ff161,PR89_NORMALIZED_ONE_STEP,PR89_NORMALIZED_ONE_STEP,E1_REPLICA_GT_FINE:B1_PLUS_SWEPT_SEGMENT:86eefb69d0150d1c44331941c164e72984e4ec120cc98752b31c9366d71461c7,ONE_STEP:0,E1_REPLICA_GT_FINE,REPRESENTATIVE_HOLDOUT,B1_PLUS_SWEPT_SEGMENT,PRIMARY-CBF-FILTERED,EXECUTED_OR_SELECTED_HISTORICAL_CANDIDATE,PASS,True,PASS,FORMAL_SEGMENT_SAFE,"[-0.05831193574909688,2.925234794616699,0.4260817752737913]","[-0.06197536526302788,2.925234794616699,0.4248120179474455]",0.1820750858867236,CERTIFIED_SAFE,SEGMENT_EXACT_SAFE,EXACT_ANALYTIC_SPHERE_SEGMENT_MINIMUM,EXACT_ANALYTIC,3b318a98a454ec5c36410b3c41dfb3dd4a25b7b5a1899f1f2c939fbf24ad0e55,False,False
ccac83a89f3c1d0db0f4a4a2838125f16273c751b4527f2e12239cd5c43a10d5,PR89_NORMALIZED_ONE_STEP,PR89_NORMALIZED_ONE_STEP,E1_REPLICA_GT_FINE:B2_PLUS_TERMINAL_BACKUP:86eefb69d0150d1c44331941c164e72984e4ec120cc98752b31c9366d71461c7,ONE_STEP:0,E1_REPLICA_GT_FINE,REPRESENTATIVE_HOLDOUT,B2_PLUS_TERMINAL_BACKUP,PRIMARY-CBF-FILTERED,EXECUTED_OR_SELECTED_HISTORICAL_CANDIDATE,PASS,True,PASS,FORMAL_SEGMENT_SAFE,"[-0.05831193574909688,2.925234794616699,0.4260817752737913]","[-0.06197536526302788,2.925234794616699,0.4248120179474455]",0.1820750858867236,CERTIFIED_SAFE,SEGMENT_EXACT_SAFE,EXACT_ANALYTIC_SPHERE_SEGMENT_MINIMUM,EXACT_ANALYTIC,3b318a98a454ec5c36410b3c41dfb3dd4a25b7b5a1899f1f2c939fbf24ad0e55,False,False
951aff70af0e251ab404660a02ce6e1b1b15f7392ccf83cf458e8869b546185c,PR89_NORMALIZED_ONE_STEP,PR89_NORMALIZED_ONE_STEP,E1_REPLICA_GT_FINE:B3_FULL_UNIFIED_WITH_DIRECTIONAL_ALTERNATIVES:86eefb69d0150d1c44331941c164e72984e4ec120cc98752b31c9366d71461c7,ONE_STEP:0,E1_REPLICA_GT_FINE,REPRESENTATIVE_HOLDOUT,B3_FULL_UNIFIED_WITH_DIRECTIONAL_ALTERNATIVES,PRIMARY-CBF-FILTERED,EXECUTED_OR_SELECTED_HISTORICAL_CANDIDATE,PASS,True,PASS,FORMAL_SEGMENT_SAFE,"[-0.05831193574909688,2.925234794616699,0.4260817752737913]","[-0.06197536526302788,2.925234794616699,0.4248120179474455]",0.1820750858867236,CERTIFIED_SAFE,SEGMENT_EXACT_SAFE,EXACT_ANALYTIC_SPHERE_SEGMENT_MINIMUM,EXACT_ANALYTIC,3b318a98a454ec5c36410b3c41dfb3dd4a25b7b5a1899f1f2c939fbf24ad0e55,False,False
bf61ce322c6b91e2443010ffc92726416bc36ca378343e1460d51b04aa30c8ac,PR89_NORMALIZED_ONE_STEP,PR89_NORMALIZED_ONE_STEP,E1_REPLICA_GT_FINE:B1_PLUS_SWEPT_SEGMENT:87bd0b6a1b0a63bc11ad1030f9b2234c654101ded7bc5e69e15037304e805218,ONE_STEP:0,E1_REPLICA_GT_FINE,REPRESENTATIVE_HOLDOUT,B1_PLUS_SWEPT_SEGMENT,PRIMARY-CBF-FILTERED,EXECUTED_OR_SELECTED_HISTORICAL_CANDIDATE,PASS,True,PASS,FORMAL_SEGMENT_SAFE,"[1.6734120886998463,0.12523484230041504,-1.771088007269952]","[1.6773150750267556,0.1252348423005373,-1.7743741546454488]",0.07034777350868832,CERTIFIED_SAFE,SEGMENT_EXACT_SAFE,EXACT_ANALYTIC_SPHERE_SEGMENT_MINIMUM,EXACT_ANALYTIC,3b318a98a454ec5c36410b3c41dfb3dd4a25b7b5a1899f1f2c939fbf24ad0e55,False,False
cfa4e5fcd67454a5a792eb8bc4870cac593360ea2faf41ef594e1ef3b81c807e,PR89_NORMALIZED_ONE_STEP,PR89_NORMALIZED_ONE_STEP,E1_REPLICA_GT_FINE:B2_PLUS_TERMINAL_BACKUP:87bd0b6a1b0a63bc11ad1030f9b2234c654101ded7bc5e69e15037304e805218,ONE_STEP:0,E1_REPLICA_GT_FINE,REPRESENTATIVE_HOLDOUT,B2_PLUS_TERMINAL_BACKUP,PRIMARY-CBF-FILTERED,EXECUTED_OR_SELECTED_HISTORICAL_CANDIDATE,PASS,True,PASS,FORMAL_SEGMENT_SAFE,"[1.6734120886998463,0.12523484230041504,-1.771088007269952]","[1.6773150750267556,0.1252348423005373,-1.7743741546454488]",0.07034777350868832,CERTIFIED_SAFE,SEGMENT_EXACT_SAFE,EXACT_ANALYTIC_SPHERE_SEGMENT_MINIMUM,EXACT_ANALYTIC,3b318a98a454ec5c36410b3c41dfb3dd4a25b7b5a1899f1f2c939fbf24ad0e55,False,False
fc5901b803f3cdd8ecff51ead797b7990153ebb8f82f09556ea55087e5ca4434,PR89_NORMALIZED_ONE_STEP,PR89_NORMALIZED_ONE_STEP,E1_REPLICA_GT_FINE:B3_FULL_UNIFIED_WITH_DIRECTIONAL_ALTERNATIVES:87bd0b6a1b0a63bc11ad1030f9b2234c654101ded7bc5e69e15037304e805218,ONE_STEP:0,E1_REPLICA_GT_FINE,REPRESENTATIVE_HOLDOUT,B3_FULL_UNIFIED_WITH_DIRECTIONAL_ALTERNATIVES,PRIMARY-CBF-FILTERED,EXECUTED_OR_SELECTED_HISTORICAL_CANDIDATE,PASS,True,PASS,FORMAL_SEGMENT_SAFE,"[1.6734120886998463,0.12523484230041504,-1.771088007269952]","[1.6773150750267556,0.1252348423005373,-1.7743741546454488]",0.07034777350868832,CERTIFIED_SAFE,SEGMENT_EXACT_SAFE,EXACT_ANALYTIC_SPHERE_SEGMENT_MINIMUM,EXACT_ANALYTIC,3b318a98a454ec5c36410b3c41dfb3dd4a25b7b5a1899f1f2c939fbf24ad0e55,False,False
22fa41de487bc4ef93700b1e5a0c31652c4ec570af6552480c37057a8ddeb64d,PR89_NORMALIZED_ONE_STEP,PR89_NORMALIZED_ONE_STEP,E1_REPLICA_GT_FINE:B1_PLUS_SWEPT_SEGMENT:88087befaa968419af5898ae1e9756dcc729c5bf8bcc2111dab2d9440d699bdf,ONE_STEP:0,E1_REPLICA_GT_FINE,REPRESENTATIVE_HOLDOUT,B1_PLUS_SWEPT_SEGMENT,PRIMARY-CBF-FILTERED,EXECUTED_OR_SELECTED_HISTORICAL_CANDIDATE,PASS,True,PASS,FORMAL_SEGMENT_SAFE,"[1.614469701248767,2.925234794616699,2.9502928755032136]","[1.6139751073610868,2.9252347946218094,2.951704912364334]",0.058834618108066714,CERTIFIED_SAFE,SEGMENT_EXACT_SAFE,EXACT_ANALYTIC_SPHERE_SEGMENT_MINIMUM,EXACT_ANALYTIC,3b318a98a454ec5c36410b3c41dfb3dd4a25b7b5a1899f1f2c939fbf24ad0e55,False,False
f66c72e516dbc25898665f56d25c09e9d12c25a41c6891205902c18dfcb0a892,PR89_NORMALIZED_ONE_STEP,PR89_NORMALIZED_ONE_STEP,E1_REPLICA_GT_FINE:B2_PLUS_TERMINAL_BACKUP:88087befaa968419af5898ae1e9756dcc729c5bf8bcc2111dab2d9440d699bdf,ONE_STEP:0,E1_REPLICA_GT_FINE,REPRESENTATIVE_HOLDOUT,B2_PLUS_TERMINAL_BACKUP,PRIMARY-CBF-FILTERED,EXECUTED_OR_SELECTED_HISTORICAL_CANDIDATE,PASS,True,PASS,FORMAL_SEGMENT_SAFE,"[1.614469701248767,2.925234794616699,2.9502928755032136]","[1.6139751073610868,2.9252347946218094,2.951704912364334]",0.058834618108066714,CERTIFIED_SAFE,SEGMENT_EXACT_SAFE,EXACT_ANALYTIC_SPHERE_SEGMENT_MINIMUM,EXACT_ANALYTIC,3b318a98a454ec5c36410b3c41dfb3dd4a25b7b5a1899f1f2c939fbf24ad0e55,False,False
67d7fcc0d4fe21e4ccb8e4ea648fc73c2c5d8836f7bd4464a7a2b05f4c67b2d0,PR89_NORMALIZED_ONE_STEP,PR89_NORMALIZED_ONE_STEP,E1_REPLICA_GT_FINE:B3_FULL_UNIFIED_WITH_DIRECTIONAL_ALTERNATIVES:88087befaa968419af5898ae1e9756dcc729c5bf8bcc2111dab2d9440d699bdf,ONE_STEP:0,E1_REPLICA_GT_FINE,REPRESENTATIVE_HOLDOUT,B3_FULL_UNIFIED_WITH_DIRECTIONAL_ALTERNATIVES,PRIMARY-CBF-FILTERED,EXECUTED_OR_SELECTED_HISTORICAL_CANDIDATE,PASS,True,PASS,FORMAL_SEGMENT_SAFE,"[1.614469701248767,2.925234794616699,2.9502928755032136]","[1.6139751073610868,2.9252347946218094,2.951704912364334]",0.058834618108066714,CERTIFIED_SAFE,SEGMENT_EXACT_SAFE,EXACT_ANALYTIC_SPHERE_SEGMENT_MINIMUM,EXACT_ANALYTIC,3b318a98a454ec5c36410b3c41dfb3dd4a25b7b5a1899f1f2c939fbf24ad0e55,False,False
ecd2c00bbcbc447a49bbbd912705c0f1f5f449fdc6650ff6c5e7aab3e006755d,PR89_NORMALIZED_ONE_STEP,PR89_NORMALIZED_ONE_STEP,E1_REPLICA_GT_FINE:B1_PLUS_SWEPT_SEGMENT:8b78e6cdf5bcaf0a606078743c6a1617245b8dda376be2c9b360456d7aa5c150,ONE_STEP:0,E1_REPLICA_GT_FINE,REPRESENTATIVE_HOLDOUT,B1_PLUS_SWEPT_SEGMENT,PRIMARY-CBF-FILTERED,EXECUTED_OR_SELECTED_HISTORICAL_CANDIDATE,PASS,True,PASS,FORMAL_SEGMENT_SAFE,"[2.705716489914259,0.12523484230041504,-2.1149399464363565]","[2.7083391651760342,0.12523484230041504,-2.115165086868509]",0.31249485853325104,CERTIFIED_SAFE,SEGMENT_EXACT_SAFE,EXACT_ANALYTIC_SPHERE_SEGMENT_MINIMUM,EXACT_ANALYTIC,3b318a98a454ec5c36410b3c41dfb3dd4a25b7b5a1899f1f2c939fbf24ad0e55,False,False
1c178ea404b7c5145d35dba92f7c3b5470e46adac2adae46afb7c4fcccb5afb5,PR89_NORMALIZED_ONE_STEP,PR89_NORMALIZED_ONE_STEP,E1_REPLICA_GT_FINE:B2_PLUS_TERMINAL_BACKUP:8b78e6cdf5bcaf0a606078743c6a1617245b8dda376be2c9b360456d7aa5c150,ONE_STEP:0,E1_REPLICA_GT_FINE,REPRESENTATIVE_HOLDOUT,B2_PLUS_TERMINAL_BACKUP,PRIMARY-CBF-FILTERED,EXECUTED_OR_SELECTED_HISTORICAL_CANDIDATE,PASS,True,PASS,FORMAL_SEGMENT_SAFE,"[2.705716489914259,0.12523484230041504,-2.1149399464363565]","[2.7083391651760342,0.12523484230041504,-2.115165086868509]",0.31249485853325104,CERTIFIED_SAFE,SEGMENT_EXACT_SAFE,EXACT_ANALYTIC_SPHERE_SEGMENT_MINIMUM,EXACT_ANALYTIC,3b318a98a454ec5c36410b3c41dfb3dd4a25b7b5a1899f1f2c939fbf24ad0e55,False,False
6095efed994b98d1bcbd77d2bc3b07ad1f7eb74a72659bed284d7272f29aadb3,PR89_NORMALIZED_ONE_STEP,PR89_NORMALIZED_ONE_STEP,E1_REPLICA_GT_FINE:B3_FULL_UNIFIED_WITH_DIRECTIONAL_ALTERNATIVES:8b78e6cdf5bcaf0a606078743c6a1617245b8dda376be2c9b360456d7aa5c150,ONE_STEP:0,E1_REPLICA_GT_FINE,REPRESENTATIVE_HOLDOUT,B3_FULL_UNIFIED_WITH_DIRECTIONAL_ALTERNATIVES,PRIMARY-CBF-FILTERED,EXECUTED_OR_SELECTED_HISTORICAL_CANDIDATE,PASS,True,PASS,FORMAL_SEGMENT_SAFE,"[2.705716489914259,0.12523484230041504,-2.1149399464363565]","[2.7083391651760342,0.12523484230041504,-2.115165086868509]",0.31249485853325104,CERTIFIED_SAFE,SEGMENT_EXACT_SAFE,EXACT_ANALYTIC_SPHERE_SEGMENT_MINIMUM,EXACT_ANALYTIC,3b318a98a454ec5c36410b3c41dfb3dd4a25b7b5a1899f1f2c939fbf24ad0e55,False,False
9a47ceb8cdde792d9ed68c928de366ecbc813cc6766d28bea783655ee2cb4f79,PR89_NORMALIZED_ONE_STEP,PR89_NORMALIZED_ONE_STEP,E1_REPLICA_GT_FINE:B1_PLUS_SWEPT_SEGMENT:8cc12b133e65bd951a13af6caf997eb0b7f67c04bad5ded6097777f7f8435a4f,ONE_STEP:0,E1_REPLICA_GT_FINE,REPRESENTATIVE_HOLDOUT,B1_PLUS_SWEPT_SEGMENT,PRIMARY-CBF-FILTERED,EXECUTED_OR_SELECTED_HISTORICAL_CANDIDATE,PASS,True,PASS,FORMAL_SEGMENT_SAFE,"[-0.07733803930075939,0.12523484230041504,2.592410265739792]","[-0.07958912425674887,0.12523484230041504,2.593939438896259]",0.44569769221358735,CERTIFIED_SAFE,SEGMENT_EXACT_SAFE,EXACT_ANALYTIC_SPHERE_SEGMENT_MINIMUM,EXACT_ANALYTIC,3b318a98a454ec5c36410b3c41dfb3dd4a25b7b5a1899f1f2c939fbf24ad0e55,False,False
989fe2ae43f66ba2f1e322223076fff7293deafbc525a818917fed496f761a87,PR89_NORMALIZED_ONE_STEP,PR89_NORMALIZED_ONE_STEP,E1_REPLICA_GT_FINE:B2_PLUS_TERMINAL_BACKUP:8cc12b133e65bd951a13af6caf997eb0b7f67c04bad5ded6097777f7f8435a4f,ONE_STEP:0,E1_REPLICA_GT_FINE,REPRESENTATIVE_HOLDOUT,B2_PLUS_TERMINAL_BACKUP,PRIMARY-CBF-FILTERED,EXECUTED_OR_SELECTED_HISTORICAL_CANDIDATE,PASS,True,PASS,FORMAL_SEGMENT_SAFE,"[-0.07733803930075939,0.12523484230041504,2.592410265739792]","[-0.07958912425674887,0.12523484230041504,2.593939438896259]",0.44569769221358735,CERTIFIED_SAFE,SEGMENT_EXACT_SAFE,EXACT_ANALYTIC_SPHERE_SEGMENT_MINIMUM,EXACT_ANALYTIC,3b318a98a454ec5c36410b3c41dfb3dd4a25b7b5a1899f1f2c939fbf24ad0e55,False,False
fda532c4199efa5599989689d3c5c9c5dda7759594c228db6e4f8682b6f48158,PR89_NORMALIZED_ONE_STEP,PR89_NORMALIZED_ONE_STEP,E1_REPLICA_GT_FINE:B3_FULL_UNIFIED_WITH_DIRECTIONAL_ALTERNATIVES:8cc12b133e65bd951a13af6caf997eb0b7f67c04bad5ded6097777f7f8435a4f,ONE_STEP:0,E1_REPLICA_GT_FINE,REPRESENTATIVE_HOLDOUT,B3_FULL_UNIFIED_WITH_DIRECTIONAL_ALTERNATIVES,PRIMARY-CBF-FILTERED,EXECUTED_OR_SELECTED_HISTORICAL_CANDIDATE,PASS,True,PASS,FORMAL_SEGMENT_SAFE,"[-0.07733803930075939,0.12523484230041504,2.592410265739792]","[-0.07958912425674887,0.12523484230041504,2.593939438896259]",0.44569769221358735,CERTIFIED_SAFE,SEGMENT_EXACT_SAFE,EXACT_ANALYTIC_SPHERE_SEGMENT_MINIMUM,EXACT_ANALYTIC,3b318a98a454ec5c36410b3c41dfb3dd4a25b7b5a1899f1f2c939fbf24ad0e55,False,False
2c5ffe159c56957b0ccc64fdb944f45848d4da683d61949a49fa6dfc373cd5ff,PR89_NORMALIZED_ONE_STEP,PR89_NORMALIZED_ONE_STEP,E1_REPLICA_GT_FINE:B1_PLUS_SWEPT_SEGMENT:8ce653829b112a02c4a96a9006348675cb389dc74c3e7f383926ce153620b0e2,ONE_STEP:0,E1_REPLICA_GT_FINE,REPRESENTATIVE_HOLDOUT,B1_PLUS_SWEPT_SEGMENT,PRIMARY-CBF-FILTERED,EXECUTED_OR_SELECTED_HISTORICAL_CANDIDATE,PASS,True,PASS,FORMAL_SEGMENT_SAFE,"[3.483772049809044,2.925234794616699,2.2074693039682836]","[3.4830021344254902,2.925234794616699,2.206151669154818]",1.2627999786615198,CERTIFIED_SAFE,SEGMENT_EXACT_SAFE,EXACT_ANALYTIC_SPHERE_SEGMENT_MINIMUM,EXACT_ANALYTIC,3b318a98a454ec5c36410b3c41dfb3dd4a25b7b5a1899f1f2c939fbf24ad0e55,False,False
2cf1500db8367ecc6eb30f49d48d31fe1b466fa47d3672506fd9544222bc7854,PR89_NORMALIZED_ONE_STEP,PR89_NORMALIZED_ONE_STEP,E1_REPLICA_GT_FINE:B2_PLUS_TERMINAL_BACKUP:8ce653829b112a02c4a96a9006348675cb389dc74c3e7f383926ce153620b0e2,ONE_STEP:0,E1_REPLICA_GT_FINE,REPRESENTATIVE_HOLDOUT,B2_PLUS_TERMINAL_BACKUP,PRIMARY-CBF-FILTERED,EXECUTED_OR_SELECTED_HISTORICAL_CANDIDATE,PASS,True,PASS,FORMAL_SEGMENT_SAFE,"[3.483772049809044,2.925234794616699,2.2074693039682836]","[3.4830021344254902,2.925234794616699,2.206151669154818]",1.2627999786615198,CERTIFIED_SAFE,SEGMENT_EXACT_SAFE,EXACT_ANALYTIC_SPHERE_SEGMENT_MINIMUM,EXACT_ANALYTIC,3b318a98a454ec5c36410b3c41dfb3dd4a25b7b5a1899f1f2c939fbf24ad0e55,False,False
7b2cb0cdd26bbad18d6c63a6b1eb4629db8963b556b84c48b50fda8ea47eaf6b,PR89_NORMALIZED_ONE_STEP,PR89_NORMALIZED_ONE_STEP,E1_REPLICA_GT_FINE:B3_FULL_UNIFIED_WITH_DIRECTIONAL_ALTERNATIVES:8ce653829b112a02c4a96a9006348675cb389dc74c3e7f383926ce153620b0e2,ONE_STEP:0,E1_REPLICA_GT_FINE,REPRESENTATIVE_HOLDOUT,B3_FULL_UNIFIED_WITH_DIRECTIONAL_ALTERNATIVES,PRIMARY-CBF-FILTERED,EXECUTED_OR_SELECTED_HISTORICAL_CANDIDATE,PASS,True,PASS,FORMAL_SEGMENT_SAFE,"[3.483772049809044,2.925234794616699,2.2074693039682836]","[3.4830021344254902,2.925234794616699,2.206151669154818]",1.2627999786615198,CERTIFIED_SAFE,SEGMENT_EXACT_SAFE,EXACT_ANALYTIC_SPHERE_SEGMENT_MINIMUM,EXACT_ANALYTIC,3b318a98a454ec5c36410b3c41dfb3dd4a25b7b5a1899f1f2c939fbf24ad0e55,False,False
1f64e6556ca2bb42e5376985ca4a48a49a8e1f87457e37292ef9c5bbf5dc3742,PR89_NORMALIZED_ONE_STEP,PR89_NORMALIZED_ONE_STEP,E1_REPLICA_GT_FINE:B1_PLUS_SWEPT_SEGMENT:8e504196defd2c5ea1aec7490652787a66f7aefbb06c6d9fe6871d505c4ca55c,ONE_STEP:0,E1_REPLICA_GT_FINE,REPRESENTATIVE_HOLDOUT,B1_PLUS_SWEPT_SEGMENT,PRIMARY-CBF-FILTERED,EXECUTED_OR_SELECTED_HISTORICAL_CANDIDATE,PASS,True,PASS,FORMAL_SEGMENT_SAFE,"[3.2933353323114005,0.12523484230041504,-1.0334764571658985]","[3.2909960178492663,0.1252348422901359,-1.0348557885876475]",0.04724205615092077,CERTIFIED_SAFE,SEGMENT_EXACT_SAFE,EXACT_ANALYTIC_SPHERE_SEGMENT_MINIMUM,EXACT_ANALYTIC,3b318a98a454ec5c36410b3c41dfb3dd4a25b7b5a1899f1f2c939fbf24ad0e55,False,False
60ae0014623cf2bf0c1abf667f03b2bbef66f5121e2ab82410df75988edbb280,PR89_NORMALIZED_ONE_STEP,PR89_NORMALIZED_ONE_STEP,E1_REPLICA_GT_FINE:B2_PLUS_TERMINAL_BACKUP:8e504196defd2c5ea1aec7490652787a66f7aefbb06c6d9fe6871d505c4ca55c,ONE_STEP:0,E1_REPLICA_GT_FINE,REPRESENTATIVE_HOLDOUT,B2_PLUS_TERMINAL_BACKUP,PRIMARY-CBF-FILTERED,EXECUTED_OR_SELECTED_HISTORICAL_CANDIDATE,PASS,True,PASS,FORMAL_SEGMENT_SAFE,"[3.2933353323114005,0.12523484230041504,-1.0334764571658985]","[3.2909960178492663,0.1252348422901359,-1.0348557885876475]",0.04724205615092077,CERTIFIED_SAFE,SEGMENT_EXACT_SAFE,EXACT_ANALYTIC_SPHERE_SEGMENT_MINIMUM,EXACT_ANALYTIC,3b318a98a454ec5c36410b3c41dfb3dd4a25b7b5a1899f1f2c939fbf24ad0e55,False,False
d25aeb748daba734cf682a330114903706aad8949cff044b899fb0cc501959de,PR89_NORMALIZED_ONE_STEP,PR89_NORMALIZED_ONE_STEP,E1_REPLICA_GT_FINE:B3_FULL_UNIFIED_WITH_DIRECTIONAL_ALTERNATIVES:8e504196defd2c5ea1aec7490652787a66f7aefbb06c6d9fe6871d505c4ca55c,ONE_STEP:0,E1_REPLICA_GT_FINE,REPRESENTATIVE_HOLDOUT,B3_FULL_UNIFIED_WITH_DIRECTIONAL_ALTERNATIVES,PRIMARY-CBF-FILTERED,EXECUTED_OR_SELECTED_HISTORICAL_CANDIDATE,PASS,True,PASS,FORMAL_SEGMENT_SAFE,"[3.2933353323114005,0.12523484230041504,-1.0334764571658985]","[3.2909960178492663,0.1252348422901359,-1.0348557885876475]",0.04724205615092077,CERTIFIED_SAFE,SEGMENT_EXACT_SAFE,EXACT_ANALYTIC_SPHERE_SEGMENT_MINIMUM,EXACT_ANALYTIC,3b318a98a454ec5c36410b3c41dfb3dd4a25b7b5a1899f1f2c939fbf24ad0e55,False,False
d882bf734dc802d91d571912281c604db78e636054761f09705801320f99b5f3,PR89_NORMALIZED_ONE_STEP,PR89_NORMALIZED_ONE_STEP,E1_REPLICA_GT_FINE:B1_PLUS_SWEPT_SEGMENT:93362caa2883f77e4fca88ba1ae09af837a1445d92f6739edfaab6c44259cbe4,ONE_STEP:0,E1_REPLICA_GT_FINE,REPRESENTATIVE_HOLDOUT,B1_PLUS_SWEPT_SEGMENT,PRIMARY-CBF-FILTERED,EXECUTED_OR_SELECTED_HISTORICAL_CANDIDATE,PASS,True,PASS,FORMAL_SEGMENT_SAFE,"[0.5515613875419378,2.925234794616699,1.0839531110713883]","[0.5552727974412569,2.925234794616699,1.0828604679922604]",0.18500225841212975,CERTIFIED_SAFE,SEGMENT_EXACT_SAFE,EXACT_ANALYTIC_SPHERE_SEGMENT_MINIMUM,EXACT_ANALYTIC,3b318a98a454ec5c36410b3c41dfb3dd4a25b7b5a1899f1f2c939fbf24ad0e55,False,False
c8efd4cd276b6d1006e087cdf399bafaff29e1a85ee3282dbaa43832fac26c85,PR89_NORMALIZED_ONE_STEP,PR89_NORMALIZED_ONE_STEP,E1_REPLICA_GT_FINE:B2_PLUS_TERMINAL_BACKUP:93362caa2883f77e4fca88ba1ae09af837a1445d92f6739edfaab6c44259cbe4,ONE_STEP:0,E1_REPLICA_GT_FINE,REPRESENTATIVE_HOLDOUT,B2_PLUS_TERMINAL_BACKUP,PRIMARY-CBF-FILTERED,EXECUTED_OR_SELECTED_HISTORICAL_CANDIDATE,PASS,True,PASS,FORMAL_SEGMENT_SAFE,"[0.5515613875419378,2.925234794616699,1.0839531110713883]","[0.5552727974412569,2.925234794616699,1.0828604679922604]",0.18500225841212975,CERTIFIED_SAFE,SEGMENT_EXACT_SAFE,EXACT_ANALYTIC_SPHERE_SEGMENT_MINIMUM,EXACT_ANALYTIC,3b318a98a454ec5c36410b3c41dfb3dd4a25b7b5a1899f1f2c939fbf24ad0e55,False,False
567a1c03c7584d6498cea8f1a05d26a6c6e2b0f3f425d4630efe734e061a3538,PR89_NORMALIZED_ONE_STEP,PR89_NORMALIZED_ONE_STEP,E1_REPLICA_GT_FINE:B3_FULL_UNIFIED_WITH_DIRECTIONAL_ALTERNATIVES:93362caa2883f77e4fca88ba1ae09af837a1445d92f6739edfaab6c44259cbe4,ONE_STEP:0,E1_REPLICA_GT_FINE,REPRESENTATIVE_HOLDOUT,B3_FULL_UNIFIED_WITH_DIRECTIONAL_ALTERNATIVES,PRIMARY-CBF-FILTERED,EXECUTED_OR_SELECTED_HISTORICAL_CANDIDATE,PASS,True,PASS,FORMAL_SEGMENT_SAFE,"[0.5515613875419378,2.925234794616699,1.0839531110713883]","[0.5552727974412569,2.925234794616699,1.0828604679922604]",0.18500225841212975,CERTIFIED_SAFE,SEGMENT_EXACT_SAFE,EXACT_ANALYTIC_SPHERE_SEGMENT_MINIMUM,EXACT_ANALYTIC,3b318a98a454ec5c36410b3c41dfb3dd4a25b7b5a1899f1f2c939fbf24ad0e55,False,False
777cda3546216de2ca1ce8c5b6cae9fbfbd8937cf03f89aa6869d35ca7711f12,PR89_NORMALIZED_ONE_STEP,PR89_NORMALIZED_ONE_STEP,E1_REPLICA_GT_FINE:B1_PLUS_SWEPT_SEGMENT:9bf128bb6bcad00e343981de7391b5d60e6d4d6ff29a8a07617a76803ac99282,ONE_STEP:0,E1_REPLICA_GT_FINE,REPRESENTATIVE_HOLDOUT,B1_PLUS_SWEPT_SEGMENT,PRIMARY-CBF-FILTERED,EXECUTED_OR_SELECTED_HISTORICAL_CANDIDATE,PASS,True,PASS,FORMAL_SEGMENT_SAFE,"[1.114694505929947,2.925234794616699,2.8514721393585205]","[1.1144446186328232,2.9252347946218524,2.8512222489787455]",0.057237204101536265,CERTIFIED_SAFE,SEGMENT_EXACT_SAFE,EXACT_ANALYTIC_SPHERE_SEGMENT_MINIMUM,EXACT_ANALYTIC,3b318a98a454ec5c36410b3c41dfb3dd4a25b7b5a1899f1f2c939fbf24ad0e55,False,False
936ff9fce6b9cdc3d1a68a10cfb65be769f74b8618ce091127fdff479a1b986d,PR89_NORMALIZED_ONE_STEP,PR89_NORMALIZED_ONE_STEP,E1_REPLICA_GT_FINE:B2_PLUS_TERMINAL_BACKUP:9bf128bb6bcad00e343981de7391b5d60e6d4d6ff29a8a07617a76803ac99282,ONE_STEP:0,E1_REPLICA_GT_FINE,REPRESENTATIVE_HOLDOUT,B2_PLUS_TERMINAL_BACKUP,PRIMARY-CBF-FILTERED,LOGGED_NONEXECUTED_HISTORICAL_CANDIDATE,PASS,True,PASS,FORMAL_SEGMENT_SAFE,"[1.114694505929947,2.925234794616699,2.8514721393585205]","[1.1144446186328232,2.9252347946218524,2.8512222489787455]",0.057237204101536265,CERTIFIED_SAFE,SEGMENT_EXACT_SAFE,EXACT_ANALYTIC_SPHERE_SEGMENT_MINIMUM,EXACT_ANALYTIC,3b318a98a454ec5c36410b3c41dfb3dd4a25b7b5a1899f1f2c939fbf24ad0e55,False,False
534ad88ab4371da390cd08fd96556eb81eaefab73faa765ebb8d2395b5aa92a5,PR89_NORMALIZED_ONE_STEP,PR89_NORMALIZED_ONE_STEP,E1_REPLICA_GT_FINE:B3_FULL_UNIFIED_WITH_DIRECTIONAL_ALTERNATIVES:9bf128bb6bcad00e343981de7391b5d60e6d4d6ff29a8a07617a76803ac99282,ONE_STEP:0,E1_REPLICA_GT_FINE,REPRESENTATIVE_HOLDOUT,B3_FULL_UNIFIED_WITH_DIRECTIONAL_ALTERNATIVES,PRIMARY-CBF-FILTERED,LOGGED_NONEXECUTED_HISTORICAL_CANDIDATE,PASS,True,PASS,FORMAL_SEGMENT_SAFE,"[1.114694505929947,2.925234794616699,2.8514721393585205]","[1.1144446186328232,2.9252347946218524,2.8512222489787455]",0.057237204101536265,CERTIFIED_SAFE,SEGMENT_EXACT_SAFE,EXACT_ANALYTIC_SPHERE_SEGMENT_MINIMUM,EXACT_ANALYTIC,3b318a98a454ec5c36410b3c41dfb3dd4a25b7b5a1899f1f2c939fbf24ad0e55,False,False
e8da30cb83de1f224e1603a5e96570e0129dece68ff8641ba6bdc9c5a98c4b38,PR89_NORMALIZED_ONE_STEP,PR89_NORMALIZED_ONE_STEP,E1_REPLICA_GT_FINE:B1_PLUS_SWEPT_SEGMENT:9c75d9c390ceba06164709eb47179480623514a41935f545bf2cf3693a6d5112,ONE_STEP:0,E1_REPLICA_GT_FINE,REPRESENTATIVE_HOLDOUT,B1_PLUS_SWEPT_SEGMENT,PRIMARY-CBF-FILTERED,EXECUTED_OR_SELECTED_HISTORICAL_CANDIDATE,PASS,True,PASS,FORMAL_SEGMENT_SAFE,"[3.8870771527290344,0.12523484230041504,0.06391740590333939]","[3.886827290155489,0.12523484230041504,0.06366754332979388]",0.39364892402281,CERTIFIED_SAFE,SEGMENT_EXACT_SAFE,EXACT_ANALYTIC_SPHERE_SEGMENT_MINIMUM,EXACT_ANALYTIC,3b318a98a454ec5c36410b3c41dfb3dd4a25b7b5a1899f1f2c939fbf24ad0e55,False,False
66a3389c71ab64610a3ebebb8ef6e99ca13686aa2103d75eb5d10b7966a7b87a,PR89_NORMALIZED_ONE_STEP,PR89_NORMALIZED_ONE_STEP,E1_REPLICA_GT_FINE:B2_PLUS_TERMINAL_BACKUP:9c75d9c390ceba06164709eb47179480623514a41935f545bf2cf3693a6d5112,ONE_STEP:0,E1_REPLICA_GT_FINE,REPRESENTATIVE_HOLDOUT,B2_PLUS_TERMINAL_BACKUP,PRIMARY-CBF-FILTERED,LOGGED_NONEXECUTED_HISTORICAL_CANDIDATE,PASS,True,PASS,FORMAL_SEGMENT_SAFE,"[3.8870771527290344,0.12523484230041504,0.06391740590333939]","[3.886827290155489,0.12523484230041504,0.06366754332979388]",0.39364892402281,CERTIFIED_SAFE,SEGMENT_EXACT_SAFE,EXACT_ANALYTIC_SPHERE_SEGMENT_MINIMUM,EXACT_ANALYTIC,3b318a98a454ec5c36410b3c41dfb3dd4a25b7b5a1899f1f2c939fbf24ad0e55,False,False
14db4bbfa0c0595f7aee6b4c11fa8e36349649ef441f4382858d5abff80c7ac0,PR89_NORMALIZED_ONE_STEP,PR89_NORMALIZED_ONE_STEP,E1_REPLICA_GT_FINE:B3_FULL_UNIFIED_WITH_DIRECTIONAL_ALTERNATIVES:9c75d9c390ceba06164709eb47179480623514a41935f545bf2cf3693a6d5112,ONE_STEP:0,E1_REPLICA_GT_FINE,REPRESENTATIVE_HOLDOUT,B3_FULL_UNIFIED_WITH_DIRECTIONAL_ALTERNATIVES,PRIMARY-CBF-FILTERED,LOGGED_NONEXECUTED_HISTORICAL_CANDIDATE,PASS,True,PASS,FORMAL_SEGMENT_SAFE,"[3.8870771527290344,0.12523484230041504,0.06391740590333939]","[3.886827290155489,0.12523484230041504,0.06366754332979388]",0.39364892402281,CERTIFIED_SAFE,SEGMENT_EXACT_SAFE,EXACT_ANALYTIC_SPHERE_SEGMENT_MINIMUM,EXACT_ANALYTIC,3b318a98a454ec5c36410b3c41dfb3dd4a25b7b5a1899f1f2c939fbf24ad0e55,False,False
d6c2e1c9efde71001dc02b85be5a86d46c8e74feaf5fcdedb133e0af5a5e70d0,PR89_NORMALIZED_ONE_STEP,PR89_NORMALIZED_ONE_STEP,E1_REPLICA_GT_FINE:B1_PLUS_SWEPT_SEGMENT:9e3be875581b0cfffa451e9283682b85d00672662d29e6d4707adcc6449d1fc1,ONE_STEP:0,E1_REPLICA_GT_FINE,REPRESENTATIVE_HOLDOUT,B1_PLUS_SWEPT_SEGMENT,PRIMARY-CBF-FILTERED,EXECUTED_OR_SELECTED_HISTORICAL_CANDIDATE,PASS,True,PASS,FORMAL_SEGMENT_SAFE,"[3.760325183133569,0.12523484230041504,0.4350024688937616]","[3.759030452983182,0.12523484230041504,0.43418793807228495]",0.2676278257152771,CERTIFIED_SAFE,SEGMENT_EXACT_SAFE,EXACT_ANALYTIC_SPHERE_SEGMENT_MINIMUM,EXACT_ANALYTIC,3b318a98a454ec5c36410b3c41dfb3dd4a25b7b5a1899f1f2c939fbf24ad0e55,False,False
a52e679d01b17c901e313526cc86a067a5033d0ee7bc56ee66aac22972d88644,PR89_NORMALIZED_ONE_STEP,PR89_NORMALIZED_ONE_STEP,E1_REPLICA_GT_FINE:B2_PLUS_TERMINAL_BACKUP:9e3be875581b0cfffa451e9283682b85d00672662d29e6d4707adcc6449d1fc1,ONE_STEP:0,E1_REPLICA_GT_FINE,REPRESENTATIVE_HOLDOUT,B2_PLUS_TERMINAL_BACKUP,PRIMARY-CBF-FILTERED,EXECUTED_OR_SELECTED_HISTORICAL_CANDIDATE,PASS,True,PASS,FORMAL_SEGMENT_SAFE,"[3.760325183133569,0.12523484230041504,0.4350024688937616]","[3.759030452983182,0.12523484230041504,0.43418793807228495]",0.2676278257152771,CERTIFIED_SAFE,SEGMENT_EXACT_SAFE,EXACT_ANALYTIC_SPHERE_SEGMENT_MINIMUM,EXACT_ANALYTIC,3b318a98a454ec5c36410b3c41dfb3dd4a25b7b5a1899f1f2c939fbf24ad0e55,False,False
3b937c54d0a05b8c0d797e55d1c304e9a68d6c88fcbcb69100143e67bd0adf97,PR89_NORMALIZED_ONE_STEP,PR89_NORMALIZED_ONE_STEP,E1_REPLICA_GT_FINE:B3_FULL_UNIFIED_WITH_DIRECTIONAL_ALTERNATIVES:9e3be875581b0cfffa451e9283682b85d00672662d29e6d4707adcc6449d1fc1,ONE_STEP:0,E1_REPLICA_GT_FINE,REPRESENTATIVE_HOLDOUT,B3_FULL_UNIFIED_WITH_DIRECTIONAL_ALTERNATIVES,PRIMARY-CBF-FILTERED,EXECUTED_OR_SELECTED_HISTORICAL_CANDIDATE,PASS,True,PASS,FORMAL_SEGMENT_SAFE,"[3.760325183133569,0.12523484230041504,0.4350024688937616]","[3.759030452983182,0.12523484230041504,0.43418793807228495]",0.2676278257152771,CERTIFIED_SAFE,SEGMENT_EXACT_SAFE,EXACT_ANALYTIC_SPHERE_SEGMENT_MINIMUM,EXACT_ANALYTIC,3b318a98a454ec5c36410b3c41dfb3dd4a25b7b5a1899f1f2c939fbf24ad0e55,False,False
f21f6d45fc3c1c1d8844ad1998d6aff91abf3b517f0790c6974bff224ca5d52f,PR89_NORMALIZED_ONE_STEP,PR89_NORMALIZED_ONE_STEP,E1_REPLICA_GT_FINE:B1_PLUS_SWEPT_SEGMENT:9fb2c4c8330aecc71d499269313b5a9886a43e4b62c7ad3cb26e84322c8a97e3,ONE_STEP:0,E1_REPLICA_GT_FINE,REPRESENTATIVE_HOLDOUT,B1_PLUS_SWEPT_SEGMENT,PRIMARY-CBF-FILTERED,EXECUTED_OR_SELECTED_HISTORICAL_CANDIDATE,PASS,True,PASS,FORMAL_SEGMENT_SAFE,"[3.0689481972874244,0.12523484230041504,-2.1168353873934427]","[3.0739420091415894,0.12523484230041504,-2.1163430083659707]",0.311609954365599,CERTIFIED_SAFE,SEGMENT_EXACT_SAFE,EXACT_ANALYTIC_SPHERE_SEGMENT_MINIMUM,EXACT_ANALYTIC,3b318a98a454ec5c36410b3c41dfb3dd4a25b7b5a1899f1f2c939fbf24ad0e55,False,False
170f71cb60ecb92f45b7f8ac6c1d9df2595364eba20194eda8a9e1dffcb304f8,PR89_NORMALIZED_ONE_STEP,PR89_NORMALIZED_ONE_STEP,E1_REPLICA_GT_FINE:B2_PLUS_TERMINAL_BACKUP:9fb2c4c8330aecc71d499269313b5a9886a43e4b62c7ad3cb26e84322c8a97e3,ONE_STEP:0,E1_REPLICA_GT_FINE,REPRESENTATIVE_HOLDOUT,B2_PLUS_TERMINAL_BACKUP,PRIMARY-CBF-FILTERED,EXECUTED_OR_SELECTED_HISTORICAL_CANDIDATE,PASS,True,PASS,FORMAL_SEGMENT_SAFE,"[3.0689481972874244,0.12523484230041504,-2.1168353873934427]","[3.0739420091415894,0.12523484230041504,-2.1163430083659707]",0.311609954365599,CERTIFIED_SAFE,SEGMENT_EXACT_SAFE,EXACT_ANALYTIC_SPHERE_SEGMENT_MINIMUM,EXACT_ANALYTIC,3b318a98a454ec5c36410b3c41dfb3dd4a25b7b5a1899f1f2c939fbf24ad0e55,False,False
fb2e8c90f940d9bda4be048eeee16978c7c068daa26bfa52f3392e2168873e38,PR89_NORMALIZED_ONE_STEP,PR89_NORMALIZED_ONE_STEP,E1_REPLICA_GT_FINE:B3_FULL_UNIFIED_WITH_DIRECTIONAL_ALTERNATIVES:9fb2c4c8330aecc71d499269313b5a9886a43e4b62c7ad3cb26e84322c8a97e3,ONE_STEP:0,E1_REPLICA_GT_FINE,REPRESENTATIVE_HOLDOUT,B3_FULL_UNIFIED_WITH_DIRECTIONAL_ALTERNATIVES,PRIMARY-CBF-FILTERED,EXECUTED_OR_SELECTED_HISTORICAL_CANDIDATE,PASS,True,PASS,FORMAL_SEGMENT_SAFE,"[3.0689481972874244,0.12523484230041504,-2.1168353873934427]","[3.0739420091415894,0.12523484230041504,-2.1163430083659707]",0.311609954365599,CERTIFIED_SAFE,SEGMENT_EXACT_SAFE,EXACT_ANALYTIC_SPHERE_SEGMENT_MINIMUM,EXACT_ANALYTIC,3b318a98a454ec5c36410b3c41dfb3dd4a25b7b5a1899f1f2c939fbf24ad0e55,False,False
2b5b442c695882906954de7ed79b86ddc53133d480a1d1e48105ed9accd54087,PR89_NORMALIZED_ONE_STEP,PR89_NORMALIZED_ONE_STEP,E1_REPLICA_GT_FINE:B1_PLUS_SWEPT_SEGMENT:a0537d3c50a7cd859dfb5711004012012b1630d10d5d4032f4c5aef8d2ba0239,ONE_STEP:0,E1_REPLICA_GT_FINE,REPRESENTATIVE_HOLDOUT,B1_PLUS_SWEPT_SEGMENT,PRIMARY-CBF-FILTERED,EXECUTED_OR_SELECTED_HISTORICAL_CANDIDATE,PASS,True,PASS,FORMAL_SEGMENT_SAFE,"[-0.47005233543056857,2.925234794616699,0.799008898548229]","[-0.47196426887510756,2.925234794616699,0.7970622544564006]",0.2380821830867101,CERTIFIED_SAFE,SEGMENT_EXACT_SAFE,EXACT_ANALYTIC_SPHERE_SEGMENT_MINIMUM,EXACT_ANALYTIC,3b318a98a454ec5c36410b3c41dfb3dd4a25b7b5a1899f1f2c939fbf24ad0e55,False,False
919a4c77ca1b54f44d8489c8199ab5350b96395ab09ab26414045ecaf273d6d9,PR89_NORMALIZED_ONE_STEP,PR89_NORMALIZED_ONE_STEP,E1_REPLICA_GT_FINE:B2_PLUS_TERMINAL_BACKUP:a0537d3c50a7cd859dfb5711004012012b1630d10d5d4032f4c5aef8d2ba0239,ONE_STEP:0,E1_REPLICA_GT_FINE,REPRESENTATIVE_HOLDOUT,B2_PLUS_TERMINAL_BACKUP,PRIMARY-CBF-FILTERED,EXECUTED_OR_SELECTED_HISTORICAL_CANDIDATE,PASS,True,PASS,FORMAL_SEGMENT_SAFE,"[-0.47005233543056857,2.925234794616699,0.799008898548229]","[-0.47196426887510756,2.925234794616699,0.7970622544564006]",0.2380821830867101,CERTIFIED_SAFE,SEGMENT_EXACT_SAFE,EXACT_ANALYTIC_SPHERE_SEGMENT_MINIMUM,EXACT_ANALYTIC,3b318a98a454ec5c36410b3c41dfb3dd4a25b7b5a1899f1f2c939fbf24ad0e55,False,False
e06cf2072a9005508f60b6d00b192c981df171e9df5517c09679ea0d8d88b0a2,PR89_NORMALIZED_ONE_STEP,PR89_NORMALIZED_ONE_STEP,E1_REPLICA_GT_FINE:B3_FULL_UNIFIED_WITH_DIRECTIONAL_ALTERNATIVES:a0537d3c50a7cd859dfb5711004012012b1630d10d5d4032f4c5aef8d2ba0239,ONE_STEP:0,E1_REPLICA_GT_FINE,REPRESENTATIVE_HOLDOUT,B3_FULL_UNIFIED_WITH_DIRECTIONAL_ALTERNATIVES,PRIMARY-CBF-FILTERED,EXECUTED_OR_SELECTED_HISTORICAL_CANDIDATE,PASS,True,PASS,FORMAL_SEGMENT_SAFE,"[-0.47005233543056857,2.925234794616699,0.799008898548229]","[-0.47196426887510756,2.925234794616699,0.7970622544564006]",0.2380821830867101,CERTIFIED_SAFE,SEGMENT_EXACT_SAFE,EXACT_ANALYTIC_SPHERE_SEGMENT_MINIMUM,EXACT_ANALYTIC,3b318a98a454ec5c36410b3c41dfb3dd4a25b7b5a1899f1f2c939fbf24ad0e55,False,False
7d8e86050feecdbd5a20cd656de951fbb825a96d237852098ddc4732c1b4835a,PR89_NORMALIZED_ONE_STEP,PR89_NORMALIZED_ONE_STEP,E1_REPLICA_GT_FINE:B1_PLUS_SWEPT_SEGMENT:a223d3c31fad3fbe0154e09e44360b1193f1b1ec4d2d46e99a593c30d1b6b66a,ONE_STEP:0,E1_REPLICA_GT_FINE,REPRESENTATIVE_HOLDOUT,B1_PLUS_SWEPT_SEGMENT,PRIMARY-CBF-FILTERED,EXECUTED_OR_SELECTED_HISTORICAL_CANDIDATE,PASS,True,PASS,FORMAL_SEGMENT_SAFE,"[1.1072998463377655,0.12523484230041504,1.8347070085826198]","[1.1059056197777695,0.1252348423001057,1.835274659058014]",0.012439472613569456,CERTIFIED_SAFE,SEGMENT_EXACT_SAFE,EXACT_ANALYTIC_SPHERE_SEGMENT_MINIMUM,EXACT_ANALYTIC,3b318a98a454ec5c36410b3c41dfb3dd4a25b7b5a1899f1f2c939fbf24ad0e55,False,False
670521fa2285ca2e6812ddf27728d4b3ccd90bfceb3d33343c6a91044503c83b,PR89_NORMALIZED_ONE_STEP,PR89_NORMALIZED_ONE_STEP,E1_REPLICA_GT_FINE:B2_PLUS_TERMINAL_BACKUP:a223d3c31fad3fbe0154e09e44360b1193f1b1ec4d2d46e99a593c30d1b6b66a,ONE_STEP:0,E1_REPLICA_GT_FINE,REPRESENTATIVE_HOLDOUT,B2_PLUS_TERMINAL_BACKUP,PRIMARY-CBF-FILTERED,EXECUTED_OR_SELECTED_HISTORICAL_CANDIDATE,PASS,True,PASS,FORMAL_SEGMENT_SAFE,"[1.1072998463377655,0.12523484230041504,1.8347070085826198]","[1.1059056197777695,0.1252348423001057,1.835274659058014]",0.012439472613569456,CERTIFIED_SAFE,SEGMENT_EXACT_SAFE,EXACT_ANALYTIC_SPHERE_SEGMENT_MINIMUM,EXACT_ANALYTIC,3b318a98a454ec5c36410b3c41dfb3dd4a25b7b5a1899f1f2c939fbf24ad0e55,False,False
0440e451b405bf50953354b53bfa0e3e483d756428ac347b54d3a5975dadd904,PR89_NORMALIZED_ONE_STEP,PR89_NORMALIZED_ONE_STEP,E1_REPLICA_GT_FINE:B3_FULL_UNIFIED_WITH_DIRECTIONAL_ALTERNATIVES:a223d3c31fad3fbe0154e09e44360b1193f1b1ec4d2d46e99a593c30d1b6b66a,ONE_STEP:0,E1_REPLICA_GT_FINE,REPRESENTATIVE_HOLDOUT,B3_FULL_UNIFIED_WITH_DIRECTIONAL_ALTERNATIVES,PRIMARY-CBF-FILTERED,EXECUTED_OR_SELECTED_HISTORICAL_CANDIDATE,PASS,True,PASS,FORMAL_SEGMENT_SAFE,"[1.1072998463377655,0.12523484230041504,1.8347070085826198]","[1.1059056197777695,0.1252348423001057,1.835274659058014]",0.012439472613569456,CERTIFIED_SAFE,SEGMENT_EXACT_SAFE,EXACT_ANALYTIC_SPHERE_SEGMENT_MINIMUM,EXACT_ANALYTIC,3b318a98a454ec5c36410b3c41dfb3dd4a25b7b5a1899f1f2c939fbf24ad0e55,False,False
cb54ad00dcb26aae9bd649bf9263eef9261b9a613cc12a920fb878213bf075b8,PR89_NORMALIZED_ONE_STEP,PR89_NORMALIZED_ONE_STEP,E1_REPLICA_GT_FINE:B1_PLUS_SWEPT_SEGMENT:a25e5434f9cc60deb536be62f58fb898e6c5c814e86c9329c885a7f116ec00d8,ONE_STEP:0,E1_REPLICA_GT_FINE,REPRESENTATIVE_HOLDOUT,B1_PLUS_SWEPT_SEGMENT,PRIMARY-CBF-FILTERED,EXECUTED_OR_SELECTED_HISTORICAL_CANDIDATE,PASS,True,PASS,FORMAL_SEGMENT_SAFE,"[3.437283968945426,0.12523484230041504,-0.04924283521341691]","[3.4400022043177763,0.12523484230041504,-0.05355119856204309]",0.46585991661433757,CERTIFIED_SAFE,SEGMENT_EXACT_SAFE,EXACT_ANALYTIC_SPHERE_SEGMENT_MINIMUM,EXACT_ANALYTIC,3b318a98a454ec5c36410b3c41dfb3dd4a25b7b5a1899f1f2c939fbf24ad0e55,False,False
803b6f0725722b5d93146c680ef0d60447cbb3933fc573f3992e5230e73f85d0,PR89_NORMALIZED_ONE_STEP,PR89_NORMALIZED_ONE_STEP,E1_REPLICA_GT_FINE:B2_PLUS_TERMINAL_BACKUP:a25e5434f9cc60deb536be62f58fb898e6c5c814e86c9329c885a7f116ec00d8,ONE_STEP:0,E1_REPLICA_GT_FINE,REPRESENTATIVE_HOLDOUT,B2_PLUS_TERMINAL_BACKUP,PRIMARY-CBF-FILTERED,EXECUTED_OR_SELECTED_HISTORICAL_CANDIDATE,PASS,True,PASS,FORMAL_SEGMENT_SAFE,"[3.437283968945426,0.12523484230041504,-0.04924283521341691]","[3.4400022043177763,0.12523484230041504,-0.05355119856204309]",0.46585991661433757,CERTIFIED_SAFE,SEGMENT_EXACT_SAFE,EXACT_ANALYTIC_SPHERE_SEGMENT_MINIMUM,EXACT_ANALYTIC,3b318a98a454ec5c36410b3c41dfb3dd4a25b7b5a1899f1f2c939fbf24ad0e55,False,False
d8d2b9965f6833e59db79614b9eb5bdc3e043939836e574594857e57a7f6df58,PR89_NORMALIZED_ONE_STEP,PR89_NORMALIZED_ONE_STEP,E1_REPLICA_GT_FINE:B3_FULL_UNIFIED_WITH_DIRECTIONAL_ALTERNATIVES:a25e5434f9cc60deb536be62f58fb898e6c5c814e86c9329c885a7f116ec00d8,ONE_STEP:0,E1_REPLICA_GT_FINE,REPRESENTATIVE_HOLDOUT,B3_FULL_UNIFIED_WITH_DIRECTIONAL_ALTERNATIVES,PRIMARY-CBF-FILTERED,EXECUTED_OR_SELECTED_HISTORICAL_CANDIDATE,PASS,True,PASS,FORMAL_SEGMENT_SAFE,"[3.437283968945426,0.12523484230041504,-0.04924283521341691]","[3.4400022043177763,0.12523484230041504,-0.05355119856204309]",0.46585991661433757,CERTIFIED_SAFE,SEGMENT_EXACT_SAFE,EXACT_ANALYTIC_SPHERE_SEGMENT_MINIMUM,EXACT_ANALYTIC,3b318a98a454ec5c36410b3c41dfb3dd4a25b7b5a1899f1f2c939fbf24ad0e55,False,False
58682e5b908acb285c481dfd4c53a58b32d89957f40e961b72aab9b7de23ca67,PR89_NORMALIZED_ONE_STEP,PR89_NORMALIZED_ONE_STEP,E1_REPLICA_GT_FINE:B1_PLUS_SWEPT_SEGMENT:a29b5142439a6a9c0031fb2046ed014f9e6b71e43e7e7841debd1e277eb33a44,ONE_STEP:0,E1_REPLICA_GT_FINE,REPRESENTATIVE_HOLDOUT,B1_PLUS_SWEPT_SEGMENT,PRIMARY-CBF-FILTERED,EXECUTED_OR_SELECTED_HISTORICAL_CANDIDATE,PASS,True,PASS,FORMAL_SEGMENT_SAFE,"[4.320747050589766,0.12523484230041504,0.5565642563850385]","[4.319116578510391,0.12523484230041504,0.5587468509655849]",0.15900745100982847,CERTIFIED_SAFE,SEGMENT_EXACT_SAFE,EXACT_ANALYTIC_SPHERE_SEGMENT_MINIMUM,EXACT_ANALYTIC,3b318a98a454ec5c36410b3c41dfb3dd4a25b7b5a1899f1f2c939fbf24ad0e55,False,False
c911e6538080aacf81537f8c8b911cf5b83deb20d3d4127b606b21452b08d820,PR89_NORMALIZED_ONE_STEP,PR89_NORMALIZED_ONE_STEP,E1_REPLICA_GT_FINE:B2_PLUS_TERMINAL_BACKUP:a29b5142439a6a9c0031fb2046ed014f9e6b71e43e7e7841debd1e277eb33a44,ONE_STEP:0,E1_REPLICA_GT_FINE,REPRESENTATIVE_HOLDOUT,B2_PLUS_TERMINAL_BACKUP,PRIMARY-CBF-FILTERED,EXECUTED_OR_SELECTED_HISTORICAL_CANDIDATE,PASS,True,PASS,FORMAL_SEGMENT_SAFE,"[4.320747050589766,0.12523484230041504,0.5565642563850385]","[4.319116578510391,0.12523484230041504,0.5587468509655849]",0.15900745100982847,CERTIFIED_SAFE,SEGMENT_EXACT_SAFE,EXACT_ANALYTIC_SPHERE_SEGMENT_MINIMUM,EXACT_ANALYTIC,3b318a98a454ec5c36410b3c41dfb3dd4a25b7b5a1899f1f2c939fbf24ad0e55,False,False
dc855cff93de7372973d8ed237deeb4440b9b71110ceaaf80274c4c20b8ab71d,PR89_NORMALIZED_ONE_STEP,PR89_NORMALIZED_ONE_STEP,E1_REPLICA_GT_FINE:B3_FULL_UNIFIED_WITH_DIRECTIONAL_ALTERNATIVES:a29b5142439a6a9c0031fb2046ed014f9e6b71e43e7e7841debd1e277eb33a44,ONE_STEP:0,E1_REPLICA_GT_FINE,REPRESENTATIVE_HOLDOUT,B3_FULL_UNIFIED_WITH_DIRECTIONAL_ALTERNATIVES,PRIMARY-CBF-FILTERED,EXECUTED_OR_SELECTED_HISTORICAL_CANDIDATE,PASS,True,PASS,FORMAL_SEGMENT_SAFE,"[4.320747050589766,0.12523484230041504,0.5565642563850385]","[4.319116578510391,0.12523484230041504,0.5587468509655849]",0.15900745100982847,CERTIFIED_SAFE,SEGMENT_EXACT_SAFE,EXACT_ANALYTIC_SPHERE_SEGMENT_MINIMUM,EXACT_ANALYTIC,3b318a98a454ec5c36410b3c41dfb3dd4a25b7b5a1899f1f2c939fbf24ad0e55,False,False
944c7edf2b080ad4d84b2b0e196a56218cbd93fed68ed61252b3dc9ac84e83c1,PR89_NORMALIZED_ONE_STEP,PR89_NORMALIZED_ONE_STEP,E1_REPLICA_GT_FINE:B1_PLUS_SWEPT_SEGMENT:a7df3b5438dff60930c714bb4b54a2d5b4de76774b4d21b858efb7fb7c1840c5,ONE_STEP:0,E1_REPLICA_GT_FINE,REPRESENTATIVE_HOLDOUT,B1_PLUS_SWEPT_SEGMENT,PRIMARY-CBF-FILTERED,EXECUTED_OR_SELECTED_HISTORICAL_CANDIDATE,PASS,True,PASS,FORMAL_SEGMENT_SAFE,"[3.8104793429374695,0.12523484230041504,-0.5775154381990433]","[3.810229480363924,0.12523484230041504,-0.5777653007725888]",0.4326444526468559,CERTIFIED_SAFE,SEGMENT_EXACT_SAFE,EXACT_ANALYTIC_SPHERE_SEGMENT_MINIMUM,EXACT_ANALYTIC,3b318a98a454ec5c36410b3c41dfb3dd4a25b7b5a1899f1f2c939fbf24ad0e55,False,False
3b8d4be50cc1562cdd0c316be273e06a473df4a7d65f2918f424b597fafc3fb3,PR89_NORMALIZED_ONE_STEP,PR89_NORMALIZED_ONE_STEP,E1_REPLICA_GT_FINE:B2_PLUS_TERMINAL_BACKUP:a7df3b5438dff60930c714bb4b54a2d5b4de76774b4d21b858efb7fb7c1840c5,ONE_STEP:0,E1_REPLICA_GT_FINE,REPRESENTATIVE_HOLDOUT,B2_PLUS_TERMINAL_BACKUP,PRIMARY-CBF-FILTERED,LOGGED_NONEXECUTED_HISTORICAL_CANDIDATE,PASS,True,PASS,FORMAL_SEGMENT_SAFE,"[3.8104793429374695,0.12523484230041504,-0.5775154381990433]","[3.810229480363924,0.12523484230041504,-0.5777653007725888]",0.4326444526468559,CERTIFIED_SAFE,SEGMENT_EXACT_SAFE,EXACT_ANALYTIC_SPHERE_SEGMENT_MINIMUM,EXACT_ANALYTIC,3b318a98a454ec5c36410b3c41dfb3dd4a25b7b5a1899f1f2c939fbf24ad0e55,False,False
b0beaeb91958802b747bac1b6a8dda3b13040645068ba399199df8c28118a5c8,PR89_NORMALIZED_ONE_STEP,PR89_NORMALIZED_ONE_STEP,E1_REPLICA_GT_FINE:B3_FULL_UNIFIED_WITH_DIRECTIONAL_ALTERNATIVES:a7df3b5438dff60930c714bb4b54a2d5b4de76774b4d21b858efb7fb7c1840c5,ONE_STEP:0,E1_REPLICA_GT_FINE,REPRESENTATIVE_HOLDOUT,B3_FULL_UNIFIED_WITH_DIRECTIONAL_ALTERNATIVES,PRIMARY-CBF-FILTERED,LOGGED_NONEXECUTED_HISTORICAL_CANDIDATE,PASS,True,PASS,FORMAL_SEGMENT_SAFE,"[3.8104793429374695,0.12523484230041504,-0.5775154381990433]","[3.810229480363924,0.12523484230041504,-0.5777653007725888]",0.4326444526468559,CERTIFIED_SAFE,SEGMENT_EXACT_SAFE,EXACT_ANALYTIC_SPHERE_SEGMENT_MINIMUM,EXACT_ANALYTIC,3b318a98a454ec5c36410b3c41dfb3dd4a25b7b5a1899f1f2c939fbf24ad0e55,False,False
d5e283c5cc498fb83a2fe9b0fe5789e3d9c98fa3da431f23475ccb54ff72c16c,PR89_NORMALIZED_ONE_STEP,PR89_NORMALIZED_ONE_STEP,E1_REPLICA_GT_FINE:B1_PLUS_SWEPT_SEGMENT:a8f4ae301144c24c65db575a71aa847e1e70670021207cc9b3720481301d602b,ONE_STEP:0,E1_REPLICA_GT_FINE,REPRESENTATIVE_HOLDOUT,B1_PLUS_SWEPT_SEGMENT,PRIMARY-CBF-FILTERED,EXECUTED_OR_SELECTED_HISTORICAL_CANDIDATE,PASS,True,PASS,FORMAL_SEGMENT_SAFE,"[-0.07523163408041,0.12523484230041504,2.591063767671585]","[-0.07548149665395554,0.12523484230041504,2.5913136302451307]",0.4429947092407792,CERTIFIED_SAFE,SEGMENT_EXACT_SAFE,EXACT_ANALYTIC_SPHERE_SEGMENT_MINIMUM,EXACT_ANALYTIC,3b318a98a454ec5c36410b3c41dfb3dd4a25b7b5a1899f1f2c939fbf24ad0e55,False,False
0fd704ae6ffcd6e85646802a319ce7d7ab227c2c2de557bfadb694bf4ce6e674,PR89_NORMALIZED_ONE_STEP,PR89_NORMALIZED_ONE_STEP,E1_REPLICA_GT_FINE:B2_PLUS_TERMINAL_BACKUP:a8f4ae301144c24c65db575a71aa847e1e70670021207cc9b3720481301d602b,ONE_STEP:0,E1_REPLICA_GT_FINE,REPRESENTATIVE_HOLDOUT,B2_PLUS_TERMINAL_BACKUP,PRIMARY-CBF-FILTERED,LOGGED_NONEXECUTED_HISTORICAL_CANDIDATE,PASS,True,PASS,FORMAL_SEGMENT_SAFE,"[-0.07523163408041,0.12523484230041504,2.591063767671585]","[-0.07548149665395554,0.12523484230041504,2.5913136302451307]",0.4429947092407792,CERTIFIED_SAFE,SEGMENT_EXACT_SAFE,EXACT_ANALYTIC_SPHERE_SEGMENT_MINIMUM,EXACT_ANALYTIC,3b318a98a454ec5c36410b3c41dfb3dd4a25b7b5a1899f1f2c939fbf24ad0e55,False,False
ca31ad6acb8cac989555a45ae601a13780ea29042c34c1e0246c412297297866,PR89_NORMALIZED_ONE_STEP,PR89_NORMALIZED_ONE_STEP,E1_REPLICA_GT_FINE:B3_FULL_UNIFIED_WITH_DIRECTIONAL_ALTERNATIVES:a8f4ae301144c24c65db575a71aa847e1e70670021207cc9b3720481301d602b,ONE_STEP:0,E1_REPLICA_GT_FINE,REPRESENTATIVE_HOLDOUT,B3_FULL_UNIFIED_WITH_DIRECTIONAL_ALTERNATIVES,PRIMARY-CBF-FILTERED,LOGGED_NONEXECUTED_HISTORICAL_CANDIDATE,PASS,True,PASS,FORMAL_SEGMENT_SAFE,"[-0.07523163408041,0.12523484230041504,2.591063767671585]","[-0.07548149665395554,0.12523484230041504,2.5913136302451307]",0.4429947092407792,CERTIFIED_SAFE,SEGMENT_EXACT_SAFE,EXACT_ANALYTIC_SPHERE_SEGMENT_MINIMUM,EXACT_ANALYTIC,3b318a98a454ec5c36410b3c41dfb3dd4a25b7b5a1899f1f2c939fbf24ad0e55,False,False
656e05265873fcf09865b4620dc925e255339ff975497e353f081252f3a0277a,PR89_NORMALIZED_ONE_STEP,PR89_NORMALIZED_ONE_STEP,E1_REPLICA_GT_FINE:B1_PLUS_SWEPT_SEGMENT:abb01918f27dc023b7a28af6d95986ee4014bb2166a89ace8c76ef306bf7964a,ONE_STEP:0,E1_REPLICA_GT_FINE,REPRESENTATIVE_HOLDOUT,B1_PLUS_SWEPT_SEGMENT,PRIMARY-CBF-FILTERED,EXECUTED_OR_SELECTED_HISTORICAL_CANDIDATE,PASS,True,PASS,FORMAL_SEGMENT_SAFE,"[2.9713399458560557,2.925234794616699,1.7633299712718358]","[2.968719256210229,2.925234794616699,1.7637229899928701]",0.4073587286922504,CERTIFIED_SAFE,SEGMENT_EXACT_SAFE,EXACT_ANALYTIC_SPHERE_SEGMENT_MINIMUM,EXACT_ANALYTIC,3b318a98a454ec5c36410b3c41dfb3dd4a25b7b5a1899f1f2c939fbf24ad0e55,False,False
5b47a6ad73068151daf789f3b9478841521750f90ccd61f14aed3e600476eee7,PR89_NORMALIZED_ONE_STEP,PR89_NORMALIZED_ONE_STEP,E1_REPLICA_GT_FINE:B2_PLUS_TERMINAL_BACKUP:abb01918f27dc023b7a28af6d95986ee4014bb2166a89ace8c76ef306bf7964a,ONE_STEP:0,E1_REPLICA_GT_FINE,REPRESENTATIVE_HOLDOUT,B2_PLUS_TERMINAL_BACKUP,PRIMARY-CBF-FILTERED,EXECUTED_OR_SELECTED_HISTORICAL_CANDIDATE,PASS,True,PASS,FORMAL_SEGMENT_SAFE,"[2.9713399458560557,2.925234794616699,1.7633299712718358]","[2.968719256210229,2.925234794616699,1.7637229899928701]",0.4073587286922504,CERTIFIED_SAFE,SEGMENT_EXACT_SAFE,EXACT_ANALYTIC_SPHERE_SEGMENT_MINIMUM,EXACT_ANALYTIC,3b318a98a454ec5c36410b3c41dfb3dd4a25b7b5a1899f1f2c939fbf24ad0e55,False,False
21cb6358fe834e2d30f2b874f6b566db1f9fb228b511b7a697cf1ca85a6024dd,PR89_NORMALIZED_ONE_STEP,PR89_NORMALIZED_ONE_STEP,E1_REPLICA_GT_FINE:B3_FULL_UNIFIED_WITH_DIRECTIONAL_ALTERNATIVES:abb01918f27dc023b7a28af6d95986ee4014bb2166a89ace8c76ef306bf7964a,ONE_STEP:0,E1_REPLICA_GT_FINE,REPRESENTATIVE_HOLDOUT,B3_FULL_UNIFIED_WITH_DIRECTIONAL_ALTERNATIVES,PRIMARY-CBF-FILTERED,EXECUTED_OR_SELECTED_HISTORICAL_CANDIDATE,PASS,True,PASS,FORMAL_SEGMENT_SAFE,"[2.9713399458560557,2.925234794616699,1.7633299712718358]","[2.968719256210229,2.925234794616699,1.7637229899928701]",0.4073587286922504,CERTIFIED_SAFE,SEGMENT_EXACT_SAFE,EXACT_ANALYTIC_SPHERE_SEGMENT_MINIMUM,EXACT_ANALYTIC,3b318a98a454ec5c36410b3c41dfb3dd4a25b7b5a1899f1f2c939fbf24ad0e55,False,False
ea46c4beccb8c83087d61ed5f1bc07a597cf7f19724db9695c65b79afa518513,PR89_NORMALIZED_ONE_STEP,PR89_NORMALIZED_ONE_STEP,E1_REPLICA_GT_FINE:B1_PLUS_SWEPT_SEGMENT:abd2dd5f61daff9a7a786908c2aea7645fb32a9474d2ac7dd43bca7fea3aff43,ONE_STEP:0,E1_REPLICA_GT_FINE,REPRESENTATIVE_HOLDOUT,B1_PLUS_SWEPT_SEGMENT,PRIMARY-CBF-FILTERED,EXECUTED_OR_SELECTED_HISTORICAL_CANDIDATE,PASS,True,PASS,FORMAL_SEGMENT_SAFE,"[3.7173927102466537,0.12523484230041504,-0.10948565482343264]","[3.7146510920798104,0.12523484230041504,-0.11228187656296387]",0.49543016135694806,CERTIFIED_SAFE,SEGMENT_EXACT_SAFE,EXACT_ANALYTIC_SPHERE_SEGMENT_MINIMUM,EXACT_ANALYTIC,3b318a98a454ec5c36410b3c41dfb3dd4a25b7b5a1899f1f2c939fbf24ad0e55,False,False
ecebd040e5bbe86f504b42fa559cf3ba81cb0e2001c7322b3b2416d735f062eb,PR89_NORMALIZED_ONE_STEP,PR89_NORMALIZED_ONE_STEP,E1_REPLICA_GT_FINE:B2_PLUS_TERMINAL_BACKUP:abd2dd5f61daff9a7a786908c2aea7645fb32a9474d2ac7dd43bca7fea3aff43,ONE_STEP:0,E1_REPLICA_GT_FINE,REPRESENTATIVE_HOLDOUT,B2_PLUS_TERMINAL_BACKUP,PRIMARY-CBF-FILTERED,EXECUTED_OR_SELECTED_HISTORICAL_CANDIDATE,PASS,True,PASS,FORMAL_SEGMENT_SAFE,"[3.7173927102466537,0.12523484230041504,-0.10948565482343264]","[3.7146510920798104,0.12523484230041504,-0.11228187656296387]",0.49543016135694806,CERTIFIED_SAFE,SEGMENT_EXACT_SAFE,EXACT_ANALYTIC_SPHERE_SEGMENT_MINIMUM,EXACT_ANALYTIC,3b318a98a454ec5c36410b3c41dfb3dd4a25b7b5a1899f1f2c939fbf24ad0e55,False,False
b9016697d7b223f177655671f257603b5a619de40eb2e7a7fe3417c9567637ef,PR89_NORMALIZED_ONE_STEP,PR89_NORMALIZED_ONE_STEP,E1_REPLICA_GT_FINE:B3_FULL_UNIFIED_WITH_DIRECTIONAL_ALTERNATIVES:abd2dd5f61daff9a7a786908c2aea7645fb32a9474d2ac7dd43bca7fea3aff43,ONE_STEP:0,E1_REPLICA_GT_FINE,REPRESENTATIVE_HOLDOUT,B3_FULL_UNIFIED_WITH_DIRECTIONAL_ALTERNATIVES,PRIMARY-CBF-FILTERED,EXECUTED_OR_SELECTED_HISTORICAL_CANDIDATE,PASS,True,PASS,FORMAL_SEGMENT_SAFE,"[3.7173927102466537,0.12523484230041504,-0.10948565482343264]","[3.7146510920798104,0.12523484230041504,-0.11228187656296387]",0.49543016135694806,CERTIFIED_SAFE,SEGMENT_EXACT_SAFE,EXACT_ANALYTIC_SPHERE_SEGMENT_MINIMUM,EXACT_ANALYTIC,3b318a98a454ec5c36410b3c41dfb3dd4a25b7b5a1899f1f2c939fbf24ad0e55,False,False
2dbde4d207ffb916e76a710b6604c34590df895b9709a5def7032cc14ef2a9e8,PR89_NORMALIZED_ONE_STEP,PR89_NORMALIZED_ONE_STEP,E1_REPLICA_GT_FINE:B1_PLUS_SWEPT_SEGMENT:ac57bc099a807f2f1acc12331311123894f546438bb2822e2072f27d20cab25a,ONE_STEP:0,E1_REPLICA_GT_FINE,REPRESENTATIVE_HOLDOUT,B1_PLUS_SWEPT_SEGMENT,PRIMARY-CBF-FILTERED,EXECUTED_OR_SELECTED_HISTORICAL_CANDIDATE,PASS,True,PASS,FORMAL_SEGMENT_SAFE,"[0.7542108706040571,0.12523484230041504,0.4665593462385297]","[0.755753871257867,0.12523484230041504,0.46431716796436956]",0.3533093411784296,CERTIFIED_SAFE,SEGMENT_EXACT_SAFE,EXACT_ANALYTIC_SPHERE_SEGMENT_MINIMUM,EXACT_ANALYTIC,3b318a98a454ec5c36410b3c41dfb3dd4a25b7b5a1899f1f2c939fbf24ad0e55,False,False
af10b08419a8f2fd0135397f3c62e4b459f022da83a5cb11fc16352bab124ff3,PR89_NORMALIZED_ONE_STEP,PR89_NORMALIZED_ONE_STEP,E1_REPLICA_GT_FINE:B2_PLUS_TERMINAL_BACKUP:ac57bc099a807f2f1acc12331311123894f546438bb2822e2072f27d20cab25a,ONE_STEP:0,E1_REPLICA_GT_FINE,REPRESENTATIVE_HOLDOUT,B2_PLUS_TERMINAL_BACKUP,PRIMARY-CBF-FILTERED,EXECUTED_OR_SELECTED_HISTORICAL_CANDIDATE,PASS,True,PASS,FORMAL_SEGMENT_SAFE,"[0.7542108706040571,0.12523484230041504,0.4665593462385297]","[0.755753871257867,0.12523484230041504,0.46431716796436956]",0.3533093411784296,CERTIFIED_SAFE,SEGMENT_EXACT_SAFE,EXACT_ANALYTIC_SPHERE_SEGMENT_MINIMUM,EXACT_ANALYTIC,3b318a98a454ec5c36410b3c41dfb3dd4a25b7b5a1899f1f2c939fbf24ad0e55,False,False
eed13a73e6f72779e78deb2fdb02073204117c32105aef7129ff837b1a930965,PR89_NORMALIZED_ONE_STEP,PR89_NORMALIZED_ONE_STEP,E1_REPLICA_GT_FINE:B3_FULL_UNIFIED_WITH_DIRECTIONAL_ALTERNATIVES:ac57bc099a807f2f1acc12331311123894f546438bb2822e2072f27d20cab25a,ONE_STEP:0,E1_REPLICA_GT_FINE,REPRESENTATIVE_HOLDOUT,B3_FULL_UNIFIED_WITH_DIRECTIONAL_ALTERNATIVES,PRIMARY-CBF-FILTERED,EXECUTED_OR_SELECTED_HISTORICAL_CANDIDATE,PASS,True,PASS,FORMAL_SEGMENT_SAFE,"[0.7542108706040571,0.12523484230041504,0.4665593462385297]","[0.755753871257867,0.12523484230041504,0.46431716796436956]",0.3533093411784296,CERTIFIED_SAFE,SEGMENT_EXACT_SAFE,EXACT_ANALYTIC_SPHERE_SEGMENT_MINIMUM,EXACT_ANALYTIC,3b318a98a454ec5c36410b3c41dfb3dd4a25b7b5a1899f1f2c939fbf24ad0e55,False,False
587ec9362137e4bc6c85c6786567e6b66f39a6a888de6a1dbf268a69e99b58e3,PR89_NORMALIZED_ONE_STEP,PR89_NORMALIZED_ONE_STEP,E1_REPLICA_GT_FINE:B1_PLUS_SWEPT_SEGMENT:afe0ef7d1ac06219da358be8ce40832ddc931778fcf66bb884a2bdcc312603f9,ONE_STEP:0,E1_REPLICA_GT_FINE,REPRESENTATIVE_HOLDOUT,B1_PLUS_SWEPT_SEGMENT,PRIMARY-CBF-FILTERED,EXECUTED_OR_SELECTED_HISTORICAL_CANDIDATE,PASS,True,PASS,FORMAL_SEGMENT_SAFE,"[-0.0006245868099128103,0.12523484230041504,-0.9168724709390805]","[-0.00404905481689161,0.12523484230041504,-0.9206559185706992]",0.2500220016937769,CERTIFIED_SAFE,SEGMENT_EXACT_SAFE,EXACT_ANALYTIC_SPHERE_SEGMENT_MINIMUM,EXACT_ANALYTIC,3b318a98a454ec5c36410b3c41dfb3dd4a25b7b5a1899f1f2c939fbf24ad0e55,False,False
6ad2128330920eb6baecadf83acc992304940b03ab73c71e6586e9f9fdfbf8b0,PR89_NORMALIZED_ONE_STEP,PR89_NORMALIZED_ONE_STEP,E1_REPLICA_GT_FINE:B2_PLUS_TERMINAL_BACKUP:afe0ef7d1ac06219da358be8ce40832ddc931778fcf66bb884a2bdcc312603f9,ONE_STEP:0,E1_REPLICA_GT_FINE,REPRESENTATIVE_HOLDOUT,B2_PLUS_TERMINAL_BACKUP,PRIMARY-CBF-FILTERED,EXECUTED_OR_SELECTED_HISTORICAL_CANDIDATE,PASS,True,PASS,FORMAL_SEGMENT_SAFE,"[-0.0006245868099128103,0.12523484230041504,-0.9168724709390805]","[-0.00404905481689161,0.12523484230041504,-0.9206559185706992]",0.2500220016937769,CERTIFIED_SAFE,SEGMENT_EXACT_SAFE,EXACT_ANALYTIC_SPHERE_SEGMENT_MINIMUM,EXACT_ANALYTIC,3b318a98a454ec5c36410b3c41dfb3dd4a25b7b5a1899f1f2c939fbf24ad0e55,False,False
2d5d8d36b775d8019d2413785c460bcba20fec016f6d07d577c1bc11a26b61e2,PR89_NORMALIZED_ONE_STEP,PR89_NORMALIZED_ONE_STEP,E1_REPLICA_GT_FINE:B3_FULL_UNIFIED_WITH_DIRECTIONAL_ALTERNATIVES:afe0ef7d1ac06219da358be8ce40832ddc931778fcf66bb884a2bdcc312603f9,ONE_STEP:0,E1_REPLICA_GT_FINE,REPRESENTATIVE_HOLDOUT,B3_FULL_UNIFIED_WITH_DIRECTIONAL_ALTERNATIVES,PRIMARY-CBF-FILTERED,EXECUTED_OR_SELECTED_HISTORICAL_CANDIDATE,PASS,True,PASS,FORMAL_SEGMENT_SAFE,"[-0.0006245868099128103,0.12523484230041504,-0.9168724709390805]","[-0.00404905481689161,0.12523484230041504,-0.9206559185706992]",0.2500220016937769,CERTIFIED_SAFE,SEGMENT_EXACT_SAFE,EXACT_ANALYTIC_SPHERE_SEGMENT_MINIMUM,EXACT_ANALYTIC,3b318a98a454ec5c36410b3c41dfb3dd4a25b7b5a1899f1f2c939fbf24ad0e55,False,False
58e5505bf6e30f83683093f69ae82691adfa81485b7af4175f50e4ac26404262,PR89_NORMALIZED_ONE_STEP,PR89_NORMALIZED_ONE_STEP,E1_REPLICA_GT_FINE:B1_PLUS_SWEPT_SEGMENT:b35b8f0ea0ab24934edc4ae336151b86e19c831e24c8c690dd60d59905a4f6fc,ONE_STEP:0,E1_REPLICA_GT_FINE,REPRESENTATIVE_HOLDOUT,B1_PLUS_SWEPT_SEGMENT,PRIMARY-CBF-FILTERED,EXECUTED_OR_SELECTED_HISTORICAL_CANDIDATE,PASS,True,PASS,FORMAL_SEGMENT_SAFE,"[3.295524835586548,0.12523484230041504,0.183842733502388]","[3.2957746981600935,0.12523484230041504,0.18359287092884247]",0.46684523778028664,CERTIFIED_SAFE,SEGMENT_EXACT_SAFE,EXACT_ANALYTIC_SPHERE_SEGMENT_MINIMUM,EXACT_ANALYTIC,3b318a98a454ec5c36410b3c41dfb3dd4a25b7b5a1899f1f2c939fbf24ad0e55,False,False
78dc9bacf83d1e33363477ec342e0448609454e33a47c75a57a99afbfd94a14b,PR89_NORMALIZED_ONE_STEP,PR89_NORMALIZED_ONE_STEP,E1_REPLICA_GT_FINE:B2_PLUS_TERMINAL_BACKUP:b35b8f0ea0ab24934edc4ae336151b86e19c831e24c8c690dd60d59905a4f6fc,ONE_STEP:0,E1_REPLICA_GT_FINE,REPRESENTATIVE_HOLDOUT,B2_PLUS_TERMINAL_BACKUP,PRIMARY-CBF-FILTERED,LOGGED_NONEXECUTED_HISTORICAL_CANDIDATE,PASS,True,PASS,FORMAL_SEGMENT_SAFE,"[3.295524835586548,0.12523484230041504,0.183842733502388]","[3.2957746981600935,0.12523484230041504,0.18359287092884247]",0.46684523778028664,CERTIFIED_SAFE,SEGMENT_EXACT_SAFE,EXACT_ANALYTIC_SPHERE_SEGMENT_MINIMUM,EXACT_ANALYTIC,3b318a98a454ec5c36410b3c41dfb3dd4a25b7b5a1899f1f2c939fbf24ad0e55,False,False
4f7bb047ec91c0b434a75bf1140be5556472d53aefed72b34754bfccc419adf4,PR89_NORMALIZED_ONE_STEP,PR89_NORMALIZED_ONE_STEP,E1_REPLICA_GT_FINE:B3_FULL_UNIFIED_WITH_DIRECTIONAL_ALTERNATIVES:b35b8f0ea0ab24934edc4ae336151b86e19c831e24c8c690dd60d59905a4f6fc,ONE_STEP:0,E1_REPLICA_GT_FINE,REPRESENTATIVE_HOLDOUT,B3_FULL_UNIFIED_WITH_DIRECTIONAL_ALTERNATIVES,PRIMARY-CBF-FILTERED,LOGGED_NONEXECUTED_HISTORICAL_CANDIDATE,PASS,True,PASS,FORMAL_SEGMENT_SAFE,"[3.295524835586548,0.12523484230041504,0.183842733502388]","[3.2957746981600935,0.12523484230041504,0.18359287092884247]",0.46684523778028664,CERTIFIED_SAFE,SEGMENT_EXACT_SAFE,EXACT_ANALYTIC_SPHERE_SEGMENT_MINIMUM,EXACT_ANALYTIC,3b318a98a454ec5c36410b3c41dfb3dd4a25b7b5a1899f1f2c939fbf24ad0e55,False,False
c816178feff4da58c1798bdb5e8ec2eaec3c9b8d026a6673f14897caf199c05b,PR89_NORMALIZED_ONE_STEP,PR89_NORMALIZED_ONE_STEP,E1_REPLICA_GT_FINE:B1_PLUS_SWEPT_SEGMENT:b5c07aab369263b942a7fd708fa7f61bc5052c3d1c249418425bec259955a627,ONE_STEP:0,E1_REPLICA_GT_FINE,REPRESENTATIVE_HOLDOUT,B1_PLUS_SWEPT_SEGMENT,PRIMARY-CBF-FILTERED,EXECUTED_OR_SELECTED_HISTORICAL_CANDIDATE,PASS,True,PASS,FORMAL_SEGMENT_SAFE,"[4.015319498206765,2.925234794616699,2.7701477863760826]","[4.01401348296862,2.925234794616699,2.7709409142960877]",2.7449096667925277,CERTIFIED_SAFE,SEGMENT_EXACT_SAFE,EXACT_ANALYTIC_SPHERE_SEGMENT_MINIMUM,EXACT_ANALYTIC,3b318a98a454ec5c36410b3c41dfb3dd4a25b7b5a1899f1f2c939fbf24ad0e55,False,False
521d86c80f3550f15ff2f2a785f3d245bc0b282f80499f20ad17c539ef76ec4a,PR89_NORMALIZED_ONE_STEP,PR89_NORMALIZED_ONE_STEP,E1_REPLICA_GT_FINE:B2_PLUS_TERMINAL_BACKUP:b5c07aab369263b942a7fd708fa7f61bc5052c3d1c249418425bec259955a627,ONE_STEP:0,E1_REPLICA_GT_FINE,REPRESENTATIVE_HOLDOUT,B2_PLUS_TERMINAL_BACKUP,PRIMARY-CBF-FILTERED,EXECUTED_OR_SELECTED_HISTORICAL_CANDIDATE,PASS,True,PASS,FORMAL_SEGMENT_SAFE,"[4.015319498206765,2.925234794616699,2.7701477863760826]","[4.01401348296862,2.925234794616699,2.7709409142960877]",2.7449096667925277,CERTIFIED_SAFE,SEGMENT_EXACT_SAFE,EXACT_ANALYTIC_SPHERE_SEGMENT_MINIMUM,EXACT_ANALYTIC,3b318a98a454ec5c36410b3c41dfb3dd4a25b7b5a1899f1f2c939fbf24ad0e55,False,False
61105ccad96c02893a808b18c7dae3d87f843f9e456aed0f2c9261e485da27f0,PR89_NORMALIZED_ONE_STEP,PR89_NORMALIZED_ONE_STEP,E1_REPLICA_GT_FINE:B3_FULL_UNIFIED_WITH_DIRECTIONAL_ALTERNATIVES:b5c07aab369263b942a7fd708fa7f61bc5052c3d1c249418425bec259955a627,ONE_STEP:0,E1_REPLICA_GT_FINE,REPRESENTATIVE_HOLDOUT,B3_FULL_UNIFIED_WITH_DIRECTIONAL_ALTERNATIVES,PRIMARY-CBF-FILTERED,EXECUTED_OR_SELECTED_HISTORICAL_CANDIDATE,PASS,True,PASS,FORMAL_SEGMENT_SAFE,"[4.015319498206765,2.925234794616699,2.7701477863760826]","[4.01401348296862,2.925234794616699,2.7709409142960877]",2.7449096667925277,CERTIFIED_SAFE,SEGMENT_EXACT_SAFE,EXACT_ANALYTIC_SPHERE_SEGMENT_MINIMUM,EXACT_ANALYTIC,3b318a98a454ec5c36410b3c41dfb3dd4a25b7b5a1899f1f2c939fbf24ad0e55,False,False
bc1dc37033e5d10e7da265f3f19e1b06b402d13339ffe8e57037254256d73c6c,PR89_NORMALIZED_ONE_STEP,PR89_NORMALIZED_ONE_STEP,E1_REPLICA_GT_FINE:B1_PLUS_SWEPT_SEGMENT:b8adff73d1d975a974057fab49759c0f2e5dfba0be635b2826e5385378d6c4be,ONE_STEP:0,E1_REPLICA_GT_FINE,REPRESENTATIVE_HOLDOUT,B1_PLUS_SWEPT_SEGMENT,PRIMARY-CBF-FILTERED,EXECUTED_OR_SELECTED_HISTORICAL_CANDIDATE,PASS,True,PASS,FORMAL_SEGMENT_SAFE,"[0.42876338817093607,2.925234794616699,0.46524946517828913]","[0.4307786137802395,2.925234794616699,0.46708836487020644]",0.21621519303887246,CERTIFIED_SAFE,SEGMENT_EXACT_SAFE,EXACT_ANALYTIC_SPHERE_SEGMENT_MINIMUM,EXACT_ANALYTIC,3b318a98a454ec5c36410b3c41dfb3dd4a25b7b5a1899f1f2c939fbf24ad0e55,False,False
7013e81f359c756109a1904148f8f5a630a7568102e0850d4cc3d065c95e0989,PR89_NORMALIZED_ONE_STEP,PR89_NORMALIZED_ONE_STEP,E1_REPLICA_GT_FINE:B2_PLUS_TERMINAL_BACKUP:b8adff73d1d975a974057fab49759c0f2e5dfba0be635b2826e5385378d6c4be,ONE_STEP:0,E1_REPLICA_GT_FINE,REPRESENTATIVE_HOLDOUT,B2_PLUS_TERMINAL_BACKUP,PRIMARY-CBF-FILTERED,EXECUTED_OR_SELECTED_HISTORICAL_CANDIDATE,PASS,True,PASS,FORMAL_SEGMENT_SAFE,"[0.42876338817093607,2.925234794616699,0.46524946517828913]","[0.4307786137802395,2.925234794616699,0.46708836487020644]",0.21621519303887246,CERTIFIED_SAFE,SEGMENT_EXACT_SAFE,EXACT_ANALYTIC_SPHERE_SEGMENT_MINIMUM,EXACT_ANALYTIC,3b318a98a454ec5c36410b3c41dfb3dd4a25b7b5a1899f1f2c939fbf24ad0e55,False,False
cfe01bf4dfe07f700d4be169e08454b8c4cf082bc63d55d94e086602e6182e00,PR89_NORMALIZED_ONE_STEP,PR89_NORMALIZED_ONE_STEP,E1_REPLICA_GT_FINE:B3_FULL_UNIFIED_WITH_DIRECTIONAL_ALTERNATIVES:b8adff73d1d975a974057fab49759c0f2e5dfba0be635b2826e5385378d6c4be,ONE_STEP:0,E1_REPLICA_GT_FINE,REPRESENTATIVE_HOLDOUT,B3_FULL_UNIFIED_WITH_DIRECTIONAL_ALTERNATIVES,PRIMARY-CBF-FILTERED,EXECUTED_OR_SELECTED_HISTORICAL_CANDIDATE,PASS,True,PASS,FORMAL_SEGMENT_SAFE,"[0.42876338817093607,2.925234794616699,0.46524946517828913]","[0.4307786137802395,2.925234794616699,0.46708836487020644]",0.21621519303887246,CERTIFIED_SAFE,SEGMENT_EXACT_SAFE,EXACT_ANALYTIC_SPHERE_SEGMENT_MINIMUM,EXACT_ANALYTIC,3b318a98a454ec5c36410b3c41dfb3dd4a25b7b5a1899f1f2c939fbf24ad0e55,False,False
701db8d8bf133c839961516c4c6cd93db833a86d980604f06459ac8bdb032625,PR89_NORMALIZED_ONE_STEP,PR89_NORMALIZED_ONE_STEP,E1_REPLICA_GT_FINE:B1_PLUS_SWEPT_SEGMENT:babb47d8bf135ffa9d3970cc87219bc9369d6bf1176f228325068e40b6803e0a,ONE_STEP:0,E1_REPLICA_GT_FINE,REPRESENTATIVE_HOLDOUT,B1_PLUS_SWEPT_SEGMENT,PRIMARY-CBF-FILTERED,EXECUTED_OR_SELECTED_HISTORICAL_CANDIDATE,PASS,True,PASS,FORMAL_SEGMENT_SAFE,"[0.4451127183485955,0.12523484230041504,2.434880893985067]","[0.4446916190995383,0.12523484230041504,2.43630600300838]",0.17078726498932317,CERTIFIED_SAFE,SEGMENT_EXACT_SAFE,EXACT_ANALYTIC_SPHERE_SEGMENT_MINIMUM,EXACT_ANALYTIC,3b318a98a454ec5c36410b3c41dfb3dd4a25b7b5a1899f1f2c939fbf24ad0e55,False,False
8a8ac144ee2ba54d62b1167a6e322a434c1208308df62f0a67aecc3c8af510b1,PR89_NORMALIZED_ONE_STEP,PR89_NORMALIZED_ONE_STEP,E1_REPLICA_GT_FINE:B2_PLUS_TERMINAL_BACKUP:babb47d8bf135ffa9d3970cc87219bc9369d6bf1176f228325068e40b6803e0a,ONE_STEP:0,E1_REPLICA_GT_FINE,REPRESENTATIVE_HOLDOUT,B2_PLUS_TERMINAL_BACKUP,PRIMARY-CBF-FILTERED,EXECUTED_OR_SELECTED_HISTORICAL_CANDIDATE,PASS,True,PASS,FORMAL_SEGMENT_SAFE,"[0.4451127183485955,0.12523484230041504,2.434880893985067]","[0.4446916190995383,0.12523484230041504,2.43630600300838]",0.17078726498932317,CERTIFIED_SAFE,SEGMENT_EXACT_SAFE,EXACT_ANALYTIC_SPHERE_SEGMENT_MINIMUM,EXACT_ANALYTIC,3b318a98a454ec5c36410b3c41dfb3dd4a25b7b5a1899f1f2c939fbf24ad0e55,False,False
7d3432630ff8184ac90af4da06cb0192f4dd49254ef5c7789d8c852c38e6f77a,PR89_NORMALIZED_ONE_STEP,PR89_NORMALIZED_ONE_STEP,E1_REPLICA_GT_FINE:B3_FULL_UNIFIED_WITH_DIRECTIONAL_ALTERNATIVES:babb47d8bf135ffa9d3970cc87219bc9369d6bf1176f228325068e40b6803e0a,ONE_STEP:0,E1_REPLICA_GT_FINE,REPRESENTATIVE_HOLDOUT,B3_FULL_UNIFIED_WITH_DIRECTIONAL_ALTERNATIVES,PRIMARY-CBF-FILTERED,EXECUTED_OR_SELECTED_HISTORICAL_CANDIDATE,PASS,True,PASS,FORMAL_SEGMENT_SAFE,"[0.4451127183485955,0.12523484230041504,2.434880893985067]","[0.4446916190995383,0.12523484230041504,2.43630600300838]",0.17078726498932317,CERTIFIED_SAFE,SEGMENT_EXACT_SAFE,EXACT_ANALYTIC_SPHERE_SEGMENT_MINIMUM,EXACT_ANALYTIC,3b318a98a454ec5c36410b3c41dfb3dd4a25b7b5a1899f1f2c939fbf24ad0e55,False,False
130398596667e85d4d366d4fbfe298c30beb947f704127845c33040ec36e662d,PR89_NORMALIZED_ONE_STEP,PR89_NORMALIZED_ONE_STEP,E1_REPLICA_GT_FINE:B1_PLUS_SWEPT_SEGMENT:bcdeba7946824f4dcea8aa5ff3ad313f830ff5d897e569db9e8fdcbd957d39f1,ONE_STEP:0,E1_REPLICA_GT_FINE,REPRESENTATIVE_HOLDOUT,B1_PLUS_SWEPT_SEGMENT,PRIMARY-CBF-FILTERED,EXECUTED_OR_SELECTED_HISTORICAL_CANDIDATE,PASS,True,PASS,FORMAL_SEGMENT_SAFE,"[-0.09713435659364002,0.12523484230041504,-0.7931943029999354]","[-0.09384553432529352,0.12523484230041504,-0.7970950643540664]",0.287476456905295,CERTIFIED_SAFE,SEGMENT_EXACT_SAFE,EXACT_ANALYTIC_SPHERE_SEGMENT_MINIMUM,EXACT_ANALYTIC,3b318a98a454ec5c36410b3c41dfb3dd4a25b7b5a1899f1f2c939fbf24ad0e55,False,False
d5c702f4147e6fb2513949b989e59a09c9d43f95729cb2012dbeada0b82a0b46,PR89_NORMALIZED_ONE_STEP,PR89_NORMALIZED_ONE_STEP,E1_REPLICA_GT_FINE:B2_PLUS_TERMINAL_BACKUP:bcdeba7946824f4dcea8aa5ff3ad313f830ff5d897e569db9e8fdcbd957d39f1,ONE_STEP:0,E1_REPLICA_GT_FINE,REPRESENTATIVE_HOLDOUT,B2_PLUS_TERMINAL_BACKUP,PRIMARY-CBF-FILTERED,EXECUTED_OR_SELECTED_HISTORICAL_CANDIDATE,PASS,True,PASS,FORMAL_SEGMENT_SAFE,"[-0.09713435659364002,0.12523484230041504,-0.7931943029999354]","[-0.09384553432529352,0.12523484230041504,-0.7970950643540664]",0.287476456905295,CERTIFIED_SAFE,SEGMENT_EXACT_SAFE,EXACT_ANALYTIC_SPHERE_SEGMENT_MINIMUM,EXACT_ANALYTIC,3b318a98a454ec5c36410b3c41dfb3dd4a25b7b5a1899f1f2c939fbf24ad0e55,False,False
8d2bca28e395bf33b7a6720aa9233bf8d94ab2f22c6f90da359e68de53410383,PR89_NORMALIZED_ONE_STEP,PR89_NORMALIZED_ONE_STEP,E1_REPLICA_GT_FINE:B3_FULL_UNIFIED_WITH_DIRECTIONAL_ALTERNATIVES:bcdeba7946824f4dcea8aa5ff3ad313f830ff5d897e569db9e8fdcbd957d39f1,ONE_STEP:0,E1_REPLICA_GT_FINE,REPRESENTATIVE_HOLDOUT,B3_FULL_UNIFIED_WITH_DIRECTIONAL_ALTERNATIVES,PRIMARY-CBF-FILTERED,EXECUTED_OR_SELECTED_HISTORICAL_CANDIDATE,PASS,True,PASS,FORMAL_SEGMENT_SAFE,"[-0.09713435659364002,0.12523484230041504,-0.7931943029999354]","[-0.09384553432529352,0.12523484230041504,-0.7970950643540664]",0.287476456905295,CERTIFIED_SAFE,SEGMENT_EXACT_SAFE,EXACT_ANALYTIC_SPHERE_SEGMENT_MINIMUM,EXACT_ANALYTIC,3b318a98a454ec5c36410b3c41dfb3dd4a25b7b5a1899f1f2c939fbf24ad0e55,False,False
47fd0a08ac6c916f48b81be5be606a37d863475342cc3bcf91f3dc25d15a6758,PR89_NORMALIZED_ONE_STEP,PR89_NORMALIZED_ONE_STEP,E1_REPLICA_GT_FINE:B1_PLUS_SWEPT_SEGMENT:bd6f2c0ec4551cc7f126735aa9723fe1eac4bd169699cc3d769304e66d61f373,ONE_STEP:0,E1_REPLICA_GT_FINE,REPRESENTATIVE_HOLDOUT,B1_PLUS_SWEPT_SEGMENT,PRIMARY-CBF-FILTERED,EXECUTED_OR_SELECTED_HISTORICAL_CANDIDATE,PASS,True,PASS,FORMAL_SEGMENT_SAFE,"[-0.4086040714123812,0.12523484230041504,-0.417057956993365]","[-0.4075187630601667,0.12523484230067855,-0.415963909598604]",0.04612252812575709,CERTIFIED_SAFE,SEGMENT_EXACT_SAFE,EXACT_ANALYTIC_SPHERE_SEGMENT_MINIMUM,EXACT_ANALYTIC,3b318a98a454ec5c36410b3c41dfb3dd4a25b7b5a1899f1f2c939fbf24ad0e55,False,False
b123594f021f430988cbc146daa3b7275e535d6aaed7b230c3aa3fac6db35e99,PR89_NORMALIZED_ONE_STEP,PR89_NORMALIZED_ONE_STEP,E1_REPLICA_GT_FINE:B2_PLUS_TERMINAL_BACKUP:bd6f2c0ec4551cc7f126735aa9723fe1eac4bd169699cc3d769304e66d61f373,ONE_STEP:0,E1_REPLICA_GT_FINE,REPRESENTATIVE_HOLDOUT,B2_PLUS_TERMINAL_BACKUP,PRIMARY-CBF-FILTERED,EXECUTED_OR_SELECTED_HISTORICAL_CANDIDATE,PASS,True,PASS,FORMAL_SEGMENT_SAFE,"[-0.4086040714123812,0.12523484230041504,-0.417057956993365]","[-0.4075187630601667,0.12523484230067855,-0.415963909598604]",0.04612252812575709,CERTIFIED_SAFE,SEGMENT_EXACT_SAFE,EXACT_ANALYTIC_SPHERE_SEGMENT_MINIMUM,EXACT_ANALYTIC,3b318a98a454ec5c36410b3c41dfb3dd4a25b7b5a1899f1f2c939fbf24ad0e55,False,False
946fe85751f8c7f3d6ec1aed0c66787e19c7ae70a4c3e1d4cd397605c145bc68,PR89_NORMALIZED_ONE_STEP,PR89_NORMALIZED_ONE_STEP,E1_REPLICA_GT_FINE:B3_FULL_UNIFIED_WITH_DIRECTIONAL_ALTERNATIVES:bd6f2c0ec4551cc7f126735aa9723fe1eac4bd169699cc3d769304e66d61f373,ONE_STEP:0,E1_REPLICA_GT_FINE,REPRESENTATIVE_HOLDOUT,B3_FULL_UNIFIED_WITH_DIRECTIONAL_ALTERNATIVES,PRIMARY-CBF-FILTERED,EXECUTED_OR_SELECTED_HISTORICAL_CANDIDATE,PASS,True,PASS,FORMAL_SEGMENT_SAFE,"[-0.4086040714123812,0.12523484230041504,-0.417057956993365]","[-0.4075187630601667,0.12523484230067855,-0.415963909598604]",0.04612252812575709,CERTIFIED_SAFE,SEGMENT_EXACT_SAFE,EXACT_ANALYTIC_SPHERE_SEGMENT_MINIMUM,EXACT_ANALYTIC,3b318a98a454ec5c36410b3c41dfb3dd4a25b7b5a1899f1f2c939fbf24ad0e55,False,False
468355adcf39858cd7b4ce0fa8b25e09e421865d75df9d7381a1d87acdc26bab,PR89_NORMALIZED_ONE_STEP,PR89_NORMALIZED_ONE_STEP,E1_REPLICA_GT_FINE:B1_PLUS_SWEPT_SEGMENT:bda1efb81730b5280acba71d8090dbf8797e230d25fdc73f05c23404efff4270,ONE_STEP:0,E1_REPLICA_GT_FINE,REPRESENTATIVE_HOLDOUT,B1_PLUS_SWEPT_SEGMENT,PRIMARY-CBF-FILTERED,EXECUTED_OR_SELECTED_HISTORICAL_CANDIDATE,PASS,True,PASS,FORMAL_SEGMENT_SAFE,"[3.202234010435717,0.12523484230041504,-0.4780817767052468]","[3.2014868297270334,0.1252348423006912,-0.4818594129652587]",0.03859128851169037,CERTIFIED_SAFE,SEGMENT_EXACT_SAFE,EXACT_ANALYTIC_SPHERE_SEGMENT_MINIMUM,EXACT_ANALYTIC,3b318a98a454ec5c36410b3c41dfb3dd4a25b7b5a1899f1f2c939fbf24ad0e55,False,False
d07d22b833716aedec2233ed3b77be5e040b62d3bf6e5401648c8aba235bbdb0,PR89_NORMALIZED_ONE_STEP,PR89_NORMALIZED_ONE_STEP,E1_REPLICA_GT_FINE:B2_PLUS_TERMINAL_BACKUP:bda1efb81730b5280acba71d8090dbf8797e230d25fdc73f05c23404efff4270,ONE_STEP:0,E1_REPLICA_GT_FINE,REPRESENTATIVE_HOLDOUT,B2_PLUS_TERMINAL_BACKUP,PRIMARY-CBF-FILTERED,EXECUTED_OR_SELECTED_HISTORICAL_CANDIDATE,PASS,True,PASS,FORMAL_SEGMENT_SAFE,"[3.202234010435717,0.12523484230041504,-0.4780817767052468]","[3.2014868297270334,0.1252348423006912,-0.4818594129652587]",0.03859128851169037,CERTIFIED_SAFE,SEGMENT_EXACT_SAFE,EXACT_ANALYTIC_SPHERE_SEGMENT_MINIMUM,EXACT_ANALYTIC,3b318a98a454ec5c36410b3c41dfb3dd4a25b7b5a1899f1f2c939fbf24ad0e55,False,False
7e3be5f947cd547eec3bcde16509626865e79beb744f80bcc2f51692fd42fe62,PR89_NORMALIZED_ONE_STEP,PR89_NORMALIZED_ONE_STEP,E1_REPLICA_GT_FINE:B3_FULL_UNIFIED_WITH_DIRECTIONAL_ALTERNATIVES:bda1efb81730b5280acba71d8090dbf8797e230d25fdc73f05c23404efff4270,ONE_STEP:0,E1_REPLICA_GT_FINE,REPRESENTATIVE_HOLDOUT,B3_FULL_UNIFIED_WITH_DIRECTIONAL_ALTERNATIVES,PRIMARY-CBF-FILTERED,EXECUTED_OR_SELECTED_HISTORICAL_CANDIDATE,PASS,True,PASS,FORMAL_SEGMENT_SAFE,"[3.202234010435717,0.12523484230041504,-0.4780817767052468]","[3.2014868297270334,0.1252348423006912,-0.4818594129652587]",0.03859128851169037,CERTIFIED_SAFE,SEGMENT_EXACT_SAFE,EXACT_ANALYTIC_SPHERE_SEGMENT_MINIMUM,EXACT_ANALYTIC,3b318a98a454ec5c36410b3c41dfb3dd4a25b7b5a1899f1f2c939fbf24ad0e55,False,False
bd4caf851ab3bf9689278a9e8949c91de2034456d32f9598692b1f7d2fa47ef6,PR89_NORMALIZED_ONE_STEP,PR89_NORMALIZED_ONE_STEP,E1_REPLICA_GT_FINE:B1_PLUS_SWEPT_SEGMENT:c297a9ed23a4245b1f69f465fccb53bd72dfcf384f49b1f2b3b18832cefc43bb,ONE_STEP:0,E1_REPLICA_GT_FINE,REPRESENTATIVE_HOLDOUT,B1_PLUS_SWEPT_SEGMENT,PRIMARY-CBF-FILTERED,EXECUTED_OR_SELECTED_HISTORICAL_CANDIDATE,PASS,True,PASS,FORMAL_SEGMENT_SAFE,"[-0.2751696381804088,0.12523484230041504,-1.2232743377583142]","[-0.27382166004489056,0.12523484230038506,-1.22257201028896]",0.031754302114435966,CERTIFIED_SAFE,SEGMENT_EXACT_SAFE,EXACT_ANALYTIC_SPHERE_SEGMENT_MINIMUM,EXACT_ANALYTIC,3b318a98a454ec5c36410b3c41dfb3dd4a25b7b5a1899f1f2c939fbf24ad0e55,False,False
e1094493ba15cbc80b6cb4088760b8b23cfbc5b4d370ea65021c7533e62e8ebf,PR89_NORMALIZED_ONE_STEP,PR89_NORMALIZED_ONE_STEP,E1_REPLICA_GT_FINE:B2_PLUS_TERMINAL_BACKUP:c297a9ed23a4245b1f69f465fccb53bd72dfcf384f49b1f2b3b18832cefc43bb,ONE_STEP:0,E1_REPLICA_GT_FINE,REPRESENTATIVE_HOLDOUT,B2_PLUS_TERMINAL_BACKUP,PRIMARY-CBF-FILTERED,EXECUTED_OR_SELECTED_HISTORICAL_CANDIDATE,PASS,True,PASS,FORMAL_SEGMENT_SAFE,"[-0.2751696381804088,0.12523484230041504,-1.2232743377583142]","[-0.27382166004489056,0.12523484230038506,-1.22257201028896]",0.031754302114435966,CERTIFIED_SAFE,SEGMENT_EXACT_SAFE,EXACT_ANALYTIC_SPHERE_SEGMENT_MINIMUM,EXACT_ANALYTIC,3b318a98a454ec5c36410b3c41dfb3dd4a25b7b5a1899f1f2c939fbf24ad0e55,False,False
f96ea20d9c2c4793fb9b4a17293623074507bc15141089fae1c1bed691098f3f,PR89_NORMALIZED_ONE_STEP,PR89_NORMALIZED_ONE_STEP,E1_REPLICA_GT_FINE:B3_FULL_UNIFIED_WITH_DIRECTIONAL_ALTERNATIVES:c297a9ed23a4245b1f69f465fccb53bd72dfcf384f49b1f2b3b18832cefc43bb,ONE_STEP:0,E1_REPLICA_GT_FINE,REPRESENTATIVE_HOLDOUT,B3_FULL_UNIFIED_WITH_DIRECTIONAL_ALTERNATIVES,PRIMARY-CBF-FILTERED,EXECUTED_OR_SELECTED_HISTORICAL_CANDIDATE,PASS,True,PASS,FORMAL_SEGMENT_SAFE,"[-0.2751696381804088,0.12523484230041504,-1.2232743377583142]","[-0.27382166004489056,0.12523484230038506,-1.22257201028896]",0.031754302114435966,CERTIFIED_SAFE,SEGMENT_EXACT_SAFE,EXACT_ANALYTIC_SPHERE_SEGMENT_MINIMUM,EXACT_ANALYTIC,3b318a98a454ec5c36410b3c41dfb3dd4a25b7b5a1899f1f2c939fbf24ad0e55,False,False
e52447a93dc7b6cdf9c5dac4752ca6cc2d0cf3cfdda626eae622bf473c83f77f,PR89_NORMALIZED_ONE_STEP,PR89_NORMALIZED_ONE_STEP,E1_REPLICA_GT_FINE:B1_PLUS_SWEPT_SEGMENT:c56fb664bfb2e9bffdafc07c17a2e9e2099527cc997ade9e7cee6b8f9b7cbb29,ONE_STEP:0,E1_REPLICA_GT_FINE,REPRESENTATIVE_HOLDOUT,B1_PLUS_SWEPT_SEGMENT,PRIMARY-CBF-FILTERED,EXECUTED_OR_SELECTED_HISTORICAL_CANDIDATE,PASS,True,PASS,FORMAL_SEGMENT_SAFE,"[3.466004729270935,0.12523484230041504,-0.004162050783634186]","[3.4662545918444807,0.12523484230041504,-0.004411913357179715]",0.5440627634241526,CERTIFIED_SAFE,SEGMENT_EXACT_SAFE,EXACT_ANALYTIC_SPHERE_SEGMENT_MINIMUM,EXACT_ANALYTIC,3b318a98a454ec5c36410b3c41dfb3dd4a25b7b5a1899f1f2c939fbf24ad0e55,False,False
42a0baaa05360482b94b95ec5b1473e84998b7b17557193c0862cdc88d261ede,PR89_NORMALIZED_ONE_STEP,PR89_NORMALIZED_ONE_STEP,E1_REPLICA_GT_FINE:B2_PLUS_TERMINAL_BACKUP:c56fb664bfb2e9bffdafc07c17a2e9e2099527cc997ade9e7cee6b8f9b7cbb29,ONE_STEP:0,E1_REPLICA_GT_FINE,REPRESENTATIVE_HOLDOUT,B2_PLUS_TERMINAL_BACKUP,PRIMARY-CBF-FILTERED,LOGGED_NONEXECUTED_HISTORICAL_CANDIDATE,PASS,True,PASS,FORMAL_SEGMENT_SAFE,"[3.466004729270935,0.12523484230041504,-0.004162050783634186]","[3.4662545918444807,0.12523484230041504,-0.004411913357179715]",0.5440627634241526,CERTIFIED_SAFE,SEGMENT_EXACT_SAFE,EXACT_ANALYTIC_SPHERE_SEGMENT_MINIMUM,EXACT_ANALYTIC,3b318a98a454ec5c36410b3c41dfb3dd4a25b7b5a1899f1f2c939fbf24ad0e55,False,False
20b681c3044c05edeaf537373c7810cdd80193ed7e747a3de1a48a8348d7b99e,PR89_NORMALIZED_ONE_STEP,PR89_NORMALIZED_ONE_STEP,E1_REPLICA_GT_FINE:B3_FULL_UNIFIED_WITH_DIRECTIONAL_ALTERNATIVES:c56fb664bfb2e9bffdafc07c17a2e9e2099527cc997ade9e7cee6b8f9b7cbb29,ONE_STEP:0,E1_REPLICA_GT_FINE,REPRESENTATIVE_HOLDOUT,B3_FULL_UNIFIED_WITH_DIRECTIONAL_ALTERNATIVES,PRIMARY-CBF-FILTERED,LOGGED_NONEXECUTED_HISTORICAL_CANDIDATE,PASS,True,PASS,FORMAL_SEGMENT_SAFE,"[3.466004729270935,0.12523484230041504,-0.004162050783634186]","[3.4662545918444807,0.12523484230041504,-0.004411913357179715]",0.5440627634241526,CERTIFIED_SAFE,SEGMENT_EXACT_SAFE,EXACT_ANALYTIC_SPHERE_SEGMENT_MINIMUM,EXACT_ANALYTIC,3b318a98a454ec5c36410b3c41dfb3dd4a25b7b5a1899f1f2c939fbf24ad0e55,False,False
e9adb8ba330cde02e2bc55d6acc4bc7cb6b5ac5bbaba1cc36bca3b99c2854f74,PR89_NORMALIZED_ONE_STEP,PR89_NORMALIZED_ONE_STEP,E1_REPLICA_GT_FINE:B1_PLUS_SWEPT_SEGMENT:c6d7f046df0f18347dd70eca0cf02afdecd35da91985a24a737060541ed29dc1,ONE_STEP:0,E1_REPLICA_GT_FINE,REPRESENTATIVE_HOLDOUT,B1_PLUS_SWEPT_SEGMENT,PRIMARY-CBF-FILTERED,EXECUTED_OR_SELECTED_HISTORICAL_CANDIDATE,PASS,True,PASS,FORMAL_SEGMENT_SAFE,"[0.4306215205771493,2.925234794616699,0.46692199139960233]","[0.4344019721019409,2.925234794616699,0.4703497911612193]",0.21621345037067857,CERTIFIED_SAFE,SEGMENT_EXACT_SAFE,EXACT_ANALYTIC_SPHERE_SEGMENT_MINIMUM,EXACT_ANALYTIC,3b318a98a454ec5c36410b3c41dfb3dd4a25b7b5a1899f1f2c939fbf24ad0e55,False,False
566411d7cc405ffc1d6c3aaa19727a8c0ccd570f70f8013616baf7f9879e5a89,PR89_NORMALIZED_ONE_STEP,PR89_NORMALIZED_ONE_STEP,E1_REPLICA_GT_FINE:B2_PLUS_TERMINAL_BACKUP:c6d7f046df0f18347dd70eca0cf02afdecd35da91985a24a737060541ed29dc1,ONE_STEP:0,E1_REPLICA_GT_FINE,REPRESENTATIVE_HOLDOUT,B2_PLUS_TERMINAL_BACKUP,PRIMARY-CBF-FILTERED,EXECUTED_OR_SELECTED_HISTORICAL_CANDIDATE,PASS,True,PASS,FORMAL_SEGMENT_SAFE,"[0.4306215205771493,2.925234794616699,0.46692199139960233]","[0.4344019721019409,2.925234794616699,0.4703497911612193]",0.21621345037067857,CERTIFIED_SAFE,SEGMENT_EXACT_SAFE,EXACT_ANALYTIC_SPHERE_SEGMENT_MINIMUM,EXACT_ANALYTIC,3b318a98a454ec5c36410b3c41dfb3dd4a25b7b5a1899f1f2c939fbf24ad0e55,False,False
a67eb48ee4906c1a5a1757c50c493e329ac6fd94da6033690a33986057952b73,PR89_NORMALIZED_ONE_STEP,PR89_NORMALIZED_ONE_STEP,E1_REPLICA_GT_FINE:B3_FULL_UNIFIED_WITH_DIRECTIONAL_ALTERNATIVES:c6d7f046df0f18347dd70eca0cf02afdecd35da91985a24a737060541ed29dc1,ONE_STEP:0,E1_REPLICA_GT_FINE,REPRESENTATIVE_HOLDOUT,B3_FULL_UNIFIED_WITH_DIRECTIONAL_ALTERNATIVES,PRIMARY-CBF-FILTERED,EXECUTED_OR_SELECTED_HISTORICAL_CANDIDATE,PASS,True,PASS,FORMAL_SEGMENT_SAFE,"[0.4306215205771493,2.925234794616699,0.46692199139960233]","[0.4344019721019409,2.925234794616699,0.4703497911612193]",0.21621345037067857,CERTIFIED_SAFE,SEGMENT_EXACT_SAFE,EXACT_ANALYTIC_SPHERE_SEGMENT_MINIMUM,EXACT_ANALYTIC,3b318a98a454ec5c36410b3c41dfb3dd4a25b7b5a1899f1f2c939fbf24ad0e55,False,False
719bd0f4968e4a66a863d72bf58cc96be618127bcbeea7205439272b800f6b20,PR89_NORMALIZED_ONE_STEP,PR89_NORMALIZED_ONE_STEP,E1_REPLICA_GT_FINE:B1_PLUS_SWEPT_SEGMENT:c765eedfba4dedbd65fed56528c1767e8f1ae7562e7e570e5c55655a2747e762,ONE_STEP:0,E1_REPLICA_GT_FINE,REPRESENTATIVE_HOLDOUT,B1_PLUS_SWEPT_SEGMENT,PRIMARY-CBF-FILTERED,EXECUTED_OR_SELECTED_HISTORICAL_CANDIDATE,PASS,True,PASS,FORMAL_SEGMENT_SAFE,"[2.308988068856792,2.925234794616699,-0.6078344810971003]","[2.3093235427178285,2.925234794616699,-0.6064000616336043]",0.2600516801524102,CERTIFIED_SAFE,SEGMENT_EXACT_SAFE,EXACT_ANALYTIC_SPHERE_SEGMENT_MINIMUM,EXACT_ANALYTIC,3b318a98a454ec5c36410b3c41dfb3dd4a25b7b5a1899f1f2c939fbf24ad0e55,False,False
7be6e2c04705c4d4c0803c5daa68b7900cae9b649e071fa43e782d69d665d81b,PR89_NORMALIZED_ONE_STEP,PR89_NORMALIZED_ONE_STEP,E1_REPLICA_GT_FINE:B2_PLUS_TERMINAL_BACKUP:c765eedfba4dedbd65fed56528c1767e8f1ae7562e7e570e5c55655a2747e762,ONE_STEP:0,E1_REPLICA_GT_FINE,REPRESENTATIVE_HOLDOUT,B2_PLUS_TERMINAL_BACKUP,PRIMARY-CBF-FILTERED,EXECUTED_OR_SELECTED_HISTORICAL_CANDIDATE,PASS,True,PASS,FORMAL_SEGMENT_SAFE,"[2.308988068856792,2.925234794616699,-0.6078344810971003]","[2.3093235427178285,2.925234794616699,-0.6064000616336043]",0.2600516801524102,CERTIFIED_SAFE,SEGMENT_EXACT_SAFE,EXACT_ANALYTIC_SPHERE_SEGMENT_MINIMUM,EXACT_ANALYTIC,3b318a98a454ec5c36410b3c41dfb3dd4a25b7b5a1899f1f2c939fbf24ad0e55,False,False
a6c7a9ce9d61b1c18b5d6e65e9b47c5cefddcbc6c2b1ce66dee19a48edefb21f,PR89_NORMALIZED_ONE_STEP,PR89_NORMALIZED_ONE_STEP,E1_REPLICA_GT_FINE:B3_FULL_UNIFIED_WITH_DIRECTIONAL_ALTERNATIVES:c765eedfba4dedbd65fed56528c1767e8f1ae7562e7e570e5c55655a2747e762,ONE_STEP:0,E1_REPLICA_GT_FINE,REPRESENTATIVE_HOLDOUT,B3_FULL_UNIFIED_WITH_DIRECTIONAL_ALTERNATIVES,PRIMARY-CBF-FILTERED,EXECUTED_OR_SELECTED_HISTORICAL_CANDIDATE,PASS,True,PASS,FORMAL_SEGMENT_SAFE,"[2.308988068856792,2.925234794616699,-0.6078344810971003]","[2.3093235427178285,2.925234794616699,-0.6064000616336043]",0.2600516801524102,CERTIFIED_SAFE,SEGMENT_EXACT_SAFE,EXACT_ANALYTIC_SPHERE_SEGMENT_MINIMUM,EXACT_ANALYTIC,3b318a98a454ec5c36410b3c41dfb3dd4a25b7b5a1899f1f2c939fbf24ad0e55,False,False
38771bd5b0f24e60f63f3059cc44ae5adf8309d6880cd966ea2dcc6c2f5da77e,PR89_NORMALIZED_ONE_STEP,PR89_NORMALIZED_ONE_STEP,E1_REPLICA_GT_FINE:B1_PLUS_SWEPT_SEGMENT:c7c9eb787ea117a8872c6e719c1635de692966c7171ff9df4151ef38c745d4b1,ONE_STEP:0,E1_REPLICA_GT_FINE,REPRESENTATIVE_HOLDOUT,B1_PLUS_SWEPT_SEGMENT,PRIMARY-CBF-FILTERED,EXECUTED_OR_SELECTED_HISTORICAL_CANDIDATE,PASS,True,PASS,FORMAL_SEGMENT_SAFE,"[2.915023988823812,2.925234794616699,2.243597170285466]","[2.9163196778150766,2.925234794616699,2.2444099230446284]",0.3258401316636957,CERTIFIED_SAFE,SEGMENT_EXACT_SAFE,EXACT_ANALYTIC_SPHERE_SEGMENT_MINIMUM,EXACT_ANALYTIC,3b318a98a454ec5c36410b3c41dfb3dd4a25b7b5a1899f1f2c939fbf24ad0e55,False,False
0a6ea8b3dadad8837d60d6a782713469e829074d49d5237a876d47790fb16495,PR89_NORMALIZED_ONE_STEP,PR89_NORMALIZED_ONE_STEP,E1_REPLICA_GT_FINE:B2_PLUS_TERMINAL_BACKUP:c7c9eb787ea117a8872c6e719c1635de692966c7171ff9df4151ef38c745d4b1,ONE_STEP:0,E1_REPLICA_GT_FINE,REPRESENTATIVE_HOLDOUT,B2_PLUS_TERMINAL_BACKUP,PRIMARY-CBF-FILTERED,EXECUTED_OR_SELECTED_HISTORICAL_CANDIDATE,PASS,True,PASS,FORMAL_SEGMENT_SAFE,"[2.915023988823812,2.925234794616699,2.243597170285466]","[2.9163196778150766,2.925234794616699,2.2444099230446284]",0.3258401316636957,CERTIFIED_SAFE,SEGMENT_EXACT_SAFE,EXACT_ANALYTIC_SPHERE_SEGMENT_MINIMUM,EXACT_ANALYTIC,3b318a98a454ec5c36410b3c41dfb3dd4a25b7b5a1899f1f2c939fbf24ad0e55,False,False
aca22aac47eb9b69dba880e3a1e2a9878dc2006568a623c6b3af0207a52266ae,PR89_NORMALIZED_ONE_STEP,PR89_NORMALIZED_ONE_STEP,E1_REPLICA_GT_FINE:B3_FULL_UNIFIED_WITH_DIRECTIONAL_ALTERNATIVES:c7c9eb787ea117a8872c6e719c1635de692966c7171ff9df4151ef38c745d4b1,ONE_STEP:0,E1_REPLICA_GT_FINE,REPRESENTATIVE_HOLDOUT,B3_FULL_UNIFIED_WITH_DIRECTIONAL_ALTERNATIVES,PRIMARY-CBF-FILTERED,EXECUTED_OR_SELECTED_HISTORICAL_CANDIDATE,PASS,True,PASS,FORMAL_SEGMENT_SAFE,"[2.915023988823812,2.925234794616699,2.243597170285466]","[2.9163196778150766,2.925234794616699,2.2444099230446284]",0.3258401316636957,CERTIFIED_SAFE,SEGMENT_EXACT_SAFE,EXACT_ANALYTIC_SPHERE_SEGMENT_MINIMUM,EXACT_ANALYTIC,3b318a98a454ec5c36410b3c41dfb3dd4a25b7b5a1899f1f2c939fbf24ad0e55,False,False
994bbf0276d1e9a66f386ef2415abfb83795a45fe4a0baa679913a4303343429,PR89_NORMALIZED_ONE_STEP,PR89_NORMALIZED_ONE_STEP,E1_REPLICA_GT_FINE:B1_PLUS_SWEPT_SEGMENT:c8776589f78f38c3118be749cd68401cb4677ecc1aaf3a8484fedfa59dbfc4b5,ONE_STEP:0,E1_REPLICA_GT_FINE,REPRESENTATIVE_HOLDOUT,B1_PLUS_SWEPT_SEGMENT,PRIMARY-CBF-FILTERED,EXECUTED_OR_SELECTED_HISTORICAL_CANDIDATE,PASS,True,PASS,FORMAL_SEGMENT_SAFE,"[3.1607685481136167,0.12523484230041504,2.1643587152361756]","[3.159445666046156,0.12523484230041504,2.168005821380162]",0.19768209060595904,CERTIFIED_SAFE,SEGMENT_EXACT_SAFE,EXACT_ANALYTIC_SPHERE_SEGMENT_MINIMUM,EXACT_ANALYTIC,3b318a98a454ec5c36410b3c41dfb3dd4a25b7b5a1899f1f2c939fbf24ad0e55,False,False
0ae7da06cb71f1460766c0f55d9bb39bf7712d1f9e5ffbad74dd65750efaed68,PR89_NORMALIZED_ONE_STEP,PR89_NORMALIZED_ONE_STEP,E1_REPLICA_GT_FINE:B2_PLUS_TERMINAL_BACKUP:c8776589f78f38c3118be749cd68401cb4677ecc1aaf3a8484fedfa59dbfc4b5,ONE_STEP:0,E1_REPLICA_GT_FINE,REPRESENTATIVE_HOLDOUT,B2_PLUS_TERMINAL_BACKUP,PRIMARY-CBF-FILTERED,EXECUTED_OR_SELECTED_HISTORICAL_CANDIDATE,PASS,True,PASS,FORMAL_SEGMENT_SAFE,"[3.1607685481136167,0.12523484230041504,2.1643587152361756]","[3.159445666046156,0.12523484230041504,2.168005821380162]",0.19768209060595904,CERTIFIED_SAFE,SEGMENT_EXACT_SAFE,EXACT_ANALYTIC_SPHERE_SEGMENT_MINIMUM,EXACT_ANALYTIC,3b318a98a454ec5c36410b3c41dfb3dd4a25b7b5a1899f1f2c939fbf24ad0e55,False,False
90e34e7b2d6cf0fcf205f60280f3bbac33ca526fd8f8ee23390caef87fcd0b6f,PR89_NORMALIZED_ONE_STEP,PR89_NORMALIZED_ONE_STEP,E1_REPLICA_GT_FINE:B3_FULL_UNIFIED_WITH_DIRECTIONAL_ALTERNATIVES:c8776589f78f38c3118be749cd68401cb4677ecc1aaf3a8484fedfa59dbfc4b5,ONE_STEP:0,E1_REPLICA_GT_FINE,REPRESENTATIVE_HOLDOUT,B3_FULL_UNIFIED_WITH_DIRECTIONAL_ALTERNATIVES,PRIMARY-CBF-FILTERED,EXECUTED_OR_SELECTED_HISTORICAL_CANDIDATE,PASS,True,PASS,FORMAL_SEGMENT_SAFE,"[3.1607685481136167,0.12523484230041504,2.1643587152361756]","[3.159445666046156,0.12523484230041504,2.168005821380162]",0.19768209060595904,CERTIFIED_SAFE,SEGMENT_EXACT_SAFE,EXACT_ANALYTIC_SPHERE_SEGMENT_MINIMUM,EXACT_ANALYTIC,3b318a98a454ec5c36410b3c41dfb3dd4a25b7b5a1899f1f2c939fbf24ad0e55,False,False
60843bf4334d9f56c2363e27118b0d62f249a0a80b33608af70d7b846442bba0,PR89_NORMALIZED_ONE_STEP,PR89_NORMALIZED_ONE_STEP,E1_REPLICA_GT_FINE:B1_PLUS_SWEPT_SEGMENT:cb694b71989c990c7dea284e0cbf914302dd80f760fdc1afd4db4d79483cef02,ONE_STEP:0,E1_REPLICA_GT_FINE,REPRESENTATIVE_HOLDOUT,B1_PLUS_SWEPT_SEGMENT,PRIMARY-CBF-FILTERED,EXECUTED_OR_SELECTED_HISTORICAL_CANDIDATE,PASS,True,PASS,FORMAL_SEGMENT_SAFE,"[-0.5398909143324432,0.12523484230041504,0.7658583421004643]","[-0.542140087908634,0.12523484230056078,0.7673905002414502]",0.09372807977215107,CERTIFIED_SAFE,SEGMENT_EXACT_SAFE,EXACT_ANALYTIC_SPHERE_SEGMENT_MINIMUM,EXACT_ANALYTIC,3b318a98a454ec5c36410b3c41dfb3dd4a25b7b5a1899f1f2c939fbf24ad0e55,False,False
9a378a8a5b70ef9357d4de3ed00d48037a170a22b5457ab471ff94f4f83e1994,PR89_NORMALIZED_ONE_STEP,PR89_NORMALIZED_ONE_STEP,E1_REPLICA_GT_FINE:B2_PLUS_TERMINAL_BACKUP:cb694b71989c990c7dea284e0cbf914302dd80f760fdc1afd4db4d79483cef02,ONE_STEP:0,E1_REPLICA_GT_FINE,REPRESENTATIVE_HOLDOUT,B2_PLUS_TERMINAL_BACKUP,PRIMARY-CBF-FILTERED,EXECUTED_OR_SELECTED_HISTORICAL_CANDIDATE,PASS,True,PASS,FORMAL_SEGMENT_SAFE,"[-0.5398909143324432,0.12523484230041504,0.7658583421004643]","[-0.542140087908634,0.12523484230056078,0.7673905002414502]",0.09372807977215107,CERTIFIED_SAFE,SEGMENT_EXACT_SAFE,EXACT_ANALYTIC_SPHERE_SEGMENT_MINIMUM,EXACT_ANALYTIC,3b318a98a454ec5c36410b3c41dfb3dd4a25b7b5a1899f1f2c939fbf24ad0e55,False,False
30bf422f107ba4fe6c4e5c525e9d748c44a73f3fed40e81dbfa08e86517203ce,PR89_NORMALIZED_ONE_STEP,PR89_NORMALIZED_ONE_STEP,E1_REPLICA_GT_FINE:B3_FULL_UNIFIED_WITH_DIRECTIONAL_ALTERNATIVES:cb694b71989c990c7dea284e0cbf914302dd80f760fdc1afd4db4d79483cef02,ONE_STEP:0,E1_REPLICA_GT_FINE,REPRESENTATIVE_HOLDOUT,B3_FULL_UNIFIED_WITH_DIRECTIONAL_ALTERNATIVES,PRIMARY-CBF-FILTERED,EXECUTED_OR_SELECTED_HISTORICAL_CANDIDATE,PASS,True,PASS,FORMAL_SEGMENT_SAFE,"[-0.5398909143324432,0.12523484230041504,0.7658583421004643]","[-0.542140087908634,0.12523484230056078,0.7673905002414502]",0.09372807977215107,CERTIFIED_SAFE,SEGMENT_EXACT_SAFE,EXACT_ANALYTIC_SPHERE_SEGMENT_MINIMUM,EXACT_ANALYTIC,3b318a98a454ec5c36410b3c41dfb3dd4a25b7b5a1899f1f2c939fbf24ad0e55,False,False
9778d6f28ee59b52dc0014283ec20be33cc56cc8279fac2e5e042daf496ace29,PR89_NORMALIZED_ONE_STEP,PR89_NORMALIZED_ONE_STEP,E1_REPLICA_GT_FINE:B1_PLUS_SWEPT_SEGMENT:cb84994047b97c5afb96e6256fcb1966c4b69c3e9cca26ef2417bbb90bf42f38,ONE_STEP:0,E1_REPLICA_GT_FINE,REPRESENTATIVE_HOLDOUT,B1_PLUS_SWEPT_SEGMENT,PRIMARY-CBF-FILTERED,EXECUTED_OR_SELECTED_HISTORICAL_CANDIDATE,PASS,True,PASS,FORMAL_SEGMENT_SAFE,"[1.9935965909117856,2.925234794616699,0.4985018667988257]","[1.9905408865439076,2.9252347946166704,0.4944190450066629]",0.09954175245131244,CERTIFIED_SAFE,SEGMENT_EXACT_SAFE,EXACT_ANALYTIC_SPHERE_SEGMENT_MINIMUM,EXACT_ANALYTIC,3b318a98a454ec5c36410b3c41dfb3dd4a25b7b5a1899f1f2c939fbf24ad0e55,False,False
97d57134dc21089d11eedf2b9f866faf29569e4db8bb35d20d4abf4436a8fdbb,PR89_NORMALIZED_ONE_STEP,PR89_NORMALIZED_ONE_STEP,E1_REPLICA_GT_FINE:B2_PLUS_TERMINAL_BACKUP:cb84994047b97c5afb96e6256fcb1966c4b69c3e9cca26ef2417bbb90bf42f38,ONE_STEP:0,E1_REPLICA_GT_FINE,REPRESENTATIVE_HOLDOUT,B2_PLUS_TERMINAL_BACKUP,PRIMARY-CBF-FILTERED,EXECUTED_OR_SELECTED_HISTORICAL_CANDIDATE,PASS,True,PASS,FORMAL_SEGMENT_SAFE,"[1.9935965909117856,2.925234794616699,0.4985018667988257]","[1.9905408865439076,2.9252347946166704,0.4944190450066629]",0.09954175245131244,CERTIFIED_SAFE,SEGMENT_EXACT_SAFE,EXACT_ANALYTIC_SPHERE_SEGMENT_MINIMUM,EXACT_ANALYTIC,3b318a98a454ec5c36410b3c41dfb3dd4a25b7b5a1899f1f2c939fbf24ad0e55,False,False
4d49147a154434c1d42cb3351a95a8078fefe23c0814ca0af308be5fc154ba89,PR89_NORMALIZED_ONE_STEP,PR89_NORMALIZED_ONE_STEP,E1_REPLICA_GT_FINE:B3_FULL_UNIFIED_WITH_DIRECTIONAL_ALTERNATIVES:cb84994047b97c5afb96e6256fcb1966c4b69c3e9cca26ef2417bbb90bf42f38,ONE_STEP:0,E1_REPLICA_GT_FINE,REPRESENTATIVE_HOLDOUT,B3_FULL_UNIFIED_WITH_DIRECTIONAL_ALTERNATIVES,PRIMARY-CBF-FILTERED,EXECUTED_OR_SELECTED_HISTORICAL_CANDIDATE,PASS,True,PASS,FORMAL_SEGMENT_SAFE,"[1.9935965909117856,2.925234794616699,0.4985018667988257]","[1.9905408865439076,2.9252347946166704,0.4944190450066629]",0.09954175245131244,CERTIFIED_SAFE,SEGMENT_EXACT_SAFE,EXACT_ANALYTIC_SPHERE_SEGMENT_MINIMUM,EXACT_ANALYTIC,3b318a98a454ec5c36410b3c41dfb3dd4a25b7b5a1899f1f2c939fbf24ad0e55,False,False
4f8e92d9f30a837aeb13168dae72dc8aa67461ddf7044c0ad616c4609d353b95,PR89_NORMALIZED_ONE_STEP,PR89_NORMALIZED_ONE_STEP,E1_REPLICA_GT_FINE:B1_PLUS_SWEPT_SEGMENT:cc2b4eefcbfcc32163ead1ba19732dafef119b9982095c2e83244d1d392356be,ONE_STEP:0,E1_REPLICA_GT_FINE,REPRESENTATIVE_HOLDOUT,B1_PLUS_SWEPT_SEGMENT,PRIMARY-CBF-FILTERED,EXECUTED_OR_SELECTED_HISTORICAL_CANDIDATE,PASS,True,PASS,FORMAL_SEGMENT_SAFE,"[3.2859706209268995,0.12523484230041504,1.7679267857074583]","[3.2842901114346335,0.12523484230041504,1.7727062605719677]",0.3349227155574934,CERTIFIED_SAFE,SEGMENT_EXACT_SAFE,EXACT_ANALYTIC_SPHERE_SEGMENT_MINIMUM,EXACT_ANALYTIC,3b318a98a454ec5c36410b3c41dfb3dd4a25b7b5a1899f1f2c939fbf24ad0e55,False,False
4f1378908219383b2cc2a486209e9fcd93bf810feb864e185790a744620d76cc,PR89_NORMALIZED_ONE_STEP,PR89_NORMALIZED_ONE_STEP,E1_REPLICA_GT_FINE:B2_PLUS_TERMINAL_BACKUP:cc2b4eefcbfcc32163ead1ba19732dafef119b9982095c2e83244d1d392356be,ONE_STEP:0,E1_REPLICA_GT_FINE,REPRESENTATIVE_HOLDOUT,B2_PLUS_TERMINAL_BACKUP,PRIMARY-CBF-FILTERED,EXECUTED_OR_SELECTED_HISTORICAL_CANDIDATE,PASS,True,PASS,FORMAL_SEGMENT_SAFE,"[3.2859706209268995,0.12523484230041504,1.7679267857074583]","[3.2842901114346335,0.12523484230041504,1.7727062605719677]",0.3349227155574934,CERTIFIED_SAFE,SEGMENT_EXACT_SAFE,EXACT_ANALYTIC_SPHERE_SEGMENT_MINIMUM,EXACT_ANALYTIC,3b318a98a454ec5c36410b3c41dfb3dd4a25b7b5a1899f1f2c939fbf24ad0e55,False,False
3c4a110ad0c99093656e1b97d2926f6a3b42b68243c1159f12cda26a4e18012d,PR89_NORMALIZED_ONE_STEP,PR89_NORMALIZED_ONE_STEP,E1_REPLICA_GT_FINE:B3_FULL_UNIFIED_WITH_DIRECTIONAL_ALTERNATIVES:cc2b4eefcbfcc32163ead1ba19732dafef119b9982095c2e83244d1d392356be,ONE_STEP:0,E1_REPLICA_GT_FINE,REPRESENTATIVE_HOLDOUT,B3_FULL_UNIFIED_WITH_DIRECTIONAL_ALTERNATIVES,PRIMARY-CBF-FILTERED,EXECUTED_OR_SELECTED_HISTORICAL_CANDIDATE,PASS,True,PASS,FORMAL_SEGMENT_SAFE,"[3.2859706209268995,0.12523484230041504,1.7679267857074583]","[3.2842901114346335,0.12523484230041504,1.7727062605719677]",0.3349227155574934,CERTIFIED_SAFE,SEGMENT_EXACT_SAFE,EXACT_ANALYTIC_SPHERE_SEGMENT_MINIMUM,EXACT_ANALYTIC,3b318a98a454ec5c36410b3c41dfb3dd4a25b7b5a1899f1f2c939fbf24ad0e55,False,False
4f69bc3e77aebf3440283d823c33efeb250b3427850548f89326bf33ed690ea4,PR89_NORMALIZED_ONE_STEP,PR89_NORMALIZED_ONE_STEP,E1_REPLICA_GT_FINE:B1_PLUS_SWEPT_SEGMENT:cd2289a1bf6a81154f65308750f3473e98d69709f48ef8f4055ab136c4a47b71,ONE_STEP:0,E1_REPLICA_GT_FINE,REPRESENTATIVE_HOLDOUT,B1_PLUS_SWEPT_SEGMENT,PRIMARY-CBF-FILTERED,EXECUTED_OR_SELECTED_HISTORICAL_CANDIDATE,PASS,True,PASS,FORMAL_SEGMENT_SAFE,"[1.9167147557105422,2.925234794616699,0.39347498844655426]","[1.9143604774227865,2.925234794616699,0.3903503721038176]",0.14304117381127893,CERTIFIED_SAFE,SEGMENT_EXACT_SAFE,EXACT_ANALYTIC_SPHERE_SEGMENT_MINIMUM,EXACT_ANALYTIC,3b318a98a454ec5c36410b3c41dfb3dd4a25b7b5a1899f1f2c939fbf24ad0e55,False,False
097b3bcdfc0541854142264452e2d8f7a3489037321fc170453e104089f9a4ef,PR89_NORMALIZED_ONE_STEP,PR89_NORMALIZED_ONE_STEP,E1_REPLICA_GT_FINE:B2_PLUS_TERMINAL_BACKUP:cd2289a1bf6a81154f65308750f3473e98d69709f48ef8f4055ab136c4a47b71,ONE_STEP:0,E1_REPLICA_GT_FINE,REPRESENTATIVE_HOLDOUT,B2_PLUS_TERMINAL_BACKUP,PRIMARY-CBF-FILTERED,EXECUTED_OR_SELECTED_HISTORICAL_CANDIDATE,PASS,True,PASS,FORMAL_SEGMENT_SAFE,"[1.9167147557105422,2.925234794616699,0.39347498844655426]","[1.9143604774227865,2.925234794616699,0.3903503721038176]",0.14304117381127893,CERTIFIED_SAFE,SEGMENT_EXACT_SAFE,EXACT_ANALYTIC_SPHERE_SEGMENT_MINIMUM,EXACT_ANALYTIC,3b318a98a454ec5c36410b3c41dfb3dd4a25b7b5a1899f1f2c939fbf24ad0e55,False,False
e4317f325c2c74e09ce2e2bc9ce676b3c85b43ee3b0c9962798ac346746d9f20,PR89_NORMALIZED_ONE_STEP,PR89_NORMALIZED_ONE_STEP,E1_REPLICA_GT_FINE:B3_FULL_UNIFIED_WITH_DIRECTIONAL_ALTERNATIVES:cd2289a1bf6a81154f65308750f3473e98d69709f48ef8f4055ab136c4a47b71,ONE_STEP:0,E1_REPLICA_GT_FINE,REPRESENTATIVE_HOLDOUT,B3_FULL_UNIFIED_WITH_DIRECTIONAL_ALTERNATIVES,PRIMARY-CBF-FILTERED,EXECUTED_OR_SELECTED_HISTORICAL_CANDIDATE,PASS,True,PASS,FORMAL_SEGMENT_SAFE,"[1.9167147557105422,2.925234794616699,0.39347498844655426]","[1.9143604774227865,2.925234794616699,0.3903503721038176]",0.14304117381127893,CERTIFIED_SAFE,SEGMENT_EXACT_SAFE,EXACT_ANALYTIC_SPHERE_SEGMENT_MINIMUM,EXACT_ANALYTIC,3b318a98a454ec5c36410b3c41dfb3dd4a25b7b5a1899f1f2c939fbf24ad0e55,False,False
2b99502fe02c85ac3cf3290f1a0dce61fd4a53f1727ca592dbd2422731f391f7,PR89_NORMALIZED_ONE_STEP,PR89_NORMALIZED_ONE_STEP,E1_REPLICA_GT_FINE:B1_PLUS_SWEPT_SEGMENT:cf99fcdb02a28a816a9aa8ba88a2976f96d10b5ebd3278230ef761ec9cd80c12,ONE_STEP:0,E1_REPLICA_GT_FINE,REPRESENTATIVE_HOLDOUT,B1_PLUS_SWEPT_SEGMENT,PRIMARY-CBF-FILTERED,EXECUTED_OR_SELECTED_HISTORICAL_CANDIDATE,PASS,True,PASS,FORMAL_SEGMENT_SAFE,"[0.11877773354889296,0.12523484230041504,0.1158414205321324]","[0.12236896691125264,0.12523484230041504,0.1194676105391613]",0.8964018087635895,CERTIFIED_SAFE,SEGMENT_EXACT_SAFE,EXACT_ANALYTIC_SPHERE_SEGMENT_MINIMUM,EXACT_ANALYTIC,3b318a98a454ec5c36410b3c41dfb3dd4a25b7b5a1899f1f2c939fbf24ad0e55,False,False
e9d46a35aa4f86605532fb1f48e7ac500640210a7557233e083cabe11e606d51,PR89_NORMALIZED_ONE_STEP,PR89_NORMALIZED_ONE_STEP,E1_REPLICA_GT_FINE:B2_PLUS_TERMINAL_BACKUP:cf99fcdb02a28a816a9aa8ba88a2976f96d10b5ebd3278230ef761ec9cd80c12,ONE_STEP:0,E1_REPLICA_GT_FINE,REPRESENTATIVE_HOLDOUT,B2_PLUS_TERMINAL_BACKUP,PRIMARY-CBF-FILTERED,EXECUTED_OR_SELECTED_HISTORICAL_CANDIDATE,PASS,True,PASS,FORMAL_SEGMENT_SAFE,"[0.11877773354889296,0.12523484230041504,0.1158414205321324]","[0.12236896691125264,0.12523484230041504,0.1194676105391613]",0.8964018087635895,CERTIFIED_SAFE,SEGMENT_EXACT_SAFE,EXACT_ANALYTIC_SPHERE_SEGMENT_MINIMUM,EXACT_ANALYTIC,3b318a98a454ec5c36410b3c41dfb3dd4a25b7b5a1899f1f2c939fbf24ad0e55,False,False
39359c1d17716485cc7fb04efabce56ba65d79971fec47e4a2967db87e2fadcf,PR89_NORMALIZED_ONE_STEP,PR89_NORMALIZED_ONE_STEP,E1_REPLICA_GT_FINE:B3_FULL_UNIFIED_WITH_DIRECTIONAL_ALTERNATIVES:cf99fcdb02a28a816a9aa8ba88a2976f96d10b5ebd3278230ef761ec9cd80c12,ONE_STEP:0,E1_REPLICA_GT_FINE,REPRESENTATIVE_HOLDOUT,B3_FULL_UNIFIED_WITH_DIRECTIONAL_ALTERNATIVES,PRIMARY-CBF-FILTERED,EXECUTED_OR_SELECTED_HISTORICAL_CANDIDATE,PASS,True,PASS,FORMAL_SEGMENT_SAFE,"[0.11877773354889296,0.12523484230041504,0.1158414205321324]","[0.12236896691125264,0.12523484230041504,0.1194676105391613]",0.8964018087635895,CERTIFIED_SAFE,SEGMENT_EXACT_SAFE,EXACT_ANALYTIC_SPHERE_SEGMENT_MINIMUM,EXACT_ANALYTIC,3b318a98a454ec5c36410b3c41dfb3dd4a25b7b5a1899f1f2c939fbf24ad0e55,False,False
a1ff12bfb2cffc9899160bc967490cafa7b85d25dbe5b11c3ddcb427e88b55c5,PR89_NORMALIZED_ONE_STEP,PR89_NORMALIZED_ONE_STEP,E1_REPLICA_GT_FINE:B1_PLUS_SWEPT_SEGMENT:d16700419d954ff77322ffc54097507ff24f92a2150fca11642652d73ca42754,ONE_STEP:0,E1_REPLICA_GT_FINE,REPRESENTATIVE_HOLDOUT,B1_PLUS_SWEPT_SEGMENT,PRIMARY-CBF-FILTERED,EXECUTED_OR_SELECTED_HISTORICAL_CANDIDATE,PASS,True,PASS,FORMAL_SEGMENT_SAFE,"[3.7581257511981927,0.12523484230041504,0.4338139828140592]","[3.754741560692178,0.12523484230041504,0.4318703901575324]",0.26924696323273933,CERTIFIED_SAFE,SEGMENT_EXACT_SAFE,EXACT_ANALYTIC_SPHERE_SEGMENT_MINIMUM,EXACT_ANALYTIC,3b318a98a454ec5c36410b3c41dfb3dd4a25b7b5a1899f1f2c939fbf24ad0e55,False,False
9edb7812abbb69c28f7ff72f49b18fe05efcf9e4d9d364d54356c68efbdb25aa,PR89_NORMALIZED_ONE_STEP,PR89_NORMALIZED_ONE_STEP,E1_REPLICA_GT_FINE:B2_PLUS_TERMINAL_BACKUP:d16700419d954ff77322ffc54097507ff24f92a2150fca11642652d73ca42754,ONE_STEP:0,E1_REPLICA_GT_FINE,REPRESENTATIVE_HOLDOUT,B2_PLUS_TERMINAL_BACKUP,PRIMARY-CBF-FILTERED,EXECUTED_OR_SELECTED_HISTORICAL_CANDIDATE,PASS,True,PASS,FORMAL_SEGMENT_SAFE,"[3.7581257511981927,0.12523484230041504,0.4338139828140592]","[3.754741560692178,0.12523484230041504,0.4318703901575324]",0.26924696323273933,CERTIFIED_SAFE,SEGMENT_EXACT_SAFE,EXACT_ANALYTIC_SPHERE_SEGMENT_MINIMUM,EXACT_ANALYTIC,3b318a98a454ec5c36410b3c41dfb3dd4a25b7b5a1899f1f2c939fbf24ad0e55,False,False
3ccdf24f639d34b21bc2032f7ceb72fb42dbc68b6a055f8606412c72e0e02741,PR89_NORMALIZED_ONE_STEP,PR89_NORMALIZED_ONE_STEP,E1_REPLICA_GT_FINE:B3_FULL_UNIFIED_WITH_DIRECTIONAL_ALTERNATIVES:d16700419d954ff77322ffc54097507ff24f92a2150fca11642652d73ca42754,ONE_STEP:0,E1_REPLICA_GT_FINE,REPRESENTATIVE_HOLDOUT,B3_FULL_UNIFIED_WITH_DIRECTIONAL_ALTERNATIVES,PRIMARY-CBF-FILTERED,EXECUTED_OR_SELECTED_HISTORICAL_CANDIDATE,PASS,True,PASS,FORMAL_SEGMENT_SAFE,"[3.7581257511981927,0.12523484230041504,0.4338139828140592]","[3.754741560692178,0.12523484230041504,0.4318703901575324]",0.26924696323273933,CERTIFIED_SAFE,SEGMENT_EXACT_SAFE,EXACT_ANALYTIC_SPHERE_SEGMENT_MINIMUM,EXACT_ANALYTIC,3b318a98a454ec5c36410b3c41dfb3dd4a25b7b5a1899f1f2c939fbf24ad0e55,False,False
b3a53e3cfd2d5830ddb14d0fd1ad96b27958c7745fc0eb825a8d41cdc58724c4,PR89_NORMALIZED_ONE_STEP,PR89_NORMALIZED_ONE_STEP,E1_REPLICA_GT_FINE:B1_PLUS_SWEPT_SEGMENT:d35a07742088056db84cbe1e766a4d3d8e26bef108b6afbc4eb461a6149610b0,ONE_STEP:0,E1_REPLICA_GT_FINE,REPRESENTATIVE_HOLDOUT,B1_PLUS_SWEPT_SEGMENT,PRIMARY-CBF-FILTERED,EXECUTED_OR_SELECTED_HISTORICAL_CANDIDATE,PASS,True,PASS,FORMAL_SEGMENT_SAFE,"[3.295175936843009,0.12523484230041504,0.18136719928392991]","[3.2945944831039586,0.12523484230041504,0.17876544177875603]",0.4665473176108183,CERTIFIED_SAFE,SEGMENT_EXACT_SAFE,EXACT_ANALYTIC_SPHERE_SEGMENT_MINIMUM,EXACT_ANALYTIC,3b318a98a454ec5c36410b3c41dfb3dd4a25b7b5a1899f1f2c939fbf24ad0e55,False,False
c4b3c360c2dfb025b282e3a2ac8ba49d14a8cfc4d715482c7f67061a94481d4c,PR89_NORMALIZED_ONE_STEP,PR89_NORMALIZED_ONE_STEP,E1_REPLICA_GT_FINE:B2_PLUS_TERMINAL_BACKUP:d35a07742088056db84cbe1e766a4d3d8e26bef108b6afbc4eb461a6149610b0,ONE_STEP:0,E1_REPLICA_GT_FINE,REPRESENTATIVE_HOLDOUT,B2_PLUS_TERMINAL_BACKUP,PRIMARY-CBF-FILTERED,EXECUTED_OR_SELECTED_HISTORICAL_CANDIDATE,PASS,True,PASS,FORMAL_SEGMENT_SAFE,"[3.295175936843009,0.12523484230041504,0.18136719928392991]","[3.2945944831039586,0.12523484230041504,0.17876544177875603]",0.4665473176108183,CERTIFIED_SAFE,SEGMENT_EXACT_SAFE,EXACT_ANALYTIC_SPHERE_SEGMENT_MINIMUM,EXACT_ANALYTIC,3b318a98a454ec5c36410b3c41dfb3dd4a25b7b5a1899f1f2c939fbf24ad0e55,False,False
459de5eb649fdfba098f0ab34e1126260666b64123f61b0d645c03a4d31993da,PR89_NORMALIZED_ONE_STEP,PR89_NORMALIZED_ONE_STEP,E1_REPLICA_GT_FINE:B3_FULL_UNIFIED_WITH_DIRECTIONAL_ALTERNATIVES:d35a07742088056db84cbe1e766a4d3d8e26bef108b6afbc4eb461a6149610b0,ONE_STEP:0,E1_REPLICA_GT_FINE,REPRESENTATIVE_HOLDOUT,B3_FULL_UNIFIED_WITH_DIRECTIONAL_ALTERNATIVES,PRIMARY-CBF-FILTERED,EXECUTED_OR_SELECTED_HISTORICAL_CANDIDATE,PASS,True,PASS,FORMAL_SEGMENT_SAFE,"[3.295175936843009,0.12523484230041504,0.18136719928392991]","[3.2945944831039586,0.12523484230041504,0.17876544177875603]",0.4665473176108183,CERTIFIED_SAFE,SEGMENT_EXACT_SAFE,EXACT_ANALYTIC_SPHERE_SEGMENT_MINIMUM,EXACT_ANALYTIC,3b318a98a454ec5c36410b3c41dfb3dd4a25b7b5a1899f1f2c939fbf24ad0e55,False,False
e19efb78b238b7ce20df8d5506aed220938341131f42477194d9ecde51b2657d,PR89_NORMALIZED_ONE_STEP,PR89_NORMALIZED_ONE_STEP,E1_REPLICA_GT_FINE:B1_PLUS_SWEPT_SEGMENT:d423f84053e20a28fa28c02c0695c9e21cb9084349ded01aed00059190333d24,ONE_STEP:0,E1_REPLICA_GT_FINE,REPRESENTATIVE_HOLDOUT,B1_PLUS_SWEPT_SEGMENT,PRIMARY-CBF-FILTERED,EXECUTED_OR_SELECTED_HISTORICAL_CANDIDATE,PASS,True,PASS,FORMAL_SEGMENT_SAFE,"[2.121543485941651,2.925234794616699,1.8165740387799822]","[2.124930552972236,2.9252347946204096,1.8185122972592518]",0.027120696897376312,CERTIFIED_SAFE,SEGMENT_EXACT_SAFE,EXACT_ANALYTIC_SPHERE_SEGMENT_MINIMUM,EXACT_ANALYTIC,3b318a98a454ec5c36410b3c41dfb3dd4a25b7b5a1899f1f2c939fbf24ad0e55,False,False
b2b507b01d1ee80f905a6abadf3b677fc0717ccf9b168d450fdd20926a07254d,PR89_NORMALIZED_ONE_STEP,PR89_NORMALIZED_ONE_STEP,E1_REPLICA_GT_FINE:B2_PLUS_TERMINAL_BACKUP:d423f84053e20a28fa28c02c0695c9e21cb9084349ded01aed00059190333d24,ONE_STEP:0,E1_REPLICA_GT_FINE,REPRESENTATIVE_HOLDOUT,B2_PLUS_TERMINAL_BACKUP,PRIMARY-CBF-FILTERED,EXECUTED_OR_SELECTED_HISTORICAL_CANDIDATE,PASS,True,PASS,FORMAL_SEGMENT_SAFE,"[2.121543485941651,2.925234794616699,1.8165740387799822]","[2.124930552972236,2.9252347946204096,1.8185122972592518]",0.027120696897376312,CERTIFIED_SAFE,SEGMENT_EXACT_SAFE,EXACT_ANALYTIC_SPHERE_SEGMENT_MINIMUM,EXACT_ANALYTIC,3b318a98a454ec5c36410b3c41dfb3dd4a25b7b5a1899f1f2c939fbf24ad0e55,False,False
101fc3d5a18232735bd75a7a560a6b4fc611d39da8f8e92e07041187f5ad6bd8,PR89_NORMALIZED_ONE_STEP,PR89_NORMALIZED_ONE_STEP,E1_REPLICA_GT_FINE:B3_FULL_UNIFIED_WITH_DIRECTIONAL_ALTERNATIVES:d423f84053e20a28fa28c02c0695c9e21cb9084349ded01aed00059190333d24,ONE_STEP:0,E1_REPLICA_GT_FINE,REPRESENTATIVE_HOLDOUT,B3_FULL_UNIFIED_WITH_DIRECTIONAL_ALTERNATIVES,PRIMARY-CBF-FILTERED,EXECUTED_OR_SELECTED_HISTORICAL_CANDIDATE,PASS,True,PASS,FORMAL_SEGMENT_SAFE,"[2.121543485941651,2.925234794616699,1.8165740387799822]","[2.124930552972236,2.9252347946204096,1.8185122972592518]",0.027120696897376312,CERTIFIED_SAFE,SEGMENT_EXACT_SAFE,EXACT_ANALYTIC_SPHERE_SEGMENT_MINIMUM,EXACT_ANALYTIC,3b318a98a454ec5c36410b3c41dfb3dd4a25b7b5a1899f1f2c939fbf24ad0e55,False,False
1a2ed7e2470528dcb4d835ea57a91e9f10dc8301f57286448a4e45272b4ccfcb,PR89_NORMALIZED_ONE_STEP,PR89_NORMALIZED_ONE_STEP,E1_REPLICA_GT_FINE:B1_PLUS_SWEPT_SEGMENT:d550974b781b5cdc5f25d9fc93263bc36a05e7d08824bac463bbd6f23e6b9bb4,ONE_STEP:0,E1_REPLICA_GT_FINE,REPRESENTATIVE_HOLDOUT,B1_PLUS_SWEPT_SEGMENT,PRIMARY-CBF-FILTERED,EXECUTED_OR_SELECTED_HISTORICAL_CANDIDATE,PASS,True,PASS,FORMAL_SEGMENT_SAFE,"[3.9727610286973345,0.12523484230041504,0.1537915183264847]","[3.9750564097697665,0.12523484230041504,0.15832858215313536]",0.36304968698045104,CERTIFIED_SAFE,SEGMENT_EXACT_SAFE,EXACT_ANALYTIC_SPHERE_SEGMENT_MINIMUM,EXACT_ANALYTIC,3b318a98a454ec5c36410b3c41dfb3dd4a25b7b5a1899f1f2c939fbf24ad0e55,False,False
2cdc812d4db8a766016e39ade0e3de09ad2bf5b2b4ee219e8ae2de333355b512,PR89_NORMALIZED_ONE_STEP,PR89_NORMALIZED_ONE_STEP,E1_REPLICA_GT_FINE:B2_PLUS_TERMINAL_BACKUP:d550974b781b5cdc5f25d9fc93263bc36a05e7d08824bac463bbd6f23e6b9bb4,ONE_STEP:0,E1_REPLICA_GT_FINE,REPRESENTATIVE_HOLDOUT,B2_PLUS_TERMINAL_BACKUP,PRIMARY-CBF-FILTERED,EXECUTED_OR_SELECTED_HISTORICAL_CANDIDATE,PASS,True,PASS,FORMAL_SEGMENT_SAFE,"[3.9727610286973345,0.12523484230041504,0.1537915183264847]","[3.9750564097697665,0.12523484230041504,0.15832858215313536]",0.36304968698045104,CERTIFIED_SAFE,SEGMENT_EXACT_SAFE,EXACT_ANALYTIC_SPHERE_SEGMENT_MINIMUM,EXACT_ANALYTIC,3b318a98a454ec5c36410b3c41dfb3dd4a25b7b5a1899f1f2c939fbf24ad0e55,False,False
c3c8c9093af0b16ba30b6c82e4101b6149a1ba74e78214c7b0ac2b6d1157a428,PR89_NORMALIZED_ONE_STEP,PR89_NORMALIZED_ONE_STEP,E1_REPLICA_GT_FINE:B3_FULL_UNIFIED_WITH_DIRECTIONAL_ALTERNATIVES:d550974b781b5cdc5f25d9fc93263bc36a05e7d08824bac463bbd6f23e6b9bb4,ONE_STEP:0,E1_REPLICA_GT_FINE,REPRESENTATIVE_HOLDOUT,B3_FULL_UNIFIED_WITH_DIRECTIONAL_ALTERNATIVES,PRIMARY-CBF-FILTERED,EXECUTED_OR_SELECTED_HISTORICAL_CANDIDATE,PASS,True,PASS,FORMAL_SEGMENT_SAFE,"[3.9727610286973345,0.12523484230041504,0.1537915183264847]","[3.9750564097697665,0.12523484230041504,0.15832858215313536]",0.36304968698045104,CERTIFIED_SAFE,SEGMENT_EXACT_SAFE,EXACT_ANALYTIC_SPHERE_SEGMENT_MINIMUM,EXACT_ANALYTIC,3b318a98a454ec5c36410b3c41dfb3dd4a25b7b5a1899f1f2c939fbf24ad0e55,False,False
76ff67a29a0e61c728ab6cb1a1c28c6d5522642e2a74363e4919d93771985e0b,PR89_NORMALIZED_ONE_STEP,PR89_NORMALIZED_ONE_STEP,E1_REPLICA_GT_FINE:B1_PLUS_SWEPT_SEGMENT:d736b3fe7b42f6af6f898bf96b10e412d5ea677e294baf80a3a1968beb99368d,ONE_STEP:0,E1_REPLICA_GT_FINE,REPRESENTATIVE_HOLDOUT,B1_PLUS_SWEPT_SEGMENT,PRIMARY-CBF-FILTERED,EXECUTED_OR_SELECTED_HISTORICAL_CANDIDATE,PASS,True,PASS,FORMAL_SEGMENT_SAFE,"[1.2707271327269307,2.925234794616699,1.4672649415453296]","[1.2742732727759127,2.9252347946155655,1.4688665579418683]",0.08568481567528986,CERTIFIED_SAFE,SEGMENT_EXACT_SAFE,EXACT_ANALYTIC_SPHERE_SEGMENT_MINIMUM,EXACT_ANALYTIC,3b318a98a454ec5c36410b3c41dfb3dd4a25b7b5a1899f1f2c939fbf24ad0e55,False,False
be1e73988ec4665d6d2b0cb2a66e50772b36d5f07df96e098e588d9280be5b89,PR89_NORMALIZED_ONE_STEP,PR89_NORMALIZED_ONE_STEP,E1_REPLICA_GT_FINE:B2_PLUS_TERMINAL_BACKUP:d736b3fe7b42f6af6f898bf96b10e412d5ea677e294baf80a3a1968beb99368d,ONE_STEP:0,E1_REPLICA_GT_FINE,REPRESENTATIVE_HOLDOUT,B2_PLUS_TERMINAL_BACKUP,PRIMARY-CBF-FILTERED,EXECUTED_OR_SELECTED_HISTORICAL_CANDIDATE,PASS,True,PASS,FORMAL_SEGMENT_SAFE,"[1.2707271327269307,2.925234794616699,1.4672649415453296]","[1.2742732727759127,2.9252347946155655,1.4688665579418683]",0.08568481567528986,CERTIFIED_SAFE,SEGMENT_EXACT_SAFE,EXACT_ANALYTIC_SPHERE_SEGMENT_MINIMUM,EXACT_ANALYTIC,3b318a98a454ec5c36410b3c41dfb3dd4a25b7b5a1899f1f2c939fbf24ad0e55,False,False
6094ac1b5583a1bbdf35f1feeda64567aad57a5865c0e75986859f84dc4ac6ea,PR89_NORMALIZED_ONE_STEP,PR89_NORMALIZED_ONE_STEP,E1_REPLICA_GT_FINE:B3_FULL_UNIFIED_WITH_DIRECTIONAL_ALTERNATIVES:d736b3fe7b42f6af6f898bf96b10e412d5ea677e294baf80a3a1968beb99368d,ONE_STEP:0,E1_REPLICA_GT_FINE,REPRESENTATIVE_HOLDOUT,B3_FULL_UNIFIED_WITH_DIRECTIONAL_ALTERNATIVES,PRIMARY-CBF-FILTERED,EXECUTED_OR_SELECTED_HISTORICAL_CANDIDATE,PASS,True,PASS,FORMAL_SEGMENT_SAFE,"[1.2707271327269307,2.925234794616699,1.4672649415453296]","[1.2742732727759127,2.9252347946155655,1.4688665579418683]",0.08568481567528986,CERTIFIED_SAFE,SEGMENT_EXACT_SAFE,EXACT_ANALYTIC_SPHERE_SEGMENT_MINIMUM,EXACT_ANALYTIC,3b318a98a454ec5c36410b3c41dfb3dd4a25b7b5a1899f1f2c939fbf24ad0e55,False,False
7b9183fbaeefb5c9744e3c1497f30035b7185798acdcddb43e7da44bed228bcd,PR89_NORMALIZED_ONE_STEP,PR89_NORMALIZED_ONE_STEP,E1_REPLICA_GT_FINE:B1_PLUS_SWEPT_SEGMENT:d73848087c18733f887bb72089596f171895084cef467e8b437e68281bc48ce2,ONE_STEP:0,E1_REPLICA_GT_FINE,REPRESENTATIVE_HOLDOUT,B1_PLUS_SWEPT_SEGMENT,PRIMARY-CBF-FILTERED,EXECUTED_OR_SELECTED_HISTORICAL_CANDIDATE,PASS,True,PASS,FORMAL_SEGMENT_SAFE,"[4.13481341480349,0.12523484230041504,0.14249888532203353]","[4.1337682824628565,0.12523484230041504,0.13756590937831792]",0.33275764649675993,CERTIFIED_SAFE,SEGMENT_EXACT_SAFE,EXACT_ANALYTIC_SPHERE_SEGMENT_MINIMUM,EXACT_ANALYTIC,3b318a98a454ec5c36410b3c41dfb3dd4a25b7b5a1899f1f2c939fbf24ad0e55,False,False
931628ac74c9950b8a8902c8cb13b03eab53acf61b38330ab1b034ef7686ad95,PR89_NORMALIZED_ONE_STEP,PR89_NORMALIZED_ONE_STEP,E1_REPLICA_GT_FINE:B2_PLUS_TERMINAL_BACKUP:d73848087c18733f887bb72089596f171895084cef467e8b437e68281bc48ce2,ONE_STEP:0,E1_REPLICA_GT_FINE,REPRESENTATIVE_HOLDOUT,B2_PLUS_TERMINAL_BACKUP,PRIMARY-CBF-FILTERED,EXECUTED_OR_SELECTED_HISTORICAL_CANDIDATE,PASS,True,PASS,FORMAL_SEGMENT_SAFE,"[4.13481341480349,0.12523484230041504,0.14249888532203353]","[4.1337682824628565,0.12523484230041504,0.13756590937831792]",0.33275764649675993,CERTIFIED_SAFE,SEGMENT_EXACT_SAFE,EXACT_ANALYTIC_SPHERE_SEGMENT_MINIMUM,EXACT_ANALYTIC,3b318a98a454ec5c36410b3c41dfb3dd4a25b7b5a1899f1f2c939fbf24ad0e55,False,False
314500f01089a13c35f3e57efa8b9df81970f1960112a653cd689c5d3431c6e3,PR89_NORMALIZED_ONE_STEP,PR89_NORMALIZED_ONE_STEP,E1_REPLICA_GT_FINE:B3_FULL_UNIFIED_WITH_DIRECTIONAL_ALTERNATIVES:d73848087c18733f887bb72089596f171895084cef467e8b437e68281bc48ce2,ONE_STEP:0,E1_REPLICA_GT_FINE,REPRESENTATIVE_HOLDOUT,B3_FULL_UNIFIED_WITH_DIRECTIONAL_ALTERNATIVES,PRIMARY-CBF-FILTERED,EXECUTED_OR_SELECTED_HISTORICAL_CANDIDATE,PASS,True,PASS,FORMAL_SEGMENT_SAFE,"[4.13481341480349,0.12523484230041504,0.14249888532203353]","[4.1337682824628565,0.12523484230041504,0.13756590937831792]",0.33275764649675993,CERTIFIED_SAFE,SEGMENT_EXACT_SAFE,EXACT_ANALYTIC_SPHERE_SEGMENT_MINIMUM,EXACT_ANALYTIC,3b318a98a454ec5c36410b3c41dfb3dd4a25b7b5a1899f1f2c939fbf24ad0e55,False,False
599e47bf110caa23c9af35934d5af7af140d47499a33352748f8dc1752e19989,PR89_NORMALIZED_ONE_STEP,PR89_NORMALIZED_ONE_STEP,E1_REPLICA_GT_FINE:B1_PLUS_SWEPT_SEGMENT:d963e34c7b4e4923d9770f9181d9d7edae82ba5f07f55e0dc9ea086a1add7bda,ONE_STEP:0,E1_REPLICA_GT_FINE,REPRESENTATIVE_HOLDOUT,B1_PLUS_SWEPT_SEGMENT,PRIMARY-CBF-FILTERED,EXECUTED_OR_SELECTED_HISTORICAL_CANDIDATE,PASS,True,PASS,FORMAL_SEGMENT_SAFE,"[0.25724658258763133,2.925234794616699,1.971600147688498]","[0.2615077133063055,2.925234794616699,1.9688058738564669]",0.19806961527714256,CERTIFIED_SAFE,SEGMENT_EXACT_SAFE,EXACT_ANALYTIC_SPHERE_SEGMENT_MINIMUM,EXACT_ANALYTIC,3b318a98a454ec5c36410b3c41dfb3dd4a25b7b5a1899f1f2c939fbf24ad0e55,False,False
00e9ac52391efe1e0a1a77553d582eddb791eabf6f24e052e0546e5e12b930cb,PR89_NORMALIZED_ONE_STEP,PR89_NORMALIZED_ONE_STEP,E1_REPLICA_GT_FINE:B2_PLUS_TERMINAL_BACKUP:d963e34c7b4e4923d9770f9181d9d7edae82ba5f07f55e0dc9ea086a1add7bda,ONE_STEP:0,E1_REPLICA_GT_FINE,REPRESENTATIVE_HOLDOUT,B2_PLUS_TERMINAL_BACKUP,PRIMARY-CBF-FILTERED,EXECUTED_OR_SELECTED_HISTORICAL_CANDIDATE,PASS,True,PASS,FORMAL_SEGMENT_SAFE,"[0.25724658258763133,2.925234794616699,1.971600147688498]","[0.2615077133063055,2.925234794616699,1.9688058738564669]",0.19806961527714256,CERTIFIED_SAFE,SEGMENT_EXACT_SAFE,EXACT_ANALYTIC_SPHERE_SEGMENT_MINIMUM,EXACT_ANALYTIC,3b318a98a454ec5c36410b3c41dfb3dd4a25b7b5a1899f1f2c939fbf24ad0e55,False,False
3ecd09915e2bcdf4988d0a9ad7e081db5a49cc33acf05c57cef7a331e56e6153,PR89_NORMALIZED_ONE_STEP,PR89_NORMALIZED_ONE_STEP,E1_REPLICA_GT_FINE:B3_FULL_UNIFIED_WITH_DIRECTIONAL_ALTERNATIVES:d963e34c7b4e4923d9770f9181d9d7edae82ba5f07f55e0dc9ea086a1add7bda,ONE_STEP:0,E1_REPLICA_GT_FINE,REPRESENTATIVE_HOLDOUT,B3_FULL_UNIFIED_WITH_DIRECTIONAL_ALTERNATIVES,PRIMARY-CBF-FILTERED,EXECUTED_OR_SELECTED_HISTORICAL_CANDIDATE,PASS,True,PASS,FORMAL_SEGMENT_SAFE,"[0.25724658258763133,2.925234794616699,1.971600147688498]","[0.2615077133063055,2.925234794616699,1.9688058738564669]",0.19806961527714256,CERTIFIED_SAFE,SEGMENT_EXACT_SAFE,EXACT_ANALYTIC_SPHERE_SEGMENT_MINIMUM,EXACT_ANALYTIC,3b318a98a454ec5c36410b3c41dfb3dd4a25b7b5a1899f1f2c939fbf24ad0e55,False,False
7ef5098b6c0fbd29f1ef4d2c787c8e6fa087194cba110bbecabb600b90530b8f,PR89_NORMALIZED_ONE_STEP,PR89_NORMALIZED_ONE_STEP,E1_REPLICA_GT_FINE:B1_PLUS_SWEPT_SEGMENT:dbb13c701a3135469d7b7dcaff5ca0c1e80c3c5c76b5e4c74567428e1626ab16,ONE_STEP:0,E1_REPLICA_GT_FINE,REPRESENTATIVE_HOLDOUT,B1_PLUS_SWEPT_SEGMENT,PRIMARY-CBF-FILTERED,EXECUTED_OR_SELECTED_HISTORICAL_CANDIDATE,PASS,True,PASS,FORMAL_SEGMENT_SAFE,"[4.3192939220794955,0.12523484230041504,0.5585985664726698]","[4.316282978006292,0.12523484230041504,0.5627137555928752]",0.15519801657063484,CERTIFIED_SAFE,SEGMENT_EXACT_SAFE,EXACT_ANALYTIC_SPHERE_SEGMENT_MINIMUM,EXACT_ANALYTIC,3b318a98a454ec5c36410b3c41dfb3dd4a25b7b5a1899f1f2c939fbf24ad0e55,False,False
6927e9f905ca94a3a75a0f55968f0a3cb5ff6801ed08ccddbf620900b22ccbcd,PR89_NORMALIZED_ONE_STEP,PR89_NORMALIZED_ONE_STEP,E1_REPLICA_GT_FINE:B2_PLUS_TERMINAL_BACKUP:dbb13c701a3135469d7b7dcaff5ca0c1e80c3c5c76b5e4c74567428e1626ab16,ONE_STEP:0,E1_REPLICA_GT_FINE,REPRESENTATIVE_HOLDOUT,B2_PLUS_TERMINAL_BACKUP,PRIMARY-CBF-FILTERED,EXECUTED_OR_SELECTED_HISTORICAL_CANDIDATE,PASS,True,PASS,FORMAL_SEGMENT_SAFE,"[4.3192939220794955,0.12523484230041504,0.5585985664726698]","[4.316282978006292,0.12523484230041504,0.5627137555928752]",0.15519801657063484,CERTIFIED_SAFE,SEGMENT_EXACT_SAFE,EXACT_ANALYTIC_SPHERE_SEGMENT_MINIMUM,EXACT_ANALYTIC,3b318a98a454ec5c36410b3c41dfb3dd4a25b7b5a1899f1f2c939fbf24ad0e55,False,False
6168fb3871f654ca9b1f73aed570fa712d244752d49034958ea510e03615c5ac,PR89_NORMALIZED_ONE_STEP,PR89_NORMALIZED_ONE_STEP,E1_REPLICA_GT_FINE:B3_FULL_UNIFIED_WITH_DIRECTIONAL_ALTERNATIVES:dbb13c701a3135469d7b7dcaff5ca0c1e80c3c5c76b5e4c74567428e1626ab16,ONE_STEP:0,E1_REPLICA_GT_FINE,REPRESENTATIVE_HOLDOUT,B3_FULL_UNIFIED_WITH_DIRECTIONAL_ALTERNATIVES,PRIMARY-CBF-FILTERED,EXECUTED_OR_SELECTED_HISTORICAL_CANDIDATE,PASS,True,PASS,FORMAL_SEGMENT_SAFE,"[4.3192939220794955,0.12523484230041504,0.5585985664726698]","[4.316282978006292,0.12523484230041504,0.5627137555928752]",0.15519801657063484,CERTIFIED_SAFE,SEGMENT_EXACT_SAFE,EXACT_ANALYTIC_SPHERE_SEGMENT_MINIMUM,EXACT_ANALYTIC,3b318a98a454ec5c36410b3c41dfb3dd4a25b7b5a1899f1f2c939fbf24ad0e55,False,False
5ec83c57fe173a7f797c0b6c3026897c86a50461293420f5c224b85e2f32751c,PR89_NORMALIZED_ONE_STEP,PR89_NORMALIZED_ONE_STEP,E1_REPLICA_GT_FINE:B1_PLUS_SWEPT_SEGMENT:dd266b4f4e93d7245832e12ca7150e1b277406aafdec54b9a5e12bc26713d146,ONE_STEP:0,E1_REPLICA_GT_FINE,REPRESENTATIVE_HOLDOUT,B1_PLUS_SWEPT_SEGMENT,PRIMARY-CBF-FILTERED,EXECUTED_OR_SELECTED_HISTORICAL_CANDIDATE,PASS,True,PASS,FORMAL_SEGMENT_SAFE,"[1.2684140519861458,2.925234794616699,1.4663164387848648]","[1.2697627653309023,2.9252347946164092,1.4670169775589286]",0.08659947356512102,CERTIFIED_SAFE,SEGMENT_EXACT_SAFE,EXACT_ANALYTIC_SPHERE_SEGMENT_MINIMUM,EXACT_ANALYTIC,3b318a98a454ec5c36410b3c41dfb3dd4a25b7b5a1899f1f2c939fbf24ad0e55,False,False
86c4c36022665536080d0d8590a64fb4ff7da05204e31821dec737f6b3afbb32,PR89_NORMALIZED_ONE_STEP,PR89_NORMALIZED_ONE_STEP,E1_REPLICA_GT_FINE:B2_PLUS_TERMINAL_BACKUP:dd266b4f4e93d7245832e12ca7150e1b277406aafdec54b9a5e12bc26713d146,ONE_STEP:0,E1_REPLICA_GT_FINE,REPRESENTATIVE_HOLDOUT,B2_PLUS_TERMINAL_BACKUP,PRIMARY-CBF-FILTERED,EXECUTED_OR_SELECTED_HISTORICAL_CANDIDATE,PASS,True,PASS,FORMAL_SEGMENT_SAFE,"[1.2684140519861458,2.925234794616699,1.4663164387848648]","[1.2697627653309023,2.9252347946164092,1.4670169775589286]",0.08659947356512102,CERTIFIED_SAFE,SEGMENT_EXACT_SAFE,EXACT_ANALYTIC_SPHERE_SEGMENT_MINIMUM,EXACT_ANALYTIC,3b318a98a454ec5c36410b3c41dfb3dd4a25b7b5a1899f1f2c939fbf24ad0e55,False,False
3db11ce62434892f1b15601f9c25b31adb55c5b3baf93c179702d318a1d990d1,PR89_NORMALIZED_ONE_STEP,PR89_NORMALIZED_ONE_STEP,E1_REPLICA_GT_FINE:B3_FULL_UNIFIED_WITH_DIRECTIONAL_ALTERNATIVES:dd266b4f4e93d7245832e12ca7150e1b277406aafdec54b9a5e12bc26713d146,ONE_STEP:0,E1_REPLICA_GT_FINE,REPRESENTATIVE_HOLDOUT,B3_FULL_UNIFIED_WITH_DIRECTIONAL_ALTERNATIVES,PRIMARY-CBF-FILTERED,EXECUTED_OR_SELECTED_HISTORICAL_CANDIDATE,PASS,True,PASS,FORMAL_SEGMENT_SAFE,"[1.2684140519861458,2.925234794616699,1.4663164387848648]","[1.2697627653309023,2.9252347946164092,1.4670169775589286]",0.08659947356512102,CERTIFIED_SAFE,SEGMENT_EXACT_SAFE,EXACT_ANALYTIC_SPHERE_SEGMENT_MINIMUM,EXACT_ANALYTIC,3b318a98a454ec5c36410b3c41dfb3dd4a25b7b5a1899f1f2c939fbf24ad0e55,False,False
2d812db2923c1fff9966e07e9d08769391f940541fa7870c1b5da6663f7103bf,PR89_NORMALIZED_ONE_STEP,PR89_NORMALIZED_ONE_STEP,E1_REPLICA_GT_FINE:B1_PLUS_SWEPT_SEGMENT:dd90183f6c86b99b2413bc0d1313ad6ee865eb8b34c1cd1ff700a9e25e36a33f,ONE_STEP:0,E1_REPLICA_GT_FINE,REPRESENTATIVE_HOLDOUT,B1_PLUS_SWEPT_SEGMENT,PRIMARY-CBF-FILTERED,EXECUTED_OR_SELECTED_HISTORICAL_CANDIDATE,PASS,True,PASS,FORMAL_SEGMENT_SAFE,"[3.594773155309938,2.925234794616699,2.4354075970758324]","[3.5924434933918716,2.925234794616699,2.4308870577314163]",1.5261677614990616,CERTIFIED_SAFE,SEGMENT_EXACT_SAFE,EXACT_ANALYTIC_SPHERE_SEGMENT_MINIMUM,EXACT_ANALYTIC,3b318a98a454ec5c36410b3c41dfb3dd4a25b7b5a1899f1f2c939fbf24ad0e55,False,False
b5339a6363e28762a4c4a3facafaaf42595d3322012c99ae0f36e6b22ee05532,PR89_NORMALIZED_ONE_STEP,PR89_NORMALIZED_ONE_STEP,E1_REPLICA_GT_FINE:B2_PLUS_TERMINAL_BACKUP:dd90183f6c86b99b2413bc0d1313ad6ee865eb8b34c1cd1ff700a9e25e36a33f,ONE_STEP:0,E1_REPLICA_GT_FINE,REPRESENTATIVE_HOLDOUT,B2_PLUS_TERMINAL_BACKUP,PRIMARY-CBF-FILTERED,EXECUTED_OR_SELECTED_HISTORICAL_CANDIDATE,PASS,True,PASS,FORMAL_SEGMENT_SAFE,"[3.594773155309938,2.925234794616699,2.4354075970758324]","[3.5924434933918716,2.925234794616699,2.4308870577314163]",1.5261677614990616,CERTIFIED_SAFE,SEGMENT_EXACT_SAFE,EXACT_ANALYTIC_SPHERE_SEGMENT_MINIMUM,EXACT_ANALYTIC,3b318a98a454ec5c36410b3c41dfb3dd4a25b7b5a1899f1f2c939fbf24ad0e55,False,False
a1a45fa239bee3bb97629c9a3a43602fdd618cb42ce4911263ced2fc0d8948da,PR89_NORMALIZED_ONE_STEP,PR89_NORMALIZED_ONE_STEP,E1_REPLICA_GT_FINE:B3_FULL_UNIFIED_WITH_DIRECTIONAL_ALTERNATIVES:dd90183f6c86b99b2413bc0d1313ad6ee865eb8b34c1cd1ff700a9e25e36a33f,ONE_STEP:0,E1_REPLICA_GT_FINE,REPRESENTATIVE_HOLDOUT,B3_FULL_UNIFIED_WITH_DIRECTIONAL_ALTERNATIVES,PRIMARY-CBF-FILTERED,EXECUTED_OR_SELECTED_HISTORICAL_CANDIDATE,PASS,True,PASS,FORMAL_SEGMENT_SAFE,"[3.594773155309938,2.925234794616699,2.4354075970758324]","[3.5924434933918716,2.925234794616699,2.4308870577314163]",1.5261677614990616,CERTIFIED_SAFE,SEGMENT_EXACT_SAFE,EXACT_ANALYTIC_SPHERE_SEGMENT_MINIMUM,EXACT_ANALYTIC,3b318a98a454ec5c36410b3c41dfb3dd4a25b7b5a1899f1f2c939fbf24ad0e55,False,False
b003158e82fccc95eb5c331ed7a7c41cf1601e668b507ba556dd9f950daaf933,PR89_NORMALIZED_ONE_STEP,PR89_NORMALIZED_ONE_STEP,E1_REPLICA_GT_FINE:B1_PLUS_SWEPT_SEGMENT:e00c9a68fd389e3f58e1d442afa9acbd1e5596e22a6a1fb4f2b80d836acdb081,ONE_STEP:0,E1_REPLICA_GT_FINE,REPRESENTATIVE_HOLDOUT,B1_PLUS_SWEPT_SEGMENT,PRIMARY-CBF-FILTERED,EXECUTED_OR_SELECTED_HISTORICAL_CANDIDATE,PASS,True,PASS,FORMAL_SEGMENT_SAFE,"[2.92018723487854,0.12523484230041504,-2.124436140060425]","[2.9204370974520857,0.12523484230041504,-2.124186277486879]",0.3206695963406348,CERTIFIED_SAFE,SEGMENT_EXACT_SAFE,EXACT_ANALYTIC_SPHERE_SEGMENT_MINIMUM,EXACT_ANALYTIC,3b318a98a454ec5c36410b3c41dfb3dd4a25b7b5a1899f1f2c939fbf24ad0e55,False,False
b6041a822f08b4f5b80689aebc89915ccc55a12768092cf14dbbb61f101471c9,PR89_NORMALIZED_ONE_STEP,PR89_NORMALIZED_ONE_STEP,E1_REPLICA_GT_FINE:B2_PLUS_TERMINAL_BACKUP:e00c9a68fd389e3f58e1d442afa9acbd1e5596e22a6a1fb4f2b80d836acdb081,ONE_STEP:0,E1_REPLICA_GT_FINE,REPRESENTATIVE_HOLDOUT,B2_PLUS_TERMINAL_BACKUP,PRIMARY-CBF-FILTERED,LOGGED_NONEXECUTED_HISTORICAL_CANDIDATE,PASS,True,PASS,FORMAL_SEGMENT_SAFE,"[2.92018723487854,0.12523484230041504,-2.124436140060425]","[2.9204370974520857,0.12523484230041504,-2.124186277486879]",0.3206695963406348,CERTIFIED_SAFE,SEGMENT_EXACT_SAFE,EXACT_ANALYTIC_SPHERE_SEGMENT_MINIMUM,EXACT_ANALYTIC,3b318a98a454ec5c36410b3c41dfb3dd4a25b7b5a1899f1f2c939fbf24ad0e55,False,False
6e9aba64e2d010cff378c6151eb78133b46122d5a9c98463da51ac7f4f7f6192,PR89_NORMALIZED_ONE_STEP,PR89_NORMALIZED_ONE_STEP,E1_REPLICA_GT_FINE:B3_FULL_UNIFIED_WITH_DIRECTIONAL_ALTERNATIVES:e00c9a68fd389e3f58e1d442afa9acbd1e5596e22a6a1fb4f2b80d836acdb081,ONE_STEP:0,E1_REPLICA_GT_FINE,REPRESENTATIVE_HOLDOUT,B3_FULL_UNIFIED_WITH_DIRECTIONAL_ALTERNATIVES,PRIMARY-CBF-FILTERED,LOGGED_NONEXECUTED_HISTORICAL_CANDIDATE,PASS,True,PASS,FORMAL_SEGMENT_SAFE,"[2.92018723487854,0.12523484230041504,-2.124436140060425]","[2.9204370974520857,0.12523484230041504,-2.124186277486879]",0.3206695963406348,CERTIFIED_SAFE,SEGMENT_EXACT_SAFE,EXACT_ANALYTIC_SPHERE_SEGMENT_MINIMUM,EXACT_ANALYTIC,3b318a98a454ec5c36410b3c41dfb3dd4a25b7b5a1899f1f2c939fbf24ad0e55,False,False
1f95e6f8ee698d594b5495a0fb6de3dcbf69f6bf3a2d953a42db1de5ba3200ff,PR89_NORMALIZED_ONE_STEP,PR89_NORMALIZED_ONE_STEP,E1_REPLICA_GT_FINE:B1_PLUS_SWEPT_SEGMENT:e1f1e32b39b7cc4bdf0ac52b9310925259f283a2f428b6cfc307573e88912498,ONE_STEP:0,E1_REPLICA_GT_FINE,REPRESENTATIVE_HOLDOUT,B1_PLUS_SWEPT_SEGMENT,PRIMARY-CBF-FILTERED,EXECUTED_OR_SELECTED_HISTORICAL_CANDIDATE,PASS,True,PASS,FORMAL_SEGMENT_SAFE,"[0.11370796485011994,0.12523484230041504,-1.0630707194600335]","[0.11615392112211534,0.12523484230041504,-1.0619160643204197]",0.12447158271260475,CERTIFIED_SAFE,SEGMENT_EXACT_SAFE,EXACT_ANALYTIC_SPHERE_SEGMENT_MINIMUM,EXACT_ANALYTIC,3b318a98a454ec5c36410b3c41dfb3dd4a25b7b5a1899f1f2c939fbf24ad0e55,False,False
85d1dbaab61966793d218f868db3a64227b6c0c0284a2a2618311153c76118d0,PR89_NORMALIZED_ONE_STEP,PR89_NORMALIZED_ONE_STEP,E1_REPLICA_GT_FINE:B2_PLUS_TERMINAL_BACKUP:e1f1e32b39b7cc4bdf0ac52b9310925259f283a2f428b6cfc307573e88912498,ONE_STEP:0,E1_REPLICA_GT_FINE,REPRESENTATIVE_HOLDOUT,B2_PLUS_TERMINAL_BACKUP,PRIMARY-CBF-FILTERED,EXECUTED_OR_SELECTED_HISTORICAL_CANDIDATE,PASS,True,PASS,FORMAL_SEGMENT_SAFE,"[0.11370796485011994,0.12523484230041504,-1.0630707194600335]","[0.11615392112211534,0.12523484230041504,-1.0619160643204197]",0.12447158271260475,CERTIFIED_SAFE,SEGMENT_EXACT_SAFE,EXACT_ANALYTIC_SPHERE_SEGMENT_MINIMUM,EXACT_ANALYTIC,3b318a98a454ec5c36410b3c41dfb3dd4a25b7b5a1899f1f2c939fbf24ad0e55,False,False
f458c391c458086cf1788a9fba19a3d7adbdd5a6ce495f0f1c82b6451c6e590c,PR89_NORMALIZED_ONE_STEP,PR89_NORMALIZED_ONE_STEP,E1_REPLICA_GT_FINE:B3_FULL_UNIFIED_WITH_DIRECTIONAL_ALTERNATIVES:e1f1e32b39b7cc4bdf0ac52b9310925259f283a2f428b6cfc307573e88912498,ONE_STEP:0,E1_REPLICA_GT_FINE,REPRESENTATIVE_HOLDOUT,B3_FULL_UNIFIED_WITH_DIRECTIONAL_ALTERNATIVES,PRIMARY-CBF-FILTERED,EXECUTED_OR_SELECTED_HISTORICAL_CANDIDATE,PASS,True,PASS,FORMAL_SEGMENT_SAFE,"[0.11370796485011994,0.12523484230041504,-1.0630707194600335]","[0.11615392112211534,0.12523484230041504,-1.0619160643204197]",0.12447158271260475,CERTIFIED_SAFE,SEGMENT_EXACT_SAFE,EXACT_ANALYTIC_SPHERE_SEGMENT_MINIMUM,EXACT_ANALYTIC,3b318a98a454ec5c36410b3c41dfb3dd4a25b7b5a1899f1f2c939fbf24ad0e55,False,False
90f53e1cd536a54922f4983d4a3a31b3d66d2f7c046321c0c88e468267637908,PR89_NORMALIZED_ONE_STEP,PR89_NORMALIZED_ONE_STEP,E1_REPLICA_GT_FINE:B1_PLUS_SWEPT_SEGMENT:e2e599a26797533489645a555110a5e793f989c950ee1e5eff1e6b11d6ea5dc8,ONE_STEP:0,E1_REPLICA_GT_FINE,REPRESENTATIVE_HOLDOUT,B1_PLUS_SWEPT_SEGMENT,PRIMARY-CBF-FILTERED,EXECUTED_OR_SELECTED_HISTORICAL_CANDIDATE,PASS,True,PASS,FORMAL_SEGMENT_SAFE,"[-1.4108368754386902,0.17984455823898315,0.9354761242866516]","[-1.411086794575378,0.18009136180156915,0.9357260674330857]",0.01468419323840579,CERTIFIED_SAFE,SEGMENT_EXACT_SAFE,EXACT_ANALYTIC_SPHERE_SEGMENT_MINIMUM,EXACT_ANALYTIC,3b318a98a454ec5c36410b3c41dfb3dd4a25b7b5a1899f1f2c939fbf24ad0e55,False,False
1b94675998979cc89be8e18b50018cc82245fc7874294fb6c25771b8db9f1da0,PR89_NORMALIZED_ONE_STEP,PR89_NORMALIZED_ONE_STEP,E1_REPLICA_GT_FINE:B2_PLUS_TERMINAL_BACKUP:e2e599a26797533489645a555110a5e793f989c950ee1e5eff1e6b11d6ea5dc8,ONE_STEP:0,E1_REPLICA_GT_FINE,REPRESENTATIVE_HOLDOUT,B2_PLUS_TERMINAL_BACKUP,PRIMARY-CBF-FILTERED,LOGGED_NONEXECUTED_HISTORICAL_CANDIDATE,PASS,True,PASS,FORMAL_SEGMENT_SAFE,"[-1.4108368754386902,0.17984455823898315,0.9354761242866516]","[-1.411086794575378,0.18009136180156915,0.9357260674330857]",0.01468419323840579,CERTIFIED_SAFE,SEGMENT_EXACT_SAFE,EXACT_ANALYTIC_SPHERE_SEGMENT_MINIMUM,EXACT_ANALYTIC,3b318a98a454ec5c36410b3c41dfb3dd4a25b7b5a1899f1f2c939fbf24ad0e55,False,False
c4cf9e40aae8748a8ec3444a032e63e01bdd709d650ec9441b4e4a7483f8dd41,PR89_NORMALIZED_ONE_STEP,PR89_NORMALIZED_ONE_STEP,E1_REPLICA_GT_FINE:B3_FULL_UNIFIED_WITH_DIRECTIONAL_ALTERNATIVES:e2e599a26797533489645a555110a5e793f989c950ee1e5eff1e6b11d6ea5dc8,ONE_STEP:0,E1_REPLICA_GT_FINE,REPRESENTATIVE_HOLDOUT,B3_FULL_UNIFIED_WITH_DIRECTIONAL_ALTERNATIVES,PRIMARY-CBF-FILTERED,LOGGED_NONEXECUTED_HISTORICAL_CANDIDATE,PASS,True,PASS,FORMAL_SEGMENT_SAFE,"[-1.4108368754386902,0.17984455823898315,0.9354761242866516]","[-1.411086794575378,0.18009136180156915,0.9357260674330857]",0.01468419323840579,CERTIFIED_SAFE,SEGMENT_EXACT_SAFE,EXACT_ANALYTIC_SPHERE_SEGMENT_MINIMUM,EXACT_ANALYTIC,3b318a98a454ec5c36410b3c41dfb3dd4a25b7b5a1899f1f2c939fbf24ad0e55,False,False
8da47f5bd7644cc982f4f17a289b68af302f9797bca5699d31a4d052bce2d1e1,PR89_NORMALIZED_ONE_STEP,PR89_NORMALIZED_ONE_STEP,E1_REPLICA_GT_FINE:B1_PLUS_SWEPT_SEGMENT:e48fe8cf558e8c0cdd9a0f08c28bf0bf1f6f3e72719c35a127976351e704f2ef,ONE_STEP:0,E1_REPLICA_GT_FINE,REPRESENTATIVE_HOLDOUT,B1_PLUS_SWEPT_SEGMENT,PRIMARY-CBF-FILTERED,EXECUTED_OR_SELECTED_HISTORICAL_CANDIDATE,PASS,True,PASS,FORMAL_SEGMENT_SAFE,"[0.6635776219002884,2.925234794616699,3.443118458425474]","[0.6592718895969055,2.925234794616781,3.44039590195768]",0.09816770137887476,CERTIFIED_SAFE,SEGMENT_EXACT_SAFE,EXACT_ANALYTIC_SPHERE_SEGMENT_MINIMUM,EXACT_ANALYTIC,3b318a98a454ec5c36410b3c41dfb3dd4a25b7b5a1899f1f2c939fbf24ad0e55,False,False
12013efc10552a7650c73972e106297e1be78fed1c1586db7f6e371bfaff52fc,PR89_NORMALIZED_ONE_STEP,PR89_NORMALIZED_ONE_STEP,E1_REPLICA_GT_FINE:B2_PLUS_TERMINAL_BACKUP:e48fe8cf558e8c0cdd9a0f08c28bf0bf1f6f3e72719c35a127976351e704f2ef,ONE_STEP:0,E1_REPLICA_GT_FINE,REPRESENTATIVE_HOLDOUT,B2_PLUS_TERMINAL_BACKUP,PRIMARY-CBF-FILTERED,EXECUTED_OR_SELECTED_HISTORICAL_CANDIDATE,PASS,True,PASS,FORMAL_SEGMENT_SAFE,"[0.6635776219002884,2.925234794616699,3.443118458425474]","[0.6592718895969055,2.925234794616781,3.44039590195768]",0.09816770137887476,CERTIFIED_SAFE,SEGMENT_EXACT_SAFE,EXACT_ANALYTIC_SPHERE_SEGMENT_MINIMUM,EXACT_ANALYTIC,3b318a98a454ec5c36410b3c41dfb3dd4a25b7b5a1899f1f2c939fbf24ad0e55,False,False
ad7a24d211c151b4138f348bee1676de5446b8c7c45efdc4b91f7814ceff7a31,PR89_NORMALIZED_ONE_STEP,PR89_NORMALIZED_ONE_STEP,E1_REPLICA_GT_FINE:B3_FULL_UNIFIED_WITH_DIRECTIONAL_ALTERNATIVES:e48fe8cf558e8c0cdd9a0f08c28bf0bf1f6f3e72719c35a127976351e704f2ef,ONE_STEP:0,E1_REPLICA_GT_FINE,REPRESENTATIVE_HOLDOUT,B3_FULL_UNIFIED_WITH_DIRECTIONAL_ALTERNATIVES,PRIMARY-CBF-FILTERED,EXECUTED_OR_SELECTED_HISTORICAL_CANDIDATE,PASS,True,PASS,FORMAL_SEGMENT_SAFE,"[0.6635776219002884,2.925234794616699,3.443118458425474]","[0.6592718895969055,2.925234794616781,3.44039590195768]",0.09816770137887476,CERTIFIED_SAFE,SEGMENT_EXACT_SAFE,EXACT_ANALYTIC_SPHERE_SEGMENT_MINIMUM,EXACT_ANALYTIC,3b318a98a454ec5c36410b3c41dfb3dd4a25b7b5a1899f1f2c939fbf24ad0e55,False,False
74d8fe3bce9cd72c2c0a377e05a0964de71b69d701206a776bdc570a86e760bd,PR89_NORMALIZED_ONE_STEP,PR89_NORMALIZED_ONE_STEP,E1_REPLICA_GT_FINE:B1_PLUS_SWEPT_SEGMENT:e5d76d0be3ceef59610d9b6b2a5da34fe2d724b95e8484721b2797b2b458c7e3,ONE_STEP:0,E1_REPLICA_GT_FINE,REPRESENTATIVE_HOLDOUT,B1_PLUS_SWEPT_SEGMENT,PRIMARY-CBF-FILTERED,EXECUTED_OR_SELECTED_HISTORICAL_CANDIDATE,PASS,True,PASS,FORMAL_SEGMENT_SAFE,"[-0.06447203282372972,2.925234794616699,1.2805415332043564]","[-0.06573959661164112,2.925234794616699,1.2796793893506562]",0.28946728236693375,CERTIFIED_SAFE,SEGMENT_EXACT_SAFE,EXACT_ANALYTIC_SPHERE_SEGMENT_MINIMUM,EXACT_ANALYTIC,3b318a98a454ec5c36410b3c41dfb3dd4a25b7b5a1899f1f2c939fbf24ad0e55,False,False
7110a387f0d97a5b6d2dede1d6b1992299c4ef77fade036c8d748460e2b96059,PR89_NORMALIZED_ONE_STEP,PR89_NORMALIZED_ONE_STEP,E1_REPLICA_GT_FINE:B2_PLUS_TERMINAL_BACKUP:e5d76d0be3ceef59610d9b6b2a5da34fe2d724b95e8484721b2797b2b458c7e3,ONE_STEP:0,E1_REPLICA_GT_FINE,REPRESENTATIVE_HOLDOUT,B2_PLUS_TERMINAL_BACKUP,PRIMARY-CBF-FILTERED,EXECUTED_OR_SELECTED_HISTORICAL_CANDIDATE,PASS,True,PASS,FORMAL_SEGMENT_SAFE,"[-0.06447203282372972,2.925234794616699,1.2805415332043564]","[-0.06573959661164112,2.925234794616699,1.2796793893506562]",0.28946728236693375,CERTIFIED_SAFE,SEGMENT_EXACT_SAFE,EXACT_ANALYTIC_SPHERE_SEGMENT_MINIMUM,EXACT_ANALYTIC,3b318a98a454ec5c36410b3c41dfb3dd4a25b7b5a1899f1f2c939fbf24ad0e55,False,False
d3d0b90cea2353e8247b4480d4dd4447a061d344fabb42960ddeea6e95ce725e,PR89_NORMALIZED_ONE_STEP,PR89_NORMALIZED_ONE_STEP,E1_REPLICA_GT_FINE:B3_FULL_UNIFIED_WITH_DIRECTIONAL_ALTERNATIVES:e5d76d0be3ceef59610d9b6b2a5da34fe2d724b95e8484721b2797b2b458c7e3,ONE_STEP:0,E1_REPLICA_GT_FINE,REPRESENTATIVE_HOLDOUT,B3_FULL_UNIFIED_WITH_DIRECTIONAL_ALTERNATIVES,PRIMARY-CBF-FILTERED,EXECUTED_OR_SELECTED_HISTORICAL_CANDIDATE,PASS,True,PASS,FORMAL_SEGMENT_SAFE,"[-0.06447203282372972,2.925234794616699,1.2805415332043564]","[-0.06573959661164112,2.925234794616699,1.2796793893506562]",0.28946728236693375,CERTIFIED_SAFE,SEGMENT_EXACT_SAFE,EXACT_ANALYTIC_SPHERE_SEGMENT_MINIMUM,EXACT_ANALYTIC,3b318a98a454ec5c36410b3c41dfb3dd4a25b7b5a1899f1f2c939fbf24ad0e55,False,False
acf3b548bf12036fc1995530d7f75645226723f437254e3fa79aa97a05148fa3,PR89_NORMALIZED_ONE_STEP,PR89_NORMALIZED_ONE_STEP,E1_REPLICA_GT_FINE:B1_PLUS_SWEPT_SEGMENT:e647b36323404f8ae0b3dd9d2148f1e3ad14a1e11bc37f5e652d0a4425b4b4ad,ONE_STEP:0,E1_REPLICA_GT_FINE,REPRESENTATIVE_HOLDOUT,B1_PLUS_SWEPT_SEGMENT,PRIMARY-CBF-FILTERED,EXECUTED_OR_SELECTED_HISTORICAL_CANDIDATE,PASS,True,PASS,FORMAL_SEGMENT_SAFE,"[2.5913841438000467,0.12523484230041504,3.9314367657139395]","[2.5875758385087235,0.125234842300411,3.9310139372340993]",0.0472643969715279,CERTIFIED_SAFE,SEGMENT_EXACT_SAFE,EXACT_ANALYTIC_SPHERE_SEGMENT_MINIMUM,EXACT_ANALYTIC,3b318a98a454ec5c36410b3c41dfb3dd4a25b7b5a1899f1f2c939fbf24ad0e55,False,False
b282c83b373396ed51c0d5b2d9040d539ffef2462369df1dca929994ed96c16d,PR89_NORMALIZED_ONE_STEP,PR89_NORMALIZED_ONE_STEP,E1_REPLICA_GT_FINE:B2_PLUS_TERMINAL_BACKUP:e647b36323404f8ae0b3dd9d2148f1e3ad14a1e11bc37f5e652d0a4425b4b4ad,ONE_STEP:0,E1_REPLICA_GT_FINE,REPRESENTATIVE_HOLDOUT,B2_PLUS_TERMINAL_BACKUP,PRIMARY-CBF-FILTERED,EXECUTED_OR_SELECTED_HISTORICAL_CANDIDATE,PASS,True,PASS,FORMAL_SEGMENT_SAFE,"[2.5913841438000467,0.12523484230041504,3.9314367657139395]","[2.5875758385087235,0.125234842300411,3.9310139372340993]",0.0472643969715279,CERTIFIED_SAFE,SEGMENT_EXACT_SAFE,EXACT_ANALYTIC_SPHERE_SEGMENT_MINIMUM,EXACT_ANALYTIC,3b318a98a454ec5c36410b3c41dfb3dd4a25b7b5a1899f1f2c939fbf24ad0e55,False,False
fdf7b21305a55069efccf287fb871e2a6f473340914f966a1e7aa222a1a2c081,PR89_NORMALIZED_ONE_STEP,PR89_NORMALIZED_ONE_STEP,E1_REPLICA_GT_FINE:B3_FULL_UNIFIED_WITH_DIRECTIONAL_ALTERNATIVES:e647b36323404f8ae0b3dd9d2148f1e3ad14a1e11bc37f5e652d0a4425b4b4ad,ONE_STEP:0,E1_REPLICA_GT_FINE,REPRESENTATIVE_HOLDOUT,B3_FULL_UNIFIED_WITH_DIRECTIONAL_ALTERNATIVES,PRIMARY-CBF-FILTERED,EXECUTED_OR_SELECTED_HISTORICAL_CANDIDATE,PASS,True,PASS,FORMAL_SEGMENT_SAFE,"[2.5913841438000467,0.12523484230041504,3.9314367657139395]","[2.5875758385087235,0.125234842300411,3.9310139372340993]",0.0472643969715279,CERTIFIED_SAFE,SEGMENT_EXACT_SAFE,EXACT_ANALYTIC_SPHERE_SEGMENT_MINIMUM,EXACT_ANALYTIC,3b318a98a454ec5c36410b3c41dfb3dd4a25b7b5a1899f1f2c939fbf24ad0e55,False,False
3199b2fab27b856176230bf74588b9bf4982cc63c2b6015f94355aa88a4f69d6,PR89_NORMALIZED_ONE_STEP,PR89_NORMALIZED_ONE_STEP,E1_REPLICA_GT_FINE:B1_PLUS_SWEPT_SEGMENT:e694a787437be0c0d9680d4cb549412123d35e2072ea84885321e5db3bc061e1,ONE_STEP:0,E1_REPLICA_GT_FINE,REPRESENTATIVE_HOLDOUT,B1_PLUS_SWEPT_SEGMENT,PRIMARY-CBF-FILTERED,EXECUTED_OR_SELECTED_HISTORICAL_CANDIDATE,PASS,True,PASS,FORMAL_SEGMENT_SAFE,"[3.5964149936681444,2.925234794616699,2.4387790755060643]","[3.5956450782845906,2.925234794616699,2.4374614406925987]",1.5340775182481674,CERTIFIED_SAFE,SEGMENT_EXACT_SAFE,EXACT_ANALYTIC_SPHERE_SEGMENT_MINIMUM,EXACT_ANALYTIC,3b318a98a454ec5c36410b3c41dfb3dd4a25b7b5a1899f1f2c939fbf24ad0e55,False,False
96b02fdc3042ceef8b2bdb9f4e2a0b700308580b06d2851e793020777f2f4748,PR89_NORMALIZED_ONE_STEP,PR89_NORMALIZED_ONE_STEP,E1_REPLICA_GT_FINE:B2_PLUS_TERMINAL_BACKUP:e694a787437be0c0d9680d4cb549412123d35e2072ea84885321e5db3bc061e1,ONE_STEP:0,E1_REPLICA_GT_FINE,REPRESENTATIVE_HOLDOUT,B2_PLUS_TERMINAL_BACKUP,PRIMARY-CBF-FILTERED,EXECUTED_OR_SELECTED_HISTORICAL_CANDIDATE,PASS,True,PASS,FORMAL_SEGMENT_SAFE,"[3.5964149936681444,2.925234794616699,2.4387790755060643]","[3.5956450782845906,2.925234794616699,2.4374614406925987]",1.5340775182481674,CERTIFIED_SAFE,SEGMENT_EXACT_SAFE,EXACT_ANALYTIC_SPHERE_SEGMENT_MINIMUM,EXACT_ANALYTIC,3b318a98a454ec5c36410b3c41dfb3dd4a25b7b5a1899f1f2c939fbf24ad0e55,False,False
6412e3c161a96b61aa91cf5aad762802b69d8449838f6a77946fc29dd627c0ab,PR89_NORMALIZED_ONE_STEP,PR89_NORMALIZED_ONE_STEP,E1_REPLICA_GT_FINE:B3_FULL_UNIFIED_WITH_DIRECTIONAL_ALTERNATIVES:e694a787437be0c0d9680d4cb549412123d35e2072ea84885321e5db3bc061e1,ONE_STEP:0,E1_REPLICA_GT_FINE,REPRESENTATIVE_HOLDOUT,B3_FULL_UNIFIED_WITH_DIRECTIONAL_ALTERNATIVES,PRIMARY-CBF-FILTERED,EXECUTED_OR_SELECTED_HISTORICAL_CANDIDATE,PASS,True,PASS,FORMAL_SEGMENT_SAFE,"[3.5964149936681444,2.925234794616699,2.4387790755060643]","[3.5956450782845906,2.925234794616699,2.4374614406925987]",1.5340775182481674,CERTIFIED_SAFE,SEGMENT_EXACT_SAFE,EXACT_ANALYTIC_SPHERE_SEGMENT_MINIMUM,EXACT_ANALYTIC,3b318a98a454ec5c36410b3c41dfb3dd4a25b7b5a1899f1f2c939fbf24ad0e55,False,False
10c0bd81fb7d6107bc548f67dba775eef1d309d05934e5a10123ec93a8f5b24d,PR89_NORMALIZED_ONE_STEP,PR89_NORMALIZED_ONE_STEP,E1_REPLICA_GT_FINE:B1_PLUS_SWEPT_SEGMENT:e8e29ada3d95a190f9c2b4a8f1e2d8c5758a16280e32bd58c1428e26a1fd590e,ONE_STEP:0,E1_REPLICA_GT_FINE,REPRESENTATIVE_HOLDOUT,B1_PLUS_SWEPT_SEGMENT,PRIMARY-CBF-FILTERED,EXECUTED_OR_SELECTED_HISTORICAL_CANDIDATE,PASS,True,PASS,FORMAL_SEGMENT_SAFE,"[1.6611739968929136,2.925234794616699,2.989829874985965]","[1.662143407429243,2.9252347946274373,2.9848846702186815]",0.05871009945020664,CERTIFIED_SAFE,SEGMENT_EXACT_SAFE,EXACT_ANALYTIC_SPHERE_SEGMENT_MINIMUM,EXACT_ANALYTIC,3b318a98a454ec5c36410b3c41dfb3dd4a25b7b5a1899f1f2c939fbf24ad0e55,False,False
45ad06d4b5d69188e301f5d4d9ccc1f79bbf7a39c686cc98a99d242a5e6b0900,PR89_NORMALIZED_ONE_STEP,PR89_NORMALIZED_ONE_STEP,E1_REPLICA_GT_FINE:B2_PLUS_TERMINAL_BACKUP:e8e29ada3d95a190f9c2b4a8f1e2d8c5758a16280e32bd58c1428e26a1fd590e,ONE_STEP:0,E1_REPLICA_GT_FINE,REPRESENTATIVE_HOLDOUT,B2_PLUS_TERMINAL_BACKUP,PRIMARY-CBF-FILTERED,EXECUTED_OR_SELECTED_HISTORICAL_CANDIDATE,PASS,True,PASS,FORMAL_SEGMENT_SAFE,"[1.6611739968929136,2.925234794616699,2.989829874985965]","[1.662143407429243,2.9252347946274373,2.9848846702186815]",0.05871009945020664,CERTIFIED_SAFE,SEGMENT_EXACT_SAFE,EXACT_ANALYTIC_SPHERE_SEGMENT_MINIMUM,EXACT_ANALYTIC,3b318a98a454ec5c36410b3c41dfb3dd4a25b7b5a1899f1f2c939fbf24ad0e55,False,False
4032c832d0b6243f39cca9a0b42c1a4d029c0ddb8bfd3601c365f4f97c0444a7,PR89_NORMALIZED_ONE_STEP,PR89_NORMALIZED_ONE_STEP,E1_REPLICA_GT_FINE:B3_FULL_UNIFIED_WITH_DIRECTIONAL_ALTERNATIVES:e8e29ada3d95a190f9c2b4a8f1e2d8c5758a16280e32bd58c1428e26a1fd590e,ONE_STEP:0,E1_REPLICA_GT_FINE,REPRESENTATIVE_HOLDOUT,B3_FULL_UNIFIED_WITH_DIRECTIONAL_ALTERNATIVES,PRIMARY-CBF-FILTERED,EXECUTED_OR_SELECTED_HISTORICAL_CANDIDATE,PASS,True,PASS,FORMAL_SEGMENT_SAFE,"[1.6611739968929136,2.925234794616699,2.989829874985965]","[1.662143407429243,2.9252347946274373,2.9848846702186815]",0.05871009945020664,CERTIFIED_SAFE,SEGMENT_EXACT_SAFE,EXACT_ANALYTIC_SPHERE_SEGMENT_MINIMUM,EXACT_ANALYTIC,3b318a98a454ec5c36410b3c41dfb3dd4a25b7b5a1899f1f2c939fbf24ad0e55,False,False
db4a884323194c413432ed7dde850ea2a3810b61e78f6a436a71f3f8e35e825e,PR89_NORMALIZED_ONE_STEP,PR89_NORMALIZED_ONE_STEP,E1_REPLICA_GT_FINE:B1_PLUS_SWEPT_SEGMENT:ea1db817fdad70be222a63d4ee790f7e983c9d9c1c357da1eb7ae0d6b1d5bc48,ONE_STEP:0,E1_REPLICA_GT_FINE,REPRESENTATIVE_HOLDOUT,B1_PLUS_SWEPT_SEGMENT,PRIMARY-CBF-FILTERED,EXECUTED_OR_SELECTED_HISTORICAL_CANDIDATE,PASS,True,PASS,FORMAL_SEGMENT_SAFE,"[3.9107091128879756,2.925234794616699,2.6334277321965414]","[3.915627427612418,2.925234794616699,2.632300613524524]",2.411311372696203,CERTIFIED_SAFE,SEGMENT_EXACT_SAFE,EXACT_ANALYTIC_SPHERE_SEGMENT_MINIMUM,EXACT_ANALYTIC,3b318a98a454ec5c36410b3c41dfb3dd4a25b7b5a1899f1f2c939fbf24ad0e55,False,False
bf8de863de58ed5b1d3b84b36caa979e5d1adcf72e5b3629a17981bada0db3d8,PR89_NORMALIZED_ONE_STEP,PR89_NORMALIZED_ONE_STEP,E1_REPLICA_GT_FINE:B2_PLUS_TERMINAL_BACKUP:ea1db817fdad70be222a63d4ee790f7e983c9d9c1c357da1eb7ae0d6b1d5bc48,ONE_STEP:0,E1_REPLICA_GT_FINE,REPRESENTATIVE_HOLDOUT,B2_PLUS_TERMINAL_BACKUP,PRIMARY-CBF-FILTERED,EXECUTED_OR_SELECTED_HISTORICAL_CANDIDATE,PASS,True,PASS,FORMAL_SEGMENT_SAFE,"[3.9107091128879756,2.925234794616699,2.6334277321965414]","[3.915627427612418,2.925234794616699,2.632300613524524]",2.411311372696203,CERTIFIED_SAFE,SEGMENT_EXACT_SAFE,EXACT_ANALYTIC_SPHERE_SEGMENT_MINIMUM,EXACT_ANALYTIC,3b318a98a454ec5c36410b3c41dfb3dd4a25b7b5a1899f1f2c939fbf24ad0e55,False,False
d8e4aea96292e52bc72dd58322bd2c8759ea317fd4d04b480b4f7d8e2f37447b,PR89_NORMALIZED_ONE_STEP,PR89_NORMALIZED_ONE_STEP,E1_REPLICA_GT_FINE:B3_FULL_UNIFIED_WITH_DIRECTIONAL_ALTERNATIVES:ea1db817fdad70be222a63d4ee790f7e983c9d9c1c357da1eb7ae0d6b1d5bc48,ONE_STEP:0,E1_REPLICA_GT_FINE,REPRESENTATIVE_HOLDOUT,B3_FULL_UNIFIED_WITH_DIRECTIONAL_ALTERNATIVES,PRIMARY-CBF-FILTERED,EXECUTED_OR_SELECTED_HISTORICAL_CANDIDATE,PASS,True,PASS,FORMAL_SEGMENT_SAFE,"[3.9107091128879756,2.925234794616699,2.6334277321965414]","[3.915627427612418,2.925234794616699,2.632300613524524]",2.411311372696203,CERTIFIED_SAFE,SEGMENT_EXACT_SAFE,EXACT_ANALYTIC_SPHERE_SEGMENT_MINIMUM,EXACT_ANALYTIC,3b318a98a454ec5c36410b3c41dfb3dd4a25b7b5a1899f1f2c939fbf24ad0e55,False,False
280cd02a4087242fad294b9c8ba299b8e1ca82896724d2fc45f80c11abd95559,PR89_NORMALIZED_ONE_STEP,PR89_NORMALIZED_ONE_STEP,E1_REPLICA_GT_FINE:B1_PLUS_SWEPT_SEGMENT:eddc6828734721b6989455f10a436ca2dcfea4b2bf577d061969ba10140feedd,ONE_STEP:0,E1_REPLICA_GT_FINE,REPRESENTATIVE_HOLDOUT,B1_PLUS_SWEPT_SEGMENT,PRIMARY-CBF-FILTERED,EXECUTED_OR_SELECTED_HISTORICAL_CANDIDATE,PASS,True,PASS,FORMAL_SEGMENT_SAFE,"[0.41627371311187744,2.925234794616699,1.1168874502182007]","[0.416523575685423,2.925234794616699,1.117137312791746]",0.19928304377005776,CERTIFIED_SAFE,SEGMENT_EXACT_SAFE,EXACT_ANALYTIC_SPHERE_SEGMENT_MINIMUM,EXACT_ANALYTIC,3b318a98a454ec5c36410b3c41dfb3dd4a25b7b5a1899f1f2c939fbf24ad0e55,False,False
14dc0e60e55eae2e2ab78d6cacc766b9934b851ca676fc72455bdff90bf01506,PR89_NORMALIZED_ONE_STEP,PR89_NORMALIZED_ONE_STEP,E1_REPLICA_GT_FINE:B2_PLUS_TERMINAL_BACKUP:eddc6828734721b6989455f10a436ca2dcfea4b2bf577d061969ba10140feedd,ONE_STEP:0,E1_REPLICA_GT_FINE,REPRESENTATIVE_HOLDOUT,B2_PLUS_TERMINAL_BACKUP,PRIMARY-CBF-FILTERED,LOGGED_NONEXECUTED_HISTORICAL_CANDIDATE,PASS,True,PASS,FORMAL_SEGMENT_SAFE,"[0.41627371311187744,2.925234794616699,1.1168874502182007]","[0.416523575685423,2.925234794616699,1.117137312791746]",0.19928304377005776,CERTIFIED_SAFE,SEGMENT_EXACT_SAFE,EXACT_ANALYTIC_SPHERE_SEGMENT_MINIMUM,EXACT_ANALYTIC,3b318a98a454ec5c36410b3c41dfb3dd4a25b7b5a1899f1f2c939fbf24ad0e55,False,False
402eeb04ce26bed11e391f958a9f5ef0874736cec58650fd0e76b6b826d337c8,PR89_NORMALIZED_ONE_STEP,PR89_NORMALIZED_ONE_STEP,E1_REPLICA_GT_FINE:B3_FULL_UNIFIED_WITH_DIRECTIONAL_ALTERNATIVES:eddc6828734721b6989455f10a436ca2dcfea4b2bf577d061969ba10140feedd,ONE_STEP:0,E1_REPLICA_GT_FINE,REPRESENTATIVE_HOLDOUT,B3_FULL_UNIFIED_WITH_DIRECTIONAL_ALTERNATIVES,PRIMARY-CBF-FILTERED,LOGGED_NONEXECUTED_HISTORICAL_CANDIDATE,PASS,True,PASS,FORMAL_SEGMENT_SAFE,"[0.41627371311187744,2.925234794616699,1.1168874502182007]","[0.416523575685423,2.925234794616699,1.117137312791746]",0.19928304377005776,CERTIFIED_SAFE,SEGMENT_EXACT_SAFE,EXACT_ANALYTIC_SPHERE_SEGMENT_MINIMUM,EXACT_ANALYTIC,3b318a98a454ec5c36410b3c41dfb3dd4a25b7b5a1899f1f2c939fbf24ad0e55,False,False
eea58fc5a1b487b1b88cf0d3f45802241386befea718bfe887b1f4dc466add80,PR89_NORMALIZED_ONE_STEP,PR89_NORMALIZED_ONE_STEP,E1_REPLICA_GT_FINE:B1_PLUS_SWEPT_SEGMENT:f1c38273b769e72dc0d931f077a68b1b7253969b3ef21e3768785566392b1f0d,ONE_STEP:0,E1_REPLICA_GT_FINE,REPRESENTATIVE_HOLDOUT,B1_PLUS_SWEPT_SEGMENT,PRIMARY-CBF-FILTERED,EXECUTED_OR_SELECTED_HISTORICAL_CANDIDATE,PASS,True,PASS,FORMAL_SEGMENT_SAFE,"[4.50977091930277,0.12523484230041504,0.29193992329399315]","[4.507450211178582,0.12523484230041504,0.295088815167439]",0.1413217084364278,CERTIFIED_SAFE,SEGMENT_EXACT_SAFE,EXACT_ANALYTIC_SPHERE_SEGMENT_MINIMUM,EXACT_ANALYTIC,3b318a98a454ec5c36410b3c41dfb3dd4a25b7b5a1899f1f2c939fbf24ad0e55,False,False
f0c1aef685c1e895ae1ce66363b0aa2f9d2b041167e599749d29374d05ec9d66,PR89_NORMALIZED_ONE_STEP,PR89_NORMALIZED_ONE_STEP,E1_REPLICA_GT_FINE:B2_PLUS_TERMINAL_BACKUP:f1c38273b769e72dc0d931f077a68b1b7253969b3ef21e3768785566392b1f0d,ONE_STEP:0,E1_REPLICA_GT_FINE,REPRESENTATIVE_HOLDOUT,B2_PLUS_TERMINAL_BACKUP,PRIMARY-CBF-FILTERED,EXECUTED_OR_SELECTED_HISTORICAL_CANDIDATE,PASS,True,PASS,FORMAL_SEGMENT_SAFE,"[4.50977091930277,0.12523484230041504,0.29193992329399315]","[4.507450211178582,0.12523484230041504,0.295088815167439]",0.1413217084364278,CERTIFIED_SAFE,SEGMENT_EXACT_SAFE,EXACT_ANALYTIC_SPHERE_SEGMENT_MINIMUM,EXACT_ANALYTIC,3b318a98a454ec5c36410b3c41dfb3dd4a25b7b5a1899f1f2c939fbf24ad0e55,False,False
28279cb216b637edbe41d5b83d16c0de412b965a11190ae0fdefb370ef69b501,PR89_NORMALIZED_ONE_STEP,PR89_NORMALIZED_ONE_STEP,E1_REPLICA_GT_FINE:B3_FULL_UNIFIED_WITH_DIRECTIONAL_ALTERNATIVES:f1c38273b769e72dc0d931f077a68b1b7253969b3ef21e3768785566392b1f0d,ONE_STEP:0,E1_REPLICA_GT_FINE,REPRESENTATIVE_HOLDOUT,B3_FULL_UNIFIED_WITH_DIRECTIONAL_ALTERNATIVES,PRIMARY-CBF-FILTERED,EXECUTED_OR_SELECTED_HISTORICAL_CANDIDATE,PASS,True,PASS,FORMAL_SEGMENT_SAFE,"[4.50977091930277,0.12523484230041504,0.29193992329399315]","[4.507450211178582,0.12523484230041504,0.295088815167439]",0.1413217084364278,CERTIFIED_SAFE,SEGMENT_EXACT_SAFE,EXACT_ANALYTIC_SPHERE_SEGMENT_MINIMUM,EXACT_ANALYTIC,3b318a98a454ec5c36410b3c41dfb3dd4a25b7b5a1899f1f2c939fbf24ad0e55,False,False
91cfdfcf03e33818f0c1329b6f3a9dbd2342aa90fac7980c09e298cdf1d0bd69,PR89_NORMALIZED_ONE_STEP,PR89_NORMALIZED_ONE_STEP,E1_REPLICA_GT_FINE:B1_PLUS_SWEPT_SEGMENT:f2816e6e2705d3bf752c79e7370a806683936b55e09247da1dce47132fefcb7c,ONE_STEP:0,E1_REPLICA_GT_FINE,REPRESENTATIVE_HOLDOUT,B1_PLUS_SWEPT_SEGMENT,PRIMARY-CBF-FILTERED,EXECUTED_OR_SELECTED_HISTORICAL_CANDIDATE,PASS,True,PASS,FORMAL_SEGMENT_SAFE,"[0.3785119122526083,0.12523484230041504,0.37829298949263124]","[0.3795972205906145,0.12523484230041504,0.3793870369918719]",0.46852782477582444,CERTIFIED_SAFE,SEGMENT_EXACT_SAFE,EXACT_ANALYTIC_SPHERE_SEGMENT_MINIMUM,EXACT_ANALYTIC,3b318a98a454ec5c36410b3c41dfb3dd4a25b7b5a1899f1f2c939fbf24ad0e55,False,False
19d5f86dcf77e12fa1ff46035d7dcc66c1b0409c1ccaba54b83597966178be99,PR89_NORMALIZED_ONE_STEP,PR89_NORMALIZED_ONE_STEP,E1_REPLICA_GT_FINE:B2_PLUS_TERMINAL_BACKUP:f2816e6e2705d3bf752c79e7370a806683936b55e09247da1dce47132fefcb7c,ONE_STEP:0,E1_REPLICA_GT_FINE,REPRESENTATIVE_HOLDOUT,B2_PLUS_TERMINAL_BACKUP,PRIMARY-CBF-FILTERED,EXECUTED_OR_SELECTED_HISTORICAL_CANDIDATE,PASS,True,PASS,FORMAL_SEGMENT_SAFE,"[0.3785119122526083,0.12523484230041504,0.37829298949263124]","[0.3795972205906145,0.12523484230041504,0.3793870369918719]",0.46852782477582444,CERTIFIED_SAFE,SEGMENT_EXACT_SAFE,EXACT_ANALYTIC_SPHERE_SEGMENT_MINIMUM,EXACT_ANALYTIC,3b318a98a454ec5c36410b3c41dfb3dd4a25b7b5a1899f1f2c939fbf24ad0e55,False,False
67a1daf5ef866758cd6b29b05ab3d2859dfa2dff4abf27b017e3c884d25e638f,PR89_NORMALIZED_ONE_STEP,PR89_NORMALIZED_ONE_STEP,E1_REPLICA_GT_FINE:B3_FULL_UNIFIED_WITH_DIRECTIONAL_ALTERNATIVES:f2816e6e2705d3bf752c79e7370a806683936b55e09247da1dce47132fefcb7c,ONE_STEP:0,E1_REPLICA_GT_FINE,REPRESENTATIVE_HOLDOUT,B3_FULL_UNIFIED_WITH_DIRECTIONAL_ALTERNATIVES,PRIMARY-CBF-FILTERED,EXECUTED_OR_SELECTED_HISTORICAL_CANDIDATE,PASS,True,PASS,FORMAL_SEGMENT_SAFE,"[0.3785119122526083,0.12523484230041504,0.37829298949263124]","[0.3795972205906145,0.12523484230041504,0.3793870369918719]",0.46852782477582444,CERTIFIED_SAFE,SEGMENT_EXACT_SAFE,EXACT_ANALYTIC_SPHERE_SEGMENT_MINIMUM,EXACT_ANALYTIC,3b318a98a454ec5c36410b3c41dfb3dd4a25b7b5a1899f1f2c939fbf24ad0e55,False,False
181df85a90ca3c1c7158c403e4b1aae726b32eb017bbbbde654d6ebe57aa05b7,PR89_NORMALIZED_ONE_STEP,PR89_NORMALIZED_ONE_STEP,E1_REPLICA_GT_FINE:B1_PLUS_SWEPT_SEGMENT:f28b10bc4f631474219d79c43b3b2d87f940dddcc2679cf16ac7919be8fa408b,ONE_STEP:0,E1_REPLICA_GT_FINE,REPRESENTATIVE_HOLDOUT,B1_PLUS_SWEPT_SEGMENT,PRIMARY-CBF-FILTERED,EXECUTED_OR_SELECTED_HISTORICAL_CANDIDATE,PASS,True,PASS,FORMAL_SEGMENT_SAFE,"[4.078220792756245,0.12523484230041504,0.465396091627878]","[4.0766464120657595,0.12523484230041504,0.46317463512149515]",0.22533486214554538,CERTIFIED_SAFE,SEGMENT_EXACT_SAFE,EXACT_ANALYTIC_SPHERE_SEGMENT_MINIMUM,EXACT_ANALYTIC,3b318a98a454ec5c36410b3c41dfb3dd4a25b7b5a1899f1f2c939fbf24ad0e55,False,False
17d3e1d2dc34e0a5067fc912050c2c555153e8976a5e0916f1df5e96fc20204d,PR89_NORMALIZED_ONE_STEP,PR89_NORMALIZED_ONE_STEP,E1_REPLICA_GT_FINE:B2_PLUS_TERMINAL_BACKUP:f28b10bc4f631474219d79c43b3b2d87f940dddcc2679cf16ac7919be8fa408b,ONE_STEP:0,E1_REPLICA_GT_FINE,REPRESENTATIVE_HOLDOUT,B2_PLUS_TERMINAL_BACKUP,PRIMARY-CBF-FILTERED,EXECUTED_OR_SELECTED_HISTORICAL_CANDIDATE,PASS,True,PASS,FORMAL_SEGMENT_SAFE,"[4.078220792756245,0.12523484230041504,0.465396091627878]","[4.0766464120657595,0.12523484230041504,0.46317463512149515]",0.22533486214554538,CERTIFIED_SAFE,SEGMENT_EXACT_SAFE,EXACT_ANALYTIC_SPHERE_SEGMENT_MINIMUM,EXACT_ANALYTIC,3b318a98a454ec5c36410b3c41dfb3dd4a25b7b5a1899f1f2c939fbf24ad0e55,False,False
6ff3baee507de80fa2d785e0f6f701ea7060840ffebdde281e9b5e20ade27580,PR89_NORMALIZED_ONE_STEP,PR89_NORMALIZED_ONE_STEP,E1_REPLICA_GT_FINE:B3_FULL_UNIFIED_WITH_DIRECTIONAL_ALTERNATIVES:f28b10bc4f631474219d79c43b3b2d87f940dddcc2679cf16ac7919be8fa408b,ONE_STEP:0,E1_REPLICA_GT_FINE,REPRESENTATIVE_HOLDOUT,B3_FULL_UNIFIED_WITH_DIRECTIONAL_ALTERNATIVES,PRIMARY-CBF-FILTERED,EXECUTED_OR_SELECTED_HISTORICAL_CANDIDATE,PASS,True,PASS,FORMAL_SEGMENT_SAFE,"[4.078220792756245,0.12523484230041504,0.465396091627878]","[4.0766464120657595,0.12523484230041504,0.46317463512149515]",0.22533486214554538,CERTIFIED_SAFE,SEGMENT_EXACT_SAFE,EXACT_ANALYTIC_SPHERE_SEGMENT_MINIMUM,EXACT_ANALYTIC,3b318a98a454ec5c36410b3c41dfb3dd4a25b7b5a1899f1f2c939fbf24ad0e55,False,False
ba59919bc5d677a85b5458cab8af768be06cc4a8197f808c290d34ba4935dd0e,PR89_NORMALIZED_ONE_STEP,PR89_NORMALIZED_ONE_STEP,E1_REPLICA_GT_FINE:B1_PLUS_SWEPT_SEGMENT:f66efb4650383c6c5da37f5fbc6e6dda31b649ee9e4ca853939d10ae6f55bb33,ONE_STEP:0,E1_REPLICA_GT_FINE,REPRESENTATIVE_HOLDOUT,B1_PLUS_SWEPT_SEGMENT,PRIMARY-CBF-FILTERED,EXECUTED_OR_SELECTED_HISTORICAL_CANDIDATE,PASS,True,PASS,FORMAL_SEGMENT_SAFE,"[3.712062224748431,2.925234794616699,2.670751031740055]","[3.714646382127554,2.925234794616699,2.6700624723826687]",1.8416993131041017,CERTIFIED_SAFE,SEGMENT_EXACT_SAFE,EXACT_ANALYTIC_SPHERE_SEGMENT_MINIMUM,EXACT_ANALYTIC,3b318a98a454ec5c36410b3c41dfb3dd4a25b7b5a1899f1f2c939fbf24ad0e55,False,False
1e321091e4e0d7af196442b14f6508e737d2a2caf8d997424f1143b1bc3e2814,PR89_NORMALIZED_ONE_STEP,PR89_NORMALIZED_ONE_STEP,E1_REPLICA_GT_FINE:B2_PLUS_TERMINAL_BACKUP:f66efb4650383c6c5da37f5fbc6e6dda31b649ee9e4ca853939d10ae6f55bb33,ONE_STEP:0,E1_REPLICA_GT_FINE,REPRESENTATIVE_HOLDOUT,B2_PLUS_TERMINAL_BACKUP,PRIMARY-CBF-FILTERED,EXECUTED_OR_SELECTED_HISTORICAL_CANDIDATE,PASS,True,PASS,FORMAL_SEGMENT_SAFE,"[3.712062224748431,2.925234794616699,2.670751031740055]","[3.714646382127554,2.925234794616699,2.6700624723826687]",1.8416993131041017,CERTIFIED_SAFE,SEGMENT_EXACT_SAFE,EXACT_ANALYTIC_SPHERE_SEGMENT_MINIMUM,EXACT_ANALYTIC,3b318a98a454ec5c36410b3c41dfb3dd4a25b7b5a1899f1f2c939fbf24ad0e55,False,False
16b1f0f5bffde2bf005476e146317b6375576aa2e790c3afe7efa23f740d67a6,PR89_NORMALIZED_ONE_STEP,PR89_NORMALIZED_ONE_STEP,E1_REPLICA_GT_FINE:B3_FULL_UNIFIED_WITH_DIRECTIONAL_ALTERNATIVES:f66efb4650383c6c5da37f5fbc6e6dda31b649ee9e4ca853939d10ae6f55bb33,ONE_STEP:0,E1_REPLICA_GT_FINE,REPRESENTATIVE_HOLDOUT,B3_FULL_UNIFIED_WITH_DIRECTIONAL_ALTERNATIVES,PRIMARY-CBF-FILTERED,EXECUTED_OR_SELECTED_HISTORICAL_CANDIDATE,PASS,True,PASS,FORMAL_SEGMENT_SAFE,"[3.712062224748431,2.925234794616699,2.670751031740055]","[3.714646382127554,2.925234794616699,2.6700624723826687]",1.8416993131041017,CERTIFIED_SAFE,SEGMENT_EXACT_SAFE,EXACT_ANALYTIC_SPHERE_SEGMENT_MINIMUM,EXACT_ANALYTIC,3b318a98a454ec5c36410b3c41dfb3dd4a25b7b5a1899f1f2c939fbf24ad0e55,False,False
f8864d5e23412df19e4f9b7cf4ae6028392570f6a43748c75b26a92cd47b7191,PR89_NORMALIZED_ONE_STEP,PR89_NORMALIZED_ONE_STEP,E1_REPLICA_GT_FINE:B1_PLUS_SWEPT_SEGMENT:f790e08ea0ad08ffa7c3faa4f0c2274c1ccac440af63b649adb979f213a86c83,ONE_STEP:0,E1_REPLICA_GT_FINE,REPRESENTATIVE_HOLDOUT,B1_PLUS_SWEPT_SEGMENT,PRIMARY-CBF-FILTERED,EXECUTED_OR_SELECTED_HISTORICAL_CANDIDATE,PASS,True,PASS,FORMAL_SEGMENT_SAFE,"[1.5077052414417267,2.925234794616699,1.6778030097484589]","[1.5079551090937298,2.92523479462111,1.6780529759730398]",0.07041421071886657,CERTIFIED_SAFE,SEGMENT_EXACT_SAFE,EXACT_ANALYTIC_SPHERE_SEGMENT_MINIMUM,EXACT_ANALYTIC,3b318a98a454ec5c36410b3c41dfb3dd4a25b7b5a1899f1f2c939fbf24ad0e55,False,False
8f1e2a3699a48ec221d1a13e516f9ea115b55a4fb30b1e8996977257fd8182da,PR89_NORMALIZED_ONE_STEP,PR89_NORMALIZED_ONE_STEP,E1_REPLICA_GT_FINE:B2_PLUS_TERMINAL_BACKUP:f790e08ea0ad08ffa7c3faa4f0c2274c1ccac440af63b649adb979f213a86c83,ONE_STEP:0,E1_REPLICA_GT_FINE,REPRESENTATIVE_HOLDOUT,B2_PLUS_TERMINAL_BACKUP,PRIMARY-CBF-FILTERED,LOGGED_NONEXECUTED_HISTORICAL_CANDIDATE,PASS,True,PASS,FORMAL_SEGMENT_SAFE,"[1.5077052414417267,2.925234794616699,1.6778030097484589]","[1.5079551090937298,2.92523479462111,1.6780529759730398]",0.07041421071886657,CERTIFIED_SAFE,SEGMENT_EXACT_SAFE,EXACT_ANALYTIC_SPHERE_SEGMENT_MINIMUM,EXACT_ANALYTIC,3b318a98a454ec5c36410b3c41dfb3dd4a25b7b5a1899f1f2c939fbf24ad0e55,False,False
ee16f7cc83576ec345e3e2c269b53d31fdf84279414099d3c60fc93f988e87af,PR89_NORMALIZED_ONE_STEP,PR89_NORMALIZED_ONE_STEP,E1_REPLICA_GT_FINE:B3_FULL_UNIFIED_WITH_DIRECTIONAL_ALTERNATIVES:f790e08ea0ad08ffa7c3faa4f0c2274c1ccac440af63b649adb979f213a86c83,ONE_STEP:0,E1_REPLICA_GT_FINE,REPRESENTATIVE_HOLDOUT,B3_FULL_UNIFIED_WITH_DIRECTIONAL_ALTERNATIVES,PRIMARY-CBF-FILTERED,LOGGED_NONEXECUTED_HISTORICAL_CANDIDATE,PASS,True,PASS,FORMAL_SEGMENT_SAFE,"[1.5077052414417267,2.925234794616699,1.6778030097484589]","[1.5079551090937298,2.92523479462111,1.6780529759730398]",0.07041421071886657,CERTIFIED_SAFE,SEGMENT_EXACT_SAFE,EXACT_ANALYTIC_SPHERE_SEGMENT_MINIMUM,EXACT_ANALYTIC,3b318a98a454ec5c36410b3c41dfb3dd4a25b7b5a1899f1f2c939fbf24ad0e55,False,False
d77f101cda072ebc5d1256766c2617ac144c0a9b4ff51cd37bbf398cb05d826f,PR89_NORMALIZED_ONE_STEP,PR89_NORMALIZED_ONE_STEP,E1_REPLICA_GT_FINE:B1_PLUS_SWEPT_SEGMENT:f8529d0eefa3b86112e5878801259c09ed00ab7a25aa589e759304f1d76a8fc7,ONE_STEP:0,E1_REPLICA_GT_FINE,REPRESENTATIVE_HOLDOUT,B1_PLUS_SWEPT_SEGMENT,PRIMARY-CBF-FILTERED,EXECUTED_OR_SELECTED_HISTORICAL_CANDIDATE,PASS,True,PASS,FORMAL_SEGMENT_SAFE,"[3.4726358216640563,0.12523484230041504,-0.9786395281408811]","[3.4739789145475735,0.12523484230041504,-0.977925519542575]",0.13709868044105025,CERTIFIED_SAFE,SEGMENT_EXACT_SAFE,EXACT_ANALYTIC_SPHERE_SEGMENT_MINIMUM,EXACT_ANALYTIC,3b318a98a454ec5c36410b3c41dfb3dd4a25b7b5a1899f1f2c939fbf24ad0e55,False,False
48252a96523817b51b0282e542b224d4859d0de90627c10d47193d62fe6c510a,PR89_NORMALIZED_ONE_STEP,PR89_NORMALIZED_ONE_STEP,E1_REPLICA_GT_FINE:B2_PLUS_TERMINAL_BACKUP:f8529d0eefa3b86112e5878801259c09ed00ab7a25aa589e759304f1d76a8fc7,ONE_STEP:0,E1_REPLICA_GT_FINE,REPRESENTATIVE_HOLDOUT,B2_PLUS_TERMINAL_BACKUP,PRIMARY-CBF-FILTERED,EXECUTED_OR_SELECTED_HISTORICAL_CANDIDATE,PASS,True,PASS,FORMAL_SEGMENT_SAFE,"[3.4726358216640563,0.12523484230041504,-0.9786395281408811]","[3.4739789145475735,0.12523484230041504,-0.977925519542575]",0.13709868044105025,CERTIFIED_SAFE,SEGMENT_EXACT_SAFE,EXACT_ANALYTIC_SPHERE_SEGMENT_MINIMUM,EXACT_ANALYTIC,3b318a98a454ec5c36410b3c41dfb3dd4a25b7b5a1899f1f2c939fbf24ad0e55,False,False
9729d1c7ff377bc11f6ca84f2817ace68a162b0f33e57b15471a86d00d26afa5,PR89_NORMALIZED_ONE_STEP,PR89_NORMALIZED_ONE_STEP,E1_REPLICA_GT_FINE:B3_FULL_UNIFIED_WITH_DIRECTIONAL_ALTERNATIVES:f8529d0eefa3b86112e5878801259c09ed00ab7a25aa589e759304f1d76a8fc7,ONE_STEP:0,E1_REPLICA_GT_FINE,REPRESENTATIVE_HOLDOUT,B3_FULL_UNIFIED_WITH_DIRECTIONAL_ALTERNATIVES,PRIMARY-CBF-FILTERED,EXECUTED_OR_SELECTED_HISTORICAL_CANDIDATE,PASS,True,PASS,FORMAL_SEGMENT_SAFE,"[3.4726358216640563,0.12523484230041504,-0.9786395281408811]","[3.4739789145475735,0.12523484230041504,-0.977925519542575]",0.13709868044105025,CERTIFIED_SAFE,SEGMENT_EXACT_SAFE,EXACT_ANALYTIC_SPHERE_SEGMENT_MINIMUM,EXACT_ANALYTIC,3b318a98a454ec5c36410b3c41dfb3dd4a25b7b5a1899f1f2c939fbf24ad0e55,False,False
a24fc5f7bcd4ec95184bc9881512e8975ebf8abd5de6736fa76e0f0205c0d5e7,PR89_NORMALIZED_ONE_STEP,PR89_NORMALIZED_ONE_STEP,E1_REPLICA_GT_FINE:B1_PLUS_SWEPT_SEGMENT:fcde0b521410fec4c2beb6348121dcbf531584e69542dfbfc467ca7c9a5daad2,ONE_STEP:0,E1_REPLICA_GT_FINE,REPRESENTATIVE_HOLDOUT,B1_PLUS_SWEPT_SEGMENT,PRIMARY-CBF-FILTERED,EXECUTED_OR_SELECTED_HISTORICAL_CANDIDATE,PASS,True,PASS,FORMAL_SEGMENT_SAFE,"[3.573064015827054,0.12523484230041504,-0.7656421221862038]","[3.5690911179018583,0.12523484230041504,-0.7688421273124015]",0.21984055239918612,CERTIFIED_SAFE,SEGMENT_EXACT_SAFE,EXACT_ANALYTIC_SPHERE_SEGMENT_MINIMUM,EXACT_ANALYTIC,3b318a98a454ec5c36410b3c41dfb3dd4a25b7b5a1899f1f2c939fbf24ad0e55,False,False
a5dae1be847d549f4530470eec6f9dd163a457524104dfd4169a0e6d59d46d9f,PR89_NORMALIZED_ONE_STEP,PR89_NORMALIZED_ONE_STEP,E1_REPLICA_GT_FINE:B2_PLUS_TERMINAL_BACKUP:fcde0b521410fec4c2beb6348121dcbf531584e69542dfbfc467ca7c9a5daad2,ONE_STEP:0,E1_REPLICA_GT_FINE,REPRESENTATIVE_HOLDOUT,B2_PLUS_TERMINAL_BACKUP,PRIMARY-CBF-FILTERED,EXECUTED_OR_SELECTED_HISTORICAL_CANDIDATE,PASS,True,PASS,FORMAL_SEGMENT_SAFE,"[3.573064015827054,0.12523484230041504,-0.7656421221862038]","[3.5690911179018583,0.12523484230041504,-0.7688421273124015]",0.21984055239918612,CERTIFIED_SAFE,SEGMENT_EXACT_SAFE,EXACT_ANALYTIC_SPHERE_SEGMENT_MINIMUM,EXACT_ANALYTIC,3b318a98a454ec5c36410b3c41dfb3dd4a25b7b5a1899f1f2c939fbf24ad0e55,False,False
d44e6c372b6721fbb08d4075a7efffb5223fb5690a4d0e402a0edd05f2bdfe7e,PR89_NORMALIZED_ONE_STEP,PR89_NORMALIZED_ONE_STEP,E1_REPLICA_GT_FINE:B3_FULL_UNIFIED_WITH_DIRECTIONAL_ALTERNATIVES:fcde0b521410fec4c2beb6348121dcbf531584e69542dfbfc467ca7c9a5daad2,ONE_STEP:0,E1_REPLICA_GT_FINE,REPRESENTATIVE_HOLDOUT,B3_FULL_UNIFIED_WITH_DIRECTIONAL_ALTERNATIVES,PRIMARY-CBF-FILTERED,EXECUTED_OR_SELECTED_HISTORICAL_CANDIDATE,PASS,True,PASS,FORMAL_SEGMENT_SAFE,"[3.573064015827054,0.12523484230041504,-0.7656421221862038]","[3.5690911179018583,0.12523484230041504,-0.7688421273124015]",0.21984055239918612,CERTIFIED_SAFE,SEGMENT_EXACT_SAFE,EXACT_ANALYTIC_SPHERE_SEGMENT_MINIMUM,EXACT_ANALYTIC,3b318a98a454ec5c36410b3c41dfb3dd4a25b7b5a1899f1f2c939fbf24ad0e55,False,False
1c76ea7e89de6c472425a00a676374fecab58ad91ec520f28491cc54bdc8d1c9,PR89_NORMALIZED_ONE_STEP,PR89_NORMALIZED_ONE_STEP,E1_REPLICA_GT_FINE:B1_PLUS_SWEPT_SEGMENT:fd6fa4a3c1696fb4ee3b537312ce3405deef395c79d20c1ed1de4511dd78199c,ONE_STEP:0,E1_REPLICA_GT_FINE,REPRESENTATIVE_HOLDOUT,B1_PLUS_SWEPT_SEGMENT,PRIMARY-CBF-FILTERED,EXECUTED_OR_SELECTED_HISTORICAL_CANDIDATE,PASS,True,PASS,FORMAL_SEGMENT_SAFE,"[-0.3852718921772007,2.925234794616699,1.0875554263044191]","[-0.3875570197816897,2.925234794616699,1.086081138514662]",0.3045576813599779,CERTIFIED_SAFE,SEGMENT_EXACT_SAFE,EXACT_ANALYTIC_SPHERE_SEGMENT_MINIMUM,EXACT_ANALYTIC,3b318a98a454ec5c36410b3c41dfb3dd4a25b7b5a1899f1f2c939fbf24ad0e55,False,False
1dc86040fcd1ebef4cf698b59daac29fab98fe379734ad1708e0658274a0d5c4,PR89_NORMALIZED_ONE_STEP,PR89_NORMALIZED_ONE_STEP,E1_REPLICA_GT_FINE:B2_PLUS_TERMINAL_BACKUP:fd6fa4a3c1696fb4ee3b537312ce3405deef395c79d20c1ed1de4511dd78199c,ONE_STEP:0,E1_REPLICA_GT_FINE,REPRESENTATIVE_HOLDOUT,B2_PLUS_TERMINAL_BACKUP,PRIMARY-CBF-FILTERED,EXECUTED_OR_SELECTED_HISTORICAL_CANDIDATE,PASS,True,PASS,FORMAL_SEGMENT_SAFE,"[-0.3852718921772007,2.925234794616699,1.0875554263044191]","[-0.3875570197816897,2.925234794616699,1.086081138514662]",0.3045576813599779,CERTIFIED_SAFE,SEGMENT_EXACT_SAFE,EXACT_ANALYTIC_SPHERE_SEGMENT_MINIMUM,EXACT_ANALYTIC,3b318a98a454ec5c36410b3c41dfb3dd4a25b7b5a1899f1f2c939fbf24ad0e55,False,False
880af71ed372bfccded00d6eb954a97d8655f3f7525e0b4061091565f1c35aa3,PR89_NORMALIZED_ONE_STEP,PR89_NORMALIZED_ONE_STEP,E1_REPLICA_GT_FINE:B3_FULL_UNIFIED_WITH_DIRECTIONAL_ALTERNATIVES:fd6fa4a3c1696fb4ee3b537312ce3405deef395c79d20c1ed1de4511dd78199c,ONE_STEP:0,E1_REPLICA_GT_FINE,REPRESENTATIVE_HOLDOUT,B3_FULL_UNIFIED_WITH_DIRECTIONAL_ALTERNATIVES,PRIMARY-CBF-FILTERED,EXECUTED_OR_SELECTED_HISTORICAL_CANDIDATE,PASS,True,PASS,FORMAL_SEGMENT_SAFE,"[-0.3852718921772007,2.925234794616699,1.0875554263044191]","[-0.3875570197816897,2.925234794616699,1.086081138514662]",0.3045576813599779,CERTIFIED_SAFE,SEGMENT_EXACT_SAFE,EXACT_ANALYTIC_SPHERE_SEGMENT_MINIMUM,EXACT_ANALYTIC,3b318a98a454ec5c36410b3c41dfb3dd4a25b7b5a1899f1f2c939fbf24ad0e55,False,False
16b96e570e6fb718292ac86635c39e18b5b607a6d38164d73d9b1a8ba83e13fd,PR89_NORMALIZED_ONE_STEP,PR89_NORMALIZED_ONE_STEP,E1_REPLICA_GT_FINE:B1_PLUS_SWEPT_SEGMENT:ff2d268daef24f0972ee29a4317587fc58dfbd649258a211727d51343f6d8b82,ONE_STEP:0,E1_REPLICA_GT_FINE,REPRESENTATIVE_HOLDOUT,B1_PLUS_SWEPT_SEGMENT,PRIMARY-CBF-FILTERED,EXECUTED_OR_SELECTED_HISTORICAL_CANDIDATE,PASS,True,PASS,FORMAL_SEGMENT_SAFE,"[0.11701918964803885,0.12523484230041504,0.11406447839779914]","[0.11893980619948485,0.12523484230041504,0.11600257327415217]",0.9030402566971251,CERTIFIED_SAFE,SEGMENT_EXACT_SAFE,EXACT_ANALYTIC_SPHERE_SEGMENT_MINIMUM,EXACT_ANALYTIC,3b318a98a454ec5c36410b3c41dfb3dd4a25b7b5a1899f1f2c939fbf24ad0e55,False,False
abaf1719cd152af912f7354b1f55627231208b4473a84e83dcfc687848b05398,PR89_NORMALIZED_ONE_STEP,PR89_NORMALIZED_ONE_STEP,E1_REPLICA_GT_FINE:B2_PLUS_TERMINAL_BACKUP:ff2d268daef24f0972ee29a4317587fc58dfbd649258a211727d51343f6d8b82,ONE_STEP:0,E1_REPLICA_GT_FINE,REPRESENTATIVE_HOLDOUT,B2_PLUS_TERMINAL_BACKUP,PRIMARY-CBF-FILTERED,EXECUTED_OR_SELECTED_HISTORICAL_CANDIDATE,PASS,True,PASS,FORMAL_SEGMENT_SAFE,"[0.11701918964803885,0.12523484230041504,0.11406447839779914]","[0.11893980619948485,0.12523484230041504,0.11600257327415217]",0.9030402566971251,CERTIFIED_SAFE,SEGMENT_EXACT_SAFE,EXACT_ANALYTIC_SPHERE_SEGMENT_MINIMUM,EXACT_ANALYTIC,3b318a98a454ec5c36410b3c41dfb3dd4a25b7b5a1899f1f2c939fbf24ad0e55,False,False
6766e5d5dec4246fdea6aa9811b884c15d306f3621a552c3d70d776f57053da9,PR89_NORMALIZED_ONE_STEP,PR89_NORMALIZED_ONE_STEP,E1_REPLICA_GT_FINE:B3_FULL_UNIFIED_WITH_DIRECTIONAL_ALTERNATIVES:ff2d268daef24f0972ee29a4317587fc58dfbd649258a211727d51343f6d8b82,ONE_STEP:0,E1_REPLICA_GT_FINE,REPRESENTATIVE_HOLDOUT,B3_FULL_UNIFIED_WITH_DIRECTIONAL_ALTERNATIVES,PRIMARY-CBF-FILTERED,EXECUTED_OR_SELECTED_HISTORICAL_CANDIDATE,PASS,True,PASS,FORMAL_SEGMENT_SAFE,"[0.11701918964803885,0.12523484230041504,0.11406447839779914]","[0.11893980619948485,0.12523484230041504,0.11600257327415217]",0.9030402566971251,CERTIFIED_SAFE,SEGMENT_EXACT_SAFE,EXACT_ANALYTIC_SPHERE_SEGMENT_MINIMUM,EXACT_ANALYTIC,3b318a98a454ec5c36410b3c41dfb3dd4a25b7b5a1899f1f2c939fbf24ad0e55,False,False
1d1ad945833eeffbe72697f807ee2353ae4c9188f6352b3923c6ba9550903161,PR89_NORMALIZED_ONE_STEP,PR89_NORMALIZED_ONE_STEP,E6_FLIGHT_SAFER:B1_PLUS_SWEPT_SEGMENT:109361dab8f9d2e7187eaa6d9b480caa32019d3f888db481c19fe6316dd7f7ed,ONE_STEP:0,E6_FLIGHT_SAFER,REPRESENTATIVE_HOLDOUT,B1_PLUS_SWEPT_SEGMENT,PRIMARY-CBF-FILTERED,EXECUTED_OR_SELECTED_HISTORICAL_CANDIDATE,PASS,True,PASS,FORMAL_SEGMENT_SAFE,"[0.43604748168310425,-0.10711911354429936,0.037830529513596584]","[0.43579754908708945,-0.10686918801876183,0.03758059230341792]",0.007114654586016313,CERTIFIED_SAFE,SEGMENT_CONSERVATIVE_SAFE,CONSERVATIVE_SIGNED_DISTANCE_LIPSCHITZ_INTERVAL,CONSERVATIVE_LOWER_BOUND,8e7499a0d68405065b0effb7022b635ef3fbe50a53b69f5f25165260c8a493e6,False,False
137f1b299d5839f53cca666bc8b635dd9a7b595e1c3bce517552572bfa7c01a1,PR89_NORMALIZED_ONE_STEP,PR89_NORMALIZED_ONE_STEP,E6_FLIGHT_SAFER:B2_PLUS_TERMINAL_BACKUP:109361dab8f9d2e7187eaa6d9b480caa32019d3f888db481c19fe6316dd7f7ed,ONE_STEP:0,E6_FLIGHT_SAFER,REPRESENTATIVE_HOLDOUT,B2_PLUS_TERMINAL_BACKUP,PRIMARY-CBF-FILTERED,LOGGED_NONEXECUTED_HISTORICAL_CANDIDATE,PASS,True,PASS,FORMAL_SEGMENT_SAFE,"[0.43604748168310425,-0.10711911354429936,0.037830529513596584]","[0.43579754908708945,-0.10686918801876183,0.03758059230341792]",0.007114654586016313,CERTIFIED_SAFE,SEGMENT_CONSERVATIVE_SAFE,CONSERVATIVE_SIGNED_DISTANCE_LIPSCHITZ_INTERVAL,CONSERVATIVE_LOWER_BOUND,8e7499a0d68405065b0effb7022b635ef3fbe50a53b69f5f25165260c8a493e6,False,False
c1267088680ad0c926aba890ce65f758771481ff1d609c925897102574b3eb87,PR89_NORMALIZED_ONE_STEP,PR89_NORMALIZED_ONE_STEP,E6_FLIGHT_SAFER:B3_FULL_UNIFIED_WITH_DIRECTIONAL_ALTERNATIVES:109361dab8f9d2e7187eaa6d9b480caa32019d3f888db481c19fe6316dd7f7ed,ONE_STEP:0,E6_FLIGHT_SAFER,REPRESENTATIVE_HOLDOUT,B3_FULL_UNIFIED_WITH_DIRECTIONAL_ALTERNATIVES,PRIMARY-CBF-FILTERED,LOGGED_NONEXECUTED_HISTORICAL_CANDIDATE,PASS,True,PASS,FORMAL_SEGMENT_SAFE,"[0.43604748168310425,-0.10711911354429936,0.037830529513596584]","[0.43579754908708945,-0.10686918801876183,0.03758059230341792]",0.007114654586016313,CERTIFIED_SAFE,SEGMENT_CONSERVATIVE_SAFE,CONSERVATIVE_SIGNED_DISTANCE_LIPSCHITZ_INTERVAL,CONSERVATIVE_LOWER_BOUND,8e7499a0d68405065b0effb7022b635ef3fbe50a53b69f5f25165260c8a493e6,False,False
3b12328cba6bfe65514fb78452c93384031d62ac418926a2b3d95bafb1d75230,PR89_NORMALIZED_ONE_STEP,PR89_NORMALIZED_ONE_STEP,E6_FLIGHT_SAFER:B1_PLUS_SWEPT_SEGMENT:1c099e1b0ea88dfff3671a2ec0cf87b7521c147b2d4ff830884083bd8868ad06,ONE_STEP:0,E6_FLIGHT_SAFER,REPRESENTATIVE_HOLDOUT,B1_PLUS_SWEPT_SEGMENT,PRIMARY-CBF-FILTERED,EXECUTED_OR_SELECTED_HISTORICAL_CANDIDATE,PASS,True,PASS,FORMAL_SEGMENT_SAFE,"[-0.0812660989011656,-0.01590277180038977,0.028874557123020037]","[-0.08101617126898002,-0.015652845094394345,0.028624607998544008]",0.012832511356207721,CERTIFIED_SAFE,SEGMENT_CONSERVATIVE_SAFE,CONSERVATIVE_SIGNED_DISTANCE_LIPSCHITZ_INTERVAL,CONSERVATIVE_LOWER_BOUND,8e7499a0d68405065b0effb7022b635ef3fbe50a53b69f5f25165260c8a493e6,False,False
9563bae1164c5603e5cedf2e8961a196ae6b70fd5bacfc5070628e11fc5a7b35,PR89_NORMALIZED_ONE_STEP,PR89_NORMALIZED_ONE_STEP,E6_FLIGHT_SAFER:B2_PLUS_TERMINAL_BACKUP:1c099e1b0ea88dfff3671a2ec0cf87b7521c147b2d4ff830884083bd8868ad06,ONE_STEP:0,E6_FLIGHT_SAFER,REPRESENTATIVE_HOLDOUT,B2_PLUS_TERMINAL_BACKUP,PRIMARY-CBF-FILTERED,LOGGED_NONEXECUTED_HISTORICAL_CANDIDATE,PASS,True,PASS,FORMAL_SEGMENT_SAFE,"[-0.0812660989011656,-0.01590277180038977,0.028874557123020037]","[-0.08101617126898002,-0.015652845094394345,0.028624607998544008]",0.012832511356207721,CERTIFIED_SAFE,SEGMENT_CONSERVATIVE_SAFE,CONSERVATIVE_SIGNED_DISTANCE_LIPSCHITZ_INTERVAL,CONSERVATIVE_LOWER_BOUND,8e7499a0d68405065b0effb7022b635ef3fbe50a53b69f5f25165260c8a493e6,False,False
c49db876a7a68e4e39ab5ad1035560bf3d2608f00a4e08ede7efd9ec5beb7317,PR89_NORMALIZED_ONE_STEP,PR89_NORMALIZED_ONE_STEP,E6_FLIGHT_SAFER:B3_FULL_UNIFIED_WITH_DIRECTIONAL_ALTERNATIVES:1c099e1b0ea88dfff3671a2ec0cf87b7521c147b2d4ff830884083bd8868ad06,ONE_STEP:0,E6_FLIGHT_SAFER,REPRESENTATIVE_HOLDOUT,B3_FULL_UNIFIED_WITH_DIRECTIONAL_ALTERNATIVES,PRIMARY-CBF-FILTERED,LOGGED_NONEXECUTED_HISTORICAL_CANDIDATE,PASS,True,PASS,FORMAL_SEGMENT_SAFE,"[-0.0812660989011656,-0.01590277180038977,0.028874557123020037]","[-0.08101617126898002,-0.015652845094394345,0.028624607998544008]",0.012832511356207721,CERTIFIED_SAFE,SEGMENT_CONSERVATIVE_SAFE,CONSERVATIVE_SIGNED_DISTANCE_LIPSCHITZ_INTERVAL,CONSERVATIVE_LOWER_BOUND,8e7499a0d68405065b0effb7022b635ef3fbe50a53b69f5f25165260c8a493e6,False,False
ee2090c216e6afd34c748201626ed87f734a669e7ded53d4b5283fb90e41426a,PR89_NORMALIZED_ONE_STEP,PR89_NORMALIZED_ONE_STEP,E6_FLIGHT_SAFER:B1_PLUS_SWEPT_SEGMENT:23f0dac8d0c4419fabe72fe8bd16a78578dff11bd3fc7ea902d150d8bc559180,ONE_STEP:0,E6_FLIGHT_SAFER,REPRESENTATIVE_HOLDOUT,B1_PLUS_SWEPT_SEGMENT,PRIMARY-CBF-FILTERED,EXECUTED_OR_SELECTED_HISTORICAL_CANDIDATE,PASS,True,PASS,FORMAL_SEGMENT_SAFE,"[0.11738588576946545,0.27264698820758426,-0.04578769472535034]","[0.11759908227400066,0.2724164098335451,-0.04554744244701906]",0.004139855877689884,CERTIFIED_SAFE,SEGMENT_CONSERVATIVE_SAFE,CONSERVATIVE_SIGNED_DISTANCE_LIPSCHITZ_INTERVAL,CONSERVATIVE_LOWER_BOUND,8e7499a0d68405065b0effb7022b635ef3fbe50a53b69f5f25165260c8a493e6,False,False
20295a30d2d7d4de81026cd27e84c68af3d1d34e60aa2e4c4a9cb4a6c811f13a,PR89_NORMALIZED_ONE_STEP,PR89_NORMALIZED_ONE_STEP,E6_FLIGHT_SAFER:B2_PLUS_TERMINAL_BACKUP:23f0dac8d0c4419fabe72fe8bd16a78578dff11bd3fc7ea902d150d8bc559180,ONE_STEP:0,E6_FLIGHT_SAFER,REPRESENTATIVE_HOLDOUT,B2_PLUS_TERMINAL_BACKUP,PRIMARY-CBF-FILTERED,LOGGED_NONEXECUTED_HISTORICAL_CANDIDATE,PASS,True,PASS,FORMAL_SEGMENT_SAFE,"[0.11738588576946545,0.27264698820758426,-0.04578769472535034]","[0.11759908227400066,0.2724164098335451,-0.04554744244701906]",0.004139855877689884,CERTIFIED_SAFE,SEGMENT_CONSERVATIVE_SAFE,CONSERVATIVE_SIGNED_DISTANCE_LIPSCHITZ_INTERVAL,CONSERVATIVE_LOWER_BOUND,8e7499a0d68405065b0effb7022b635ef3fbe50a53b69f5f25165260c8a493e6,False,False
8024e52a6faa5e14d483f647bf403f9996d88f292ec7cb8710d3a504da58b49a,PR89_NORMALIZED_ONE_STEP,PR89_NORMALIZED_ONE_STEP,E6_FLIGHT_SAFER:B3_FULL_UNIFIED_WITH_DIRECTIONAL_ALTERNATIVES:23f0dac8d0c4419fabe72fe8bd16a78578dff11bd3fc7ea902d150d8bc559180,ONE_STEP:0,E6_FLIGHT_SAFER,REPRESENTATIVE_HOLDOUT,B3_FULL_UNIFIED_WITH_DIRECTIONAL_ALTERNATIVES,PRIMARY-CBF-FILTERED,LOGGED_NONEXECUTED_HISTORICAL_CANDIDATE,PASS,True,PASS,FORMAL_SEGMENT_SAFE,"[0.11738588576946545,0.27264698820758426,-0.04578769472535034]","[0.11759908227400066,0.2724164098335451,-0.04554744244701906]",0.004139855877689884,CERTIFIED_SAFE,SEGMENT_CONSERVATIVE_SAFE,CONSERVATIVE_SIGNED_DISTANCE_LIPSCHITZ_INTERVAL,CONSERVATIVE_LOWER_BOUND,8e7499a0d68405065b0effb7022b635ef3fbe50a53b69f5f25165260c8a493e6,False,False
b632d4e7f026139fd6f91ff2d545ecd9e46d8a9247246830cbc773ac5ca00b98,PR89_NORMALIZED_ONE_STEP,PR89_NORMALIZED_ONE_STEP,E6_FLIGHT_SAFER:B1_PLUS_SWEPT_SEGMENT:25bdd19e0bcad2d8602beb00eaed98987a680ee9680a7684954bbb94d30373dd,ONE_STEP:0,E6_FLIGHT_SAFER,REPRESENTATIVE_HOLDOUT,B1_PLUS_SWEPT_SEGMENT,PRIMARY-CBF-FILTERED,EXECUTED_OR_SELECTED_HISTORICAL_CANDIDATE,PASS,True,PASS,FORMAL_SEGMENT_SAFE,"[0.15121920657052978,-0.25972634291255414,0.03938928651285595]","[0.1514692065686087,-0.2595923369011956,0.03923969338466936]",0.0020932636764176265,CERTIFIED_SAFE,SEGMENT_CONSERVATIVE_SAFE,CONSERVATIVE_SIGNED_DISTANCE_LIPSCHITZ_INTERVAL,CONSERVATIVE_LOWER_BOUND,8e7499a0d68405065b0effb7022b635ef3fbe50a53b69f5f25165260c8a493e6,False,False
be83c09366cd2ec2b0c0f01f9939dbd3848c486b477637e22bfbd386ed76d8d2,PR89_NORMALIZED_ONE_STEP,PR89_NORMALIZED_ONE_STEP,E6_FLIGHT_SAFER:B2_PLUS_TERMINAL_BACKUP:25bdd19e0bcad2d8602beb00eaed98987a680ee9680a7684954bbb94d30373dd,ONE_STEP:0,E6_FLIGHT_SAFER,REPRESENTATIVE_HOLDOUT,B2_PLUS_TERMINAL_BACKUP,PRIMARY-CBF-FILTERED,LOGGED_NONEXECUTED_HISTORICAL_CANDIDATE,PASS,True,PASS,FORMAL_SEGMENT_SAFE,"[0.15121920657052978,-0.25972634291255414,0.03938928651285595]","[0.1514692065686087,-0.2595923369011956,0.03923969338466936]",0.0020932636764176265,CERTIFIED_SAFE,SEGMENT_CONSERVATIVE_SAFE,CONSERVATIVE_SIGNED_DISTANCE_LIPSCHITZ_INTERVAL,CONSERVATIVE_LOWER_BOUND,8e7499a0d68405065b0effb7022b635ef3fbe50a53b69f5f25165260c8a493e6,False,False
ec39da6d3b21e6a94f7f98ae057dff5d3d9bd26d56d62fe5e27f27b7696a42ca,PR89_NORMALIZED_ONE_STEP,PR89_NORMALIZED_ONE_STEP,E6_FLIGHT_SAFER:B3_FULL_UNIFIED_WITH_DIRECTIONAL_ALTERNATIVES:25bdd19e0bcad2d8602beb00eaed98987a680ee9680a7684954bbb94d30373dd,ONE_STEP:0,E6_FLIGHT_SAFER,REPRESENTATIVE_HOLDOUT,B3_FULL_UNIFIED_WITH_DIRECTIONAL_ALTERNATIVES,PRIMARY-CBF-FILTERED,LOGGED_NONEXECUTED_HISTORICAL_CANDIDATE,PASS,True,PASS,FORMAL_SEGMENT_SAFE,"[0.15121920657052978,-0.25972634291255414,0.03938928651285595]","[0.1514692065686087,-0.2595923369011956,0.03923969338466936]",0.0020932636764176265,CERTIFIED_SAFE,SEGMENT_CONSERVATIVE_SAFE,CONSERVATIVE_SIGNED_DISTANCE_LIPSCHITZ_INTERVAL,CONSERVATIVE_LOWER_BOUND,8e7499a0d68405065b0effb7022b635ef3fbe50a53b69f5f25165260c8a493e6,False,False
fe46ea411292d470ecf06cd1bff13fe349decfe11dfc812b4211f57899482636,PR89_NORMALIZED_ONE_STEP,PR89_NORMALIZED_ONE_STEP,E6_FLIGHT_SAFER:B1_PLUS_SWEPT_SEGMENT:2859245f10dc9a36f488006d6b3a9f0b086e8c3d8387a1291b31397398426d48,ONE_STEP:0,E6_FLIGHT_SAFER,REPRESENTATIVE_HOLDOUT,B1_PLUS_SWEPT_SEGMENT,PRIMARY-CBF-FILTERED,EXECUTED_OR_SELECTED_HISTORICAL_CANDIDATE,PASS,True,PASS,FORMAL_SEGMENT_SAFE,"[0.18567652485501493,-0.262465699791131,-0.010519916241599196]","[0.18582308155720528,-0.2623113273662147,-0.010730352797290569]",0.0013435106461841574,CERTIFIED_SAFE,SEGMENT_CONSERVATIVE_SAFE,CONSERVATIVE_SIGNED_DISTANCE_LIPSCHITZ_INTERVAL,CONSERVATIVE_LOWER_BOUND,8e7499a0d68405065b0effb7022b635ef3fbe50a53b69f5f25165260c8a493e6,False,False
5bb21d5b967063c9011fd4dc36f370911c9b4d3d08dd2b1aca1c28fbdfcbdb3b,PR89_NORMALIZED_ONE_STEP,PR89_NORMALIZED_ONE_STEP,E6_FLIGHT_SAFER:B2_PLUS_TERMINAL_BACKUP:2859245f10dc9a36f488006d6b3a9f0b086e8c3d8387a1291b31397398426d48,ONE_STEP:0,E6_FLIGHT_SAFER,REPRESENTATIVE_HOLDOUT,B2_PLUS_TERMINAL_BACKUP,PRIMARY-CBF-FILTERED,LOGGED_NONEXECUTED_HISTORICAL_CANDIDATE,PASS,True,PASS,FORMAL_SEGMENT_SAFE,"[0.18567652485501493,-0.262465699791131,-0.010519916241599196]","[0.18582308155720528,-0.2623113273662147,-0.010730352797290569]",0.0013435106461841574,CERTIFIED_SAFE,SEGMENT_CONSERVATIVE_SAFE,CONSERVATIVE_SIGNED_DISTANCE_LIPSCHITZ_INTERVAL,CONSERVATIVE_LOWER_BOUND,8e7499a0d68405065b0effb7022b635ef3fbe50a53b69f5f25165260c8a493e6,False,False
45479447114eef2f09655c9e94a54136522ca995a5afee51fe130f61a0cf5d39,PR89_NORMALIZED_ONE_STEP,PR89_NORMALIZED_ONE_STEP,E6_FLIGHT_SAFER:B3_FULL_UNIFIED_WITH_DIRECTIONAL_ALTERNATIVES:2859245f10dc9a36f488006d6b3a9f0b086e8c3d8387a1291b31397398426d48,ONE_STEP:0,E6_FLIGHT_SAFER,REPRESENTATIVE_HOLDOUT,B3_FULL_UNIFIED_WITH_DIRECTIONAL_ALTERNATIVES,PRIMARY-CBF-FILTERED,LOGGED_NONEXECUTED_HISTORICAL_CANDIDATE,PASS,True,PASS,FORMAL_SEGMENT_SAFE,"[0.18567652485501493,-0.262465699791131,-0.010519916241599196]","[0.18582308155720528,-0.2623113273662147,-0.010730352797290569]",0.0013435106461841574,CERTIFIED_SAFE,SEGMENT_CONSERVATIVE_SAFE,CONSERVATIVE_SIGNED_DISTANCE_LIPSCHITZ_INTERVAL,CONSERVATIVE_LOWER_BOUND,8e7499a0d68405065b0effb7022b635ef3fbe50a53b69f5f25165260c8a493e6,False,False
15e49ae847bf6735f7a82afef18d9fedb4780ddf17e8594d1b3fe4d8d67b29a8,PR89_NORMALIZED_ONE_STEP,PR89_NORMALIZED_ONE_STEP,E6_FLIGHT_SAFER:B1_PLUS_SWEPT_SEGMENT:3455bbc3de6510b87c536116f7264c760e699e5e7ce30b25bc08aed275d77d30,ONE_STEP:0,E6_FLIGHT_SAFER,REPRESENTATIVE_HOLDOUT,B1_PLUS_SWEPT_SEGMENT,PRIMARY-CBF-FILTERED,EXECUTED_OR_SELECTED_HISTORICAL_CANDIDATE,PASS,True,PASS,FORMAL_SEGMENT_SAFE,"[0.46030768649639175,0.04449644359884668,0.037294134486644426]","[0.46005773242913844,0.04424650332423967,0.03704418962514294]",0.010769280791509992,CERTIFIED_SAFE,SEGMENT_CONSERVATIVE_SAFE,CONSERVATIVE_SIGNED_DISTANCE_LIPSCHITZ_INTERVAL,CONSERVATIVE_LOWER_BOUND,8e7499a0d68405065b0effb7022b635ef3fbe50a53b69f5f25165260c8a493e6,False,False
e8bdcca58ff226437ec85391f340afbe2cfbfc36c8a5eb10916fdf87b5fffdf4,PR89_NORMALIZED_ONE_STEP,PR89_NORMALIZED_ONE_STEP,E6_FLIGHT_SAFER:B2_PLUS_TERMINAL_BACKUP:3455bbc3de6510b87c536116f7264c760e699e5e7ce30b25bc08aed275d77d30,ONE_STEP:0,E6_FLIGHT_SAFER,REPRESENTATIVE_HOLDOUT,B2_PLUS_TERMINAL_BACKUP,PRIMARY-CBF-FILTERED,LOGGED_NONEXECUTED_HISTORICAL_CANDIDATE,PASS,True,PASS,FORMAL_SEGMENT_SAFE,"[0.46030768649639175,0.04449644359884668,0.037294134486644426]","[0.46005773242913844,0.04424650332423967,0.03704418962514294]",0.010769280791509992,CERTIFIED_SAFE,SEGMENT_CONSERVATIVE_SAFE,CONSERVATIVE_SIGNED_DISTANCE_LIPSCHITZ_INTERVAL,CONSERVATIVE_LOWER_BOUND,8e7499a0d68405065b0effb7022b635ef3fbe50a53b69f5f25165260c8a493e6,False,False
c7bda7bf27cbc13a35b41805f9f2cef8426ca6205f21f954065d166f9ef77ba2,PR89_NORMALIZED_ONE_STEP,PR89_NORMALIZED_ONE_STEP,E6_FLIGHT_SAFER:B3_FULL_UNIFIED_WITH_DIRECTIONAL_ALTERNATIVES:3455bbc3de6510b87c536116f7264c760e699e5e7ce30b25bc08aed275d77d30,ONE_STEP:0,E6_FLIGHT_SAFER,REPRESENTATIVE_HOLDOUT,B3_FULL_UNIFIED_WITH_DIRECTIONAL_ALTERNATIVES,PRIMARY-CBF-FILTERED,LOGGED_NONEXECUTED_HISTORICAL_CANDIDATE,PASS,True,PASS,FORMAL_SEGMENT_SAFE,"[0.46030768649639175,0.04449644359884668,0.037294134486644426]","[0.46005773242913844,0.04424650332423967,0.03704418962514294]",0.010769280791509992,CERTIFIED_SAFE,SEGMENT_CONSERVATIVE_SAFE,CONSERVATIVE_SIGNED_DISTANCE_LIPSCHITZ_INTERVAL,CONSERVATIVE_LOWER_BOUND,8e7499a0d68405065b0effb7022b635ef3fbe50a53b69f5f25165260c8a493e6,False,False
5ddfc7c1ffd55367db661c0c780b66f91b4757b73b54d31e1a208164df588ee1,PR89_NORMALIZED_ONE_STEP,PR89_NORMALIZED_ONE_STEP,E6_FLIGHT_SAFER:B1_PLUS_SWEPT_SEGMENT:45ab4d11c93de51478bccccd88df14b4b634e960d5333e430fcf6852e61ad46e,ONE_STEP:0,E6_FLIGHT_SAFER,REPRESENTATIVE_HOLDOUT,B1_PLUS_SWEPT_SEGMENT,PRIMARY-CBF-FILTERED,EXECUTED_OR_SELECTED_HISTORICAL_CANDIDATE,PASS,True,PASS,FORMAL_SEGMENT_SAFE,"[0.4625,0.009999999999999934,-0.020000000000000146]","[0.4622501347603123,0.009999999996388923,-0.01999999998854077]",0.0026662419611659625,CERTIFIED_SAFE,SEGMENT_CONSERVATIVE_SAFE,CONSERVATIVE_SIGNED_DISTANCE_LIPSCHITZ_INTERVAL,CONSERVATIVE_LOWER_BOUND,8e7499a0d68405065b0effb7022b635ef3fbe50a53b69f5f25165260c8a493e6,False,False
cf8d2238131cab9f6af52a6d581f21e5b55739d15b434124ecd1f2487c465669,PR89_NORMALIZED_ONE_STEP,PR89_NORMALIZED_ONE_STEP,E6_FLIGHT_SAFER:B2_PLUS_TERMINAL_BACKUP:45ab4d11c93de51478bccccd88df14b4b634e960d5333e430fcf6852e61ad46e,ONE_STEP:0,E6_FLIGHT_SAFER,REPRESENTATIVE_HOLDOUT,B2_PLUS_TERMINAL_BACKUP,PRIMARY-CBF-FILTERED,LOGGED_NONEXECUTED_HISTORICAL_CANDIDATE,PASS,True,PASS,FORMAL_SEGMENT_SAFE,"[0.4625,0.009999999999999934,-0.020000000000000146]","[0.4622501347603123,0.009999999996388923,-0.01999999998854077]",0.0026662419611659625,CERTIFIED_SAFE,SEGMENT_CONSERVATIVE_SAFE,CONSERVATIVE_SIGNED_DISTANCE_LIPSCHITZ_INTERVAL,CONSERVATIVE_LOWER_BOUND,8e7499a0d68405065b0effb7022b635ef3fbe50a53b69f5f25165260c8a493e6,False,False
4dc6e149e4f0ff309157c6fec251fd9c9780aece528db6980a0cf9b417764a51,PR89_NORMALIZED_ONE_STEP,PR89_NORMALIZED_ONE_STEP,E6_FLIGHT_SAFER:B3_FULL_UNIFIED_WITH_DIRECTIONAL_ALTERNATIVES:45ab4d11c93de51478bccccd88df14b4b634e960d5333e430fcf6852e61ad46e,ONE_STEP:0,E6_FLIGHT_SAFER,REPRESENTATIVE_HOLDOUT,B3_FULL_UNIFIED_WITH_DIRECTIONAL_ALTERNATIVES,PRIMARY-CBF-FILTERED,LOGGED_NONEXECUTED_HISTORICAL_CANDIDATE,PASS,True,PASS,FORMAL_SEGMENT_SAFE,"[0.4625,0.009999999999999934,-0.020000000000000146]","[0.4622501347603123,0.009999999996388923,-0.01999999998854077]",0.0026662419611659625,CERTIFIED_SAFE,SEGMENT_CONSERVATIVE_SAFE,CONSERVATIVE_SIGNED_DISTANCE_LIPSCHITZ_INTERVAL,CONSERVATIVE_LOWER_BOUND,8e7499a0d68405065b0effb7022b635ef3fbe50a53b69f5f25165260c8a493e6,False,False
1968106ce6d23b0c3b36bf48f9aa68e13a313c13084e11247b4fafe3e8802371,PR89_NORMALIZED_ONE_STEP,PR89_NORMALIZED_ONE_STEP,E6_FLIGHT_SAFER:B1_PLUS_SWEPT_SEGMENT:46f64b570c94c97a8d74ff2ad0851b8a191b7618fffeffdd5023153e4339e6b9,ONE_STEP:0,E6_FLIGHT_SAFER,REPRESENTATIVE_HOLDOUT,B1_PLUS_SWEPT_SEGMENT,PRIMARY-CBF-FILTERED,EXECUTED_OR_SELECTED_HISTORICAL_CANDIDATE,PASS,True,PASS,FORMAL_SEGMENT_SAFE,"[0.42812395525151636,-0.12248861058737777,0.03604887161590645]","[0.4279528515153502,-0.12224264237756378,0.03582147974565487]",0.004918033685994739,CERTIFIED_SAFE,SEGMENT_CONSERVATIVE_SAFE,CONSERVATIVE_SIGNED_DISTANCE_LIPSCHITZ_INTERVAL,CONSERVATIVE_LOWER_BOUND,8e7499a0d68405065b0effb7022b635ef3fbe50a53b69f5f25165260c8a493e6,False,False
21e1811737d74e25d1e2b5bc1dbcbbf58cddf2ba5925e4c0360483a48c46b033,PR89_NORMALIZED_ONE_STEP,PR89_NORMALIZED_ONE_STEP,E6_FLIGHT_SAFER:B2_PLUS_TERMINAL_BACKUP:46f64b570c94c97a8d74ff2ad0851b8a191b7618fffeffdd5023153e4339e6b9,ONE_STEP:0,E6_FLIGHT_SAFER,REPRESENTATIVE_HOLDOUT,B2_PLUS_TERMINAL_BACKUP,PRIMARY-CBF-FILTERED,LOGGED_NONEXECUTED_HISTORICAL_CANDIDATE,PASS,True,PASS,FORMAL_SEGMENT_SAFE,"[0.42812395525151636,-0.12248861058737777,0.03604887161590645]","[0.4279528515153502,-0.12224264237756378,0.03582147974565487]",0.004918033685994739,CERTIFIED_SAFE,SEGMENT_CONSERVATIVE_SAFE,CONSERVATIVE_SIGNED_DISTANCE_LIPSCHITZ_INTERVAL,CONSERVATIVE_LOWER_BOUND,8e7499a0d68405065b0effb7022b635ef3fbe50a53b69f5f25165260c8a493e6,False,False
361e8db67ca6f93a3922ae0bf61557a0bbf1c28b6a1f8dd661cc4d0d199592dd,PR89_NORMALIZED_ONE_STEP,PR89_NORMALIZED_ONE_STEP,E6_FLIGHT_SAFER:B3_FULL_UNIFIED_WITH_DIRECTIONAL_ALTERNATIVES:46f64b570c94c97a8d74ff2ad0851b8a191b7618fffeffdd5023153e4339e6b9,ONE_STEP:0,E6_FLIGHT_SAFER,REPRESENTATIVE_HOLDOUT,B3_FULL_UNIFIED_WITH_DIRECTIONAL_ALTERNATIVES,PRIMARY-CBF-FILTERED,LOGGED_NONEXECUTED_HISTORICAL_CANDIDATE,PASS,True,PASS,FORMAL_SEGMENT_SAFE,"[0.42812395525151636,-0.12248861058737777,0.03604887161590645]","[0.4279528515153502,-0.12224264237756378,0.03582147974565487]",0.004918033685994739,CERTIFIED_SAFE,SEGMENT_CONSERVATIVE_SAFE,CONSERVATIVE_SIGNED_DISTANCE_LIPSCHITZ_INTERVAL,CONSERVATIVE_LOWER_BOUND,8e7499a0d68405065b0effb7022b635ef3fbe50a53b69f5f25165260c8a493e6,False,False
03849e61284d30b392d9a149f7a204a265e91098ea112bdb4abc047cd5c936c7,PR89_NORMALIZED_ONE_STEP,PR89_NORMALIZED_ONE_STEP,E6_FLIGHT_SAFER:B1_PLUS_SWEPT_SEGMENT:54904dafb1f3a67cc66c5fa8f061c7cc3a64818c1e25cafb42245b19429adca3,ONE_STEP:0,E6_FLIGHT_SAFER,REPRESENTATIVE_HOLDOUT,B1_PLUS_SWEPT_SEGMENT,PRIMARY-CBF-FILTERED,EXECUTED_OR_SELECTED_HISTORICAL_CANDIDATE,PASS,True,PASS,FORMAL_SEGMENT_SAFE,"[0.02497136025498578,0.22684510154465173,-0.0332186319671926]","[0.0252213234410998,0.22659513293715688,-0.032968707188085034]",0.0035350398675746478,CERTIFIED_SAFE,SEGMENT_CONSERVATIVE_SAFE,CONSERVATIVE_SIGNED_DISTANCE_LIPSCHITZ_INTERVAL,CONSERVATIVE_LOWER_BOUND,8e7499a0d68405065b0effb7022b635ef3fbe50a53b69f5f25165260c8a493e6,False,False
7ee33a17568405d8e39f1e338e4d2f2354e918c52eefd8ec8a59309a9f6a56dc,PR89_NORMALIZED_ONE_STEP,PR89_NORMALIZED_ONE_STEP,E6_FLIGHT_SAFER:B2_PLUS_TERMINAL_BACKUP:54904dafb1f3a67cc66c5fa8f061c7cc3a64818c1e25cafb42245b19429adca3,ONE_STEP:0,E6_FLIGHT_SAFER,REPRESENTATIVE_HOLDOUT,B2_PLUS_TERMINAL_BACKUP,PRIMARY-CBF-FILTERED,LOGGED_NONEXECUTED_HISTORICAL_CANDIDATE,PASS,True,PASS,FORMAL_SEGMENT_SAFE,"[0.02497136025498578,0.22684510154465173,-0.0332186319671926]","[0.0252213234410998,0.22659513293715688,-0.032968707188085034]",0.0035350398675746478,CERTIFIED_SAFE,SEGMENT_CONSERVATIVE_SAFE,CONSERVATIVE_SIGNED_DISTANCE_LIPSCHITZ_INTERVAL,CONSERVATIVE_LOWER_BOUND,8e7499a0d68405065b0effb7022b635ef3fbe50a53b69f5f25165260c8a493e6,False,False
183d448b035d07222492afa1233fdabe9a8d4dc3483a2d803424fb6f87cd13d7,PR89_NORMALIZED_ONE_STEP,PR89_NORMALIZED_ONE_STEP,E6_FLIGHT_SAFER:B3_FULL_UNIFIED_WITH_DIRECTIONAL_ALTERNATIVES:54904dafb1f3a67cc66c5fa8f061c7cc3a64818c1e25cafb42245b19429adca3,ONE_STEP:0,E6_FLIGHT_SAFER,REPRESENTATIVE_HOLDOUT,B3_FULL_UNIFIED_WITH_DIRECTIONAL_ALTERNATIVES,PRIMARY-CBF-FILTERED,LOGGED_NONEXECUTED_HISTORICAL_CANDIDATE,PASS,True,PASS,FORMAL_SEGMENT_SAFE,"[0.02497136025498578,0.22684510154465173,-0.0332186319671926]","[0.0252213234410998,0.22659513293715688,-0.032968707188085034]",0.0035350398675746478,CERTIFIED_SAFE,SEGMENT_CONSERVATIVE_SAFE,CONSERVATIVE_SIGNED_DISTANCE_LIPSCHITZ_INTERVAL,CONSERVATIVE_LOWER_BOUND,8e7499a0d68405065b0effb7022b635ef3fbe50a53b69f5f25165260c8a493e6,False,False
f8aceaf91a3cffe7ad404a02e7e365a322149e02b6960dfba8c33a7c9d133a3b,PR89_NORMALIZED_ONE_STEP,PR89_NORMALIZED_ONE_STEP,E6_FLIGHT_SAFER:B1_PLUS_SWEPT_SEGMENT:64238f78882950a8ddc88aab802c705e1cf72e4c9f81dbfd85eb0577f8149bf1,ONE_STEP:0,E6_FLIGHT_SAFER,REPRESENTATIVE_HOLDOUT,B1_PLUS_SWEPT_SEGMENT,PRIMARY-CBF-FILTERED,EXECUTED_OR_SELECTED_HISTORICAL_CANDIDATE,PASS,True,PASS,FORMAL_SEGMENT_SAFE,"[0.46195136933858855,0.02728301810641383,0.015574475743278426]","[0.46170142248109425,0.027033083907213845,0.015324529925541494]",0.011497932744681267,CERTIFIED_SAFE,SEGMENT_CONSERVATIVE_SAFE,CONSERVATIVE_SIGNED_DISTANCE_LIPSCHITZ_INTERVAL,CONSERVATIVE_LOWER_BOUND,8e7499a0d68405065b0effb7022b635ef3fbe50a53b69f5f25165260c8a493e6,False,False
9486f11bff971f47c464f16ec4d722ee0730738172fffc9dd15e9721e669e229,PR89_NORMALIZED_ONE_STEP,PR89_NORMALIZED_ONE_STEP,E6_FLIGHT_SAFER:B2_PLUS_TERMINAL_BACKUP:64238f78882950a8ddc88aab802c705e1cf72e4c9f81dbfd85eb0577f8149bf1,ONE_STEP:0,E6_FLIGHT_SAFER,REPRESENTATIVE_HOLDOUT,B2_PLUS_TERMINAL_BACKUP,PRIMARY-CBF-FILTERED,LOGGED_NONEXECUTED_HISTORICAL_CANDIDATE,PASS,True,PASS,FORMAL_SEGMENT_SAFE,"[0.46195136933858855,0.02728301810641383,0.015574475743278426]","[0.46170142248109425,0.027033083907213845,0.015324529925541494]",0.011497932744681267,CERTIFIED_SAFE,SEGMENT_CONSERVATIVE_SAFE,CONSERVATIVE_SIGNED_DISTANCE_LIPSCHITZ_INTERVAL,CONSERVATIVE_LOWER_BOUND,8e7499a0d68405065b0effb7022b635ef3fbe50a53b69f5f25165260c8a493e6,False,False
a57b732c36f74c227bb818ff4252c97e710b86608c2a31d04c814b20436b7b75,PR89_NORMALIZED_ONE_STEP,PR89_NORMALIZED_ONE_STEP,E6_FLIGHT_SAFER:B3_FULL_UNIFIED_WITH_DIRECTIONAL_ALTERNATIVES:64238f78882950a8ddc88aab802c705e1cf72e4c9f81dbfd85eb0577f8149bf1,ONE_STEP:0,E6_FLIGHT_SAFER,REPRESENTATIVE_HOLDOUT,B3_FULL_UNIFIED_WITH_DIRECTIONAL_ALTERNATIVES,PRIMARY-CBF-FILTERED,LOGGED_NONEXECUTED_HISTORICAL_CANDIDATE,PASS,True,PASS,FORMAL_SEGMENT_SAFE,"[0.46195136933858855,0.02728301810641383,0.015574475743278426]","[0.46170142248109425,0.027033083907213845,0.015324529925541494]",0.011497932744681267,CERTIFIED_SAFE,SEGMENT_CONSERVATIVE_SAFE,CONSERVATIVE_SIGNED_DISTANCE_LIPSCHITZ_INTERVAL,CONSERVATIVE_LOWER_BOUND,8e7499a0d68405065b0effb7022b635ef3fbe50a53b69f5f25165260c8a493e6,False,False
8da91d5146b7b7b20811a0f9bcf9eea48d397ae18ebcfa988b212cfa31750f76,PR89_NORMALIZED_ONE_STEP,PR89_NORMALIZED_ONE_STEP,E6_FLIGHT_SAFER:B1_PLUS_SWEPT_SEGMENT:688c99491da3a1461595120631679c95973e4f90389253553b0f78894b59c226,ONE_STEP:0,E6_FLIGHT_SAFER,REPRESENTATIVE_HOLDOUT,B1_PLUS_SWEPT_SEGMENT,PRIMARY-CBF-FILTERED,EXECUTED_OR_SELECTED_HISTORICAL_CANDIDATE,PASS,True,PASS,FORMAL_SEGMENT_SAFE,"[0.08472095324862243,0.26134154514349844,0.02407550251945206]","[0.08497086279832972,0.26109164121427797,0.023825608437147153]",0.013939215338112213,CERTIFIED_SAFE,SEGMENT_CONSERVATIVE_SAFE,CONSERVATIVE_SIGNED_DISTANCE_LIPSCHITZ_INTERVAL,CONSERVATIVE_LOWER_BOUND,8e7499a0d68405065b0effb7022b635ef3fbe50a53b69f5f25165260c8a493e6,False,False
072f72b699a9c1e211d542e8d756261e51e63432c6cf43aa7015a391c8b446ff,PR89_NORMALIZED_ONE_STEP,PR89_NORMALIZED_ONE_STEP,E6_FLIGHT_SAFER:B2_PLUS_TERMINAL_BACKUP:688c99491da3a1461595120631679c95973e4f90389253553b0f78894b59c226,ONE_STEP:0,E6_FLIGHT_SAFER,REPRESENTATIVE_HOLDOUT,B2_PLUS_TERMINAL_BACKUP,PRIMARY-CBF-FILTERED,LOGGED_NONEXECUTED_HISTORICAL_CANDIDATE,PASS,True,PASS,FORMAL_SEGMENT_SAFE,"[0.08472095324862243,0.26134154514349844,0.02407550251945206]","[0.08497086279832972,0.26109164121427797,0.023825608437147153]",0.013939215338112213,CERTIFIED_SAFE,SEGMENT_CONSERVATIVE_SAFE,CONSERVATIVE_SIGNED_DISTANCE_LIPSCHITZ_INTERVAL,CONSERVATIVE_LOWER_BOUND,8e7499a0d68405065b0effb7022b635ef3fbe50a53b69f5f25165260c8a493e6,False,False
3131fa2a5237ee482f2335820adf31a30c1031eaa078d59a0cf029e1aae32b1c,PR89_NORMALIZED_ONE_STEP,PR89_NORMALIZED_ONE_STEP,E6_FLIGHT_SAFER:B3_FULL_UNIFIED_WITH_DIRECTIONAL_ALTERNATIVES:688c99491da3a1461595120631679c95973e4f90389253553b0f78894b59c226,ONE_STEP:0,E6_FLIGHT_SAFER,REPRESENTATIVE_HOLDOUT,B3_FULL_UNIFIED_WITH_DIRECTIONAL_ALTERNATIVES,PRIMARY-CBF-FILTERED,LOGGED_NONEXECUTED_HISTORICAL_CANDIDATE,PASS,True,PASS,FORMAL_SEGMENT_SAFE,"[0.08472095324862243,0.26134154514349844,0.02407550251945206]","[0.08497086279832972,0.26109164121427797,0.023825608437147153]",0.013939215338112213,CERTIFIED_SAFE,SEGMENT_CONSERVATIVE_SAFE,CONSERVATIVE_SIGNED_DISTANCE_LIPSCHITZ_INTERVAL,CONSERVATIVE_LOWER_BOUND,8e7499a0d68405065b0effb7022b635ef3fbe50a53b69f5f25165260c8a493e6,False,False
d952ec0018845f714b618bd3460b00b7b8776adce918666ced2c8b30cfdd902e,PR89_NORMALIZED_ONE_STEP,PR89_NORMALIZED_ONE_STEP,E6_FLIGHT_SAFER:B1_PLUS_SWEPT_SEGMENT:797ceb3e21e3e52071d0cc03b2aa2a08c7d7b961d6369a87975de8ce8f711d49,ONE_STEP:0,E6_FLIGHT_SAFER,REPRESENTATIVE_HOLDOUT,B1_PLUS_SWEPT_SEGMENT,PRIMARY-CBF-FILTERED,EXECUTED_OR_SELECTED_HISTORICAL_CANDIDATE,PASS,True,PASS,FORMAL_SEGMENT_SAFE,"[0.4429802617468798,-0.09127801916743919,0.017089539173236096]","[0.4427303345108801,-0.09102810250960457,0.01683958605118154]",0.006085439962498409,CERTIFIED_SAFE,SEGMENT_CONSERVATIVE_SAFE,CONSERVATIVE_SIGNED_DISTANCE_LIPSCHITZ_INTERVAL,CONSERVATIVE_LOWER_BOUND,8e7499a0d68405065b0effb7022b635ef3fbe50a53b69f5f25165260c8a493e6,False,False
546577add9fbd3a0f7f2f9df5afd0e567f321c2d57b0df651dfd3d62450b9627,PR89_NORMALIZED_ONE_STEP,PR89_NORMALIZED_ONE_STEP,E6_FLIGHT_SAFER:B2_PLUS_TERMINAL_BACKUP:797ceb3e21e3e52071d0cc03b2aa2a08c7d7b961d6369a87975de8ce8f711d49,ONE_STEP:0,E6_FLIGHT_SAFER,REPRESENTATIVE_HOLDOUT,B2_PLUS_TERMINAL_BACKUP,PRIMARY-CBF-FILTERED,LOGGED_NONEXECUTED_HISTORICAL_CANDIDATE,PASS,True,PASS,FORMAL_SEGMENT_SAFE,"[0.4429802617468798,-0.09127801916743919,0.017089539173236096]","[0.4427303345108801,-0.09102810250960457,0.01683958605118154]",0.006085439962498409,CERTIFIED_SAFE,SEGMENT_CONSERVATIVE_SAFE,CONSERVATIVE_SIGNED_DISTANCE_LIPSCHITZ_INTERVAL,CONSERVATIVE_LOWER_BOUND,8e7499a0d68405065b0effb7022b635ef3fbe50a53b69f5f25165260c8a493e6,False,False
38edf806f9c6ca62072d4df2fa8cafa2bc189a0bd4ffaa18ebd76a51d4d04fb7,PR89_NORMALIZED_ONE_STEP,PR89_NORMALIZED_ONE_STEP,E6_FLIGHT_SAFER:B3_FULL_UNIFIED_WITH_DIRECTIONAL_ALTERNATIVES:797ceb3e21e3e52071d0cc03b2aa2a08c7d7b961d6369a87975de8ce8f711d49,ONE_STEP:0,E6_FLIGHT_SAFER,REPRESENTATIVE_HOLDOUT,B3_FULL_UNIFIED_WITH_DIRECTIONAL_ALTERNATIVES,PRIMARY-CBF-FILTERED,LOGGED_NONEXECUTED_HISTORICAL_CANDIDATE,PASS,True,PASS,FORMAL_SEGMENT_SAFE,"[0.4429802617468798,-0.09127801916743919,0.017089539173236096]","[0.4427303345108801,-0.09102810250960457,0.01683958605118154]",0.006085439962498409,CERTIFIED_SAFE,SEGMENT_CONSERVATIVE_SAFE,CONSERVATIVE_SIGNED_DISTANCE_LIPSCHITZ_INTERVAL,CONSERVATIVE_LOWER_BOUND,8e7499a0d68405065b0effb7022b635ef3fbe50a53b69f5f25165260c8a493e6,False,False
ddcc68c4c52e6afc7a4ba2fe8f76a7447409492687a609180a3f3ab2e85ff1f5,PR89_NORMALIZED_ONE_STEP,PR89_NORMALIZED_ONE_STEP,E6_FLIGHT_SAFER:B1_PLUS_SWEPT_SEGMENT:803756b879fb83744b28ed5e6e452069a28c939e376d11ab6037b8175f84d119,ONE_STEP:0,E6_FLIGHT_SAFER,REPRESENTATIVE_HOLDOUT,B1_PLUS_SWEPT_SEGMENT,PRIMARY-CBF-FILTERED,EXECUTED_OR_SELECTED_HISTORICAL_CANDIDATE,PASS,True,PASS,FORMAL_SEGMENT_SAFE,"[0.05374999999999994,0.24599192253125954,0.031961524227066204]","[0.05399995012980914,0.24574198269493394,0.0317115830649327]",0.020391003432740515,CERTIFIED_SAFE,SEGMENT_CONSERVATIVE_SAFE,CONSERVATIVE_SIGNED_DISTANCE_LIPSCHITZ_INTERVAL,CONSERVATIVE_LOWER_BOUND,8e7499a0d68405065b0effb7022b635ef3fbe50a53b69f5f25165260c8a493e6,False,False
2763a10ca0aecee602d2a8f2e554c01ae8a432344800e93d4d3e8ef8ab193946,PR89_NORMALIZED_ONE_STEP,PR89_NORMALIZED_ONE_STEP,E6_FLIGHT_SAFER:B2_PLUS_TERMINAL_BACKUP:803756b879fb83744b28ed5e6e452069a28c939e376d11ab6037b8175f84d119,ONE_STEP:0,E6_FLIGHT_SAFER,REPRESENTATIVE_HOLDOUT,B2_PLUS_TERMINAL_BACKUP,PRIMARY-CBF-FILTERED,LOGGED_NONEXECUTED_HISTORICAL_CANDIDATE,PASS,True,PASS,FORMAL_SEGMENT_SAFE,"[0.05374999999999994,0.24599192253125954,0.031961524227066204]","[0.05399995012980914,0.24574198269493394,0.0317115830649327]",0.020391003432740515,CERTIFIED_SAFE,SEGMENT_CONSERVATIVE_SAFE,CONSERVATIVE_SIGNED_DISTANCE_LIPSCHITZ_INTERVAL,CONSERVATIVE_LOWER_BOUND,8e7499a0d68405065b0effb7022b635ef3fbe50a53b69f5f25165260c8a493e6,False,False
91ac69c4d0509390536c1ffe8e8482d97149de41bac6ecb3ddb0cbd4cb03e800,PR89_NORMALIZED_ONE_STEP,PR89_NORMALIZED_ONE_STEP,E6_FLIGHT_SAFER:B3_FULL_UNIFIED_WITH_DIRECTIONAL_ALTERNATIVES:803756b879fb83744b28ed5e6e452069a28c939e376d11ab6037b8175f84d119,ONE_STEP:0,E6_FLIGHT_SAFER,REPRESENTATIVE_HOLDOUT,B3_FULL_UNIFIED_WITH_DIRECTIONAL_ALTERNATIVES,PRIMARY-CBF-FILTERED,LOGGED_NONEXECUTED_HISTORICAL_CANDIDATE,PASS,True,PASS,FORMAL_SEGMENT_SAFE,"[0.05374999999999994,0.24599192253125954,0.031961524227066204]","[0.05399995012980914,0.24574198269493394,0.0317115830649327]",0.020391003432740515,CERTIFIED_SAFE,SEGMENT_CONSERVATIVE_SAFE,CONSERVATIVE_SIGNED_DISTANCE_LIPSCHITZ_INTERVAL,CONSERVATIVE_LOWER_BOUND,8e7499a0d68405065b0effb7022b635ef3fbe50a53b69f5f25165260c8a493e6,False,False
700950414d4d29f587f4ab3252a3596d006c001b1dc3a3a3e6e563c31c76f229,PR89_NORMALIZED_ONE_STEP,PR89_NORMALIZED_ONE_STEP,E6_FLIGHT_SAFER:B1_PLUS_SWEPT_SEGMENT:9033477337fa1843670bbf7ba0376194a9e375446cd989db75ae39a842940e70,ONE_STEP:0,E6_FLIGHT_SAFER,REPRESENTATIVE_HOLDOUT,B1_PLUS_SWEPT_SEGMENT,PRIMARY-CBF-FILTERED,EXECUTED_OR_SELECTED_HISTORICAL_CANDIDATE,PASS,True,PASS,FORMAL_SEGMENT_SAFE,"[0.06899184806492654,0.25415830349438906,0.03963030786767524]","[0.06924175910993709,0.2539084197018105,0.03938042784328105]",0.017589010573349672,CERTIFIED_SAFE,SEGMENT_CONSERVATIVE_SAFE,CONSERVATIVE_SIGNED_DISTANCE_LIPSCHITZ_INTERVAL,CONSERVATIVE_LOWER_BOUND,8e7499a0d68405065b0effb7022b635ef3fbe50a53b69f5f25165260c8a493e6,False,False
b99f59d23b5f397cd6515d785726577b19bd04df136d641541ed4059c02e913b,PR89_NORMALIZED_ONE_STEP,PR89_NORMALIZED_ONE_STEP,E6_FLIGHT_SAFER:B2_PLUS_TERMINAL_BACKUP:9033477337fa1843670bbf7ba0376194a9e375446cd989db75ae39a842940e70,ONE_STEP:0,E6_FLIGHT_SAFER,REPRESENTATIVE_HOLDOUT,B2_PLUS_TERMINAL_BACKUP,PRIMARY-CBF-FILTERED,LOGGED_NONEXECUTED_HISTORICAL_CANDIDATE,PASS,True,PASS,FORMAL_SEGMENT_SAFE,"[0.06899184806492654,0.25415830349438906,0.03963030786767524]","[0.06924175910993709,0.2539084197018105,0.03938042784328105]",0.017589010573349672,CERTIFIED_SAFE,SEGMENT_CONSERVATIVE_SAFE,CONSERVATIVE_SIGNED_DISTANCE_LIPSCHITZ_INTERVAL,CONSERVATIVE_LOWER_BOUND,8e7499a0d68405065b0effb7022b635ef3fbe50a53b69f5f25165260c8a493e6,False,False
42b00b82326bf2a5b87b49068d696ccb33a56c07367b329f577bf2b76d876f4c,PR89_NORMALIZED_ONE_STEP,PR89_NORMALIZED_ONE_STEP,E6_FLIGHT_SAFER:B3_FULL_UNIFIED_WITH_DIRECTIONAL_ALTERNATIVES:9033477337fa1843670bbf7ba0376194a9e375446cd989db75ae39a842940e70,ONE_STEP:0,E6_FLIGHT_SAFER,REPRESENTATIVE_HOLDOUT,B3_FULL_UNIFIED_WITH_DIRECTIONAL_ALTERNATIVES,PRIMARY-CBF-FILTERED,LOGGED_NONEXECUTED_HISTORICAL_CANDIDATE,PASS,True,PASS,FORMAL_SEGMENT_SAFE,"[0.06899184806492654,0.25415830349438906,0.03963030786767524]","[0.06924175910993709,0.2539084197018105,0.03938042784328105]",0.017589010573349672,CERTIFIED_SAFE,SEGMENT_CONSERVATIVE_SAFE,CONSERVATIVE_SIGNED_DISTANCE_LIPSCHITZ_INTERVAL,CONSERVATIVE_LOWER_BOUND,8e7499a0d68405065b0effb7022b635ef3fbe50a53b69f5f25165260c8a493e6,False,False
1cb672296fe706d3db1a6e0abec0e6b886011b76546a4635ec82f67e18a98530,PR89_NORMALIZED_ONE_STEP,PR89_NORMALIZED_ONE_STEP,E6_FLIGHT_SAFER:B1_PLUS_SWEPT_SEGMENT:99be7c6fba87b9d1807821cb550f57937324338ce6ba53f250d5386b2c709687,ONE_STEP:0,E6_FLIGHT_SAFER,REPRESENTATIVE_HOLDOUT,B1_PLUS_SWEPT_SEGMENT,PRIMARY-CBF-FILTERED,EXECUTED_OR_SELECTED_HISTORICAL_CANDIDATE,PASS,True,PASS,FORMAL_SEGMENT_SAFE,"[0.4537660211305071,0.07843782650684408,0.014023591831766252]","[0.4535160696741865,0.07818788289063223,0.01377364253664393]",0.010426931889536348,CERTIFIED_SAFE,SEGMENT_CONSERVATIVE_SAFE,CONSERVATIVE_SIGNED_DISTANCE_LIPSCHITZ_INTERVAL,CONSERVATIVE_LOWER_BOUND,8e7499a0d68405065b0effb7022b635ef3fbe50a53b69f5f25165260c8a493e6,False,False
cca6716dc13e4cb2278ec7a7fd7bb1e8a236f5842458f658b5aa7938f248be9d,PR89_NORMALIZED_ONE_STEP,PR89_NORMALIZED_ONE_STEP,E6_FLIGHT_SAFER:B2_PLUS_TERMINAL_BACKUP:99be7c6fba87b9d1807821cb550f57937324338ce6ba53f250d5386b2c709687,ONE_STEP:0,E6_FLIGHT_SAFER,REPRESENTATIVE_HOLDOUT,B2_PLUS_TERMINAL_BACKUP,PRIMARY-CBF-FILTERED,LOGGED_NONEXECUTED_HISTORICAL_CANDIDATE,PASS,True,PASS,FORMAL_SEGMENT_SAFE,"[0.4537660211305071,0.07843782650684408,0.014023591831766252]","[0.4535160696741865,0.07818788289063223,0.01377364253664393]",0.010426931889536348,CERTIFIED_SAFE,SEGMENT_CONSERVATIVE_SAFE,CONSERVATIVE_SIGNED_DISTANCE_LIPSCHITZ_INTERVAL,CONSERVATIVE_LOWER_BOUND,8e7499a0d68405065b0effb7022b635ef3fbe50a53b69f5f25165260c8a493e6,False,False
af121207fb4700eb22790186161a938131d01e7d5a425de22a8bd621ee8cc3f9,PR89_NORMALIZED_ONE_STEP,PR89_NORMALIZED_ONE_STEP,E6_FLIGHT_SAFER:B3_FULL_UNIFIED_WITH_DIRECTIONAL_ALTERNATIVES:99be7c6fba87b9d1807821cb550f57937324338ce6ba53f250d5386b2c709687,ONE_STEP:0,E6_FLIGHT_SAFER,REPRESENTATIVE_HOLDOUT,B3_FULL_UNIFIED_WITH_DIRECTIONAL_ALTERNATIVES,PRIMARY-CBF-FILTERED,LOGGED_NONEXECUTED_HISTORICAL_CANDIDATE,PASS,True,PASS,FORMAL_SEGMENT_SAFE,"[0.4537660211305071,0.07843782650684408,0.014023591831766252]","[0.4535160696741865,0.07818788289063223,0.01377364253664393]",0.010426931889536348,CERTIFIED_SAFE,SEGMENT_CONSERVATIVE_SAFE,CONSERVATIVE_SIGNED_DISTANCE_LIPSCHITZ_INTERVAL,CONSERVATIVE_LOWER_BOUND,8e7499a0d68405065b0effb7022b635ef3fbe50a53b69f5f25165260c8a493e6,False,False
7d69cc380090ecbaad9f7f05a5c0e280266b6635ee178d4cd30460bc2ae4e5cd,PR89_NORMALIZED_ONE_STEP,PR89_NORMALIZED_ONE_STEP,E6_FLIGHT_SAFER:B1_PLUS_SWEPT_SEGMENT:ae3a4d6e2df62912cde3a53e61cec736ebd65d2b4dbcf300914587a20c3daeda,ONE_STEP:0,E6_FLIGHT_SAFER,REPRESENTATIVE_HOLDOUT,B1_PLUS_SWEPT_SEGMENT,PRIMARY-CBF-FILTERED,EXECUTED_OR_SELECTED_HISTORICAL_CANDIDATE,PASS,True,PASS,FORMAL_SEGMENT_SAFE,"[-0.08236280779941796,0.0013541381217765085,-0.001277993258090606]","[-0.08212851450450956,0.0015014590534371578,-0.0014550685671025176]",0.005469749113828703,CERTIFIED_SAFE,SEGMENT_CONSERVATIVE_SAFE,CONSERVATIVE_SIGNED_DISTANCE_LIPSCHITZ_INTERVAL,CONSERVATIVE_LOWER_BOUND,8e7499a0d68405065b0effb7022b635ef3fbe50a53b69f5f25165260c8a493e6,False,False
63ae9232c495c92475759c9851741b112dedbd684206eeefdbed6ec765a417a9,PR89_NORMALIZED_ONE_STEP,PR89_NORMALIZED_ONE_STEP,E6_FLIGHT_SAFER:B2_PLUS_TERMINAL_BACKUP:ae3a4d6e2df62912cde3a53e61cec736ebd65d2b4dbcf300914587a20c3daeda,ONE_STEP:0,E6_FLIGHT_SAFER,REPRESENTATIVE_HOLDOUT,B2_PLUS_TERMINAL_BACKUP,PRIMARY-CBF-FILTERED,LOGGED_NONEXECUTED_HISTORICAL_CANDIDATE,PASS,True,PASS,FORMAL_SEGMENT_SAFE,"[-0.08236280779941796,0.0013541381217765085,-0.001277993258090606]","[-0.08212851450450956,0.0015014590534371578,-0.0014550685671025176]",0.005469749113828703,CERTIFIED_SAFE,SEGMENT_CONSERVATIVE_SAFE,CONSERVATIVE_SIGNED_DISTANCE_LIPSCHITZ_INTERVAL,CONSERVATIVE_LOWER_BOUND,8e7499a0d68405065b0effb7022b635ef3fbe50a53b69f5f25165260c8a493e6,False,False
a1cc900ca5f9c4ce2cf139d76fe9d1bc702219b419aa2caabe183794f66b2a40,PR89_NORMALIZED_ONE_STEP,PR89_NORMALIZED_ONE_STEP,E6_FLIGHT_SAFER:B3_FULL_UNIFIED_WITH_DIRECTIONAL_ALTERNATIVES:ae3a4d6e2df62912cde3a53e61cec736ebd65d2b4dbcf300914587a20c3daeda,ONE_STEP:0,E6_FLIGHT_SAFER,REPRESENTATIVE_HOLDOUT,B3_FULL_UNIFIED_WITH_DIRECTIONAL_ALTERNATIVES,PRIMARY-CBF-FILTERED,LOGGED_NONEXECUTED_HISTORICAL_CANDIDATE,PASS,True,PASS,FORMAL_SEGMENT_SAFE,"[-0.08236280779941796,0.0013541381217765085,-0.001277993258090606]","[-0.08212851450450956,0.0015014590534371578,-0.0014550685671025176]",0.005469749113828703,CERTIFIED_SAFE,SEGMENT_CONSERVATIVE_SAFE,CONSERVATIVE_SIGNED_DISTANCE_LIPSCHITZ_INTERVAL,CONSERVATIVE_LOWER_BOUND,8e7499a0d68405065b0effb7022b635ef3fbe50a53b69f5f25165260c8a493e6,False,False
34e623a20b98df87fdc600b585deae5f33f8e831995ed5b32bcafbe2ccf806c4,PR89_NORMALIZED_ONE_STEP,PR89_NORMALIZED_ONE_STEP,E6_FLIGHT_SAFER:B1_PLUS_SWEPT_SEGMENT:b73965378c6b7997e6645a549cc6e721e998e8a28215e9b0dbfc8d140aaa132c,ONE_STEP:0,E6_FLIGHT_SAFER,REPRESENTATIVE_HOLDOUT,B1_PLUS_SWEPT_SEGMENT,PRIMARY-CBF-FILTERED,EXECUTED_OR_SELECTED_HISTORICAL_CANDIDATE,PASS,True,PASS,FORMAL_SEGMENT_SAFE,"[0.10087397999600259,0.26751272309974716,-0.008644925338375369]","[0.10112392767461086,0.26726278150115435,-0.00889486886286643]",0.010193493565218356,CERTIFIED_SAFE,SEGMENT_CONSERVATIVE_SAFE,CONSERVATIVE_SIGNED_DISTANCE_LIPSCHITZ_INTERVAL,CONSERVATIVE_LOWER_BOUND,8e7499a0d68405065b0effb7022b635ef3fbe50a53b69f5f25165260c8a493e6,False,False
8e123e51ce33df42d905c20be6a50d69a37f52badb145cab2433da745c93854f,PR89_NORMALIZED_ONE_STEP,PR89_NORMALIZED_ONE_STEP,E6_FLIGHT_SAFER:B2_PLUS_TERMINAL_BACKUP:b73965378c6b7997e6645a549cc6e721e998e8a28215e9b0dbfc8d140aaa132c,ONE_STEP:0,E6_FLIGHT_SAFER,REPRESENTATIVE_HOLDOUT,B2_PLUS_TERMINAL_BACKUP,PRIMARY-CBF-FILTERED,LOGGED_NONEXECUTED_HISTORICAL_CANDIDATE,PASS,True,PASS,FORMAL_SEGMENT_SAFE,"[0.10087397999600259,0.26751272309974716,-0.008644925338375369]","[0.10112392767461086,0.26726278150115435,-0.00889486886286643]",0.010193493565218356,CERTIFIED_SAFE,SEGMENT_CONSERVATIVE_SAFE,CONSERVATIVE_SIGNED_DISTANCE_LIPSCHITZ_INTERVAL,CONSERVATIVE_LOWER_BOUND,8e7499a0d68405065b0effb7022b635ef3fbe50a53b69f5f25165260c8a493e6,False,False
a253ea11cd5fe1aa41f274b3cfc7127bce6fe8cfb1f24b32965364df36bdeb9d,PR89_NORMALIZED_ONE_STEP,PR89_NORMALIZED_ONE_STEP,E6_FLIGHT_SAFER:B3_FULL_UNIFIED_WITH_DIRECTIONAL_ALTERNATIVES:b73965378c6b7997e6645a549cc6e721e998e8a28215e9b0dbfc8d140aaa132c,ONE_STEP:0,E6_FLIGHT_SAFER,REPRESENTATIVE_HOLDOUT,B3_FULL_UNIFIED_WITH_DIRECTIONAL_ALTERNATIVES,PRIMARY-CBF-FILTERED,LOGGED_NONEXECUTED_HISTORICAL_CANDIDATE,PASS,True,PASS,FORMAL_SEGMENT_SAFE,"[0.10087397999600259,0.26751272309974716,-0.008644925338375369]","[0.10112392767461086,0.26726278150115435,-0.00889486886286643]",0.010193493565218356,CERTIFIED_SAFE,SEGMENT_CONSERVATIVE_SAFE,CONSERVATIVE_SIGNED_DISTANCE_LIPSCHITZ_INTERVAL,CONSERVATIVE_LOWER_BOUND,8e7499a0d68405065b0effb7022b635ef3fbe50a53b69f5f25165260c8a493e6,False,False
7e01c8d52ae615970b2248e1e8ee14c11193373c256617b2900ebf9e55e234ff,PR89_NORMALIZED_ONE_STEP,PR89_NORMALIZED_ONE_STEP,E6_FLIGHT_SAFER:B1_PLUS_SWEPT_SEGMENT:c16bfbe29d69a18fa2272caa0d3a97e7611fb980b404a121be98341597248b48,ONE_STEP:0,E6_FLIGHT_SAFER,REPRESENTATIVE_HOLDOUT,B1_PLUS_SWEPT_SEGMENT,PRIMARY-CBF-FILTERED,EXECUTED_OR_SELECTED_HISTORICAL_CANDIDATE,PASS,True,PASS,FORMAL_SEGMENT_SAFE,"[0.16840438675652505,-0.2616429264469043,0.02276165028273199]","[0.1686543867563592,-0.2614835195391672,0.022571783973322813]",0.0017931091206009435,CERTIFIED_SAFE,SEGMENT_CONSERVATIVE_SAFE,CONSERVATIVE_SIGNED_DISTANCE_LIPSCHITZ_INTERVAL,CONSERVATIVE_LOWER_BOUND,8e7499a0d68405065b0effb7022b635ef3fbe50a53b69f5f25165260c8a493e6,False,False
abddcd18b3559b9bbc64607c4cc4b5ba9f99c8e634c5dcf05470273101a49a64,PR89_NORMALIZED_ONE_STEP,PR89_NORMALIZED_ONE_STEP,E6_FLIGHT_SAFER:B2_PLUS_TERMINAL_BACKUP:c16bfbe29d69a18fa2272caa0d3a97e7611fb980b404a121be98341597248b48,ONE_STEP:0,E6_FLIGHT_SAFER,REPRESENTATIVE_HOLDOUT,B2_PLUS_TERMINAL_BACKUP,PRIMARY-CBF-FILTERED,LOGGED_NONEXECUTED_HISTORICAL_CANDIDATE,PASS,True,PASS,FORMAL_SEGMENT_SAFE,"[0.16840438675652505,-0.2616429264469043,0.02276165028273199]","[0.1686543867563592,-0.2614835195391672,0.022571783973322813]",0.0017931091206009435,CERTIFIED_SAFE,SEGMENT_CONSERVATIVE_SAFE,CONSERVATIVE_SIGNED_DISTANCE_LIPSCHITZ_INTERVAL,CONSERVATIVE_LOWER_BOUND,8e7499a0d68405065b0effb7022b635ef3fbe50a53b69f5f25165260c8a493e6,False,False
d5ef0fc719af86eb3e997896eb71ae7c372ed476b2b984927a3b059b57194829,PR89_NORMALIZED_ONE_STEP,PR89_NORMALIZED_ONE_STEP,E6_FLIGHT_SAFER:B3_FULL_UNIFIED_WITH_DIRECTIONAL_ALTERNATIVES:c16bfbe29d69a18fa2272caa0d3a97e7611fb980b404a121be98341597248b48,ONE_STEP:0,E6_FLIGHT_SAFER,REPRESENTATIVE_HOLDOUT,B3_FULL_UNIFIED_WITH_DIRECTIONAL_ALTERNATIVES,PRIMARY-CBF-FILTERED,LOGGED_NONEXECUTED_HISTORICAL_CANDIDATE,PASS,True,PASS,FORMAL_SEGMENT_SAFE,"[0.16840438675652505,-0.2616429264469043,0.02276165028273199]","[0.1686543867563592,-0.2614835195391672,0.022571783973322813]",0.0017931091206009435,CERTIFIED_SAFE,SEGMENT_CONSERVATIVE_SAFE,CONSERVATIVE_SIGNED_DISTANCE_LIPSCHITZ_INTERVAL,CONSERVATIVE_LOWER_BOUND,8e7499a0d68405065b0effb7022b635ef3fbe50a53b69f5f25165260c8a493e6,False,False
c284c925aa75db83fceab8c71a063c36d2143b307ee0e0bdbbdff135e0624d97,PR89_NORMALIZED_ONE_STEP,PR89_NORMALIZED_ONE_STEP,E6_FLIGHT_SAFER:B1_PLUS_SWEPT_SEGMENT:c643cdbfb61ceaec9270c516f222d34e01dd0dadbc7ea6503b97399cd197d7e1,ONE_STEP:0,E6_FLIGHT_SAFER,REPRESENTATIVE_HOLDOUT,B1_PLUS_SWEPT_SEGMENT,PRIMARY-CBF-FILTERED,EXECUTED_OR_SELECTED_HISTORICAL_CANDIDATE,PASS,True,PASS,FORMAL_SEGMENT_SAFE,"[-0.07907709716431743,-0.0330553804027379,0.0399924476604325]","[-0.0788271705908195,-0.03280545834495394,0.039742501990852754]",0.013106267169306789,CERTIFIED_SAFE,SEGMENT_CONSERVATIVE_SAFE,CONSERVATIVE_SIGNED_DISTANCE_LIPSCHITZ_INTERVAL,CONSERVATIVE_LOWER_BOUND,8e7499a0d68405065b0effb7022b635ef3fbe50a53b69f5f25165260c8a493e6,False,False
f99dd57a76b6bd6625b90f16060d4d41b1fd951387fc5027cfe1d4899b8febb3,PR89_NORMALIZED_ONE_STEP,PR89_NORMALIZED_ONE_STEP,E6_FLIGHT_SAFER:B2_PLUS_TERMINAL_BACKUP:c643cdbfb61ceaec9270c516f222d34e01dd0dadbc7ea6503b97399cd197d7e1,ONE_STEP:0,E6_FLIGHT_SAFER,REPRESENTATIVE_HOLDOUT,B2_PLUS_TERMINAL_BACKUP,PRIMARY-CBF-FILTERED,LOGGED_NONEXECUTED_HISTORICAL_CANDIDATE,PASS,True,PASS,FORMAL_SEGMENT_SAFE,"[-0.07907709716431743,-0.0330553804027379,0.0399924476604325]","[-0.0788271705908195,-0.03280545834495394,0.039742501990852754]",0.013106267169306789,CERTIFIED_SAFE,SEGMENT_CONSERVATIVE_SAFE,CONSERVATIVE_SIGNED_DISTANCE_LIPSCHITZ_INTERVAL,CONSERVATIVE_LOWER_BOUND,8e7499a0d68405065b0effb7022b635ef3fbe50a53b69f5f25165260c8a493e6,False,False
b448a900ce63baea95702624ce761a62ad56892c7004bcf72eb019d900513221,PR89_NORMALIZED_ONE_STEP,PR89_NORMALIZED_ONE_STEP,E6_FLIGHT_SAFER:B3_FULL_UNIFIED_WITH_DIRECTIONAL_ALTERNATIVES:c643cdbfb61ceaec9270c516f222d34e01dd0dadbc7ea6503b97399cd197d7e1,ONE_STEP:0,E6_FLIGHT_SAFER,REPRESENTATIVE_HOLDOUT,B3_FULL_UNIFIED_WITH_DIRECTIONAL_ALTERNATIVES,PRIMARY-CBF-FILTERED,LOGGED_NONEXECUTED_HISTORICAL_CANDIDATE,PASS,True,PASS,FORMAL_SEGMENT_SAFE,"[-0.07907709716431743,-0.0330553804027379,0.0399924476604325]","[-0.0788271705908195,-0.03280545834495394,0.039742501990852754]",0.013106267169306789,CERTIFIED_SAFE,SEGMENT_CONSERVATIVE_SAFE,CONSERVATIVE_SIGNED_DISTANCE_LIPSCHITZ_INTERVAL,CONSERVATIVE_LOWER_BOUND,8e7499a0d68405065b0effb7022b635ef3fbe50a53b69f5f25165260c8a493e6,False,False
18097cac58c030c595214aa47624e9e50039e18aff3e98e496e69f0c3b7ea1cb,PR89_NORMALIZED_ONE_STEP,PR89_NORMALIZED_ONE_STEP,E6_FLIGHT_SAFER:B1_PLUS_SWEPT_SEGMENT:c6929bc5b321c552e1f24c8586998af12a05de77784462ce961c00d703e0e092,ONE_STEP:0,E6_FLIGHT_SAFER,REPRESENTATIVE_HOLDOUT,B1_PLUS_SWEPT_SEGMENT,PRIMARY-CBF-FILTERED,EXECUTED_OR_SELECTED_HISTORICAL_CANDIDATE,PASS,True,PASS,FORMAL_SEGMENT_SAFE,"[0.4625,0.01,-0.02]","[0.46225013476031235,0.009999999996388988,-0.019999999988540625]",0.0026662419611659695,CERTIFIED_SAFE,SEGMENT_CONSERVATIVE_SAFE,CONSERVATIVE_SIGNED_DISTANCE_LIPSCHITZ_INTERVAL,CONSERVATIVE_LOWER_BOUND,8e7499a0d68405065b0effb7022b635ef3fbe50a53b69f5f25165260c8a493e6,False,False
1d6a2506bc0b30c1cb0f6fd517cd7f7bba9e302771eacefb891a983fe2b8e2d2,PR89_NORMALIZED_ONE_STEP,PR89_NORMALIZED_ONE_STEP,E6_FLIGHT_SAFER:B2_PLUS_TERMINAL_BACKUP:c6929bc5b321c552e1f24c8586998af12a05de77784462ce961c00d703e0e092,ONE_STEP:0,E6_FLIGHT_SAFER,REPRESENTATIVE_HOLDOUT,B2_PLUS_TERMINAL_BACKUP,PRIMARY-CBF-FILTERED,LOGGED_NONEXECUTED_HISTORICAL_CANDIDATE,PASS,True,PASS,FORMAL_SEGMENT_SAFE,"[0.4625,0.01,-0.02]","[0.46225013476031235,0.009999999996388988,-0.019999999988540625]",0.0026662419611659695,CERTIFIED_SAFE,SEGMENT_CONSERVATIVE_SAFE,CONSERVATIVE_SIGNED_DISTANCE_LIPSCHITZ_INTERVAL,CONSERVATIVE_LOWER_BOUND,8e7499a0d68405065b0effb7022b635ef3fbe50a53b69f5f25165260c8a493e6,False,False
d386d61d890eaa75737fd7086d17949074e723eea8d3cb3cde9044f4eecabfe3,PR89_NORMALIZED_ONE_STEP,PR89_NORMALIZED_ONE_STEP,E6_FLIGHT_SAFER:B3_FULL_UNIFIED_WITH_DIRECTIONAL_ALTERNATIVES:c6929bc5b321c552e1f24c8586998af12a05de77784462ce961c00d703e0e092,ONE_STEP:0,E6_FLIGHT_SAFER,REPRESENTATIVE_HOLDOUT,B3_FULL_UNIFIED_WITH_DIRECTIONAL_ALTERNATIVES,PRIMARY-CBF-FILTERED,LOGGED_NONEXECUTED_HISTORICAL_CANDIDATE,PASS,True,PASS,FORMAL_SEGMENT_SAFE,"[0.4625,0.01,-0.02]","[0.46225013476031235,0.009999999996388988,-0.019999999988540625]",0.0026662419611659695,CERTIFIED_SAFE,SEGMENT_CONSERVATIVE_SAFE,CONSERVATIVE_SIGNED_DISTANCE_LIPSCHITZ_INTERVAL,CONSERVATIVE_LOWER_BOUND,8e7499a0d68405065b0effb7022b635ef3fbe50a53b69f5f25165260c8a493e6,False,False
6251903d2438d04baa940df67230977d4036874453a949f2b5d6b84d8e8b815c,PR89_NORMALIZED_ONE_STEP,PR89_NORMALIZED_ONE_STEP,E6_FLIGHT_SAFER:B1_PLUS_SWEPT_SEGMENT:d400e0e39986a5dee174d75e6462e0f482212dcf149ab014781361a8e834ddd8,ONE_STEP:0,E6_FLIGHT_SAFER,REPRESENTATIVE_HOLDOUT,B1_PLUS_SWEPT_SEGMENT,PRIMARY-CBF-FILTERED,EXECUTED_OR_SELECTED_HISTORICAL_CANDIDATE,PASS,True,PASS,FORMAL_SEGMENT_SAFE,"[0.03905678259648496,0.23687528538797523,0.004055832124396929]","[0.03930671848447537,0.23662534821623835,0.003805858907535316]",0.01372246951696765,CERTIFIED_SAFE,SEGMENT_CONSERVATIVE_SAFE,CONSERVATIVE_SIGNED_DISTANCE_LIPSCHITZ_INTERVAL,CONSERVATIVE_LOWER_BOUND,8e7499a0d68405065b0effb7022b635ef3fbe50a53b69f5f25165260c8a493e6,False,False
3d0c796a05e7059411aca24493f440c96be4622e9287f775321399963367d668,PR89_NORMALIZED_ONE_STEP,PR89_NORMALIZED_ONE_STEP,E6_FLIGHT_SAFER:B2_PLUS_TERMINAL_BACKUP:d400e0e39986a5dee174d75e6462e0f482212dcf149ab014781361a8e834ddd8,ONE_STEP:0,E6_FLIGHT_SAFER,REPRESENTATIVE_HOLDOUT,B2_PLUS_TERMINAL_BACKUP,PRIMARY-CBF-FILTERED,LOGGED_NONEXECUTED_HISTORICAL_CANDIDATE,PASS,True,PASS,FORMAL_SEGMENT_SAFE,"[0.03905678259648496,0.23687528538797523,0.004055832124396929]","[0.03930671848447537,0.23662534821623835,0.003805858907535316]",0.01372246951696765,CERTIFIED_SAFE,SEGMENT_CONSERVATIVE_SAFE,CONSERVATIVE_SIGNED_DISTANCE_LIPSCHITZ_INTERVAL,CONSERVATIVE_LOWER_BOUND,8e7499a0d68405065b0effb7022b635ef3fbe50a53b69f5f25165260c8a493e6,False,False
8530b44799cc33746745f96f7c361aaef5c35d0574cb7658536971789dbc5e61,PR89_NORMALIZED_ONE_STEP,PR89_NORMALIZED_ONE_STEP,E6_FLIGHT_SAFER:B3_FULL_UNIFIED_WITH_DIRECTIONAL_ALTERNATIVES:d400e0e39986a5dee174d75e6462e0f482212dcf149ab014781361a8e834ddd8,ONE_STEP:0,E6_FLIGHT_SAFER,REPRESENTATIVE_HOLDOUT,B3_FULL_UNIFIED_WITH_DIRECTIONAL_ALTERNATIVES,PRIMARY-CBF-FILTERED,LOGGED_NONEXECUTED_HISTORICAL_CANDIDATE,PASS,True,PASS,FORMAL_SEGMENT_SAFE,"[0.03905678259648496,0.23687528538797523,0.004055832124396929]","[0.03930671848447537,0.23662534821623835,0.003805858907535316]",0.01372246951696765,CERTIFIED_SAFE,SEGMENT_CONSERVATIVE_SAFE,CONSERVATIVE_SIGNED_DISTANCE_LIPSCHITZ_INTERVAL,CONSERVATIVE_LOWER_BOUND,8e7499a0d68405065b0effb7022b635ef3fbe50a53b69f5f25165260c8a493e6,False,False
fb47215c2dffa5805cea331c5e9b27fa5cd4f12b699af638148369398ac9b0cb,PR89_NORMALIZED_ONE_STEP,PR89_NORMALIZED_ONE_STEP,E6_FLIGHT_SAFER:B1_PLUS_SWEPT_SEGMENT:e4ef225a8ce2b26d0e9ede5087fa8d052b050241a70eb637bfb4bce814a824e9,ONE_STEP:0,E6_FLIGHT_SAFER,REPRESENTATIVE_HOLDOUT,B1_PLUS_SWEPT_SEGMENT,PRIMARY-CBF-FILTERED,EXECUTED_OR_SELECTED_HISTORICAL_CANDIDATE,PASS,True,PASS,FORMAL_SEGMENT_SAFE,"[0.44889437958440764,0.09502911395283774,-0.021903676009884045]","[0.44864447338677854,0.09477922651720938,-0.02185608410841603]",0.002601327720777218,CERTIFIED_SAFE,SEGMENT_CONSERVATIVE_SAFE,CONSERVATIVE_SIGNED_DISTANCE_LIPSCHITZ_INTERVAL,CONSERVATIVE_LOWER_BOUND,8e7499a0d68405065b0effb7022b635ef3fbe50a53b69f5f25165260c8a493e6,False,False
130f8fd472238001e1687c8e1ecbc0dffbd5716ba7bc0c7d93e9eb71f98dbe8e,PR89_NORMALIZED_ONE_STEP,PR89_NORMALIZED_ONE_STEP,E6_FLIGHT_SAFER:B2_PLUS_TERMINAL_BACKUP:e4ef225a8ce2b26d0e9ede5087fa8d052b050241a70eb637bfb4bce814a824e9,ONE_STEP:0,E6_FLIGHT_SAFER,REPRESENTATIVE_HOLDOUT,B2_PLUS_TERMINAL_BACKUP,PRIMARY-CBF-FILTERED,LOGGED_NONEXECUTED_HISTORICAL_CANDIDATE,PASS,True,PASS,FORMAL_SEGMENT_SAFE,"[0.44889437958440764,0.09502911395283774,-0.021903676009884045]","[0.44864447338677854,0.09477922651720938,-0.02185608410841603]",0.002601327720777218,CERTIFIED_SAFE,SEGMENT_CONSERVATIVE_SAFE,CONSERVATIVE_SIGNED_DISTANCE_LIPSCHITZ_INTERVAL,CONSERVATIVE_LOWER_BOUND,8e7499a0d68405065b0effb7022b635ef3fbe50a53b69f5f25165260c8a493e6,False,False
b4780c875348771d374b03645844adb028d8991cbe78de8a81d8476fb62fb829,PR89_NORMALIZED_ONE_STEP,PR89_NORMALIZED_ONE_STEP,E6_FLIGHT_SAFER:B3_FULL_UNIFIED_WITH_DIRECTIONAL_ALTERNATIVES:e4ef225a8ce2b26d0e9ede5087fa8d052b050241a70eb637bfb4bce814a824e9,ONE_STEP:0,E6_FLIGHT_SAFER,REPRESENTATIVE_HOLDOUT,B3_FULL_UNIFIED_WITH_DIRECTIONAL_ALTERNATIVES,PRIMARY-CBF-FILTERED,LOGGED_NONEXECUTED_HISTORICAL_CANDIDATE,PASS,True,PASS,FORMAL_SEGMENT_SAFE,"[0.44889437958440764,0.09502911395283774,-0.021903676009884045]","[0.44864447338677854,0.09477922651720938,-0.02185608410841603]",0.002601327720777218,CERTIFIED_SAFE,SEGMENT_CONSERVATIVE_SAFE,CONSERVATIVE_SIGNED_DISTANCE_LIPSCHITZ_INTERVAL,CONSERVATIVE_LOWER_BOUND,8e7499a0d68405065b0effb7022b635ef3fbe50a53b69f5f25165260c8a493e6,False,False
419f7334dd6d1b8964074159e9b918b826d45a074d6ba427d0d75e4460c41bf5,PR89_NORMALIZED_ONE_STEP,PR89_NORMALIZED_ONE_STEP,E6_FLIGHT_SAFER:B1_PLUS_SWEPT_SEGMENT:ecaa99224b12c5fc08016d49f5b7e2719f31398f4338aa0149cda4731db377c0,ONE_STEP:0,E6_FLIGHT_SAFER,REPRESENTATIVE_HOLDOUT,B1_PLUS_SWEPT_SEGMENT,PRIMARY-CBF-FILTERED,EXECUTED_OR_SELECTED_HISTORICAL_CANDIDATE,PASS,True,PASS,FORMAL_SEGMENT_SAFE,"[-0.07580461692627344,-0.0500346201843323,0.02774571043184994]","[-0.07555470706544411,-0.04978471420156862,0.02749578308755165]",0.00811758511321714,CERTIFIED_SAFE,SEGMENT_CONSERVATIVE_SAFE,CONSERVATIVE_SIGNED_DISTANCE_LIPSCHITZ_INTERVAL,CONSERVATIVE_LOWER_BOUND,8e7499a0d68405065b0effb7022b635ef3fbe50a53b69f5f25165260c8a493e6,False,False
57e13634de08fcff1def21724aadbe54dd5a14861e583e2f1dda532fd267a662,PR89_NORMALIZED_ONE_STEP,PR89_NORMALIZED_ONE_STEP,E6_FLIGHT_SAFER:B2_PLUS_TERMINAL_BACKUP:ecaa99224b12c5fc08016d49f5b7e2719f31398f4338aa0149cda4731db377c0,ONE_STEP:0,E6_FLIGHT_SAFER,REPRESENTATIVE_HOLDOUT,B2_PLUS_TERMINAL_BACKUP,PRIMARY-CBF-FILTERED,LOGGED_NONEXECUTED_HISTORICAL_CANDIDATE,PASS,True,PASS,FORMAL_SEGMENT_SAFE,"[-0.07580461692627344,-0.0500346201843323,0.02774571043184994]","[-0.07555470706544411,-0.04978471420156862,0.02749578308755165]",0.00811758511321714,CERTIFIED_SAFE,SEGMENT_CONSERVATIVE_SAFE,CONSERVATIVE_SIGNED_DISTANCE_LIPSCHITZ_INTERVAL,CONSERVATIVE_LOWER_BOUND,8e7499a0d68405065b0effb7022b635ef3fbe50a53b69f5f25165260c8a493e6,False,False
45e57fa1d77c302742d2d299b65a303ffd44fc7de7a72259f67e08598f37fae8,PR89_NORMALIZED_ONE_STEP,PR89_NORMALIZED_ONE_STEP,E6_FLIGHT_SAFER:B3_FULL_UNIFIED_WITH_DIRECTIONAL_ALTERNATIVES:ecaa99224b12c5fc08016d49f5b7e2719f31398f4338aa0149cda4731db377c0,ONE_STEP:0,E6_FLIGHT_SAFER,REPRESENTATIVE_HOLDOUT,B3_FULL_UNIFIED_WITH_DIRECTIONAL_ALTERNATIVES,PRIMARY-CBF-FILTERED,LOGGED_NONEXECUTED_HISTORICAL_CANDIDATE,PASS,True,PASS,FORMAL_SEGMENT_SAFE,"[-0.07580461692627344,-0.0500346201843323,0.02774571043184994]","[-0.07555470706544411,-0.04978471420156862,0.02749578308755165]",0.00811758511321714,CERTIFIED_SAFE,SEGMENT_CONSERVATIVE_SAFE,CONSERVATIVE_SIGNED_DISTANCE_LIPSCHITZ_INTERVAL,CONSERVATIVE_LOWER_BOUND,8e7499a0d68405065b0effb7022b635ef3fbe50a53b69f5f25165260c8a493e6,False,False
d6f501721874d982aca18736057594f4c0ee20f8037123a86956ebd94c7bcd85,PR89_NORMALIZED_ONE_STEP,PR89_NORMALIZED_ONE_STEP,E6_FLIGHT_SAFER:B1_PLUS_SWEPT_SEGMENT:f5a9462fa74e9748618733f5768c3c4c816580135645936a83956720b3aaf729,ONE_STEP:0,E6_FLIGHT_SAFER,REPRESENTATIVE_HOLDOUT,B1_PLUS_SWEPT_SEGMENT,PRIMARY-CBF-FILTERED,EXECUTED_OR_SELECTED_HISTORICAL_CANDIDATE,PASS,True,PASS,FORMAL_SEGMENT_SAFE,"[-0.07146183530995054,-0.06677212173928965,-0.003096046589514255]","[-0.07129024291713758,-0.06652212173936671,-0.0031370446454477736]",2.62146388151311e-05,CERTIFIED_SAFE,SEGMENT_CONSERVATIVE_SAFE,CONSERVATIVE_SIGNED_DISTANCE_LIPSCHITZ_INTERVAL,CONSERVATIVE_LOWER_BOUND,8e7499a0d68405065b0effb7022b635ef3fbe50a53b69f5f25165260c8a493e6,False,False
09b0c11b553a67da02f82ecd880dfbcdec9cdcab73070183387593bcf5ba6e2b,PR89_NORMALIZED_ONE_STEP,PR89_NORMALIZED_ONE_STEP,E6_FLIGHT_SAFER:B2_PLUS_TERMINAL_BACKUP:f5a9462fa74e9748618733f5768c3c4c816580135645936a83956720b3aaf729,ONE_STEP:0,E6_FLIGHT_SAFER,REPRESENTATIVE_HOLDOUT,B2_PLUS_TERMINAL_BACKUP,PRIMARY-CBF-FILTERED,LOGGED_NONEXECUTED_HISTORICAL_CANDIDATE,PASS,True,PASS,FORMAL_SEGMENT_SAFE,"[-0.07146183530995054,-0.06677212173928965,-0.003096046589514255]","[-0.07129024291713758,-0.06652212173936671,-0.0031370446454477736]",2.62146388151311e-05,CERTIFIED_SAFE,SEGMENT_CONSERVATIVE_SAFE,CONSERVATIVE_SIGNED_DISTANCE_LIPSCHITZ_INTERVAL,CONSERVATIVE_LOWER_BOUND,8e7499a0d68405065b0effb7022b635ef3fbe50a53b69f5f25165260c8a493e6,False,False
1a51088fb25508ae5c24120a65612225346d07b7ff09923526be1bc318738268,PR89_NORMALIZED_ONE_STEP,PR89_NORMALIZED_ONE_STEP,E6_FLIGHT_SAFER:B3_FULL_UNIFIED_WITH_DIRECTIONAL_ALTERNATIVES:f5a9462fa74e9748618733f5768c3c4c816580135645936a83956720b3aaf729,ONE_STEP:0,E6_FLIGHT_SAFER,REPRESENTATIVE_HOLDOUT,B3_FULL_UNIFIED_WITH_DIRECTIONAL_ALTERNATIVES,PRIMARY-CBF-FILTERED,LOGGED_NONEXECUTED_HISTORICAL_CANDIDATE,PASS,True,PASS,FORMAL_SEGMENT_SAFE,"[-0.07146183530995054,-0.06677212173928965,-0.003096046589514255]","[-0.07129024291713758,-0.06652212173936671,-0.0031370446454477736]",2.62146388151311e-05,CERTIFIED_SAFE,SEGMENT_CONSERVATIVE_SAFE,CONSERVATIVE_SIGNED_DISTANCE_LIPSCHITZ_INTERVAL,CONSERVATIVE_LOWER_BOUND,8e7499a0d68405065b0effb7022b635ef3fbe50a53b69f5f25165260c8a493e6,False,False
ecfc1f2a2f96b47d9d1d40bb86e7b3885860526eb3c861e252403f1e5040ab6f,PR89_NORMALIZED_ONE_STEP,PR89_NORMALIZED_ONE_STEP,E6_FLIGHT_SAFER:B1_PLUS_SWEPT_SEGMENT:f5df966cd7453e1b26b2d57ffe20c7ddff60998098d05325b487e99baf605286,ONE_STEP:0,E6_FLIGHT_SAFER,REPRESENTATIVE_HOLDOUT,B1_PLUS_SWEPT_SEGMENT,PRIMARY-CBF-FILTERED,EXECUTED_OR_SELECTED_HISTORICAL_CANDIDATE,PASS,True,PASS,FORMAL_SEGMENT_SAFE,"[0.4192415876964969,-0.1373246227566503,0.012438449047335907]","[0.4191954259394836,-0.1371101063330753,0.012213097161967553]",0.002012817372603193,CERTIFIED_SAFE,SEGMENT_CONSERVATIVE_SAFE,CONSERVATIVE_SIGNED_DISTANCE_LIPSCHITZ_INTERVAL,CONSERVATIVE_LOWER_BOUND,8e7499a0d68405065b0effb7022b635ef3fbe50a53b69f5f25165260c8a493e6,False,False
d941ba47a637bed8c99afe3164c25184263c2795d2286880b7ebcec36463f96b,PR89_NORMALIZED_ONE_STEP,PR89_NORMALIZED_ONE_STEP,E6_FLIGHT_SAFER:B2_PLUS_TERMINAL_BACKUP:f5df966cd7453e1b26b2d57ffe20c7ddff60998098d05325b487e99baf605286,ONE_STEP:0,E6_FLIGHT_SAFER,REPRESENTATIVE_HOLDOUT,B2_PLUS_TERMINAL_BACKUP,PRIMARY-CBF-FILTERED,LOGGED_NONEXECUTED_HISTORICAL_CANDIDATE,PASS,True,PASS,FORMAL_SEGMENT_SAFE,"[0.4192415876964969,-0.1373246227566503,0.012438449047335907]","[0.4191954259394836,-0.1371101063330753,0.012213097161967553]",0.002012817372603193,CERTIFIED_SAFE,SEGMENT_CONSERVATIVE_SAFE,CONSERVATIVE_SIGNED_DISTANCE_LIPSCHITZ_INTERVAL,CONSERVATIVE_LOWER_BOUND,8e7499a0d68405065b0effb7022b635ef3fbe50a53b69f5f25165260c8a493e6,False,False
6cfa098d2c501428acd28f55bd54692992d5ea6b13412d9e15451dfee31d1f26,PR89_NORMALIZED_ONE_STEP,PR89_NORMALIZED_ONE_STEP,E6_FLIGHT_SAFER:B3_FULL_UNIFIED_WITH_DIRECTIONAL_ALTERNATIVES:f5df966cd7453e1b26b2d57ffe20c7ddff60998098d05325b487e99baf605286,ONE_STEP:0,E6_FLIGHT_SAFER,REPRESENTATIVE_HOLDOUT,B3_FULL_UNIFIED_WITH_DIRECTIONAL_ALTERNATIVES,PRIMARY-CBF-FILTERED,LOGGED_NONEXECUTED_HISTORICAL_CANDIDATE,PASS,True,PASS,FORMAL_SEGMENT_SAFE,"[0.4192415876964969,-0.1373246227566503,0.012438449047335907]","[0.4191954259394836,-0.1371101063330753,0.012213097161967553]",0.002012817372603193,CERTIFIED_SAFE,SEGMENT_CONSERVATIVE_SAFE,CONSERVATIVE_SIGNED_DISTANCE_LIPSCHITZ_INTERVAL,CONSERVATIVE_LOWER_BOUND,8e7499a0d68405065b0effb7022b635ef3fbe50a53b69f5f25165260c8a493e6,False,False
2c203466164695d9e8cd19d673345d7acabec3ba043f5bf3b74657cefb2ae109,PR89_NORMALIZED_ONE_STEP,PR89_NORMALIZED_ONE_STEP,E6_FLIGHT_SAFER:B1_PLUS_SWEPT_SEGMENT:ff0f2c3a968fa9f9ee7a6cbc60e6708a5974024e7efa8d911a24775c3c5ac9d3,ONE_STEP:0,E6_FLIGHT_SAFER,REPRESENTATIVE_HOLDOUT,B1_PLUS_SWEPT_SEGMENT,PRIMARY-CBF-FILTERED,EXECUTED_OR_SELECTED_HISTORICAL_CANDIDATE,PASS,True,PASS,FORMAL_SEGMENT_SAFE,"[0.4575755700040876,0.06157096408821179,0.03670004912288011]","[0.45732561493587076,0.06132102069991708,0.036450103409962596]",0.01000057931291825,CERTIFIED_SAFE,SEGMENT_CONSERVATIVE_SAFE,CONSERVATIVE_SIGNED_DISTANCE_LIPSCHITZ_INTERVAL,CONSERVATIVE_LOWER_BOUND,8e7499a0d68405065b0effb7022b635ef3fbe50a53b69f5f25165260c8a493e6,False,False
63ba70a8aaad73e878ec24daa454c4d74cd7b0a04b9cd5d023a0220ddb041af2,PR89_NORMALIZED_ONE_STEP,PR89_NORMALIZED_ONE_STEP,E6_FLIGHT_SAFER:B2_PLUS_TERMINAL_BACKUP:ff0f2c3a968fa9f9ee7a6cbc60e6708a5974024e7efa8d911a24775c3c5ac9d3,ONE_STEP:0,E6_FLIGHT_SAFER,REPRESENTATIVE_HOLDOUT,B2_PLUS_TERMINAL_BACKUP,PRIMARY-CBF-FILTERED,LOGGED_NONEXECUTED_HISTORICAL_CANDIDATE,PASS,True,PASS,FORMAL_SEGMENT_SAFE,"[0.4575755700040876,0.06157096408821179,0.03670004912288011]","[0.45732561493587076,0.06132102069991708,0.036450103409962596]",0.01000057931291825,CERTIFIED_SAFE,SEGMENT_CONSERVATIVE_SAFE,CONSERVATIVE_SIGNED_DISTANCE_LIPSCHITZ_INTERVAL,CONSERVATIVE_LOWER_BOUND,8e7499a0d68405065b0effb7022b635ef3fbe50a53b69f5f25165260c8a493e6,False,False
dc5b85913db8dc731c9403a7407ea0bfcfb28647d20f0bc2f9a9e4c7c3b1d27d,PR89_NORMALIZED_ONE_STEP,PR89_NORMALIZED_ONE_STEP,E6_FLIGHT_SAFER:B3_FULL_UNIFIED_WITH_DIRECTIONAL_ALTERNATIVES:ff0f2c3a968fa9f9ee7a6cbc60e6708a5974024e7efa8d911a24775c3c5ac9d3,ONE_STEP:0,E6_FLIGHT_SAFER,REPRESENTATIVE_HOLDOUT,B3_FULL_UNIFIED_WITH_DIRECTIONAL_ALTERNATIVES,PRIMARY-CBF-FILTERED,LOGGED_NONEXECUTED_HISTORICAL_CANDIDATE,PASS,True,PASS,FORMAL_SEGMENT_SAFE,"[0.4575755700040876,0.06157096408821179,0.03670004912288011]","[0.45732561493587076,0.06132102069991708,0.036450103409962596]",0.01000057931291825,CERTIFIED_SAFE,SEGMENT_CONSERVATIVE_SAFE,CONSERVATIVE_SIGNED_DISTANCE_LIPSCHITZ_INTERVAL,CONSERVATIVE_LOWER_BOUND,8e7499a0d68405065b0effb7022b635ef3fbe50a53b69f5f25165260c8a493e6,False,False
