trial_id,run_id,attempt_id,artifact_type,server_relative_path,size_bytes,sha256,protocol_sha,collection_execution_sha,data_role,retention
0,formal-v1-trial-000-attempt-0,0,TASK_RECORD,formal-v1/trial-000/attempt-0/formal_attempt_identity.json,838,f7bc4111d079cd0e7826e78938a1542e7d0ba3088a920421a1f342a9e282e724,e8ea8f3fda15ab81664829ea6f71fcb37f772ad613c13f61007856c16117791a,5e20a3f0504205e8d65b91033638c5af0909ed741212a04539dcfb37eda08fe2,FORMAL_PROSPECTIVE_SHADOW_COHORT_V1,SERVER_TASK_RECORD
0,formal-v1-trial-000-attempt-0,0,TASK_RECORD,formal-v1/trial-000/attempt-0/outcome_blind_qc.json,1214,8a6f839b8bb2163f753777375ef247a0f9287954e656fada78498ae0c27c6bc9,e8ea8f3fda15ab81664829ea6f71fcb37f772ad613c13f61007856c16117791a,5e20a3f0504205e8d65b91033638c5af0909ed741212a04539dcfb37eda08fe2,FORMAL_PROSPECTIVE_SHADOW_COHORT_V1,SERVER_TASK_RECORD
0,formal-v1-trial-000-attempt-0,0,TASK_RECORD,formal-v1/trial-000/attempt-0/process_result.json,436,525b414df02f7f9167cbf7c8baac788381e2d48bc8f3cff79945730ee70668b7,e8ea8f3fda15ab81664829ea6f71fcb37f772ad613c13f61007856c16117791a,5e20a3f0504205e8d65b91033638c5af0909ed741212a04539dcfb37eda08fe2,FORMAL_PROSPECTIVE_SHADOW_COHORT_V1,SERVER_TASK_RECORD
0,formal-v1-trial-000-attempt-0,0,TASK_RECORD,formal-v1/trial-000/attempt-0/run/arm_activation.json,927,c137e2c76f6f8dca1b408922b50ab2be0eb59771bfe6805289dc910b8e94c8f7,e8ea8f3fda15ab81664829ea6f71fcb37f772ad613c13f61007856c16117791a,5e20a3f0504205e8d65b91033638c5af0909ed741212a04539dcfb37eda08fe2,FORMAL_PROSPECTIVE_SHADOW_COHORT_V1,SERVER_TASK_RECORD
0,formal-v1-trial-000-attempt-0,0,TASK_RECORD,formal-v1/trial-000/attempt-0/run/environment_identity.json,1127,8f902a45d90582b0ad220ed86b2a8a972c9a278180839e320c5ce33b894bba31,e8ea8f3fda15ab81664829ea6f71fcb37f772ad613c13f61007856c16117791a,5e20a3f0504205e8d65b91033638c5af0909ed741212a04539dcfb37eda08fe2,FORMAL_PROSPECTIVE_SHADOW_COHORT_V1,SERVER_TASK_RECORD
0,formal-v1-trial-000-attempt-0,0,RAW_JSONL,formal-v1/trial-000/attempt-0/run/instrumentation/instrumentation_health_log.jsonl,153056,80d774744f447a82788418484f12a10ce779062a392dccdb011406a5493963d5,e8ea8f3fda15ab81664829ea6f71fcb37f772ad613c13f61007856c16117791a,5e20a3f0504205e8d65b91033638c5af0909ed741212a04539dcfb37eda08fe2,FORMAL_PROSPECTIVE_SHADOW_COHORT_V1,SERVER_ONLY_RAW
0,formal-v1-trial-000-attempt-0,0,TASK_RECORD,formal-v1/trial-000/attempt-0/run/instrumentation/map_authority_manifest.json,983,7c19db927e0a59f20cbd1edb905076e75f12562e341d6ec56d291423a356f586,e8ea8f3fda15ab81664829ea6f71fcb37f772ad613c13f61007856c16117791a,5e20a3f0504205e8d65b91033638c5af0909ed741212a04539dcfb37eda08fe2,FORMAL_PROSPECTIVE_SHADOW_COHORT_V1,SERVER_TASK_RECORD
0,formal-v1-trial-000-attempt-0,0,RAW_JSONL,formal-v1/trial-000/attempt-0/run/instrumentation/shadow_certificate_result_log.jsonl,427172,3e7e41fe6591e8ce2e70f40f70b971433add34b2bad106cb83aba8f87d697c57,e8ea8f3fda15ab81664829ea6f71fcb37f772ad613c13f61007856c16117791a,5e20a3f0504205e8d65b91033638c5af0909ed741212a04539dcfb37eda08fe2,FORMAL_PROSPECTIVE_SHADOW_COHORT_V1,SERVER_ONLY_RAW
0,formal-v1-trial-000-attempt-0,0,RAW_JSONL,formal-v1/trial-000/attempt-0/run/instrumentation/step_capture_log.jsonl,782312,af0bf18fe6ebcee1e6f24f3f6af3739446d654105dc502850157a6f8ff967c9d,e8ea8f3fda15ab81664829ea6f71fcb37f772ad613c13f61007856c16117791a,5e20a3f0504205e8d65b91033638c5af0909ed741212a04539dcfb37eda08fe2,FORMAL_PROSPECTIVE_SHADOW_COHORT_V1,SERVER_ONLY_RAW
0,formal-v1-trial-000-attempt-0,0,TASK_RECORD,formal-v1/trial-000/attempt-0/run/primary_trace.json,663338,a2d6a1f5050d135727eafe659d0ea98188b902703b1e760e9651dcbe76e2c433,e8ea8f3fda15ab81664829ea6f71fcb37f772ad613c13f61007856c16117791a,5e20a3f0504205e8d65b91033638c5af0909ed741212a04539dcfb37eda08fe2,FORMAL_PROSPECTIVE_SHADOW_COHORT_V1,SERVER_TASK_RECORD
0,formal-v1-trial-000-attempt-0,0,TASK_RECORD,formal-v1/trial-000/attempt-0/run/run_metadata.json,838,4dba7b4d83f7a5ad38eb05c64d9fdc7ede36d84f1f181d5c0c7f15c68d32b6a7,e8ea8f3fda15ab81664829ea6f71fcb37f772ad613c13f61007856c16117791a,5e20a3f0504205e8d65b91033638c5af0909ed741212a04539dcfb37eda08fe2,FORMAL_PROSPECTIVE_SHADOW_COHORT_V1,SERVER_TASK_RECORD
0,formal-v1-trial-000-attempt-0,0,TASK_RECORD,formal-v1/trial-000/attempt-0/run/trajs/stonehenge_ball-to-ellipsoid.json,266266,31a895cf3a5eab87d2c490fe1d2e091ca10d1fbb47aa35fe3a867477a945de84,e8ea8f3fda15ab81664829ea6f71fcb37f772ad613c13f61007856c16117791a,5e20a3f0504205e8d65b91033638c5af0909ed741212a04539dcfb37eda08fe2,FORMAL_PROSPECTIVE_SHADOW_COHORT_V1,SERVER_TASK_RECORD
0,formal-v1-trial-000-attempt-0,0,LOG,formal-v1/trial-000/attempt-0/stderr.log,26325,13ffc19289d54bdf7bf1a1c69886e3fb66b0c9c060d6b1ca47cd67a307e2e476,e8ea8f3fda15ab81664829ea6f71fcb37f772ad613c13f61007856c16117791a,5e20a3f0504205e8d65b91033638c5af0909ed741212a04539dcfb37eda08fe2,FORMAL_PROSPECTIVE_SHADOW_COHORT_V1,SERVER_ONLY_RAW
0,formal-v1-trial-000-attempt-0,0,LOG,formal-v1/trial-000/attempt-0/stdout.log,1492,a128300f4a404f05dc64db04029e9ad578eed78cd59c6fcc46d53607255e7aae,e8ea8f3fda15ab81664829ea6f71fcb37f772ad613c13f61007856c16117791a,5e20a3f0504205e8d65b91033638c5af0909ed741212a04539dcfb37eda08fe2,FORMAL_PROSPECTIVE_SHADOW_COHORT_V1,SERVER_ONLY_RAW
1,formal-v1-trial-001-attempt-0,0,TASK_RECORD,formal-v1/trial-001/attempt-0/formal_attempt_identity.json,838,d688d56239568012ff3bada19b5e40b8c955fe674587fa6edbbab1c57f1ca8ba,e8ea8f3fda15ab81664829ea6f71fcb37f772ad613c13f61007856c16117791a,5e20a3f0504205e8d65b91033638c5af0909ed741212a04539dcfb37eda08fe2,FORMAL_PROSPECTIVE_SHADOW_COHORT_V1,SERVER_TASK_RECORD
1,formal-v1-trial-001-attempt-0,0,TASK_RECORD,formal-v1/trial-001/attempt-0/outcome_blind_qc.json,1214,c4e7e23592c0f45c30b75a5fe8a8b19375f33ba8fecf4392570b333898fc1485,e8ea8f3fda15ab81664829ea6f71fcb37f772ad613c13f61007856c16117791a,5e20a3f0504205e8d65b91033638c5af0909ed741212a04539dcfb37eda08fe2,FORMAL_PROSPECTIVE_SHADOW_COHORT_V1,SERVER_TASK_RECORD
1,formal-v1-trial-001-attempt-0,0,TASK_RECORD,formal-v1/trial-001/attempt-0/process_result.json,436,c7657bb4711513262d6d76204b61f14f7dace340229060d2fa79838adbd7166c,e8ea8f3fda15ab81664829ea6f71fcb37f772ad613c13f61007856c16117791a,5e20a3f0504205e8d65b91033638c5af0909ed741212a04539dcfb37eda08fe2,FORMAL_PROSPECTIVE_SHADOW_COHORT_V1,SERVER_TASK_RECORD
1,formal-v1-trial-001-attempt-0,0,TASK_RECORD,formal-v1/trial-001/attempt-0/run/arm_activation.json,927,168f0fbb0def0df8357173e699ba3a4448db5f5ddbee15ae611ffcf25ef22a21,e8ea8f3fda15ab81664829ea6f71fcb37f772ad613c13f61007856c16117791a,5e20a3f0504205e8d65b91033638c5af0909ed741212a04539dcfb37eda08fe2,FORMAL_PROSPECTIVE_SHADOW_COHORT_V1,SERVER_TASK_RECORD
1,formal-v1-trial-001-attempt-0,0,TASK_RECORD,formal-v1/trial-001/attempt-0/run/environment_identity.json,1127,d2e30ad296dbda60554beaac6b41abc6a7a5a7306fa3dc1fb525beca3d8156ad,e8ea8f3fda15ab81664829ea6f71fcb37f772ad613c13f61007856c16117791a,5e20a3f0504205e8d65b91033638c5af0909ed741212a04539dcfb37eda08fe2,FORMAL_PROSPECTIVE_SHADOW_COHORT_V1,SERVER_TASK_RECORD
1,formal-v1-trial-001-attempt-0,0,RAW_JSONL,formal-v1/trial-001/attempt-0/run/instrumentation/instrumentation_health_log.jsonl,52318,9647d8193e50697a148688a26edb6d66ece6bcb376c3f3bd621aae5b9f909d36,e8ea8f3fda15ab81664829ea6f71fcb37f772ad613c13f61007856c16117791a,5e20a3f0504205e8d65b91033638c5af0909ed741212a04539dcfb37eda08fe2,FORMAL_PROSPECTIVE_SHADOW_COHORT_V1,SERVER_ONLY_RAW
1,formal-v1-trial-001-attempt-0,0,TASK_RECORD,formal-v1/trial-001/attempt-0/run/instrumentation/map_authority_manifest.json,983,7c19db927e0a59f20cbd1edb905076e75f12562e341d6ec56d291423a356f586,e8ea8f3fda15ab81664829ea6f71fcb37f772ad613c13f61007856c16117791a,5e20a3f0504205e8d65b91033638c5af0909ed741212a04539dcfb37eda08fe2,FORMAL_PROSPECTIVE_SHADOW_COHORT_V1,SERVER_TASK_RECORD
1,formal-v1-trial-001-attempt-0,0,RAW_JSONL,formal-v1/trial-001/attempt-0/run/instrumentation/shadow_certificate_result_log.jsonl,146276,22760be7dc5a357bee74df55c8bd2830c29c57b384c659d73b0a43c5712e9fd0,e8ea8f3fda15ab81664829ea6f71fcb37f772ad613c13f61007856c16117791a,5e20a3f0504205e8d65b91033638c5af0909ed741212a04539dcfb37eda08fe2,FORMAL_PROSPECTIVE_SHADOW_COHORT_V1,SERVER_ONLY_RAW
1,formal-v1-trial-001-attempt-0,0,RAW_JSONL,formal-v1/trial-001/attempt-0/run/instrumentation/step_capture_log.jsonl,267238,233790b3174b66f465f2b9001b1bccbaecbb164c978c663d918dcb957ba881ca,e8ea8f3fda15ab81664829ea6f71fcb37f772ad613c13f61007856c16117791a,5e20a3f0504205e8d65b91033638c5af0909ed741212a04539dcfb37eda08fe2,FORMAL_PROSPECTIVE_SHADOW_COHORT_V1,SERVER_ONLY_RAW
1,formal-v1-trial-001-attempt-0,0,TASK_RECORD,formal-v1/trial-001/attempt-0/run/primary_trace.json,226142,febe523b4a42adb673bc0daa7f9a67d8759cec9d05d24cf1ed6baa85a42cc440,e8ea8f3fda15ab81664829ea6f71fcb37f772ad613c13f61007856c16117791a,5e20a3f0504205e8d65b91033638c5af0909ed741212a04539dcfb37eda08fe2,FORMAL_PROSPECTIVE_SHADOW_COHORT_V1,SERVER_TASK_RECORD
1,formal-v1-trial-001-attempt-0,0,TASK_RECORD,formal-v1/trial-001/attempt-0/run/run_metadata.json,838,c9a758ad8aaf30023b6e2e82b1a41eb8737dddbf5c9342adbd3305b119078343,e8ea8f3fda15ab81664829ea6f71fcb37f772ad613c13f61007856c16117791a,5e20a3f0504205e8d65b91033638c5af0909ed741212a04539dcfb37eda08fe2,FORMAL_PROSPECTIVE_SHADOW_COHORT_V1,SERVER_TASK_RECORD
1,formal-v1-trial-001-attempt-0,0,TASK_RECORD,formal-v1/trial-001/attempt-0/run/trajs/stonehenge_ball-to-ellipsoid.json,91338,b419e950b3bb89260b8e00237197296a719e0ee30785a4835f219c1fed49bd13,e8ea8f3fda15ab81664829ea6f71fcb37f772ad613c13f61007856c16117791a,5e20a3f0504205e8d65b91033638c5af0909ed741212a04539dcfb37eda08fe2,FORMAL_PROSPECTIVE_SHADOW_COHORT_V1,SERVER_TASK_RECORD
1,formal-v1-trial-001-attempt-0,0,LOG,formal-v1/trial-001/attempt-0/stderr.log,8700,1f42f25b2ad6f3d6c0175a3b7c35ef1d125d0e96e778e1749b86fffa33804116,e8ea8f3fda15ab81664829ea6f71fcb37f772ad613c13f61007856c16117791a,5e20a3f0504205e8d65b91033638c5af0909ed741212a04539dcfb37eda08fe2,FORMAL_PROSPECTIVE_SHADOW_COHORT_V1,SERVER_ONLY_RAW
1,formal-v1-trial-001-attempt-0,0,LOG,formal-v1/trial-001/attempt-0/stdout.log,1491,75ad4db81b02cf58189404a25a9f0555de4a257a22b4efc091131ada906761c2,e8ea8f3fda15ab81664829ea6f71fcb37f772ad613c13f61007856c16117791a,5e20a3f0504205e8d65b91033638c5af0909ed741212a04539dcfb37eda08fe2,FORMAL_PROSPECTIVE_SHADOW_COHORT_V1,SERVER_ONLY_RAW
2,formal-v1-trial-002-attempt-0,0,TASK_RECORD,formal-v1/trial-002/attempt-0/formal_attempt_identity.json,838,46b6012cb218f67dd7b3ad4e6465d8552e65e99ef766f1ac723bc822f274211a,e8ea8f3fda15ab81664829ea6f71fcb37f772ad613c13f61007856c16117791a,5e20a3f0504205e8d65b91033638c5af0909ed741212a04539dcfb37eda08fe2,FORMAL_PROSPECTIVE_SHADOW_COHORT_V1,SERVER_TASK_RECORD
2,formal-v1-trial-002-attempt-0,0,TASK_RECORD,formal-v1/trial-002/attempt-0/outcome_blind_qc.json,1214,ad04776835b5fa2a9fda11fb6281e01d2d20a4c0a800f5a83c36cc3508a73c2b,e8ea8f3fda15ab81664829ea6f71fcb37f772ad613c13f61007856c16117791a,5e20a3f0504205e8d65b91033638c5af0909ed741212a04539dcfb37eda08fe2,FORMAL_PROSPECTIVE_SHADOW_COHORT_V1,SERVER_TASK_RECORD
2,formal-v1-trial-002-attempt-0,0,TASK_RECORD,formal-v1/trial-002/attempt-0/process_result.json,436,64d1c51418527a0af39941993ff531d4e4c05d83ab992eef257807a52e280c21,e8ea8f3fda15ab81664829ea6f71fcb37f772ad613c13f61007856c16117791a,5e20a3f0504205e8d65b91033638c5af0909ed741212a04539dcfb37eda08fe2,FORMAL_PROSPECTIVE_SHADOW_COHORT_V1,SERVER_TASK_RECORD
2,formal-v1-trial-002-attempt-0,0,TASK_RECORD,formal-v1/trial-002/attempt-0/run/arm_activation.json,927,7c561e8a1fdd2692cb4282c632b0a4063c4884a5d6cebcdd9add1c949acac43e,e8ea8f3fda15ab81664829ea6f71fcb37f772ad613c13f61007856c16117791a,5e20a3f0504205e8d65b91033638c5af0909ed741212a04539dcfb37eda08fe2,FORMAL_PROSPECTIVE_SHADOW_COHORT_V1,SERVER_TASK_RECORD
2,formal-v1-trial-002-attempt-0,0,TASK_RECORD,formal-v1/trial-002/attempt-0/run/environment_identity.json,1127,8244fa883442a3adc8ea15ab1ee6c3281e79c6ebcee8cb9e5aa22f041b07ba65,e8ea8f3fda15ab81664829ea6f71fcb37f772ad613c13f61007856c16117791a,5e20a3f0504205e8d65b91033638c5af0909ed741212a04539dcfb37eda08fe2,FORMAL_PROSPECTIVE_SHADOW_COHORT_V1,SERVER_TASK_RECORD
2,formal-v1-trial-002-attempt-0,0,RAW_JSONL,formal-v1/trial-002/attempt-0/run/instrumentation/instrumentation_health_log.jsonl,49908,5a1caf069435b3036cac88e02a233389fc41fd7925fe354aef72d3d628f125a2,e8ea8f3fda15ab81664829ea6f71fcb37f772ad613c13f61007856c16117791a,5e20a3f0504205e8d65b91033638c5af0909ed741212a04539dcfb37eda08fe2,FORMAL_PROSPECTIVE_SHADOW_COHORT_V1,SERVER_ONLY_RAW
2,formal-v1-trial-002-attempt-0,0,TASK_RECORD,formal-v1/trial-002/attempt-0/run/instrumentation/map_authority_manifest.json,983,7c19db927e0a59f20cbd1edb905076e75f12562e341d6ec56d291423a356f586,e8ea8f3fda15ab81664829ea6f71fcb37f772ad613c13f61007856c16117791a,5e20a3f0504205e8d65b91033638c5af0909ed741212a04539dcfb37eda08fe2,FORMAL_PROSPECTIVE_SHADOW_COHORT_V1,SERVER_TASK_RECORD
2,formal-v1-trial-002-attempt-0,0,RAW_JSONL,formal-v1/trial-002/attempt-0/run/instrumentation/shadow_certificate_result_log.jsonl,139556,ae386ecad65edd96fd7cf6b812327bad6b9e1f13f8ffa2854870cdb87bbe9a01,e8ea8f3fda15ab81664829ea6f71fcb37f772ad613c13f61007856c16117791a,5e20a3f0504205e8d65b91033638c5af0909ed741212a04539dcfb37eda08fe2,FORMAL_PROSPECTIVE_SHADOW_COHORT_V1,SERVER_ONLY_RAW
2,formal-v1-trial-002-attempt-0,0,RAW_JSONL,formal-v1/trial-002/attempt-0/run/instrumentation/step_capture_log.jsonl,254789,c05715b4233c90340295855f7ddb35d2aabf1253e201c4bbbb4cdcad4e2d96a0,e8ea8f3fda15ab81664829ea6f71fcb37f772ad613c13f61007856c16117791a,5e20a3f0504205e8d65b91033638c5af0909ed741212a04539dcfb37eda08fe2,FORMAL_PROSPECTIVE_SHADOW_COHORT_V1,SERVER_ONLY_RAW
2,formal-v1-trial-002-attempt-0,0,TASK_RECORD,formal-v1/trial-002/attempt-0/run/primary_trace.json,215523,52bc65892dea2a6183dba27117047866e6143d049935df69230b8b4cb483c55a,e8ea8f3fda15ab81664829ea6f71fcb37f772ad613c13f61007856c16117791a,5e20a3f0504205e8d65b91033638c5af0909ed741212a04539dcfb37eda08fe2,FORMAL_PROSPECTIVE_SHADOW_COHORT_V1,SERVER_TASK_RECORD
2,formal-v1-trial-002-attempt-0,0,TASK_RECORD,formal-v1/trial-002/attempt-0/run/run_metadata.json,838,b23d1ff1cc77bf58f856404e3090bc5dc00efad5a117ffee0013a1ce28d557b0,e8ea8f3fda15ab81664829ea6f71fcb37f772ad613c13f61007856c16117791a,5e20a3f0504205e8d65b91033638c5af0909ed741212a04539dcfb37eda08fe2,FORMAL_PROSPECTIVE_SHADOW_COHORT_V1,SERVER_TASK_RECORD
2,formal-v1-trial-002-attempt-0,0,TASK_RECORD,formal-v1/trial-002/attempt-0/run/trajs/stonehenge_ball-to-ellipsoid.json,87047,3b0eb83fa8564394c9f5ce43611bd0e0d4e33d2a2243dfa9c205d05e807d202a,e8ea8f3fda15ab81664829ea6f71fcb37f772ad613c13f61007856c16117791a,5e20a3f0504205e8d65b91033638c5af0909ed741212a04539dcfb37eda08fe2,FORMAL_PROSPECTIVE_SHADOW_COHORT_V1,SERVER_TASK_RECORD
2,formal-v1-trial-002-attempt-0,0,LOG,formal-v1/trial-002/attempt-0/stderr.log,8299,0a1e1743522b4be582c1612d355224c7986d501f8e93e8099b16196be965d870,e8ea8f3fda15ab81664829ea6f71fcb37f772ad613c13f61007856c16117791a,5e20a3f0504205e8d65b91033638c5af0909ed741212a04539dcfb37eda08fe2,FORMAL_PROSPECTIVE_SHADOW_COHORT_V1,SERVER_ONLY_RAW
2,formal-v1-trial-002-attempt-0,0,LOG,formal-v1/trial-002/attempt-0/stdout.log,1490,9b35efc77e640769e41f1c2ee3a64c2ecafec933039e8b6dc78b8c8e29003d03,e8ea8f3fda15ab81664829ea6f71fcb37f772ad613c13f61007856c16117791a,5e20a3f0504205e8d65b91033638c5af0909ed741212a04539dcfb37eda08fe2,FORMAL_PROSPECTIVE_SHADOW_COHORT_V1,SERVER_ONLY_RAW
3,formal-v1-trial-003-attempt-0,0,TASK_RECORD,formal-v1/trial-003/attempt-0/formal_attempt_identity.json,838,66409b82bd1d9b38bdc1edbf75a8cbd27e5dac1674f0765795e921150c5b139c,e8ea8f3fda15ab81664829ea6f71fcb37f772ad613c13f61007856c16117791a,5e20a3f0504205e8d65b91033638c5af0909ed741212a04539dcfb37eda08fe2,FORMAL_PROSPECTIVE_SHADOW_COHORT_V1,SERVER_TASK_RECORD
3,formal-v1-trial-003-attempt-0,0,TASK_RECORD,formal-v1/trial-003/attempt-0/outcome_blind_qc.json,1214,5c8e02d3d495c7807161312e7fd469ee31afadb3530755f5abccdf9c90ecf3c2,e8ea8f3fda15ab81664829ea6f71fcb37f772ad613c13f61007856c16117791a,5e20a3f0504205e8d65b91033638c5af0909ed741212a04539dcfb37eda08fe2,FORMAL_PROSPECTIVE_SHADOW_COHORT_V1,SERVER_TASK_RECORD
3,formal-v1-trial-003-attempt-0,0,TASK_RECORD,formal-v1/trial-003/attempt-0/process_result.json,436,c5b702941972e869805a0882c6839efb5c200d58eb5ceaef76a8c9979ad6d9e3,e8ea8f3fda15ab81664829ea6f71fcb37f772ad613c13f61007856c16117791a,5e20a3f0504205e8d65b91033638c5af0909ed741212a04539dcfb37eda08fe2,FORMAL_PROSPECTIVE_SHADOW_COHORT_V1,SERVER_TASK_RECORD
3,formal-v1-trial-003-attempt-0,0,TASK_RECORD,formal-v1/trial-003/attempt-0/run/arm_activation.json,927,af7c459e5683b09473d1d4e637f82cc39572a3dd53465a6eb08f5cdf45a0a37b,e8ea8f3fda15ab81664829ea6f71fcb37f772ad613c13f61007856c16117791a,5e20a3f0504205e8d65b91033638c5af0909ed741212a04539dcfb37eda08fe2,FORMAL_PROSPECTIVE_SHADOW_COHORT_V1,SERVER_TASK_RECORD
3,formal-v1-trial-003-attempt-0,0,TASK_RECORD,formal-v1/trial-003/attempt-0/run/environment_identity.json,1127,bda3c04e0a661d1cdfbca093c239a08a4667501c2437f1a98d901c4f6e0b6085,e8ea8f3fda15ab81664829ea6f71fcb37f772ad613c13f61007856c16117791a,5e20a3f0504205e8d65b91033638c5af0909ed741212a04539dcfb37eda08fe2,FORMAL_PROSPECTIVE_SHADOW_COHORT_V1,SERVER_TASK_RECORD
3,formal-v1-trial-003-attempt-0,0,RAW_JSONL,formal-v1/trial-003/attempt-0/run/instrumentation/instrumentation_health_log.jsonl,58584,d6803375a9c8b2fe7694fda875157d44961295854e3ffff6dcbed24b92aeeda0,e8ea8f3fda15ab81664829ea6f71fcb37f772ad613c13f61007856c16117791a,5e20a3f0504205e8d65b91033638c5af0909ed741212a04539dcfb37eda08fe2,FORMAL_PROSPECTIVE_SHADOW_COHORT_V1,SERVER_ONLY_RAW
3,formal-v1-trial-003-attempt-0,0,TASK_RECORD,formal-v1/trial-003/attempt-0/run/instrumentation/map_authority_manifest.json,983,7c19db927e0a59f20cbd1edb905076e75f12562e341d6ec56d291423a356f586,e8ea8f3fda15ab81664829ea6f71fcb37f772ad613c13f61007856c16117791a,5e20a3f0504205e8d65b91033638c5af0909ed741212a04539dcfb37eda08fe2,FORMAL_PROSPECTIVE_SHADOW_COHORT_V1,SERVER_TASK_RECORD
3,formal-v1-trial-003-attempt-0,0,RAW_JSONL,formal-v1/trial-003/attempt-0/run/instrumentation/shadow_certificate_result_log.jsonl,163748,19c07ad46f15ad922da5a9b0de131195d23f908e5e37cb605ddd5c095fc422ac,e8ea8f3fda15ab81664829ea6f71fcb37f772ad613c13f61007856c16117791a,5e20a3f0504205e8d65b91033638c5af0909ed741212a04539dcfb37eda08fe2,FORMAL_PROSPECTIVE_SHADOW_COHORT_V1,SERVER_ONLY_RAW
3,formal-v1-trial-003-attempt-0,0,RAW_JSONL,formal-v1/trial-003/attempt-0/run/instrumentation/step_capture_log.jsonl,299083,9fe74d328b5f79fe3b36af56f442d3733993303d2d66df00864683fbc11289a7,e8ea8f3fda15ab81664829ea6f71fcb37f772ad613c13f61007856c16117791a,5e20a3f0504205e8d65b91033638c5af0909ed741212a04539dcfb37eda08fe2,FORMAL_PROSPECTIVE_SHADOW_COHORT_V1,SERVER_ONLY_RAW
3,formal-v1-trial-003-attempt-0,0,TASK_RECORD,formal-v1/trial-003/attempt-0/run/primary_trace.json,253317,cd58518feb673f4f4fda4d1bb3b1156208065233bf6f87e7ba254b4f533876bc,e8ea8f3fda15ab81664829ea6f71fcb37f772ad613c13f61007856c16117791a,5e20a3f0504205e8d65b91033638c5af0909ed741212a04539dcfb37eda08fe2,FORMAL_PROSPECTIVE_SHADOW_COHORT_V1,SERVER_TASK_RECORD
3,formal-v1-trial-003-attempt-0,0,TASK_RECORD,formal-v1/trial-003/attempt-0/run/run_metadata.json,838,88a6114ba07b8f39d3e8ded112247cf784e92fd5a8b61575fbfe94f940c221a9,e8ea8f3fda15ab81664829ea6f71fcb37f772ad613c13f61007856c16117791a,5e20a3f0504205e8d65b91033638c5af0909ed741212a04539dcfb37eda08fe2,FORMAL_PROSPECTIVE_SHADOW_COHORT_V1,SERVER_TASK_RECORD
3,formal-v1-trial-003-attempt-0,0,TASK_RECORD,formal-v1/trial-003/attempt-0/run/trajs/stonehenge_ball-to-ellipsoid.json,102071,57a0932df5e57a4ed691c7a143b9adacdd907ff9bdc9389c39c942cd25c85bee,e8ea8f3fda15ab81664829ea6f71fcb37f772ad613c13f61007856c16117791a,5e20a3f0504205e8d65b91033638c5af0909ed741212a04539dcfb37eda08fe2,FORMAL_PROSPECTIVE_SHADOW_COHORT_V1,SERVER_TASK_RECORD
3,formal-v1-trial-003-attempt-0,0,LOG,formal-v1/trial-003/attempt-0/stderr.log,9753,1601262baab1aaa55511f7ee80b6304ee4689b8205a388f3a540413490208c0a,e8ea8f3fda15ab81664829ea6f71fcb37f772ad613c13f61007856c16117791a,5e20a3f0504205e8d65b91033638c5af0909ed741212a04539dcfb37eda08fe2,FORMAL_PROSPECTIVE_SHADOW_COHORT_V1,SERVER_ONLY_RAW
3,formal-v1-trial-003-attempt-0,0,LOG,formal-v1/trial-003/attempt-0/stdout.log,1491,216ff5de4d647fc4a275da521b628547b0c622710f360f9f53535f9af717aba8,e8ea8f3fda15ab81664829ea6f71fcb37f772ad613c13f61007856c16117791a,5e20a3f0504205e8d65b91033638c5af0909ed741212a04539dcfb37eda08fe2,FORMAL_PROSPECTIVE_SHADOW_COHORT_V1,SERVER_ONLY_RAW
4,formal-v1-trial-004-attempt-0,0,TASK_RECORD,formal-v1/trial-004/attempt-0/formal_attempt_identity.json,838,4ce3ddad00f5fe22f2b448c07987e778acc9194110eea0732937a0c43872222c,e8ea8f3fda15ab81664829ea6f71fcb37f772ad613c13f61007856c16117791a,5e20a3f0504205e8d65b91033638c5af0909ed741212a04539dcfb37eda08fe2,FORMAL_PROSPECTIVE_SHADOW_COHORT_V1,SERVER_TASK_RECORD
4,formal-v1-trial-004-attempt-0,0,TASK_RECORD,formal-v1/trial-004/attempt-0/outcome_blind_qc.json,1214,0b7f4ff7d4c0b59859838fde681712ca9e20486de5a8150819ac01409f0de1d7,e8ea8f3fda15ab81664829ea6f71fcb37f772ad613c13f61007856c16117791a,5e20a3f0504205e8d65b91033638c5af0909ed741212a04539dcfb37eda08fe2,FORMAL_PROSPECTIVE_SHADOW_COHORT_V1,SERVER_TASK_RECORD
4,formal-v1-trial-004-attempt-0,0,TASK_RECORD,formal-v1/trial-004/attempt-0/process_result.json,436,754d3a2ba5e155518349e666b5583344c6cf932847c246d6896eeee6c6cdb1c5,e8ea8f3fda15ab81664829ea6f71fcb37f772ad613c13f61007856c16117791a,5e20a3f0504205e8d65b91033638c5af0909ed741212a04539dcfb37eda08fe2,FORMAL_PROSPECTIVE_SHADOW_COHORT_V1,SERVER_TASK_RECORD
4,formal-v1-trial-004-attempt-0,0,TASK_RECORD,formal-v1/trial-004/attempt-0/run/arm_activation.json,927,99fba7f7c7e46c8b569c95f1cbdb1b2f1b8ae34985ea255ac036bb6aa678aa72,e8ea8f3fda15ab81664829ea6f71fcb37f772ad613c13f61007856c16117791a,5e20a3f0504205e8d65b91033638c5af0909ed741212a04539dcfb37eda08fe2,FORMAL_PROSPECTIVE_SHADOW_COHORT_V1,SERVER_TASK_RECORD
4,formal-v1-trial-004-attempt-0,0,TASK_RECORD,formal-v1/trial-004/attempt-0/run/environment_identity.json,1127,71a9ef4f73b943238b3b532e76dd3b83e82a04d30c49ad9914642fae1dfd205e,e8ea8f3fda15ab81664829ea6f71fcb37f772ad613c13f61007856c16117791a,5e20a3f0504205e8d65b91033638c5af0909ed741212a04539dcfb37eda08fe2,FORMAL_PROSPECTIVE_SHADOW_COHORT_V1,SERVER_TASK_RECORD
4,formal-v1-trial-004-attempt-0,0,RAW_JSONL,formal-v1/trial-004/attempt-0/run/instrumentation/instrumentation_health_log.jsonl,169926,50779beeb2045c54260cd6b4dd35290efe1148fcf6c599054a7188722bd6efd8,e8ea8f3fda15ab81664829ea6f71fcb37f772ad613c13f61007856c16117791a,5e20a3f0504205e8d65b91033638c5af0909ed741212a04539dcfb37eda08fe2,FORMAL_PROSPECTIVE_SHADOW_COHORT_V1,SERVER_ONLY_RAW
4,formal-v1-trial-004-attempt-0,0,TASK_RECORD,formal-v1/trial-004/attempt-0/run/instrumentation/map_authority_manifest.json,983,7c19db927e0a59f20cbd1edb905076e75f12562e341d6ec56d291423a356f586,e8ea8f3fda15ab81664829ea6f71fcb37f772ad613c13f61007856c16117791a,5e20a3f0504205e8d65b91033638c5af0909ed741212a04539dcfb37eda08fe2,FORMAL_PROSPECTIVE_SHADOW_COHORT_V1,SERVER_TASK_RECORD
4,formal-v1-trial-004-attempt-0,0,RAW_JSONL,formal-v1/trial-004/attempt-0/run/instrumentation/shadow_certificate_result_log.jsonl,474212,e3c57f62263b7091ee5fb8fbe1de21400709cda191e1c848b7ad30bddf709a50,e8ea8f3fda15ab81664829ea6f71fcb37f772ad613c13f61007856c16117791a,5e20a3f0504205e8d65b91033638c5af0909ed741212a04539dcfb37eda08fe2,FORMAL_PROSPECTIVE_SHADOW_COHORT_V1,SERVER_ONLY_RAW
4,formal-v1-trial-004-attempt-0,0,RAW_JSONL,formal-v1/trial-004/attempt-0/run/instrumentation/step_capture_log.jsonl,867396,a69e61143ef7aafa3526a52ab1d43e14a61319d2373f7246daf431be0d29d7d8,e8ea8f3fda15ab81664829ea6f71fcb37f772ad613c13f61007856c16117791a,5e20a3f0504205e8d65b91033638c5af0909ed741212a04539dcfb37eda08fe2,FORMAL_PROSPECTIVE_SHADOW_COHORT_V1,SERVER_ONLY_RAW
4,formal-v1-trial-004-attempt-0,0,TASK_RECORD,formal-v1/trial-004/attempt-0/run/primary_trace.json,734087,2eeae8d5ed27c0b38c10fb46cc45671a2cf09de6df098f2ec1c538274f56ff98,e8ea8f3fda15ab81664829ea6f71fcb37f772ad613c13f61007856c16117791a,5e20a3f0504205e8d65b91033638c5af0909ed741212a04539dcfb37eda08fe2,FORMAL_PROSPECTIVE_SHADOW_COHORT_V1,SERVER_TASK_RECORD
4,formal-v1-trial-004-attempt-0,0,TASK_RECORD,formal-v1/trial-004/attempt-0/run/run_metadata.json,838,c123125d7ee74bee875d66552d6974f1b24fdbe561a52c183c3d4f8b6ba3bf8b,e8ea8f3fda15ab81664829ea6f71fcb37f772ad613c13f61007856c16117791a,5e20a3f0504205e8d65b91033638c5af0909ed741212a04539dcfb37eda08fe2,FORMAL_PROSPECTIVE_SHADOW_COHORT_V1,SERVER_TASK_RECORD
4,formal-v1-trial-004-attempt-0,0,TASK_RECORD,formal-v1/trial-004/attempt-0/run/trajs/stonehenge_ball-to-ellipsoid.json,294737,dc416532512971fdba839622af95943aae0a847dc85af2d64bc88d50de3991bc,e8ea8f3fda15ab81664829ea6f71fcb37f772ad613c13f61007856c16117791a,5e20a3f0504205e8d65b91033638c5af0909ed741212a04539dcfb37eda08fe2,FORMAL_PROSPECTIVE_SHADOW_COHORT_V1,SERVER_TASK_RECORD
4,formal-v1-trial-004-attempt-0,0,LOG,formal-v1/trial-004/attempt-0/stderr.log,29440,a96bd8474832cd3097289a3e3e4d6519d5a71e73bbd8d971698f22a060211f8d,e8ea8f3fda15ab81664829ea6f71fcb37f772ad613c13f61007856c16117791a,5e20a3f0504205e8d65b91033638c5af0909ed741212a04539dcfb37eda08fe2,FORMAL_PROSPECTIVE_SHADOW_COHORT_V1,SERVER_ONLY_RAW
4,formal-v1-trial-004-attempt-0,0,LOG,formal-v1/trial-004/attempt-0/stdout.log,1491,eaf2a3eae46a88411c3dbea22f30109c2897ff2b07a4982506da5ea3e9a26d61,e8ea8f3fda15ab81664829ea6f71fcb37f772ad613c13f61007856c16117791a,5e20a3f0504205e8d65b91033638c5af0909ed741212a04539dcfb37eda08fe2,FORMAL_PROSPECTIVE_SHADOW_COHORT_V1,SERVER_ONLY_RAW
5,formal-v1-trial-005-attempt-0,0,TASK_RECORD,formal-v1/trial-005/attempt-0/formal_attempt_identity.json,838,700112faf9a780b5955d6c631bd80c0c9d45e09a0788785ca9ea65e30b794ae7,e8ea8f3fda15ab81664829ea6f71fcb37f772ad613c13f61007856c16117791a,5e20a3f0504205e8d65b91033638c5af0909ed741212a04539dcfb37eda08fe2,FORMAL_PROSPECTIVE_SHADOW_COHORT_V1,SERVER_TASK_RECORD
5,formal-v1-trial-005-attempt-0,0,TASK_RECORD,formal-v1/trial-005/attempt-0/outcome_blind_qc.json,1214,f060077b15d1218d8f176e11b126a83059df845a66c23f658e39165f58eb0c2f,e8ea8f3fda15ab81664829ea6f71fcb37f772ad613c13f61007856c16117791a,5e20a3f0504205e8d65b91033638c5af0909ed741212a04539dcfb37eda08fe2,FORMAL_PROSPECTIVE_SHADOW_COHORT_V1,SERVER_TASK_RECORD
5,formal-v1-trial-005-attempt-0,0,TASK_RECORD,formal-v1/trial-005/attempt-0/process_result.json,436,43260e6959ff9e514e86b2238f80714beb341a3e90242b4c4a5769fe72929ead,e8ea8f3fda15ab81664829ea6f71fcb37f772ad613c13f61007856c16117791a,5e20a3f0504205e8d65b91033638c5af0909ed741212a04539dcfb37eda08fe2,FORMAL_PROSPECTIVE_SHADOW_COHORT_V1,SERVER_TASK_RECORD
5,formal-v1-trial-005-attempt-0,0,TASK_RECORD,formal-v1/trial-005/attempt-0/run/arm_activation.json,927,2e07cbf568b840f1956f485aec4d3736d47893ec4874826903f6bbf82bc33dc6,e8ea8f3fda15ab81664829ea6f71fcb37f772ad613c13f61007856c16117791a,5e20a3f0504205e8d65b91033638c5af0909ed741212a04539dcfb37eda08fe2,FORMAL_PROSPECTIVE_SHADOW_COHORT_V1,SERVER_TASK_RECORD
5,formal-v1-trial-005-attempt-0,0,TASK_RECORD,formal-v1/trial-005/attempt-0/run/environment_identity.json,1127,94714dccf648f3bd9c438eeeb9e749a96526c351eb6fe0830ce1ce96585da648,e8ea8f3fda15ab81664829ea6f71fcb37f772ad613c13f61007856c16117791a,5e20a3f0504205e8d65b91033638c5af0909ed741212a04539dcfb37eda08fe2,FORMAL_PROSPECTIVE_SHADOW_COHORT_V1,SERVER_TASK_RECORD
5,formal-v1-trial-005-attempt-0,0,RAW_JSONL,formal-v1/trial-005/attempt-0/run/instrumentation/instrumentation_health_log.jsonl,80756,fc14c2524f202483d062c5068f4092ab4377e6e0c59aff7618e4c1dca610ba45,e8ea8f3fda15ab81664829ea6f71fcb37f772ad613c13f61007856c16117791a,5e20a3f0504205e8d65b91033638c5af0909ed741212a04539dcfb37eda08fe2,FORMAL_PROSPECTIVE_SHADOW_COHORT_V1,SERVER_ONLY_RAW
5,formal-v1-trial-005-attempt-0,0,TASK_RECORD,formal-v1/trial-005/attempt-0/run/instrumentation/map_authority_manifest.json,983,7c19db927e0a59f20cbd1edb905076e75f12562e341d6ec56d291423a356f586,e8ea8f3fda15ab81664829ea6f71fcb37f772ad613c13f61007856c16117791a,5e20a3f0504205e8d65b91033638c5af0909ed741212a04539dcfb37eda08fe2,FORMAL_PROSPECTIVE_SHADOW_COHORT_V1,SERVER_TASK_RECORD
5,formal-v1-trial-005-attempt-0,0,RAW_JSONL,formal-v1/trial-005/attempt-0/run/instrumentation/shadow_certificate_result_log.jsonl,225572,e794513e8f15d576b59ba51f59038b3c1d8f6cccceb797848ec752aaaa9ebf8b,e8ea8f3fda15ab81664829ea6f71fcb37f772ad613c13f61007856c16117791a,5e20a3f0504205e8d65b91033638c5af0909ed741212a04539dcfb37eda08fe2,FORMAL_PROSPECTIVE_SHADOW_COHORT_V1,SERVER_ONLY_RAW
5,formal-v1-trial-005-attempt-0,0,RAW_JSONL,formal-v1/trial-005/attempt-0/run/instrumentation/step_capture_log.jsonl,412004,9c6d0b261bfd4f915785cd1c55266127f18fb3207172967ee15c60d4ce17216b,e8ea8f3fda15ab81664829ea6f71fcb37f772ad613c13f61007856c16117791a,5e20a3f0504205e8d65b91033638c5af0909ed741212a04539dcfb37eda08fe2,FORMAL_PROSPECTIVE_SHADOW_COHORT_V1,SERVER_ONLY_RAW
5,formal-v1-trial-005-attempt-0,0,TASK_RECORD,formal-v1/trial-005/attempt-0/run/primary_trace.json,348509,924f41326cf4290ff53200fdc7fd475acd554402c0375708a3343547f9f49c52,e8ea8f3fda15ab81664829ea6f71fcb37f772ad613c13f61007856c16117791a,5e20a3f0504205e8d65b91033638c5af0909ed741212a04539dcfb37eda08fe2,FORMAL_PROSPECTIVE_SHADOW_COHORT_V1,SERVER_TASK_RECORD
5,formal-v1-trial-005-attempt-0,0,TASK_RECORD,formal-v1/trial-005/attempt-0/run/run_metadata.json,838,d0fd334846b43a0e9fbee4288a0e047cc1418e12521a1855b5543c1a9b0447ed,e8ea8f3fda15ab81664829ea6f71fcb37f772ad613c13f61007856c16117791a,5e20a3f0504205e8d65b91033638c5af0909ed741212a04539dcfb37eda08fe2,FORMAL_PROSPECTIVE_SHADOW_COHORT_V1,SERVER_TASK_RECORD
5,formal-v1-trial-005-attempt-0,0,TASK_RECORD,formal-v1/trial-005/attempt-0/run/trajs/stonehenge_ball-to-ellipsoid.json,140352,e00c86983effe051d0cbe6b590e880156bdef635510ec5ff4cbf06abc0973a38,e8ea8f3fda15ab81664829ea6f71fcb37f772ad613c13f61007856c16117791a,5e20a3f0504205e8d65b91033638c5af0909ed741212a04539dcfb37eda08fe2,FORMAL_PROSPECTIVE_SHADOW_COHORT_V1,SERVER_TASK_RECORD
5,formal-v1-trial-005-attempt-0,0,LOG,formal-v1/trial-005/attempt-0/stderr.log,13503,2dcb25c3d093fd0f863d1cd43d4e09ab3b9eefb50a84e269854be53c4401f176,e8ea8f3fda15ab81664829ea6f71fcb37f772ad613c13f61007856c16117791a,5e20a3f0504205e8d65b91033638c5af0909ed741212a04539dcfb37eda08fe2,FORMAL_PROSPECTIVE_SHADOW_COHORT_V1,SERVER_ONLY_RAW
5,formal-v1-trial-005-attempt-0,0,LOG,formal-v1/trial-005/attempt-0/stdout.log,1491,355adb3ba3ae373f06085a6ea003161c5a86b4d1d7cad7e63d5e784f303637c9,e8ea8f3fda15ab81664829ea6f71fcb37f772ad613c13f61007856c16117791a,5e20a3f0504205e8d65b91033638c5af0909ed741212a04539dcfb37eda08fe2,FORMAL_PROSPECTIVE_SHADOW_COHORT_V1,SERVER_ONLY_RAW
6,formal-v1-trial-006-attempt-0,0,TASK_RECORD,formal-v1/trial-006/attempt-0/formal_attempt_identity.json,838,ba5761849ab467ffa8888d24206e58a0e2033c1ce2643515021b81b8e1c7cac5,e8ea8f3fda15ab81664829ea6f71fcb37f772ad613c13f61007856c16117791a,5e20a3f0504205e8d65b91033638c5af0909ed741212a04539dcfb37eda08fe2,FORMAL_PROSPECTIVE_SHADOW_COHORT_V1,SERVER_TASK_RECORD
6,formal-v1-trial-006-attempt-0,0,TASK_RECORD,formal-v1/trial-006/attempt-0/outcome_blind_qc.json,1214,e51922679ef4da3d973817be837acdcbd74204770b78297dbc399e70ec56ac42,e8ea8f3fda15ab81664829ea6f71fcb37f772ad613c13f61007856c16117791a,5e20a3f0504205e8d65b91033638c5af0909ed741212a04539dcfb37eda08fe2,FORMAL_PROSPECTIVE_SHADOW_COHORT_V1,SERVER_TASK_RECORD
6,formal-v1-trial-006-attempt-0,0,TASK_RECORD,formal-v1/trial-006/attempt-0/process_result.json,436,dc6e95f59c2044473f4350593c1ece468dc4ffddb40443a7be4d2b7be65494d4,e8ea8f3fda15ab81664829ea6f71fcb37f772ad613c13f61007856c16117791a,5e20a3f0504205e8d65b91033638c5af0909ed741212a04539dcfb37eda08fe2,FORMAL_PROSPECTIVE_SHADOW_COHORT_V1,SERVER_TASK_RECORD
6,formal-v1-trial-006-attempt-0,0,TASK_RECORD,formal-v1/trial-006/attempt-0/run/arm_activation.json,927,d7b8baebc73475aea0d408e4b669849bf7ae7d65822f8dc316b3c929fd9466d8,e8ea8f3fda15ab81664829ea6f71fcb37f772ad613c13f61007856c16117791a,5e20a3f0504205e8d65b91033638c5af0909ed741212a04539dcfb37eda08fe2,FORMAL_PROSPECTIVE_SHADOW_COHORT_V1,SERVER_TASK_RECORD
6,formal-v1-trial-006-attempt-0,0,TASK_RECORD,formal-v1/trial-006/attempt-0/run/environment_identity.json,1127,c1f7393cd03c719e9f688f377cfce1b3eba1287ce1216785c6bd1cea2cd7b007,e8ea8f3fda15ab81664829ea6f71fcb37f772ad613c13f61007856c16117791a,5e20a3f0504205e8d65b91033638c5af0909ed741212a04539dcfb37eda08fe2,FORMAL_PROSPECTIVE_SHADOW_COHORT_V1,SERVER_TASK_RECORD
6,formal-v1-trial-006-attempt-0,0,RAW_JSONL,formal-v1/trial-006/attempt-0/run/instrumentation/instrumentation_health_log.jsonl,51354,5c5bc34f687e44b0755107be6b547f57dcdf21f3c51e1c2848a7b8ab1dba71ee,e8ea8f3fda15ab81664829ea6f71fcb37f772ad613c13f61007856c16117791a,5e20a3f0504205e8d65b91033638c5af0909ed741212a04539dcfb37eda08fe2,FORMAL_PROSPECTIVE_SHADOW_COHORT_V1,SERVER_ONLY_RAW
6,formal-v1-trial-006-attempt-0,0,TASK_RECORD,formal-v1/trial-006/attempt-0/run/instrumentation/map_authority_manifest.json,983,7c19db927e0a59f20cbd1edb905076e75f12562e341d6ec56d291423a356f586,e8ea8f3fda15ab81664829ea6f71fcb37f772ad613c13f61007856c16117791a,5e20a3f0504205e8d65b91033638c5af0909ed741212a04539dcfb37eda08fe2,FORMAL_PROSPECTIVE_SHADOW_COHORT_V1,SERVER_TASK_RECORD
6,formal-v1-trial-006-attempt-0,0,RAW_JSONL,formal-v1/trial-006/attempt-0/run/instrumentation/shadow_certificate_result_log.jsonl,143588,7f13188af7d0bc8043fe56e6641fd40613f1162b785efad510cfe79fb66f86cf,e8ea8f3fda15ab81664829ea6f71fcb37f772ad613c13f61007856c16117791a,5e20a3f0504205e8d65b91033638c5af0909ed741212a04539dcfb37eda08fe2,FORMAL_PROSPECTIVE_SHADOW_COHORT_V1,SERVER_ONLY_RAW
6,formal-v1-trial-006-attempt-0,0,RAW_JSONL,formal-v1/trial-006/attempt-0/run/instrumentation/step_capture_log.jsonl,262102,aeacace29e1f54bd73692faaa63fe911973ef8d1a5826de0bffd28bfd5ede32d,e8ea8f3fda15ab81664829ea6f71fcb37f772ad613c13f61007856c16117791a,5e20a3f0504205e8d65b91033638c5af0909ed741212a04539dcfb37eda08fe2,FORMAL_PROSPECTIVE_SHADOW_COHORT_V1,SERVER_ONLY_RAW
6,formal-v1-trial-006-attempt-0,0,TASK_RECORD,formal-v1/trial-006/attempt-0/run/primary_trace.json,221961,cacaaa3960577c029340c57cf237b858bf5ccb9461883aea02686f938f2a8ab3,e8ea8f3fda15ab81664829ea6f71fcb37f772ad613c13f61007856c16117791a,5e20a3f0504205e8d65b91033638c5af0909ed741212a04539dcfb37eda08fe2,FORMAL_PROSPECTIVE_SHADOW_COHORT_V1,SERVER_TASK_RECORD
6,formal-v1-trial-006-attempt-0,0,TASK_RECORD,formal-v1/trial-006/attempt-0/run/run_metadata.json,838,541647ffb577d73dc4ccaf34512ddcc8d6166fd013ac1b2b96a10242d464ff50,e8ea8f3fda15ab81664829ea6f71fcb37f772ad613c13f61007856c16117791a,5e20a3f0504205e8d65b91033638c5af0909ed741212a04539dcfb37eda08fe2,FORMAL_PROSPECTIVE_SHADOW_COHORT_V1,SERVER_TASK_RECORD
6,formal-v1-trial-006-attempt-0,0,TASK_RECORD,formal-v1/trial-006/attempt-0/run/trajs/stonehenge_ball-to-ellipsoid.json,89590,3bdc154bc96bc3682358757db1d7d1f108db4e437ceccb75a0121ff1bd898d11,e8ea8f3fda15ab81664829ea6f71fcb37f772ad613c13f61007856c16117791a,5e20a3f0504205e8d65b91033638c5af0909ed741212a04539dcfb37eda08fe2,FORMAL_PROSPECTIVE_SHADOW_COHORT_V1,SERVER_TASK_RECORD
6,formal-v1-trial-006-attempt-0,0,LOG,formal-v1/trial-006/attempt-0/stderr.log,8536,3e0bfa645c1ebb685c3152b027914f60161c38d8504bed6fbc903a462a38ba62,e8ea8f3fda15ab81664829ea6f71fcb37f772ad613c13f61007856c16117791a,5e20a3f0504205e8d65b91033638c5af0909ed741212a04539dcfb37eda08fe2,FORMAL_PROSPECTIVE_SHADOW_COHORT_V1,SERVER_ONLY_RAW
6,formal-v1-trial-006-attempt-0,0,LOG,formal-v1/trial-006/attempt-0/stdout.log,1490,5e48020c4d251117d66780a92bc0e48eefabb773171431efce4e00f9c1413bf5,e8ea8f3fda15ab81664829ea6f71fcb37f772ad613c13f61007856c16117791a,5e20a3f0504205e8d65b91033638c5af0909ed741212a04539dcfb37eda08fe2,FORMAL_PROSPECTIVE_SHADOW_COHORT_V1,SERVER_ONLY_RAW
7,formal-v1-trial-007-attempt-0,0,TASK_RECORD,formal-v1/trial-007/attempt-0/formal_attempt_identity.json,838,1cef34100bf18ef1e38662d904b0a0930a30eb39863e341930c4d990cca7504d,e8ea8f3fda15ab81664829ea6f71fcb37f772ad613c13f61007856c16117791a,5e20a3f0504205e8d65b91033638c5af0909ed741212a04539dcfb37eda08fe2,FORMAL_PROSPECTIVE_SHADOW_COHORT_V1,SERVER_TASK_RECORD
7,formal-v1-trial-007-attempt-0,0,TASK_RECORD,formal-v1/trial-007/attempt-0/outcome_blind_qc.json,1214,139a6ddfe29c3dba967cbaf7865abf21039f7e179aa55b8dbb27073a86fbdb79,e8ea8f3fda15ab81664829ea6f71fcb37f772ad613c13f61007856c16117791a,5e20a3f0504205e8d65b91033638c5af0909ed741212a04539dcfb37eda08fe2,FORMAL_PROSPECTIVE_SHADOW_COHORT_V1,SERVER_TASK_RECORD
7,formal-v1-trial-007-attempt-0,0,TASK_RECORD,formal-v1/trial-007/attempt-0/process_result.json,436,ca0afa9f8a5a00f054fd3a101092202f9039a0ca10f5ae592dcb187ec3190689,e8ea8f3fda15ab81664829ea6f71fcb37f772ad613c13f61007856c16117791a,5e20a3f0504205e8d65b91033638c5af0909ed741212a04539dcfb37eda08fe2,FORMAL_PROSPECTIVE_SHADOW_COHORT_V1,SERVER_TASK_RECORD
7,formal-v1-trial-007-attempt-0,0,TASK_RECORD,formal-v1/trial-007/attempt-0/run/arm_activation.json,927,2e7084162ef1763f3d579607041a51f58b6d34b160780295f77c60ec1f4a69e4,e8ea8f3fda15ab81664829ea6f71fcb37f772ad613c13f61007856c16117791a,5e20a3f0504205e8d65b91033638c5af0909ed741212a04539dcfb37eda08fe2,FORMAL_PROSPECTIVE_SHADOW_COHORT_V1,SERVER_TASK_RECORD
7,formal-v1-trial-007-attempt-0,0,TASK_RECORD,formal-v1/trial-007/attempt-0/run/environment_identity.json,1127,47b76786386c99e37bf22cfdfa591e7fceee5a469647e0151db7e4cc28df9c4f,e8ea8f3fda15ab81664829ea6f71fcb37f772ad613c13f61007856c16117791a,5e20a3f0504205e8d65b91033638c5af0909ed741212a04539dcfb37eda08fe2,FORMAL_PROSPECTIVE_SHADOW_COHORT_V1,SERVER_TASK_RECORD
7,formal-v1-trial-007-attempt-0,0,RAW_JSONL,formal-v1/trial-007/attempt-0/run/instrumentation/instrumentation_health_log.jsonl,106784,e5bbee5fabbcdccd79d50677613a4d085689d90c6876f33222984c5a8e400d06,e8ea8f3fda15ab81664829ea6f71fcb37f772ad613c13f61007856c16117791a,5e20a3f0504205e8d65b91033638c5af0909ed741212a04539dcfb37eda08fe2,FORMAL_PROSPECTIVE_SHADOW_COHORT_V1,SERVER_ONLY_RAW
7,formal-v1-trial-007-attempt-0,0,TASK_RECORD,formal-v1/trial-007/attempt-0/run/instrumentation/map_authority_manifest.json,983,7c19db927e0a59f20cbd1edb905076e75f12562e341d6ec56d291423a356f586,e8ea8f3fda15ab81664829ea6f71fcb37f772ad613c13f61007856c16117791a,5e20a3f0504205e8d65b91033638c5af0909ed741212a04539dcfb37eda08fe2,FORMAL_PROSPECTIVE_SHADOW_COHORT_V1,SERVER_TASK_RECORD
7,formal-v1-trial-007-attempt-0,0,RAW_JSONL,formal-v1/trial-007/attempt-0/run/instrumentation/shadow_certificate_result_log.jsonl,298148,0e762b6860c7272946b8e6a30428bce3fe8d8aa6b61d921fcf972fc8f41e9d47,e8ea8f3fda15ab81664829ea6f71fcb37f772ad613c13f61007856c16117791a,5e20a3f0504205e8d65b91033638c5af0909ed741212a04539dcfb37eda08fe2,FORMAL_PROSPECTIVE_SHADOW_COHORT_V1,SERVER_ONLY_RAW
7,formal-v1-trial-007-attempt-0,0,RAW_JSONL,formal-v1/trial-007/attempt-0/run/instrumentation/step_capture_log.jsonl,544636,f84e5a4d0b4f416fc04625673427d896ff659bf57a803dfc84241c73a6d6f756,e8ea8f3fda15ab81664829ea6f71fcb37f772ad613c13f61007856c16117791a,5e20a3f0504205e8d65b91033638c5af0909ed741212a04539dcfb37eda08fe2,FORMAL_PROSPECTIVE_SHADOW_COHORT_V1,SERVER_ONLY_RAW
7,formal-v1-trial-007-attempt-0,0,TASK_RECORD,formal-v1/trial-007/attempt-0/run/primary_trace.json,460847,6a47559776737e1f949e3396c4fe16ccff77568f5ff3e031d79d37ee4771ce84,e8ea8f3fda15ab81664829ea6f71fcb37f772ad613c13f61007856c16117791a,5e20a3f0504205e8d65b91033638c5af0909ed741212a04539dcfb37eda08fe2,FORMAL_PROSPECTIVE_SHADOW_COHORT_V1,SERVER_TASK_RECORD
7,formal-v1-trial-007-attempt-0,0,TASK_RECORD,formal-v1/trial-007/attempt-0/run/run_metadata.json,838,def40f851f3861e42bce32e86217cab82d4cf74bb5cf87d421a611ab439ec0f5,e8ea8f3fda15ab81664829ea6f71fcb37f772ad613c13f61007856c16117791a,5e20a3f0504205e8d65b91033638c5af0909ed741212a04539dcfb37eda08fe2,FORMAL_PROSPECTIVE_SHADOW_COHORT_V1,SERVER_TASK_RECORD
7,formal-v1-trial-007-attempt-0,0,TASK_RECORD,formal-v1/trial-007/attempt-0/run/trajs/stonehenge_ball-to-ellipsoid.json,185168,8198242ecc407b70b30e7eab12f7e4152324ec68e3b6e220e1582a9e1ceaa47b,e8ea8f3fda15ab81664829ea6f71fcb37f772ad613c13f61007856c16117791a,5e20a3f0504205e8d65b91033638c5af0909ed741212a04539dcfb37eda08fe2,FORMAL_PROSPECTIVE_SHADOW_COHORT_V1,SERVER_TASK_RECORD
7,formal-v1-trial-007-attempt-0,0,LOG,formal-v1/trial-007/attempt-0/stderr.log,18017,fcc87c508bde4408959002a3e3617cd157ec5589c1ea0e58c94549a5700ec411,e8ea8f3fda15ab81664829ea6f71fcb37f772ad613c13f61007856c16117791a,5e20a3f0504205e8d65b91033638c5af0909ed741212a04539dcfb37eda08fe2,FORMAL_PROSPECTIVE_SHADOW_COHORT_V1,SERVER_ONLY_RAW
7,formal-v1-trial-007-attempt-0,0,LOG,formal-v1/trial-007/attempt-0/stdout.log,1491,719a7731121cdaa818560e2a08832d579f0c2b001cd6409a32e5e8b2ac7a03db,e8ea8f3fda15ab81664829ea6f71fcb37f772ad613c13f61007856c16117791a,5e20a3f0504205e8d65b91033638c5af0909ed741212a04539dcfb37eda08fe2,FORMAL_PROSPECTIVE_SHADOW_COHORT_V1,SERVER_ONLY_RAW
8,formal-v1-trial-008-attempt-0,0,TASK_RECORD,formal-v1/trial-008/attempt-0/formal_attempt_identity.json,838,ba52e42f87aab1ce4bf67d5b3784e571622b2e7d7703c1f2e35c32307000df5d,e8ea8f3fda15ab81664829ea6f71fcb37f772ad613c13f61007856c16117791a,5e20a3f0504205e8d65b91033638c5af0909ed741212a04539dcfb37eda08fe2,FORMAL_PROSPECTIVE_SHADOW_COHORT_V1,SERVER_TASK_RECORD
8,formal-v1-trial-008-attempt-0,0,TASK_RECORD,formal-v1/trial-008/attempt-0/outcome_blind_qc.json,1214,aa26c8a28201efa21ee0120ded94fe76c33dd475ee52d84a61b8f6f2190a2285,e8ea8f3fda15ab81664829ea6f71fcb37f772ad613c13f61007856c16117791a,5e20a3f0504205e8d65b91033638c5af0909ed741212a04539dcfb37eda08fe2,FORMAL_PROSPECTIVE_SHADOW_COHORT_V1,SERVER_TASK_RECORD
8,formal-v1-trial-008-attempt-0,0,TASK_RECORD,formal-v1/trial-008/attempt-0/process_result.json,436,e71d39c94e97f484e960496540c58507ec8500a18291aa5bb7d957489056a791,e8ea8f3fda15ab81664829ea6f71fcb37f772ad613c13f61007856c16117791a,5e20a3f0504205e8d65b91033638c5af0909ed741212a04539dcfb37eda08fe2,FORMAL_PROSPECTIVE_SHADOW_COHORT_V1,SERVER_TASK_RECORD
8,formal-v1-trial-008-attempt-0,0,TASK_RECORD,formal-v1/trial-008/attempt-0/run/arm_activation.json,927,4752995e883562b6426ac425cbad08c17a2223f2cb0e4fe6457201f911771f47,e8ea8f3fda15ab81664829ea6f71fcb37f772ad613c13f61007856c16117791a,5e20a3f0504205e8d65b91033638c5af0909ed741212a04539dcfb37eda08fe2,FORMAL_PROSPECTIVE_SHADOW_COHORT_V1,SERVER_TASK_RECORD
8,formal-v1-trial-008-attempt-0,0,TASK_RECORD,formal-v1/trial-008/attempt-0/run/environment_identity.json,1127,849a35167f70ee75ab0337c523abcefcb8f03af4a887a87cb977133cc249fe0d,e8ea8f3fda15ab81664829ea6f71fcb37f772ad613c13f61007856c16117791a,5e20a3f0504205e8d65b91033638c5af0909ed741212a04539dcfb37eda08fe2,FORMAL_PROSPECTIVE_SHADOW_COHORT_V1,SERVER_TASK_RECORD
8,formal-v1-trial-008-attempt-0,0,RAW_JSONL,formal-v1/trial-008/attempt-0/run/instrumentation/instrumentation_health_log.jsonl,156912,98e7030589b217ca3e60adc6145659812710344bda301124f05e9113b1d0e21f,e8ea8f3fda15ab81664829ea6f71fcb37f772ad613c13f61007856c16117791a,5e20a3f0504205e8d65b91033638c5af0909ed741212a04539dcfb37eda08fe2,FORMAL_PROSPECTIVE_SHADOW_COHORT_V1,SERVER_ONLY_RAW
8,formal-v1-trial-008-attempt-0,0,TASK_RECORD,formal-v1/trial-008/attempt-0/run/instrumentation/map_authority_manifest.json,983,7c19db927e0a59f20cbd1edb905076e75f12562e341d6ec56d291423a356f586,e8ea8f3fda15ab81664829ea6f71fcb37f772ad613c13f61007856c16117791a,5e20a3f0504205e8d65b91033638c5af0909ed741212a04539dcfb37eda08fe2,FORMAL_PROSPECTIVE_SHADOW_COHORT_V1,SERVER_TASK_RECORD
8,formal-v1-trial-008-attempt-0,0,RAW_JSONL,formal-v1/trial-008/attempt-0/run/instrumentation/shadow_certificate_result_log.jsonl,437924,cf5de691b568530f21368be78a53bb4385dadadedf94b6eb35625c0f85877cf0,e8ea8f3fda15ab81664829ea6f71fcb37f772ad613c13f61007856c16117791a,5e20a3f0504205e8d65b91033638c5af0909ed741212a04539dcfb37eda08fe2,FORMAL_PROSPECTIVE_SHADOW_COHORT_V1,SERVER_ONLY_RAW
8,formal-v1-trial-008-attempt-0,0,RAW_JSONL,formal-v1/trial-008/attempt-0/run/instrumentation/step_capture_log.jsonl,800065,bb43487de2d239da5aea7c89a754981e326cbd82c50a8fb1d7b10ab1134d785f,e8ea8f3fda15ab81664829ea6f71fcb37f772ad613c13f61007856c16117791a,5e20a3f0504205e8d65b91033638c5af0909ed741212a04539dcfb37eda08fe2,FORMAL_PROSPECTIVE_SHADOW_COHORT_V1,SERVER_ONLY_RAW
8,formal-v1-trial-008-attempt-0,0,TASK_RECORD,formal-v1/trial-008/attempt-0/run/primary_trace.json,676829,bcfeee78bb6e00e2b050ab863c85bf979e6f2678a580c92f3fcc1f24cdcfac04,e8ea8f3fda15ab81664829ea6f71fcb37f772ad613c13f61007856c16117791a,5e20a3f0504205e8d65b91033638c5af0909ed741212a04539dcfb37eda08fe2,FORMAL_PROSPECTIVE_SHADOW_COHORT_V1,SERVER_TASK_RECORD
8,formal-v1-trial-008-attempt-0,0,TASK_RECORD,formal-v1/trial-008/attempt-0/run/run_metadata.json,838,bafc2377741cfa3d798c33c0b474e66aaae730d8b17d9c013665d1f45f821c2c,e8ea8f3fda15ab81664829ea6f71fcb37f772ad613c13f61007856c16117791a,5e20a3f0504205e8d65b91033638c5af0909ed741212a04539dcfb37eda08fe2,FORMAL_PROSPECTIVE_SHADOW_COHORT_V1,SERVER_TASK_RECORD
8,formal-v1-trial-008-attempt-0,0,TASK_RECORD,formal-v1/trial-008/attempt-0/run/trajs/stonehenge_ball-to-ellipsoid.json,271681,cb370142ecfdfbbdad2af1f7fc4d24edd9ec07001fb0a9e3de444c79d843928f,e8ea8f3fda15ab81664829ea6f71fcb37f772ad613c13f61007856c16117791a,5e20a3f0504205e8d65b91033638c5af0909ed741212a04539dcfb37eda08fe2,FORMAL_PROSPECTIVE_SHADOW_COHORT_V1,SERVER_TASK_RECORD
8,formal-v1-trial-008-attempt-0,0,LOG,formal-v1/trial-008/attempt-0/stderr.log,27037,48da0bf19a74e98ff1b8ec69927e9aec7b91509d226f142ae9ccfbe2ad2785bf,e8ea8f3fda15ab81664829ea6f71fcb37f772ad613c13f61007856c16117791a,5e20a3f0504205e8d65b91033638c5af0909ed741212a04539dcfb37eda08fe2,FORMAL_PROSPECTIVE_SHADOW_COHORT_V1,SERVER_ONLY_RAW
8,formal-v1-trial-008-attempt-0,0,LOG,formal-v1/trial-008/attempt-0/stdout.log,1491,edba5d8aa93a90d2c617c4986f14b9efac03e3b5a34a71b2f151835a14162d24,e8ea8f3fda15ab81664829ea6f71fcb37f772ad613c13f61007856c16117791a,5e20a3f0504205e8d65b91033638c5af0909ed741212a04539dcfb37eda08fe2,FORMAL_PROSPECTIVE_SHADOW_COHORT_V1,SERVER_ONLY_RAW
9,formal-v1-trial-009-attempt-0,0,TASK_RECORD,formal-v1/trial-009/attempt-0/formal_attempt_identity.json,838,219b84d6b516464a5990259eba2ec132584c711ff3e3c7b36dec22d2f41424ac,e8ea8f3fda15ab81664829ea6f71fcb37f772ad613c13f61007856c16117791a,5e20a3f0504205e8d65b91033638c5af0909ed741212a04539dcfb37eda08fe2,FORMAL_PROSPECTIVE_SHADOW_COHORT_V1,SERVER_TASK_RECORD
9,formal-v1-trial-009-attempt-0,0,TASK_RECORD,formal-v1/trial-009/attempt-0/outcome_blind_qc.json,1214,9a2689ee0d11ec891450ac7bde237406ca0d232fd8267e863bdcb2d78fbf60ca,e8ea8f3fda15ab81664829ea6f71fcb37f772ad613c13f61007856c16117791a,5e20a3f0504205e8d65b91033638c5af0909ed741212a04539dcfb37eda08fe2,FORMAL_PROSPECTIVE_SHADOW_COHORT_V1,SERVER_TASK_RECORD
9,formal-v1-trial-009-attempt-0,0,TASK_RECORD,formal-v1/trial-009/attempt-0/process_result.json,436,e300c3d5d0bb24d18a3f7688cbbf410e0ebd8921bdb4f1654736cfb168f36191,e8ea8f3fda15ab81664829ea6f71fcb37f772ad613c13f61007856c16117791a,5e20a3f0504205e8d65b91033638c5af0909ed741212a04539dcfb37eda08fe2,FORMAL_PROSPECTIVE_SHADOW_COHORT_V1,SERVER_TASK_RECORD
9,formal-v1-trial-009-attempt-0,0,TASK_RECORD,formal-v1/trial-009/attempt-0/run/arm_activation.json,927,e3ceb8a0c5efc5236482036e9c33c6d6d74f6dd7087e739894130665548df731,e8ea8f3fda15ab81664829ea6f71fcb37f772ad613c13f61007856c16117791a,5e20a3f0504205e8d65b91033638c5af0909ed741212a04539dcfb37eda08fe2,FORMAL_PROSPECTIVE_SHADOW_COHORT_V1,SERVER_TASK_RECORD
9,formal-v1-trial-009-attempt-0,0,TASK_RECORD,formal-v1/trial-009/attempt-0/run/environment_identity.json,1127,f43570e1f6a40925606adda0a03659e15e6d7da2bee0b16aa68f49da2db573c8,e8ea8f3fda15ab81664829ea6f71fcb37f772ad613c13f61007856c16117791a,5e20a3f0504205e8d65b91033638c5af0909ed741212a04539dcfb37eda08fe2,FORMAL_PROSPECTIVE_SHADOW_COHORT_V1,SERVER_TASK_RECORD
9,formal-v1-trial-009-attempt-0,0,RAW_JSONL,formal-v1/trial-009/attempt-0/run/instrumentation/instrumentation_health_log.jsonl,145344,cc33b4d3a209c053ecb19b3cc5cfc27e75db1c6fb034f3daf7ed2255e5abb6a9,e8ea8f3fda15ab81664829ea6f71fcb37f772ad613c13f61007856c16117791a,5e20a3f0504205e8d65b91033638c5af0909ed741212a04539dcfb37eda08fe2,FORMAL_PROSPECTIVE_SHADOW_COHORT_V1,SERVER_ONLY_RAW
9,formal-v1-trial-009-attempt-0,0,TASK_RECORD,formal-v1/trial-009/attempt-0/run/instrumentation/map_authority_manifest.json,983,7c19db927e0a59f20cbd1edb905076e75f12562e341d6ec56d291423a356f586,e8ea8f3fda15ab81664829ea6f71fcb37f772ad613c13f61007856c16117791a,5e20a3f0504205e8d65b91033638c5af0909ed741212a04539dcfb37eda08fe2,FORMAL_PROSPECTIVE_SHADOW_COHORT_V1,SERVER_TASK_RECORD
9,formal-v1-trial-009-attempt-0,0,RAW_JSONL,formal-v1/trial-009/attempt-0/run/instrumentation/shadow_certificate_result_log.jsonl,405668,03f633daea7d01b245dc1286b59f1cd209bd4651f976f80a4d15348203a27e94,e8ea8f3fda15ab81664829ea6f71fcb37f772ad613c13f61007856c16117791a,5e20a3f0504205e8d65b91033638c5af0909ed741212a04539dcfb37eda08fe2,FORMAL_PROSPECTIVE_SHADOW_COHORT_V1,SERVER_ONLY_RAW
9,formal-v1-trial-009-attempt-0,0,RAW_JSONL,formal-v1/trial-009/attempt-0/run/instrumentation/step_capture_log.jsonl,740850,b8d2aea30201f465193592fe1a2bef3c0a877da732fabf94f733b93f906c3e1b,e8ea8f3fda15ab81664829ea6f71fcb37f772ad613c13f61007856c16117791a,5e20a3f0504205e8d65b91033638c5af0909ed741212a04539dcfb37eda08fe2,FORMAL_PROSPECTIVE_SHADOW_COHORT_V1,SERVER_ONLY_RAW
9,formal-v1-trial-009-attempt-0,0,TASK_RECORD,formal-v1/trial-009/attempt-0/run/primary_trace.json,626281,fbbbf4f754545a66994eaaab1075b840e9dc504c26d3d3e325e31b31910e3fb6,e8ea8f3fda15ab81664829ea6f71fcb37f772ad613c13f61007856c16117791a,5e20a3f0504205e8d65b91033638c5af0909ed741212a04539dcfb37eda08fe2,FORMAL_PROSPECTIVE_SHADOW_COHORT_V1,SERVER_TASK_RECORD
9,formal-v1-trial-009-attempt-0,0,TASK_RECORD,formal-v1/trial-009/attempt-0/run/run_metadata.json,838,526db91d3374bf0a186e976a7b352cbd45fb80665113d6b12c538fdd443fd7fc,e8ea8f3fda15ab81664829ea6f71fcb37f772ad613c13f61007856c16117791a,5e20a3f0504205e8d65b91033638c5af0909ed741212a04539dcfb37eda08fe2,FORMAL_PROSPECTIVE_SHADOW_COHORT_V1,SERVER_TASK_RECORD
9,formal-v1-trial-009-attempt-0,0,TASK_RECORD,formal-v1/trial-009/attempt-0/run/trajs/stonehenge_ball-to-ellipsoid.json,251592,8730e6411b842e25c6122700c7f510cacd69f503c10a00261d37ebb25f09df47,e8ea8f3fda15ab81664829ea6f71fcb37f772ad613c13f61007856c16117791a,5e20a3f0504205e8d65b91033638c5af0909ed741212a04539dcfb37eda08fe2,FORMAL_PROSPECTIVE_SHADOW_COHORT_V1,SERVER_TASK_RECORD
9,formal-v1-trial-009-attempt-0,0,LOG,formal-v1/trial-009/attempt-0/stderr.log,24909,a18a37ab45071fbe9521116b0ce881439b4812cbfc2f3f72f00857582bc36966,e8ea8f3fda15ab81664829ea6f71fcb37f772ad613c13f61007856c16117791a,5e20a3f0504205e8d65b91033638c5af0909ed741212a04539dcfb37eda08fe2,FORMAL_PROSPECTIVE_SHADOW_COHORT_V1,SERVER_ONLY_RAW
9,formal-v1-trial-009-attempt-0,0,LOG,formal-v1/trial-009/attempt-0/stdout.log,1490,eb8c6d6a4b4bbffa51857c08281cbf1a8c4d509c3c4f550c7fd266a5b1836a52,e8ea8f3fda15ab81664829ea6f71fcb37f772ad613c13f61007856c16117791a,5e20a3f0504205e8d65b91033638c5af0909ed741212a04539dcfb37eda08fe2,FORMAL_PROSPECTIVE_SHADOW_COHORT_V1,SERVER_ONLY_RAW
10,formal-v1-trial-010-attempt-0,0,TASK_RECORD,formal-v1/trial-010/attempt-0/formal_attempt_identity.json,839,aaedbac5ca015bd3cadfb4cecae2442b256360c0dfc0ee1fae02a5758280c044,e8ea8f3fda15ab81664829ea6f71fcb37f772ad613c13f61007856c16117791a,5e20a3f0504205e8d65b91033638c5af0909ed741212a04539dcfb37eda08fe2,FORMAL_PROSPECTIVE_SHADOW_COHORT_V1,SERVER_TASK_RECORD
10,formal-v1-trial-010-attempt-0,0,TASK_RECORD,formal-v1/trial-010/attempt-0/outcome_blind_qc.json,1215,cb7efa042312619642e5553702bd61668d04308d81c9fdc939d015490bcf64f7,e8ea8f3fda15ab81664829ea6f71fcb37f772ad613c13f61007856c16117791a,5e20a3f0504205e8d65b91033638c5af0909ed741212a04539dcfb37eda08fe2,FORMAL_PROSPECTIVE_SHADOW_COHORT_V1,SERVER_TASK_RECORD
10,formal-v1-trial-010-attempt-0,0,TASK_RECORD,formal-v1/trial-010/attempt-0/process_result.json,437,ece40eddd9aa35b13e8f9b758a17ced979093e1ff7a9974b570bc969d906862a,e8ea8f3fda15ab81664829ea6f71fcb37f772ad613c13f61007856c16117791a,5e20a3f0504205e8d65b91033638c5af0909ed741212a04539dcfb37eda08fe2,FORMAL_PROSPECTIVE_SHADOW_COHORT_V1,SERVER_TASK_RECORD
10,formal-v1-trial-010-attempt-0,0,TASK_RECORD,formal-v1/trial-010/attempt-0/run/arm_activation.json,927,c366dfcef0e92cb58dbc7af45dd486f1e9e2cb3adea3e8eaf9bd4c9e36ab31cc,e8ea8f3fda15ab81664829ea6f71fcb37f772ad613c13f61007856c16117791a,5e20a3f0504205e8d65b91033638c5af0909ed741212a04539dcfb37eda08fe2,FORMAL_PROSPECTIVE_SHADOW_COHORT_V1,SERVER_TASK_RECORD
10,formal-v1-trial-010-attempt-0,0,TASK_RECORD,formal-v1/trial-010/attempt-0/run/environment_identity.json,1129,d6b83f192fedfaa293f618e1b6d42e2175558f9a0d5589d10fdc06410ad0c32f,e8ea8f3fda15ab81664829ea6f71fcb37f772ad613c13f61007856c16117791a,5e20a3f0504205e8d65b91033638c5af0909ed741212a04539dcfb37eda08fe2,FORMAL_PROSPECTIVE_SHADOW_COHORT_V1,SERVER_TASK_RECORD
10,formal-v1-trial-010-attempt-0,0,RAW_JSONL,formal-v1/trial-010/attempt-0/run/instrumentation/instrumentation_health_log.jsonl,122690,289cdd454d01a271afba31ef096afe6c67937cbc7be7bc885554971170a13965,e8ea8f3fda15ab81664829ea6f71fcb37f772ad613c13f61007856c16117791a,5e20a3f0504205e8d65b91033638c5af0909ed741212a04539dcfb37eda08fe2,FORMAL_PROSPECTIVE_SHADOW_COHORT_V1,SERVER_ONLY_RAW
10,formal-v1-trial-010-attempt-0,0,TASK_RECORD,formal-v1/trial-010/attempt-0/run/instrumentation/map_authority_manifest.json,983,7c19db927e0a59f20cbd1edb905076e75f12562e341d6ec56d291423a356f586,e8ea8f3fda15ab81664829ea6f71fcb37f772ad613c13f61007856c16117791a,5e20a3f0504205e8d65b91033638c5af0909ed741212a04539dcfb37eda08fe2,FORMAL_PROSPECTIVE_SHADOW_COHORT_V1,SERVER_TASK_RECORD
10,formal-v1-trial-010-attempt-0,0,RAW_JSONL,formal-v1/trial-010/attempt-0/run/instrumentation/shadow_certificate_result_log.jsonl,342500,10cb8bded454fbbb3a77a87b643653ee8ba8d4068852945bd91ed80270a116ab,e8ea8f3fda15ab81664829ea6f71fcb37f772ad613c13f61007856c16117791a,5e20a3f0504205e8d65b91033638c5af0909ed741212a04539dcfb37eda08fe2,FORMAL_PROSPECTIVE_SHADOW_COHORT_V1,SERVER_ONLY_RAW
10,formal-v1-trial-010-attempt-0,0,RAW_JSONL,formal-v1/trial-010/attempt-0/run/instrumentation/step_capture_log.jsonl,625673,a0c7fd4a95f4173337ebc723df5d36e2878644c5bb902cfcdd8817a0ba457a02,e8ea8f3fda15ab81664829ea6f71fcb37f772ad613c13f61007856c16117791a,5e20a3f0504205e8d65b91033638c5af0909ed741212a04539dcfb37eda08fe2,FORMAL_PROSPECTIVE_SHADOW_COHORT_V1,SERVER_ONLY_RAW
10,formal-v1-trial-010-attempt-0,0,TASK_RECORD,formal-v1/trial-010/attempt-0/run/primary_trace.json,529447,84f42e7fe0709fac068ad9089d620e2323f681c3959368b11ff09d5f9033242a,e8ea8f3fda15ab81664829ea6f71fcb37f772ad613c13f61007856c16117791a,5e20a3f0504205e8d65b91033638c5af0909ed741212a04539dcfb37eda08fe2,FORMAL_PROSPECTIVE_SHADOW_COHORT_V1,SERVER_TASK_RECORD
10,formal-v1-trial-010-attempt-0,0,TASK_RECORD,formal-v1/trial-010/attempt-0/run/run_metadata.json,841,30dc34e1fbdfd2735aa456f7a8bdf406d47ec3d497bc444ab234e150c9268330,e8ea8f3fda15ab81664829ea6f71fcb37f772ad613c13f61007856c16117791a,5e20a3f0504205e8d65b91033638c5af0909ed741212a04539dcfb37eda08fe2,FORMAL_PROSPECTIVE_SHADOW_COHORT_V1,SERVER_TASK_RECORD
10,formal-v1-trial-010-attempt-0,0,TASK_RECORD,formal-v1/trial-010/attempt-0/run/trajs/stonehenge_ball-to-ellipsoid.json,212641,d855b8f62422e52e23f6fdf9c88316261744c83b025add48649709cfcb596f88,e8ea8f3fda15ab81664829ea6f71fcb37f772ad613c13f61007856c16117791a,5e20a3f0504205e8d65b91033638c5af0909ed741212a04539dcfb37eda08fe2,FORMAL_PROSPECTIVE_SHADOW_COHORT_V1,SERVER_TASK_RECORD
10,formal-v1-trial-010-attempt-0,0,LOG,formal-v1/trial-010/attempt-0/stderr.log,20822,e6fd3f366a557372dad2e1afe8de08eb4dc2cfe17fd64e468c68b8db733c9dd3,e8ea8f3fda15ab81664829ea6f71fcb37f772ad613c13f61007856c16117791a,5e20a3f0504205e8d65b91033638c5af0909ed741212a04539dcfb37eda08fe2,FORMAL_PROSPECTIVE_SHADOW_COHORT_V1,SERVER_ONLY_RAW
10,formal-v1-trial-010-attempt-0,0,LOG,formal-v1/trial-010/attempt-0/stdout.log,1494,e27045b66112cb9df38583f45a9cd7573cefc7bb0d00731fd66f3983a8ea56a5,e8ea8f3fda15ab81664829ea6f71fcb37f772ad613c13f61007856c16117791a,5e20a3f0504205e8d65b91033638c5af0909ed741212a04539dcfb37eda08fe2,FORMAL_PROSPECTIVE_SHADOW_COHORT_V1,SERVER_ONLY_RAW
11,formal-v1-trial-011-attempt-0,0,TASK_RECORD,formal-v1/trial-011/attempt-0/formal_attempt_identity.json,839,11986f5225c31a1cc7ba504c5a81de11bb21a5a4028fc9637c9c2fcd62c71d4b,e8ea8f3fda15ab81664829ea6f71fcb37f772ad613c13f61007856c16117791a,5e20a3f0504205e8d65b91033638c5af0909ed741212a04539dcfb37eda08fe2,FORMAL_PROSPECTIVE_SHADOW_COHORT_V1,SERVER_TASK_RECORD
11,formal-v1-trial-011-attempt-0,0,TASK_RECORD,formal-v1/trial-011/attempt-0/outcome_blind_qc.json,1215,bfb6f612fdd4c422cdb692327527eb93f19f9dc892914c59f9d6abbafbda3788,e8ea8f3fda15ab81664829ea6f71fcb37f772ad613c13f61007856c16117791a,5e20a3f0504205e8d65b91033638c5af0909ed741212a04539dcfb37eda08fe2,FORMAL_PROSPECTIVE_SHADOW_COHORT_V1,SERVER_TASK_RECORD
11,formal-v1-trial-011-attempt-0,0,TASK_RECORD,formal-v1/trial-011/attempt-0/process_result.json,437,d785c1826cde77015b1f907dcd91a6421b6f09f620705fd0f48ac92ca1bd17a4,e8ea8f3fda15ab81664829ea6f71fcb37f772ad613c13f61007856c16117791a,5e20a3f0504205e8d65b91033638c5af0909ed741212a04539dcfb37eda08fe2,FORMAL_PROSPECTIVE_SHADOW_COHORT_V1,SERVER_TASK_RECORD
11,formal-v1-trial-011-attempt-0,0,TASK_RECORD,formal-v1/trial-011/attempt-0/run/arm_activation.json,927,a58304b269deb3ba565cd15d93b215ca59bbcdf0fae027bdbec4a5469ab6a4f5,e8ea8f3fda15ab81664829ea6f71fcb37f772ad613c13f61007856c16117791a,5e20a3f0504205e8d65b91033638c5af0909ed741212a04539dcfb37eda08fe2,FORMAL_PROSPECTIVE_SHADOW_COHORT_V1,SERVER_TASK_RECORD
11,formal-v1-trial-011-attempt-0,0,TASK_RECORD,formal-v1/trial-011/attempt-0/run/environment_identity.json,1129,1ebd60d84524b0312229fb648244915d0e73ee228af6fe0f4ec2a147c4f3da56,e8ea8f3fda15ab81664829ea6f71fcb37f772ad613c13f61007856c16117791a,5e20a3f0504205e8d65b91033638c5af0909ed741212a04539dcfb37eda08fe2,FORMAL_PROSPECTIVE_SHADOW_COHORT_V1,SERVER_TASK_RECORD
11,formal-v1-trial-011-attempt-0,0,RAW_JSONL,formal-v1/trial-011/attempt-0/run/instrumentation/instrumentation_health_log.jsonl,167998,06facd58d6160be68b5ae6f65f84dda8e662b9e159e8035876a5fb136808421e,e8ea8f3fda15ab81664829ea6f71fcb37f772ad613c13f61007856c16117791a,5e20a3f0504205e8d65b91033638c5af0909ed741212a04539dcfb37eda08fe2,FORMAL_PROSPECTIVE_SHADOW_COHORT_V1,SERVER_ONLY_RAW
11,formal-v1-trial-011-attempt-0,0,TASK_RECORD,formal-v1/trial-011/attempt-0/run/instrumentation/map_authority_manifest.json,983,7c19db927e0a59f20cbd1edb905076e75f12562e341d6ec56d291423a356f586,e8ea8f3fda15ab81664829ea6f71fcb37f772ad613c13f61007856c16117791a,5e20a3f0504205e8d65b91033638c5af0909ed741212a04539dcfb37eda08fe2,FORMAL_PROSPECTIVE_SHADOW_COHORT_V1,SERVER_TASK_RECORD
11,formal-v1-trial-011-attempt-0,0,RAW_JSONL,formal-v1/trial-011/attempt-0/run/instrumentation/shadow_certificate_result_log.jsonl,468836,662516b5c38a7b6a204e7e4b67e0ff72542beecf882be024a7ff18dfa1f39b8f,e8ea8f3fda15ab81664829ea6f71fcb37f772ad613c13f61007856c16117791a,5e20a3f0504205e8d65b91033638c5af0909ed741212a04539dcfb37eda08fe2,FORMAL_PROSPECTIVE_SHADOW_COHORT_V1,SERVER_ONLY_RAW
11,formal-v1-trial-011-attempt-0,0,RAW_JSONL,formal-v1/trial-011/attempt-0/run/instrumentation/step_capture_log.jsonl,856227,f42cbc8befb146313f1db33c565464cb30e4979a8df9e25ce36cbd2924abe847,e8ea8f3fda15ab81664829ea6f71fcb37f772ad613c13f61007856c16117791a,5e20a3f0504205e8d65b91033638c5af0909ed741212a04539dcfb37eda08fe2,FORMAL_PROSPECTIVE_SHADOW_COHORT_V1,SERVER_ONLY_RAW
11,formal-v1-trial-011-attempt-0,0,TASK_RECORD,formal-v1/trial-011/attempt-0/run/primary_trace.json,723863,81658d3c6929fb7d8c89e4148bcbfaaa70a1d7c2b2441f1c2e4db8dc9af65bb5,e8ea8f3fda15ab81664829ea6f71fcb37f772ad613c13f61007856c16117791a,5e20a3f0504205e8d65b91033638c5af0909ed741212a04539dcfb37eda08fe2,FORMAL_PROSPECTIVE_SHADOW_COHORT_V1,SERVER_TASK_RECORD
11,formal-v1-trial-011-attempt-0,0,TASK_RECORD,formal-v1/trial-011/attempt-0/run/run_metadata.json,841,cbca2ac89324e57545b700dfae97696132315debe280d0c5892cbe336622d09d,e8ea8f3fda15ab81664829ea6f71fcb37f772ad613c13f61007856c16117791a,5e20a3f0504205e8d65b91033638c5af0909ed741212a04539dcfb37eda08fe2,FORMAL_PROSPECTIVE_SHADOW_COHORT_V1,SERVER_TASK_RECORD
11,formal-v1-trial-011-attempt-0,0,TASK_RECORD,formal-v1/trial-011/attempt-0/run/trajs/stonehenge_ball-to-ellipsoid.json,290573,d701e436d50f9af39ab04a37a51bf4e8537735954b927b7cbdc465c6fb854077,e8ea8f3fda15ab81664829ea6f71fcb37f772ad613c13f61007856c16117791a,5e20a3f0504205e8d65b91033638c5af0909ed741212a04539dcfb37eda08fe2,FORMAL_PROSPECTIVE_SHADOW_COHORT_V1,SERVER_TASK_RECORD
11,formal-v1-trial-011-attempt-0,0,LOG,formal-v1/trial-011/attempt-0/stderr.log,29084,ce5da9ef611c1dd57317a48492a32edb218fc02df62b9b44a684c72242d7acff,e8ea8f3fda15ab81664829ea6f71fcb37f772ad613c13f61007856c16117791a,5e20a3f0504205e8d65b91033638c5af0909ed741212a04539dcfb37eda08fe2,FORMAL_PROSPECTIVE_SHADOW_COHORT_V1,SERVER_ONLY_RAW
11,formal-v1-trial-011-attempt-0,0,LOG,formal-v1/trial-011/attempt-0/stdout.log,1494,a8010dc19d101e402ffaa0d3ef08fc61c82c4c30329de30950a485fe8c54fd0b,e8ea8f3fda15ab81664829ea6f71fcb37f772ad613c13f61007856c16117791a,5e20a3f0504205e8d65b91033638c5af0909ed741212a04539dcfb37eda08fe2,FORMAL_PROSPECTIVE_SHADOW_COHORT_V1,SERVER_ONLY_RAW
12,formal-v1-trial-012-attempt-0,0,TASK_RECORD,formal-v1/trial-012/attempt-0/formal_attempt_identity.json,839,40f5e427cc9837acf8e34a55ebd8a472645059e3728707e4302f402bb6b1af2e,e8ea8f3fda15ab81664829ea6f71fcb37f772ad613c13f61007856c16117791a,5e20a3f0504205e8d65b91033638c5af0909ed741212a04539dcfb37eda08fe2,FORMAL_PROSPECTIVE_SHADOW_COHORT_V1,SERVER_TASK_RECORD
12,formal-v1-trial-012-attempt-0,0,TASK_RECORD,formal-v1/trial-012/attempt-0/outcome_blind_qc.json,1215,1bb4bd44d4ed57152915ef64e59a2dff48c76365c752effedacab90eb18da10c,e8ea8f3fda15ab81664829ea6f71fcb37f772ad613c13f61007856c16117791a,5e20a3f0504205e8d65b91033638c5af0909ed741212a04539dcfb37eda08fe2,FORMAL_PROSPECTIVE_SHADOW_COHORT_V1,SERVER_TASK_RECORD
12,formal-v1-trial-012-attempt-0,0,TASK_RECORD,formal-v1/trial-012/attempt-0/process_result.json,437,724c773b5482e6d3fb1efa47d954b3d3180651c0ca926da600721d8b77a70207,e8ea8f3fda15ab81664829ea6f71fcb37f772ad613c13f61007856c16117791a,5e20a3f0504205e8d65b91033638c5af0909ed741212a04539dcfb37eda08fe2,FORMAL_PROSPECTIVE_SHADOW_COHORT_V1,SERVER_TASK_RECORD
12,formal-v1-trial-012-attempt-0,0,TASK_RECORD,formal-v1/trial-012/attempt-0/run/arm_activation.json,927,8d577de5ff40fed0d43e27f94c1b145f9442c924fff4987979e371d0d157f949,e8ea8f3fda15ab81664829ea6f71fcb37f772ad613c13f61007856c16117791a,5e20a3f0504205e8d65b91033638c5af0909ed741212a04539dcfb37eda08fe2,FORMAL_PROSPECTIVE_SHADOW_COHORT_V1,SERVER_TASK_RECORD
12,formal-v1-trial-012-attempt-0,0,TASK_RECORD,formal-v1/trial-012/attempt-0/run/environment_identity.json,1129,5bd7cb50f1676b2cf90c248c4864515e94aeb17223baed2dc34843f595526d8c,e8ea8f3fda15ab81664829ea6f71fcb37f772ad613c13f61007856c16117791a,5e20a3f0504205e8d65b91033638c5af0909ed741212a04539dcfb37eda08fe2,FORMAL_PROSPECTIVE_SHADOW_COHORT_V1,SERVER_TASK_RECORD
12,formal-v1-trial-012-attempt-0,0,RAW_JSONL,formal-v1/trial-012/attempt-0/run/instrumentation/instrumentation_health_log.jsonl,175710,a7bf4f8cc553cfb7523d27ff0e3f803ad991379ae3db43e042f595a3c5a5ccfe,e8ea8f3fda15ab81664829ea6f71fcb37f772ad613c13f61007856c16117791a,5e20a3f0504205e8d65b91033638c5af0909ed741212a04539dcfb37eda08fe2,FORMAL_PROSPECTIVE_SHADOW_COHORT_V1,SERVER_ONLY_RAW
12,formal-v1-trial-012-attempt-0,0,TASK_RECORD,formal-v1/trial-012/attempt-0/run/instrumentation/map_authority_manifest.json,983,7c19db927e0a59f20cbd1edb905076e75f12562e341d6ec56d291423a356f586,e8ea8f3fda15ab81664829ea6f71fcb37f772ad613c13f61007856c16117791a,5e20a3f0504205e8d65b91033638c5af0909ed741212a04539dcfb37eda08fe2,FORMAL_PROSPECTIVE_SHADOW_COHORT_V1,SERVER_TASK_RECORD
12,formal-v1-trial-012-attempt-0,0,RAW_JSONL,formal-v1/trial-012/attempt-0/run/instrumentation/shadow_certificate_result_log.jsonl,490340,f7443a10c6e8f4807ba8659b663b39cd1a24e27caca297936a088d2ec20fe079,e8ea8f3fda15ab81664829ea6f71fcb37f772ad613c13f61007856c16117791a,5e20a3f0504205e8d65b91033638c5af0909ed741212a04539dcfb37eda08fe2,FORMAL_PROSPECTIVE_SHADOW_COHORT_V1,SERVER_ONLY_RAW
12,formal-v1-trial-012-attempt-0,0,RAW_JSONL,formal-v1/trial-012/attempt-0/run/instrumentation/step_capture_log.jsonl,895353,08209b5475e85292385836b135695d70ffd539c551011ea97ef1d5af3897cfe9,e8ea8f3fda15ab81664829ea6f71fcb37f772ad613c13f61007856c16117791a,5e20a3f0504205e8d65b91033638c5af0909ed741212a04539dcfb37eda08fe2,FORMAL_PROSPECTIVE_SHADOW_COHORT_V1,SERVER_ONLY_RAW
12,formal-v1-trial-012-attempt-0,0,TASK_RECORD,formal-v1/trial-012/attempt-0/run/primary_trace.json,757578,b70b43f6ec0100dccdf7bf7b5722ffe16aefee1c3c634f3e1391e2be05eef7ca,e8ea8f3fda15ab81664829ea6f71fcb37f772ad613c13f61007856c16117791a,5e20a3f0504205e8d65b91033638c5af0909ed741212a04539dcfb37eda08fe2,FORMAL_PROSPECTIVE_SHADOW_COHORT_V1,SERVER_TASK_RECORD
12,formal-v1-trial-012-attempt-0,0,TASK_RECORD,formal-v1/trial-012/attempt-0/run/run_metadata.json,841,491ee50156b3b3ecc580d3454ed997b548b3fabd206ec9a298bc73858b05f529,e8ea8f3fda15ab81664829ea6f71fcb37f772ad613c13f61007856c16117791a,5e20a3f0504205e8d65b91033638c5af0909ed741212a04539dcfb37eda08fe2,FORMAL_PROSPECTIVE_SHADOW_COHORT_V1,SERVER_TASK_RECORD
12,formal-v1-trial-012-attempt-0,0,TASK_RECORD,formal-v1/trial-012/attempt-0/run/trajs/stonehenge_ball-to-ellipsoid.json,303738,6000eeb48d2c63e2f37d29e0a1f579b7183db729d5ea65b5aecf885c9a5370bc,e8ea8f3fda15ab81664829ea6f71fcb37f772ad613c13f61007856c16117791a,5e20a3f0504205e8d65b91033638c5af0909ed741212a04539dcfb37eda08fe2,FORMAL_PROSPECTIVE_SHADOW_COHORT_V1,SERVER_TASK_RECORD
12,formal-v1-trial-012-attempt-0,0,LOG,formal-v1/trial-012/attempt-0/stderr.log,30526,dbdaf3595a63416e942c4e42010fc1fd0855ce4432a827428f070c9a4bf9fddf,e8ea8f3fda15ab81664829ea6f71fcb37f772ad613c13f61007856c16117791a,5e20a3f0504205e8d65b91033638c5af0909ed741212a04539dcfb37eda08fe2,FORMAL_PROSPECTIVE_SHADOW_COHORT_V1,SERVER_ONLY_RAW
12,formal-v1-trial-012-attempt-0,0,LOG,formal-v1/trial-012/attempt-0/stdout.log,1493,f441b4247b593242d0d61db6834ca5f8e3ed47849382f2fcd22f8684daad5d16,e8ea8f3fda15ab81664829ea6f71fcb37f772ad613c13f61007856c16117791a,5e20a3f0504205e8d65b91033638c5af0909ed741212a04539dcfb37eda08fe2,FORMAL_PROSPECTIVE_SHADOW_COHORT_V1,SERVER_ONLY_RAW
13,formal-v1-trial-013-attempt-0,0,TASK_RECORD,formal-v1/trial-013/attempt-0/formal_attempt_identity.json,839,536089f3bbbeecb6b6fc0e7223cb488acccc951a69e18b284ec873c05aaa2c19,e8ea8f3fda15ab81664829ea6f71fcb37f772ad613c13f61007856c16117791a,5e20a3f0504205e8d65b91033638c5af0909ed741212a04539dcfb37eda08fe2,FORMAL_PROSPECTIVE_SHADOW_COHORT_V1,SERVER_TASK_RECORD
13,formal-v1-trial-013-attempt-0,0,TASK_RECORD,formal-v1/trial-013/attempt-0/outcome_blind_qc.json,1215,e5a3fba90c21eb639cbd8b0fa9009e39cc003a711aa19fc5b8fc1d5a4724b11c,e8ea8f3fda15ab81664829ea6f71fcb37f772ad613c13f61007856c16117791a,5e20a3f0504205e8d65b91033638c5af0909ed741212a04539dcfb37eda08fe2,FORMAL_PROSPECTIVE_SHADOW_COHORT_V1,SERVER_TASK_RECORD
13,formal-v1-trial-013-attempt-0,0,TASK_RECORD,formal-v1/trial-013/attempt-0/process_result.json,437,b6b43ee44168f754f109ee5833751ff6910d8b70e1baefb701b15462a03678c6,e8ea8f3fda15ab81664829ea6f71fcb37f772ad613c13f61007856c16117791a,5e20a3f0504205e8d65b91033638c5af0909ed741212a04539dcfb37eda08fe2,FORMAL_PROSPECTIVE_SHADOW_COHORT_V1,SERVER_TASK_RECORD
13,formal-v1-trial-013-attempt-0,0,TASK_RECORD,formal-v1/trial-013/attempt-0/run/arm_activation.json,927,5c8da6c50aef57c8eb1b6000d75a0500c26eb080823f539be41962797325ff08,e8ea8f3fda15ab81664829ea6f71fcb37f772ad613c13f61007856c16117791a,5e20a3f0504205e8d65b91033638c5af0909ed741212a04539dcfb37eda08fe2,FORMAL_PROSPECTIVE_SHADOW_COHORT_V1,SERVER_TASK_RECORD
13,formal-v1-trial-013-attempt-0,0,TASK_RECORD,formal-v1/trial-013/attempt-0/run/environment_identity.json,1129,263bdfd655165972b0b6bfcd9c53f3c887dc55aedf538a55ba0246d5dd35b58b,e8ea8f3fda15ab81664829ea6f71fcb37f772ad613c13f61007856c16117791a,5e20a3f0504205e8d65b91033638c5af0909ed741212a04539dcfb37eda08fe2,FORMAL_PROSPECTIVE_SHADOW_COHORT_V1,SERVER_TASK_RECORD
13,formal-v1-trial-013-attempt-0,0,RAW_JSONL,formal-v1/trial-013/attempt-0/run/instrumentation/instrumentation_health_log.jsonl,58102,a09b3a37b91105c08029119b791478fefea7a24602433e2a25ceeff0a4e702ff,e8ea8f3fda15ab81664829ea6f71fcb37f772ad613c13f61007856c16117791a,5e20a3f0504205e8d65b91033638c5af0909ed741212a04539dcfb37eda08fe2,FORMAL_PROSPECTIVE_SHADOW_COHORT_V1,SERVER_ONLY_RAW
13,formal-v1-trial-013-attempt-0,0,TASK_RECORD,formal-v1/trial-013/attempt-0/run/instrumentation/map_authority_manifest.json,983,7c19db927e0a59f20cbd1edb905076e75f12562e341d6ec56d291423a356f586,e8ea8f3fda15ab81664829ea6f71fcb37f772ad613c13f61007856c16117791a,5e20a3f0504205e8d65b91033638c5af0909ed741212a04539dcfb37eda08fe2,FORMAL_PROSPECTIVE_SHADOW_COHORT_V1,SERVER_TASK_RECORD
13,formal-v1-trial-013-attempt-0,0,RAW_JSONL,formal-v1/trial-013/attempt-0/run/instrumentation/shadow_certificate_result_log.jsonl,162404,290c66b324365af11037cc941de1bd65d9dcbb502b06d3992b86719b3ecf4872,e8ea8f3fda15ab81664829ea6f71fcb37f772ad613c13f61007856c16117791a,5e20a3f0504205e8d65b91033638c5af0909ed741212a04539dcfb37eda08fe2,FORMAL_PROSPECTIVE_SHADOW_COHORT_V1,SERVER_ONLY_RAW
13,formal-v1-trial-013-attempt-0,0,RAW_JSONL,formal-v1/trial-013/attempt-0/run/instrumentation/step_capture_log.jsonl,296425,602a1d838b0b13e6caeac507ab382fe4ef93b578ca4e0e8b001d369a58505dd8,e8ea8f3fda15ab81664829ea6f71fcb37f772ad613c13f61007856c16117791a,5e20a3f0504205e8d65b91033638c5af0909ed741212a04539dcfb37eda08fe2,FORMAL_PROSPECTIVE_SHADOW_COHORT_V1,SERVER_ONLY_RAW
13,formal-v1-trial-013-attempt-0,0,TASK_RECORD,formal-v1/trial-013/attempt-0/run/primary_trace.json,251036,9d4c590c423c148480ce0c51a2844754c14f94ff2f8c4c31dc76f77bc2b296a0,e8ea8f3fda15ab81664829ea6f71fcb37f772ad613c13f61007856c16117791a,5e20a3f0504205e8d65b91033638c5af0909ed741212a04539dcfb37eda08fe2,FORMAL_PROSPECTIVE_SHADOW_COHORT_V1,SERVER_TASK_RECORD
13,formal-v1-trial-013-attempt-0,0,TASK_RECORD,formal-v1/trial-013/attempt-0/run/run_metadata.json,841,efdf3ab554ecdf9f3df59b060a3a531197f3ee00c4490b9c7abf195cb57965df,e8ea8f3fda15ab81664829ea6f71fcb37f772ad613c13f61007856c16117791a,5e20a3f0504205e8d65b91033638c5af0909ed741212a04539dcfb37eda08fe2,FORMAL_PROSPECTIVE_SHADOW_COHORT_V1,SERVER_TASK_RECORD
13,formal-v1-trial-013-attempt-0,0,TASK_RECORD,formal-v1/trial-013/attempt-0/run/trajs/stonehenge_ball-to-ellipsoid.json,101197,9f462f716fdfb9e029c2aa50896ef5c1579b9cb2d1af5690929477e257f6e97d,e8ea8f3fda15ab81664829ea6f71fcb37f772ad613c13f61007856c16117791a,5e20a3f0504205e8d65b91033638c5af0909ed741212a04539dcfb37eda08fe2,FORMAL_PROSPECTIVE_SHADOW_COHORT_V1,SERVER_TASK_RECORD
13,formal-v1-trial-013-attempt-0,0,LOG,formal-v1/trial-013/attempt-0/stderr.log,9672,0f8ed8669c805326ba79dc7dfc773c68960bfd95cfbe7d6132f281d4848560b6,e8ea8f3fda15ab81664829ea6f71fcb37f772ad613c13f61007856c16117791a,5e20a3f0504205e8d65b91033638c5af0909ed741212a04539dcfb37eda08fe2,FORMAL_PROSPECTIVE_SHADOW_COHORT_V1,SERVER_ONLY_RAW
13,formal-v1-trial-013-attempt-0,0,LOG,formal-v1/trial-013/attempt-0/stdout.log,1494,22d7d3550c2126bb22a58ed0bb8c6a31ea9bd072bdb4f2d8140057a51f83d81e,e8ea8f3fda15ab81664829ea6f71fcb37f772ad613c13f61007856c16117791a,5e20a3f0504205e8d65b91033638c5af0909ed741212a04539dcfb37eda08fe2,FORMAL_PROSPECTIVE_SHADOW_COHORT_V1,SERVER_ONLY_RAW
14,formal-v1-trial-014-attempt-0,0,TASK_RECORD,formal-v1/trial-014/attempt-0/formal_attempt_identity.json,839,fffbe406e45155d72f45853e9cb9a40ab9a4f1104235621d7fccd784f9812f2a,e8ea8f3fda15ab81664829ea6f71fcb37f772ad613c13f61007856c16117791a,5e20a3f0504205e8d65b91033638c5af0909ed741212a04539dcfb37eda08fe2,FORMAL_PROSPECTIVE_SHADOW_COHORT_V1,SERVER_TASK_RECORD
14,formal-v1-trial-014-attempt-0,0,TASK_RECORD,formal-v1/trial-014/attempt-0/outcome_blind_qc.json,1215,de6e4640235016ee49293ca708213ca97f5f10f82dd7362db0f75dc8abf72ce7,e8ea8f3fda15ab81664829ea6f71fcb37f772ad613c13f61007856c16117791a,5e20a3f0504205e8d65b91033638c5af0909ed741212a04539dcfb37eda08fe2,FORMAL_PROSPECTIVE_SHADOW_COHORT_V1,SERVER_TASK_RECORD
14,formal-v1-trial-014-attempt-0,0,TASK_RECORD,formal-v1/trial-014/attempt-0/process_result.json,437,8fbed69fa0d02aa1f6245e2a8e1e2f2569294ab5ca5816c2812d18cb8ae01970,e8ea8f3fda15ab81664829ea6f71fcb37f772ad613c13f61007856c16117791a,5e20a3f0504205e8d65b91033638c5af0909ed741212a04539dcfb37eda08fe2,FORMAL_PROSPECTIVE_SHADOW_COHORT_V1,SERVER_TASK_RECORD
14,formal-v1-trial-014-attempt-0,0,TASK_RECORD,formal-v1/trial-014/attempt-0/run/arm_activation.json,927,9ec41befb082c897e6adcec43f4e3028d10e31400d070c2c8733f1448a91464c,e8ea8f3fda15ab81664829ea6f71fcb37f772ad613c13f61007856c16117791a,5e20a3f0504205e8d65b91033638c5af0909ed741212a04539dcfb37eda08fe2,FORMAL_PROSPECTIVE_SHADOW_COHORT_V1,SERVER_TASK_RECORD
14,formal-v1-trial-014-attempt-0,0,TASK_RECORD,formal-v1/trial-014/attempt-0/run/environment_identity.json,1129,176adc881e6fb35a1b9f0d85f6087d7e313cfba1680f154ffcf17928b54bedc3,e8ea8f3fda15ab81664829ea6f71fcb37f772ad613c13f61007856c16117791a,5e20a3f0504205e8d65b91033638c5af0909ed741212a04539dcfb37eda08fe2,FORMAL_PROSPECTIVE_SHADOW_COHORT_V1,SERVER_TASK_RECORD
14,formal-v1-trial-014-attempt-0,0,RAW_JSONL,formal-v1/trial-014/attempt-0/run/instrumentation/instrumentation_health_log.jsonl,55210,afbaad988b292ab884a93e0dac3214019d32d4ee03fc75729609ef69f95aeac5,e8ea8f3fda15ab81664829ea6f71fcb37f772ad613c13f61007856c16117791a,5e20a3f0504205e8d65b91033638c5af0909ed741212a04539dcfb37eda08fe2,FORMAL_PROSPECTIVE_SHADOW_COHORT_V1,SERVER_ONLY_RAW
14,formal-v1-trial-014-attempt-0,0,TASK_RECORD,formal-v1/trial-014/attempt-0/run/instrumentation/map_authority_manifest.json,983,7c19db927e0a59f20cbd1edb905076e75f12562e341d6ec56d291423a356f586,e8ea8f3fda15ab81664829ea6f71fcb37f772ad613c13f61007856c16117791a,5e20a3f0504205e8d65b91033638c5af0909ed741212a04539dcfb37eda08fe2,FORMAL_PROSPECTIVE_SHADOW_COHORT_V1,SERVER_TASK_RECORD
14,formal-v1-trial-014-attempt-0,0,RAW_JSONL,formal-v1/trial-014/attempt-0/run/instrumentation/shadow_certificate_result_log.jsonl,154340,d3ec7c93d0b8c786fe21a36dbadf41ad4f26d37a65894f9cd395cfa7536f6b96,e8ea8f3fda15ab81664829ea6f71fcb37f772ad613c13f61007856c16117791a,5e20a3f0504205e8d65b91033638c5af0909ed741212a04539dcfb37eda08fe2,FORMAL_PROSPECTIVE_SHADOW_COHORT_V1,SERVER_ONLY_RAW
14,formal-v1-trial-014-attempt-0,0,RAW_JSONL,formal-v1/trial-014/attempt-0/run/instrumentation/step_capture_log.jsonl,281595,de857d9159362605230a0ccd323388b41dc935896afe4ba1725da21652e82cb8,e8ea8f3fda15ab81664829ea6f71fcb37f772ad613c13f61007856c16117791a,5e20a3f0504205e8d65b91033638c5af0909ed741212a04539dcfb37eda08fe2,FORMAL_PROSPECTIVE_SHADOW_COHORT_V1,SERVER_ONLY_RAW
14,formal-v1-trial-014-attempt-0,0,TASK_RECORD,formal-v1/trial-014/attempt-0/run/primary_trace.json,238548,bc620624eb9c4768545a5a639da2bae88bb8c073f25c128a0a9dad50627e23da,e8ea8f3fda15ab81664829ea6f71fcb37f772ad613c13f61007856c16117791a,5e20a3f0504205e8d65b91033638c5af0909ed741212a04539dcfb37eda08fe2,FORMAL_PROSPECTIVE_SHADOW_COHORT_V1,SERVER_TASK_RECORD
14,formal-v1-trial-014-attempt-0,0,TASK_RECORD,formal-v1/trial-014/attempt-0/run/run_metadata.json,841,91e1115bb4dbae775553dfb2a4fd09737bff1ab49384c4265898585ecac3fc27,e8ea8f3fda15ab81664829ea6f71fcb37f772ad613c13f61007856c16117791a,5e20a3f0504205e8d65b91033638c5af0909ed741212a04539dcfb37eda08fe2,FORMAL_PROSPECTIVE_SHADOW_COHORT_V1,SERVER_TASK_RECORD
14,formal-v1-trial-014-attempt-0,0,TASK_RECORD,formal-v1/trial-014/attempt-0/run/trajs/stonehenge_ball-to-ellipsoid.json,96118,60eaadb0c778e3f99d8e0326392378b917a9ba2423caf0010e6ad19c31ceb8fb,e8ea8f3fda15ab81664829ea6f71fcb37f772ad613c13f61007856c16117791a,5e20a3f0504205e8d65b91033638c5af0909ed741212a04539dcfb37eda08fe2,FORMAL_PROSPECTIVE_SHADOW_COHORT_V1,SERVER_TASK_RECORD
14,formal-v1-trial-014-attempt-0,0,LOG,formal-v1/trial-014/attempt-0/stderr.log,9186,059835d8ecbbb303974165dd0351edf8b2a6b563f1935de865be05fffa5a9470,e8ea8f3fda15ab81664829ea6f71fcb37f772ad613c13f61007856c16117791a,5e20a3f0504205e8d65b91033638c5af0909ed741212a04539dcfb37eda08fe2,FORMAL_PROSPECTIVE_SHADOW_COHORT_V1,SERVER_ONLY_RAW
14,formal-v1-trial-014-attempt-0,0,LOG,formal-v1/trial-014/attempt-0/stdout.log,1494,c517a72041aef74453833483f8f9893a7bd366d0f8609a55afc4eb59efc3de7c,e8ea8f3fda15ab81664829ea6f71fcb37f772ad613c13f61007856c16117791a,5e20a3f0504205e8d65b91033638c5af0909ed741212a04539dcfb37eda08fe2,FORMAL_PROSPECTIVE_SHADOW_COHORT_V1,SERVER_ONLY_RAW
15,formal-v1-trial-015-attempt-0,0,TASK_RECORD,formal-v1/trial-015/attempt-0/formal_attempt_identity.json,839,ef1b9d1ca80d199bc21f6092c7ed1bdf5de224ac5df0d9b5f3b4a2af29c19ab5,e8ea8f3fda15ab81664829ea6f71fcb37f772ad613c13f61007856c16117791a,5e20a3f0504205e8d65b91033638c5af0909ed741212a04539dcfb37eda08fe2,FORMAL_PROSPECTIVE_SHADOW_COHORT_V1,SERVER_TASK_RECORD
15,formal-v1-trial-015-attempt-0,0,TASK_RECORD,formal-v1/trial-015/attempt-0/outcome_blind_qc.json,1215,3df988315ce6b23f3e5e3192c6284a40bbd3688cc58638a556ddefce673de4b3,e8ea8f3fda15ab81664829ea6f71fcb37f772ad613c13f61007856c16117791a,5e20a3f0504205e8d65b91033638c5af0909ed741212a04539dcfb37eda08fe2,FORMAL_PROSPECTIVE_SHADOW_COHORT_V1,SERVER_TASK_RECORD
15,formal-v1-trial-015-attempt-0,0,TASK_RECORD,formal-v1/trial-015/attempt-0/process_result.json,437,bb22884293a775c3aff64a99b222c456e7e5c2a8e4fffac4fc11e289f692146f,e8ea8f3fda15ab81664829ea6f71fcb37f772ad613c13f61007856c16117791a,5e20a3f0504205e8d65b91033638c5af0909ed741212a04539dcfb37eda08fe2,FORMAL_PROSPECTIVE_SHADOW_COHORT_V1,SERVER_TASK_RECORD
15,formal-v1-trial-015-attempt-0,0,TASK_RECORD,formal-v1/trial-015/attempt-0/run/arm_activation.json,927,f2290bc257bca0c82c203cdf7c5df663af6d44740bb948d5a5bddf228a3f89fb,e8ea8f3fda15ab81664829ea6f71fcb37f772ad613c13f61007856c16117791a,5e20a3f0504205e8d65b91033638c5af0909ed741212a04539dcfb37eda08fe2,FORMAL_PROSPECTIVE_SHADOW_COHORT_V1,SERVER_TASK_RECORD
15,formal-v1-trial-015-attempt-0,0,TASK_RECORD,formal-v1/trial-015/attempt-0/run/environment_identity.json,1129,da1365f3b2b56d868379e3f14e14ee77a6ca9b0c7cd5e395ea7a0b245446c4ff,e8ea8f3fda15ab81664829ea6f71fcb37f772ad613c13f61007856c16117791a,5e20a3f0504205e8d65b91033638c5af0909ed741212a04539dcfb37eda08fe2,FORMAL_PROSPECTIVE_SHADOW_COHORT_V1,SERVER_TASK_RECORD
15,formal-v1-trial-015-attempt-0,0,RAW_JSONL,formal-v1/trial-015/attempt-0/run/instrumentation/instrumentation_health_log.jsonl,60994,d4f3285a941ab9f3d9cbe2da08c5fcf0ce8b8ad30b189babdb86a268e39934be,e8ea8f3fda15ab81664829ea6f71fcb37f772ad613c13f61007856c16117791a,5e20a3f0504205e8d65b91033638c5af0909ed741212a04539dcfb37eda08fe2,FORMAL_PROSPECTIVE_SHADOW_COHORT_V1,SERVER_ONLY_RAW
15,formal-v1-trial-015-attempt-0,0,TASK_RECORD,formal-v1/trial-015/attempt-0/run/instrumentation/map_authority_manifest.json,983,7c19db927e0a59f20cbd1edb905076e75f12562e341d6ec56d291423a356f586,e8ea8f3fda15ab81664829ea6f71fcb37f772ad613c13f61007856c16117791a,5e20a3f0504205e8d65b91033638c5af0909ed741212a04539dcfb37eda08fe2,FORMAL_PROSPECTIVE_SHADOW_COHORT_V1,SERVER_TASK_RECORD
15,formal-v1-trial-015-attempt-0,0,RAW_JSONL,formal-v1/trial-015/attempt-0/run/instrumentation/shadow_certificate_result_log.jsonl,170468,569fee04855b5be97a6908a8d746e104cb71414c168a3438079633185df3f30a,e8ea8f3fda15ab81664829ea6f71fcb37f772ad613c13f61007856c16117791a,5e20a3f0504205e8d65b91033638c5af0909ed741212a04539dcfb37eda08fe2,FORMAL_PROSPECTIVE_SHADOW_COHORT_V1,SERVER_ONLY_RAW
15,formal-v1-trial-015-attempt-0,0,RAW_JSONL,formal-v1/trial-015/attempt-0/run/instrumentation/step_capture_log.jsonl,311024,65d417c9361edc906c54005d3dd01249f90752ed930095f22768099ce9ab979b,e8ea8f3fda15ab81664829ea6f71fcb37f772ad613c13f61007856c16117791a,5e20a3f0504205e8d65b91033638c5af0909ed741212a04539dcfb37eda08fe2,FORMAL_PROSPECTIVE_SHADOW_COHORT_V1,SERVER_ONLY_RAW
15,formal-v1-trial-015-attempt-0,0,TASK_RECORD,formal-v1/trial-015/attempt-0/run/primary_trace.json,263366,4f5f95340bf458907ddd7699c4dc7227594a0338493013521afc9869c7a5f1c6,e8ea8f3fda15ab81664829ea6f71fcb37f772ad613c13f61007856c16117791a,5e20a3f0504205e8d65b91033638c5af0909ed741212a04539dcfb37eda08fe2,FORMAL_PROSPECTIVE_SHADOW_COHORT_V1,SERVER_TASK_RECORD
15,formal-v1-trial-015-attempt-0,0,TASK_RECORD,formal-v1/trial-015/attempt-0/run/run_metadata.json,841,60dbb9a2e601da3d323de9ebda74c3ad38629f52d29d3ad1646b76b5f0f9843b,e8ea8f3fda15ab81664829ea6f71fcb37f772ad613c13f61007856c16117791a,5e20a3f0504205e8d65b91033638c5af0909ed741212a04539dcfb37eda08fe2,FORMAL_PROSPECTIVE_SHADOW_COHORT_V1,SERVER_TASK_RECORD
15,formal-v1-trial-015-attempt-0,0,TASK_RECORD,formal-v1/trial-015/attempt-0/run/trajs/stonehenge_ball-to-ellipsoid.json,106173,b3b4e9a9ac0c82574010cee0bdc105a1ce942310710b3b0a3ce93c0780603953,e8ea8f3fda15ab81664829ea6f71fcb37f772ad613c13f61007856c16117791a,5e20a3f0504205e8d65b91033638c5af0909ed741212a04539dcfb37eda08fe2,FORMAL_PROSPECTIVE_SHADOW_COHORT_V1,SERVER_TASK_RECORD
15,formal-v1-trial-015-attempt-0,0,LOG,formal-v1/trial-015/attempt-0/stderr.log,10158,ba3f19100c598623600d5a8098920385f31920b6b2779cb2c62e3404cf180bae,e8ea8f3fda15ab81664829ea6f71fcb37f772ad613c13f61007856c16117791a,5e20a3f0504205e8d65b91033638c5af0909ed741212a04539dcfb37eda08fe2,FORMAL_PROSPECTIVE_SHADOW_COHORT_V1,SERVER_ONLY_RAW
15,formal-v1-trial-015-attempt-0,0,LOG,formal-v1/trial-015/attempt-0/stdout.log,1494,d7dcf5b2948f381a53f3f967b6ea378bbe34802bf3953c32f40f58ad98c109f2,e8ea8f3fda15ab81664829ea6f71fcb37f772ad613c13f61007856c16117791a,5e20a3f0504205e8d65b91033638c5af0909ed741212a04539dcfb37eda08fe2,FORMAL_PROSPECTIVE_SHADOW_COHORT_V1,SERVER_ONLY_RAW
16,formal-v1-trial-016-attempt-0,0,TASK_RECORD,formal-v1/trial-016/attempt-0/formal_attempt_identity.json,839,0512b5b5732ed6f8deb9c961754ff1cbdd36e2c133e41894161e47c31ad4fe7a,e8ea8f3fda15ab81664829ea6f71fcb37f772ad613c13f61007856c16117791a,5e20a3f0504205e8d65b91033638c5af0909ed741212a04539dcfb37eda08fe2,FORMAL_PROSPECTIVE_SHADOW_COHORT_V1,SERVER_TASK_RECORD
16,formal-v1-trial-016-attempt-0,0,TASK_RECORD,formal-v1/trial-016/attempt-0/outcome_blind_qc.json,1211,e7962468ddf82a9d999791295d52b8eb5876c7dce3622eaeef23fb76f7fd8461,e8ea8f3fda15ab81664829ea6f71fcb37f772ad613c13f61007856c16117791a,5e20a3f0504205e8d65b91033638c5af0909ed741212a04539dcfb37eda08fe2,FORMAL_PROSPECTIVE_SHADOW_COHORT_V1,SERVER_TASK_RECORD
16,formal-v1-trial-016-attempt-0,0,TASK_RECORD,formal-v1/trial-016/attempt-0/process_result.json,433,eac6d737ebcbb13f58f13cf945b6ebb7b7eec2055e5c455e542acbd46732b91d,e8ea8f3fda15ab81664829ea6f71fcb37f772ad613c13f61007856c16117791a,5e20a3f0504205e8d65b91033638c5af0909ed741212a04539dcfb37eda08fe2,FORMAL_PROSPECTIVE_SHADOW_COHORT_V1,SERVER_TASK_RECORD
16,formal-v1-trial-016-attempt-0,0,TASK_RECORD,formal-v1/trial-016/attempt-0/run/arm_activation.json,922,323045b24d1136c386b20551a7bc6f29d09ef0cc33b5f76d0c68a0b42f62065e,e8ea8f3fda15ab81664829ea6f71fcb37f772ad613c13f61007856c16117791a,5e20a3f0504205e8d65b91033638c5af0909ed741212a04539dcfb37eda08fe2,FORMAL_PROSPECTIVE_SHADOW_COHORT_V1,SERVER_TASK_RECORD
16,formal-v1-trial-016-attempt-0,0,TASK_RECORD,formal-v1/trial-016/attempt-0/run/environment_identity.json,1129,e42ed7e5ddaa88a72e2b93c4ef07123a2d206f40092955f9eaf12d5f38d48802,e8ea8f3fda15ab81664829ea6f71fcb37f772ad613c13f61007856c16117791a,5e20a3f0504205e8d65b91033638c5af0909ed741212a04539dcfb37eda08fe2,FORMAL_PROSPECTIVE_SHADOW_COHORT_V1,SERVER_TASK_RECORD
16,formal-v1-trial-016-attempt-0,0,RAW_JSONL,formal-v1/trial-016/attempt-0/run/instrumentation/instrumentation_health_log.jsonl,16780,607e026bc4548c0abf3c31f6525429deac8986914c87c8c6a649d320096f0054,e8ea8f3fda15ab81664829ea6f71fcb37f772ad613c13f61007856c16117791a,5e20a3f0504205e8d65b91033638c5af0909ed741212a04539dcfb37eda08fe2,FORMAL_PROSPECTIVE_SHADOW_COHORT_V1,SERVER_ONLY_RAW
16,formal-v1-trial-016-attempt-0,0,TASK_RECORD,formal-v1/trial-016/attempt-0/run/instrumentation/map_authority_manifest.json,983,7c19db927e0a59f20cbd1edb905076e75f12562e341d6ec56d291423a356f586,e8ea8f3fda15ab81664829ea6f71fcb37f772ad613c13f61007856c16117791a,5e20a3f0504205e8d65b91033638c5af0909ed741212a04539dcfb37eda08fe2,FORMAL_PROSPECTIVE_SHADOW_COHORT_V1,SERVER_TASK_RECORD
16,formal-v1-trial-016-attempt-0,0,RAW_JSONL,formal-v1/trial-016/attempt-0/run/instrumentation/shadow_certificate_result_log.jsonl,46950,4c7a4ab4e429273c7ee7a23605fd11d7a957882e2ae4a1d58bbe600991aef14b,e8ea8f3fda15ab81664829ea6f71fcb37f772ad613c13f61007856c16117791a,5e20a3f0504205e8d65b91033638c5af0909ed741212a04539dcfb37eda08fe2,FORMAL_PROSPECTIVE_SHADOW_COHORT_V1,SERVER_ONLY_RAW
16,formal-v1-trial-016-attempt-0,0,RAW_JSONL,formal-v1/trial-016/attempt-0/run/instrumentation/step_capture_log.jsonl,85479,c4e6de5704fb75b8b5dff94b5b135b0aeffeca3c8f886b3aad57ef4fb6ce4e68,e8ea8f3fda15ab81664829ea6f71fcb37f772ad613c13f61007856c16117791a,5e20a3f0504205e8d65b91033638c5af0909ed741212a04539dcfb37eda08fe2,FORMAL_PROSPECTIVE_SHADOW_COHORT_V1,SERVER_ONLY_RAW
16,formal-v1-trial-016-attempt-0,0,TASK_RECORD,formal-v1/trial-016/attempt-0/run/primary_trace.json,72593,e097f87ebe139315498a76b1434abf4ef6362a224be1a87d141548f3e6ea7129,e8ea8f3fda15ab81664829ea6f71fcb37f772ad613c13f61007856c16117791a,5e20a3f0504205e8d65b91033638c5af0909ed741212a04539dcfb37eda08fe2,FORMAL_PROSPECTIVE_SHADOW_COHORT_V1,SERVER_TASK_RECORD
16,formal-v1-trial-016-attempt-0,0,TASK_RECORD,formal-v1/trial-016/attempt-0/run/run_metadata.json,840,929bb8882b67698e8abc406e1943fed6c33820ebf12eeef2004aa6bc58725700,e8ea8f3fda15ab81664829ea6f71fcb37f772ad613c13f61007856c16117791a,5e20a3f0504205e8d65b91033638c5af0909ed741212a04539dcfb37eda08fe2,FORMAL_PROSPECTIVE_SHADOW_COHORT_V1,SERVER_TASK_RECORD
16,formal-v1-trial-016-attempt-0,0,TASK_RECORD,formal-v1/trial-016/attempt-0/run/trajs/stonehenge_ball-to-ellipsoid.json,29824,38afffb5b6069fe455944f8416167194f5b6534efaa2d7a4456fb1f5e068b84c,e8ea8f3fda15ab81664829ea6f71fcb37f772ad613c13f61007856c16117791a,5e20a3f0504205e8d65b91033638c5af0909ed741212a04539dcfb37eda08fe2,FORMAL_PROSPECTIVE_SHADOW_COHORT_V1,SERVER_TASK_RECORD
16,formal-v1-trial-016-attempt-0,0,LOG,formal-v1/trial-016/attempt-0/stderr.log,2954,4492ebc270b754e65253cf1706d0125465e217914a41b1669d05a163a41fa20a,e8ea8f3fda15ab81664829ea6f71fcb37f772ad613c13f61007856c16117791a,5e20a3f0504205e8d65b91033638c5af0909ed741212a04539dcfb37eda08fe2,FORMAL_PROSPECTIVE_SHADOW_COHORT_V1,SERVER_ONLY_RAW
16,formal-v1-trial-016-attempt-0,0,LOG,formal-v1/trial-016/attempt-0/stdout.log,1493,e7359520c7b58c01c86892acf84c20dfa4b8147e41922989a2674b13d6630602,e8ea8f3fda15ab81664829ea6f71fcb37f772ad613c13f61007856c16117791a,5e20a3f0504205e8d65b91033638c5af0909ed741212a04539dcfb37eda08fe2,FORMAL_PROSPECTIVE_SHADOW_COHORT_V1,SERVER_ONLY_RAW
17,formal-v1-trial-017-attempt-0,0,TASK_RECORD,formal-v1/trial-017/attempt-0/formal_attempt_identity.json,839,e314efa7c65383dbac265dc6b88cd37b64bdeb514503bd3d8a09ee1d5ac922fd,e8ea8f3fda15ab81664829ea6f71fcb37f772ad613c13f61007856c16117791a,5e20a3f0504205e8d65b91033638c5af0909ed741212a04539dcfb37eda08fe2,FORMAL_PROSPECTIVE_SHADOW_COHORT_V1,SERVER_TASK_RECORD
17,formal-v1-trial-017-attempt-0,0,TASK_RECORD,formal-v1/trial-017/attempt-0/outcome_blind_qc.json,1215,b2e6f76bc8bcce1a398e7449b0d24fef4ec5ab65b34d2f57382ddc1ee51ea779,e8ea8f3fda15ab81664829ea6f71fcb37f772ad613c13f61007856c16117791a,5e20a3f0504205e8d65b91033638c5af0909ed741212a04539dcfb37eda08fe2,FORMAL_PROSPECTIVE_SHADOW_COHORT_V1,SERVER_TASK_RECORD
17,formal-v1-trial-017-attempt-0,0,TASK_RECORD,formal-v1/trial-017/attempt-0/process_result.json,437,67e8b5fffbb1d9fdb7dc68c407092a750ba513602142c16e645c4d1dbfbd715b,e8ea8f3fda15ab81664829ea6f71fcb37f772ad613c13f61007856c16117791a,5e20a3f0504205e8d65b91033638c5af0909ed741212a04539dcfb37eda08fe2,FORMAL_PROSPECTIVE_SHADOW_COHORT_V1,SERVER_TASK_RECORD
17,formal-v1-trial-017-attempt-0,0,TASK_RECORD,formal-v1/trial-017/attempt-0/run/arm_activation.json,927,640ca5427ad8dbe58fe749bcaa9395828c6b9f5ce87ada5df0885c8ef5c0a831,e8ea8f3fda15ab81664829ea6f71fcb37f772ad613c13f61007856c16117791a,5e20a3f0504205e8d65b91033638c5af0909ed741212a04539dcfb37eda08fe2,FORMAL_PROSPECTIVE_SHADOW_COHORT_V1,SERVER_TASK_RECORD
17,formal-v1-trial-017-attempt-0,0,TASK_RECORD,formal-v1/trial-017/attempt-0/run/environment_identity.json,1129,b9df5727f512e20360035eb3a7230a9885ed4042e40b224a3f502fdb5b70a474,e8ea8f3fda15ab81664829ea6f71fcb37f772ad613c13f61007856c16117791a,5e20a3f0504205e8d65b91033638c5af0909ed741212a04539dcfb37eda08fe2,FORMAL_PROSPECTIVE_SHADOW_COHORT_V1,SERVER_TASK_RECORD
17,formal-v1-trial-017-attempt-0,0,RAW_JSONL,formal-v1/trial-017/attempt-0/run/instrumentation/instrumentation_health_log.jsonl,85094,c03ee7ba07d9c8f0835c65c067073646d9121c88d294287e6e44115572d9580e,e8ea8f3fda15ab81664829ea6f71fcb37f772ad613c13f61007856c16117791a,5e20a3f0504205e8d65b91033638c5af0909ed741212a04539dcfb37eda08fe2,FORMAL_PROSPECTIVE_SHADOW_COHORT_V1,SERVER_ONLY_RAW
17,formal-v1-trial-017-attempt-0,0,TASK_RECORD,formal-v1/trial-017/attempt-0/run/instrumentation/map_authority_manifest.json,983,7c19db927e0a59f20cbd1edb905076e75f12562e341d6ec56d291423a356f586,e8ea8f3fda15ab81664829ea6f71fcb37f772ad613c13f61007856c16117791a,5e20a3f0504205e8d65b91033638c5af0909ed741212a04539dcfb37eda08fe2,FORMAL_PROSPECTIVE_SHADOW_COHORT_V1,SERVER_TASK_RECORD
17,formal-v1-trial-017-attempt-0,0,RAW_JSONL,formal-v1/trial-017/attempt-0/run/instrumentation/shadow_certificate_result_log.jsonl,237668,207e02d48981ea8ea91809922f6d47eb7f4e06b7280ac945ca35f67f45c43a66,e8ea8f3fda15ab81664829ea6f71fcb37f772ad613c13f61007856c16117791a,5e20a3f0504205e8d65b91033638c5af0909ed741212a04539dcfb37eda08fe2,FORMAL_PROSPECTIVE_SHADOW_COHORT_V1,SERVER_ONLY_RAW
17,formal-v1-trial-017-attempt-0,0,RAW_JSONL,formal-v1/trial-017/attempt-0/run/instrumentation/step_capture_log.jsonl,433944,7d02611d2345130a7240219e064961cb68e83c25286c67952b0b70a84c0b5c1f,e8ea8f3fda15ab81664829ea6f71fcb37f772ad613c13f61007856c16117791a,5e20a3f0504205e8d65b91033638c5af0909ed741212a04539dcfb37eda08fe2,FORMAL_PROSPECTIVE_SHADOW_COHORT_V1,SERVER_ONLY_RAW
17,formal-v1-trial-017-attempt-0,0,TASK_RECORD,formal-v1/trial-017/attempt-0/run/primary_trace.json,367322,7210d8d816785610ede529b294f3f906c4464334fed8cb287955967a5e76c8eb,e8ea8f3fda15ab81664829ea6f71fcb37f772ad613c13f61007856c16117791a,5e20a3f0504205e8d65b91033638c5af0909ed741212a04539dcfb37eda08fe2,FORMAL_PROSPECTIVE_SHADOW_COHORT_V1,SERVER_TASK_RECORD
17,formal-v1-trial-017-attempt-0,0,TASK_RECORD,formal-v1/trial-017/attempt-0/run/run_metadata.json,841,1031baefa1e50344987474113506b5364e65a26a664425ea2a0ce585066fb757,e8ea8f3fda15ab81664829ea6f71fcb37f772ad613c13f61007856c16117791a,5e20a3f0504205e8d65b91033638c5af0909ed741212a04539dcfb37eda08fe2,FORMAL_PROSPECTIVE_SHADOW_COHORT_V1,SERVER_TASK_RECORD
17,formal-v1-trial-017-attempt-0,0,TASK_RECORD,formal-v1/trial-017/attempt-0/run/trajs/stonehenge_ball-to-ellipsoid.json,147776,69d73d70df99261a99c1bd2c204805d3c1ce5b3c1a34eb9a4ddc0b03348a1086,e8ea8f3fda15ab81664829ea6f71fcb37f772ad613c13f61007856c16117791a,5e20a3f0504205e8d65b91033638c5af0909ed741212a04539dcfb37eda08fe2,FORMAL_PROSPECTIVE_SHADOW_COHORT_V1,SERVER_TASK_RECORD
17,formal-v1-trial-017-attempt-0,0,LOG,formal-v1/trial-017/attempt-0/stderr.log,14250,e3d09dfa85891bcde32eb0225e067cec8030e34c52e298ac59bb7be56944db43,e8ea8f3fda15ab81664829ea6f71fcb37f772ad613c13f61007856c16117791a,5e20a3f0504205e8d65b91033638c5af0909ed741212a04539dcfb37eda08fe2,FORMAL_PROSPECTIVE_SHADOW_COHORT_V1,SERVER_ONLY_RAW
17,formal-v1-trial-017-attempt-0,0,LOG,formal-v1/trial-017/attempt-0/stdout.log,1494,69dabadfb65a37962e4beb541e331fb2f81ad4fbc111bb8ce0544f9906dcbb2c,e8ea8f3fda15ab81664829ea6f71fcb37f772ad613c13f61007856c16117791a,5e20a3f0504205e8d65b91033638c5af0909ed741212a04539dcfb37eda08fe2,FORMAL_PROSPECTIVE_SHADOW_COHORT_V1,SERVER_ONLY_RAW
18,formal-v1-trial-018-attempt-0,0,TASK_RECORD,formal-v1/trial-018/attempt-0/formal_attempt_identity.json,839,0e140fe585f0afa3a597c716b9cf5fff6ab0586315b4dab5e7d5eec84eaefbfc,e8ea8f3fda15ab81664829ea6f71fcb37f772ad613c13f61007856c16117791a,5e20a3f0504205e8d65b91033638c5af0909ed741212a04539dcfb37eda08fe2,FORMAL_PROSPECTIVE_SHADOW_COHORT_V1,SERVER_TASK_RECORD
18,formal-v1-trial-018-attempt-0,0,TASK_RECORD,formal-v1/trial-018/attempt-0/outcome_blind_qc.json,1215,4fcaea21545804ca80a405530fdb5a7063bebd9cbe4f7ec8845072dc07788f08,e8ea8f3fda15ab81664829ea6f71fcb37f772ad613c13f61007856c16117791a,5e20a3f0504205e8d65b91033638c5af0909ed741212a04539dcfb37eda08fe2,FORMAL_PROSPECTIVE_SHADOW_COHORT_V1,SERVER_TASK_RECORD
18,formal-v1-trial-018-attempt-0,0,TASK_RECORD,formal-v1/trial-018/attempt-0/process_result.json,437,0d9aa40f726351d1264f6ca7bac4f88eddd1725ac9df42f2e3a529306beda49a,e8ea8f3fda15ab81664829ea6f71fcb37f772ad613c13f61007856c16117791a,5e20a3f0504205e8d65b91033638c5af0909ed741212a04539dcfb37eda08fe2,FORMAL_PROSPECTIVE_SHADOW_COHORT_V1,SERVER_TASK_RECORD
18,formal-v1-trial-018-attempt-0,0,TASK_RECORD,formal-v1/trial-018/attempt-0/run/arm_activation.json,927,1fdfc4ebc39e4dae63fc0bfe8e1ec4a987bf8ba1f1979d31faa2f93bf6af0bac,e8ea8f3fda15ab81664829ea6f71fcb37f772ad613c13f61007856c16117791a,5e20a3f0504205e8d65b91033638c5af0909ed741212a04539dcfb37eda08fe2,FORMAL_PROSPECTIVE_SHADOW_COHORT_V1,SERVER_TASK_RECORD
18,formal-v1-trial-018-attempt-0,0,TASK_RECORD,formal-v1/trial-018/attempt-0/run/environment_identity.json,1129,27f952690f80aa8e3d8a025f134600bc4dcc48986743a45b8091ddca3876c87d,e8ea8f3fda15ab81664829ea6f71fcb37f772ad613c13f61007856c16117791a,5e20a3f0504205e8d65b91033638c5af0909ed741212a04539dcfb37eda08fe2,FORMAL_PROSPECTIVE_SHADOW_COHORT_V1,SERVER_TASK_RECORD
18,formal-v1-trial-018-attempt-0,0,RAW_JSONL,formal-v1/trial-018/attempt-0/run/instrumentation/instrumentation_health_log.jsonl,200774,b6869640e3cfa98379bddc6843bde83703c2a9420e99041891a73c691578819f,e8ea8f3fda15ab81664829ea6f71fcb37f772ad613c13f61007856c16117791a,5e20a3f0504205e8d65b91033638c5af0909ed741212a04539dcfb37eda08fe2,FORMAL_PROSPECTIVE_SHADOW_COHORT_V1,SERVER_ONLY_RAW
18,formal-v1-trial-018-attempt-0,0,TASK_RECORD,formal-v1/trial-018/attempt-0/run/instrumentation/map_authority_manifest.json,983,7c19db927e0a59f20cbd1edb905076e75f12562e341d6ec56d291423a356f586,e8ea8f3fda15ab81664829ea6f71fcb37f772ad613c13f61007856c16117791a,5e20a3f0504205e8d65b91033638c5af0909ed741212a04539dcfb37eda08fe2,FORMAL_PROSPECTIVE_SHADOW_COHORT_V1,SERVER_TASK_RECORD
18,formal-v1-trial-018-attempt-0,0,RAW_JSONL,formal-v1/trial-018/attempt-0/run/instrumentation/shadow_certificate_result_log.jsonl,560228,4e16f212a52cae3fcd9901bfc96e82fcfae5faa0d473d8b9490f0a32786f7e20,e8ea8f3fda15ab81664829ea6f71fcb37f772ad613c13f61007856c16117791a,5e20a3f0504205e8d65b91033638c5af0909ed741212a04539dcfb37eda08fe2,FORMAL_PROSPECTIVE_SHADOW_COHORT_V1,SERVER_ONLY_RAW
18,formal-v1-trial-018-attempt-0,0,RAW_JSONL,formal-v1/trial-018/attempt-0/run/instrumentation/step_capture_log.jsonl,1024785,da695fd4c961b8084954a3f45526fd25679672c5763b48597645046037794193,e8ea8f3fda15ab81664829ea6f71fcb37f772ad613c13f61007856c16117791a,5e20a3f0504205e8d65b91033638c5af0909ed741212a04539dcfb37eda08fe2,FORMAL_PROSPECTIVE_SHADOW_COHORT_V1,SERVER_ONLY_RAW
18,formal-v1-trial-018-attempt-0,0,TASK_RECORD,formal-v1/trial-018/attempt-0/run/primary_trace.json,867582,e0a6a34d556a28504bd4957055328c33ead2a4252648e4818fdbd6fd48fde37d,e8ea8f3fda15ab81664829ea6f71fcb37f772ad613c13f61007856c16117791a,5e20a3f0504205e8d65b91033638c5af0909ed741212a04539dcfb37eda08fe2,FORMAL_PROSPECTIVE_SHADOW_COHORT_V1,SERVER_TASK_RECORD
18,formal-v1-trial-018-attempt-0,0,TASK_RECORD,formal-v1/trial-018/attempt-0/run/run_metadata.json,841,c5945932b0896d0b8751c7cc207a5df3c6992c2d1115a09a6f2e482ac30df931,e8ea8f3fda15ab81664829ea6f71fcb37f772ad613c13f61007856c16117791a,5e20a3f0504205e8d65b91033638c5af0909ed741212a04539dcfb37eda08fe2,FORMAL_PROSPECTIVE_SHADOW_COHORT_V1,SERVER_TASK_RECORD
18,formal-v1-trial-018-attempt-0,0,TASK_RECORD,formal-v1/trial-018/attempt-0/run/trajs/stonehenge_ball-to-ellipsoid.json,348376,720746aa5682d679b1c60b4207f3fd5b08b4bb7ec3397b09978757489fe954e9,e8ea8f3fda15ab81664829ea6f71fcb37f772ad613c13f61007856c16117791a,5e20a3f0504205e8d65b91033638c5af0909ed741212a04539dcfb37eda08fe2,FORMAL_PROSPECTIVE_SHADOW_COHORT_V1,SERVER_TASK_RECORD
18,formal-v1-trial-018-attempt-0,0,LOG,formal-v1/trial-018/attempt-0/stderr.log,35280,7c78939cb109534486d40f13e263f838cd0fabea9ebfc0883f85207b42a0f103,e8ea8f3fda15ab81664829ea6f71fcb37f772ad613c13f61007856c16117791a,5e20a3f0504205e8d65b91033638c5af0909ed741212a04539dcfb37eda08fe2,FORMAL_PROSPECTIVE_SHADOW_COHORT_V1,SERVER_ONLY_RAW
18,formal-v1-trial-018-attempt-0,0,LOG,formal-v1/trial-018/attempt-0/stdout.log,1495,15bb2923cc0b820941857e4cac088dcd26994dded12215e39ed64f1d73aa9de1,e8ea8f3fda15ab81664829ea6f71fcb37f772ad613c13f61007856c16117791a,5e20a3f0504205e8d65b91033638c5af0909ed741212a04539dcfb37eda08fe2,FORMAL_PROSPECTIVE_SHADOW_COHORT_V1,SERVER_ONLY_RAW
19,formal-v1-trial-019-attempt-0,0,TASK_RECORD,formal-v1/trial-019/attempt-0/formal_attempt_identity.json,839,884ef7186803b8e82d5f4f211cecb7a73d47cb9742a3b6e5f79e011318ed0cc5,e8ea8f3fda15ab81664829ea6f71fcb37f772ad613c13f61007856c16117791a,5e20a3f0504205e8d65b91033638c5af0909ed741212a04539dcfb37eda08fe2,FORMAL_PROSPECTIVE_SHADOW_COHORT_V1,SERVER_TASK_RECORD
19,formal-v1-trial-019-attempt-0,0,TASK_RECORD,formal-v1/trial-019/attempt-0/outcome_blind_qc.json,1215,ddd97c5a3c87a786f5c9417496f01efad41230c1535f30a7b63521dffed1b412,e8ea8f3fda15ab81664829ea6f71fcb37f772ad613c13f61007856c16117791a,5e20a3f0504205e8d65b91033638c5af0909ed741212a04539dcfb37eda08fe2,FORMAL_PROSPECTIVE_SHADOW_COHORT_V1,SERVER_TASK_RECORD
19,formal-v1-trial-019-attempt-0,0,TASK_RECORD,formal-v1/trial-019/attempt-0/process_result.json,437,0c1c8e14072a3dbbc466a050cdf5cde142951203cb6444cb40fc9f9a025f828b,e8ea8f3fda15ab81664829ea6f71fcb37f772ad613c13f61007856c16117791a,5e20a3f0504205e8d65b91033638c5af0909ed741212a04539dcfb37eda08fe2,FORMAL_PROSPECTIVE_SHADOW_COHORT_V1,SERVER_TASK_RECORD
19,formal-v1-trial-019-attempt-0,0,TASK_RECORD,formal-v1/trial-019/attempt-0/run/arm_activation.json,927,6c377c2f6ee24a5013e673ec283cdce820fcad164f5c0f1007a8f24054360e26,e8ea8f3fda15ab81664829ea6f71fcb37f772ad613c13f61007856c16117791a,5e20a3f0504205e8d65b91033638c5af0909ed741212a04539dcfb37eda08fe2,FORMAL_PROSPECTIVE_SHADOW_COHORT_V1,SERVER_TASK_RECORD
19,formal-v1-trial-019-attempt-0,0,TASK_RECORD,formal-v1/trial-019/attempt-0/run/environment_identity.json,1129,a0c9b030a7bc65b5a3be646d38300d4b98303fc4bcf8e072589a1ebbee5cdaca,e8ea8f3fda15ab81664829ea6f71fcb37f772ad613c13f61007856c16117791a,5e20a3f0504205e8d65b91033638c5af0909ed741212a04539dcfb37eda08fe2,FORMAL_PROSPECTIVE_SHADOW_COHORT_V1,SERVER_TASK_RECORD
19,formal-v1-trial-019-attempt-0,0,RAW_JSONL,formal-v1/trial-019/attempt-0/run/instrumentation/instrumentation_health_log.jsonl,195472,a0c7a0ac76d178fd803d9d483d0a18647bc616f10693ad59b8650d5fdf9ce005,e8ea8f3fda15ab81664829ea6f71fcb37f772ad613c13f61007856c16117791a,5e20a3f0504205e8d65b91033638c5af0909ed741212a04539dcfb37eda08fe2,FORMAL_PROSPECTIVE_SHADOW_COHORT_V1,SERVER_ONLY_RAW
19,formal-v1-trial-019-attempt-0,0,TASK_RECORD,formal-v1/trial-019/attempt-0/run/instrumentation/map_authority_manifest.json,983,7c19db927e0a59f20cbd1edb905076e75f12562e341d6ec56d291423a356f586,e8ea8f3fda15ab81664829ea6f71fcb37f772ad613c13f61007856c16117791a,5e20a3f0504205e8d65b91033638c5af0909ed741212a04539dcfb37eda08fe2,FORMAL_PROSPECTIVE_SHADOW_COHORT_V1,SERVER_TASK_RECORD
19,formal-v1-trial-019-attempt-0,0,RAW_JSONL,formal-v1/trial-019/attempt-0/run/instrumentation/shadow_certificate_result_log.jsonl,545444,5c73307d10302d4413f42185ad332bc01c0b30c8a7a41ec70a71deeb44d55682,e8ea8f3fda15ab81664829ea6f71fcb37f772ad613c13f61007856c16117791a,5e20a3f0504205e8d65b91033638c5af0909ed741212a04539dcfb37eda08fe2,FORMAL_PROSPECTIVE_SHADOW_COHORT_V1,SERVER_ONLY_RAW
19,formal-v1-trial-019-attempt-0,0,RAW_JSONL,formal-v1/trial-019/attempt-0/run/instrumentation/step_capture_log.jsonl,997850,91bfcac934bd7967fe0e3651e82c1acd98bf5e4450a4405874f2d4639f2cb365,e8ea8f3fda15ab81664829ea6f71fcb37f772ad613c13f61007856c16117791a,5e20a3f0504205e8d65b91033638c5af0909ed741212a04539dcfb37eda08fe2,FORMAL_PROSPECTIVE_SHADOW_COHORT_V1,SERVER_ONLY_RAW
19,formal-v1-trial-019-attempt-0,0,TASK_RECORD,formal-v1/trial-019/attempt-0/run/primary_trace.json,844911,542c370a2eb467e88d44f65927655b95dd8168a279e785c3c0125a2c9ac6d287,e8ea8f3fda15ab81664829ea6f71fcb37f772ad613c13f61007856c16117791a,5e20a3f0504205e8d65b91033638c5af0909ed741212a04539dcfb37eda08fe2,FORMAL_PROSPECTIVE_SHADOW_COHORT_V1,SERVER_TASK_RECORD
19,formal-v1-trial-019-attempt-0,0,TASK_RECORD,formal-v1/trial-019/attempt-0/run/run_metadata.json,841,557495988286621a0a96890bc61649f9214d58348369e1d0f11f4b3353fcc40c,e8ea8f3fda15ab81664829ea6f71fcb37f772ad613c13f61007856c16117791a,5e20a3f0504205e8d65b91033638c5af0909ed741212a04539dcfb37eda08fe2,FORMAL_PROSPECTIVE_SHADOW_COHORT_V1,SERVER_TASK_RECORD
19,formal-v1-trial-019-attempt-0,0,TASK_RECORD,formal-v1/trial-019/attempt-0/run/trajs/stonehenge_ball-to-ellipsoid.json,339305,41a15abe0a5449f8928c2fd7c50cd3b47cd82b06704bc490a86adf18ec2a7749,e8ea8f3fda15ab81664829ea6f71fcb37f772ad613c13f61007856c16117791a,5e20a3f0504205e8d65b91033638c5af0909ed741212a04539dcfb37eda08fe2,FORMAL_PROSPECTIVE_SHADOW_COHORT_V1,SERVER_TASK_RECORD
19,formal-v1-trial-019-attempt-0,0,LOG,formal-v1/trial-019/attempt-0/stderr.log,34257,6e7e28280c89467a0dad36ea4ab9dad3443d7438cce959e892501f80e041df91,e8ea8f3fda15ab81664829ea6f71fcb37f772ad613c13f61007856c16117791a,5e20a3f0504205e8d65b91033638c5af0909ed741212a04539dcfb37eda08fe2,FORMAL_PROSPECTIVE_SHADOW_COHORT_V1,SERVER_ONLY_RAW
19,formal-v1-trial-019-attempt-0,0,LOG,formal-v1/trial-019/attempt-0/stdout.log,1494,3216e9093f0839fc35cfdfb4c1522be57f7f67c8136018df414334837264c2ba,e8ea8f3fda15ab81664829ea6f71fcb37f772ad613c13f61007856c16117791a,5e20a3f0504205e8d65b91033638c5af0909ed741212a04539dcfb37eda08fe2,FORMAL_PROSPECTIVE_SHADOW_COHORT_V1,SERVER_ONLY_RAW
20,formal-v1-trial-020-attempt-0,0,TASK_RECORD,formal-v1/trial-020/attempt-0/formal_attempt_identity.json,839,9ab505327790d2dd4084606d94ded2cecdcc42f854e5a3ade6db3bc03e8fc535,e8ea8f3fda15ab81664829ea6f71fcb37f772ad613c13f61007856c16117791a,5e20a3f0504205e8d65b91033638c5af0909ed741212a04539dcfb37eda08fe2,FORMAL_PROSPECTIVE_SHADOW_COHORT_V1,SERVER_TASK_RECORD
20,formal-v1-trial-020-attempt-0,0,TASK_RECORD,formal-v1/trial-020/attempt-0/outcome_blind_qc.json,1215,586d3899a31d9bea1450aa20b37b55ae95a415ccb7964985ec5f89098f413fd4,e8ea8f3fda15ab81664829ea6f71fcb37f772ad613c13f61007856c16117791a,5e20a3f0504205e8d65b91033638c5af0909ed741212a04539dcfb37eda08fe2,FORMAL_PROSPECTIVE_SHADOW_COHORT_V1,SERVER_TASK_RECORD
20,formal-v1-trial-020-attempt-0,0,TASK_RECORD,formal-v1/trial-020/attempt-0/process_result.json,437,db45d2f58977d1488d926695baaf10913920a7de7f28a9b7fe5077690267b2ba,e8ea8f3fda15ab81664829ea6f71fcb37f772ad613c13f61007856c16117791a,5e20a3f0504205e8d65b91033638c5af0909ed741212a04539dcfb37eda08fe2,FORMAL_PROSPECTIVE_SHADOW_COHORT_V1,SERVER_TASK_RECORD
20,formal-v1-trial-020-attempt-0,0,TASK_RECORD,formal-v1/trial-020/attempt-0/run/arm_activation.json,927,ce35f7beeb7799566b70ff75b34159489be9afbc4aa61067c18008bf028ea31e,e8ea8f3fda15ab81664829ea6f71fcb37f772ad613c13f61007856c16117791a,5e20a3f0504205e8d65b91033638c5af0909ed741212a04539dcfb37eda08fe2,FORMAL_PROSPECTIVE_SHADOW_COHORT_V1,SERVER_TASK_RECORD
20,formal-v1-trial-020-attempt-0,0,TASK_RECORD,formal-v1/trial-020/attempt-0/run/environment_identity.json,1129,4545c3cb10b5f10421f088f279c6b22efa802851f36ce6238796e8b970fd7195,e8ea8f3fda15ab81664829ea6f71fcb37f772ad613c13f61007856c16117791a,5e20a3f0504205e8d65b91033638c5af0909ed741212a04539dcfb37eda08fe2,FORMAL_PROSPECTIVE_SHADOW_COHORT_V1,SERVER_TASK_RECORD
20,formal-v1-trial-020-attempt-0,0,RAW_JSONL,formal-v1/trial-020/attempt-0/run/instrumentation/instrumentation_health_log.jsonl,76418,b6b083d74f07c09dac732df98cf5eebfc52dd2453ec4e49eb93c719bdcfc6eeb,e8ea8f3fda15ab81664829ea6f71fcb37f772ad613c13f61007856c16117791a,5e20a3f0504205e8d65b91033638c5af0909ed741212a04539dcfb37eda08fe2,FORMAL_PROSPECTIVE_SHADOW_COHORT_V1,SERVER_ONLY_RAW
20,formal-v1-trial-020-attempt-0,0,TASK_RECORD,formal-v1/trial-020/attempt-0/run/instrumentation/map_authority_manifest.json,983,7c19db927e0a59f20cbd1edb905076e75f12562e341d6ec56d291423a356f586,e8ea8f3fda15ab81664829ea6f71fcb37f772ad613c13f61007856c16117791a,5e20a3f0504205e8d65b91033638c5af0909ed741212a04539dcfb37eda08fe2,FORMAL_PROSPECTIVE_SHADOW_COHORT_V1,SERVER_TASK_RECORD
20,formal-v1-trial-020-attempt-0,0,RAW_JSONL,formal-v1/trial-020/attempt-0/run/instrumentation/shadow_certificate_result_log.jsonl,213476,a6ac0d4341355717f3097897751cd8d068b0c941314b3908b37df0e149c06cb5,e8ea8f3fda15ab81664829ea6f71fcb37f772ad613c13f61007856c16117791a,5e20a3f0504205e8d65b91033638c5af0909ed741212a04539dcfb37eda08fe2,FORMAL_PROSPECTIVE_SHADOW_COHORT_V1,SERVER_ONLY_RAW
20,formal-v1-trial-020-attempt-0,0,RAW_JSONL,formal-v1/trial-020/attempt-0/run/instrumentation/step_capture_log.jsonl,389877,e7afc6184eb2a7e10536756d2bde4374fd447d89a357f8570486361cdc6a2c50,e8ea8f3fda15ab81664829ea6f71fcb37f772ad613c13f61007856c16117791a,5e20a3f0504205e8d65b91033638c5af0909ed741212a04539dcfb37eda08fe2,FORMAL_PROSPECTIVE_SHADOW_COHORT_V1,SERVER_ONLY_RAW
20,formal-v1-trial-020-attempt-0,0,TASK_RECORD,formal-v1/trial-020/attempt-0/run/primary_trace.json,330346,dc9f09bd007b23f1127556e96042788a6bf38650f2cefe0c312145ae375a4121,e8ea8f3fda15ab81664829ea6f71fcb37f772ad613c13f61007856c16117791a,5e20a3f0504205e8d65b91033638c5af0909ed741212a04539dcfb37eda08fe2,FORMAL_PROSPECTIVE_SHADOW_COHORT_V1,SERVER_TASK_RECORD
20,formal-v1-trial-020-attempt-0,0,TASK_RECORD,formal-v1/trial-020/attempt-0/run/run_metadata.json,841,586c271bdea3cebfb4c3ce61bca7e4775f73a7bc0cc6c5ced623ff3f56ad1a00,e8ea8f3fda15ab81664829ea6f71fcb37f772ad613c13f61007856c16117791a,5e20a3f0504205e8d65b91033638c5af0909ed741212a04539dcfb37eda08fe2,FORMAL_PROSPECTIVE_SHADOW_COHORT_V1,SERVER_TASK_RECORD
20,formal-v1-trial-020-attempt-0,0,TASK_RECORD,formal-v1/trial-020/attempt-0/run/trajs/stonehenge_ball-to-ellipsoid.json,132835,e0701c3fec9a8a23bb12619af5a75e43ff1e702e825d3f8f2dd2f9f6b82a3457,e8ea8f3fda15ab81664829ea6f71fcb37f772ad613c13f61007856c16117791a,5e20a3f0504205e8d65b91033638c5af0909ed741212a04539dcfb37eda08fe2,FORMAL_PROSPECTIVE_SHADOW_COHORT_V1,SERVER_TASK_RECORD
20,formal-v1-trial-020-attempt-0,0,LOG,formal-v1/trial-020/attempt-0/stderr.log,12756,bc234f03d22d4047104d635c81a6972136d27aafe0e57cb9cb659813eaf818b2,e8ea8f3fda15ab81664829ea6f71fcb37f772ad613c13f61007856c16117791a,5e20a3f0504205e8d65b91033638c5af0909ed741212a04539dcfb37eda08fe2,FORMAL_PROSPECTIVE_SHADOW_COHORT_V1,SERVER_ONLY_RAW
20,formal-v1-trial-020-attempt-0,0,LOG,formal-v1/trial-020/attempt-0/stdout.log,1493,7fecbe9bbb8e07c3e43377334418dc49a70fa11ae06092d4537ab48fb6e95947,e8ea8f3fda15ab81664829ea6f71fcb37f772ad613c13f61007856c16117791a,5e20a3f0504205e8d65b91033638c5af0909ed741212a04539dcfb37eda08fe2,FORMAL_PROSPECTIVE_SHADOW_COHORT_V1,SERVER_ONLY_RAW
21,formal-v1-trial-021-attempt-0,0,TASK_RECORD,formal-v1/trial-021/attempt-0/formal_attempt_identity.json,839,1940ab4624f30c027bf303ee069cf011db6e69eb1beebcd3585be7a3083e7dd1,e8ea8f3fda15ab81664829ea6f71fcb37f772ad613c13f61007856c16117791a,5e20a3f0504205e8d65b91033638c5af0909ed741212a04539dcfb37eda08fe2,FORMAL_PROSPECTIVE_SHADOW_COHORT_V1,SERVER_TASK_RECORD
21,formal-v1-trial-021-attempt-0,0,TASK_RECORD,formal-v1/trial-021/attempt-0/outcome_blind_qc.json,1215,a7311b06d99c1c0e3dc5601a0f6435dacd10d638ff9fb418f4df6a1cd9f1e24e,e8ea8f3fda15ab81664829ea6f71fcb37f772ad613c13f61007856c16117791a,5e20a3f0504205e8d65b91033638c5af0909ed741212a04539dcfb37eda08fe2,FORMAL_PROSPECTIVE_SHADOW_COHORT_V1,SERVER_TASK_RECORD
21,formal-v1-trial-021-attempt-0,0,TASK_RECORD,formal-v1/trial-021/attempt-0/process_result.json,437,fff81c7c02e7ecdabd6f22557abd37baf50cbc8e97333ced10617eb49d4e6c4a,e8ea8f3fda15ab81664829ea6f71fcb37f772ad613c13f61007856c16117791a,5e20a3f0504205e8d65b91033638c5af0909ed741212a04539dcfb37eda08fe2,FORMAL_PROSPECTIVE_SHADOW_COHORT_V1,SERVER_TASK_RECORD
21,formal-v1-trial-021-attempt-0,0,TASK_RECORD,formal-v1/trial-021/attempt-0/run/arm_activation.json,927,a566c005407be1838e2117771addc486fec17fee80447ba65fdc5a8de4322db6,e8ea8f3fda15ab81664829ea6f71fcb37f772ad613c13f61007856c16117791a,5e20a3f0504205e8d65b91033638c5af0909ed741212a04539dcfb37eda08fe2,FORMAL_PROSPECTIVE_SHADOW_COHORT_V1,SERVER_TASK_RECORD
21,formal-v1-trial-021-attempt-0,0,TASK_RECORD,formal-v1/trial-021/attempt-0/run/environment_identity.json,1129,95dd33bf240e69900159f366ceaa3f07742407432f884b9385ec0735c208f601,e8ea8f3fda15ab81664829ea6f71fcb37f772ad613c13f61007856c16117791a,5e20a3f0504205e8d65b91033638c5af0909ed741212a04539dcfb37eda08fe2,FORMAL_PROSPECTIVE_SHADOW_COHORT_V1,SERVER_TASK_RECORD
21,formal-v1-trial-021-attempt-0,0,RAW_JSONL,formal-v1/trial-021/attempt-0/run/instrumentation/instrumentation_health_log.jsonl,69188,7991b8eaa30401098a9e5705df23c840469dcda6544ab6ad2942f9a67fef2e3c,e8ea8f3fda15ab81664829ea6f71fcb37f772ad613c13f61007856c16117791a,5e20a3f0504205e8d65b91033638c5af0909ed741212a04539dcfb37eda08fe2,FORMAL_PROSPECTIVE_SHADOW_COHORT_V1,SERVER_ONLY_RAW
21,formal-v1-trial-021-attempt-0,0,TASK_RECORD,formal-v1/trial-021/attempt-0/run/instrumentation/map_authority_manifest.json,983,7c19db927e0a59f20cbd1edb905076e75f12562e341d6ec56d291423a356f586,e8ea8f3fda15ab81664829ea6f71fcb37f772ad613c13f61007856c16117791a,5e20a3f0504205e8d65b91033638c5af0909ed741212a04539dcfb37eda08fe2,FORMAL_PROSPECTIVE_SHADOW_COHORT_V1,SERVER_TASK_RECORD
21,formal-v1-trial-021-attempt-0,0,RAW_JSONL,formal-v1/trial-021/attempt-0/run/instrumentation/shadow_certificate_result_log.jsonl,193316,4d4e06154c2dde0c6a5e1807efcc20cb999c258f5f1e7d4ade4a76e2f0d10a7b,e8ea8f3fda15ab81664829ea6f71fcb37f772ad613c13f61007856c16117791a,5e20a3f0504205e8d65b91033638c5af0909ed741212a04539dcfb37eda08fe2,FORMAL_PROSPECTIVE_SHADOW_COHORT_V1,SERVER_ONLY_RAW
21,formal-v1-trial-021-attempt-0,0,RAW_JSONL,formal-v1/trial-021/attempt-0/run/instrumentation/step_capture_log.jsonl,352903,bd768d3df8789229d4bd4147b30ab443b77016b8d796390894e4b516fdcf170f,e8ea8f3fda15ab81664829ea6f71fcb37f772ad613c13f61007856c16117791a,5e20a3f0504205e8d65b91033638c5af0909ed741212a04539dcfb37eda08fe2,FORMAL_PROSPECTIVE_SHADOW_COHORT_V1,SERVER_ONLY_RAW
21,formal-v1-trial-021-attempt-0,0,TASK_RECORD,formal-v1/trial-021/attempt-0/run/primary_trace.json,298764,0499d1b60ab4f0120048da812d47580c369d3f6cc095f8e2646206800a15b6ad,e8ea8f3fda15ab81664829ea6f71fcb37f772ad613c13f61007856c16117791a,5e20a3f0504205e8d65b91033638c5af0909ed741212a04539dcfb37eda08fe2,FORMAL_PROSPECTIVE_SHADOW_COHORT_V1,SERVER_TASK_RECORD
21,formal-v1-trial-021-attempt-0,0,TASK_RECORD,formal-v1/trial-021/attempt-0/run/run_metadata.json,841,0393aaa4e40371c30f042e5156a4911e927a4cba67c2a4d80b934571337eed40,e8ea8f3fda15ab81664829ea6f71fcb37f772ad613c13f61007856c16117791a,5e20a3f0504205e8d65b91033638c5af0909ed741212a04539dcfb37eda08fe2,FORMAL_PROSPECTIVE_SHADOW_COHORT_V1,SERVER_TASK_RECORD
21,formal-v1-trial-021-attempt-0,0,TASK_RECORD,formal-v1/trial-021/attempt-0/run/trajs/stonehenge_ball-to-ellipsoid.json,120242,4a05bae4db76b5e93a5cad4a6d30b1fc0b9ba51296c4832a983ed74bc06f9710,e8ea8f3fda15ab81664829ea6f71fcb37f772ad613c13f61007856c16117791a,5e20a3f0504205e8d65b91033638c5af0909ed741212a04539dcfb37eda08fe2,FORMAL_PROSPECTIVE_SHADOW_COHORT_V1,SERVER_TASK_RECORD
21,formal-v1-trial-021-attempt-0,0,LOG,formal-v1/trial-021/attempt-0/stderr.log,11535,a195069b10cb4a93c53d748612f33433c8bd8d655762e0470e6cfe5dbe95d851,e8ea8f3fda15ab81664829ea6f71fcb37f772ad613c13f61007856c16117791a,5e20a3f0504205e8d65b91033638c5af0909ed741212a04539dcfb37eda08fe2,FORMAL_PROSPECTIVE_SHADOW_COHORT_V1,SERVER_ONLY_RAW
21,formal-v1-trial-021-attempt-0,0,LOG,formal-v1/trial-021/attempt-0/stdout.log,1494,5b5d65f8475c278aad6ae599538fb51c2a65ca99fcc1e4d6733a85b1375ed964,e8ea8f3fda15ab81664829ea6f71fcb37f772ad613c13f61007856c16117791a,5e20a3f0504205e8d65b91033638c5af0909ed741212a04539dcfb37eda08fe2,FORMAL_PROSPECTIVE_SHADOW_COHORT_V1,SERVER_ONLY_RAW
22,formal-v1-trial-022-attempt-0,0,TASK_RECORD,formal-v1/trial-022/attempt-0/formal_attempt_identity.json,839,0294ed1894a4b29df0707e26d857d9ce74687eedaae7054556806a9814d2049e,e8ea8f3fda15ab81664829ea6f71fcb37f772ad613c13f61007856c16117791a,5e20a3f0504205e8d65b91033638c5af0909ed741212a04539dcfb37eda08fe2,FORMAL_PROSPECTIVE_SHADOW_COHORT_V1,SERVER_TASK_RECORD
22,formal-v1-trial-022-attempt-0,0,TASK_RECORD,formal-v1/trial-022/attempt-0/outcome_blind_qc.json,1215,4ebe61468b9f3d50ee1bb9a4727fbc92bb0d20f42d8b96d0f658cb525af12b36,e8ea8f3fda15ab81664829ea6f71fcb37f772ad613c13f61007856c16117791a,5e20a3f0504205e8d65b91033638c5af0909ed741212a04539dcfb37eda08fe2,FORMAL_PROSPECTIVE_SHADOW_COHORT_V1,SERVER_TASK_RECORD
22,formal-v1-trial-022-attempt-0,0,TASK_RECORD,formal-v1/trial-022/attempt-0/process_result.json,437,3a36427d20d6978c1c0c09f6a11e9065ec9112f7b6d1f0326927c942f7b5d053,e8ea8f3fda15ab81664829ea6f71fcb37f772ad613c13f61007856c16117791a,5e20a3f0504205e8d65b91033638c5af0909ed741212a04539dcfb37eda08fe2,FORMAL_PROSPECTIVE_SHADOW_COHORT_V1,SERVER_TASK_RECORD
22,formal-v1-trial-022-attempt-0,0,TASK_RECORD,formal-v1/trial-022/attempt-0/run/arm_activation.json,927,220924ca3bb6793ca670fe612b9418bb5723dcb269fd959c035ac8cd41d82a41,e8ea8f3fda15ab81664829ea6f71fcb37f772ad613c13f61007856c16117791a,5e20a3f0504205e8d65b91033638c5af0909ed741212a04539dcfb37eda08fe2,FORMAL_PROSPECTIVE_SHADOW_COHORT_V1,SERVER_TASK_RECORD
22,formal-v1-trial-022-attempt-0,0,TASK_RECORD,formal-v1/trial-022/attempt-0/run/environment_identity.json,1129,a3cfea90a7bb28c86500aaa5717d678f337cc76a807737c34ceda76e1f887e37,e8ea8f3fda15ab81664829ea6f71fcb37f772ad613c13f61007856c16117791a,5e20a3f0504205e8d65b91033638c5af0909ed741212a04539dcfb37eda08fe2,FORMAL_PROSPECTIVE_SHADOW_COHORT_V1,SERVER_TASK_RECORD
22,formal-v1-trial-022-attempt-0,0,RAW_JSONL,formal-v1/trial-022/attempt-0/run/instrumentation/instrumentation_health_log.jsonl,74008,9a3e6a95b5299a51e8526c60a70ead3cc124c2ab3bcc99803cc5c07ca03d45ee,e8ea8f3fda15ab81664829ea6f71fcb37f772ad613c13f61007856c16117791a,5e20a3f0504205e8d65b91033638c5af0909ed741212a04539dcfb37eda08fe2,FORMAL_PROSPECTIVE_SHADOW_COHORT_V1,SERVER_ONLY_RAW
22,formal-v1-trial-022-attempt-0,0,TASK_RECORD,formal-v1/trial-022/attempt-0/run/instrumentation/map_authority_manifest.json,983,7c19db927e0a59f20cbd1edb905076e75f12562e341d6ec56d291423a356f586,e8ea8f3fda15ab81664829ea6f71fcb37f772ad613c13f61007856c16117791a,5e20a3f0504205e8d65b91033638c5af0909ed741212a04539dcfb37eda08fe2,FORMAL_PROSPECTIVE_SHADOW_COHORT_V1,SERVER_TASK_RECORD
22,formal-v1-trial-022-attempt-0,0,RAW_JSONL,formal-v1/trial-022/attempt-0/run/instrumentation/shadow_certificate_result_log.jsonl,206756,9889b3a78ac15384468bc83fdf8127be6fe0d2ba3da801358177766bdf12b66a,e8ea8f3fda15ab81664829ea6f71fcb37f772ad613c13f61007856c16117791a,5e20a3f0504205e8d65b91033638c5af0909ed741212a04539dcfb37eda08fe2,FORMAL_PROSPECTIVE_SHADOW_COHORT_V1,SERVER_ONLY_RAW
22,formal-v1-trial-022-attempt-0,0,RAW_JSONL,formal-v1/trial-022/attempt-0/run/instrumentation/step_capture_log.jsonl,377439,2878c8f018e29b8c17373438734feb49b9d9aeac52925e09795504592d1f7e4a,e8ea8f3fda15ab81664829ea6f71fcb37f772ad613c13f61007856c16117791a,5e20a3f0504205e8d65b91033638c5af0909ed741212a04539dcfb37eda08fe2,FORMAL_PROSPECTIVE_SHADOW_COHORT_V1,SERVER_ONLY_RAW
22,formal-v1-trial-022-attempt-0,0,TASK_RECORD,formal-v1/trial-022/attempt-0/run/primary_trace.json,319168,d880fc2d6ff0f56bdba849c55a6a76582539a49e3c2d02b26641561fa887eab0,e8ea8f3fda15ab81664829ea6f71fcb37f772ad613c13f61007856c16117791a,5e20a3f0504205e8d65b91033638c5af0909ed741212a04539dcfb37eda08fe2,FORMAL_PROSPECTIVE_SHADOW_COHORT_V1,SERVER_TASK_RECORD
22,formal-v1-trial-022-attempt-0,0,TASK_RECORD,formal-v1/trial-022/attempt-0/run/run_metadata.json,841,5d49038da62d21fc7e5f872fc760225a25a2b0681817bf4f75099a69b41da0fa,e8ea8f3fda15ab81664829ea6f71fcb37f772ad613c13f61007856c16117791a,5e20a3f0504205e8d65b91033638c5af0909ed741212a04539dcfb37eda08fe2,FORMAL_PROSPECTIVE_SHADOW_COHORT_V1,SERVER_TASK_RECORD
22,formal-v1-trial-022-attempt-0,0,TASK_RECORD,formal-v1/trial-022/attempt-0/run/trajs/stonehenge_ball-to-ellipsoid.json,128538,15d9176c2e44c6a283236a8b290ebe3ef35817e35ec28a9d5db71517b36747c8,e8ea8f3fda15ab81664829ea6f71fcb37f772ad613c13f61007856c16117791a,5e20a3f0504205e8d65b91033638c5af0909ed741212a04539dcfb37eda08fe2,FORMAL_PROSPECTIVE_SHADOW_COHORT_V1,SERVER_TASK_RECORD
22,formal-v1-trial-022-attempt-0,0,LOG,formal-v1/trial-022/attempt-0/stderr.log,12345,280125c91837e4a4e98636b45dacd585dde3e3679221e4a7ff3ba88ad99879ed,e8ea8f3fda15ab81664829ea6f71fcb37f772ad613c13f61007856c16117791a,5e20a3f0504205e8d65b91033638c5af0909ed741212a04539dcfb37eda08fe2,FORMAL_PROSPECTIVE_SHADOW_COHORT_V1,SERVER_ONLY_RAW
22,formal-v1-trial-022-attempt-0,0,LOG,formal-v1/trial-022/attempt-0/stdout.log,1494,67142a4c44edab233fdc6af097a80aa25894a3fd273b9550b427481bc82f05a5,e8ea8f3fda15ab81664829ea6f71fcb37f772ad613c13f61007856c16117791a,5e20a3f0504205e8d65b91033638c5af0909ed741212a04539dcfb37eda08fe2,FORMAL_PROSPECTIVE_SHADOW_COHORT_V1,SERVER_ONLY_RAW
23,formal-v1-trial-023-attempt-0,0,TASK_RECORD,formal-v1/trial-023/attempt-0/formal_attempt_identity.json,839,ec0dfeb33790b8807d8c698376404bbabc324da7b04c795e718bc6de69feb983,e8ea8f3fda15ab81664829ea6f71fcb37f772ad613c13f61007856c16117791a,5e20a3f0504205e8d65b91033638c5af0909ed741212a04539dcfb37eda08fe2,FORMAL_PROSPECTIVE_SHADOW_COHORT_V1,SERVER_TASK_RECORD
23,formal-v1-trial-023-attempt-0,0,TASK_RECORD,formal-v1/trial-023/attempt-0/outcome_blind_qc.json,1211,0af084e0ae2c85e1de0c7eb0eb395aa1628f63bf0fedd90583bd119bb70b0533,e8ea8f3fda15ab81664829ea6f71fcb37f772ad613c13f61007856c16117791a,5e20a3f0504205e8d65b91033638c5af0909ed741212a04539dcfb37eda08fe2,FORMAL_PROSPECTIVE_SHADOW_COHORT_V1,SERVER_TASK_RECORD
23,formal-v1-trial-023-attempt-0,0,TASK_RECORD,formal-v1/trial-023/attempt-0/process_result.json,433,3f16fef6fc69aa171a74bb5f102e601530f76e38114689cf623a02bba9292d96,e8ea8f3fda15ab81664829ea6f71fcb37f772ad613c13f61007856c16117791a,5e20a3f0504205e8d65b91033638c5af0909ed741212a04539dcfb37eda08fe2,FORMAL_PROSPECTIVE_SHADOW_COHORT_V1,SERVER_TASK_RECORD
23,formal-v1-trial-023-attempt-0,0,TASK_RECORD,formal-v1/trial-023/attempt-0/run/arm_activation.json,923,ff0b3ace03133dab3cc589f5ce166efbede456d6e7be57d6f09e0c9289897cc9,e8ea8f3fda15ab81664829ea6f71fcb37f772ad613c13f61007856c16117791a,5e20a3f0504205e8d65b91033638c5af0909ed741212a04539dcfb37eda08fe2,FORMAL_PROSPECTIVE_SHADOW_COHORT_V1,SERVER_TASK_RECORD
23,formal-v1-trial-023-attempt-0,0,TASK_RECORD,formal-v1/trial-023/attempt-0/run/environment_identity.json,1129,86464eb5b5d348fc0a521c40f2605d1c2d973293302eb4e5ae00017824433481,e8ea8f3fda15ab81664829ea6f71fcb37f772ad613c13f61007856c16117791a,5e20a3f0504205e8d65b91033638c5af0909ed741212a04539dcfb37eda08fe2,FORMAL_PROSPECTIVE_SHADOW_COHORT_V1,SERVER_TASK_RECORD
23,formal-v1-trial-023-attempt-0,0,RAW_JSONL,formal-v1/trial-023/attempt-0/run/instrumentation/instrumentation_health_log.jsonl,29260,a4b974e7fdf9f825b6167366e946360f23f67e28ff0ceef47f0d2d0e643ecf83,e8ea8f3fda15ab81664829ea6f71fcb37f772ad613c13f61007856c16117791a,5e20a3f0504205e8d65b91033638c5af0909ed741212a04539dcfb37eda08fe2,FORMAL_PROSPECTIVE_SHADOW_COHORT_V1,SERVER_ONLY_RAW
23,formal-v1-trial-023-attempt-0,0,TASK_RECORD,formal-v1/trial-023/attempt-0/run/instrumentation/map_authority_manifest.json,983,7c19db927e0a59f20cbd1edb905076e75f12562e341d6ec56d291423a356f586,e8ea8f3fda15ab81664829ea6f71fcb37f772ad613c13f61007856c16117791a,5e20a3f0504205e8d65b91033638c5af0909ed741212a04539dcfb37eda08fe2,FORMAL_PROSPECTIVE_SHADOW_COHORT_V1,SERVER_TASK_RECORD
23,formal-v1-trial-023-attempt-0,0,RAW_JSONL,formal-v1/trial-023/attempt-0/run/instrumentation/shadow_certificate_result_log.jsonl,81842,e34642c5d7afe4d2500e5a42502f47d368a65a318d30e9f6edb309e0904bc76f,e8ea8f3fda15ab81664829ea6f71fcb37f772ad613c13f61007856c16117791a,5e20a3f0504205e8d65b91033638c5af0909ed741212a04539dcfb37eda08fe2,FORMAL_PROSPECTIVE_SHADOW_COHORT_V1,SERVER_ONLY_RAW
23,formal-v1-trial-023-attempt-0,0,RAW_JSONL,formal-v1/trial-023/attempt-0/run/instrumentation/step_capture_log.jsonl,149387,70516c8201ca7b0d3edae3da47413a5914ef06642757038969e94781b91efbb3,e8ea8f3fda15ab81664829ea6f71fcb37f772ad613c13f61007856c16117791a,5e20a3f0504205e8d65b91033638c5af0909ed741212a04539dcfb37eda08fe2,FORMAL_PROSPECTIVE_SHADOW_COHORT_V1,SERVER_ONLY_RAW
23,formal-v1-trial-023-attempt-0,0,TASK_RECORD,formal-v1/trial-023/attempt-0/run/primary_trace.json,126717,817e45b40a4a390003fc416c984521f839532273ccb48e72ab865a76c7c98aff,e8ea8f3fda15ab81664829ea6f71fcb37f772ad613c13f61007856c16117791a,5e20a3f0504205e8d65b91033638c5af0909ed741212a04539dcfb37eda08fe2,FORMAL_PROSPECTIVE_SHADOW_COHORT_V1,SERVER_TASK_RECORD
23,formal-v1-trial-023-attempt-0,0,TASK_RECORD,formal-v1/trial-023/attempt-0/run/run_metadata.json,840,b5703c8f353c5c6c0da3459dcd9e0bc1196e2aa4af9a2fd3007ce9d7c562bc4c,e8ea8f3fda15ab81664829ea6f71fcb37f772ad613c13f61007856c16117791a,5e20a3f0504205e8d65b91033638c5af0909ed741212a04539dcfb37eda08fe2,FORMAL_PROSPECTIVE_SHADOW_COHORT_V1,SERVER_TASK_RECORD
23,formal-v1-trial-023-attempt-0,0,TASK_RECORD,formal-v1/trial-023/attempt-0/run/trajs/stonehenge_ball-to-ellipsoid.json,51438,4cda9fa9527384a6555c4e68e90c88100ae265027bd2c25f6a5cf8c1cafda559,e8ea8f3fda15ab81664829ea6f71fcb37f772ad613c13f61007856c16117791a,5e20a3f0504205e8d65b91033638c5af0909ed741212a04539dcfb37eda08fe2,FORMAL_PROSPECTIVE_SHADOW_COHORT_V1,SERVER_TASK_RECORD
23,formal-v1-trial-023-attempt-0,0,LOG,formal-v1/trial-023/attempt-0/stderr.log,4940,4fe884520634cbd8a2b998fceed7b03f33b947955f0c0ae806dc68a08f8cbb5c,e8ea8f3fda15ab81664829ea6f71fcb37f772ad613c13f61007856c16117791a,5e20a3f0504205e8d65b91033638c5af0909ed741212a04539dcfb37eda08fe2,FORMAL_PROSPECTIVE_SHADOW_COHORT_V1,SERVER_ONLY_RAW
23,formal-v1-trial-023-attempt-0,0,LOG,formal-v1/trial-023/attempt-0/stdout.log,1493,864bc3ce41df8d02865e2e9afc8a1f80453f7c4663e9aabc268d0ffb37cc8690,e8ea8f3fda15ab81664829ea6f71fcb37f772ad613c13f61007856c16117791a,5e20a3f0504205e8d65b91033638c5af0909ed741212a04539dcfb37eda08fe2,FORMAL_PROSPECTIVE_SHADOW_COHORT_V1,SERVER_ONLY_RAW
24,formal-v1-trial-024-attempt-0,0,TASK_RECORD,formal-v1/trial-024/attempt-0/formal_attempt_identity.json,839,2fa4e74b214caa0b1c3e290c7ed13577728e84f6637cc27bf2e7afd140423f1b,e8ea8f3fda15ab81664829ea6f71fcb37f772ad613c13f61007856c16117791a,5e20a3f0504205e8d65b91033638c5af0909ed741212a04539dcfb37eda08fe2,FORMAL_PROSPECTIVE_SHADOW_COHORT_V1,SERVER_TASK_RECORD
24,formal-v1-trial-024-attempt-0,0,TASK_RECORD,formal-v1/trial-024/attempt-0/outcome_blind_qc.json,1215,67718626a436bfa3b6ac83d63a845e0b326f5a3f169b25a6fe06ce4710df6e5c,e8ea8f3fda15ab81664829ea6f71fcb37f772ad613c13f61007856c16117791a,5e20a3f0504205e8d65b91033638c5af0909ed741212a04539dcfb37eda08fe2,FORMAL_PROSPECTIVE_SHADOW_COHORT_V1,SERVER_TASK_RECORD
24,formal-v1-trial-024-attempt-0,0,TASK_RECORD,formal-v1/trial-024/attempt-0/process_result.json,437,bc6266cc1281fad5245d675f94599690bc31779c979b252a7ddfeda464b5ed22,e8ea8f3fda15ab81664829ea6f71fcb37f772ad613c13f61007856c16117791a,5e20a3f0504205e8d65b91033638c5af0909ed741212a04539dcfb37eda08fe2,FORMAL_PROSPECTIVE_SHADOW_COHORT_V1,SERVER_TASK_RECORD
24,formal-v1-trial-024-attempt-0,0,TASK_RECORD,formal-v1/trial-024/attempt-0/run/arm_activation.json,927,49a000e31577aa3f386aa32964e1f9b11d45769e9b2b8de50fc293f446a7bbe0,e8ea8f3fda15ab81664829ea6f71fcb37f772ad613c13f61007856c16117791a,5e20a3f0504205e8d65b91033638c5af0909ed741212a04539dcfb37eda08fe2,FORMAL_PROSPECTIVE_SHADOW_COHORT_V1,SERVER_TASK_RECORD
24,formal-v1-trial-024-attempt-0,0,TASK_RECORD,formal-v1/trial-024/attempt-0/run/environment_identity.json,1129,2075b3aa9d56dfd56641305295c38e16d3065a388ad45dfe7d36eb94ce404d54,e8ea8f3fda15ab81664829ea6f71fcb37f772ad613c13f61007856c16117791a,5e20a3f0504205e8d65b91033638c5af0909ed741212a04539dcfb37eda08fe2,FORMAL_PROSPECTIVE_SHADOW_COHORT_V1,SERVER_TASK_RECORD
24,formal-v1-trial-024-attempt-0,0,RAW_JSONL,formal-v1/trial-024/attempt-0/run/instrumentation/instrumentation_health_log.jsonl,71116,947da3af05663d48e9f3fbf052edc3ef0f2af79afa99e863fb081e1bc5ceb54f,e8ea8f3fda15ab81664829ea6f71fcb37f772ad613c13f61007856c16117791a,5e20a3f0504205e8d65b91033638c5af0909ed741212a04539dcfb37eda08fe2,FORMAL_PROSPECTIVE_SHADOW_COHORT_V1,SERVER_ONLY_RAW
24,formal-v1-trial-024-attempt-0,0,TASK_RECORD,formal-v1/trial-024/attempt-0/run/instrumentation/map_authority_manifest.json,983,7c19db927e0a59f20cbd1edb905076e75f12562e341d6ec56d291423a356f586,e8ea8f3fda15ab81664829ea6f71fcb37f772ad613c13f61007856c16117791a,5e20a3f0504205e8d65b91033638c5af0909ed741212a04539dcfb37eda08fe2,FORMAL_PROSPECTIVE_SHADOW_COHORT_V1,SERVER_TASK_RECORD
24,formal-v1-trial-024-attempt-0,0,RAW_JSONL,formal-v1/trial-024/attempt-0/run/instrumentation/shadow_certificate_result_log.jsonl,198692,4a69c4bd1ff535cfde64c58efd87e7fd4dffb2dc4e1e9b60f82bd4f6c45c6efd,e8ea8f3fda15ab81664829ea6f71fcb37f772ad613c13f61007856c16117791a,5e20a3f0504205e8d65b91033638c5af0909ed741212a04539dcfb37eda08fe2,FORMAL_PROSPECTIVE_SHADOW_COHORT_V1,SERVER_ONLY_RAW
24,formal-v1-trial-024-attempt-0,0,RAW_JSONL,formal-v1/trial-024/attempt-0/run/instrumentation/step_capture_log.jsonl,363019,38c8b56cc4c0c2542114302d246b62eb8593913b272e56ee534efb88e0e574a2,e8ea8f3fda15ab81664829ea6f71fcb37f772ad613c13f61007856c16117791a,5e20a3f0504205e8d65b91033638c5af0909ed741212a04539dcfb37eda08fe2,FORMAL_PROSPECTIVE_SHADOW_COHORT_V1,SERVER_ONLY_RAW
24,formal-v1-trial-024-attempt-0,0,TASK_RECORD,formal-v1/trial-024/attempt-0/run/primary_trace.json,307507,223b2b7daae815e0e81bc295dfc20eb425f265e86bb4d8fd2a5a1f6732c9d1d6,e8ea8f3fda15ab81664829ea6f71fcb37f772ad613c13f61007856c16117791a,5e20a3f0504205e8d65b91033638c5af0909ed741212a04539dcfb37eda08fe2,FORMAL_PROSPECTIVE_SHADOW_COHORT_V1,SERVER_TASK_RECORD
24,formal-v1-trial-024-attempt-0,0,TASK_RECORD,formal-v1/trial-024/attempt-0/run/run_metadata.json,841,c85e2e7fe86275af5e76e122f7fba5c38950f87782a6db637af6ecae54bbd695,e8ea8f3fda15ab81664829ea6f71fcb37f772ad613c13f61007856c16117791a,5e20a3f0504205e8d65b91033638c5af0909ed741212a04539dcfb37eda08fe2,FORMAL_PROSPECTIVE_SHADOW_COHORT_V1,SERVER_TASK_RECORD
24,formal-v1-trial-024-attempt-0,0,TASK_RECORD,formal-v1/trial-024/attempt-0/run/trajs/stonehenge_ball-to-ellipsoid.json,123816,6464cbac9ba98a58d8082d17bf699fc05848a38e0cfa198fe2a8a161d8b365e2,e8ea8f3fda15ab81664829ea6f71fcb37f772ad613c13f61007856c16117791a,5e20a3f0504205e8d65b91033638c5af0909ed741212a04539dcfb37eda08fe2,FORMAL_PROSPECTIVE_SHADOW_COHORT_V1,SERVER_TASK_RECORD
24,formal-v1-trial-024-attempt-0,0,LOG,formal-v1/trial-024/attempt-0/stderr.log,11859,af6c783c7c5ed386b7c4d3bd6f7c52737b06964ae5069775a5cdf4239489f357,e8ea8f3fda15ab81664829ea6f71fcb37f772ad613c13f61007856c16117791a,5e20a3f0504205e8d65b91033638c5af0909ed741212a04539dcfb37eda08fe2,FORMAL_PROSPECTIVE_SHADOW_COHORT_V1,SERVER_ONLY_RAW
24,formal-v1-trial-024-attempt-0,0,LOG,formal-v1/trial-024/attempt-0/stdout.log,1494,ca2ff9f6b0f960ad9168dd9b4e6f42f0d41009a6bddc1e11ef97de01ff3f41f0,e8ea8f3fda15ab81664829ea6f71fcb37f772ad613c13f61007856c16117791a,5e20a3f0504205e8d65b91033638c5af0909ed741212a04539dcfb37eda08fe2,FORMAL_PROSPECTIVE_SHADOW_COHORT_V1,SERVER_ONLY_RAW
25,formal-v1-trial-025-attempt-0,0,TASK_RECORD,formal-v1/trial-025/attempt-0/formal_attempt_identity.json,839,5f04077df472db5d0d6866bf38c20e146136ebbd0e97a6f572460a5d8e2d9439,e8ea8f3fda15ab81664829ea6f71fcb37f772ad613c13f61007856c16117791a,5e20a3f0504205e8d65b91033638c5af0909ed741212a04539dcfb37eda08fe2,FORMAL_PROSPECTIVE_SHADOW_COHORT_V1,SERVER_TASK_RECORD
25,formal-v1-trial-025-attempt-0,0,TASK_RECORD,formal-v1/trial-025/attempt-0/outcome_blind_qc.json,1215,a512f9f40c757b41ff1ee8496ee868507d26a4d8e0d6fefc779c4307f2549af7,e8ea8f3fda15ab81664829ea6f71fcb37f772ad613c13f61007856c16117791a,5e20a3f0504205e8d65b91033638c5af0909ed741212a04539dcfb37eda08fe2,FORMAL_PROSPECTIVE_SHADOW_COHORT_V1,SERVER_TASK_RECORD
25,formal-v1-trial-025-attempt-0,0,TASK_RECORD,formal-v1/trial-025/attempt-0/process_result.json,437,22b1e0020ee1dd1d957640bb495fc02401aa9844af784f8b15e70eaa73f6c684,e8ea8f3fda15ab81664829ea6f71fcb37f772ad613c13f61007856c16117791a,5e20a3f0504205e8d65b91033638c5af0909ed741212a04539dcfb37eda08fe2,FORMAL_PROSPECTIVE_SHADOW_COHORT_V1,SERVER_TASK_RECORD
25,formal-v1-trial-025-attempt-0,0,TASK_RECORD,formal-v1/trial-025/attempt-0/run/arm_activation.json,927,6e563b00e35477b32d25de31564d467f39880890fa2146a557c2834e53b518c3,e8ea8f3fda15ab81664829ea6f71fcb37f772ad613c13f61007856c16117791a,5e20a3f0504205e8d65b91033638c5af0909ed741212a04539dcfb37eda08fe2,FORMAL_PROSPECTIVE_SHADOW_COHORT_V1,SERVER_TASK_RECORD
25,formal-v1-trial-025-attempt-0,0,TASK_RECORD,formal-v1/trial-025/attempt-0/run/environment_identity.json,1129,39f6414a8b878797fbae65a2ad71711dce1ab8edf5e0b4843f9785e1df32930f,e8ea8f3fda15ab81664829ea6f71fcb37f772ad613c13f61007856c16117791a,5e20a3f0504205e8d65b91033638c5af0909ed741212a04539dcfb37eda08fe2,FORMAL_PROSPECTIVE_SHADOW_COHORT_V1,SERVER_TASK_RECORD
25,formal-v1-trial-025-attempt-0,0,RAW_JSONL,formal-v1/trial-025/attempt-0/run/instrumentation/instrumentation_health_log.jsonl,160286,3f8faf7829511302ca39ad1d3cb4dff06367ff742c86dbe917b421f1df5cebcb,e8ea8f3fda15ab81664829ea6f71fcb37f772ad613c13f61007856c16117791a,5e20a3f0504205e8d65b91033638c5af0909ed741212a04539dcfb37eda08fe2,FORMAL_PROSPECTIVE_SHADOW_COHORT_V1,SERVER_ONLY_RAW
25,formal-v1-trial-025-attempt-0,0,TASK_RECORD,formal-v1/trial-025/attempt-0/run/instrumentation/map_authority_manifest.json,983,7c19db927e0a59f20cbd1edb905076e75f12562e341d6ec56d291423a356f586,e8ea8f3fda15ab81664829ea6f71fcb37f772ad613c13f61007856c16117791a,5e20a3f0504205e8d65b91033638c5af0909ed741212a04539dcfb37eda08fe2,FORMAL_PROSPECTIVE_SHADOW_COHORT_V1,SERVER_TASK_RECORD
25,formal-v1-trial-025-attempt-0,0,RAW_JSONL,formal-v1/trial-025/attempt-0/run/instrumentation/shadow_certificate_result_log.jsonl,447332,bdb1f3ea6fb1955d64c825f7a299fcb4ac87c72970c34ab1082a60bc4f4f82ec,e8ea8f3fda15ab81664829ea6f71fcb37f772ad613c13f61007856c16117791a,5e20a3f0504205e8d65b91033638c5af0909ed741212a04539dcfb37eda08fe2,FORMAL_PROSPECTIVE_SHADOW_COHORT_V1,SERVER_ONLY_RAW
25,formal-v1-trial-025-attempt-0,0,RAW_JSONL,formal-v1/trial-025/attempt-0/run/instrumentation/step_capture_log.jsonl,818786,566d3c3b6592357d00665257e8424135573fa6df4d71647663334f06f67a6f95,e8ea8f3fda15ab81664829ea6f71fcb37f772ad613c13f61007856c16117791a,5e20a3f0504205e8d65b91033638c5af0909ed741212a04539dcfb37eda08fe2,FORMAL_PROSPECTIVE_SHADOW_COHORT_V1,SERVER_ONLY_RAW
25,formal-v1-trial-025-attempt-0,0,TASK_RECORD,formal-v1/trial-025/attempt-0/run/primary_trace.json,694291,14eed70135d2f40275e489099d2e15b97628dc0037afa5f05dd9b41829f2e0b6,e8ea8f3fda15ab81664829ea6f71fcb37f772ad613c13f61007856c16117791a,5e20a3f0504205e8d65b91033638c5af0909ed741212a04539dcfb37eda08fe2,FORMAL_PROSPECTIVE_SHADOW_COHORT_V1,SERVER_TASK_RECORD
25,formal-v1-trial-025-attempt-0,0,TASK_RECORD,formal-v1/trial-025/attempt-0/run/run_metadata.json,841,73848ed7eb4c9b716e486a0dfcd754b034d010161eb32108e94e7d3ac7a8892e,e8ea8f3fda15ab81664829ea6f71fcb37f772ad613c13f61007856c16117791a,5e20a3f0504205e8d65b91033638c5af0909ed741212a04539dcfb37eda08fe2,FORMAL_PROSPECTIVE_SHADOW_COHORT_V1,SERVER_TASK_RECORD
25,formal-v1-trial-025-attempt-0,0,TASK_RECORD,formal-v1/trial-025/attempt-0/run/trajs/stonehenge_ball-to-ellipsoid.json,278585,39f25594e9e8658d2ee8be4b4621881fcd8264d168d1477a90d81be8f47d8b8f,e8ea8f3fda15ab81664829ea6f71fcb37f772ad613c13f61007856c16117791a,5e20a3f0504205e8d65b91033638c5af0909ed741212a04539dcfb37eda08fe2,FORMAL_PROSPECTIVE_SHADOW_COHORT_V1,SERVER_TASK_RECORD
25,formal-v1-trial-025-attempt-0,0,LOG,formal-v1/trial-025/attempt-0/stderr.log,27660,c4b504e92bb5dd5fbd958c9b38c0463f1564a25122f576a4c873f4bb457f9d6b,e8ea8f3fda15ab81664829ea6f71fcb37f772ad613c13f61007856c16117791a,5e20a3f0504205e8d65b91033638c5af0909ed741212a04539dcfb37eda08fe2,FORMAL_PROSPECTIVE_SHADOW_COHORT_V1,SERVER_ONLY_RAW
25,formal-v1-trial-025-attempt-0,0,LOG,formal-v1/trial-025/attempt-0/stdout.log,1494,063c39cfd797f1862b1afe06b60314d706dc06ee9a5f73661fb468ac88c6b69c,e8ea8f3fda15ab81664829ea6f71fcb37f772ad613c13f61007856c16117791a,5e20a3f0504205e8d65b91033638c5af0909ed741212a04539dcfb37eda08fe2,FORMAL_PROSPECTIVE_SHADOW_COHORT_V1,SERVER_ONLY_RAW
26,formal-v1-trial-026-attempt-0,0,TASK_RECORD,formal-v1/trial-026/attempt-0/formal_attempt_identity.json,839,deced79c8541535d1571b2e2fd7756f472bd5c94a496bcf9d4e0e3b003113abc,e8ea8f3fda15ab81664829ea6f71fcb37f772ad613c13f61007856c16117791a,5e20a3f0504205e8d65b91033638c5af0909ed741212a04539dcfb37eda08fe2,FORMAL_PROSPECTIVE_SHADOW_COHORT_V1,SERVER_TASK_RECORD
26,formal-v1-trial-026-attempt-0,0,TASK_RECORD,formal-v1/trial-026/attempt-0/outcome_blind_qc.json,1215,1cc6774d84e5c95d812ef17cb7d9cebd776cedec161ddb242680415dd8248b9e,e8ea8f3fda15ab81664829ea6f71fcb37f772ad613c13f61007856c16117791a,5e20a3f0504205e8d65b91033638c5af0909ed741212a04539dcfb37eda08fe2,FORMAL_PROSPECTIVE_SHADOW_COHORT_V1,SERVER_TASK_RECORD
26,formal-v1-trial-026-attempt-0,0,TASK_RECORD,formal-v1/trial-026/attempt-0/process_result.json,437,0a791c232c6c4df5bc6f7b343472f3041907535557fde7afa020d8d08364136a,e8ea8f3fda15ab81664829ea6f71fcb37f772ad613c13f61007856c16117791a,5e20a3f0504205e8d65b91033638c5af0909ed741212a04539dcfb37eda08fe2,FORMAL_PROSPECTIVE_SHADOW_COHORT_V1,SERVER_TASK_RECORD
26,formal-v1-trial-026-attempt-0,0,TASK_RECORD,formal-v1/trial-026/attempt-0/run/arm_activation.json,927,229806ada5690d89426b2ae136f1ee9853623ab2a2d76c32f010febee3291ce4,e8ea8f3fda15ab81664829ea6f71fcb37f772ad613c13f61007856c16117791a,5e20a3f0504205e8d65b91033638c5af0909ed741212a04539dcfb37eda08fe2,FORMAL_PROSPECTIVE_SHADOW_COHORT_V1,SERVER_TASK_RECORD
26,formal-v1-trial-026-attempt-0,0,TASK_RECORD,formal-v1/trial-026/attempt-0/run/environment_identity.json,1129,fee040d53a1c44e5135f7dc19ca4d21492cde825549777b8492d25b7bb950f73,e8ea8f3fda15ab81664829ea6f71fcb37f772ad613c13f61007856c16117791a,5e20a3f0504205e8d65b91033638c5af0909ed741212a04539dcfb37eda08fe2,FORMAL_PROSPECTIVE_SHADOW_COHORT_V1,SERVER_TASK_RECORD
26,formal-v1-trial-026-attempt-0,0,RAW_JSONL,formal-v1/trial-026/attempt-0/run/instrumentation/instrumentation_health_log.jsonl,58102,85f50b7f8d49d8b7eb73f58317b6430928ac9241a723d6598dd34211993794be,e8ea8f3fda15ab81664829ea6f71fcb37f772ad613c13f61007856c16117791a,5e20a3f0504205e8d65b91033638c5af0909ed741212a04539dcfb37eda08fe2,FORMAL_PROSPECTIVE_SHADOW_COHORT_V1,SERVER_ONLY_RAW
26,formal-v1-trial-026-attempt-0,0,TASK_RECORD,formal-v1/trial-026/attempt-0/run/instrumentation/map_authority_manifest.json,983,7c19db927e0a59f20cbd1edb905076e75f12562e341d6ec56d291423a356f586,e8ea8f3fda15ab81664829ea6f71fcb37f772ad613c13f61007856c16117791a,5e20a3f0504205e8d65b91033638c5af0909ed741212a04539dcfb37eda08fe2,FORMAL_PROSPECTIVE_SHADOW_COHORT_V1,SERVER_TASK_RECORD
26,formal-v1-trial-026-attempt-0,0,RAW_JSONL,formal-v1/trial-026/attempt-0/run/instrumentation/shadow_certificate_result_log.jsonl,162404,5a2a86d07df3aeec0e3b0c8860c164e3afc705595249c3cd246526ade14d7b7c,e8ea8f3fda15ab81664829ea6f71fcb37f772ad613c13f61007856c16117791a,5e20a3f0504205e8d65b91033638c5af0909ed741212a04539dcfb37eda08fe2,FORMAL_PROSPECTIVE_SHADOW_COHORT_V1,SERVER_ONLY_RAW
26,formal-v1-trial-026-attempt-0,0,RAW_JSONL,formal-v1/trial-026/attempt-0/run/instrumentation/step_capture_log.jsonl,296675,4470400485c58d61c764ad4983788279c27fc378207457a709eac5fbaa02e686,e8ea8f3fda15ab81664829ea6f71fcb37f772ad613c13f61007856c16117791a,5e20a3f0504205e8d65b91033638c5af0909ed741212a04539dcfb37eda08fe2,FORMAL_PROSPECTIVE_SHADOW_COHORT_V1,SERVER_ONLY_RAW
26,formal-v1-trial-026-attempt-0,0,TASK_RECORD,formal-v1/trial-026/attempt-0/run/primary_trace.json,251491,e40ac21f3f0c693bc09d4d38c84b268615e19ce345eedd22617e1f9a1a24a4d2,e8ea8f3fda15ab81664829ea6f71fcb37f772ad613c13f61007856c16117791a,5e20a3f0504205e8d65b91033638c5af0909ed741212a04539dcfb37eda08fe2,FORMAL_PROSPECTIVE_SHADOW_COHORT_V1,SERVER_TASK_RECORD
26,formal-v1-trial-026-attempt-0,0,TASK_RECORD,formal-v1/trial-026/attempt-0/run/run_metadata.json,841,bb1cdf612a2c755c35eb1ccef7042b313e91679c12e5dc6d9aed0132a4406bf0,e8ea8f3fda15ab81664829ea6f71fcb37f772ad613c13f61007856c16117791a,5e20a3f0504205e8d65b91033638c5af0909ed741212a04539dcfb37eda08fe2,FORMAL_PROSPECTIVE_SHADOW_COHORT_V1,SERVER_TASK_RECORD
26,formal-v1-trial-026-attempt-0,0,TASK_RECORD,formal-v1/trial-026/attempt-0/run/trajs/stonehenge_ball-to-ellipsoid.json,101297,53fee1316451b70f33dd48fa8fb6d1743e497c282ee8242bcfd81982363c3eb8,e8ea8f3fda15ab81664829ea6f71fcb37f772ad613c13f61007856c16117791a,5e20a3f0504205e8d65b91033638c5af0909ed741212a04539dcfb37eda08fe2,FORMAL_PROSPECTIVE_SHADOW_COHORT_V1,SERVER_TASK_RECORD
26,formal-v1-trial-026-attempt-0,0,LOG,formal-v1/trial-026/attempt-0/stderr.log,9672,1b90d42c476a7e7af87cd8b30731005d93c4394b7a97e3b6aa5ca4c56f0e8b7d,e8ea8f3fda15ab81664829ea6f71fcb37f772ad613c13f61007856c16117791a,5e20a3f0504205e8d65b91033638c5af0909ed741212a04539dcfb37eda08fe2,FORMAL_PROSPECTIVE_SHADOW_COHORT_V1,SERVER_ONLY_RAW
26,formal-v1-trial-026-attempt-0,0,LOG,formal-v1/trial-026/attempt-0/stdout.log,1494,6b22cbb649745c14a7203c1a75aef017422777e0310e43845e64cbc899111423,e8ea8f3fda15ab81664829ea6f71fcb37f772ad613c13f61007856c16117791a,5e20a3f0504205e8d65b91033638c5af0909ed741212a04539dcfb37eda08fe2,FORMAL_PROSPECTIVE_SHADOW_COHORT_V1,SERVER_ONLY_RAW
27,formal-v1-trial-027-attempt-0,0,TASK_RECORD,formal-v1/trial-027/attempt-0/formal_attempt_identity.json,839,3f7d8a71027b09311258f24552d6ad4ea0ffb2a094e4e3ce87e29c01280f5426,e8ea8f3fda15ab81664829ea6f71fcb37f772ad613c13f61007856c16117791a,5e20a3f0504205e8d65b91033638c5af0909ed741212a04539dcfb37eda08fe2,FORMAL_PROSPECTIVE_SHADOW_COHORT_V1,SERVER_TASK_RECORD
27,formal-v1-trial-027-attempt-0,0,TASK_RECORD,formal-v1/trial-027/attempt-0/outcome_blind_qc.json,1215,431382865a014b33038b529d8952b9fdcb94dc43991c8c44672d2a53225e9a5d,e8ea8f3fda15ab81664829ea6f71fcb37f772ad613c13f61007856c16117791a,5e20a3f0504205e8d65b91033638c5af0909ed741212a04539dcfb37eda08fe2,FORMAL_PROSPECTIVE_SHADOW_COHORT_V1,SERVER_TASK_RECORD
27,formal-v1-trial-027-attempt-0,0,TASK_RECORD,formal-v1/trial-027/attempt-0/process_result.json,437,29e1b9562baedd3da46bb001d8bbf9ad3c901a4ffd527fc3b486d42ab3c8ea4a,e8ea8f3fda15ab81664829ea6f71fcb37f772ad613c13f61007856c16117791a,5e20a3f0504205e8d65b91033638c5af0909ed741212a04539dcfb37eda08fe2,FORMAL_PROSPECTIVE_SHADOW_COHORT_V1,SERVER_TASK_RECORD
27,formal-v1-trial-027-attempt-0,0,TASK_RECORD,formal-v1/trial-027/attempt-0/run/arm_activation.json,927,51387a4619419677123d9b62d758a7d4c6d96b85da8627a1db0182142da7e6d2,e8ea8f3fda15ab81664829ea6f71fcb37f772ad613c13f61007856c16117791a,5e20a3f0504205e8d65b91033638c5af0909ed741212a04539dcfb37eda08fe2,FORMAL_PROSPECTIVE_SHADOW_COHORT_V1,SERVER_TASK_RECORD
27,formal-v1-trial-027-attempt-0,0,TASK_RECORD,formal-v1/trial-027/attempt-0/run/environment_identity.json,1129,fd5f788cd633f5503b1a82b4bdf6cecdd8d3fddd260e5a427c15178e7ccd8943,e8ea8f3fda15ab81664829ea6f71fcb37f772ad613c13f61007856c16117791a,5e20a3f0504205e8d65b91033638c5af0909ed741212a04539dcfb37eda08fe2,FORMAL_PROSPECTIVE_SHADOW_COHORT_V1,SERVER_TASK_RECORD
27,formal-v1-trial-027-attempt-0,0,RAW_JSONL,formal-v1/trial-027/attempt-0/run/instrumentation/instrumentation_health_log.jsonl,56656,f19404168d64ce1460427916ac066f1a3f75e9551962b1611d60551300e44fc3,e8ea8f3fda15ab81664829ea6f71fcb37f772ad613c13f61007856c16117791a,5e20a3f0504205e8d65b91033638c5af0909ed741212a04539dcfb37eda08fe2,FORMAL_PROSPECTIVE_SHADOW_COHORT_V1,SERVER_ONLY_RAW
27,formal-v1-trial-027-attempt-0,0,TASK_RECORD,formal-v1/trial-027/attempt-0/run/instrumentation/map_authority_manifest.json,983,7c19db927e0a59f20cbd1edb905076e75f12562e341d6ec56d291423a356f586,e8ea8f3fda15ab81664829ea6f71fcb37f772ad613c13f61007856c16117791a,5e20a3f0504205e8d65b91033638c5af0909ed741212a04539dcfb37eda08fe2,FORMAL_PROSPECTIVE_SHADOW_COHORT_V1,SERVER_TASK_RECORD
27,formal-v1-trial-027-attempt-0,0,RAW_JSONL,formal-v1/trial-027/attempt-0/run/instrumentation/shadow_certificate_result_log.jsonl,158372,2d71217173639885341e3979b38bf4370330072e1a321ec0f7de78c45c26a0aa,e8ea8f3fda15ab81664829ea6f71fcb37f772ad613c13f61007856c16117791a,5e20a3f0504205e8d65b91033638c5af0909ed741212a04539dcfb37eda08fe2,FORMAL_PROSPECTIVE_SHADOW_COHORT_V1,SERVER_ONLY_RAW
27,formal-v1-trial-027-attempt-0,0,RAW_JSONL,formal-v1/trial-027/attempt-0/run/instrumentation/step_capture_log.jsonl,289158,dbcf97c2e981897555b3c4c05ffc8c504c9ca7f765e0e44542452d32cd37ef5d,e8ea8f3fda15ab81664829ea6f71fcb37f772ad613c13f61007856c16117791a,5e20a3f0504205e8d65b91033638c5af0909ed741212a04539dcfb37eda08fe2,FORMAL_PROSPECTIVE_SHADOW_COHORT_V1,SERVER_ONLY_RAW
27,formal-v1-trial-027-attempt-0,0,TASK_RECORD,formal-v1/trial-027/attempt-0/run/primary_trace.json,245242,91ed85dfa80682f0b6d32928192f4386099decd3b3a17fb62befc4cea96c356a,e8ea8f3fda15ab81664829ea6f71fcb37f772ad613c13f61007856c16117791a,5e20a3f0504205e8d65b91033638c5af0909ed741212a04539dcfb37eda08fe2,FORMAL_PROSPECTIVE_SHADOW_COHORT_V1,SERVER_TASK_RECORD
27,formal-v1-trial-027-attempt-0,0,TASK_RECORD,formal-v1/trial-027/attempt-0/run/run_metadata.json,841,270b52653059eb599ac304ac1e3cd498f57bec0d73177653a8a532bf611f1d6e,e8ea8f3fda15ab81664829ea6f71fcb37f772ad613c13f61007856c16117791a,5e20a3f0504205e8d65b91033638c5af0909ed741212a04539dcfb37eda08fe2,FORMAL_PROSPECTIVE_SHADOW_COHORT_V1,SERVER_TASK_RECORD
27,formal-v1-trial-027-attempt-0,0,TASK_RECORD,formal-v1/trial-027/attempt-0/run/trajs/stonehenge_ball-to-ellipsoid.json,98775,cc96581815b6c532e8332bf9463041b92c16163933d2ae647dcfb20361cf5499,e8ea8f3fda15ab81664829ea6f71fcb37f772ad613c13f61007856c16117791a,5e20a3f0504205e8d65b91033638c5af0909ed741212a04539dcfb37eda08fe2,FORMAL_PROSPECTIVE_SHADOW_COHORT_V1,SERVER_TASK_RECORD
27,formal-v1-trial-027-attempt-0,0,LOG,formal-v1/trial-027/attempt-0/stderr.log,9429,7be207cb3089ace3b4feb93201e4e4cb1e2171082916a3258a55b084b0417732,e8ea8f3fda15ab81664829ea6f71fcb37f772ad613c13f61007856c16117791a,5e20a3f0504205e8d65b91033638c5af0909ed741212a04539dcfb37eda08fe2,FORMAL_PROSPECTIVE_SHADOW_COHORT_V1,SERVER_ONLY_RAW
27,formal-v1-trial-027-attempt-0,0,LOG,formal-v1/trial-027/attempt-0/stdout.log,1494,23c9b290c90662e88cf63ab4b1b06a93a4a135d0980b8cb7e57fde517fcf81eb,e8ea8f3fda15ab81664829ea6f71fcb37f772ad613c13f61007856c16117791a,5e20a3f0504205e8d65b91033638c5af0909ed741212a04539dcfb37eda08fe2,FORMAL_PROSPECTIVE_SHADOW_COHORT_V1,SERVER_ONLY_RAW
28,formal-v1-trial-028-attempt-0,0,TASK_RECORD,formal-v1/trial-028/attempt-0/formal_attempt_identity.json,839,4fe28e9b70334690facc9aaca994f2a6708109bb9410a0f4f6000db0a69f8b8f,e8ea8f3fda15ab81664829ea6f71fcb37f772ad613c13f61007856c16117791a,5e20a3f0504205e8d65b91033638c5af0909ed741212a04539dcfb37eda08fe2,FORMAL_PROSPECTIVE_SHADOW_COHORT_V1,SERVER_TASK_RECORD
28,formal-v1-trial-028-attempt-0,0,TASK_RECORD,formal-v1/trial-028/attempt-0/outcome_blind_qc.json,1215,d045e46a63790b25f1ac111740e003af41a7f9f6207562a616ae2806e327c7b7,e8ea8f3fda15ab81664829ea6f71fcb37f772ad613c13f61007856c16117791a,5e20a3f0504205e8d65b91033638c5af0909ed741212a04539dcfb37eda08fe2,FORMAL_PROSPECTIVE_SHADOW_COHORT_V1,SERVER_TASK_RECORD
28,formal-v1-trial-028-attempt-0,0,TASK_RECORD,formal-v1/trial-028/attempt-0/process_result.json,437,28bae11028ea0fda8766893efeb656c573465ef3fdcd7067211c580705647e11,e8ea8f3fda15ab81664829ea6f71fcb37f772ad613c13f61007856c16117791a,5e20a3f0504205e8d65b91033638c5af0909ed741212a04539dcfb37eda08fe2,FORMAL_PROSPECTIVE_SHADOW_COHORT_V1,SERVER_TASK_RECORD
28,formal-v1-trial-028-attempt-0,0,TASK_RECORD,formal-v1/trial-028/attempt-0/run/arm_activation.json,927,0e65e8f71ff992d7329aca68af914545e25d234abdd8eae0ae77c50d16f9f0f8,e8ea8f3fda15ab81664829ea6f71fcb37f772ad613c13f61007856c16117791a,5e20a3f0504205e8d65b91033638c5af0909ed741212a04539dcfb37eda08fe2,FORMAL_PROSPECTIVE_SHADOW_COHORT_V1,SERVER_TASK_RECORD
28,formal-v1-trial-028-attempt-0,0,TASK_RECORD,formal-v1/trial-028/attempt-0/run/environment_identity.json,1129,230083ed6dab87c61245ba068454aabf42b8af6cf91b890c94407675cfe29fc4,e8ea8f3fda15ab81664829ea6f71fcb37f772ad613c13f61007856c16117791a,5e20a3f0504205e8d65b91033638c5af0909ed741212a04539dcfb37eda08fe2,FORMAL_PROSPECTIVE_SHADOW_COHORT_V1,SERVER_TASK_RECORD
28,formal-v1-trial-028-attempt-0,0,RAW_JSONL,formal-v1/trial-028/attempt-0/run/instrumentation/instrumentation_health_log.jsonl,62440,456d0a2ace3893712d7de2ce2f0e24bb8d1cf0daf8a93be8e50b36a455199077,e8ea8f3fda15ab81664829ea6f71fcb37f772ad613c13f61007856c16117791a,5e20a3f0504205e8d65b91033638c5af0909ed741212a04539dcfb37eda08fe2,FORMAL_PROSPECTIVE_SHADOW_COHORT_V1,SERVER_ONLY_RAW
28,formal-v1-trial-028-attempt-0,0,TASK_RECORD,formal-v1/trial-028/attempt-0/run/instrumentation/map_authority_manifest.json,983,7c19db927e0a59f20cbd1edb905076e75f12562e341d6ec56d291423a356f586,e8ea8f3fda15ab81664829ea6f71fcb37f772ad613c13f61007856c16117791a,5e20a3f0504205e8d65b91033638c5af0909ed741212a04539dcfb37eda08fe2,FORMAL_PROSPECTIVE_SHADOW_COHORT_V1,SERVER_TASK_RECORD
28,formal-v1-trial-028-attempt-0,0,RAW_JSONL,formal-v1/trial-028/attempt-0/run/instrumentation/shadow_certificate_result_log.jsonl,174500,bf847079dc49821f3f16d89e71ea91422c059d04b944f6b16a992fad2507f4b6,e8ea8f3fda15ab81664829ea6f71fcb37f772ad613c13f61007856c16117791a,5e20a3f0504205e8d65b91033638c5af0909ed741212a04539dcfb37eda08fe2,FORMAL_PROSPECTIVE_SHADOW_COHORT_V1,SERVER_ONLY_RAW
28,formal-v1-trial-028-attempt-0,0,RAW_JSONL,formal-v1/trial-028/attempt-0/run/instrumentation/step_capture_log.jsonl,318541,7068e510c99cfe81bd681d67b2374c675b6b83029e70016d3cdecf0a3a78aaf4,e8ea8f3fda15ab81664829ea6f71fcb37f772ad613c13f61007856c16117791a,5e20a3f0504205e8d65b91033638c5af0909ed741212a04539dcfb37eda08fe2,FORMAL_PROSPECTIVE_SHADOW_COHORT_V1,SERVER_ONLY_RAW
28,formal-v1-trial-028-attempt-0,0,TASK_RECORD,formal-v1/trial-028/attempt-0/run/primary_trace.json,270222,6160518f8169365d99381936277d8db631168527cec86eab50199d7312166494,e8ea8f3fda15ab81664829ea6f71fcb37f772ad613c13f61007856c16117791a,5e20a3f0504205e8d65b91033638c5af0909ed741212a04539dcfb37eda08fe2,FORMAL_PROSPECTIVE_SHADOW_COHORT_V1,SERVER_TASK_RECORD
28,formal-v1-trial-028-attempt-0,0,TASK_RECORD,formal-v1/trial-028/attempt-0/run/run_metadata.json,841,e4bc215f25e490ba060a2534e8717319571c70ed00a47b275858dda03acf3654,e8ea8f3fda15ab81664829ea6f71fcb37f772ad613c13f61007856c16117791a,5e20a3f0504205e8d65b91033638c5af0909ed741212a04539dcfb37eda08fe2,FORMAL_PROSPECTIVE_SHADOW_COHORT_V1,SERVER_TASK_RECORD
28,formal-v1-trial-028-attempt-0,0,TASK_RECORD,formal-v1/trial-028/attempt-0/run/trajs/stonehenge_ball-to-ellipsoid.json,108708,125c1901fa9161d992ed4435fcdf48286311bb082a2789b1d21eba3d2f3babb3,e8ea8f3fda15ab81664829ea6f71fcb37f772ad613c13f61007856c16117791a,5e20a3f0504205e8d65b91033638c5af0909ed741212a04539dcfb37eda08fe2,FORMAL_PROSPECTIVE_SHADOW_COHORT_V1,SERVER_TASK_RECORD
28,formal-v1-trial-028-attempt-0,0,LOG,formal-v1/trial-028/attempt-0/stderr.log,10401,976ea4789d07dd91cc6b69113e7c5566d676e304b808b5cd1d781a252b0884d4,e8ea8f3fda15ab81664829ea6f71fcb37f772ad613c13f61007856c16117791a,5e20a3f0504205e8d65b91033638c5af0909ed741212a04539dcfb37eda08fe2,FORMAL_PROSPECTIVE_SHADOW_COHORT_V1,SERVER_ONLY_RAW
28,formal-v1-trial-028-attempt-0,0,LOG,formal-v1/trial-028/attempt-0/stdout.log,1495,4cd6678cb83cdc5cd0af245e21af3053fec60b05465d59622730192e967c2f5b,e8ea8f3fda15ab81664829ea6f71fcb37f772ad613c13f61007856c16117791a,5e20a3f0504205e8d65b91033638c5af0909ed741212a04539dcfb37eda08fe2,FORMAL_PROSPECTIVE_SHADOW_COHORT_V1,SERVER_ONLY_RAW
29,formal-v1-trial-029-attempt-0,0,TASK_RECORD,formal-v1/trial-029/attempt-0/formal_attempt_identity.json,839,2a0b2ac2031168d9b7a3043a17fba824b795d93bd00086f787623fa9ffba4064,e8ea8f3fda15ab81664829ea6f71fcb37f772ad613c13f61007856c16117791a,5e20a3f0504205e8d65b91033638c5af0909ed741212a04539dcfb37eda08fe2,FORMAL_PROSPECTIVE_SHADOW_COHORT_V1,SERVER_TASK_RECORD
29,formal-v1-trial-029-attempt-0,0,TASK_RECORD,formal-v1/trial-029/attempt-0/outcome_blind_qc.json,1215,83084a1ff45eeb5fb8725476195b0ade9d115c527836b0b265d50fcbf986cb13,e8ea8f3fda15ab81664829ea6f71fcb37f772ad613c13f61007856c16117791a,5e20a3f0504205e8d65b91033638c5af0909ed741212a04539dcfb37eda08fe2,FORMAL_PROSPECTIVE_SHADOW_COHORT_V1,SERVER_TASK_RECORD
29,formal-v1-trial-029-attempt-0,0,TASK_RECORD,formal-v1/trial-029/attempt-0/process_result.json,437,9a0b26bdcbb2266cdeba4550a21344e19fc6ed5325177f4adb226f6733a856a8,e8ea8f3fda15ab81664829ea6f71fcb37f772ad613c13f61007856c16117791a,5e20a3f0504205e8d65b91033638c5af0909ed741212a04539dcfb37eda08fe2,FORMAL_PROSPECTIVE_SHADOW_COHORT_V1,SERVER_TASK_RECORD
29,formal-v1-trial-029-attempt-0,0,TASK_RECORD,formal-v1/trial-029/attempt-0/run/arm_activation.json,927,f84395b8e463b01dd4b7cfce59de9e11788facc6c702a105f727db8b58ef78ad,e8ea8f3fda15ab81664829ea6f71fcb37f772ad613c13f61007856c16117791a,5e20a3f0504205e8d65b91033638c5af0909ed741212a04539dcfb37eda08fe2,FORMAL_PROSPECTIVE_SHADOW_COHORT_V1,SERVER_TASK_RECORD
29,formal-v1-trial-029-attempt-0,0,TASK_RECORD,formal-v1/trial-029/attempt-0/run/environment_identity.json,1129,a74793af6573fda7a7fae1a57eaea52b235d27d8dda7cfe1db2216c7411136b4,e8ea8f3fda15ab81664829ea6f71fcb37f772ad613c13f61007856c16117791a,5e20a3f0504205e8d65b91033638c5af0909ed741212a04539dcfb37eda08fe2,FORMAL_PROSPECTIVE_SHADOW_COHORT_V1,SERVER_TASK_RECORD
29,formal-v1-trial-029-attempt-0,0,RAW_JSONL,formal-v1/trial-029/attempt-0/run/instrumentation/instrumentation_health_log.jsonl,74008,2e3e6561a3ed49d8562c99f2740d326e9e21be8027c0028f57b4e50bdc8ad30a,e8ea8f3fda15ab81664829ea6f71fcb37f772ad613c13f61007856c16117791a,5e20a3f0504205e8d65b91033638c5af0909ed741212a04539dcfb37eda08fe2,FORMAL_PROSPECTIVE_SHADOW_COHORT_V1,SERVER_ONLY_RAW
29,formal-v1-trial-029-attempt-0,0,TASK_RECORD,formal-v1/trial-029/attempt-0/run/instrumentation/map_authority_manifest.json,983,7c19db927e0a59f20cbd1edb905076e75f12562e341d6ec56d291423a356f586,e8ea8f3fda15ab81664829ea6f71fcb37f772ad613c13f61007856c16117791a,5e20a3f0504205e8d65b91033638c5af0909ed741212a04539dcfb37eda08fe2,FORMAL_PROSPECTIVE_SHADOW_COHORT_V1,SERVER_TASK_RECORD
29,formal-v1-trial-029-attempt-0,0,RAW_JSONL,formal-v1/trial-029/attempt-0/run/instrumentation/shadow_certificate_result_log.jsonl,206756,3f1db4d2ee9ccd74093ecdb12b16f4df42fd2bf5fdd8ca52941d43f29d123680,e8ea8f3fda15ab81664829ea6f71fcb37f772ad613c13f61007856c16117791a,5e20a3f0504205e8d65b91033638c5af0909ed741212a04539dcfb37eda08fe2,FORMAL_PROSPECTIVE_SHADOW_COHORT_V1,SERVER_ONLY_RAW
29,formal-v1-trial-029-attempt-0,0,RAW_JSONL,formal-v1/trial-029/attempt-0/run/instrumentation/step_capture_log.jsonl,377268,27f8d54d3a3ae5a54a935ab39ff4d69e6ebd6b876f1731dac0f9e33f60f6584d,e8ea8f3fda15ab81664829ea6f71fcb37f772ad613c13f61007856c16117791a,5e20a3f0504205e8d65b91033638c5af0909ed741212a04539dcfb37eda08fe2,FORMAL_PROSPECTIVE_SHADOW_COHORT_V1,SERVER_ONLY_RAW
29,formal-v1-trial-029-attempt-0,0,TASK_RECORD,formal-v1/trial-029/attempt-0/run/primary_trace.json,319471,6188d9f23643644999167b43fc4456cbe09d9fc98511fcf8c5ce8f5917861242,e8ea8f3fda15ab81664829ea6f71fcb37f772ad613c13f61007856c16117791a,5e20a3f0504205e8d65b91033638c5af0909ed741212a04539dcfb37eda08fe2,FORMAL_PROSPECTIVE_SHADOW_COHORT_V1,SERVER_TASK_RECORD
29,formal-v1-trial-029-attempt-0,0,TASK_RECORD,formal-v1/trial-029/attempt-0/run/run_metadata.json,841,5cb5ea1a540d8e945b8feef5a5847908bc40ef6fc6e15f259765eecffa61b020,e8ea8f3fda15ab81664829ea6f71fcb37f772ad613c13f61007856c16117791a,5e20a3f0504205e8d65b91033638c5af0909ed741212a04539dcfb37eda08fe2,FORMAL_PROSPECTIVE_SHADOW_COHORT_V1,SERVER_TASK_RECORD
29,formal-v1-trial-029-attempt-0,0,TASK_RECORD,formal-v1/trial-029/attempt-0/run/trajs/stonehenge_ball-to-ellipsoid.json,128519,d8b99b34beac8274e96b49ad1d0c0414b6070ff593a084c81c5d4590e4bb85ee,e8ea8f3fda15ab81664829ea6f71fcb37f772ad613c13f61007856c16117791a,5e20a3f0504205e8d65b91033638c5af0909ed741212a04539dcfb37eda08fe2,FORMAL_PROSPECTIVE_SHADOW_COHORT_V1,SERVER_TASK_RECORD
29,formal-v1-trial-029-attempt-0,0,LOG,formal-v1/trial-029/attempt-0/stderr.log,12345,cf0245c7da59a2e440a2ff4ed873023ca0fb49c3e7246cce5ef97ed20d690e60,e8ea8f3fda15ab81664829ea6f71fcb37f772ad613c13f61007856c16117791a,5e20a3f0504205e8d65b91033638c5af0909ed741212a04539dcfb37eda08fe2,FORMAL_PROSPECTIVE_SHADOW_COHORT_V1,SERVER_ONLY_RAW
29,formal-v1-trial-029-attempt-0,0,LOG,formal-v1/trial-029/attempt-0/stdout.log,1494,7ddc0792a58257e6ddea82ebe4ba1ab1e43f563072a9daa25400bc1368a2b709,e8ea8f3fda15ab81664829ea6f71fcb37f772ad613c13f61007856c16117791a,5e20a3f0504205e8d65b91033638c5af0909ed741212a04539dcfb37eda08fe2,FORMAL_PROSPECTIVE_SHADOW_COHORT_V1,SERVER_ONLY_RAW
30,formal-v1-trial-030-attempt-0,0,TASK_RECORD,formal-v1/trial-030/attempt-0/formal_attempt_identity.json,839,eb6271e9ca6d3334a0b3a54b2f65539974b06057e8aa5602ffad8f545d18799c,e8ea8f3fda15ab81664829ea6f71fcb37f772ad613c13f61007856c16117791a,5e20a3f0504205e8d65b91033638c5af0909ed741212a04539dcfb37eda08fe2,FORMAL_PROSPECTIVE_SHADOW_COHORT_V1,SERVER_TASK_RECORD
30,formal-v1-trial-030-attempt-0,0,TASK_RECORD,formal-v1/trial-030/attempt-0/outcome_blind_qc.json,1211,813dc5f97b86e96f1008916ce520d4241d07e46152d48a1fa0a9fdc840fb422f,e8ea8f3fda15ab81664829ea6f71fcb37f772ad613c13f61007856c16117791a,5e20a3f0504205e8d65b91033638c5af0909ed741212a04539dcfb37eda08fe2,FORMAL_PROSPECTIVE_SHADOW_COHORT_V1,SERVER_TASK_RECORD
30,formal-v1-trial-030-attempt-0,0,TASK_RECORD,formal-v1/trial-030/attempt-0/process_result.json,433,3c6035a05ee48320507f40b0010b2c9bea816499d4e8d862612ff3005a8cfd34,e8ea8f3fda15ab81664829ea6f71fcb37f772ad613c13f61007856c16117791a,5e20a3f0504205e8d65b91033638c5af0909ed741212a04539dcfb37eda08fe2,FORMAL_PROSPECTIVE_SHADOW_COHORT_V1,SERVER_TASK_RECORD
30,formal-v1-trial-030-attempt-0,0,TASK_RECORD,formal-v1/trial-030/attempt-0/run/arm_activation.json,922,e80fc96476741f8c92184b17cb8e27e1a20d31d3beb7c97362671eb95ebe1abd,e8ea8f3fda15ab81664829ea6f71fcb37f772ad613c13f61007856c16117791a,5e20a3f0504205e8d65b91033638c5af0909ed741212a04539dcfb37eda08fe2,FORMAL_PROSPECTIVE_SHADOW_COHORT_V1,SERVER_TASK_RECORD
30,formal-v1-trial-030-attempt-0,0,TASK_RECORD,formal-v1/trial-030/attempt-0/run/environment_identity.json,1129,16c9c6a872bf61dbaf53ce21d0eb9c8d13fe0a20e45dc3d6136dfdc20a5b8ef9,e8ea8f3fda15ab81664829ea6f71fcb37f772ad613c13f61007856c16117791a,5e20a3f0504205e8d65b91033638c5af0909ed741212a04539dcfb37eda08fe2,FORMAL_PROSPECTIVE_SHADOW_COHORT_V1,SERVER_TASK_RECORD
30,formal-v1-trial-030-attempt-0,0,RAW_JSONL,formal-v1/trial-030/attempt-0/run/instrumentation/instrumentation_health_log.jsonl,20620,2a90ed0fcee1e0fbbc60ff46d04e3e052c1cdf8a62113756c8a7d336088f85cd,e8ea8f3fda15ab81664829ea6f71fcb37f772ad613c13f61007856c16117791a,5e20a3f0504205e8d65b91033638c5af0909ed741212a04539dcfb37eda08fe2,FORMAL_PROSPECTIVE_SHADOW_COHORT_V1,SERVER_ONLY_RAW
30,formal-v1-trial-030-attempt-0,0,TASK_RECORD,formal-v1/trial-030/attempt-0/run/instrumentation/map_authority_manifest.json,983,7c19db927e0a59f20cbd1edb905076e75f12562e341d6ec56d291423a356f586,e8ea8f3fda15ab81664829ea6f71fcb37f772ad613c13f61007856c16117791a,5e20a3f0504205e8d65b91033638c5af0909ed741212a04539dcfb37eda08fe2,FORMAL_PROSPECTIVE_SHADOW_COHORT_V1,SERVER_TASK_RECORD
30,formal-v1-trial-030-attempt-0,0,RAW_JSONL,formal-v1/trial-030/attempt-0/run/instrumentation/shadow_certificate_result_log.jsonl,57686,b297d597c3d4d7d03876a39f9708916242bea7a0df42ee0e07f34c8ea7cb90e7,e8ea8f3fda15ab81664829ea6f71fcb37f772ad613c13f61007856c16117791a,5e20a3f0504205e8d65b91033638c5af0909ed741212a04539dcfb37eda08fe2,FORMAL_PROSPECTIVE_SHADOW_COHORT_V1,SERVER_ONLY_RAW
30,formal-v1-trial-030-attempt-0,0,RAW_JSONL,formal-v1/trial-030/attempt-0/run/instrumentation/step_capture_log.jsonl,105198,3011a434c3f351c53a3d0255bb67bfd335d9b98c538338e81750cd44ec726d0f,e8ea8f3fda15ab81664829ea6f71fcb37f772ad613c13f61007856c16117791a,5e20a3f0504205e8d65b91033638c5af0909ed741212a04539dcfb37eda08fe2,FORMAL_PROSPECTIVE_SHADOW_COHORT_V1,SERVER_ONLY_RAW
30,formal-v1-trial-030-attempt-0,0,TASK_RECORD,formal-v1/trial-030/attempt-0/run/primary_trace.json,89389,e99837063d621256fe7223d2f36cc64f7ec9463afd8ab288c978b0b27123217c,e8ea8f3fda15ab81664829ea6f71fcb37f772ad613c13f61007856c16117791a,5e20a3f0504205e8d65b91033638c5af0909ed741212a04539dcfb37eda08fe2,FORMAL_PROSPECTIVE_SHADOW_COHORT_V1,SERVER_TASK_RECORD
30,formal-v1-trial-030-attempt-0,0,TASK_RECORD,formal-v1/trial-030/attempt-0/run/run_metadata.json,840,a3248973c337cc0ac3213e9536087cfc22afac18ea46cb8b7ccd20aca5422474,e8ea8f3fda15ab81664829ea6f71fcb37f772ad613c13f61007856c16117791a,5e20a3f0504205e8d65b91033638c5af0909ed741212a04539dcfb37eda08fe2,FORMAL_PROSPECTIVE_SHADOW_COHORT_V1,SERVER_TASK_RECORD
30,formal-v1-trial-030-attempt-0,0,TASK_RECORD,formal-v1/trial-030/attempt-0/run/trajs/stonehenge_ball-to-ellipsoid.json,36523,e731aab81e3c9f4def0afc3a0d967e2586f0d42c374fa0d0bbd6c8b8ea8c8f10,e8ea8f3fda15ab81664829ea6f71fcb37f772ad613c13f61007856c16117791a,5e20a3f0504205e8d65b91033638c5af0909ed741212a04539dcfb37eda08fe2,FORMAL_PROSPECTIVE_SHADOW_COHORT_V1,SERVER_TASK_RECORD
30,formal-v1-trial-030-attempt-0,0,LOG,formal-v1/trial-030/attempt-0/stderr.log,3562,bc92f490c67941ef2278b15c2a4c55f389a607e0a8c6c040e1b5c9095fdc63cf,e8ea8f3fda15ab81664829ea6f71fcb37f772ad613c13f61007856c16117791a,5e20a3f0504205e8d65b91033638c5af0909ed741212a04539dcfb37eda08fe2,FORMAL_PROSPECTIVE_SHADOW_COHORT_V1,SERVER_ONLY_RAW
30,formal-v1-trial-030-attempt-0,0,LOG,formal-v1/trial-030/attempt-0/stdout.log,1493,fac1ed3907b5a867ea07c09ae71eea7d5240511d336d235d7ff435abb34b674d,e8ea8f3fda15ab81664829ea6f71fcb37f772ad613c13f61007856c16117791a,5e20a3f0504205e8d65b91033638c5af0909ed741212a04539dcfb37eda08fe2,FORMAL_PROSPECTIVE_SHADOW_COHORT_V1,SERVER_ONLY_RAW
31,formal-v1-trial-031-attempt-0,0,TASK_RECORD,formal-v1/trial-031/attempt-0/formal_attempt_identity.json,839,d3163a4266f0fa58d270d4a82eafcac4bf088e2721188156f8b2b6f51a3e3b84,e8ea8f3fda15ab81664829ea6f71fcb37f772ad613c13f61007856c16117791a,5e20a3f0504205e8d65b91033638c5af0909ed741212a04539dcfb37eda08fe2,FORMAL_PROSPECTIVE_SHADOW_COHORT_V1,SERVER_TASK_RECORD
31,formal-v1-trial-031-attempt-0,0,TASK_RECORD,formal-v1/trial-031/attempt-0/outcome_blind_qc.json,1211,1d0457528fe7950df734d730d99788638cf2501f6c842c45a95bd41e336b55d8,e8ea8f3fda15ab81664829ea6f71fcb37f772ad613c13f61007856c16117791a,5e20a3f0504205e8d65b91033638c5af0909ed741212a04539dcfb37eda08fe2,FORMAL_PROSPECTIVE_SHADOW_COHORT_V1,SERVER_TASK_RECORD
31,formal-v1-trial-031-attempt-0,0,TASK_RECORD,formal-v1/trial-031/attempt-0/process_result.json,433,06c3ad1096142ac225c172b70a3464edbe74e60fb4550cdd8dc17434e307d3bd,e8ea8f3fda15ab81664829ea6f71fcb37f772ad613c13f61007856c16117791a,5e20a3f0504205e8d65b91033638c5af0909ed741212a04539dcfb37eda08fe2,FORMAL_PROSPECTIVE_SHADOW_COHORT_V1,SERVER_TASK_RECORD
31,formal-v1-trial-031-attempt-0,0,TASK_RECORD,formal-v1/trial-031/attempt-0/run/arm_activation.json,922,669c2f6c7d5e337fdc4a8f4fdb3d1aff3e0dccf54a48ce6733cc7d9d7202977a,e8ea8f3fda15ab81664829ea6f71fcb37f772ad613c13f61007856c16117791a,5e20a3f0504205e8d65b91033638c5af0909ed741212a04539dcfb37eda08fe2,FORMAL_PROSPECTIVE_SHADOW_COHORT_V1,SERVER_TASK_RECORD
31,formal-v1-trial-031-attempt-0,0,TASK_RECORD,formal-v1/trial-031/attempt-0/run/environment_identity.json,1129,5d7813826f6931680a920dbe8907d91e3945618a0f69ab81d36be2504b2be8f4,e8ea8f3fda15ab81664829ea6f71fcb37f772ad613c13f61007856c16117791a,5e20a3f0504205e8d65b91033638c5af0909ed741212a04539dcfb37eda08fe2,FORMAL_PROSPECTIVE_SHADOW_COHORT_V1,SERVER_TASK_RECORD
31,formal-v1-trial-031-attempt-0,0,RAW_JSONL,formal-v1/trial-031/attempt-0/run/instrumentation/instrumentation_health_log.jsonl,23020,ea8415ceaa48892b75c9f65cc3885eca93d04952bc4ccd685cccf81140110723,e8ea8f3fda15ab81664829ea6f71fcb37f772ad613c13f61007856c16117791a,5e20a3f0504205e8d65b91033638c5af0909ed741212a04539dcfb37eda08fe2,FORMAL_PROSPECTIVE_SHADOW_COHORT_V1,SERVER_ONLY_RAW
31,formal-v1-trial-031-attempt-0,0,TASK_RECORD,formal-v1/trial-031/attempt-0/run/instrumentation/map_authority_manifest.json,983,7c19db927e0a59f20cbd1edb905076e75f12562e341d6ec56d291423a356f586,e8ea8f3fda15ab81664829ea6f71fcb37f772ad613c13f61007856c16117791a,5e20a3f0504205e8d65b91033638c5af0909ed741212a04539dcfb37eda08fe2,FORMAL_PROSPECTIVE_SHADOW_COHORT_V1,SERVER_TASK_RECORD
31,formal-v1-trial-031-attempt-0,0,RAW_JSONL,formal-v1/trial-031/attempt-0/run/instrumentation/shadow_certificate_result_log.jsonl,64396,b3982d46a98201fd08c1819beb6dfdad2023705e9f1e76283d2b3841a097ab4f,e8ea8f3fda15ab81664829ea6f71fcb37f772ad613c13f61007856c16117791a,5e20a3f0504205e8d65b91033638c5af0909ed741212a04539dcfb37eda08fe2,FORMAL_PROSPECTIVE_SHADOW_COHORT_V1,SERVER_ONLY_RAW
31,formal-v1-trial-031-attempt-0,0,RAW_JSONL,formal-v1/trial-031/attempt-0/run/instrumentation/step_capture_log.jsonl,117320,8f2ec16e072e385f6c3f906fe096fd2b364588362f7297e1bb8bd29086db0ddf,e8ea8f3fda15ab81664829ea6f71fcb37f772ad613c13f61007856c16117791a,5e20a3f0504205e8d65b91033638c5af0909ed741212a04539dcfb37eda08fe2,FORMAL_PROSPECTIVE_SHADOW_COHORT_V1,SERVER_ONLY_RAW
31,formal-v1-trial-031-attempt-0,0,TASK_RECORD,formal-v1/trial-031/attempt-0/run/primary_trace.json,99522,7502c47cec746a53e03dce5ac2c65641f6fba1a2d3372bbeda309bab0c4338ba,e8ea8f3fda15ab81664829ea6f71fcb37f772ad613c13f61007856c16117791a,5e20a3f0504205e8d65b91033638c5af0909ed741212a04539dcfb37eda08fe2,FORMAL_PROSPECTIVE_SHADOW_COHORT_V1,SERVER_TASK_RECORD
31,formal-v1-trial-031-attempt-0,0,TASK_RECORD,formal-v1/trial-031/attempt-0/run/run_metadata.json,840,873450317b2f6f1312188bf838e1a1ecbe9893864d8f4b2911a2b75bd58ed81c,e8ea8f3fda15ab81664829ea6f71fcb37f772ad613c13f61007856c16117791a,5e20a3f0504205e8d65b91033638c5af0909ed741212a04539dcfb37eda08fe2,FORMAL_PROSPECTIVE_SHADOW_COHORT_V1,SERVER_TASK_RECORD
31,formal-v1-trial-031-attempt-0,0,TASK_RECORD,formal-v1/trial-031/attempt-0/run/trajs/stonehenge_ball-to-ellipsoid.json,40550,d0b7c1d2ec7dfb01223040d890a64df9144163c5250484ed48bf931512c20729,e8ea8f3fda15ab81664829ea6f71fcb37f772ad613c13f61007856c16117791a,5e20a3f0504205e8d65b91033638c5af0909ed741212a04539dcfb37eda08fe2,FORMAL_PROSPECTIVE_SHADOW_COHORT_V1,SERVER_TASK_RECORD
31,formal-v1-trial-031-attempt-0,0,LOG,formal-v1/trial-031/attempt-0/stderr.log,3942,35ca0c7f015fb56712c7464ca91dbb01179a05058fc32647ced21f2d2b617024,e8ea8f3fda15ab81664829ea6f71fcb37f772ad613c13f61007856c16117791a,5e20a3f0504205e8d65b91033638c5af0909ed741212a04539dcfb37eda08fe2,FORMAL_PROSPECTIVE_SHADOW_COHORT_V1,SERVER_ONLY_RAW
31,formal-v1-trial-031-attempt-0,0,LOG,formal-v1/trial-031/attempt-0/stdout.log,1492,766f7b98c051b3839e0d2693d94fe440b6ea66efa973fe4ce8498e196f0424bb,e8ea8f3fda15ab81664829ea6f71fcb37f772ad613c13f61007856c16117791a,5e20a3f0504205e8d65b91033638c5af0909ed741212a04539dcfb37eda08fe2,FORMAL_PROSPECTIVE_SHADOW_COHORT_V1,SERVER_ONLY_RAW
32,formal-v1-trial-032-attempt-0,0,TASK_RECORD,formal-v1/trial-032/attempt-0/formal_attempt_identity.json,839,115692248ab105c7d2b22111bf3a414f3d5430e28de239338a0fa3d3dbac0bb1,e8ea8f3fda15ab81664829ea6f71fcb37f772ad613c13f61007856c16117791a,5e20a3f0504205e8d65b91033638c5af0909ed741212a04539dcfb37eda08fe2,FORMAL_PROSPECTIVE_SHADOW_COHORT_V1,SERVER_TASK_RECORD
32,formal-v1-trial-032-attempt-0,0,TASK_RECORD,formal-v1/trial-032/attempt-0/outcome_blind_qc.json,1211,d042ddc03c358dd7e60b1c519306813f35ada5ab37b18c072d3c7b03a55e66f2,e8ea8f3fda15ab81664829ea6f71fcb37f772ad613c13f61007856c16117791a,5e20a3f0504205e8d65b91033638c5af0909ed741212a04539dcfb37eda08fe2,FORMAL_PROSPECTIVE_SHADOW_COHORT_V1,SERVER_TASK_RECORD
32,formal-v1-trial-032-attempt-0,0,TASK_RECORD,formal-v1/trial-032/attempt-0/process_result.json,433,d224945e6e15ab1c4c54a789ce3c5a3380e54b8b2c38ece48d6a0ab69f0193a0,e8ea8f3fda15ab81664829ea6f71fcb37f772ad613c13f61007856c16117791a,5e20a3f0504205e8d65b91033638c5af0909ed741212a04539dcfb37eda08fe2,FORMAL_PROSPECTIVE_SHADOW_COHORT_V1,SERVER_TASK_RECORD
32,formal-v1-trial-032-attempt-0,0,TASK_RECORD,formal-v1/trial-032/attempt-0/run/arm_activation.json,923,c313ec7d72f8882c53ba3ecb28195c77ff43de2f3a362cd9f45e50ffd269d5af,e8ea8f3fda15ab81664829ea6f71fcb37f772ad613c13f61007856c16117791a,5e20a3f0504205e8d65b91033638c5af0909ed741212a04539dcfb37eda08fe2,FORMAL_PROSPECTIVE_SHADOW_COHORT_V1,SERVER_TASK_RECORD
32,formal-v1-trial-032-attempt-0,0,TASK_RECORD,formal-v1/trial-032/attempt-0/run/environment_identity.json,1129,99b299a94c752b1a4a7b43f0da5c62966c1aab716f82c39b56c6e9a5ad37c360,e8ea8f3fda15ab81664829ea6f71fcb37f772ad613c13f61007856c16117791a,5e20a3f0504205e8d65b91033638c5af0909ed741212a04539dcfb37eda08fe2,FORMAL_PROSPECTIVE_SHADOW_COHORT_V1,SERVER_TASK_RECORD
32,formal-v1-trial-032-attempt-0,0,RAW_JSONL,formal-v1/trial-032/attempt-0/run/instrumentation/instrumentation_health_log.jsonl,30220,ab8a20b2f1c62a61e941e57854ea1ab00f348c4d91f405cbc5741a09bf718adc,e8ea8f3fda15ab81664829ea6f71fcb37f772ad613c13f61007856c16117791a,5e20a3f0504205e8d65b91033638c5af0909ed741212a04539dcfb37eda08fe2,FORMAL_PROSPECTIVE_SHADOW_COHORT_V1,SERVER_ONLY_RAW
32,formal-v1-trial-032-attempt-0,0,TASK_RECORD,formal-v1/trial-032/attempt-0/run/instrumentation/map_authority_manifest.json,983,7c19db927e0a59f20cbd1edb905076e75f12562e341d6ec56d291423a356f586,e8ea8f3fda15ab81664829ea6f71fcb37f772ad613c13f61007856c16117791a,5e20a3f0504205e8d65b91033638c5af0909ed741212a04539dcfb37eda08fe2,FORMAL_PROSPECTIVE_SHADOW_COHORT_V1,SERVER_TASK_RECORD
32,formal-v1-trial-032-attempt-0,0,RAW_JSONL,formal-v1/trial-032/attempt-0/run/instrumentation/shadow_certificate_result_log.jsonl,84526,bb7560bfa4aa135016d1d0dfa45ec9fe7a5ea7bea48c9929e0f6e7cb085f4e4c,e8ea8f3fda15ab81664829ea6f71fcb37f772ad613c13f61007856c16117791a,5e20a3f0504205e8d65b91033638c5af0909ed741212a04539dcfb37eda08fe2,FORMAL_PROSPECTIVE_SHADOW_COHORT_V1,SERVER_ONLY_RAW
32,formal-v1-trial-032-attempt-0,0,RAW_JSONL,formal-v1/trial-032/attempt-0/run/instrumentation/step_capture_log.jsonl,154060,d9d69f917c6a223d683787467a09002abfc63beae20781488c9ebd75e8b22dde,e8ea8f3fda15ab81664829ea6f71fcb37f772ad613c13f61007856c16117791a,5e20a3f0504205e8d65b91033638c5af0909ed741212a04539dcfb37eda08fe2,FORMAL_PROSPECTIVE_SHADOW_COHORT_V1,SERVER_ONLY_RAW
32,formal-v1-trial-032-attempt-0,0,TASK_RECORD,formal-v1/trial-032/attempt-0/run/primary_trace.json,130600,6bfb8ed0c83fa000dea710745ddde3b463ce98afde704a2068f58b8b47d5dc71,e8ea8f3fda15ab81664829ea6f71fcb37f772ad613c13f61007856c16117791a,5e20a3f0504205e8d65b91033638c5af0909ed741212a04539dcfb37eda08fe2,FORMAL_PROSPECTIVE_SHADOW_COHORT_V1,SERVER_TASK_RECORD
32,formal-v1-trial-032-attempt-0,0,TASK_RECORD,formal-v1/trial-032/attempt-0/run/run_metadata.json,840,91d50079871eaccb5e7dece9c8a1c66f3c0e27886ea6a2cce5a102987a51c512,e8ea8f3fda15ab81664829ea6f71fcb37f772ad613c13f61007856c16117791a,5e20a3f0504205e8d65b91033638c5af0909ed741212a04539dcfb37eda08fe2,FORMAL_PROSPECTIVE_SHADOW_COHORT_V1,SERVER_TASK_RECORD
32,formal-v1-trial-032-attempt-0,0,TASK_RECORD,formal-v1/trial-032/attempt-0/run/trajs/stonehenge_ball-to-ellipsoid.json,52966,bd1cc60508622c7b05c35d8231e2b8da3eb9173cb905dd09201ca41efa26d2db,e8ea8f3fda15ab81664829ea6f71fcb37f772ad613c13f61007856c16117791a,5e20a3f0504205e8d65b91033638c5af0909ed741212a04539dcfb37eda08fe2,FORMAL_PROSPECTIVE_SHADOW_COHORT_V1,SERVER_TASK_RECORD
32,formal-v1-trial-032-attempt-0,0,LOG,formal-v1/trial-032/attempt-0/stderr.log,5096,a98d215f6423f90f10827812f8e34d6fdd5763130ff9a52ef69fafefb575dd41,e8ea8f3fda15ab81664829ea6f71fcb37f772ad613c13f61007856c16117791a,5e20a3f0504205e8d65b91033638c5af0909ed741212a04539dcfb37eda08fe2,FORMAL_PROSPECTIVE_SHADOW_COHORT_V1,SERVER_ONLY_RAW
32,formal-v1-trial-032-attempt-0,0,LOG,formal-v1/trial-032/attempt-0/stdout.log,1494,a295aac6ae12e155183b1781f70caf142d8dcaeb6350adbbe8777154b6052c96,e8ea8f3fda15ab81664829ea6f71fcb37f772ad613c13f61007856c16117791a,5e20a3f0504205e8d65b91033638c5af0909ed741212a04539dcfb37eda08fe2,FORMAL_PROSPECTIVE_SHADOW_COHORT_V1,SERVER_ONLY_RAW
33,formal-v1-trial-033-attempt-0,0,TASK_RECORD,formal-v1/trial-033/attempt-0/formal_attempt_identity.json,839,51a5b5b94296298cd3c9165ba86adbce518cdc0c6fd72b102fd5175634c10efb,e8ea8f3fda15ab81664829ea6f71fcb37f772ad613c13f61007856c16117791a,5e20a3f0504205e8d65b91033638c5af0909ed741212a04539dcfb37eda08fe2,FORMAL_PROSPECTIVE_SHADOW_COHORT_V1,SERVER_TASK_RECORD
33,formal-v1-trial-033-attempt-0,0,TASK_RECORD,formal-v1/trial-033/attempt-0/outcome_blind_qc.json,1211,44a993f7f45fb30ffae1a4c75671872b147d38bac822be0052b4b3dca3170b86,e8ea8f3fda15ab81664829ea6f71fcb37f772ad613c13f61007856c16117791a,5e20a3f0504205e8d65b91033638c5af0909ed741212a04539dcfb37eda08fe2,FORMAL_PROSPECTIVE_SHADOW_COHORT_V1,SERVER_TASK_RECORD
33,formal-v1-trial-033-attempt-0,0,TASK_RECORD,formal-v1/trial-033/attempt-0/process_result.json,433,5aa288891dba19b6fcd90678bbd230dc2433b198d8794ed81d3394cc929e98f8,e8ea8f3fda15ab81664829ea6f71fcb37f772ad613c13f61007856c16117791a,5e20a3f0504205e8d65b91033638c5af0909ed741212a04539dcfb37eda08fe2,FORMAL_PROSPECTIVE_SHADOW_COHORT_V1,SERVER_TASK_RECORD
33,formal-v1-trial-033-attempt-0,0,TASK_RECORD,formal-v1/trial-033/attempt-0/run/arm_activation.json,922,615834c50af714c320922996e2caa73cf11462d80acd9b8f5e83687e084ec242,e8ea8f3fda15ab81664829ea6f71fcb37f772ad613c13f61007856c16117791a,5e20a3f0504205e8d65b91033638c5af0909ed741212a04539dcfb37eda08fe2,FORMAL_PROSPECTIVE_SHADOW_COHORT_V1,SERVER_TASK_RECORD
33,formal-v1-trial-033-attempt-0,0,TASK_RECORD,formal-v1/trial-033/attempt-0/run/environment_identity.json,1129,a0043e3d6059b74683d4d129b0aa4e604d1ebbebc4cfdf7cedc677ea26f6c68d,e8ea8f3fda15ab81664829ea6f71fcb37f772ad613c13f61007856c16117791a,5e20a3f0504205e8d65b91033638c5af0909ed741212a04539dcfb37eda08fe2,FORMAL_PROSPECTIVE_SHADOW_COHORT_V1,SERVER_TASK_RECORD
33,formal-v1-trial-033-attempt-0,0,RAW_JSONL,formal-v1/trial-033/attempt-0/run/instrumentation/instrumentation_health_log.jsonl,21580,2be03c044877197dce43995b3d9fd108f882a226ef769497a62596c491fa757a,e8ea8f3fda15ab81664829ea6f71fcb37f772ad613c13f61007856c16117791a,5e20a3f0504205e8d65b91033638c5af0909ed741212a04539dcfb37eda08fe2,FORMAL_PROSPECTIVE_SHADOW_COHORT_V1,SERVER_ONLY_RAW
33,formal-v1-trial-033-attempt-0,0,TASK_RECORD,formal-v1/trial-033/attempt-0/run/instrumentation/map_authority_manifest.json,983,7c19db927e0a59f20cbd1edb905076e75f12562e341d6ec56d291423a356f586,e8ea8f3fda15ab81664829ea6f71fcb37f772ad613c13f61007856c16117791a,5e20a3f0504205e8d65b91033638c5af0909ed741212a04539dcfb37eda08fe2,FORMAL_PROSPECTIVE_SHADOW_COHORT_V1,SERVER_TASK_RECORD
33,formal-v1-trial-033-attempt-0,0,RAW_JSONL,formal-v1/trial-033/attempt-0/run/instrumentation/shadow_certificate_result_log.jsonl,60370,2c1f9a9e54d6fb682db1bc32d9fadf645c2036d30f6ed3dcca8bdf949d12b1c3,e8ea8f3fda15ab81664829ea6f71fcb37f772ad613c13f61007856c16117791a,5e20a3f0504205e8d65b91033638c5af0909ed741212a04539dcfb37eda08fe2,FORMAL_PROSPECTIVE_SHADOW_COHORT_V1,SERVER_ONLY_RAW
33,formal-v1-trial-033-attempt-0,0,RAW_JSONL,formal-v1/trial-033/attempt-0/run/instrumentation/step_capture_log.jsonl,109957,55a3f844701cf470bc812962b3e72735f0f8a56ebfb6dad65b5d12de6de29d27,e8ea8f3fda15ab81664829ea6f71fcb37f772ad613c13f61007856c16117791a,5e20a3f0504205e8d65b91033638c5af0909ed741212a04539dcfb37eda08fe2,FORMAL_PROSPECTIVE_SHADOW_COHORT_V1,SERVER_ONLY_RAW
33,formal-v1-trial-033-attempt-0,0,TASK_RECORD,formal-v1/trial-033/attempt-0/run/primary_trace.json,93243,435abf5e1084c6d479ea3297293b877cd2eee3b7a328b2743bc33aa8b4087554,e8ea8f3fda15ab81664829ea6f71fcb37f772ad613c13f61007856c16117791a,5e20a3f0504205e8d65b91033638c5af0909ed741212a04539dcfb37eda08fe2,FORMAL_PROSPECTIVE_SHADOW_COHORT_V1,SERVER_TASK_RECORD
33,formal-v1-trial-033-attempt-0,0,TASK_RECORD,formal-v1/trial-033/attempt-0/run/run_metadata.json,840,713818a48a745093217a3bdd02b82e741ca6632bf1f2c0cca92b704be894e301,e8ea8f3fda15ab81664829ea6f71fcb37f772ad613c13f61007856c16117791a,5e20a3f0504205e8d65b91033638c5af0909ed741212a04539dcfb37eda08fe2,FORMAL_PROSPECTIVE_SHADOW_COHORT_V1,SERVER_TASK_RECORD
33,formal-v1-trial-033-attempt-0,0,TASK_RECORD,formal-v1/trial-033/attempt-0/run/trajs/stonehenge_ball-to-ellipsoid.json,38074,01d3dc5d704ee914e0b3db68b410db49feb83f220ae88a2b7bc801a26a94f0f6,e8ea8f3fda15ab81664829ea6f71fcb37f772ad613c13f61007856c16117791a,5e20a3f0504205e8d65b91033638c5af0909ed741212a04539dcfb37eda08fe2,FORMAL_PROSPECTIVE_SHADOW_COHORT_V1,SERVER_TASK_RECORD
33,formal-v1-trial-033-attempt-0,0,LOG,formal-v1/trial-033/attempt-0/stderr.log,3714,cebe24bcc211ae2d534dd5a3a4e2a7e0f887ac2d2853c7296f39add5c8f0b59a,e8ea8f3fda15ab81664829ea6f71fcb37f772ad613c13f61007856c16117791a,5e20a3f0504205e8d65b91033638c5af0909ed741212a04539dcfb37eda08fe2,FORMAL_PROSPECTIVE_SHADOW_COHORT_V1,SERVER_ONLY_RAW
33,formal-v1-trial-033-attempt-0,0,LOG,formal-v1/trial-033/attempt-0/stdout.log,1492,ccabf131f064df0187fe98372e809daa9a6bfe43e20390f53d48167e77587c44,e8ea8f3fda15ab81664829ea6f71fcb37f772ad613c13f61007856c16117791a,5e20a3f0504205e8d65b91033638c5af0909ed741212a04539dcfb37eda08fe2,FORMAL_PROSPECTIVE_SHADOW_COHORT_V1,SERVER_ONLY_RAW
34,formal-v1-trial-034-attempt-0,0,TASK_RECORD,formal-v1/trial-034/attempt-0/formal_attempt_identity.json,839,9a2e27bf970efeadbe06ad0e73bb37c25d07e5db3de0ff3896ce41cf873ec697,e8ea8f3fda15ab81664829ea6f71fcb37f772ad613c13f61007856c16117791a,5e20a3f0504205e8d65b91033638c5af0909ed741212a04539dcfb37eda08fe2,FORMAL_PROSPECTIVE_SHADOW_COHORT_V1,SERVER_TASK_RECORD
34,formal-v1-trial-034-attempt-0,0,TASK_RECORD,formal-v1/trial-034/attempt-0/outcome_blind_qc.json,1211,1c86f81be2ca26e1ba15a180615a9d95cb6950fb8cb503a661f994acc26956da,e8ea8f3fda15ab81664829ea6f71fcb37f772ad613c13f61007856c16117791a,5e20a3f0504205e8d65b91033638c5af0909ed741212a04539dcfb37eda08fe2,FORMAL_PROSPECTIVE_SHADOW_COHORT_V1,SERVER_TASK_RECORD
34,formal-v1-trial-034-attempt-0,0,TASK_RECORD,formal-v1/trial-034/attempt-0/process_result.json,433,ac8c7a6bd365278626aa0e283fcb9d49dde64fcb5fae3f2a089fd5bf471572cf,e8ea8f3fda15ab81664829ea6f71fcb37f772ad613c13f61007856c16117791a,5e20a3f0504205e8d65b91033638c5af0909ed741212a04539dcfb37eda08fe2,FORMAL_PROSPECTIVE_SHADOW_COHORT_V1,SERVER_TASK_RECORD
34,formal-v1-trial-034-attempt-0,0,TASK_RECORD,formal-v1/trial-034/attempt-0/run/arm_activation.json,922,705a4bd54bf51e2b6efe3e837e9a7233f211dd9068f356a0adf80cfaae35baf2,e8ea8f3fda15ab81664829ea6f71fcb37f772ad613c13f61007856c16117791a,5e20a3f0504205e8d65b91033638c5af0909ed741212a04539dcfb37eda08fe2,FORMAL_PROSPECTIVE_SHADOW_COHORT_V1,SERVER_TASK_RECORD
34,formal-v1-trial-034-attempt-0,0,TASK_RECORD,formal-v1/trial-034/attempt-0/run/environment_identity.json,1129,3a663e17b99e4df3755352cc94db398e27e92418982ae1763bdb7fc21a25baeb,e8ea8f3fda15ab81664829ea6f71fcb37f772ad613c13f61007856c16117791a,5e20a3f0504205e8d65b91033638c5af0909ed741212a04539dcfb37eda08fe2,FORMAL_PROSPECTIVE_SHADOW_COHORT_V1,SERVER_TASK_RECORD
34,formal-v1-trial-034-attempt-0,0,RAW_JSONL,formal-v1/trial-034/attempt-0/run/instrumentation/instrumentation_health_log.jsonl,23020,465feaa195d709e9881a66f82ee5e535c62d7458a140ccec1f637af987cdeae9,e8ea8f3fda15ab81664829ea6f71fcb37f772ad613c13f61007856c16117791a,5e20a3f0504205e8d65b91033638c5af0909ed741212a04539dcfb37eda08fe2,FORMAL_PROSPECTIVE_SHADOW_COHORT_V1,SERVER_ONLY_RAW
34,formal-v1-trial-034-attempt-0,0,TASK_RECORD,formal-v1/trial-034/attempt-0/run/instrumentation/map_authority_manifest.json,983,7c19db927e0a59f20cbd1edb905076e75f12562e341d6ec56d291423a356f586,e8ea8f3fda15ab81664829ea6f71fcb37f772ad613c13f61007856c16117791a,5e20a3f0504205e8d65b91033638c5af0909ed741212a04539dcfb37eda08fe2,FORMAL_PROSPECTIVE_SHADOW_COHORT_V1,SERVER_TASK_RECORD
34,formal-v1-trial-034-attempt-0,0,RAW_JSONL,formal-v1/trial-034/attempt-0/run/instrumentation/shadow_certificate_result_log.jsonl,64396,1921e9d2259b0b74ba5af25d1190c2ae05f9e281ada3c724725a1fccf0049670,e8ea8f3fda15ab81664829ea6f71fcb37f772ad613c13f61007856c16117791a,5e20a3f0504205e8d65b91033638c5af0909ed741212a04539dcfb37eda08fe2,FORMAL_PROSPECTIVE_SHADOW_COHORT_V1,SERVER_ONLY_RAW
34,formal-v1-trial-034-attempt-0,0,RAW_JSONL,formal-v1/trial-034/attempt-0/run/instrumentation/step_capture_log.jsonl,117335,a5d21578f1fed471b7da51b176aac090d008e78bf2472d577439f7aaecb5ea3a,e8ea8f3fda15ab81664829ea6f71fcb37f772ad613c13f61007856c16117791a,5e20a3f0504205e8d65b91033638c5af0909ed741212a04539dcfb37eda08fe2,FORMAL_PROSPECTIVE_SHADOW_COHORT_V1,SERVER_ONLY_RAW
34,formal-v1-trial-034-attempt-0,0,TASK_RECORD,formal-v1/trial-034/attempt-0/run/primary_trace.json,99486,ad08fbe46319ee7150711fad7fd015b1292734a27c996d458b0d9af5250b24e4,e8ea8f3fda15ab81664829ea6f71fcb37f772ad613c13f61007856c16117791a,5e20a3f0504205e8d65b91033638c5af0909ed741212a04539dcfb37eda08fe2,FORMAL_PROSPECTIVE_SHADOW_COHORT_V1,SERVER_TASK_RECORD
34,formal-v1-trial-034-attempt-0,0,TASK_RECORD,formal-v1/trial-034/attempt-0/run/run_metadata.json,840,e923649776a4541268a1e4c5df30bcd7db237887172013596b118d785a676aaf,e8ea8f3fda15ab81664829ea6f71fcb37f772ad613c13f61007856c16117791a,5e20a3f0504205e8d65b91033638c5af0909ed741212a04539dcfb37eda08fe2,FORMAL_PROSPECTIVE_SHADOW_COHORT_V1,SERVER_TASK_RECORD
34,formal-v1-trial-034-attempt-0,0,TASK_RECORD,formal-v1/trial-034/attempt-0/run/trajs/stonehenge_ball-to-ellipsoid.json,40597,c5309405a64c98b1ef5ff5bc09cddcc01a357e5acdeddd4de542d73b438b88cf,e8ea8f3fda15ab81664829ea6f71fcb37f772ad613c13f61007856c16117791a,5e20a3f0504205e8d65b91033638c5af0909ed741212a04539dcfb37eda08fe2,FORMAL_PROSPECTIVE_SHADOW_COHORT_V1,SERVER_TASK_RECORD
34,formal-v1-trial-034-attempt-0,0,LOG,formal-v1/trial-034/attempt-0/stderr.log,3942,21d83445faa1807fbfee157a29342d4c96b134d76c8fe14c8ed4598fdbab8657,e8ea8f3fda15ab81664829ea6f71fcb37f772ad613c13f61007856c16117791a,5e20a3f0504205e8d65b91033638c5af0909ed741212a04539dcfb37eda08fe2,FORMAL_PROSPECTIVE_SHADOW_COHORT_V1,SERVER_ONLY_RAW
34,formal-v1-trial-034-attempt-0,0,LOG,formal-v1/trial-034/attempt-0/stdout.log,1494,aba79b67c768b4a4563272c47c3395c82165d585306bdd325e179386fb148800,e8ea8f3fda15ab81664829ea6f71fcb37f772ad613c13f61007856c16117791a,5e20a3f0504205e8d65b91033638c5af0909ed741212a04539dcfb37eda08fe2,FORMAL_PROSPECTIVE_SHADOW_COHORT_V1,SERVER_ONLY_RAW
35,formal-v1-trial-035-attempt-0,0,TASK_RECORD,formal-v1/trial-035/attempt-0/formal_attempt_identity.json,839,74a577d74469bd725393abee21fd6adb73d9b958a34ab18c619079db0f6837c4,e8ea8f3fda15ab81664829ea6f71fcb37f772ad613c13f61007856c16117791a,5e20a3f0504205e8d65b91033638c5af0909ed741212a04539dcfb37eda08fe2,FORMAL_PROSPECTIVE_SHADOW_COHORT_V1,SERVER_TASK_RECORD
35,formal-v1-trial-035-attempt-0,0,TASK_RECORD,formal-v1/trial-035/attempt-0/outcome_blind_qc.json,1211,0399d3b3237bc0d834d9301896fe46f7945489f4098adbd816eab3e73658b3b5,e8ea8f3fda15ab81664829ea6f71fcb37f772ad613c13f61007856c16117791a,5e20a3f0504205e8d65b91033638c5af0909ed741212a04539dcfb37eda08fe2,FORMAL_PROSPECTIVE_SHADOW_COHORT_V1,SERVER_TASK_RECORD
35,formal-v1-trial-035-attempt-0,0,TASK_RECORD,formal-v1/trial-035/attempt-0/process_result.json,433,886249c9587d04b58e2120ed61255ea56e7232d3073807e6d157848e25966036,e8ea8f3fda15ab81664829ea6f71fcb37f772ad613c13f61007856c16117791a,5e20a3f0504205e8d65b91033638c5af0909ed741212a04539dcfb37eda08fe2,FORMAL_PROSPECTIVE_SHADOW_COHORT_V1,SERVER_TASK_RECORD
35,formal-v1-trial-035-attempt-0,0,TASK_RECORD,formal-v1/trial-035/attempt-0/run/arm_activation.json,922,9ae1e6853b1062364bf522e06e657d59147b8467ef47727a9091eabbc1000b49,e8ea8f3fda15ab81664829ea6f71fcb37f772ad613c13f61007856c16117791a,5e20a3f0504205e8d65b91033638c5af0909ed741212a04539dcfb37eda08fe2,FORMAL_PROSPECTIVE_SHADOW_COHORT_V1,SERVER_TASK_RECORD
35,formal-v1-trial-035-attempt-0,0,TASK_RECORD,formal-v1/trial-035/attempt-0/run/environment_identity.json,1129,51a44cdcd273cd638bcf3df21effdaad9ad771aa931ed9537e9194b1683e0bf6,e8ea8f3fda15ab81664829ea6f71fcb37f772ad613c13f61007856c16117791a,5e20a3f0504205e8d65b91033638c5af0909ed741212a04539dcfb37eda08fe2,FORMAL_PROSPECTIVE_SHADOW_COHORT_V1,SERVER_TASK_RECORD
35,formal-v1-trial-035-attempt-0,0,RAW_JSONL,formal-v1/trial-035/attempt-0/run/instrumentation/instrumentation_health_log.jsonl,19660,79127aceaae59c598bc59cdd82aa01aaf6da2bf0586ef91ab4c8342d1b356595,e8ea8f3fda15ab81664829ea6f71fcb37f772ad613c13f61007856c16117791a,5e20a3f0504205e8d65b91033638c5af0909ed741212a04539dcfb37eda08fe2,FORMAL_PROSPECTIVE_SHADOW_COHORT_V1,SERVER_ONLY_RAW
35,formal-v1-trial-035-attempt-0,0,TASK_RECORD,formal-v1/trial-035/attempt-0/run/instrumentation/map_authority_manifest.json,983,7c19db927e0a59f20cbd1edb905076e75f12562e341d6ec56d291423a356f586,e8ea8f3fda15ab81664829ea6f71fcb37f772ad613c13f61007856c16117791a,5e20a3f0504205e8d65b91033638c5af0909ed741212a04539dcfb37eda08fe2,FORMAL_PROSPECTIVE_SHADOW_COHORT_V1,SERVER_TASK_RECORD
35,formal-v1-trial-035-attempt-0,0,RAW_JSONL,formal-v1/trial-035/attempt-0/run/instrumentation/shadow_certificate_result_log.jsonl,55002,7ea7df90dda391315a37a6da9797a9b2bb40870f203b7fdf16f307f08232d72b,e8ea8f3fda15ab81664829ea6f71fcb37f772ad613c13f61007856c16117791a,5e20a3f0504205e8d65b91033638c5af0909ed741212a04539dcfb37eda08fe2,FORMAL_PROSPECTIVE_SHADOW_COHORT_V1,SERVER_ONLY_RAW
35,formal-v1-trial-035-attempt-0,0,RAW_JSONL,formal-v1/trial-035/attempt-0/run/instrumentation/step_capture_log.jsonl,100194,96c457f9728669e53c741cb06128f4ac9286bfde78d71779cd96031ab82a665e,e8ea8f3fda15ab81664829ea6f71fcb37f772ad613c13f61007856c16117791a,5e20a3f0504205e8d65b91033638c5af0909ed741212a04539dcfb37eda08fe2,FORMAL_PROSPECTIVE_SHADOW_COHORT_V1,SERVER_ONLY_RAW
35,formal-v1-trial-035-attempt-0,0,TASK_RECORD,formal-v1/trial-035/attempt-0/run/primary_trace.json,85041,e90be9a50a0804791651042040d9ffba79adbc4ef23fb9dbd157aabe0ba8e830,e8ea8f3fda15ab81664829ea6f71fcb37f772ad613c13f61007856c16117791a,5e20a3f0504205e8d65b91033638c5af0909ed741212a04539dcfb37eda08fe2,FORMAL_PROSPECTIVE_SHADOW_COHORT_V1,SERVER_TASK_RECORD
35,formal-v1-trial-035-attempt-0,0,TASK_RECORD,formal-v1/trial-035/attempt-0/run/run_metadata.json,840,c2665185b79d00ef43d5a283da95e087a5fc1f63d44f7e439f3367317fe60184,e8ea8f3fda15ab81664829ea6f71fcb37f772ad613c13f61007856c16117791a,5e20a3f0504205e8d65b91033638c5af0909ed741212a04539dcfb37eda08fe2,FORMAL_PROSPECTIVE_SHADOW_COHORT_V1,SERVER_TASK_RECORD
35,formal-v1-trial-035-attempt-0,0,TASK_RECORD,formal-v1/trial-035/attempt-0/run/trajs/stonehenge_ball-to-ellipsoid.json,34768,74e8380c43b51c29e00a969f3f51c5f42a2706bc97324839d858943ce05f27ec,e8ea8f3fda15ab81664829ea6f71fcb37f772ad613c13f61007856c16117791a,5e20a3f0504205e8d65b91033638c5af0909ed741212a04539dcfb37eda08fe2,FORMAL_PROSPECTIVE_SHADOW_COHORT_V1,SERVER_TASK_RECORD
35,formal-v1-trial-035-attempt-0,0,LOG,formal-v1/trial-035/attempt-0/stderr.log,3410,402df17d00bf222b157176372502901e9b535c43b16b91a546733b3d6f1fdec7,e8ea8f3fda15ab81664829ea6f71fcb37f772ad613c13f61007856c16117791a,5e20a3f0504205e8d65b91033638c5af0909ed741212a04539dcfb37eda08fe2,FORMAL_PROSPECTIVE_SHADOW_COHORT_V1,SERVER_ONLY_RAW
35,formal-v1-trial-035-attempt-0,0,LOG,formal-v1/trial-035/attempt-0/stdout.log,1493,48a2918bcab5304c0251604f73d22a0be28d5f4acff774884c18816000b0c608,e8ea8f3fda15ab81664829ea6f71fcb37f772ad613c13f61007856c16117791a,5e20a3f0504205e8d65b91033638c5af0909ed741212a04539dcfb37eda08fe2,FORMAL_PROSPECTIVE_SHADOW_COHORT_V1,SERVER_ONLY_RAW
36,formal-v1-trial-036-attempt-0,0,TASK_RECORD,formal-v1/trial-036/attempt-0/formal_attempt_identity.json,839,7359cbaf121045c851325e5c13d5fcd13d8628a53a9db356329e4838beffa4e8,e8ea8f3fda15ab81664829ea6f71fcb37f772ad613c13f61007856c16117791a,5e20a3f0504205e8d65b91033638c5af0909ed741212a04539dcfb37eda08fe2,FORMAL_PROSPECTIVE_SHADOW_COHORT_V1,SERVER_TASK_RECORD
36,formal-v1-trial-036-attempt-0,0,TASK_RECORD,formal-v1/trial-036/attempt-0/outcome_blind_qc.json,1211,e70947b01ffe783bfe9ec4a6c67c1fb7ed555af8417fc5a3131a2b27f17cbe0b,e8ea8f3fda15ab81664829ea6f71fcb37f772ad613c13f61007856c16117791a,5e20a3f0504205e8d65b91033638c5af0909ed741212a04539dcfb37eda08fe2,FORMAL_PROSPECTIVE_SHADOW_COHORT_V1,SERVER_TASK_RECORD
36,formal-v1-trial-036-attempt-0,0,TASK_RECORD,formal-v1/trial-036/attempt-0/process_result.json,433,e72458648670a621788e519d47cc95ebec9050f4168e441b99337b8970589cdf,e8ea8f3fda15ab81664829ea6f71fcb37f772ad613c13f61007856c16117791a,5e20a3f0504205e8d65b91033638c5af0909ed741212a04539dcfb37eda08fe2,FORMAL_PROSPECTIVE_SHADOW_COHORT_V1,SERVER_TASK_RECORD
36,formal-v1-trial-036-attempt-0,0,TASK_RECORD,formal-v1/trial-036/attempt-0/run/arm_activation.json,922,2f1c60f533665baf160a773dc1e9f091450822ac8ca9884afe40907867912f0c,e8ea8f3fda15ab81664829ea6f71fcb37f772ad613c13f61007856c16117791a,5e20a3f0504205e8d65b91033638c5af0909ed741212a04539dcfb37eda08fe2,FORMAL_PROSPECTIVE_SHADOW_COHORT_V1,SERVER_TASK_RECORD
36,formal-v1-trial-036-attempt-0,0,TASK_RECORD,formal-v1/trial-036/attempt-0/run/environment_identity.json,1129,a3651f6c36bcab658e206ab24b1dc0b06a8056cbed7e6b7e2b0cab63ad618d71,e8ea8f3fda15ab81664829ea6f71fcb37f772ad613c13f61007856c16117791a,5e20a3f0504205e8d65b91033638c5af0909ed741212a04539dcfb37eda08fe2,FORMAL_PROSPECTIVE_SHADOW_COHORT_V1,SERVER_TASK_RECORD
36,formal-v1-trial-036-attempt-0,0,RAW_JSONL,formal-v1/trial-036/attempt-0/run/instrumentation/instrumentation_health_log.jsonl,18700,f60ef770a5d82412dabf9677aa84f501587bc44de3cfaa52f1d4f87c0f09ace4,e8ea8f3fda15ab81664829ea6f71fcb37f772ad613c13f61007856c16117791a,5e20a3f0504205e8d65b91033638c5af0909ed741212a04539dcfb37eda08fe2,FORMAL_PROSPECTIVE_SHADOW_COHORT_V1,SERVER_ONLY_RAW
36,formal-v1-trial-036-attempt-0,0,TASK_RECORD,formal-v1/trial-036/attempt-0/run/instrumentation/map_authority_manifest.json,983,7c19db927e0a59f20cbd1edb905076e75f12562e341d6ec56d291423a356f586,e8ea8f3fda15ab81664829ea6f71fcb37f772ad613c13f61007856c16117791a,5e20a3f0504205e8d65b91033638c5af0909ed741212a04539dcfb37eda08fe2,FORMAL_PROSPECTIVE_SHADOW_COHORT_V1,SERVER_TASK_RECORD
36,formal-v1-trial-036-attempt-0,0,RAW_JSONL,formal-v1/trial-036/attempt-0/run/instrumentation/shadow_certificate_result_log.jsonl,52318,fd7f2d84bffea08344b29cc52e5c6b1011a7e1e34aa10bf69ad58d46b3bd4e0a,e8ea8f3fda15ab81664829ea6f71fcb37f772ad613c13f61007856c16117791a,5e20a3f0504205e8d65b91033638c5af0909ed741212a04539dcfb37eda08fe2,FORMAL_PROSPECTIVE_SHADOW_COHORT_V1,SERVER_ONLY_RAW
36,formal-v1-trial-036-attempt-0,0,RAW_JSONL,formal-v1/trial-036/attempt-0/run/instrumentation/step_capture_log.jsonl,95246,9be04da6cf6a66820794225a38bd4e1edf6b371edb7cb0be0a40a65dd73d0c35,e8ea8f3fda15ab81664829ea6f71fcb37f772ad613c13f61007856c16117791a,5e20a3f0504205e8d65b91033638c5af0909ed741212a04539dcfb37eda08fe2,FORMAL_PROSPECTIVE_SHADOW_COHORT_V1,SERVER_ONLY_RAW
36,formal-v1-trial-036-attempt-0,0,TASK_RECORD,formal-v1/trial-036/attempt-0/run/primary_trace.json,80890,b85c7da33fc9d17e4937abd21c4da46a5ec4ce642ad6a8f4c53a222bc35f6b6e,e8ea8f3fda15ab81664829ea6f71fcb37f772ad613c13f61007856c16117791a,5e20a3f0504205e8d65b91033638c5af0909ed741212a04539dcfb37eda08fe2,FORMAL_PROSPECTIVE_SHADOW_COHORT_V1,SERVER_TASK_RECORD
36,formal-v1-trial-036-attempt-0,0,TASK_RECORD,formal-v1/trial-036/attempt-0/run/run_metadata.json,840,08c2ae363d1387d4b62e8a76c72c1be79482be431c7b7ab77c93324ec3e426d1,e8ea8f3fda15ab81664829ea6f71fcb37f772ad613c13f61007856c16117791a,5e20a3f0504205e8d65b91033638c5af0909ed741212a04539dcfb37eda08fe2,FORMAL_PROSPECTIVE_SHADOW_COHORT_V1,SERVER_TASK_RECORD
36,formal-v1-trial-036-attempt-0,0,TASK_RECORD,formal-v1/trial-036/attempt-0/run/trajs/stonehenge_ball-to-ellipsoid.json,33123,1f2c7c72b2c74ac540b58856b8759994660b873543dcb1622b6d037c1b89458c,e8ea8f3fda15ab81664829ea6f71fcb37f772ad613c13f61007856c16117791a,5e20a3f0504205e8d65b91033638c5af0909ed741212a04539dcfb37eda08fe2,FORMAL_PROSPECTIVE_SHADOW_COHORT_V1,SERVER_TASK_RECORD
36,formal-v1-trial-036-attempt-0,0,LOG,formal-v1/trial-036/attempt-0/stderr.log,3258,58924629c8301f8724b2d39132feb3c792672028a41823c61703bd7a74851566,e8ea8f3fda15ab81664829ea6f71fcb37f772ad613c13f61007856c16117791a,5e20a3f0504205e8d65b91033638c5af0909ed741212a04539dcfb37eda08fe2,FORMAL_PROSPECTIVE_SHADOW_COHORT_V1,SERVER_ONLY_RAW
36,formal-v1-trial-036-attempt-0,0,LOG,formal-v1/trial-036/attempt-0/stdout.log,1494,56bce9de209fc2872399850f08818cf19d3b9d57b3254b290b504641010a70b9,e8ea8f3fda15ab81664829ea6f71fcb37f772ad613c13f61007856c16117791a,5e20a3f0504205e8d65b91033638c5af0909ed741212a04539dcfb37eda08fe2,FORMAL_PROSPECTIVE_SHADOW_COHORT_V1,SERVER_ONLY_RAW
37,formal-v1-trial-037-attempt-0,0,TASK_RECORD,formal-v1/trial-037/attempt-0/formal_attempt_identity.json,839,967cd0d3dc6329d4d5e39df329bc9d2b32ba3473043e0e204ed9ecc6c7f7baba,e8ea8f3fda15ab81664829ea6f71fcb37f772ad613c13f61007856c16117791a,5e20a3f0504205e8d65b91033638c5af0909ed741212a04539dcfb37eda08fe2,FORMAL_PROSPECTIVE_SHADOW_COHORT_V1,SERVER_TASK_RECORD
37,formal-v1-trial-037-attempt-0,0,TASK_RECORD,formal-v1/trial-037/attempt-0/outcome_blind_qc.json,1211,2a0554b186a8aa85dd612f7139daa7eaa99a068c69bb71c00e6b8d47f07e1d2f,e8ea8f3fda15ab81664829ea6f71fcb37f772ad613c13f61007856c16117791a,5e20a3f0504205e8d65b91033638c5af0909ed741212a04539dcfb37eda08fe2,FORMAL_PROSPECTIVE_SHADOW_COHORT_V1,SERVER_TASK_RECORD
37,formal-v1-trial-037-attempt-0,0,TASK_RECORD,formal-v1/trial-037/attempt-0/process_result.json,433,965055527a473e1ee6ca0034b6ccba3dd6a1decd9e2e097d9ab287323b1c9c64,e8ea8f3fda15ab81664829ea6f71fcb37f772ad613c13f61007856c16117791a,5e20a3f0504205e8d65b91033638c5af0909ed741212a04539dcfb37eda08fe2,FORMAL_PROSPECTIVE_SHADOW_COHORT_V1,SERVER_TASK_RECORD
37,formal-v1-trial-037-attempt-0,0,TASK_RECORD,formal-v1/trial-037/attempt-0/run/arm_activation.json,922,9abaeb445a2b0ce418efa592b2454f467dca4c87f0a0e007987f79494719652e,e8ea8f3fda15ab81664829ea6f71fcb37f772ad613c13f61007856c16117791a,5e20a3f0504205e8d65b91033638c5af0909ed741212a04539dcfb37eda08fe2,FORMAL_PROSPECTIVE_SHADOW_COHORT_V1,SERVER_TASK_RECORD
37,formal-v1-trial-037-attempt-0,0,TASK_RECORD,formal-v1/trial-037/attempt-0/run/environment_identity.json,1129,01e4eda68a49473b723a2af43a62ea6685eedb99ebcc9d78d0d0c5911fd83984,e8ea8f3fda15ab81664829ea6f71fcb37f772ad613c13f61007856c16117791a,5e20a3f0504205e8d65b91033638c5af0909ed741212a04539dcfb37eda08fe2,FORMAL_PROSPECTIVE_SHADOW_COHORT_V1,SERVER_TASK_RECORD
37,formal-v1-trial-037-attempt-0,0,RAW_JSONL,formal-v1/trial-037/attempt-0/run/instrumentation/instrumentation_health_log.jsonl,20620,b519c001408495a3255c67c1265e2e8266b7a530ffef4c36e4075780242ab41d,e8ea8f3fda15ab81664829ea6f71fcb37f772ad613c13f61007856c16117791a,5e20a3f0504205e8d65b91033638c5af0909ed741212a04539dcfb37eda08fe2,FORMAL_PROSPECTIVE_SHADOW_COHORT_V1,SERVER_ONLY_RAW
37,formal-v1-trial-037-attempt-0,0,TASK_RECORD,formal-v1/trial-037/attempt-0/run/instrumentation/map_authority_manifest.json,983,7c19db927e0a59f20cbd1edb905076e75f12562e341d6ec56d291423a356f586,e8ea8f3fda15ab81664829ea6f71fcb37f772ad613c13f61007856c16117791a,5e20a3f0504205e8d65b91033638c5af0909ed741212a04539dcfb37eda08fe2,FORMAL_PROSPECTIVE_SHADOW_COHORT_V1,SERVER_TASK_RECORD
37,formal-v1-trial-037-attempt-0,0,RAW_JSONL,formal-v1/trial-037/attempt-0/run/instrumentation/shadow_certificate_result_log.jsonl,57686,370d52a78ab46fe5b978608aba108ca6980d015cc51a4c8114b0f8746290e156,e8ea8f3fda15ab81664829ea6f71fcb37f772ad613c13f61007856c16117791a,5e20a3f0504205e8d65b91033638c5af0909ed741212a04539dcfb37eda08fe2,FORMAL_PROSPECTIVE_SHADOW_COHORT_V1,SERVER_ONLY_RAW
37,formal-v1-trial-037-attempt-0,0,RAW_JSONL,formal-v1/trial-037/attempt-0/run/instrumentation/step_capture_log.jsonl,105042,95a9718670e2ee8594666083fd2861fbab5242b45064855836d07240c25103e2,e8ea8f3fda15ab81664829ea6f71fcb37f772ad613c13f61007856c16117791a,5e20a3f0504205e8d65b91033638c5af0909ed741212a04539dcfb37eda08fe2,FORMAL_PROSPECTIVE_SHADOW_COHORT_V1,SERVER_ONLY_RAW
37,formal-v1-trial-037-attempt-0,0,TASK_RECORD,formal-v1/trial-037/attempt-0/run/primary_trace.json,89087,e28f2532c36f736234684df59dab9b7fc676213aee3d92f5d20d0d4be237aac7,e8ea8f3fda15ab81664829ea6f71fcb37f772ad613c13f61007856c16117791a,5e20a3f0504205e8d65b91033638c5af0909ed741212a04539dcfb37eda08fe2,FORMAL_PROSPECTIVE_SHADOW_COHORT_V1,SERVER_TASK_RECORD
37,formal-v1-trial-037-attempt-0,0,TASK_RECORD,formal-v1/trial-037/attempt-0/run/run_metadata.json,840,15ba6c47f21e3f8bfc434d57ec5ccaf0b33843adb2430eca73d78a76ee0f18df,e8ea8f3fda15ab81664829ea6f71fcb37f772ad613c13f61007856c16117791a,5e20a3f0504205e8d65b91033638c5af0909ed741212a04539dcfb37eda08fe2,FORMAL_PROSPECTIVE_SHADOW_COHORT_V1,SERVER_TASK_RECORD
37,formal-v1-trial-037-attempt-0,0,TASK_RECORD,formal-v1/trial-037/attempt-0/run/trajs/stonehenge_ball-to-ellipsoid.json,36429,096bee19035038a76d4c93232d175fdfdcfe4c60a8805b16b3654f815708327c,e8ea8f3fda15ab81664829ea6f71fcb37f772ad613c13f61007856c16117791a,5e20a3f0504205e8d65b91033638c5af0909ed741212a04539dcfb37eda08fe2,FORMAL_PROSPECTIVE_SHADOW_COHORT_V1,SERVER_TASK_RECORD
37,formal-v1-trial-037-attempt-0,0,LOG,formal-v1/trial-037/attempt-0/stderr.log,3562,0d415d55c5ba9f5871ba7b89eb2197920eb10d2a7896e0826c42aab6513f4e1f,e8ea8f3fda15ab81664829ea6f71fcb37f772ad613c13f61007856c16117791a,5e20a3f0504205e8d65b91033638c5af0909ed741212a04539dcfb37eda08fe2,FORMAL_PROSPECTIVE_SHADOW_COHORT_V1,SERVER_ONLY_RAW
37,formal-v1-trial-037-attempt-0,0,LOG,formal-v1/trial-037/attempt-0/stdout.log,1493,dd982fed597bf7105bd677e01ea5ab12532c9cb77734f3c1002c8d987c1b5284,e8ea8f3fda15ab81664829ea6f71fcb37f772ad613c13f61007856c16117791a,5e20a3f0504205e8d65b91033638c5af0909ed741212a04539dcfb37eda08fe2,FORMAL_PROSPECTIVE_SHADOW_COHORT_V1,SERVER_ONLY_RAW
38,formal-v1-trial-038-attempt-0,0,TASK_RECORD,formal-v1/trial-038/attempt-0/formal_attempt_identity.json,839,8123e15336c6f2d0173592afdb1b43026c514379282256c1aab47cad51a1c557,e8ea8f3fda15ab81664829ea6f71fcb37f772ad613c13f61007856c16117791a,5e20a3f0504205e8d65b91033638c5af0909ed741212a04539dcfb37eda08fe2,FORMAL_PROSPECTIVE_SHADOW_COHORT_V1,SERVER_TASK_RECORD
38,formal-v1-trial-038-attempt-0,0,TASK_RECORD,formal-v1/trial-038/attempt-0/outcome_blind_qc.json,1211,5eb6b77ae08f3e55e38b91ffc5106df2c426aa954e4be6dd59c43a9b0b67e5b9,e8ea8f3fda15ab81664829ea6f71fcb37f772ad613c13f61007856c16117791a,5e20a3f0504205e8d65b91033638c5af0909ed741212a04539dcfb37eda08fe2,FORMAL_PROSPECTIVE_SHADOW_COHORT_V1,SERVER_TASK_RECORD
38,formal-v1-trial-038-attempt-0,0,TASK_RECORD,formal-v1/trial-038/attempt-0/process_result.json,433,1130a293c152d328f72627bd4c9bf228b5a5555ae4ba55ec0672fd16b579b2f5,e8ea8f3fda15ab81664829ea6f71fcb37f772ad613c13f61007856c16117791a,5e20a3f0504205e8d65b91033638c5af0909ed741212a04539dcfb37eda08fe2,FORMAL_PROSPECTIVE_SHADOW_COHORT_V1,SERVER_TASK_RECORD
38,formal-v1-trial-038-attempt-0,0,TASK_RECORD,formal-v1/trial-038/attempt-0/run/arm_activation.json,922,1bd9ad3e35c4a1a3f57c66752153cbc098967600e2b7e2bd8c5665c53e295f9b,e8ea8f3fda15ab81664829ea6f71fcb37f772ad613c13f61007856c16117791a,5e20a3f0504205e8d65b91033638c5af0909ed741212a04539dcfb37eda08fe2,FORMAL_PROSPECTIVE_SHADOW_COHORT_V1,SERVER_TASK_RECORD
38,formal-v1-trial-038-attempt-0,0,TASK_RECORD,formal-v1/trial-038/attempt-0/run/environment_identity.json,1129,7b96765a4c8080f9a907a63cc67daa751611ab55a951a436b84576898dc63057,e8ea8f3fda15ab81664829ea6f71fcb37f772ad613c13f61007856c16117791a,5e20a3f0504205e8d65b91033638c5af0909ed741212a04539dcfb37eda08fe2,FORMAL_PROSPECTIVE_SHADOW_COHORT_V1,SERVER_TASK_RECORD
38,formal-v1-trial-038-attempt-0,0,RAW_JSONL,formal-v1/trial-038/attempt-0/run/instrumentation/instrumentation_health_log.jsonl,19660,02140d612dee28d8b60a2cb82b3fc1fed6c236603fd2fba8ec22cceccc78e3e9,e8ea8f3fda15ab81664829ea6f71fcb37f772ad613c13f61007856c16117791a,5e20a3f0504205e8d65b91033638c5af0909ed741212a04539dcfb37eda08fe2,FORMAL_PROSPECTIVE_SHADOW_COHORT_V1,SERVER_ONLY_RAW
38,formal-v1-trial-038-attempt-0,0,TASK_RECORD,formal-v1/trial-038/attempt-0/run/instrumentation/map_authority_manifest.json,983,7c19db927e0a59f20cbd1edb905076e75f12562e341d6ec56d291423a356f586,e8ea8f3fda15ab81664829ea6f71fcb37f772ad613c13f61007856c16117791a,5e20a3f0504205e8d65b91033638c5af0909ed741212a04539dcfb37eda08fe2,FORMAL_PROSPECTIVE_SHADOW_COHORT_V1,SERVER_TASK_RECORD
38,formal-v1-trial-038-attempt-0,0,RAW_JSONL,formal-v1/trial-038/attempt-0/run/instrumentation/shadow_certificate_result_log.jsonl,55002,59aab30bf38c7ce193ddb26e2d90e63046e1c53c6a524e79659a0d37b181be86,e8ea8f3fda15ab81664829ea6f71fcb37f772ad613c13f61007856c16117791a,5e20a3f0504205e8d65b91033638c5af0909ed741212a04539dcfb37eda08fe2,FORMAL_PROSPECTIVE_SHADOW_COHORT_V1,SERVER_ONLY_RAW
38,formal-v1-trial-038-attempt-0,0,RAW_JSONL,formal-v1/trial-038/attempt-0/run/instrumentation/step_capture_log.jsonl,100098,afba383c4dbf53e77937f28b394ec3dc568364fc1bdad4df5a682adafa18d555,e8ea8f3fda15ab81664829ea6f71fcb37f772ad613c13f61007856c16117791a,5e20a3f0504205e8d65b91033638c5af0909ed741212a04539dcfb37eda08fe2,FORMAL_PROSPECTIVE_SHADOW_COHORT_V1,SERVER_ONLY_RAW
38,formal-v1-trial-038-attempt-0,0,TASK_RECORD,formal-v1/trial-038/attempt-0/run/primary_trace.json,84875,9208a48cdb2206898e6200a58beb2f52dded66d49c7c41a3dbcfb0655ee1cc4a,e8ea8f3fda15ab81664829ea6f71fcb37f772ad613c13f61007856c16117791a,5e20a3f0504205e8d65b91033638c5af0909ed741212a04539dcfb37eda08fe2,FORMAL_PROSPECTIVE_SHADOW_COHORT_V1,SERVER_TASK_RECORD
38,formal-v1-trial-038-attempt-0,0,TASK_RECORD,formal-v1/trial-038/attempt-0/run/run_metadata.json,840,feff44e7516790e33ffaddf18c0ba36d02cbc0f05b711a66410cd19abe8fc16f,e8ea8f3fda15ab81664829ea6f71fcb37f772ad613c13f61007856c16117791a,5e20a3f0504205e8d65b91033638c5af0909ed741212a04539dcfb37eda08fe2,FORMAL_PROSPECTIVE_SHADOW_COHORT_V1,SERVER_TASK_RECORD
38,formal-v1-trial-038-attempt-0,0,TASK_RECORD,formal-v1/trial-038/attempt-0/run/trajs/stonehenge_ball-to-ellipsoid.json,34738,819e202d81f8c84030123b289813ffc9489159f889543c221e2cf59d3db1e13a,e8ea8f3fda15ab81664829ea6f71fcb37f772ad613c13f61007856c16117791a,5e20a3f0504205e8d65b91033638c5af0909ed741212a04539dcfb37eda08fe2,FORMAL_PROSPECTIVE_SHADOW_COHORT_V1,SERVER_TASK_RECORD
38,formal-v1-trial-038-attempt-0,0,LOG,formal-v1/trial-038/attempt-0/stderr.log,3410,22eb42e976964723c8b1aaafe93b1776781634b962168d6528e5445cb59a6ad9,e8ea8f3fda15ab81664829ea6f71fcb37f772ad613c13f61007856c16117791a,5e20a3f0504205e8d65b91033638c5af0909ed741212a04539dcfb37eda08fe2,FORMAL_PROSPECTIVE_SHADOW_COHORT_V1,SERVER_ONLY_RAW
38,formal-v1-trial-038-attempt-0,0,LOG,formal-v1/trial-038/attempt-0/stdout.log,1493,16aee8fdc53d3458da69d89d5d592b79842d0da998e2b2f3d12947ba82bf0edd,e8ea8f3fda15ab81664829ea6f71fcb37f772ad613c13f61007856c16117791a,5e20a3f0504205e8d65b91033638c5af0909ed741212a04539dcfb37eda08fe2,FORMAL_PROSPECTIVE_SHADOW_COHORT_V1,SERVER_ONLY_RAW
39,formal-v1-trial-039-attempt-0,0,TASK_RECORD,formal-v1/trial-039/attempt-0/formal_attempt_identity.json,839,eacc3b5387eee142bea288d7f76733f74cf8d6080cf060321d18af8981eec2b9,e8ea8f3fda15ab81664829ea6f71fcb37f772ad613c13f61007856c16117791a,5e20a3f0504205e8d65b91033638c5af0909ed741212a04539dcfb37eda08fe2,FORMAL_PROSPECTIVE_SHADOW_COHORT_V1,SERVER_TASK_RECORD
39,formal-v1-trial-039-attempt-0,0,TASK_RECORD,formal-v1/trial-039/attempt-0/outcome_blind_qc.json,1211,069b02897eb856169aac3b1bec07016e7b79eeb85061fc79056a5a6e86bd2871,e8ea8f3fda15ab81664829ea6f71fcb37f772ad613c13f61007856c16117791a,5e20a3f0504205e8d65b91033638c5af0909ed741212a04539dcfb37eda08fe2,FORMAL_PROSPECTIVE_SHADOW_COHORT_V1,SERVER_TASK_RECORD
39,formal-v1-trial-039-attempt-0,0,TASK_RECORD,formal-v1/trial-039/attempt-0/process_result.json,433,4f5ec777c6353a8be2ab76ba62dac1a8da6370dcf9f417c03fd41d642d809034,e8ea8f3fda15ab81664829ea6f71fcb37f772ad613c13f61007856c16117791a,5e20a3f0504205e8d65b91033638c5af0909ed741212a04539dcfb37eda08fe2,FORMAL_PROSPECTIVE_SHADOW_COHORT_V1,SERVER_TASK_RECORD
39,formal-v1-trial-039-attempt-0,0,TASK_RECORD,formal-v1/trial-039/attempt-0/run/arm_activation.json,922,2ee6dcc2d7230ac7c6eef4ab9747c9f6e2b900a93845833ec01ca997c8db67fa,e8ea8f3fda15ab81664829ea6f71fcb37f772ad613c13f61007856c16117791a,5e20a3f0504205e8d65b91033638c5af0909ed741212a04539dcfb37eda08fe2,FORMAL_PROSPECTIVE_SHADOW_COHORT_V1,SERVER_TASK_RECORD
39,formal-v1-trial-039-attempt-0,0,TASK_RECORD,formal-v1/trial-039/attempt-0/run/environment_identity.json,1129,5071d79f316b9c4adbbdd4e0dac27b0390bf5b397a997f050c43cce61dcac265,e8ea8f3fda15ab81664829ea6f71fcb37f772ad613c13f61007856c16117791a,5e20a3f0504205e8d65b91033638c5af0909ed741212a04539dcfb37eda08fe2,FORMAL_PROSPECTIVE_SHADOW_COHORT_V1,SERVER_TASK_RECORD
39,formal-v1-trial-039-attempt-0,0,RAW_JSONL,formal-v1/trial-039/attempt-0/run/instrumentation/instrumentation_health_log.jsonl,23020,e88dae5c45dae9d8b78226c8f6cb35a976294f80c53e9a4774fbda9adbf1babc,e8ea8f3fda15ab81664829ea6f71fcb37f772ad613c13f61007856c16117791a,5e20a3f0504205e8d65b91033638c5af0909ed741212a04539dcfb37eda08fe2,FORMAL_PROSPECTIVE_SHADOW_COHORT_V1,SERVER_ONLY_RAW
39,formal-v1-trial-039-attempt-0,0,TASK_RECORD,formal-v1/trial-039/attempt-0/run/instrumentation/map_authority_manifest.json,983,7c19db927e0a59f20cbd1edb905076e75f12562e341d6ec56d291423a356f586,e8ea8f3fda15ab81664829ea6f71fcb37f772ad613c13f61007856c16117791a,5e20a3f0504205e8d65b91033638c5af0909ed741212a04539dcfb37eda08fe2,FORMAL_PROSPECTIVE_SHADOW_COHORT_V1,SERVER_TASK_RECORD
39,formal-v1-trial-039-attempt-0,0,RAW_JSONL,formal-v1/trial-039/attempt-0/run/instrumentation/shadow_certificate_result_log.jsonl,64396,46fb075afc37367e369c7e3770ef9c85a0bac7aceb569043ff0531376b284377,e8ea8f3fda15ab81664829ea6f71fcb37f772ad613c13f61007856c16117791a,5e20a3f0504205e8d65b91033638c5af0909ed741212a04539dcfb37eda08fe2,FORMAL_PROSPECTIVE_SHADOW_COHORT_V1,SERVER_ONLY_RAW
39,formal-v1-trial-039-attempt-0,0,RAW_JSONL,formal-v1/trial-039/attempt-0/run/instrumentation/step_capture_log.jsonl,117350,dfa98f031c54df6fbe822bcb099a3dda6db81acffd91f7e0a1b4744a7da7c57f,e8ea8f3fda15ab81664829ea6f71fcb37f772ad613c13f61007856c16117791a,5e20a3f0504205e8d65b91033638c5af0909ed741212a04539dcfb37eda08fe2,FORMAL_PROSPECTIVE_SHADOW_COHORT_V1,SERVER_ONLY_RAW
39,formal-v1-trial-039-attempt-0,0,TASK_RECORD,formal-v1/trial-039/attempt-0/run/primary_trace.json,99527,1c4d5923eea466b1bfde030b8c98ab6eccc35b14891ab0664203ed84da29e095,e8ea8f3fda15ab81664829ea6f71fcb37f772ad613c13f61007856c16117791a,5e20a3f0504205e8d65b91033638c5af0909ed741212a04539dcfb37eda08fe2,FORMAL_PROSPECTIVE_SHADOW_COHORT_V1,SERVER_TASK_RECORD
39,formal-v1-trial-039-attempt-0,0,TASK_RECORD,formal-v1/trial-039/attempt-0/run/run_metadata.json,840,e6c92c89c025107b95993bfe2202ed9794f8bc704fb7665b441f6202df0f86d0,e8ea8f3fda15ab81664829ea6f71fcb37f772ad613c13f61007856c16117791a,5e20a3f0504205e8d65b91033638c5af0909ed741212a04539dcfb37eda08fe2,FORMAL_PROSPECTIVE_SHADOW_COHORT_V1,SERVER_TASK_RECORD
39,formal-v1-trial-039-attempt-0,0,TASK_RECORD,formal-v1/trial-039/attempt-0/run/trajs/stonehenge_ball-to-ellipsoid.json,40590,1f1f1da9b00240eeaed3b9baba2ccf5fbcb3edd05408ccac78c81f3c8153c30f,e8ea8f3fda15ab81664829ea6f71fcb37f772ad613c13f61007856c16117791a,5e20a3f0504205e8d65b91033638c5af0909ed741212a04539dcfb37eda08fe2,FORMAL_PROSPECTIVE_SHADOW_COHORT_V1,SERVER_TASK_RECORD
39,formal-v1-trial-039-attempt-0,0,LOG,formal-v1/trial-039/attempt-0/stderr.log,3942,152df4ed8b7024b9dacecf8a4c17e629a02015d640b48c7eb3f7ff2414ba667b,e8ea8f3fda15ab81664829ea6f71fcb37f772ad613c13f61007856c16117791a,5e20a3f0504205e8d65b91033638c5af0909ed741212a04539dcfb37eda08fe2,FORMAL_PROSPECTIVE_SHADOW_COHORT_V1,SERVER_ONLY_RAW
39,formal-v1-trial-039-attempt-0,0,LOG,formal-v1/trial-039/attempt-0/stdout.log,1493,a0e9d24eb8c3dca771c3ff6b073768446d2ca14569ac35d608ebd526a7561989,e8ea8f3fda15ab81664829ea6f71fcb37f772ad613c13f61007856c16117791a,5e20a3f0504205e8d65b91033638c5af0909ed741212a04539dcfb37eda08fe2,FORMAL_PROSPECTIVE_SHADOW_COHORT_V1,SERVER_ONLY_RAW
40,formal-v1-trial-040-attempt-0,0,TASK_RECORD,formal-v1/trial-040/attempt-0/formal_attempt_identity.json,839,0132f5ba31030c9b4ecdbcf60207bf2cbf3c9fba11a7f2bda5181e1b4099f4fe,e8ea8f3fda15ab81664829ea6f71fcb37f772ad613c13f61007856c16117791a,5e20a3f0504205e8d65b91033638c5af0909ed741212a04539dcfb37eda08fe2,FORMAL_PROSPECTIVE_SHADOW_COHORT_V1,SERVER_TASK_RECORD
40,formal-v1-trial-040-attempt-0,0,TASK_RECORD,formal-v1/trial-040/attempt-0/outcome_blind_qc.json,1211,e15bc54036930d0924071d37e0297ae229fde3b28725b884d923236c849bf46b,e8ea8f3fda15ab81664829ea6f71fcb37f772ad613c13f61007856c16117791a,5e20a3f0504205e8d65b91033638c5af0909ed741212a04539dcfb37eda08fe2,FORMAL_PROSPECTIVE_SHADOW_COHORT_V1,SERVER_TASK_RECORD
40,formal-v1-trial-040-attempt-0,0,TASK_RECORD,formal-v1/trial-040/attempt-0/process_result.json,433,5c6e783d720fd8d334aff96614306ca5ecf5cfa23d8f50efabdaf398e45485cc,e8ea8f3fda15ab81664829ea6f71fcb37f772ad613c13f61007856c16117791a,5e20a3f0504205e8d65b91033638c5af0909ed741212a04539dcfb37eda08fe2,FORMAL_PROSPECTIVE_SHADOW_COHORT_V1,SERVER_TASK_RECORD
40,formal-v1-trial-040-attempt-0,0,TASK_RECORD,formal-v1/trial-040/attempt-0/run/arm_activation.json,922,e5e78bcb226d43d004a31195695ec929d97f38253c3efdccb553ffd5ed6b902c,e8ea8f3fda15ab81664829ea6f71fcb37f772ad613c13f61007856c16117791a,5e20a3f0504205e8d65b91033638c5af0909ed741212a04539dcfb37eda08fe2,FORMAL_PROSPECTIVE_SHADOW_COHORT_V1,SERVER_TASK_RECORD
40,formal-v1-trial-040-attempt-0,0,TASK_RECORD,formal-v1/trial-040/attempt-0/run/environment_identity.json,1129,ddae6e86d96e01393d3ddd88ec07f915841df1504b53bce592edf6235bb0ebd7,e8ea8f3fda15ab81664829ea6f71fcb37f772ad613c13f61007856c16117791a,5e20a3f0504205e8d65b91033638c5af0909ed741212a04539dcfb37eda08fe2,FORMAL_PROSPECTIVE_SHADOW_COHORT_V1,SERVER_TASK_RECORD
40,formal-v1-trial-040-attempt-0,0,RAW_JSONL,formal-v1/trial-040/attempt-0/run/instrumentation/instrumentation_health_log.jsonl,20140,32d9dc54abde977308d73830d2c24718be817096a6378f7002ea8a9f8d9a084f,e8ea8f3fda15ab81664829ea6f71fcb37f772ad613c13f61007856c16117791a,5e20a3f0504205e8d65b91033638c5af0909ed741212a04539dcfb37eda08fe2,FORMAL_PROSPECTIVE_SHADOW_COHORT_V1,SERVER_ONLY_RAW
40,formal-v1-trial-040-attempt-0,0,TASK_RECORD,formal-v1/trial-040/attempt-0/run/instrumentation/map_authority_manifest.json,983,7c19db927e0a59f20cbd1edb905076e75f12562e341d6ec56d291423a356f586,e8ea8f3fda15ab81664829ea6f71fcb37f772ad613c13f61007856c16117791a,5e20a3f0504205e8d65b91033638c5af0909ed741212a04539dcfb37eda08fe2,FORMAL_PROSPECTIVE_SHADOW_COHORT_V1,SERVER_TASK_RECORD
40,formal-v1-trial-040-attempt-0,0,RAW_JSONL,formal-v1/trial-040/attempt-0/run/instrumentation/shadow_certificate_result_log.jsonl,56344,d846564432517238de0b88fef90b47127e8e8ce630c6a8958698efbc53088fc4,e8ea8f3fda15ab81664829ea6f71fcb37f772ad613c13f61007856c16117791a,5e20a3f0504205e8d65b91033638c5af0909ed741212a04539dcfb37eda08fe2,FORMAL_PROSPECTIVE_SHADOW_COHORT_V1,SERVER_ONLY_RAW
40,formal-v1-trial-040-attempt-0,0,RAW_JSONL,formal-v1/trial-040/attempt-0/run/instrumentation/step_capture_log.jsonl,102765,a06be961fbe9602105fb941eb5b60a4522a3d7d84639425b92e149c8968b8590,e8ea8f3fda15ab81664829ea6f71fcb37f772ad613c13f61007856c16117791a,5e20a3f0504205e8d65b91033638c5af0909ed741212a04539dcfb37eda08fe2,FORMAL_PROSPECTIVE_SHADOW_COHORT_V1,SERVER_ONLY_RAW
40,formal-v1-trial-040-attempt-0,0,TASK_RECORD,formal-v1/trial-040/attempt-0/run/primary_trace.json,87286,4b188a8054a01a8fcaccab8b57cb42bfe9a37e28b94987342cdf5ea9108019e6,e8ea8f3fda15ab81664829ea6f71fcb37f772ad613c13f61007856c16117791a,5e20a3f0504205e8d65b91033638c5af0909ed741212a04539dcfb37eda08fe2,FORMAL_PROSPECTIVE_SHADOW_COHORT_V1,SERVER_TASK_RECORD
40,formal-v1-trial-040-attempt-0,0,TASK_RECORD,formal-v1/trial-040/attempt-0/run/run_metadata.json,840,010e86320889e49fa3b683b19a333a2a53f3abcff6f2dca24a532b77d9691e96,e8ea8f3fda15ab81664829ea6f71fcb37f772ad613c13f61007856c16117791a,5e20a3f0504205e8d65b91033638c5af0909ed741212a04539dcfb37eda08fe2,FORMAL_PROSPECTIVE_SHADOW_COHORT_V1,SERVER_TASK_RECORD
40,formal-v1-trial-040-attempt-0,0,TASK_RECORD,formal-v1/trial-040/attempt-0/run/trajs/stonehenge_ball-to-ellipsoid.json,35698,87c5d8ffeb1c07d129d91a7e6ff7ec7dd8b718edde60e0de305d2f6120b07c05,e8ea8f3fda15ab81664829ea6f71fcb37f772ad613c13f61007856c16117791a,5e20a3f0504205e8d65b91033638c5af0909ed741212a04539dcfb37eda08fe2,FORMAL_PROSPECTIVE_SHADOW_COHORT_V1,SERVER_TASK_RECORD
40,formal-v1-trial-040-attempt-0,0,LOG,formal-v1/trial-040/attempt-0/stderr.log,3486,87619ed5427b4c3c40899230b7c790b51ec25f0328f68fa275682f0f10ce9cb4,e8ea8f3fda15ab81664829ea6f71fcb37f772ad613c13f61007856c16117791a,5e20a3f0504205e8d65b91033638c5af0909ed741212a04539dcfb37eda08fe2,FORMAL_PROSPECTIVE_SHADOW_COHORT_V1,SERVER_ONLY_RAW
40,formal-v1-trial-040-attempt-0,0,LOG,formal-v1/trial-040/attempt-0/stdout.log,1494,beefbaaef07dd683dce8b7dbeb24df0e870ba342ed1b2b7c0e8990e343ea3b28,e8ea8f3fda15ab81664829ea6f71fcb37f772ad613c13f61007856c16117791a,5e20a3f0504205e8d65b91033638c5af0909ed741212a04539dcfb37eda08fe2,FORMAL_PROSPECTIVE_SHADOW_COHORT_V1,SERVER_ONLY_RAW
41,formal-v1-trial-041-attempt-0,0,TASK_RECORD,formal-v1/trial-041/attempt-0/formal_attempt_identity.json,839,ecc57df3bf77fda430e19aa02ac4c47dde8ecc050d0eb98d86ce0d13f0c85eaf,e8ea8f3fda15ab81664829ea6f71fcb37f772ad613c13f61007856c16117791a,5e20a3f0504205e8d65b91033638c5af0909ed741212a04539dcfb37eda08fe2,FORMAL_PROSPECTIVE_SHADOW_COHORT_V1,SERVER_TASK_RECORD
41,formal-v1-trial-041-attempt-0,0,TASK_RECORD,formal-v1/trial-041/attempt-0/outcome_blind_qc.json,1211,d1156316377e37c34bab9bb46355543d155065173bdabfa10ab440fca698e24f,e8ea8f3fda15ab81664829ea6f71fcb37f772ad613c13f61007856c16117791a,5e20a3f0504205e8d65b91033638c5af0909ed741212a04539dcfb37eda08fe2,FORMAL_PROSPECTIVE_SHADOW_COHORT_V1,SERVER_TASK_RECORD
41,formal-v1-trial-041-attempt-0,0,TASK_RECORD,formal-v1/trial-041/attempt-0/process_result.json,433,dd21ebf9d59aa9f9b9bd4cb38989442a0264b5bdee5c909726c8b4a80a57b565,e8ea8f3fda15ab81664829ea6f71fcb37f772ad613c13f61007856c16117791a,5e20a3f0504205e8d65b91033638c5af0909ed741212a04539dcfb37eda08fe2,FORMAL_PROSPECTIVE_SHADOW_COHORT_V1,SERVER_TASK_RECORD
41,formal-v1-trial-041-attempt-0,0,TASK_RECORD,formal-v1/trial-041/attempt-0/run/arm_activation.json,922,7542a643779856d163f8d1a5849011be85bbb28a38ceb09a0df77a7bec93fed2,e8ea8f3fda15ab81664829ea6f71fcb37f772ad613c13f61007856c16117791a,5e20a3f0504205e8d65b91033638c5af0909ed741212a04539dcfb37eda08fe2,FORMAL_PROSPECTIVE_SHADOW_COHORT_V1,SERVER_TASK_RECORD
41,formal-v1-trial-041-attempt-0,0,TASK_RECORD,formal-v1/trial-041/attempt-0/run/environment_identity.json,1129,e4a7a1aedf519dc2b183e17768ac9b3384e6fa9aae10310d45468fc9f5c7243e,e8ea8f3fda15ab81664829ea6f71fcb37f772ad613c13f61007856c16117791a,5e20a3f0504205e8d65b91033638c5af0909ed741212a04539dcfb37eda08fe2,FORMAL_PROSPECTIVE_SHADOW_COHORT_V1,SERVER_TASK_RECORD
41,formal-v1-trial-041-attempt-0,0,RAW_JSONL,formal-v1/trial-041/attempt-0/run/instrumentation/instrumentation_health_log.jsonl,21100,5edb51a95dea8b563318bacf7579a3fc2ba5e8aa7b6e6a0ad09983f53f7d0e31,e8ea8f3fda15ab81664829ea6f71fcb37f772ad613c13f61007856c16117791a,5e20a3f0504205e8d65b91033638c5af0909ed741212a04539dcfb37eda08fe2,FORMAL_PROSPECTIVE_SHADOW_COHORT_V1,SERVER_ONLY_RAW
41,formal-v1-trial-041-attempt-0,0,TASK_RECORD,formal-v1/trial-041/attempt-0/run/instrumentation/map_authority_manifest.json,983,7c19db927e0a59f20cbd1edb905076e75f12562e341d6ec56d291423a356f586,e8ea8f3fda15ab81664829ea6f71fcb37f772ad613c13f61007856c16117791a,5e20a3f0504205e8d65b91033638c5af0909ed741212a04539dcfb37eda08fe2,FORMAL_PROSPECTIVE_SHADOW_COHORT_V1,SERVER_TASK_RECORD
41,formal-v1-trial-041-attempt-0,0,RAW_JSONL,formal-v1/trial-041/attempt-0/run/instrumentation/shadow_certificate_result_log.jsonl,59028,256f78cf5b360aa5c167ccda54bfebc60c574677c199d34271e5cdf7b12e5bbc,e8ea8f3fda15ab81664829ea6f71fcb37f772ad613c13f61007856c16117791a,5e20a3f0504205e8d65b91033638c5af0909ed741212a04539dcfb37eda08fe2,FORMAL_PROSPECTIVE_SHADOW_COHORT_V1,SERVER_ONLY_RAW
41,formal-v1-trial-041-attempt-0,0,RAW_JSONL,formal-v1/trial-041/attempt-0/run/instrumentation/step_capture_log.jsonl,107574,94dc4c918745a130419a54fe2cc926b5b3c1d8b3ef4f7c4b980f86c0e6abe0ab,e8ea8f3fda15ab81664829ea6f71fcb37f772ad613c13f61007856c16117791a,5e20a3f0504205e8d65b91033638c5af0909ed741212a04539dcfb37eda08fe2,FORMAL_PROSPECTIVE_SHADOW_COHORT_V1,SERVER_ONLY_RAW
41,formal-v1-trial-041-attempt-0,0,TASK_RECORD,formal-v1/trial-041/attempt-0/run/primary_trace.json,91241,13f01b8d69332024a8b4737e51e63be42eeb59b495f7075bef2e710c7be62ec4,e8ea8f3fda15ab81664829ea6f71fcb37f772ad613c13f61007856c16117791a,5e20a3f0504205e8d65b91033638c5af0909ed741212a04539dcfb37eda08fe2,FORMAL_PROSPECTIVE_SHADOW_COHORT_V1,SERVER_TASK_RECORD
41,formal-v1-trial-041-attempt-0,0,TASK_RECORD,formal-v1/trial-041/attempt-0/run/run_metadata.json,840,b5079cf0b3dee9b11e7c35fb815eb3823c9c93afde045e98b6cd050c815075bd,e8ea8f3fda15ab81664829ea6f71fcb37f772ad613c13f61007856c16117791a,5e20a3f0504205e8d65b91033638c5af0909ed741212a04539dcfb37eda08fe2,FORMAL_PROSPECTIVE_SHADOW_COHORT_V1,SERVER_TASK_RECORD
41,formal-v1-trial-041-attempt-0,0,TASK_RECORD,formal-v1/trial-041/attempt-0/run/trajs/stonehenge_ball-to-ellipsoid.json,37275,6089e06411404c776fb527de0f86815dd5e84d3ad3d213f671cf02cfa53f7413,e8ea8f3fda15ab81664829ea6f71fcb37f772ad613c13f61007856c16117791a,5e20a3f0504205e8d65b91033638c5af0909ed741212a04539dcfb37eda08fe2,FORMAL_PROSPECTIVE_SHADOW_COHORT_V1,SERVER_TASK_RECORD
41,formal-v1-trial-041-attempt-0,0,LOG,formal-v1/trial-041/attempt-0/stderr.log,3638,a289bdff0ec450dea0305fda708dbf9158d34733f487371ecbc9f23dc9ec9142,e8ea8f3fda15ab81664829ea6f71fcb37f772ad613c13f61007856c16117791a,5e20a3f0504205e8d65b91033638c5af0909ed741212a04539dcfb37eda08fe2,FORMAL_PROSPECTIVE_SHADOW_COHORT_V1,SERVER_ONLY_RAW
41,formal-v1-trial-041-attempt-0,0,LOG,formal-v1/trial-041/attempt-0/stdout.log,1493,d17b32b09fccfa1a6dc771cfc96e0be0a17731b46ad761775dddecb99f14e927,e8ea8f3fda15ab81664829ea6f71fcb37f772ad613c13f61007856c16117791a,5e20a3f0504205e8d65b91033638c5af0909ed741212a04539dcfb37eda08fe2,FORMAL_PROSPECTIVE_SHADOW_COHORT_V1,SERVER_ONLY_RAW
42,formal-v1-trial-042-attempt-0,0,TASK_RECORD,formal-v1/trial-042/attempt-0/formal_attempt_identity.json,839,d0209e3290b15d8c67a0283e405710dd2987b6a94ae241e33dd54c122d61d13b,e8ea8f3fda15ab81664829ea6f71fcb37f772ad613c13f61007856c16117791a,5e20a3f0504205e8d65b91033638c5af0909ed741212a04539dcfb37eda08fe2,FORMAL_PROSPECTIVE_SHADOW_COHORT_V1,SERVER_TASK_RECORD
42,formal-v1-trial-042-attempt-0,0,TASK_RECORD,formal-v1/trial-042/attempt-0/outcome_blind_qc.json,1211,25dc682bec6f92300106a44fa46d0d6c5f360ffbddefdd0a5905435526a0e314,e8ea8f3fda15ab81664829ea6f71fcb37f772ad613c13f61007856c16117791a,5e20a3f0504205e8d65b91033638c5af0909ed741212a04539dcfb37eda08fe2,FORMAL_PROSPECTIVE_SHADOW_COHORT_V1,SERVER_TASK_RECORD
42,formal-v1-trial-042-attempt-0,0,TASK_RECORD,formal-v1/trial-042/attempt-0/process_result.json,433,42af014650dfa777ecf186411182669046697cfcf8f8d3ddd67d9b97edfc5905,e8ea8f3fda15ab81664829ea6f71fcb37f772ad613c13f61007856c16117791a,5e20a3f0504205e8d65b91033638c5af0909ed741212a04539dcfb37eda08fe2,FORMAL_PROSPECTIVE_SHADOW_COHORT_V1,SERVER_TASK_RECORD
42,formal-v1-trial-042-attempt-0,0,TASK_RECORD,formal-v1/trial-042/attempt-0/run/arm_activation.json,922,8d0b790d0024c9dac746410dc63a88cba03d227e21a1f1ab0c81ea8d601025ce,e8ea8f3fda15ab81664829ea6f71fcb37f772ad613c13f61007856c16117791a,5e20a3f0504205e8d65b91033638c5af0909ed741212a04539dcfb37eda08fe2,FORMAL_PROSPECTIVE_SHADOW_COHORT_V1,SERVER_TASK_RECORD
42,formal-v1-trial-042-attempt-0,0,TASK_RECORD,formal-v1/trial-042/attempt-0/run/environment_identity.json,1129,99e78851c7006cf28dbc3cc3a7c95abe584759528ebc7d97667c6c84e55f109f,e8ea8f3fda15ab81664829ea6f71fcb37f772ad613c13f61007856c16117791a,5e20a3f0504205e8d65b91033638c5af0909ed741212a04539dcfb37eda08fe2,FORMAL_PROSPECTIVE_SHADOW_COHORT_V1,SERVER_TASK_RECORD
42,formal-v1-trial-042-attempt-0,0,RAW_JSONL,formal-v1/trial-042/attempt-0/run/instrumentation/instrumentation_health_log.jsonl,22540,0ac3f17e0107fc06252bc0599e9bfe8dae81b7ff716d35120d9ad803ac25a9bb,e8ea8f3fda15ab81664829ea6f71fcb37f772ad613c13f61007856c16117791a,5e20a3f0504205e8d65b91033638c5af0909ed741212a04539dcfb37eda08fe2,FORMAL_PROSPECTIVE_SHADOW_COHORT_V1,SERVER_ONLY_RAW
42,formal-v1-trial-042-attempt-0,0,TASK_RECORD,formal-v1/trial-042/attempt-0/run/instrumentation/map_authority_manifest.json,983,7c19db927e0a59f20cbd1edb905076e75f12562e341d6ec56d291423a356f586,e8ea8f3fda15ab81664829ea6f71fcb37f772ad613c13f61007856c16117791a,5e20a3f0504205e8d65b91033638c5af0909ed741212a04539dcfb37eda08fe2,FORMAL_PROSPECTIVE_SHADOW_COHORT_V1,SERVER_TASK_RECORD
42,formal-v1-trial-042-attempt-0,0,RAW_JSONL,formal-v1/trial-042/attempt-0/run/instrumentation/shadow_certificate_result_log.jsonl,63054,85149e1821decb4de4d0ddc0524ae8ba09656ff7797a7d713dcb62287d9ed90f,e8ea8f3fda15ab81664829ea6f71fcb37f772ad613c13f61007856c16117791a,5e20a3f0504205e8d65b91033638c5af0909ed741212a04539dcfb37eda08fe2,FORMAL_PROSPECTIVE_SHADOW_COHORT_V1,SERVER_ONLY_RAW
42,formal-v1-trial-042-attempt-0,0,RAW_JSONL,formal-v1/trial-042/attempt-0/run/instrumentation/step_capture_log.jsonl,114840,ea716a7f99030de127378b3bf37a47b3b2cd7dd92dfef4703a3f588cf0942e62,e8ea8f3fda15ab81664829ea6f71fcb37f772ad613c13f61007856c16117791a,5e20a3f0504205e8d65b91033638c5af0909ed741212a04539dcfb37eda08fe2,FORMAL_PROSPECTIVE_SHADOW_COHORT_V1,SERVER_ONLY_RAW
42,formal-v1-trial-042-attempt-0,0,TASK_RECORD,formal-v1/trial-042/attempt-0/run/primary_trace.json,97402,256055d8fb6486d836ef58e67080aeaddfa49d3c30850c0f85dd66efe57b610c,e8ea8f3fda15ab81664829ea6f71fcb37f772ad613c13f61007856c16117791a,5e20a3f0504205e8d65b91033638c5af0909ed741212a04539dcfb37eda08fe2,FORMAL_PROSPECTIVE_SHADOW_COHORT_V1,SERVER_TASK_RECORD
42,formal-v1-trial-042-attempt-0,0,TASK_RECORD,formal-v1/trial-042/attempt-0/run/run_metadata.json,840,7400e9ea9443115d8985f0b135e078f2be66c4b12c86cd0433d96be89b4f18ab,e8ea8f3fda15ab81664829ea6f71fcb37f772ad613c13f61007856c16117791a,5e20a3f0504205e8d65b91033638c5af0909ed741212a04539dcfb37eda08fe2,FORMAL_PROSPECTIVE_SHADOW_COHORT_V1,SERVER_TASK_RECORD
42,formal-v1-trial-042-attempt-0,0,TASK_RECORD,formal-v1/trial-042/attempt-0/run/trajs/stonehenge_ball-to-ellipsoid.json,39709,21118c0815e6aade5730eb9113d6d3789b1f70262f202b6beded26297a745ffd,e8ea8f3fda15ab81664829ea6f71fcb37f772ad613c13f61007856c16117791a,5e20a3f0504205e8d65b91033638c5af0909ed741212a04539dcfb37eda08fe2,FORMAL_PROSPECTIVE_SHADOW_COHORT_V1,SERVER_TASK_RECORD
42,formal-v1-trial-042-attempt-0,0,LOG,formal-v1/trial-042/attempt-0/stderr.log,3866,1e786900a88a2ab30d61ce8bc1bb190feff9fe9bf33c47e36a9a80209094cbaa,e8ea8f3fda15ab81664829ea6f71fcb37f772ad613c13f61007856c16117791a,5e20a3f0504205e8d65b91033638c5af0909ed741212a04539dcfb37eda08fe2,FORMAL_PROSPECTIVE_SHADOW_COHORT_V1,SERVER_ONLY_RAW
42,formal-v1-trial-042-attempt-0,0,LOG,formal-v1/trial-042/attempt-0/stdout.log,1493,6ae1c8bb37e2c22f9c8f8c006667e407ff91f7216630c631db2145974162c9b6,e8ea8f3fda15ab81664829ea6f71fcb37f772ad613c13f61007856c16117791a,5e20a3f0504205e8d65b91033638c5af0909ed741212a04539dcfb37eda08fe2,FORMAL_PROSPECTIVE_SHADOW_COHORT_V1,SERVER_ONLY_RAW
43,formal-v1-trial-043-attempt-0,0,TASK_RECORD,formal-v1/trial-043/attempt-0/formal_attempt_identity.json,839,6f0b313f6b4c4c5bca717d2789b707e3670ea0219a1242ef2ec79383003068bd,e8ea8f3fda15ab81664829ea6f71fcb37f772ad613c13f61007856c16117791a,5e20a3f0504205e8d65b91033638c5af0909ed741212a04539dcfb37eda08fe2,FORMAL_PROSPECTIVE_SHADOW_COHORT_V1,SERVER_TASK_RECORD
43,formal-v1-trial-043-attempt-0,0,TASK_RECORD,formal-v1/trial-043/attempt-0/outcome_blind_qc.json,1211,5b9f47f3c3d2d6d0c4abbf1a68b8182cbee339a64fe29b8b40d83fd9a405748e,e8ea8f3fda15ab81664829ea6f71fcb37f772ad613c13f61007856c16117791a,5e20a3f0504205e8d65b91033638c5af0909ed741212a04539dcfb37eda08fe2,FORMAL_PROSPECTIVE_SHADOW_COHORT_V1,SERVER_TASK_RECORD
43,formal-v1-trial-043-attempt-0,0,TASK_RECORD,formal-v1/trial-043/attempt-0/process_result.json,433,a1f62f773223f1bd8810571cb5df3610fee8d432b3875e545f730e684f7e1a5b,e8ea8f3fda15ab81664829ea6f71fcb37f772ad613c13f61007856c16117791a,5e20a3f0504205e8d65b91033638c5af0909ed741212a04539dcfb37eda08fe2,FORMAL_PROSPECTIVE_SHADOW_COHORT_V1,SERVER_TASK_RECORD
43,formal-v1-trial-043-attempt-0,0,TASK_RECORD,formal-v1/trial-043/attempt-0/run/arm_activation.json,922,04fcfafd1db96301949dc8fd33f99c03984646e4a71074dde18b9df70089523a,e8ea8f3fda15ab81664829ea6f71fcb37f772ad613c13f61007856c16117791a,5e20a3f0504205e8d65b91033638c5af0909ed741212a04539dcfb37eda08fe2,FORMAL_PROSPECTIVE_SHADOW_COHORT_V1,SERVER_TASK_RECORD
43,formal-v1-trial-043-attempt-0,0,TASK_RECORD,formal-v1/trial-043/attempt-0/run/environment_identity.json,1129,a28b39cdf428527e424b6a99d556c7a77c1a1072968e33542122154e4dbf8049,e8ea8f3fda15ab81664829ea6f71fcb37f772ad613c13f61007856c16117791a,5e20a3f0504205e8d65b91033638c5af0909ed741212a04539dcfb37eda08fe2,FORMAL_PROSPECTIVE_SHADOW_COHORT_V1,SERVER_TASK_RECORD
43,formal-v1-trial-043-attempt-0,0,RAW_JSONL,formal-v1/trial-043/attempt-0/run/instrumentation/instrumentation_health_log.jsonl,20620,0a0864339115d55c138d8b9157472037f8a4dd46b14e81f72cd47726bad93bde,e8ea8f3fda15ab81664829ea6f71fcb37f772ad613c13f61007856c16117791a,5e20a3f0504205e8d65b91033638c5af0909ed741212a04539dcfb37eda08fe2,FORMAL_PROSPECTIVE_SHADOW_COHORT_V1,SERVER_ONLY_RAW
43,formal-v1-trial-043-attempt-0,0,TASK_RECORD,formal-v1/trial-043/attempt-0/run/instrumentation/map_authority_manifest.json,983,7c19db927e0a59f20cbd1edb905076e75f12562e341d6ec56d291423a356f586,e8ea8f3fda15ab81664829ea6f71fcb37f772ad613c13f61007856c16117791a,5e20a3f0504205e8d65b91033638c5af0909ed741212a04539dcfb37eda08fe2,FORMAL_PROSPECTIVE_SHADOW_COHORT_V1,SERVER_TASK_RECORD
43,formal-v1-trial-043-attempt-0,0,RAW_JSONL,formal-v1/trial-043/attempt-0/run/instrumentation/shadow_certificate_result_log.jsonl,57686,f2584ac30b147c272973b6e5e171a83a96c5ac3cb3e172552d1a3f2ae314bbd8,e8ea8f3fda15ab81664829ea6f71fcb37f772ad613c13f61007856c16117791a,5e20a3f0504205e8d65b91033638c5af0909ed741212a04539dcfb37eda08fe2,FORMAL_PROSPECTIVE_SHADOW_COHORT_V1,SERVER_ONLY_RAW
43,formal-v1-trial-043-attempt-0,0,RAW_JSONL,formal-v1/trial-043/attempt-0/run/instrumentation/step_capture_log.jsonl,105104,f840b4e050530641000a2be3520f0018525ad79a7e6010c8ea486e3b24f866ac,e8ea8f3fda15ab81664829ea6f71fcb37f772ad613c13f61007856c16117791a,5e20a3f0504205e8d65b91033638c5af0909ed741212a04539dcfb37eda08fe2,FORMAL_PROSPECTIVE_SHADOW_COHORT_V1,SERVER_ONLY_RAW
43,formal-v1-trial-043-attempt-0,0,TASK_RECORD,formal-v1/trial-043/attempt-0/run/primary_trace.json,89098,58cf62a269a84accaf9e64c5441eefcfc56488b3c4a8de75ee644e42745b2387,e8ea8f3fda15ab81664829ea6f71fcb37f772ad613c13f61007856c16117791a,5e20a3f0504205e8d65b91033638c5af0909ed741212a04539dcfb37eda08fe2,FORMAL_PROSPECTIVE_SHADOW_COHORT_V1,SERVER_TASK_RECORD
43,formal-v1-trial-043-attempt-0,0,TASK_RECORD,formal-v1/trial-043/attempt-0/run/run_metadata.json,840,86818913db6dd5e7d57f69e042d9fb06fc6df56f21ec00195b1d9cf2db0e796d,e8ea8f3fda15ab81664829ea6f71fcb37f772ad613c13f61007856c16117791a,5e20a3f0504205e8d65b91033638c5af0909ed741212a04539dcfb37eda08fe2,FORMAL_PROSPECTIVE_SHADOW_COHORT_V1,SERVER_TASK_RECORD
43,formal-v1-trial-043-attempt-0,0,TASK_RECORD,formal-v1/trial-043/attempt-0/run/trajs/stonehenge_ball-to-ellipsoid.json,36440,35b905340109a591fd0ee566c109900c2fce71e1dfaef45a7ceab6d4e5b347ea,e8ea8f3fda15ab81664829ea6f71fcb37f772ad613c13f61007856c16117791a,5e20a3f0504205e8d65b91033638c5af0909ed741212a04539dcfb37eda08fe2,FORMAL_PROSPECTIVE_SHADOW_COHORT_V1,SERVER_TASK_RECORD
43,formal-v1-trial-043-attempt-0,0,LOG,formal-v1/trial-043/attempt-0/stderr.log,3562,84d50f6f7b22326eaee6cda24f85cf3c81e90b95407ec9b1bb7c9010fd4194d1,e8ea8f3fda15ab81664829ea6f71fcb37f772ad613c13f61007856c16117791a,5e20a3f0504205e8d65b91033638c5af0909ed741212a04539dcfb37eda08fe2,FORMAL_PROSPECTIVE_SHADOW_COHORT_V1,SERVER_ONLY_RAW
43,formal-v1-trial-043-attempt-0,0,LOG,formal-v1/trial-043/attempt-0/stdout.log,1494,cd4bc40797e2e9f721bd97d7778d7b334daac536d591d5c7161059c8726f58a0,e8ea8f3fda15ab81664829ea6f71fcb37f772ad613c13f61007856c16117791a,5e20a3f0504205e8d65b91033638c5af0909ed741212a04539dcfb37eda08fe2,FORMAL_PROSPECTIVE_SHADOW_COHORT_V1,SERVER_ONLY_RAW
44,formal-v1-trial-044-attempt-0,0,TASK_RECORD,formal-v1/trial-044/attempt-0/formal_attempt_identity.json,839,620a705245842ea58154cf84708d75fd1201c4595adc235e04860b1dc56f250d,e8ea8f3fda15ab81664829ea6f71fcb37f772ad613c13f61007856c16117791a,5e20a3f0504205e8d65b91033638c5af0909ed741212a04539dcfb37eda08fe2,FORMAL_PROSPECTIVE_SHADOW_COHORT_V1,SERVER_TASK_RECORD
44,formal-v1-trial-044-attempt-0,0,TASK_RECORD,formal-v1/trial-044/attempt-0/outcome_blind_qc.json,1211,bda74b8ff3d31cb29842e9c5400aafd3ffb8d9e45cdf373d311e9cb3f683c57f,e8ea8f3fda15ab81664829ea6f71fcb37f772ad613c13f61007856c16117791a,5e20a3f0504205e8d65b91033638c5af0909ed741212a04539dcfb37eda08fe2,FORMAL_PROSPECTIVE_SHADOW_COHORT_V1,SERVER_TASK_RECORD
44,formal-v1-trial-044-attempt-0,0,TASK_RECORD,formal-v1/trial-044/attempt-0/process_result.json,433,f5a68276b44d00e915e46194f7e801e9e35d8c3aae005903bbdee5a6cdff0e64,e8ea8f3fda15ab81664829ea6f71fcb37f772ad613c13f61007856c16117791a,5e20a3f0504205e8d65b91033638c5af0909ed741212a04539dcfb37eda08fe2,FORMAL_PROSPECTIVE_SHADOW_COHORT_V1,SERVER_TASK_RECORD
44,formal-v1-trial-044-attempt-0,0,TASK_RECORD,formal-v1/trial-044/attempt-0/run/arm_activation.json,923,fdbd1d33bda6c881d8bbc11fe3e44d6a695c51441cbd4f2c937f518b6ebb7e2d,e8ea8f3fda15ab81664829ea6f71fcb37f772ad613c13f61007856c16117791a,5e20a3f0504205e8d65b91033638c5af0909ed741212a04539dcfb37eda08fe2,FORMAL_PROSPECTIVE_SHADOW_COHORT_V1,SERVER_TASK_RECORD
44,formal-v1-trial-044-attempt-0,0,TASK_RECORD,formal-v1/trial-044/attempt-0/run/environment_identity.json,1129,2f6f6a960487427c59a2923ec4db6849f029bc74b1b0b31121cc42a701843550,e8ea8f3fda15ab81664829ea6f71fcb37f772ad613c13f61007856c16117791a,5e20a3f0504205e8d65b91033638c5af0909ed741212a04539dcfb37eda08fe2,FORMAL_PROSPECTIVE_SHADOW_COHORT_V1,SERVER_TASK_RECORD
44,formal-v1-trial-044-attempt-0,0,RAW_JSONL,formal-v1/trial-044/attempt-0/run/instrumentation/instrumentation_health_log.jsonl,36940,a3deacc4232b29492307c8aedc5e9e00c5d2b221d662d0e3128937b43cf52772,e8ea8f3fda15ab81664829ea6f71fcb37f772ad613c13f61007856c16117791a,5e20a3f0504205e8d65b91033638c5af0909ed741212a04539dcfb37eda08fe2,FORMAL_PROSPECTIVE_SHADOW_COHORT_V1,SERVER_ONLY_RAW
44,formal-v1-trial-044-attempt-0,0,TASK_RECORD,formal-v1/trial-044/attempt-0/run/instrumentation/map_authority_manifest.json,983,7c19db927e0a59f20cbd1edb905076e75f12562e341d6ec56d291423a356f586,e8ea8f3fda15ab81664829ea6f71fcb37f772ad613c13f61007856c16117791a,5e20a3f0504205e8d65b91033638c5af0909ed741212a04539dcfb37eda08fe2,FORMAL_PROSPECTIVE_SHADOW_COHORT_V1,SERVER_TASK_RECORD
44,formal-v1-trial-044-attempt-0,0,RAW_JSONL,formal-v1/trial-044/attempt-0/run/instrumentation/shadow_certificate_result_log.jsonl,103314,d5ba917015afbd243f195c6b8e769b00929671aa7f9f9345c60807dd18ceb6c1,e8ea8f3fda15ab81664829ea6f71fcb37f772ad613c13f61007856c16117791a,5e20a3f0504205e8d65b91033638c5af0909ed741212a04539dcfb37eda08fe2,FORMAL_PROSPECTIVE_SHADOW_COHORT_V1,SERVER_ONLY_RAW
44,formal-v1-trial-044-attempt-0,0,RAW_JSONL,formal-v1/trial-044/attempt-0/run/instrumentation/step_capture_log.jsonl,188458,a4d86a9c18f7a59f06321bbc530450453e29146887296f268dbd48365b108c3f,e8ea8f3fda15ab81664829ea6f71fcb37f772ad613c13f61007856c16117791a,5e20a3f0504205e8d65b91033638c5af0909ed741212a04539dcfb37eda08fe2,FORMAL_PROSPECTIVE_SHADOW_COHORT_V1,SERVER_ONLY_RAW
44,formal-v1-trial-044-attempt-0,0,TASK_RECORD,formal-v1/trial-044/attempt-0/run/primary_trace.json,159759,b0d22f7ccf9f8e9732c6b1f516a476311d96edfa1f3bc3121e6f052bff7ee5f3,e8ea8f3fda15ab81664829ea6f71fcb37f772ad613c13f61007856c16117791a,5e20a3f0504205e8d65b91033638c5af0909ed741212a04539dcfb37eda08fe2,FORMAL_PROSPECTIVE_SHADOW_COHORT_V1,SERVER_TASK_RECORD
44,formal-v1-trial-044-attempt-0,0,TASK_RECORD,formal-v1/trial-044/attempt-0/run/run_metadata.json,840,6d072025a5244ff3beeabf37bbeee44e8c68b23682e59c72291cbe9a9aafd7bb,e8ea8f3fda15ab81664829ea6f71fcb37f772ad613c13f61007856c16117791a,5e20a3f0504205e8d65b91033638c5af0909ed741212a04539dcfb37eda08fe2,FORMAL_PROSPECTIVE_SHADOW_COHORT_V1,SERVER_TASK_RECORD
44,formal-v1-trial-044-attempt-0,0,TASK_RECORD,formal-v1/trial-044/attempt-0/run/trajs/stonehenge_ball-to-ellipsoid.json,64632,4765c139873866793aa08bb6fb1f6d07f5e3ffe59ed66c8d06c18ccb479b18e7,e8ea8f3fda15ab81664829ea6f71fcb37f772ad613c13f61007856c16117791a,5e20a3f0504205e8d65b91033638c5af0909ed741212a04539dcfb37eda08fe2,FORMAL_PROSPECTIVE_SHADOW_COHORT_V1,SERVER_TASK_RECORD
44,formal-v1-trial-044-attempt-0,0,LOG,formal-v1/trial-044/attempt-0/stderr.log,6188,f942a575a6ae0b529c8c0e43dda3f1e44cdcc98240ae0e91fc5b587944acd386,e8ea8f3fda15ab81664829ea6f71fcb37f772ad613c13f61007856c16117791a,5e20a3f0504205e8d65b91033638c5af0909ed741212a04539dcfb37eda08fe2,FORMAL_PROSPECTIVE_SHADOW_COHORT_V1,SERVER_ONLY_RAW
44,formal-v1-trial-044-attempt-0,0,LOG,formal-v1/trial-044/attempt-0/stdout.log,1493,711404eb1837e0843116efce75cf6ceeb2004faca5d7a01aa895dc725d9e2faa,e8ea8f3fda15ab81664829ea6f71fcb37f772ad613c13f61007856c16117791a,5e20a3f0504205e8d65b91033638c5af0909ed741212a04539dcfb37eda08fe2,FORMAL_PROSPECTIVE_SHADOW_COHORT_V1,SERVER_ONLY_RAW
45,formal-v1-trial-045-attempt-0,0,TASK_RECORD,formal-v1/trial-045/attempt-0/formal_attempt_identity.json,839,0354b4d01c91d435163bba92133533b5dda708d203dc5419475f45a0ad0bb6ec,e8ea8f3fda15ab81664829ea6f71fcb37f772ad613c13f61007856c16117791a,5e20a3f0504205e8d65b91033638c5af0909ed741212a04539dcfb37eda08fe2,FORMAL_PROSPECTIVE_SHADOW_COHORT_V1,SERVER_TASK_RECORD
45,formal-v1-trial-045-attempt-0,0,TASK_RECORD,formal-v1/trial-045/attempt-0/outcome_blind_qc.json,1211,b15796026f687bc8751826107364a6c0b570c4f6160024e77887642603879a16,e8ea8f3fda15ab81664829ea6f71fcb37f772ad613c13f61007856c16117791a,5e20a3f0504205e8d65b91033638c5af0909ed741212a04539dcfb37eda08fe2,FORMAL_PROSPECTIVE_SHADOW_COHORT_V1,SERVER_TASK_RECORD
45,formal-v1-trial-045-attempt-0,0,TASK_RECORD,formal-v1/trial-045/attempt-0/process_result.json,433,987c4060373831f4ec3313a4475225b635f460674a1c61912ee3095717ae6f2b,e8ea8f3fda15ab81664829ea6f71fcb37f772ad613c13f61007856c16117791a,5e20a3f0504205e8d65b91033638c5af0909ed741212a04539dcfb37eda08fe2,FORMAL_PROSPECTIVE_SHADOW_COHORT_V1,SERVER_TASK_RECORD
45,formal-v1-trial-045-attempt-0,0,TASK_RECORD,formal-v1/trial-045/attempt-0/run/arm_activation.json,923,f21f3ae84427d19b1722600f7469a3e8ced520880e21f5cd2d6eede6186df4e0,e8ea8f3fda15ab81664829ea6f71fcb37f772ad613c13f61007856c16117791a,5e20a3f0504205e8d65b91033638c5af0909ed741212a04539dcfb37eda08fe2,FORMAL_PROSPECTIVE_SHADOW_COHORT_V1,SERVER_TASK_RECORD
45,formal-v1-trial-045-attempt-0,0,TASK_RECORD,formal-v1/trial-045/attempt-0/run/environment_identity.json,1129,0dd3c6d3b099bf9db9ff7c87c5eae08191ecdd4753b7560daa64472970742ba6,e8ea8f3fda15ab81664829ea6f71fcb37f772ad613c13f61007856c16117791a,5e20a3f0504205e8d65b91033638c5af0909ed741212a04539dcfb37eda08fe2,FORMAL_PROSPECTIVE_SHADOW_COHORT_V1,SERVER_TASK_RECORD
45,formal-v1-trial-045-attempt-0,0,RAW_JSONL,formal-v1/trial-045/attempt-0/run/instrumentation/instrumentation_health_log.jsonl,24460,1438625589974e1ad78617c0b2332c4efc44a5e912dab4e91a801157f670bbc1,e8ea8f3fda15ab81664829ea6f71fcb37f772ad613c13f61007856c16117791a,5e20a3f0504205e8d65b91033638c5af0909ed741212a04539dcfb37eda08fe2,FORMAL_PROSPECTIVE_SHADOW_COHORT_V1,SERVER_ONLY_RAW
45,formal-v1-trial-045-attempt-0,0,TASK_RECORD,formal-v1/trial-045/attempt-0/run/instrumentation/map_authority_manifest.json,983,7c19db927e0a59f20cbd1edb905076e75f12562e341d6ec56d291423a356f586,e8ea8f3fda15ab81664829ea6f71fcb37f772ad613c13f61007856c16117791a,5e20a3f0504205e8d65b91033638c5af0909ed741212a04539dcfb37eda08fe2,FORMAL_PROSPECTIVE_SHADOW_COHORT_V1,SERVER_TASK_RECORD
45,formal-v1-trial-045-attempt-0,0,RAW_JSONL,formal-v1/trial-045/attempt-0/run/instrumentation/shadow_certificate_result_log.jsonl,68422,6cccbf50c51f947e9293719d34c5b3a8a36807d944a6754e375dc69212076878,e8ea8f3fda15ab81664829ea6f71fcb37f772ad613c13f61007856c16117791a,5e20a3f0504205e8d65b91033638c5af0909ed741212a04539dcfb37eda08fe2,FORMAL_PROSPECTIVE_SHADOW_COHORT_V1,SERVER_ONLY_RAW
45,formal-v1-trial-045-attempt-0,0,RAW_JSONL,formal-v1/trial-045/attempt-0/run/instrumentation/step_capture_log.jsonl,124747,0af86e3d74b8322957f52d39ab9554b1d67498d59868ff66fa2c8fb7facba199,e8ea8f3fda15ab81664829ea6f71fcb37f772ad613c13f61007856c16117791a,5e20a3f0504205e8d65b91033638c5af0909ed741212a04539dcfb37eda08fe2,FORMAL_PROSPECTIVE_SHADOW_COHORT_V1,SERVER_ONLY_RAW
45,formal-v1-trial-045-attempt-0,0,TASK_RECORD,formal-v1/trial-045/attempt-0/run/primary_trace.json,105805,fb35d21bc61167c6ec72effd0606891b87810cae3c8a01f46d3bec0532e9f04a,e8ea8f3fda15ab81664829ea6f71fcb37f772ad613c13f61007856c16117791a,5e20a3f0504205e8d65b91033638c5af0909ed741212a04539dcfb37eda08fe2,FORMAL_PROSPECTIVE_SHADOW_COHORT_V1,SERVER_TASK_RECORD
45,formal-v1-trial-045-attempt-0,0,TASK_RECORD,formal-v1/trial-045/attempt-0/run/run_metadata.json,840,5db03dad413660b8ad62d2aa3fffb9bacf1d1ad3e30e511ae99d17cffb105148,e8ea8f3fda15ab81664829ea6f71fcb37f772ad613c13f61007856c16117791a,5e20a3f0504205e8d65b91033638c5af0909ed741212a04539dcfb37eda08fe2,FORMAL_PROSPECTIVE_SHADOW_COHORT_V1,SERVER_TASK_RECORD
45,formal-v1-trial-045-attempt-0,0,TASK_RECORD,formal-v1/trial-045/attempt-0/run/trajs/stonehenge_ball-to-ellipsoid.json,43112,7986df8b79357f5d81bfed82a26c16c68a047e29e92c500e79de84747527bf30,e8ea8f3fda15ab81664829ea6f71fcb37f772ad613c13f61007856c16117791a,5e20a3f0504205e8d65b91033638c5af0909ed741212a04539dcfb37eda08fe2,FORMAL_PROSPECTIVE_SHADOW_COHORT_V1,SERVER_TASK_RECORD
45,formal-v1-trial-045-attempt-0,0,LOG,formal-v1/trial-045/attempt-0/stderr.log,4170,76cc4cb791ce3aec2536dccd246f8ca44f11c334f28fbb8689d6a87429355712,e8ea8f3fda15ab81664829ea6f71fcb37f772ad613c13f61007856c16117791a,5e20a3f0504205e8d65b91033638c5af0909ed741212a04539dcfb37eda08fe2,FORMAL_PROSPECTIVE_SHADOW_COHORT_V1,SERVER_ONLY_RAW
45,formal-v1-trial-045-attempt-0,0,LOG,formal-v1/trial-045/attempt-0/stdout.log,1493,f5408545ae48181090377e138ea9f8ad2ec846f5043912b933cfe0d1b3f09c30,e8ea8f3fda15ab81664829ea6f71fcb37f772ad613c13f61007856c16117791a,5e20a3f0504205e8d65b91033638c5af0909ed741212a04539dcfb37eda08fe2,FORMAL_PROSPECTIVE_SHADOW_COHORT_V1,SERVER_ONLY_RAW
46,formal-v1-trial-046-attempt-0,0,TASK_RECORD,formal-v1/trial-046/attempt-0/formal_attempt_identity.json,839,566bc6a9e9c57be41cfcbc560c8fdcd7fb9230d26fe0e6e34f5691301ea3ce37,e8ea8f3fda15ab81664829ea6f71fcb37f772ad613c13f61007856c16117791a,5e20a3f0504205e8d65b91033638c5af0909ed741212a04539dcfb37eda08fe2,FORMAL_PROSPECTIVE_SHADOW_COHORT_V1,SERVER_TASK_RECORD
46,formal-v1-trial-046-attempt-0,0,TASK_RECORD,formal-v1/trial-046/attempt-0/outcome_blind_qc.json,1211,8ade6372e72855fb319db910c20748674b3b9c7d513a346e9c74dd17830e2905,e8ea8f3fda15ab81664829ea6f71fcb37f772ad613c13f61007856c16117791a,5e20a3f0504205e8d65b91033638c5af0909ed741212a04539dcfb37eda08fe2,FORMAL_PROSPECTIVE_SHADOW_COHORT_V1,SERVER_TASK_RECORD
46,formal-v1-trial-046-attempt-0,0,TASK_RECORD,formal-v1/trial-046/attempt-0/process_result.json,433,e3c1f9f60daab0cb5269b292c8a33f4cacd267f8b6f5f31549f2adf91a374c6f,e8ea8f3fda15ab81664829ea6f71fcb37f772ad613c13f61007856c16117791a,5e20a3f0504205e8d65b91033638c5af0909ed741212a04539dcfb37eda08fe2,FORMAL_PROSPECTIVE_SHADOW_COHORT_V1,SERVER_TASK_RECORD
46,formal-v1-trial-046-attempt-0,0,TASK_RECORD,formal-v1/trial-046/attempt-0/run/arm_activation.json,923,eadebe9402df244c865eab6aa6bf40b49ec84afabbd60bec035c884dd8c14544,e8ea8f3fda15ab81664829ea6f71fcb37f772ad613c13f61007856c16117791a,5e20a3f0504205e8d65b91033638c5af0909ed741212a04539dcfb37eda08fe2,FORMAL_PROSPECTIVE_SHADOW_COHORT_V1,SERVER_TASK_RECORD
46,formal-v1-trial-046-attempt-0,0,TASK_RECORD,formal-v1/trial-046/attempt-0/run/environment_identity.json,1129,eb575c3ed6989137f9db117d36680a2dd530a6c4e7ae44e564032b2139525c6e,e8ea8f3fda15ab81664829ea6f71fcb37f772ad613c13f61007856c16117791a,5e20a3f0504205e8d65b91033638c5af0909ed741212a04539dcfb37eda08fe2,FORMAL_PROSPECTIVE_SHADOW_COHORT_V1,SERVER_TASK_RECORD
46,formal-v1-trial-046-attempt-0,0,RAW_JSONL,formal-v1/trial-046/attempt-0/run/instrumentation/instrumentation_health_log.jsonl,24460,ed1a989437cbdc4c4fe1a72399bd81584aff9db8868a5672cf99d2bcf137e6a6,e8ea8f3fda15ab81664829ea6f71fcb37f772ad613c13f61007856c16117791a,5e20a3f0504205e8d65b91033638c5af0909ed741212a04539dcfb37eda08fe2,FORMAL_PROSPECTIVE_SHADOW_COHORT_V1,SERVER_ONLY_RAW
46,formal-v1-trial-046-attempt-0,0,TASK_RECORD,formal-v1/trial-046/attempt-0/run/instrumentation/map_authority_manifest.json,983,7c19db927e0a59f20cbd1edb905076e75f12562e341d6ec56d291423a356f586,e8ea8f3fda15ab81664829ea6f71fcb37f772ad613c13f61007856c16117791a,5e20a3f0504205e8d65b91033638c5af0909ed741212a04539dcfb37eda08fe2,FORMAL_PROSPECTIVE_SHADOW_COHORT_V1,SERVER_TASK_RECORD
46,formal-v1-trial-046-attempt-0,0,RAW_JSONL,formal-v1/trial-046/attempt-0/run/instrumentation/shadow_certificate_result_log.jsonl,68422,1fe1b434bb01b5b24bfc2a4086b3e00256a87e8098ca0a671787fca14dac2d23,e8ea8f3fda15ab81664829ea6f71fcb37f772ad613c13f61007856c16117791a,5e20a3f0504205e8d65b91033638c5af0909ed741212a04539dcfb37eda08fe2,FORMAL_PROSPECTIVE_SHADOW_COHORT_V1,SERVER_ONLY_RAW
46,formal-v1-trial-046-attempt-0,0,RAW_JSONL,formal-v1/trial-046/attempt-0/run/instrumentation/step_capture_log.jsonl,124735,aa59c805b514936df8f41db9597b753cbf2efda006e3f536d1e457cc487e81d0,e8ea8f3fda15ab81664829ea6f71fcb37f772ad613c13f61007856c16117791a,5e20a3f0504205e8d65b91033638c5af0909ed741212a04539dcfb37eda08fe2,FORMAL_PROSPECTIVE_SHADOW_COHORT_V1,SERVER_ONLY_RAW
46,formal-v1-trial-046-attempt-0,0,TASK_RECORD,formal-v1/trial-046/attempt-0/run/primary_trace.json,105856,833d3ef5869b89fa95f50b0311c160b137713c7851f5272da53f44416d49ff9a,e8ea8f3fda15ab81664829ea6f71fcb37f772ad613c13f61007856c16117791a,5e20a3f0504205e8d65b91033638c5af0909ed741212a04539dcfb37eda08fe2,FORMAL_PROSPECTIVE_SHADOW_COHORT_V1,SERVER_TASK_RECORD
46,formal-v1-trial-046-attempt-0,0,TASK_RECORD,formal-v1/trial-046/attempt-0/run/run_metadata.json,840,78ae875913b31617fb44be2065b8d6c71d9b758b126e4f8d7045d571edb6547d,e8ea8f3fda15ab81664829ea6f71fcb37f772ad613c13f61007856c16117791a,5e20a3f0504205e8d65b91033638c5af0909ed741212a04539dcfb37eda08fe2,FORMAL_PROSPECTIVE_SHADOW_COHORT_V1,SERVER_TASK_RECORD
46,formal-v1-trial-046-attempt-0,0,TASK_RECORD,formal-v1/trial-046/attempt-0/run/trajs/stonehenge_ball-to-ellipsoid.json,43098,a3bf5e23bf7d912aef650157cf6782797c783338f8ff9b5cd0912cab316d8d7d,e8ea8f3fda15ab81664829ea6f71fcb37f772ad613c13f61007856c16117791a,5e20a3f0504205e8d65b91033638c5af0909ed741212a04539dcfb37eda08fe2,FORMAL_PROSPECTIVE_SHADOW_COHORT_V1,SERVER_TASK_RECORD
46,formal-v1-trial-046-attempt-0,0,LOG,formal-v1/trial-046/attempt-0/stderr.log,4170,bcd78bd46841d68b1065b5d6e6a4a44b9d9afed32146d3192e1a4c94a27261e4,e8ea8f3fda15ab81664829ea6f71fcb37f772ad613c13f61007856c16117791a,5e20a3f0504205e8d65b91033638c5af0909ed741212a04539dcfb37eda08fe2,FORMAL_PROSPECTIVE_SHADOW_COHORT_V1,SERVER_ONLY_RAW
46,formal-v1-trial-046-attempt-0,0,LOG,formal-v1/trial-046/attempt-0/stdout.log,1493,d89f1d8b9f1a3fb5b2d88459c237e3d67c39dbe340634242c5dd618443b18a24,e8ea8f3fda15ab81664829ea6f71fcb37f772ad613c13f61007856c16117791a,5e20a3f0504205e8d65b91033638c5af0909ed741212a04539dcfb37eda08fe2,FORMAL_PROSPECTIVE_SHADOW_COHORT_V1,SERVER_ONLY_RAW
47,formal-v1-trial-047-attempt-0,0,TASK_RECORD,formal-v1/trial-047/attempt-0/formal_attempt_identity.json,839,dd1da3ef2ada0ba4cfb2effdb5dd0a05842b855c7b461d83b6f106e754169daa,e8ea8f3fda15ab81664829ea6f71fcb37f772ad613c13f61007856c16117791a,5e20a3f0504205e8d65b91033638c5af0909ed741212a04539dcfb37eda08fe2,FORMAL_PROSPECTIVE_SHADOW_COHORT_V1,SERVER_TASK_RECORD
47,formal-v1-trial-047-attempt-0,0,TASK_RECORD,formal-v1/trial-047/attempt-0/outcome_blind_qc.json,1211,60896f1c1959c40d3c0aabc9c13b64b2b4f4838c22faf9b823a69e4cfd9784f6,e8ea8f3fda15ab81664829ea6f71fcb37f772ad613c13f61007856c16117791a,5e20a3f0504205e8d65b91033638c5af0909ed741212a04539dcfb37eda08fe2,FORMAL_PROSPECTIVE_SHADOW_COHORT_V1,SERVER_TASK_RECORD
47,formal-v1-trial-047-attempt-0,0,TASK_RECORD,formal-v1/trial-047/attempt-0/process_result.json,433,0946a5e0fb961f0bf49e9d522ffaf6cc0cf5c8f9c0392385bf50f41b7ca46ff4,e8ea8f3fda15ab81664829ea6f71fcb37f772ad613c13f61007856c16117791a,5e20a3f0504205e8d65b91033638c5af0909ed741212a04539dcfb37eda08fe2,FORMAL_PROSPECTIVE_SHADOW_COHORT_V1,SERVER_TASK_RECORD
47,formal-v1-trial-047-attempt-0,0,TASK_RECORD,formal-v1/trial-047/attempt-0/run/arm_activation.json,923,fbb05518ac994fa0fc1c60221cdcd46c1b9dc29bb3ad2aee4375b9df0b969a68,e8ea8f3fda15ab81664829ea6f71fcb37f772ad613c13f61007856c16117791a,5e20a3f0504205e8d65b91033638c5af0909ed741212a04539dcfb37eda08fe2,FORMAL_PROSPECTIVE_SHADOW_COHORT_V1,SERVER_TASK_RECORD
47,formal-v1-trial-047-attempt-0,0,TASK_RECORD,formal-v1/trial-047/attempt-0/run/environment_identity.json,1129,e0050fc23c96873a88fbbebc4a1431db8b695fe2316a15df7ecf53906e75eff9,e8ea8f3fda15ab81664829ea6f71fcb37f772ad613c13f61007856c16117791a,5e20a3f0504205e8d65b91033638c5af0909ed741212a04539dcfb37eda08fe2,FORMAL_PROSPECTIVE_SHADOW_COHORT_V1,SERVER_TASK_RECORD
47,formal-v1-trial-047-attempt-0,0,RAW_JSONL,formal-v1/trial-047/attempt-0/run/instrumentation/instrumentation_health_log.jsonl,33580,203254fc5150cee0af465d6357b7fd0ec5d567541b7b54195952a096afe20bcf,e8ea8f3fda15ab81664829ea6f71fcb37f772ad613c13f61007856c16117791a,5e20a3f0504205e8d65b91033638c5af0909ed741212a04539dcfb37eda08fe2,FORMAL_PROSPECTIVE_SHADOW_COHORT_V1,SERVER_ONLY_RAW
47,formal-v1-trial-047-attempt-0,0,TASK_RECORD,formal-v1/trial-047/attempt-0/run/instrumentation/map_authority_manifest.json,983,7c19db927e0a59f20cbd1edb905076e75f12562e341d6ec56d291423a356f586,e8ea8f3fda15ab81664829ea6f71fcb37f772ad613c13f61007856c16117791a,5e20a3f0504205e8d65b91033638c5af0909ed741212a04539dcfb37eda08fe2,FORMAL_PROSPECTIVE_SHADOW_COHORT_V1,SERVER_TASK_RECORD
47,formal-v1-trial-047-attempt-0,0,RAW_JSONL,formal-v1/trial-047/attempt-0/run/instrumentation/shadow_certificate_result_log.jsonl,93920,9fd7835fe988e7b6fdfe3546137c32ddf0725231c7af6fbe8910686ffdcac1ab,e8ea8f3fda15ab81664829ea6f71fcb37f772ad613c13f61007856c16117791a,5e20a3f0504205e8d65b91033638c5af0909ed741212a04539dcfb37eda08fe2,FORMAL_PROSPECTIVE_SHADOW_COHORT_V1,SERVER_ONLY_RAW
47,formal-v1-trial-047-attempt-0,0,RAW_JSONL,formal-v1/trial-047/attempt-0/run/instrumentation/step_capture_log.jsonl,171472,d9b023a3c64804d11c9f94416366478653ca219c499ef6c3037acbbe6d7b6159,e8ea8f3fda15ab81664829ea6f71fcb37f772ad613c13f61007856c16117791a,5e20a3f0504205e8d65b91033638c5af0909ed741212a04539dcfb37eda08fe2,FORMAL_PROSPECTIVE_SHADOW_COHORT_V1,SERVER_ONLY_RAW
47,formal-v1-trial-047-attempt-0,0,TASK_RECORD,formal-v1/trial-047/attempt-0/run/primary_trace.json,145480,1d052555f9ddd112c8201389609d2e2d08590b2f49ae9c8031d6fca814aa6389,e8ea8f3fda15ab81664829ea6f71fcb37f772ad613c13f61007856c16117791a,5e20a3f0504205e8d65b91033638c5af0909ed741212a04539dcfb37eda08fe2,FORMAL_PROSPECTIVE_SHADOW_COHORT_V1,SERVER_TASK_RECORD
47,formal-v1-trial-047-attempt-0,0,TASK_RECORD,formal-v1/trial-047/attempt-0/run/run_metadata.json,840,d0c8d60626988815cd12182b23108b9414a64ef0ce4ab0fc485eeaac77e0fbb8,e8ea8f3fda15ab81664829ea6f71fcb37f772ad613c13f61007856c16117791a,5e20a3f0504205e8d65b91033638c5af0909ed741212a04539dcfb37eda08fe2,FORMAL_PROSPECTIVE_SHADOW_COHORT_V1,SERVER_TASK_RECORD
47,formal-v1-trial-047-attempt-0,0,TASK_RECORD,formal-v1/trial-047/attempt-0/run/trajs/stonehenge_ball-to-ellipsoid.json,58951,3b5fcdb24e461df59721748245c10151b1937973fb8358c80f95a044d679acfc,e8ea8f3fda15ab81664829ea6f71fcb37f772ad613c13f61007856c16117791a,5e20a3f0504205e8d65b91033638c5af0909ed741212a04539dcfb37eda08fe2,FORMAL_PROSPECTIVE_SHADOW_COHORT_V1,SERVER_TASK_RECORD
47,formal-v1-trial-047-attempt-0,0,LOG,formal-v1/trial-047/attempt-0/stderr.log,5642,b678ad4fda0e03f357ea878631c33dcefd327dfa6696412b81e070b6682fa044,e8ea8f3fda15ab81664829ea6f71fcb37f772ad613c13f61007856c16117791a,5e20a3f0504205e8d65b91033638c5af0909ed741212a04539dcfb37eda08fe2,FORMAL_PROSPECTIVE_SHADOW_COHORT_V1,SERVER_ONLY_RAW
47,formal-v1-trial-047-attempt-0,0,LOG,formal-v1/trial-047/attempt-0/stdout.log,1493,3e7771f59f7b073bb9b83e706f0a5596a3cbc8657339e03e119d0a1ea4c97e55,e8ea8f3fda15ab81664829ea6f71fcb37f772ad613c13f61007856c16117791a,5e20a3f0504205e8d65b91033638c5af0909ed741212a04539dcfb37eda08fe2,FORMAL_PROSPECTIVE_SHADOW_COHORT_V1,SERVER_ONLY_RAW
48,formal-v1-trial-048-attempt-0,0,TASK_RECORD,formal-v1/trial-048/attempt-0/formal_attempt_identity.json,839,1d32c6dcd3e062088b5bac81de5d7bd4b5c62d44336e866b6d4b4d47fb2ae8aa,e8ea8f3fda15ab81664829ea6f71fcb37f772ad613c13f61007856c16117791a,5e20a3f0504205e8d65b91033638c5af0909ed741212a04539dcfb37eda08fe2,FORMAL_PROSPECTIVE_SHADOW_COHORT_V1,SERVER_TASK_RECORD
48,formal-v1-trial-048-attempt-0,0,TASK_RECORD,formal-v1/trial-048/attempt-0/outcome_blind_qc.json,1211,794c5cf8053beea60d59e1cc987e15bd9a31928181f656e517b4f153b9f18999,e8ea8f3fda15ab81664829ea6f71fcb37f772ad613c13f61007856c16117791a,5e20a3f0504205e8d65b91033638c5af0909ed741212a04539dcfb37eda08fe2,FORMAL_PROSPECTIVE_SHADOW_COHORT_V1,SERVER_TASK_RECORD
48,formal-v1-trial-048-attempt-0,0,TASK_RECORD,formal-v1/trial-048/attempt-0/process_result.json,433,e3ed8ad3781c75a55c7a85af8daa569ff7b26dd458e385439676e60dd39169ba,e8ea8f3fda15ab81664829ea6f71fcb37f772ad613c13f61007856c16117791a,5e20a3f0504205e8d65b91033638c5af0909ed741212a04539dcfb37eda08fe2,FORMAL_PROSPECTIVE_SHADOW_COHORT_V1,SERVER_TASK_RECORD
48,formal-v1-trial-048-attempt-0,0,TASK_RECORD,formal-v1/trial-048/attempt-0/run/arm_activation.json,923,6d7109ec21bcc36a6b301d6956b65d772f04e5d3ae79314d7b43ba676b1434f0,e8ea8f3fda15ab81664829ea6f71fcb37f772ad613c13f61007856c16117791a,5e20a3f0504205e8d65b91033638c5af0909ed741212a04539dcfb37eda08fe2,FORMAL_PROSPECTIVE_SHADOW_COHORT_V1,SERVER_TASK_RECORD
48,formal-v1-trial-048-attempt-0,0,TASK_RECORD,formal-v1/trial-048/attempt-0/run/environment_identity.json,1129,6290eb991058d71edd93dce9780dc30817209f7acb501889c3fcaaee92e6ea06,e8ea8f3fda15ab81664829ea6f71fcb37f772ad613c13f61007856c16117791a,5e20a3f0504205e8d65b91033638c5af0909ed741212a04539dcfb37eda08fe2,FORMAL_PROSPECTIVE_SHADOW_COHORT_V1,SERVER_TASK_RECORD
48,formal-v1-trial-048-attempt-0,0,RAW_JSONL,formal-v1/trial-048/attempt-0/run/instrumentation/instrumentation_health_log.jsonl,31180,619d0f16f6090e1c932ae18b8b9de28d838244d13491e97661f49d3696b44d65,e8ea8f3fda15ab81664829ea6f71fcb37f772ad613c13f61007856c16117791a,5e20a3f0504205e8d65b91033638c5af0909ed741212a04539dcfb37eda08fe2,FORMAL_PROSPECTIVE_SHADOW_COHORT_V1,SERVER_ONLY_RAW
48,formal-v1-trial-048-attempt-0,0,TASK_RECORD,formal-v1/trial-048/attempt-0/run/instrumentation/map_authority_manifest.json,983,7c19db927e0a59f20cbd1edb905076e75f12562e341d6ec56d291423a356f586,e8ea8f3fda15ab81664829ea6f71fcb37f772ad613c13f61007856c16117791a,5e20a3f0504205e8d65b91033638c5af0909ed741212a04539dcfb37eda08fe2,FORMAL_PROSPECTIVE_SHADOW_COHORT_V1,SERVER_TASK_RECORD
48,formal-v1-trial-048-attempt-0,0,RAW_JSONL,formal-v1/trial-048/attempt-0/run/instrumentation/shadow_certificate_result_log.jsonl,87210,5a75554ec0d6ee7154a13ddcbc5f317dc2a47004248ff2347eb8eecc8b7c49ef,e8ea8f3fda15ab81664829ea6f71fcb37f772ad613c13f61007856c16117791a,5e20a3f0504205e8d65b91033638c5af0909ed741212a04539dcfb37eda08fe2,FORMAL_PROSPECTIVE_SHADOW_COHORT_V1,SERVER_ONLY_RAW
48,formal-v1-trial-048-attempt-0,0,RAW_JSONL,formal-v1/trial-048/attempt-0/run/instrumentation/step_capture_log.jsonl,159186,bbecb114c953f1a1867ea64e61de3fa2480645881591a4447a3d3eb82f5e0a21,e8ea8f3fda15ab81664829ea6f71fcb37f772ad613c13f61007856c16117791a,5e20a3f0504205e8d65b91033638c5af0909ed741212a04539dcfb37eda08fe2,FORMAL_PROSPECTIVE_SHADOW_COHORT_V1,SERVER_ONLY_RAW
48,formal-v1-trial-048-attempt-0,0,TASK_RECORD,formal-v1/trial-048/attempt-0/run/primary_trace.json,135052,1684692f587e6685d33c04a358f958a17b007f36ebe6956947dce9f774d835f3,e8ea8f3fda15ab81664829ea6f71fcb37f772ad613c13f61007856c16117791a,5e20a3f0504205e8d65b91033638c5af0909ed741212a04539dcfb37eda08fe2,FORMAL_PROSPECTIVE_SHADOW_COHORT_V1,SERVER_TASK_RECORD
48,formal-v1-trial-048-attempt-0,0,TASK_RECORD,formal-v1/trial-048/attempt-0/run/run_metadata.json,840,294ddfe744a54f65fe3e7a36ae3d47103df83548686fa8852f1d6ff3e6c01694,e8ea8f3fda15ab81664829ea6f71fcb37f772ad613c13f61007856c16117791a,5e20a3f0504205e8d65b91033638c5af0909ed741212a04539dcfb37eda08fe2,FORMAL_PROSPECTIVE_SHADOW_COHORT_V1,SERVER_TASK_RECORD
48,formal-v1-trial-048-attempt-0,0,TASK_RECORD,formal-v1/trial-048/attempt-0/run/trajs/stonehenge_ball-to-ellipsoid.json,54771,9b86fb64f870d991fb6f883056e6294104c80fcacdd0f3441a19ced924c20a6f,e8ea8f3fda15ab81664829ea6f71fcb37f772ad613c13f61007856c16117791a,5e20a3f0504205e8d65b91033638c5af0909ed741212a04539dcfb37eda08fe2,FORMAL_PROSPECTIVE_SHADOW_COHORT_V1,SERVER_TASK_RECORD
48,formal-v1-trial-048-attempt-0,0,LOG,formal-v1/trial-048/attempt-0/stderr.log,5252,bdabe785fbdc5fc43029cdc08d4a3cd6ebc1e173a5cf774c29583aa22b1f433a,e8ea8f3fda15ab81664829ea6f71fcb37f772ad613c13f61007856c16117791a,5e20a3f0504205e8d65b91033638c5af0909ed741212a04539dcfb37eda08fe2,FORMAL_PROSPECTIVE_SHADOW_COHORT_V1,SERVER_ONLY_RAW
48,formal-v1-trial-048-attempt-0,0,LOG,formal-v1/trial-048/attempt-0/stdout.log,1493,f8775a841b5c56a2738e28dd771b605f7d311436487cb8b90e5f29bd45fdf9c9,e8ea8f3fda15ab81664829ea6f71fcb37f772ad613c13f61007856c16117791a,5e20a3f0504205e8d65b91033638c5af0909ed741212a04539dcfb37eda08fe2,FORMAL_PROSPECTIVE_SHADOW_COHORT_V1,SERVER_ONLY_RAW
49,formal-v1-trial-049-attempt-0,0,TASK_RECORD,formal-v1/trial-049/attempt-0/formal_attempt_identity.json,839,5d707b779a6941ae65a1ee08954e275834566723b50b6581cb637787d712e73e,e8ea8f3fda15ab81664829ea6f71fcb37f772ad613c13f61007856c16117791a,5e20a3f0504205e8d65b91033638c5af0909ed741212a04539dcfb37eda08fe2,FORMAL_PROSPECTIVE_SHADOW_COHORT_V1,SERVER_TASK_RECORD
49,formal-v1-trial-049-attempt-0,0,TASK_RECORD,formal-v1/trial-049/attempt-0/outcome_blind_qc.json,1211,64f8693e2bf5b086efebeaf19d3369f495437bd94921756206afa8f830b99f5f,e8ea8f3fda15ab81664829ea6f71fcb37f772ad613c13f61007856c16117791a,5e20a3f0504205e8d65b91033638c5af0909ed741212a04539dcfb37eda08fe2,FORMAL_PROSPECTIVE_SHADOW_COHORT_V1,SERVER_TASK_RECORD
49,formal-v1-trial-049-attempt-0,0,TASK_RECORD,formal-v1/trial-049/attempt-0/process_result.json,433,3b064df39200f499984ef2cd9d63af594966ea94fd99b248c7e2af172436240d,e8ea8f3fda15ab81664829ea6f71fcb37f772ad613c13f61007856c16117791a,5e20a3f0504205e8d65b91033638c5af0909ed741212a04539dcfb37eda08fe2,FORMAL_PROSPECTIVE_SHADOW_COHORT_V1,SERVER_TASK_RECORD
49,formal-v1-trial-049-attempt-0,0,TASK_RECORD,formal-v1/trial-049/attempt-0/run/arm_activation.json,922,872e82d8a5780a01be576b0a57994b38941427693ffd6e5b6f88114fb2e0dcc7,e8ea8f3fda15ab81664829ea6f71fcb37f772ad613c13f61007856c16117791a,5e20a3f0504205e8d65b91033638c5af0909ed741212a04539dcfb37eda08fe2,FORMAL_PROSPECTIVE_SHADOW_COHORT_V1,SERVER_TASK_RECORD
49,formal-v1-trial-049-attempt-0,0,TASK_RECORD,formal-v1/trial-049/attempt-0/run/environment_identity.json,1129,a0fc0474d8ec4b3fb0c37b0c5976333d9134d96a9499e94b01a80d89d2a35ee2,e8ea8f3fda15ab81664829ea6f71fcb37f772ad613c13f61007856c16117791a,5e20a3f0504205e8d65b91033638c5af0909ed741212a04539dcfb37eda08fe2,FORMAL_PROSPECTIVE_SHADOW_COHORT_V1,SERVER_TASK_RECORD
49,formal-v1-trial-049-attempt-0,0,RAW_JSONL,formal-v1/trial-049/attempt-0/run/instrumentation/instrumentation_health_log.jsonl,20620,986921303ec45f282440c2121c268d94629d5bd430a3d1a78bff0ad2447c8f7c,e8ea8f3fda15ab81664829ea6f71fcb37f772ad613c13f61007856c16117791a,5e20a3f0504205e8d65b91033638c5af0909ed741212a04539dcfb37eda08fe2,FORMAL_PROSPECTIVE_SHADOW_COHORT_V1,SERVER_ONLY_RAW
49,formal-v1-trial-049-attempt-0,0,TASK_RECORD,formal-v1/trial-049/attempt-0/run/instrumentation/map_authority_manifest.json,983,7c19db927e0a59f20cbd1edb905076e75f12562e341d6ec56d291423a356f586,e8ea8f3fda15ab81664829ea6f71fcb37f772ad613c13f61007856c16117791a,5e20a3f0504205e8d65b91033638c5af0909ed741212a04539dcfb37eda08fe2,FORMAL_PROSPECTIVE_SHADOW_COHORT_V1,SERVER_TASK_RECORD
49,formal-v1-trial-049-attempt-0,0,RAW_JSONL,formal-v1/trial-049/attempt-0/run/instrumentation/shadow_certificate_result_log.jsonl,57686,3aa5d693c02b3c87065901682a0ef8b115def4b35bb3cc019f727fc8b8a0fab8,e8ea8f3fda15ab81664829ea6f71fcb37f772ad613c13f61007856c16117791a,5e20a3f0504205e8d65b91033638c5af0909ed741212a04539dcfb37eda08fe2,FORMAL_PROSPECTIVE_SHADOW_COHORT_V1,SERVER_ONLY_RAW
49,formal-v1-trial-049-attempt-0,0,RAW_JSONL,formal-v1/trial-049/attempt-0/run/instrumentation/step_capture_log.jsonl,105217,e45a5e9bdd32bbc012e4d022a0d39a3d33fd172f155c75f2932ecb7278823218,e8ea8f3fda15ab81664829ea6f71fcb37f772ad613c13f61007856c16117791a,5e20a3f0504205e8d65b91033638c5af0909ed741212a04539dcfb37eda08fe2,FORMAL_PROSPECTIVE_SHADOW_COHORT_V1,SERVER_ONLY_RAW
49,formal-v1-trial-049-attempt-0,0,TASK_RECORD,formal-v1/trial-049/attempt-0/run/primary_trace.json,89293,350ede1be4b439c7b11c3ff448cc44bcc8ce9849926b42f030c4e8b61ce945c2,e8ea8f3fda15ab81664829ea6f71fcb37f772ad613c13f61007856c16117791a,5e20a3f0504205e8d65b91033638c5af0909ed741212a04539dcfb37eda08fe2,FORMAL_PROSPECTIVE_SHADOW_COHORT_V1,SERVER_TASK_RECORD
49,formal-v1-trial-049-attempt-0,0,TASK_RECORD,formal-v1/trial-049/attempt-0/run/run_metadata.json,840,d6882529c774f118a0344b8520a885b1503a225dffb1314d38bdeff995c5c3d7,e8ea8f3fda15ab81664829ea6f71fcb37f772ad613c13f61007856c16117791a,5e20a3f0504205e8d65b91033638c5af0909ed741212a04539dcfb37eda08fe2,FORMAL_PROSPECTIVE_SHADOW_COHORT_V1,SERVER_TASK_RECORD
49,formal-v1-trial-049-attempt-0,0,TASK_RECORD,formal-v1/trial-049/attempt-0/run/trajs/stonehenge_ball-to-ellipsoid.json,36511,b8c0a1bbbf4d32515cbea7910174945f09dd7c9f09863267d10af58fb322c2e4,e8ea8f3fda15ab81664829ea6f71fcb37f772ad613c13f61007856c16117791a,5e20a3f0504205e8d65b91033638c5af0909ed741212a04539dcfb37eda08fe2,FORMAL_PROSPECTIVE_SHADOW_COHORT_V1,SERVER_TASK_RECORD
49,formal-v1-trial-049-attempt-0,0,LOG,formal-v1/trial-049/attempt-0/stderr.log,3562,52c8946d51e53aced3557f679d99c05bfbe4e59a45899acba1ec6fb054c96888,e8ea8f3fda15ab81664829ea6f71fcb37f772ad613c13f61007856c16117791a,5e20a3f0504205e8d65b91033638c5af0909ed741212a04539dcfb37eda08fe2,FORMAL_PROSPECTIVE_SHADOW_COHORT_V1,SERVER_ONLY_RAW
49,formal-v1-trial-049-attempt-0,0,LOG,formal-v1/trial-049/attempt-0/stdout.log,1493,05536beaf30d120e2beb331ecdfeb031cff782115083a27b741d150602547bb2,e8ea8f3fda15ab81664829ea6f71fcb37f772ad613c13f61007856c16117791a,5e20a3f0504205e8d65b91033638c5af0909ed741212a04539dcfb37eda08fe2,FORMAL_PROSPECTIVE_SHADOW_COHORT_V1,SERVER_ONLY_RAW
50,formal-v1-trial-050-attempt-0,0,TASK_RECORD,formal-v1/trial-050/attempt-0/formal_attempt_identity.json,839,c34213f2820c2b802aa9171d473177a44dbe22abff9f997e9a47e4e88ba5db80,e8ea8f3fda15ab81664829ea6f71fcb37f772ad613c13f61007856c16117791a,5e20a3f0504205e8d65b91033638c5af0909ed741212a04539dcfb37eda08fe2,FORMAL_PROSPECTIVE_SHADOW_COHORT_V1,SERVER_TASK_RECORD
50,formal-v1-trial-050-attempt-0,0,TASK_RECORD,formal-v1/trial-050/attempt-0/outcome_blind_qc.json,1211,04361f4d466f3a3a323d05386c86cb7feb1e7d5e09171e542e13ec79f5805e86,e8ea8f3fda15ab81664829ea6f71fcb37f772ad613c13f61007856c16117791a,5e20a3f0504205e8d65b91033638c5af0909ed741212a04539dcfb37eda08fe2,FORMAL_PROSPECTIVE_SHADOW_COHORT_V1,SERVER_TASK_RECORD
50,formal-v1-trial-050-attempt-0,0,TASK_RECORD,formal-v1/trial-050/attempt-0/process_result.json,433,72dbb5017b75e69d4af15bb60183aeabeb5b88c00c1813c131457e1f0f86779c,e8ea8f3fda15ab81664829ea6f71fcb37f772ad613c13f61007856c16117791a,5e20a3f0504205e8d65b91033638c5af0909ed741212a04539dcfb37eda08fe2,FORMAL_PROSPECTIVE_SHADOW_COHORT_V1,SERVER_TASK_RECORD
50,formal-v1-trial-050-attempt-0,0,TASK_RECORD,formal-v1/trial-050/attempt-0/run/arm_activation.json,922,e64af96a13727b229ea3240c535e0204767521fb2dfc5d7a5e2ee52d62c76f59,e8ea8f3fda15ab81664829ea6f71fcb37f772ad613c13f61007856c16117791a,5e20a3f0504205e8d65b91033638c5af0909ed741212a04539dcfb37eda08fe2,FORMAL_PROSPECTIVE_SHADOW_COHORT_V1,SERVER_TASK_RECORD
50,formal-v1-trial-050-attempt-0,0,TASK_RECORD,formal-v1/trial-050/attempt-0/run/environment_identity.json,1129,6b71282f49306e3edee22425e4d971436b74d4fcff1a2007ce110a451738aebc,e8ea8f3fda15ab81664829ea6f71fcb37f772ad613c13f61007856c16117791a,5e20a3f0504205e8d65b91033638c5af0909ed741212a04539dcfb37eda08fe2,FORMAL_PROSPECTIVE_SHADOW_COHORT_V1,SERVER_TASK_RECORD
50,formal-v1-trial-050-attempt-0,0,RAW_JSONL,formal-v1/trial-050/attempt-0/run/instrumentation/instrumentation_health_log.jsonl,19180,d1e15253c55cc182642ec724691dad40186604ada009e7ef26600eca43437926,e8ea8f3fda15ab81664829ea6f71fcb37f772ad613c13f61007856c16117791a,5e20a3f0504205e8d65b91033638c5af0909ed741212a04539dcfb37eda08fe2,FORMAL_PROSPECTIVE_SHADOW_COHORT_V1,SERVER_ONLY_RAW
50,formal-v1-trial-050-attempt-0,0,TASK_RECORD,formal-v1/trial-050/attempt-0/run/instrumentation/map_authority_manifest.json,983,7c19db927e0a59f20cbd1edb905076e75f12562e341d6ec56d291423a356f586,e8ea8f3fda15ab81664829ea6f71fcb37f772ad613c13f61007856c16117791a,5e20a3f0504205e8d65b91033638c5af0909ed741212a04539dcfb37eda08fe2,FORMAL_PROSPECTIVE_SHADOW_COHORT_V1,SERVER_TASK_RECORD
50,formal-v1-trial-050-attempt-0,0,RAW_JSONL,formal-v1/trial-050/attempt-0/run/instrumentation/shadow_certificate_result_log.jsonl,53660,cb38c9b71950ce7ae648d42d41957e4780293d708ec13d415a6d4c9bbe1a7620,e8ea8f3fda15ab81664829ea6f71fcb37f772ad613c13f61007856c16117791a,5e20a3f0504205e8d65b91033638c5af0909ed741212a04539dcfb37eda08fe2,FORMAL_PROSPECTIVE_SHADOW_COHORT_V1,SERVER_ONLY_RAW
50,formal-v1-trial-050-attempt-0,0,RAW_JSONL,formal-v1/trial-050/attempt-0/run/instrumentation/step_capture_log.jsonl,97900,25462515103c1a619688a5810376c15fb0de09b296fbe400d4b535535075f1ab,e8ea8f3fda15ab81664829ea6f71fcb37f772ad613c13f61007856c16117791a,5e20a3f0504205e8d65b91033638c5af0909ed741212a04539dcfb37eda08fe2,FORMAL_PROSPECTIVE_SHADOW_COHORT_V1,SERVER_ONLY_RAW
50,formal-v1-trial-050-attempt-0,0,TASK_RECORD,formal-v1/trial-050/attempt-0/run/primary_trace.json,83215,373b9edeb49353cdefb45183236a9133f358e711e2dbcb93e79f67253bfea484,e8ea8f3fda15ab81664829ea6f71fcb37f772ad613c13f61007856c16117791a,5e20a3f0504205e8d65b91033638c5af0909ed741212a04539dcfb37eda08fe2,FORMAL_PROSPECTIVE_SHADOW_COHORT_V1,SERVER_TASK_RECORD
50,formal-v1-trial-050-attempt-0,0,TASK_RECORD,formal-v1/trial-050/attempt-0/run/run_metadata.json,840,e8b4072fc6ed5ef325ec306ab9e1167446cd0631b48db30bab395343be6784e2,e8ea8f3fda15ab81664829ea6f71fcb37f772ad613c13f61007856c16117791a,5e20a3f0504205e8d65b91033638c5af0909ed741212a04539dcfb37eda08fe2,FORMAL_PROSPECTIVE_SHADOW_COHORT_V1,SERVER_TASK_RECORD
50,formal-v1-trial-050-attempt-0,0,TASK_RECORD,formal-v1/trial-050/attempt-0/run/trajs/stonehenge_ball-to-ellipsoid.json,34049,f1b2f32238cde34fb010770a6ab50e65a34fdc938ed73f5a47e9f815cbe88925,e8ea8f3fda15ab81664829ea6f71fcb37f772ad613c13f61007856c16117791a,5e20a3f0504205e8d65b91033638c5af0909ed741212a04539dcfb37eda08fe2,FORMAL_PROSPECTIVE_SHADOW_COHORT_V1,SERVER_TASK_RECORD
50,formal-v1-trial-050-attempt-0,0,LOG,formal-v1/trial-050/attempt-0/stderr.log,3334,1775a7cd30b58b318c150ea70776910910da688366dfe262673e74030093a8e2,e8ea8f3fda15ab81664829ea6f71fcb37f772ad613c13f61007856c16117791a,5e20a3f0504205e8d65b91033638c5af0909ed741212a04539dcfb37eda08fe2,FORMAL_PROSPECTIVE_SHADOW_COHORT_V1,SERVER_ONLY_RAW
50,formal-v1-trial-050-attempt-0,0,LOG,formal-v1/trial-050/attempt-0/stdout.log,1493,437f5c81a773b68bb3f2f1d1286269ae449595cf829911e3f9b5e5b66e5bb16e,e8ea8f3fda15ab81664829ea6f71fcb37f772ad613c13f61007856c16117791a,5e20a3f0504205e8d65b91033638c5af0909ed741212a04539dcfb37eda08fe2,FORMAL_PROSPECTIVE_SHADOW_COHORT_V1,SERVER_ONLY_RAW
51,formal-v1-trial-051-attempt-0,0,TASK_RECORD,formal-v1/trial-051/attempt-0/formal_attempt_identity.json,839,3ff6355e0ec080cf23c2636c3efc799d5b563b544678374598a168ccfcdbaf15,e8ea8f3fda15ab81664829ea6f71fcb37f772ad613c13f61007856c16117791a,5e20a3f0504205e8d65b91033638c5af0909ed741212a04539dcfb37eda08fe2,FORMAL_PROSPECTIVE_SHADOW_COHORT_V1,SERVER_TASK_RECORD
51,formal-v1-trial-051-attempt-0,0,TASK_RECORD,formal-v1/trial-051/attempt-0/outcome_blind_qc.json,1211,1045c87d32277f4c8e22fa7de4edab0227c0877cf7edbd32c7d0511e63ae7833,e8ea8f3fda15ab81664829ea6f71fcb37f772ad613c13f61007856c16117791a,5e20a3f0504205e8d65b91033638c5af0909ed741212a04539dcfb37eda08fe2,FORMAL_PROSPECTIVE_SHADOW_COHORT_V1,SERVER_TASK_RECORD
51,formal-v1-trial-051-attempt-0,0,TASK_RECORD,formal-v1/trial-051/attempt-0/process_result.json,433,5a70a27adf924c321b0c9c4523bfe9f2bb3754cb3508dd2da7252f7e5428f56f,e8ea8f3fda15ab81664829ea6f71fcb37f772ad613c13f61007856c16117791a,5e20a3f0504205e8d65b91033638c5af0909ed741212a04539dcfb37eda08fe2,FORMAL_PROSPECTIVE_SHADOW_COHORT_V1,SERVER_TASK_RECORD
51,formal-v1-trial-051-attempt-0,0,TASK_RECORD,formal-v1/trial-051/attempt-0/run/arm_activation.json,923,4a9d43b87af13df7f4b4914b0809c8e638ca2394eca407e83a0820f3c193e8f4,e8ea8f3fda15ab81664829ea6f71fcb37f772ad613c13f61007856c16117791a,5e20a3f0504205e8d65b91033638c5af0909ed741212a04539dcfb37eda08fe2,FORMAL_PROSPECTIVE_SHADOW_COHORT_V1,SERVER_TASK_RECORD
51,formal-v1-trial-051-attempt-0,0,TASK_RECORD,formal-v1/trial-051/attempt-0/run/environment_identity.json,1129,fd28cbdb9569027e4247e6ea6fd948a5e38ecee6dcd480d8d80069b9a2f5a3c2,e8ea8f3fda15ab81664829ea6f71fcb37f772ad613c13f61007856c16117791a,5e20a3f0504205e8d65b91033638c5af0909ed741212a04539dcfb37eda08fe2,FORMAL_PROSPECTIVE_SHADOW_COHORT_V1,SERVER_TASK_RECORD
51,formal-v1-trial-051-attempt-0,0,RAW_JSONL,formal-v1/trial-051/attempt-0/run/instrumentation/instrumentation_health_log.jsonl,32620,41e1fb907ec8e030f07a742b0892cb2e1c8f338398354fd1ee3b4d28dc09728e,e8ea8f3fda15ab81664829ea6f71fcb37f772ad613c13f61007856c16117791a,5e20a3f0504205e8d65b91033638c5af0909ed741212a04539dcfb37eda08fe2,FORMAL_PROSPECTIVE_SHADOW_COHORT_V1,SERVER_ONLY_RAW
51,formal-v1-trial-051-attempt-0,0,TASK_RECORD,formal-v1/trial-051/attempt-0/run/instrumentation/map_authority_manifest.json,983,7c19db927e0a59f20cbd1edb905076e75f12562e341d6ec56d291423a356f586,e8ea8f3fda15ab81664829ea6f71fcb37f772ad613c13f61007856c16117791a,5e20a3f0504205e8d65b91033638c5af0909ed741212a04539dcfb37eda08fe2,FORMAL_PROSPECTIVE_SHADOW_COHORT_V1,SERVER_TASK_RECORD
51,formal-v1-trial-051-attempt-0,0,RAW_JSONL,formal-v1/trial-051/attempt-0/run/instrumentation/shadow_certificate_result_log.jsonl,91236,ba3b13d2dbf365b210cea1426f118527f907f3c630835f5a4f2dcba84a76a6db,e8ea8f3fda15ab81664829ea6f71fcb37f772ad613c13f61007856c16117791a,5e20a3f0504205e8d65b91033638c5af0909ed741212a04539dcfb37eda08fe2,FORMAL_PROSPECTIVE_SHADOW_COHORT_V1,SERVER_ONLY_RAW
51,formal-v1-trial-051-attempt-0,0,RAW_JSONL,formal-v1/trial-051/attempt-0/run/instrumentation/step_capture_log.jsonl,166412,4f58a23eb631e25f70591de5b2d563fd9ae044a97561047f8611db85bd064d77,e8ea8f3fda15ab81664829ea6f71fcb37f772ad613c13f61007856c16117791a,5e20a3f0504205e8d65b91033638c5af0909ed741212a04539dcfb37eda08fe2,FORMAL_PROSPECTIVE_SHADOW_COHORT_V1,SERVER_ONLY_RAW
51,formal-v1-trial-051-attempt-0,0,TASK_RECORD,formal-v1/trial-051/attempt-0/run/primary_trace.json,141116,251aaf26510626eda4ed311f20c2150e9077873ca4abad044805b1b13b07fb08,e8ea8f3fda15ab81664829ea6f71fcb37f772ad613c13f61007856c16117791a,5e20a3f0504205e8d65b91033638c5af0909ed741212a04539dcfb37eda08fe2,FORMAL_PROSPECTIVE_SHADOW_COHORT_V1,SERVER_TASK_RECORD
51,formal-v1-trial-051-attempt-0,0,TASK_RECORD,formal-v1/trial-051/attempt-0/run/run_metadata.json,840,59fba0510b2e2aa29ef114c3eaee2f4a9ffff3ed99ff7b86634e797140b0e9e8,e8ea8f3fda15ab81664829ea6f71fcb37f772ad613c13f61007856c16117791a,5e20a3f0504205e8d65b91033638c5af0909ed741212a04539dcfb37eda08fe2,FORMAL_PROSPECTIVE_SHADOW_COHORT_V1,SERVER_TASK_RECORD
51,formal-v1-trial-051-attempt-0,0,TASK_RECORD,formal-v1/trial-051/attempt-0/run/trajs/stonehenge_ball-to-ellipsoid.json,57189,d0799644687e6cb018d3555aaf2ed8d2bc4c20763f8d97bbb3b1492c76d2f276,e8ea8f3fda15ab81664829ea6f71fcb37f772ad613c13f61007856c16117791a,5e20a3f0504205e8d65b91033638c5af0909ed741212a04539dcfb37eda08fe2,FORMAL_PROSPECTIVE_SHADOW_COHORT_V1,SERVER_TASK_RECORD
51,formal-v1-trial-051-attempt-0,0,LOG,formal-v1/trial-051/attempt-0/stderr.log,5486,c4f317b33a0a9de13bca95a441e98018a5ba8cf76e3468b0fd897dc6db40248c,e8ea8f3fda15ab81664829ea6f71fcb37f772ad613c13f61007856c16117791a,5e20a3f0504205e8d65b91033638c5af0909ed741212a04539dcfb37eda08fe2,FORMAL_PROSPECTIVE_SHADOW_COHORT_V1,SERVER_ONLY_RAW
51,formal-v1-trial-051-attempt-0,0,LOG,formal-v1/trial-051/attempt-0/stdout.log,1490,c75e37370d5465dacf87f66a38d066680d49892d3e4b58eff8f358c01d6463af,e8ea8f3fda15ab81664829ea6f71fcb37f772ad613c13f61007856c16117791a,5e20a3f0504205e8d65b91033638c5af0909ed741212a04539dcfb37eda08fe2,FORMAL_PROSPECTIVE_SHADOW_COHORT_V1,SERVER_ONLY_RAW
52,formal-v1-trial-052-attempt-0,0,TASK_RECORD,formal-v1/trial-052/attempt-0/formal_attempt_identity.json,839,9bbe148baab09441273b69a758928ad0cd4ebadfcc72a14fc0c0a4429ec11813,e8ea8f3fda15ab81664829ea6f71fcb37f772ad613c13f61007856c16117791a,5e20a3f0504205e8d65b91033638c5af0909ed741212a04539dcfb37eda08fe2,FORMAL_PROSPECTIVE_SHADOW_COHORT_V1,SERVER_TASK_RECORD
52,formal-v1-trial-052-attempt-0,0,TASK_RECORD,formal-v1/trial-052/attempt-0/outcome_blind_qc.json,1211,d08703f26f0466032d119105224afa069d9f36b35e1d0f0f8c91749fe9f3a40a,e8ea8f3fda15ab81664829ea6f71fcb37f772ad613c13f61007856c16117791a,5e20a3f0504205e8d65b91033638c5af0909ed741212a04539dcfb37eda08fe2,FORMAL_PROSPECTIVE_SHADOW_COHORT_V1,SERVER_TASK_RECORD
52,formal-v1-trial-052-attempt-0,0,TASK_RECORD,formal-v1/trial-052/attempt-0/process_result.json,433,e039dfb0545d673b2aca1f32a161e1b7ebf33ca3d9686aabd5f1393d97fb34f1,e8ea8f3fda15ab81664829ea6f71fcb37f772ad613c13f61007856c16117791a,5e20a3f0504205e8d65b91033638c5af0909ed741212a04539dcfb37eda08fe2,FORMAL_PROSPECTIVE_SHADOW_COHORT_V1,SERVER_TASK_RECORD
52,formal-v1-trial-052-attempt-0,0,TASK_RECORD,formal-v1/trial-052/attempt-0/run/arm_activation.json,923,d4c32de532ed2f2974de947f57e7ee2f8b1c305248cd44b8a7149ad844dfe2a0,e8ea8f3fda15ab81664829ea6f71fcb37f772ad613c13f61007856c16117791a,5e20a3f0504205e8d65b91033638c5af0909ed741212a04539dcfb37eda08fe2,FORMAL_PROSPECTIVE_SHADOW_COHORT_V1,SERVER_TASK_RECORD
52,formal-v1-trial-052-attempt-0,0,TASK_RECORD,formal-v1/trial-052/attempt-0/run/environment_identity.json,1129,2711db668797d0e286aef91247596f463bea5fccb788b003835eae415fdfed19,e8ea8f3fda15ab81664829ea6f71fcb37f772ad613c13f61007856c16117791a,5e20a3f0504205e8d65b91033638c5af0909ed741212a04539dcfb37eda08fe2,FORMAL_PROSPECTIVE_SHADOW_COHORT_V1,SERVER_TASK_RECORD
52,formal-v1-trial-052-attempt-0,0,RAW_JSONL,formal-v1/trial-052/attempt-0/run/instrumentation/instrumentation_health_log.jsonl,43180,dc1f2dacdec86538f9f116dafd6931cfff1478ef97539d1a2317a8cd2e8388b0,e8ea8f3fda15ab81664829ea6f71fcb37f772ad613c13f61007856c16117791a,5e20a3f0504205e8d65b91033638c5af0909ed741212a04539dcfb37eda08fe2,FORMAL_PROSPECTIVE_SHADOW_COHORT_V1,SERVER_ONLY_RAW
52,formal-v1-trial-052-attempt-0,0,TASK_RECORD,formal-v1/trial-052/attempt-0/run/instrumentation/map_authority_manifest.json,983,7c19db927e0a59f20cbd1edb905076e75f12562e341d6ec56d291423a356f586,e8ea8f3fda15ab81664829ea6f71fcb37f772ad613c13f61007856c16117791a,5e20a3f0504205e8d65b91033638c5af0909ed741212a04539dcfb37eda08fe2,FORMAL_PROSPECTIVE_SHADOW_COHORT_V1,SERVER_TASK_RECORD
52,formal-v1-trial-052-attempt-0,0,RAW_JSONL,formal-v1/trial-052/attempt-0/run/instrumentation/shadow_certificate_result_log.jsonl,120760,8d69cf6bad2e899346c2fa408544d0bde1d262c66ab813b0b65b86c60b854cfd,e8ea8f3fda15ab81664829ea6f71fcb37f772ad613c13f61007856c16117791a,5e20a3f0504205e8d65b91033638c5af0909ed741212a04539dcfb37eda08fe2,FORMAL_PROSPECTIVE_SHADOW_COHORT_V1,SERVER_ONLY_RAW
52,formal-v1-trial-052-attempt-0,0,RAW_JSONL,formal-v1/trial-052/attempt-0/run/instrumentation/step_capture_log.jsonl,220176,81e17bb184224c6641366cab034ab33f548820a58d4ad7b04d1bce6d8ffc81da,e8ea8f3fda15ab81664829ea6f71fcb37f772ad613c13f61007856c16117791a,5e20a3f0504205e8d65b91033638c5af0909ed741212a04539dcfb37eda08fe2,FORMAL_PROSPECTIVE_SHADOW_COHORT_V1,SERVER_ONLY_RAW
52,formal-v1-trial-052-attempt-0,0,TASK_RECORD,formal-v1/trial-052/attempt-0/run/primary_trace.json,186449,d967538127e21cf6b62c29501257e7ce1aee7e40e462053ac34d15f3ddc4c871,e8ea8f3fda15ab81664829ea6f71fcb37f772ad613c13f61007856c16117791a,5e20a3f0504205e8d65b91033638c5af0909ed741212a04539dcfb37eda08fe2,FORMAL_PROSPECTIVE_SHADOW_COHORT_V1,SERVER_TASK_RECORD
52,formal-v1-trial-052-attempt-0,0,TASK_RECORD,formal-v1/trial-052/attempt-0/run/run_metadata.json,840,4d3cc55b8d086c697a4319adc401dbcfe6c64d67881727623d34413f411c4207,e8ea8f3fda15ab81664829ea6f71fcb37f772ad613c13f61007856c16117791a,5e20a3f0504205e8d65b91033638c5af0909ed741212a04539dcfb37eda08fe2,FORMAL_PROSPECTIVE_SHADOW_COHORT_V1,SERVER_TASK_RECORD
52,formal-v1-trial-052-attempt-0,0,TASK_RECORD,formal-v1/trial-052/attempt-0/run/trajs/stonehenge_ball-to-ellipsoid.json,75274,d65182591e0f2ef7448a71e21f61f4e66ce45d7542e3918078ea5b0f6442f1d5,e8ea8f3fda15ab81664829ea6f71fcb37f772ad613c13f61007856c16117791a,5e20a3f0504205e8d65b91033638c5af0909ed741212a04539dcfb37eda08fe2,FORMAL_PROSPECTIVE_SHADOW_COHORT_V1,SERVER_TASK_RECORD
52,formal-v1-trial-052-attempt-0,0,LOG,formal-v1/trial-052/attempt-0/stderr.log,7202,e1c8bd0d98dada508556c1daca95d64f6f03467c53d6e22e5ad6300dc6a4e29c,e8ea8f3fda15ab81664829ea6f71fcb37f772ad613c13f61007856c16117791a,5e20a3f0504205e8d65b91033638c5af0909ed741212a04539dcfb37eda08fe2,FORMAL_PROSPECTIVE_SHADOW_COHORT_V1,SERVER_ONLY_RAW
52,formal-v1-trial-052-attempt-0,0,LOG,formal-v1/trial-052/attempt-0/stdout.log,1493,857e22ef12de1b093bd7b014ca18947e6afef8e04406ff5002ef447ad727a2ce,e8ea8f3fda15ab81664829ea6f71fcb37f772ad613c13f61007856c16117791a,5e20a3f0504205e8d65b91033638c5af0909ed741212a04539dcfb37eda08fe2,FORMAL_PROSPECTIVE_SHADOW_COHORT_V1,SERVER_ONLY_RAW
53,formal-v1-trial-053-attempt-0,0,TASK_RECORD,formal-v1/trial-053/attempt-0/formal_attempt_identity.json,839,be398df0a65fc60a0a23a6965be26a9bc31b03462e1e31951cf6e6efe31fe24e,e8ea8f3fda15ab81664829ea6f71fcb37f772ad613c13f61007856c16117791a,5e20a3f0504205e8d65b91033638c5af0909ed741212a04539dcfb37eda08fe2,FORMAL_PROSPECTIVE_SHADOW_COHORT_V1,SERVER_TASK_RECORD
53,formal-v1-trial-053-attempt-0,0,TASK_RECORD,formal-v1/trial-053/attempt-0/outcome_blind_qc.json,1211,1198983432f16d2d098262f3ff9e6ccff77ef09a813021d398c279800a74bfd2,e8ea8f3fda15ab81664829ea6f71fcb37f772ad613c13f61007856c16117791a,5e20a3f0504205e8d65b91033638c5af0909ed741212a04539dcfb37eda08fe2,FORMAL_PROSPECTIVE_SHADOW_COHORT_V1,SERVER_TASK_RECORD
53,formal-v1-trial-053-attempt-0,0,TASK_RECORD,formal-v1/trial-053/attempt-0/process_result.json,433,22750dfbd1e87406543f463fa076370e0713c6774c12c3502bab81955dba7c86,e8ea8f3fda15ab81664829ea6f71fcb37f772ad613c13f61007856c16117791a,5e20a3f0504205e8d65b91033638c5af0909ed741212a04539dcfb37eda08fe2,FORMAL_PROSPECTIVE_SHADOW_COHORT_V1,SERVER_TASK_RECORD
53,formal-v1-trial-053-attempt-0,0,TASK_RECORD,formal-v1/trial-053/attempt-0/run/arm_activation.json,923,4fa4bce1d5b9caa40e9baafb34d23cc1e88e7ce08447c02c78f6d88a8e020fdf,e8ea8f3fda15ab81664829ea6f71fcb37f772ad613c13f61007856c16117791a,5e20a3f0504205e8d65b91033638c5af0909ed741212a04539dcfb37eda08fe2,FORMAL_PROSPECTIVE_SHADOW_COHORT_V1,SERVER_TASK_RECORD
53,formal-v1-trial-053-attempt-0,0,TASK_RECORD,formal-v1/trial-053/attempt-0/run/environment_identity.json,1129,c8238139ee23faf3c90f28ecfc96866d3c846aa7cf87c30fb188d8a05f4c5400,e8ea8f3fda15ab81664829ea6f71fcb37f772ad613c13f61007856c16117791a,5e20a3f0504205e8d65b91033638c5af0909ed741212a04539dcfb37eda08fe2,FORMAL_PROSPECTIVE_SHADOW_COHORT_V1,SERVER_TASK_RECORD
53,formal-v1-trial-053-attempt-0,0,RAW_JSONL,formal-v1/trial-053/attempt-0/run/instrumentation/instrumentation_health_log.jsonl,25420,295a8043a23af06e6a528f33744dfb3df18a37668fa5fc8f15b748aa390422d3,e8ea8f3fda15ab81664829ea6f71fcb37f772ad613c13f61007856c16117791a,5e20a3f0504205e8d65b91033638c5af0909ed741212a04539dcfb37eda08fe2,FORMAL_PROSPECTIVE_SHADOW_COHORT_V1,SERVER_ONLY_RAW
53,formal-v1-trial-053-attempt-0,0,TASK_RECORD,formal-v1/trial-053/attempt-0/run/instrumentation/map_authority_manifest.json,983,7c19db927e0a59f20cbd1edb905076e75f12562e341d6ec56d291423a356f586,e8ea8f3fda15ab81664829ea6f71fcb37f772ad613c13f61007856c16117791a,5e20a3f0504205e8d65b91033638c5af0909ed741212a04539dcfb37eda08fe2,FORMAL_PROSPECTIVE_SHADOW_COHORT_V1,SERVER_TASK_RECORD
53,formal-v1-trial-053-attempt-0,0,RAW_JSONL,formal-v1/trial-053/attempt-0/run/instrumentation/shadow_certificate_result_log.jsonl,71106,8c93777b99a16682be5f4fd96154ea04e6a28aa64ff6be53caf76f1bd36927d1,e8ea8f3fda15ab81664829ea6f71fcb37f772ad613c13f61007856c16117791a,5e20a3f0504205e8d65b91033638c5af0909ed741212a04539dcfb37eda08fe2,FORMAL_PROSPECTIVE_SHADOW_COHORT_V1,SERVER_ONLY_RAW
53,formal-v1-trial-053-attempt-0,0,RAW_JSONL,formal-v1/trial-053/attempt-0/run/instrumentation/step_capture_log.jsonl,129549,08f1329c31742e786d78ad6f12b45ae4db70c3dba780c341393804573156baef,e8ea8f3fda15ab81664829ea6f71fcb37f772ad613c13f61007856c16117791a,5e20a3f0504205e8d65b91033638c5af0909ed741212a04539dcfb37eda08fe2,FORMAL_PROSPECTIVE_SHADOW_COHORT_V1,SERVER_ONLY_RAW
53,formal-v1-trial-053-attempt-0,0,TASK_RECORD,formal-v1/trial-053/attempt-0/run/primary_trace.json,109834,2199f6a6569f5e09b64fb2c61714864a9aefe427f77c503b1963ab315913fd34,e8ea8f3fda15ab81664829ea6f71fcb37f772ad613c13f61007856c16117791a,5e20a3f0504205e8d65b91033638c5af0909ed741212a04539dcfb37eda08fe2,FORMAL_PROSPECTIVE_SHADOW_COHORT_V1,SERVER_TASK_RECORD
53,formal-v1-trial-053-attempt-0,0,TASK_RECORD,formal-v1/trial-053/attempt-0/run/run_metadata.json,840,d0f3d3bc0761b4aa1f3cb459e84411ec3f729c8318eab297026c8a560c6b2936,e8ea8f3fda15ab81664829ea6f71fcb37f772ad613c13f61007856c16117791a,5e20a3f0504205e8d65b91033638c5af0909ed741212a04539dcfb37eda08fe2,FORMAL_PROSPECTIVE_SHADOW_COHORT_V1,SERVER_TASK_RECORD
53,formal-v1-trial-053-attempt-0,0,TASK_RECORD,formal-v1/trial-053/attempt-0/run/trajs/stonehenge_ball-to-ellipsoid.json,44672,4b85844c847ae9b97d71e6226ea457b702ce25f4fccc07ef8e5fdfc05f72c572,e8ea8f3fda15ab81664829ea6f71fcb37f772ad613c13f61007856c16117791a,5e20a3f0504205e8d65b91033638c5af0909ed741212a04539dcfb37eda08fe2,FORMAL_PROSPECTIVE_SHADOW_COHORT_V1,SERVER_TASK_RECORD
53,formal-v1-trial-053-attempt-0,0,LOG,formal-v1/trial-053/attempt-0/stderr.log,4322,f1d268147cb984a971ac3e3ed8860f2497babb2dd5a29cfea9f194f32044368e,e8ea8f3fda15ab81664829ea6f71fcb37f772ad613c13f61007856c16117791a,5e20a3f0504205e8d65b91033638c5af0909ed741212a04539dcfb37eda08fe2,FORMAL_PROSPECTIVE_SHADOW_COHORT_V1,SERVER_ONLY_RAW
53,formal-v1-trial-053-attempt-0,0,LOG,formal-v1/trial-053/attempt-0/stdout.log,1493,6d40b017380e153c32f64b053b0b15281e2cbddab5fda7335dd48bb8a91e3d53,e8ea8f3fda15ab81664829ea6f71fcb37f772ad613c13f61007856c16117791a,5e20a3f0504205e8d65b91033638c5af0909ed741212a04539dcfb37eda08fe2,FORMAL_PROSPECTIVE_SHADOW_COHORT_V1,SERVER_ONLY_RAW
54,formal-v1-trial-054-attempt-0,0,TASK_RECORD,formal-v1/trial-054/attempt-0/formal_attempt_identity.json,839,2329c02469e500a11672fa5586b2b161f3bd38b30e45d2526db06d579da18cb7,e8ea8f3fda15ab81664829ea6f71fcb37f772ad613c13f61007856c16117791a,5e20a3f0504205e8d65b91033638c5af0909ed741212a04539dcfb37eda08fe2,FORMAL_PROSPECTIVE_SHADOW_COHORT_V1,SERVER_TASK_RECORD
54,formal-v1-trial-054-attempt-0,0,TASK_RECORD,formal-v1/trial-054/attempt-0/outcome_blind_qc.json,1211,d136a6ecbd642df138fdc013d68b8bbd2806ec7e0a88f49e434febb8c3ff3e30,e8ea8f3fda15ab81664829ea6f71fcb37f772ad613c13f61007856c16117791a,5e20a3f0504205e8d65b91033638c5af0909ed741212a04539dcfb37eda08fe2,FORMAL_PROSPECTIVE_SHADOW_COHORT_V1,SERVER_TASK_RECORD
54,formal-v1-trial-054-attempt-0,0,TASK_RECORD,formal-v1/trial-054/attempt-0/process_result.json,433,9d8633e15e1e63be7895089dad3585c2edfdf6a3c007a6c3d3b4eae37d542d99,e8ea8f3fda15ab81664829ea6f71fcb37f772ad613c13f61007856c16117791a,5e20a3f0504205e8d65b91033638c5af0909ed741212a04539dcfb37eda08fe2,FORMAL_PROSPECTIVE_SHADOW_COHORT_V1,SERVER_TASK_RECORD
54,formal-v1-trial-054-attempt-0,0,TASK_RECORD,formal-v1/trial-054/attempt-0/run/arm_activation.json,923,2cd7c339f2e2d3949a7801e2333d716aa4b7727d4c38203064488f9b3fd23d03,e8ea8f3fda15ab81664829ea6f71fcb37f772ad613c13f61007856c16117791a,5e20a3f0504205e8d65b91033638c5af0909ed741212a04539dcfb37eda08fe2,FORMAL_PROSPECTIVE_SHADOW_COHORT_V1,SERVER_TASK_RECORD
54,formal-v1-trial-054-attempt-0,0,TASK_RECORD,formal-v1/trial-054/attempt-0/run/environment_identity.json,1129,c311ff7adf0807e76e11a6fabc776384b1a97263c78e2b14742355baeda86647,e8ea8f3fda15ab81664829ea6f71fcb37f772ad613c13f61007856c16117791a,5e20a3f0504205e8d65b91033638c5af0909ed741212a04539dcfb37eda08fe2,FORMAL_PROSPECTIVE_SHADOW_COHORT_V1,SERVER_TASK_RECORD
54,formal-v1-trial-054-attempt-0,0,RAW_JSONL,formal-v1/trial-054/attempt-0/run/instrumentation/instrumentation_health_log.jsonl,35020,eae2e198529e405fdd80b1d8e0e46cf85c8a62cdae3b3e7f6135152efa09816c,e8ea8f3fda15ab81664829ea6f71fcb37f772ad613c13f61007856c16117791a,5e20a3f0504205e8d65b91033638c5af0909ed741212a04539dcfb37eda08fe2,FORMAL_PROSPECTIVE_SHADOW_COHORT_V1,SERVER_ONLY_RAW
54,formal-v1-trial-054-attempt-0,0,TASK_RECORD,formal-v1/trial-054/attempt-0/run/instrumentation/map_authority_manifest.json,983,7c19db927e0a59f20cbd1edb905076e75f12562e341d6ec56d291423a356f586,e8ea8f3fda15ab81664829ea6f71fcb37f772ad613c13f61007856c16117791a,5e20a3f0504205e8d65b91033638c5af0909ed741212a04539dcfb37eda08fe2,FORMAL_PROSPECTIVE_SHADOW_COHORT_V1,SERVER_TASK_RECORD
54,formal-v1-trial-054-attempt-0,0,RAW_JSONL,formal-v1/trial-054/attempt-0/run/instrumentation/shadow_certificate_result_log.jsonl,97946,a49c03696c208e24172ef6b716dcf8997b24c887f8568a2f72dde95fdce13818,e8ea8f3fda15ab81664829ea6f71fcb37f772ad613c13f61007856c16117791a,5e20a3f0504205e8d65b91033638c5af0909ed741212a04539dcfb37eda08fe2,FORMAL_PROSPECTIVE_SHADOW_COHORT_V1,SERVER_ONLY_RAW
54,formal-v1-trial-054-attempt-0,0,RAW_JSONL,formal-v1/trial-054/attempt-0/run/instrumentation/step_capture_log.jsonl,178646,274f570f1bce37b4d0cbfe963c36db828e21332efef38b7c68e1671da5244412,e8ea8f3fda15ab81664829ea6f71fcb37f772ad613c13f61007856c16117791a,5e20a3f0504205e8d65b91033638c5af0909ed741212a04539dcfb37eda08fe2,FORMAL_PROSPECTIVE_SHADOW_COHORT_V1,SERVER_ONLY_RAW
54,formal-v1-trial-054-attempt-0,0,TASK_RECORD,formal-v1/trial-054/attempt-0/run/primary_trace.json,151342,0a3352278c1258e382ce2920008f7d252ef7d49c732eaf3cab3336d59c966841,e8ea8f3fda15ab81664829ea6f71fcb37f772ad613c13f61007856c16117791a,5e20a3f0504205e8d65b91033638c5af0909ed741212a04539dcfb37eda08fe2,FORMAL_PROSPECTIVE_SHADOW_COHORT_V1,SERVER_TASK_RECORD
54,formal-v1-trial-054-attempt-0,0,TASK_RECORD,formal-v1/trial-054/attempt-0/run/run_metadata.json,840,52488351faed5ca9ede9c86bbc49c6f800fd284f1eb4e567149af1928686376c,e8ea8f3fda15ab81664829ea6f71fcb37f772ad613c13f61007856c16117791a,5e20a3f0504205e8d65b91033638c5af0909ed741212a04539dcfb37eda08fe2,FORMAL_PROSPECTIVE_SHADOW_COHORT_V1,SERVER_TASK_RECORD
54,formal-v1-trial-054-attempt-0,0,TASK_RECORD,formal-v1/trial-054/attempt-0/run/trajs/stonehenge_ball-to-ellipsoid.json,61331,144e1f5406103bac0fe3549ddf089fc6ccd29df9386b8d9dbdb8e567c5fc9295,e8ea8f3fda15ab81664829ea6f71fcb37f772ad613c13f61007856c16117791a,5e20a3f0504205e8d65b91033638c5af0909ed741212a04539dcfb37eda08fe2,FORMAL_PROSPECTIVE_SHADOW_COHORT_V1,SERVER_TASK_RECORD
54,formal-v1-trial-054-attempt-0,0,LOG,formal-v1/trial-054/attempt-0/stderr.log,5876,14bc09578aae47de99cdd59405fbfe046f6f95cc261047699d43c4a546a35192,e8ea8f3fda15ab81664829ea6f71fcb37f772ad613c13f61007856c16117791a,5e20a3f0504205e8d65b91033638c5af0909ed741212a04539dcfb37eda08fe2,FORMAL_PROSPECTIVE_SHADOW_COHORT_V1,SERVER_ONLY_RAW
54,formal-v1-trial-054-attempt-0,0,LOG,formal-v1/trial-054/attempt-0/stdout.log,1493,97a6ac48c596bcd1df0014411a72a3a58a0d89b11c148b7deb97d0c9f122dacb,e8ea8f3fda15ab81664829ea6f71fcb37f772ad613c13f61007856c16117791a,5e20a3f0504205e8d65b91033638c5af0909ed741212a04539dcfb37eda08fe2,FORMAL_PROSPECTIVE_SHADOW_COHORT_V1,SERVER_ONLY_RAW
55,formal-v1-trial-055-attempt-0,0,TASK_RECORD,formal-v1/trial-055/attempt-0/formal_attempt_identity.json,839,4967001be571c4b5851f43eef82e60bf7e3933315de1c5918d476613cf747c53,e8ea8f3fda15ab81664829ea6f71fcb37f772ad613c13f61007856c16117791a,5e20a3f0504205e8d65b91033638c5af0909ed741212a04539dcfb37eda08fe2,FORMAL_PROSPECTIVE_SHADOW_COHORT_V1,SERVER_TASK_RECORD
55,formal-v1-trial-055-attempt-0,0,TASK_RECORD,formal-v1/trial-055/attempt-0/outcome_blind_qc.json,1211,d6f17886c6bc60e0be7c534e485110005276e1841f5530d967ebd511be7b93b2,e8ea8f3fda15ab81664829ea6f71fcb37f772ad613c13f61007856c16117791a,5e20a3f0504205e8d65b91033638c5af0909ed741212a04539dcfb37eda08fe2,FORMAL_PROSPECTIVE_SHADOW_COHORT_V1,SERVER_TASK_RECORD
55,formal-v1-trial-055-attempt-0,0,TASK_RECORD,formal-v1/trial-055/attempt-0/process_result.json,433,a084ffad259ce1cdf6292e6c3efabb15945cc8aa4d8a53ed869b329e001c04fb,e8ea8f3fda15ab81664829ea6f71fcb37f772ad613c13f61007856c16117791a,5e20a3f0504205e8d65b91033638c5af0909ed741212a04539dcfb37eda08fe2,FORMAL_PROSPECTIVE_SHADOW_COHORT_V1,SERVER_TASK_RECORD
55,formal-v1-trial-055-attempt-0,0,TASK_RECORD,formal-v1/trial-055/attempt-0/run/arm_activation.json,922,1de310c5dba699183e6d00bd3add74fc2e492b50ab5dea4fc0798eb7cdfc8550,e8ea8f3fda15ab81664829ea6f71fcb37f772ad613c13f61007856c16117791a,5e20a3f0504205e8d65b91033638c5af0909ed741212a04539dcfb37eda08fe2,FORMAL_PROSPECTIVE_SHADOW_COHORT_V1,SERVER_TASK_RECORD
55,formal-v1-trial-055-attempt-0,0,TASK_RECORD,formal-v1/trial-055/attempt-0/run/environment_identity.json,1129,c390d5fcc17df5918fb84f1aaea48d80d33d4c59554810f0929232640535df05,e8ea8f3fda15ab81664829ea6f71fcb37f772ad613c13f61007856c16117791a,5e20a3f0504205e8d65b91033638c5af0909ed741212a04539dcfb37eda08fe2,FORMAL_PROSPECTIVE_SHADOW_COHORT_V1,SERVER_TASK_RECORD
55,formal-v1-trial-055-attempt-0,0,RAW_JSONL,formal-v1/trial-055/attempt-0/run/instrumentation/instrumentation_health_log.jsonl,19660,9ffcbcd2378b14ce7dbaaf2f8560ccff2adec8a5829a425741a58ce61d67a1c0,e8ea8f3fda15ab81664829ea6f71fcb37f772ad613c13f61007856c16117791a,5e20a3f0504205e8d65b91033638c5af0909ed741212a04539dcfb37eda08fe2,FORMAL_PROSPECTIVE_SHADOW_COHORT_V1,SERVER_ONLY_RAW
55,formal-v1-trial-055-attempt-0,0,TASK_RECORD,formal-v1/trial-055/attempt-0/run/instrumentation/map_authority_manifest.json,983,7c19db927e0a59f20cbd1edb905076e75f12562e341d6ec56d291423a356f586,e8ea8f3fda15ab81664829ea6f71fcb37f772ad613c13f61007856c16117791a,5e20a3f0504205e8d65b91033638c5af0909ed741212a04539dcfb37eda08fe2,FORMAL_PROSPECTIVE_SHADOW_COHORT_V1,SERVER_TASK_RECORD
55,formal-v1-trial-055-attempt-0,0,RAW_JSONL,formal-v1/trial-055/attempt-0/run/instrumentation/shadow_certificate_result_log.jsonl,55002,92ce54eb1b4e838c26ebd5104091b3b1b61ee584ff08cc7d606d48d25694a4de,e8ea8f3fda15ab81664829ea6f71fcb37f772ad613c13f61007856c16117791a,5e20a3f0504205e8d65b91033638c5af0909ed741212a04539dcfb37eda08fe2,FORMAL_PROSPECTIVE_SHADOW_COHORT_V1,SERVER_ONLY_RAW
55,formal-v1-trial-055-attempt-0,0,RAW_JSONL,formal-v1/trial-055/attempt-0/run/instrumentation/step_capture_log.jsonl,100172,9f8a23c15605ccb5c2b4856b718eced1a69b8106b7f70dd73bf29f65d33fc822,e8ea8f3fda15ab81664829ea6f71fcb37f772ad613c13f61007856c16117791a,5e20a3f0504205e8d65b91033638c5af0909ed741212a04539dcfb37eda08fe2,FORMAL_PROSPECTIVE_SHADOW_COHORT_V1,SERVER_ONLY_RAW
55,formal-v1-trial-055-attempt-0,0,TASK_RECORD,formal-v1/trial-055/attempt-0/run/primary_trace.json,85022,a5d542c710b9baa1be627e0daccb985280f90afdd4ece4d183a963ec120995ce,e8ea8f3fda15ab81664829ea6f71fcb37f772ad613c13f61007856c16117791a,5e20a3f0504205e8d65b91033638c5af0909ed741212a04539dcfb37eda08fe2,FORMAL_PROSPECTIVE_SHADOW_COHORT_V1,SERVER_TASK_RECORD
55,formal-v1-trial-055-attempt-0,0,TASK_RECORD,formal-v1/trial-055/attempt-0/run/run_metadata.json,840,431bc5f3d19e7d71453279d9328eaac11be277ed0c533a2e6af8cb3c1f7bc2b6,e8ea8f3fda15ab81664829ea6f71fcb37f772ad613c13f61007856c16117791a,5e20a3f0504205e8d65b91033638c5af0909ed741212a04539dcfb37eda08fe2,FORMAL_PROSPECTIVE_SHADOW_COHORT_V1,SERVER_TASK_RECORD
55,formal-v1-trial-055-attempt-0,0,TASK_RECORD,formal-v1/trial-055/attempt-0/run/trajs/stonehenge_ball-to-ellipsoid.json,34790,112f838caae8c128877fd72917268f7b447d6e5ea970d256b13a3ca5512eabba,e8ea8f3fda15ab81664829ea6f71fcb37f772ad613c13f61007856c16117791a,5e20a3f0504205e8d65b91033638c5af0909ed741212a04539dcfb37eda08fe2,FORMAL_PROSPECTIVE_SHADOW_COHORT_V1,SERVER_TASK_RECORD
55,formal-v1-trial-055-attempt-0,0,LOG,formal-v1/trial-055/attempt-0/stderr.log,3410,313dfe574109486a07daee012a9728e5819dbd1590c77170ea0acb7f2ad68492,e8ea8f3fda15ab81664829ea6f71fcb37f772ad613c13f61007856c16117791a,5e20a3f0504205e8d65b91033638c5af0909ed741212a04539dcfb37eda08fe2,FORMAL_PROSPECTIVE_SHADOW_COHORT_V1,SERVER_ONLY_RAW
55,formal-v1-trial-055-attempt-0,0,LOG,formal-v1/trial-055/attempt-0/stdout.log,1493,8b24baadb4e7a288bc6dc03416bf974ff28a295a1cce14c5b3127bc3d16d1753,e8ea8f3fda15ab81664829ea6f71fcb37f772ad613c13f61007856c16117791a,5e20a3f0504205e8d65b91033638c5af0909ed741212a04539dcfb37eda08fe2,FORMAL_PROSPECTIVE_SHADOW_COHORT_V1,SERVER_ONLY_RAW
56,formal-v1-trial-056-attempt-0,0,TASK_RECORD,formal-v1/trial-056/attempt-0/formal_attempt_identity.json,839,c56ab65169a8c79d87307d3d40d2faa170607cbd442c203b7fe753d92378fd6d,e8ea8f3fda15ab81664829ea6f71fcb37f772ad613c13f61007856c16117791a,5e20a3f0504205e8d65b91033638c5af0909ed741212a04539dcfb37eda08fe2,FORMAL_PROSPECTIVE_SHADOW_COHORT_V1,SERVER_TASK_RECORD
56,formal-v1-trial-056-attempt-0,0,TASK_RECORD,formal-v1/trial-056/attempt-0/outcome_blind_qc.json,1211,3b75e1e29eb2d209c314b2caf6c9a37c84f249abf50fca90f8615b120d78636b,e8ea8f3fda15ab81664829ea6f71fcb37f772ad613c13f61007856c16117791a,5e20a3f0504205e8d65b91033638c5af0909ed741212a04539dcfb37eda08fe2,FORMAL_PROSPECTIVE_SHADOW_COHORT_V1,SERVER_TASK_RECORD
56,formal-v1-trial-056-attempt-0,0,TASK_RECORD,formal-v1/trial-056/attempt-0/process_result.json,433,dd0c348afacb12f988273301dfdeb1ef1bfcc27840cb6e050cc4bdc307301321,e8ea8f3fda15ab81664829ea6f71fcb37f772ad613c13f61007856c16117791a,5e20a3f0504205e8d65b91033638c5af0909ed741212a04539dcfb37eda08fe2,FORMAL_PROSPECTIVE_SHADOW_COHORT_V1,SERVER_TASK_RECORD
56,formal-v1-trial-056-attempt-0,0,TASK_RECORD,formal-v1/trial-056/attempt-0/run/arm_activation.json,923,f9495531e35e41ce0244efc7dc8d87b5e6fafc5497e0f78f68d6e0b092f1e0fe,e8ea8f3fda15ab81664829ea6f71fcb37f772ad613c13f61007856c16117791a,5e20a3f0504205e8d65b91033638c5af0909ed741212a04539dcfb37eda08fe2,FORMAL_PROSPECTIVE_SHADOW_COHORT_V1,SERVER_TASK_RECORD
56,formal-v1-trial-056-attempt-0,0,TASK_RECORD,formal-v1/trial-056/attempt-0/run/environment_identity.json,1129,16bd3e84fe18d8b8acd284935a70cdbc1c32666b6492a94aff9d28459ce5639d,e8ea8f3fda15ab81664829ea6f71fcb37f772ad613c13f61007856c16117791a,5e20a3f0504205e8d65b91033638c5af0909ed741212a04539dcfb37eda08fe2,FORMAL_PROSPECTIVE_SHADOW_COHORT_V1,SERVER_TASK_RECORD
56,formal-v1-trial-056-attempt-0,0,RAW_JSONL,formal-v1/trial-056/attempt-0/run/instrumentation/instrumentation_health_log.jsonl,27820,8918d1351c6b95fdca7454f59f72646bb988dca25aba42032ca762d9082996cb,e8ea8f3fda15ab81664829ea6f71fcb37f772ad613c13f61007856c16117791a,5e20a3f0504205e8d65b91033638c5af0909ed741212a04539dcfb37eda08fe2,FORMAL_PROSPECTIVE_SHADOW_COHORT_V1,SERVER_ONLY_RAW
56,formal-v1-trial-056-attempt-0,0,TASK_RECORD,formal-v1/trial-056/attempt-0/run/instrumentation/map_authority_manifest.json,983,7c19db927e0a59f20cbd1edb905076e75f12562e341d6ec56d291423a356f586,e8ea8f3fda15ab81664829ea6f71fcb37f772ad613c13f61007856c16117791a,5e20a3f0504205e8d65b91033638c5af0909ed741212a04539dcfb37eda08fe2,FORMAL_PROSPECTIVE_SHADOW_COHORT_V1,SERVER_TASK_RECORD
56,formal-v1-trial-056-attempt-0,0,RAW_JSONL,formal-v1/trial-056/attempt-0/run/instrumentation/shadow_certificate_result_log.jsonl,77816,5351b18dd306e4de79b7bcace22a38e6bcd463f516ba08518d160c8faebee3f4,e8ea8f3fda15ab81664829ea6f71fcb37f772ad613c13f61007856c16117791a,5e20a3f0504205e8d65b91033638c5af0909ed741212a04539dcfb37eda08fe2,FORMAL_PROSPECTIVE_SHADOW_COHORT_V1,SERVER_ONLY_RAW
56,formal-v1-trial-056-attempt-0,0,RAW_JSONL,formal-v1/trial-056/attempt-0/run/instrumentation/step_capture_log.jsonl,141781,6316acd37374e31b0749f6af08531d16c4723a233849b8592abdb818c5690fc8,e8ea8f3fda15ab81664829ea6f71fcb37f772ad613c13f61007856c16117791a,5e20a3f0504205e8d65b91033638c5af0909ed741212a04539dcfb37eda08fe2,FORMAL_PROSPECTIVE_SHADOW_COHORT_V1,SERVER_ONLY_RAW
56,formal-v1-trial-056-attempt-0,0,TASK_RECORD,formal-v1/trial-056/attempt-0/run/primary_trace.json,120120,1ce6baeec08adfaacfb2662012188b7e8a88bc765699c4177bf3f89456721ac1,e8ea8f3fda15ab81664829ea6f71fcb37f772ad613c13f61007856c16117791a,5e20a3f0504205e8d65b91033638c5af0909ed741212a04539dcfb37eda08fe2,FORMAL_PROSPECTIVE_SHADOW_COHORT_V1,SERVER_TASK_RECORD
56,formal-v1-trial-056-attempt-0,0,TASK_RECORD,formal-v1/trial-056/attempt-0/run/run_metadata.json,840,45438ba41ff3eb42d0b9816502d8f00cac344a173febdc1789bae3316f0bf7e2,e8ea8f3fda15ab81664829ea6f71fcb37f772ad613c13f61007856c16117791a,5e20a3f0504205e8d65b91033638c5af0909ed741212a04539dcfb37eda08fe2,FORMAL_PROSPECTIVE_SHADOW_COHORT_V1,SERVER_TASK_RECORD
56,formal-v1-trial-056-attempt-0,0,TASK_RECORD,formal-v1/trial-056/attempt-0/run/trajs/stonehenge_ball-to-ellipsoid.json,48853,cb6ba0d1006041727e4e71eda7c6cca098a3b05e09da9c1e8a917283a8f1928f,e8ea8f3fda15ab81664829ea6f71fcb37f772ad613c13f61007856c16117791a,5e20a3f0504205e8d65b91033638c5af0909ed741212a04539dcfb37eda08fe2,FORMAL_PROSPECTIVE_SHADOW_COHORT_V1,SERVER_TASK_RECORD
56,formal-v1-trial-056-attempt-0,0,LOG,formal-v1/trial-056/attempt-0/stderr.log,4706,8af87dbb8523b4a21c3ce94bbc32b3c511c1db810fb71f5b0c820a6796f0f6f3,e8ea8f3fda15ab81664829ea6f71fcb37f772ad613c13f61007856c16117791a,5e20a3f0504205e8d65b91033638c5af0909ed741212a04539dcfb37eda08fe2,FORMAL_PROSPECTIVE_SHADOW_COHORT_V1,SERVER_ONLY_RAW
56,formal-v1-trial-056-attempt-0,0,LOG,formal-v1/trial-056/attempt-0/stdout.log,1492,25e5ce3bec035d2f535b163f11ffe07ceac0287bf59cae1859d682b8d23ce1df,e8ea8f3fda15ab81664829ea6f71fcb37f772ad613c13f61007856c16117791a,5e20a3f0504205e8d65b91033638c5af0909ed741212a04539dcfb37eda08fe2,FORMAL_PROSPECTIVE_SHADOW_COHORT_V1,SERVER_ONLY_RAW
57,formal-v1-trial-057-attempt-0,0,TASK_RECORD,formal-v1/trial-057/attempt-0/formal_attempt_identity.json,839,c4b060dd9bc7c8da302f97c67525e7daa2d1702ebc11b106da0a063f68076fac,e8ea8f3fda15ab81664829ea6f71fcb37f772ad613c13f61007856c16117791a,5e20a3f0504205e8d65b91033638c5af0909ed741212a04539dcfb37eda08fe2,FORMAL_PROSPECTIVE_SHADOW_COHORT_V1,SERVER_TASK_RECORD
57,formal-v1-trial-057-attempt-0,0,TASK_RECORD,formal-v1/trial-057/attempt-0/outcome_blind_qc.json,1211,5e77e08fe9aa5ebc1fc89f4ba92f86b6fe7fceffbb8e4417527dd3ffa219ecad,e8ea8f3fda15ab81664829ea6f71fcb37f772ad613c13f61007856c16117791a,5e20a3f0504205e8d65b91033638c5af0909ed741212a04539dcfb37eda08fe2,FORMAL_PROSPECTIVE_SHADOW_COHORT_V1,SERVER_TASK_RECORD
57,formal-v1-trial-057-attempt-0,0,TASK_RECORD,formal-v1/trial-057/attempt-0/process_result.json,433,8d35edba6520b852f7715b41d9f08840262046d02c711d0e5882386b27c1e6ca,e8ea8f3fda15ab81664829ea6f71fcb37f772ad613c13f61007856c16117791a,5e20a3f0504205e8d65b91033638c5af0909ed741212a04539dcfb37eda08fe2,FORMAL_PROSPECTIVE_SHADOW_COHORT_V1,SERVER_TASK_RECORD
57,formal-v1-trial-057-attempt-0,0,TASK_RECORD,formal-v1/trial-057/attempt-0/run/arm_activation.json,922,b6626f3a7882116eae0ab8d1a388b588eece7d9f2e616e3e5cb50fa7e15bb8a3,e8ea8f3fda15ab81664829ea6f71fcb37f772ad613c13f61007856c16117791a,5e20a3f0504205e8d65b91033638c5af0909ed741212a04539dcfb37eda08fe2,FORMAL_PROSPECTIVE_SHADOW_COHORT_V1,SERVER_TASK_RECORD
57,formal-v1-trial-057-attempt-0,0,TASK_RECORD,formal-v1/trial-057/attempt-0/run/environment_identity.json,1129,8a9800afb19518a97be56f1549c3f6fc6e126e340e4d91fe0cfa7753a605a774,e8ea8f3fda15ab81664829ea6f71fcb37f772ad613c13f61007856c16117791a,5e20a3f0504205e8d65b91033638c5af0909ed741212a04539dcfb37eda08fe2,FORMAL_PROSPECTIVE_SHADOW_COHORT_V1,SERVER_TASK_RECORD
57,formal-v1-trial-057-attempt-0,0,RAW_JSONL,formal-v1/trial-057/attempt-0/run/instrumentation/instrumentation_health_log.jsonl,18220,91d1f345baea390331dfc0f07235f69f3b70871ae8551b8c9fd9e3fdc6fd9e35,e8ea8f3fda15ab81664829ea6f71fcb37f772ad613c13f61007856c16117791a,5e20a3f0504205e8d65b91033638c5af0909ed741212a04539dcfb37eda08fe2,FORMAL_PROSPECTIVE_SHADOW_COHORT_V1,SERVER_ONLY_RAW
57,formal-v1-trial-057-attempt-0,0,TASK_RECORD,formal-v1/trial-057/attempt-0/run/instrumentation/map_authority_manifest.json,983,7c19db927e0a59f20cbd1edb905076e75f12562e341d6ec56d291423a356f586,e8ea8f3fda15ab81664829ea6f71fcb37f772ad613c13f61007856c16117791a,5e20a3f0504205e8d65b91033638c5af0909ed741212a04539dcfb37eda08fe2,FORMAL_PROSPECTIVE_SHADOW_COHORT_V1,SERVER_TASK_RECORD
57,formal-v1-trial-057-attempt-0,0,RAW_JSONL,formal-v1/trial-057/attempt-0/run/instrumentation/shadow_certificate_result_log.jsonl,50976,9272aa8d42c90a33b7c97210003031a0f2386db43d693fce485932f8b629eb25,e8ea8f3fda15ab81664829ea6f71fcb37f772ad613c13f61007856c16117791a,5e20a3f0504205e8d65b91033638c5af0909ed741212a04539dcfb37eda08fe2,FORMAL_PROSPECTIVE_SHADOW_COHORT_V1,SERVER_ONLY_RAW
57,formal-v1-trial-057-attempt-0,0,RAW_JSONL,formal-v1/trial-057/attempt-0/run/instrumentation/step_capture_log.jsonl,92750,fd8b8b57314713fc5f36ec1cad72d1058b56f61c0ccc5883efa961f33a92f426,e8ea8f3fda15ab81664829ea6f71fcb37f772ad613c13f61007856c16117791a,5e20a3f0504205e8d65b91033638c5af0909ed741212a04539dcfb37eda08fe2,FORMAL_PROSPECTIVE_SHADOW_COHORT_V1,SERVER_ONLY_RAW
57,formal-v1-trial-057-attempt-0,0,TASK_RECORD,formal-v1/trial-057/attempt-0/run/primary_trace.json,78670,57c8939d207f41e8552dbfc52cb5048eee62dae4f9fcb94c5064b12d82275ce5,e8ea8f3fda15ab81664829ea6f71fcb37f772ad613c13f61007856c16117791a,5e20a3f0504205e8d65b91033638c5af0909ed741212a04539dcfb37eda08fe2,FORMAL_PROSPECTIVE_SHADOW_COHORT_V1,SERVER_TASK_RECORD
57,formal-v1-trial-057-attempt-0,0,TASK_RECORD,formal-v1/trial-057/attempt-0/run/run_metadata.json,840,b1b020275e29133693ee7ff9c0d270b40a22b8823d31505d4d55581e9f5f5503,e8ea8f3fda15ab81664829ea6f71fcb37f772ad613c13f61007856c16117791a,5e20a3f0504205e8d65b91033638c5af0909ed741212a04539dcfb37eda08fe2,FORMAL_PROSPECTIVE_SHADOW_COHORT_V1,SERVER_TASK_RECORD
57,formal-v1-trial-057-attempt-0,0,TASK_RECORD,formal-v1/trial-057/attempt-0/run/trajs/stonehenge_ball-to-ellipsoid.json,32244,f508c1a87439e6ab3446e9c5b74eb96d3ec4bead27532be58f1aab266161ef7a,e8ea8f3fda15ab81664829ea6f71fcb37f772ad613c13f61007856c16117791a,5e20a3f0504205e8d65b91033638c5af0909ed741212a04539dcfb37eda08fe2,FORMAL_PROSPECTIVE_SHADOW_COHORT_V1,SERVER_TASK_RECORD
57,formal-v1-trial-057-attempt-0,0,LOG,formal-v1/trial-057/attempt-0/stderr.log,3182,35378225eb9df2e50852a81d76720873df20256ae3935b2a5ec1226557175060,e8ea8f3fda15ab81664829ea6f71fcb37f772ad613c13f61007856c16117791a,5e20a3f0504205e8d65b91033638c5af0909ed741212a04539dcfb37eda08fe2,FORMAL_PROSPECTIVE_SHADOW_COHORT_V1,SERVER_ONLY_RAW
57,formal-v1-trial-057-attempt-0,0,LOG,formal-v1/trial-057/attempt-0/stdout.log,1493,c6943536285b511417df9ce1de39f42505094c6fdfc23430f6654dd9fa352da4,e8ea8f3fda15ab81664829ea6f71fcb37f772ad613c13f61007856c16117791a,5e20a3f0504205e8d65b91033638c5af0909ed741212a04539dcfb37eda08fe2,FORMAL_PROSPECTIVE_SHADOW_COHORT_V1,SERVER_ONLY_RAW
58,formal-v1-trial-058-attempt-0,0,TASK_RECORD,formal-v1/trial-058/attempt-0/formal_attempt_identity.json,839,ae528482b46bc02bd9440fd905be83ac106328be7fb9bc40b12643c0c030fd46,e8ea8f3fda15ab81664829ea6f71fcb37f772ad613c13f61007856c16117791a,5e20a3f0504205e8d65b91033638c5af0909ed741212a04539dcfb37eda08fe2,FORMAL_PROSPECTIVE_SHADOW_COHORT_V1,SERVER_TASK_RECORD
58,formal-v1-trial-058-attempt-0,0,TASK_RECORD,formal-v1/trial-058/attempt-0/outcome_blind_qc.json,1211,0386710878931298e4978dab1ea15fec08d21db88781d210e2db6c5f2268f364,e8ea8f3fda15ab81664829ea6f71fcb37f772ad613c13f61007856c16117791a,5e20a3f0504205e8d65b91033638c5af0909ed741212a04539dcfb37eda08fe2,FORMAL_PROSPECTIVE_SHADOW_COHORT_V1,SERVER_TASK_RECORD
58,formal-v1-trial-058-attempt-0,0,TASK_RECORD,formal-v1/trial-058/attempt-0/process_result.json,433,3fb3a5d08b6429799081c4e1f2ea38e9a31b73d1de0aa00e95b29636ba0ab219,e8ea8f3fda15ab81664829ea6f71fcb37f772ad613c13f61007856c16117791a,5e20a3f0504205e8d65b91033638c5af0909ed741212a04539dcfb37eda08fe2,FORMAL_PROSPECTIVE_SHADOW_COHORT_V1,SERVER_TASK_RECORD
58,formal-v1-trial-058-attempt-0,0,TASK_RECORD,formal-v1/trial-058/attempt-0/run/arm_activation.json,922,4feb187e934541aaacf8e0d5e9097b985538276287460361c9b25a79e6a64645,e8ea8f3fda15ab81664829ea6f71fcb37f772ad613c13f61007856c16117791a,5e20a3f0504205e8d65b91033638c5af0909ed741212a04539dcfb37eda08fe2,FORMAL_PROSPECTIVE_SHADOW_COHORT_V1,SERVER_TASK_RECORD
58,formal-v1-trial-058-attempt-0,0,TASK_RECORD,formal-v1/trial-058/attempt-0/run/environment_identity.json,1129,9fd35d9dd0055fc97d75646ac62416bb0dfffea63c7ddc97691f723c7627af6c,e8ea8f3fda15ab81664829ea6f71fcb37f772ad613c13f61007856c16117791a,5e20a3f0504205e8d65b91033638c5af0909ed741212a04539dcfb37eda08fe2,FORMAL_PROSPECTIVE_SHADOW_COHORT_V1,SERVER_TASK_RECORD
58,formal-v1-trial-058-attempt-0,0,RAW_JSONL,formal-v1/trial-058/attempt-0/run/instrumentation/instrumentation_health_log.jsonl,18700,67c310c9cf47601d91551ca6e300c18852736a098b8f06c898f750032a882fc4,e8ea8f3fda15ab81664829ea6f71fcb37f772ad613c13f61007856c16117791a,5e20a3f0504205e8d65b91033638c5af0909ed741212a04539dcfb37eda08fe2,FORMAL_PROSPECTIVE_SHADOW_COHORT_V1,SERVER_ONLY_RAW
58,formal-v1-trial-058-attempt-0,0,TASK_RECORD,formal-v1/trial-058/attempt-0/run/instrumentation/map_authority_manifest.json,983,7c19db927e0a59f20cbd1edb905076e75f12562e341d6ec56d291423a356f586,e8ea8f3fda15ab81664829ea6f71fcb37f772ad613c13f61007856c16117791a,5e20a3f0504205e8d65b91033638c5af0909ed741212a04539dcfb37eda08fe2,FORMAL_PROSPECTIVE_SHADOW_COHORT_V1,SERVER_TASK_RECORD
58,formal-v1-trial-058-attempt-0,0,RAW_JSONL,formal-v1/trial-058/attempt-0/run/instrumentation/shadow_certificate_result_log.jsonl,52318,83417a09485c549091c619341abc88e0544524efd5915b139db5b82b6020b3a8,e8ea8f3fda15ab81664829ea6f71fcb37f772ad613c13f61007856c16117791a,5e20a3f0504205e8d65b91033638c5af0909ed741212a04539dcfb37eda08fe2,FORMAL_PROSPECTIVE_SHADOW_COHORT_V1,SERVER_ONLY_RAW
58,formal-v1-trial-058-attempt-0,0,RAW_JSONL,formal-v1/trial-058/attempt-0/run/instrumentation/step_capture_log.jsonl,95189,bf06d93e7ecb897a62d750b61acad50b4647a7fa14bea5283bcca9a08381eec5,e8ea8f3fda15ab81664829ea6f71fcb37f772ad613c13f61007856c16117791a,5e20a3f0504205e8d65b91033638c5af0909ed741212a04539dcfb37eda08fe2,FORMAL_PROSPECTIVE_SHADOW_COHORT_V1,SERVER_ONLY_RAW
58,formal-v1-trial-058-attempt-0,0,TASK_RECORD,formal-v1/trial-058/attempt-0/run/primary_trace.json,80672,47727f8def71e8e8a0068b62ed1c6bac1132523eae8622328b61c800bc99aaba,e8ea8f3fda15ab81664829ea6f71fcb37f772ad613c13f61007856c16117791a,5e20a3f0504205e8d65b91033638c5af0909ed741212a04539dcfb37eda08fe2,FORMAL_PROSPECTIVE_SHADOW_COHORT_V1,SERVER_TASK_RECORD
58,formal-v1-trial-058-attempt-0,0,TASK_RECORD,formal-v1/trial-058/attempt-0/run/run_metadata.json,840,75b5533c4f70dedb41de47f1ffbd1745ede69f8d393a6f1f20464792da3599fa,e8ea8f3fda15ab81664829ea6f71fcb37f772ad613c13f61007856c16117791a,5e20a3f0504205e8d65b91033638c5af0909ed741212a04539dcfb37eda08fe2,FORMAL_PROSPECTIVE_SHADOW_COHORT_V1,SERVER_TASK_RECORD
58,formal-v1-trial-058-attempt-0,0,TASK_RECORD,formal-v1/trial-058/attempt-0/run/trajs/stonehenge_ball-to-ellipsoid.json,33065,e42b0bddae867b87bbbffb7e69aa6e29d8b7eed31541035078f6e3509e218dcd,e8ea8f3fda15ab81664829ea6f71fcb37f772ad613c13f61007856c16117791a,5e20a3f0504205e8d65b91033638c5af0909ed741212a04539dcfb37eda08fe2,FORMAL_PROSPECTIVE_SHADOW_COHORT_V1,SERVER_TASK_RECORD
58,formal-v1-trial-058-attempt-0,0,LOG,formal-v1/trial-058/attempt-0/stderr.log,3258,277c4077d60506658fe88ab47aefbe294ebd2772a41dc7ae8e2741db24869b45,e8ea8f3fda15ab81664829ea6f71fcb37f772ad613c13f61007856c16117791a,5e20a3f0504205e8d65b91033638c5af0909ed741212a04539dcfb37eda08fe2,FORMAL_PROSPECTIVE_SHADOW_COHORT_V1,SERVER_ONLY_RAW
58,formal-v1-trial-058-attempt-0,0,LOG,formal-v1/trial-058/attempt-0/stdout.log,1493,e238e7fe40525a1d493cfe9f539360124a26e5559741e17a7d6941daaadbf2b1,e8ea8f3fda15ab81664829ea6f71fcb37f772ad613c13f61007856c16117791a,5e20a3f0504205e8d65b91033638c5af0909ed741212a04539dcfb37eda08fe2,FORMAL_PROSPECTIVE_SHADOW_COHORT_V1,SERVER_ONLY_RAW
59,formal-v1-trial-059-attempt-0,0,TASK_RECORD,formal-v1/trial-059/attempt-0/formal_attempt_identity.json,839,a94c34e6b773dee991a08e763725437d4f82db0b06e392ea980fe360cfb563f1,e8ea8f3fda15ab81664829ea6f71fcb37f772ad613c13f61007856c16117791a,5e20a3f0504205e8d65b91033638c5af0909ed741212a04539dcfb37eda08fe2,FORMAL_PROSPECTIVE_SHADOW_COHORT_V1,SERVER_TASK_RECORD
59,formal-v1-trial-059-attempt-0,0,TASK_RECORD,formal-v1/trial-059/attempt-0/outcome_blind_qc.json,1211,91f5f5ab3cbe703539e7a6c77b744f9e07110c68fef00aaefc74dbbb9027509c,e8ea8f3fda15ab81664829ea6f71fcb37f772ad613c13f61007856c16117791a,5e20a3f0504205e8d65b91033638c5af0909ed741212a04539dcfb37eda08fe2,FORMAL_PROSPECTIVE_SHADOW_COHORT_V1,SERVER_TASK_RECORD
59,formal-v1-trial-059-attempt-0,0,TASK_RECORD,formal-v1/trial-059/attempt-0/process_result.json,433,fc409590b773fd0818e0afe0475f054b426d2fa36ec16f786d592b8c50643f4a,e8ea8f3fda15ab81664829ea6f71fcb37f772ad613c13f61007856c16117791a,5e20a3f0504205e8d65b91033638c5af0909ed741212a04539dcfb37eda08fe2,FORMAL_PROSPECTIVE_SHADOW_COHORT_V1,SERVER_TASK_RECORD
59,formal-v1-trial-059-attempt-0,0,TASK_RECORD,formal-v1/trial-059/attempt-0/run/arm_activation.json,922,f73738b3ab6810a652fc30d370f85453c1b4d559db1897636d5bf1faee5484df,e8ea8f3fda15ab81664829ea6f71fcb37f772ad613c13f61007856c16117791a,5e20a3f0504205e8d65b91033638c5af0909ed741212a04539dcfb37eda08fe2,FORMAL_PROSPECTIVE_SHADOW_COHORT_V1,SERVER_TASK_RECORD
59,formal-v1-trial-059-attempt-0,0,TASK_RECORD,formal-v1/trial-059/attempt-0/run/environment_identity.json,1129,cc959a129d403b920e27649aa6b9da7ff1d2c1fb73970be5fcab4293ad8b8256,e8ea8f3fda15ab81664829ea6f71fcb37f772ad613c13f61007856c16117791a,5e20a3f0504205e8d65b91033638c5af0909ed741212a04539dcfb37eda08fe2,FORMAL_PROSPECTIVE_SHADOW_COHORT_V1,SERVER_TASK_RECORD
59,formal-v1-trial-059-attempt-0,0,RAW_JSONL,formal-v1/trial-059/attempt-0/run/instrumentation/instrumentation_health_log.jsonl,16300,8561c1fde82a5fff3242b05570dc03a17cf7c1eee0c3cae99763863bf8b0584e,e8ea8f3fda15ab81664829ea6f71fcb37f772ad613c13f61007856c16117791a,5e20a3f0504205e8d65b91033638c5af0909ed741212a04539dcfb37eda08fe2,FORMAL_PROSPECTIVE_SHADOW_COHORT_V1,SERVER_ONLY_RAW
59,formal-v1-trial-059-attempt-0,0,TASK_RECORD,formal-v1/trial-059/attempt-0/run/instrumentation/map_authority_manifest.json,983,7c19db927e0a59f20cbd1edb905076e75f12562e341d6ec56d291423a356f586,e8ea8f3fda15ab81664829ea6f71fcb37f772ad613c13f61007856c16117791a,5e20a3f0504205e8d65b91033638c5af0909ed741212a04539dcfb37eda08fe2,FORMAL_PROSPECTIVE_SHADOW_COHORT_V1,SERVER_TASK_RECORD
59,formal-v1-trial-059-attempt-0,0,RAW_JSONL,formal-v1/trial-059/attempt-0/run/instrumentation/shadow_certificate_result_log.jsonl,45608,31921adebb23f2325d46dc67b91c4c704dde031a8e4743a45c4aa894d4c98cd4,e8ea8f3fda15ab81664829ea6f71fcb37f772ad613c13f61007856c16117791a,5e20a3f0504205e8d65b91033638c5af0909ed741212a04539dcfb37eda08fe2,FORMAL_PROSPECTIVE_SHADOW_COHORT_V1,SERVER_ONLY_RAW
59,formal-v1-trial-059-attempt-0,0,RAW_JSONL,formal-v1/trial-059/attempt-0/run/instrumentation/step_capture_log.jsonl,83036,dfd8b7470633c36dfa2993538c9f2bcefaae4c50e4ea964d60cface5e9e526b2,e8ea8f3fda15ab81664829ea6f71fcb37f772ad613c13f61007856c16117791a,5e20a3f0504205e8d65b91033638c5af0909ed741212a04539dcfb37eda08fe2,FORMAL_PROSPECTIVE_SHADOW_COHORT_V1,SERVER_ONLY_RAW
59,formal-v1-trial-059-attempt-0,0,TASK_RECORD,formal-v1/trial-059/attempt-0/run/primary_trace.json,70547,bd1ac6e67fb7846cca017e93fa926bc2f4140adc60cd25de61183ae13fa01f26,e8ea8f3fda15ab81664829ea6f71fcb37f772ad613c13f61007856c16117791a,5e20a3f0504205e8d65b91033638c5af0909ed741212a04539dcfb37eda08fe2,FORMAL_PROSPECTIVE_SHADOW_COHORT_V1,SERVER_TASK_RECORD
59,formal-v1-trial-059-attempt-0,0,TASK_RECORD,formal-v1/trial-059/attempt-0/run/run_metadata.json,840,1c79aab9c9bcc7975a8949cd73adf2b8a210977d2e3cede0700a97b267253ee0,e8ea8f3fda15ab81664829ea6f71fcb37f772ad613c13f61007856c16117791a,5e20a3f0504205e8d65b91033638c5af0909ed741212a04539dcfb37eda08fe2,FORMAL_PROSPECTIVE_SHADOW_COHORT_V1,SERVER_TASK_RECORD
59,formal-v1-trial-059-attempt-0,0,TASK_RECORD,formal-v1/trial-059/attempt-0/run/trajs/stonehenge_ball-to-ellipsoid.json,29001,13bde5852d70c872c2e5512908c1495bdba4afdf9e85f5cc63b75d7786d3da11,e8ea8f3fda15ab81664829ea6f71fcb37f772ad613c13f61007856c16117791a,5e20a3f0504205e8d65b91033638c5af0909ed741212a04539dcfb37eda08fe2,FORMAL_PROSPECTIVE_SHADOW_COHORT_V1,SERVER_TASK_RECORD
59,formal-v1-trial-059-attempt-0,0,LOG,formal-v1/trial-059/attempt-0/stderr.log,2878,c1f1d95fdabed55cb53a0096650c7d228e9b48df3c8c73d3c7163cb624ea4446,e8ea8f3fda15ab81664829ea6f71fcb37f772ad613c13f61007856c16117791a,5e20a3f0504205e8d65b91033638c5af0909ed741212a04539dcfb37eda08fe2,FORMAL_PROSPECTIVE_SHADOW_COHORT_V1,SERVER_ONLY_RAW
59,formal-v1-trial-059-attempt-0,0,LOG,formal-v1/trial-059/attempt-0/stdout.log,1493,dd2aca2a2bea4a4053ef6d405907a491726cac268cbecbca30e3e338a75c473e,e8ea8f3fda15ab81664829ea6f71fcb37f772ad613c13f61007856c16117791a,5e20a3f0504205e8d65b91033638c5af0909ed741212a04539dcfb37eda08fe2,FORMAL_PROSPECTIVE_SHADOW_COHORT_V1,SERVER_ONLY_RAW
60,formal-v1-trial-060-attempt-0,0,TASK_RECORD,formal-v1/trial-060/attempt-0/formal_attempt_identity.json,839,6e4a7bde216ec01490e51ad42c4cc8c6f6f75e1dfcb51cde512daad0639f292c,e8ea8f3fda15ab81664829ea6f71fcb37f772ad613c13f61007856c16117791a,5e20a3f0504205e8d65b91033638c5af0909ed741212a04539dcfb37eda08fe2,FORMAL_PROSPECTIVE_SHADOW_COHORT_V1,SERVER_TASK_RECORD
60,formal-v1-trial-060-attempt-0,0,TASK_RECORD,formal-v1/trial-060/attempt-0/outcome_blind_qc.json,1211,d9e4e5bbda1184fcf0ded5dd06fdf0b38a8e43339d6cfbc626f8c78ed15fa961,e8ea8f3fda15ab81664829ea6f71fcb37f772ad613c13f61007856c16117791a,5e20a3f0504205e8d65b91033638c5af0909ed741212a04539dcfb37eda08fe2,FORMAL_PROSPECTIVE_SHADOW_COHORT_V1,SERVER_TASK_RECORD
60,formal-v1-trial-060-attempt-0,0,TASK_RECORD,formal-v1/trial-060/attempt-0/process_result.json,433,958f222e1d1ce416188cac9d03a6bb9efa4ed9ee2e8c976937d0306c222966e9,e8ea8f3fda15ab81664829ea6f71fcb37f772ad613c13f61007856c16117791a,5e20a3f0504205e8d65b91033638c5af0909ed741212a04539dcfb37eda08fe2,FORMAL_PROSPECTIVE_SHADOW_COHORT_V1,SERVER_TASK_RECORD
60,formal-v1-trial-060-attempt-0,0,TASK_RECORD,formal-v1/trial-060/attempt-0/run/arm_activation.json,922,dc1b4640c2ce963196c3a3853d6fc4c09d2cdae85129b81f6051dad68b052b0c,e8ea8f3fda15ab81664829ea6f71fcb37f772ad613c13f61007856c16117791a,5e20a3f0504205e8d65b91033638c5af0909ed741212a04539dcfb37eda08fe2,FORMAL_PROSPECTIVE_SHADOW_COHORT_V1,SERVER_TASK_RECORD
60,formal-v1-trial-060-attempt-0,0,TASK_RECORD,formal-v1/trial-060/attempt-0/run/environment_identity.json,1129,427dce1cddacb6b8513da9c99f39e5091cbfc0779fa79813a8bc9e343a935fbd,e8ea8f3fda15ab81664829ea6f71fcb37f772ad613c13f61007856c16117791a,5e20a3f0504205e8d65b91033638c5af0909ed741212a04539dcfb37eda08fe2,FORMAL_PROSPECTIVE_SHADOW_COHORT_V1,SERVER_TASK_RECORD
60,formal-v1-trial-060-attempt-0,0,RAW_JSONL,formal-v1/trial-060/attempt-0/run/instrumentation/instrumentation_health_log.jsonl,14380,828165d9f0249c4d746a7b1b0016862978931518dd5df270e2da7f93d1bf8735,e8ea8f3fda15ab81664829ea6f71fcb37f772ad613c13f61007856c16117791a,5e20a3f0504205e8d65b91033638c5af0909ed741212a04539dcfb37eda08fe2,FORMAL_PROSPECTIVE_SHADOW_COHORT_V1,SERVER_ONLY_RAW
60,formal-v1-trial-060-attempt-0,0,TASK_RECORD,formal-v1/trial-060/attempt-0/run/instrumentation/map_authority_manifest.json,983,7c19db927e0a59f20cbd1edb905076e75f12562e341d6ec56d291423a356f586,e8ea8f3fda15ab81664829ea6f71fcb37f772ad613c13f61007856c16117791a,5e20a3f0504205e8d65b91033638c5af0909ed741212a04539dcfb37eda08fe2,FORMAL_PROSPECTIVE_SHADOW_COHORT_V1,SERVER_TASK_RECORD
60,formal-v1-trial-060-attempt-0,0,RAW_JSONL,formal-v1/trial-060/attempt-0/run/instrumentation/shadow_certificate_result_log.jsonl,40240,83c33dbca8a48c4c1a7b075939ffbf82bcf9ff4088e04bee424510112576826c,e8ea8f3fda15ab81664829ea6f71fcb37f772ad613c13f61007856c16117791a,5e20a3f0504205e8d65b91033638c5af0909ed741212a04539dcfb37eda08fe2,FORMAL_PROSPECTIVE_SHADOW_COHORT_V1,SERVER_ONLY_RAW
60,formal-v1-trial-060-attempt-0,0,RAW_JSONL,formal-v1/trial-060/attempt-0/run/instrumentation/step_capture_log.jsonl,73264,c5abde69328b61d7b876e2f830cd605d27eb5a9a56afd45bfd6c80d7c1bacd43,e8ea8f3fda15ab81664829ea6f71fcb37f772ad613c13f61007856c16117791a,5e20a3f0504205e8d65b91033638c5af0909ed741212a04539dcfb37eda08fe2,FORMAL_PROSPECTIVE_SHADOW_COHORT_V1,SERVER_ONLY_RAW
60,formal-v1-trial-060-attempt-0,0,TASK_RECORD,formal-v1/trial-060/attempt-0/run/primary_trace.json,62264,c12747c9a0a9cb2b5c252335fab9d5abd98cd1f5b88474fffc2da455f42441dd,e8ea8f3fda15ab81664829ea6f71fcb37f772ad613c13f61007856c16117791a,5e20a3f0504205e8d65b91033638c5af0909ed741212a04539dcfb37eda08fe2,FORMAL_PROSPECTIVE_SHADOW_COHORT_V1,SERVER_TASK_RECORD
60,formal-v1-trial-060-attempt-0,0,TASK_RECORD,formal-v1/trial-060/attempt-0/run/run_metadata.json,840,47d5160f5c9bac14968fb1ca34c8b93a0279bc077401d9ac510fce22063e9eb1,e8ea8f3fda15ab81664829ea6f71fcb37f772ad613c13f61007856c16117791a,5e20a3f0504205e8d65b91033638c5af0909ed741212a04539dcfb37eda08fe2,FORMAL_PROSPECTIVE_SHADOW_COHORT_V1,SERVER_TASK_RECORD
60,formal-v1-trial-060-attempt-0,0,TASK_RECORD,formal-v1/trial-060/attempt-0/run/trajs/stonehenge_ball-to-ellipsoid.json,25681,b62c10a3c905f81790607f6821833179f3c473eb33ec5021121da4810722ae95,e8ea8f3fda15ab81664829ea6f71fcb37f772ad613c13f61007856c16117791a,5e20a3f0504205e8d65b91033638c5af0909ed741212a04539dcfb37eda08fe2,FORMAL_PROSPECTIVE_SHADOW_COHORT_V1,SERVER_TASK_RECORD
60,formal-v1-trial-060-attempt-0,0,LOG,formal-v1/trial-060/attempt-0/stderr.log,2574,0cb2ccb49fc330e433b9bfd83f3701756c4e0584c66226ab69a54e6fab483282,e8ea8f3fda15ab81664829ea6f71fcb37f772ad613c13f61007856c16117791a,5e20a3f0504205e8d65b91033638c5af0909ed741212a04539dcfb37eda08fe2,FORMAL_PROSPECTIVE_SHADOW_COHORT_V1,SERVER_ONLY_RAW
60,formal-v1-trial-060-attempt-0,0,LOG,formal-v1/trial-060/attempt-0/stdout.log,1494,b53f17029e4ad3dd959fc0b7bdd126cf72374ada5bad2f5d767276af0a131268,e8ea8f3fda15ab81664829ea6f71fcb37f772ad613c13f61007856c16117791a,5e20a3f0504205e8d65b91033638c5af0909ed741212a04539dcfb37eda08fe2,FORMAL_PROSPECTIVE_SHADOW_COHORT_V1,SERVER_ONLY_RAW
61,formal-v1-trial-061-attempt-0,0,TASK_RECORD,formal-v1/trial-061/attempt-0/formal_attempt_identity.json,839,d41884f37ef578c031629952f96de04f2baff9d2d5fa50d76eea73d3da065933,e8ea8f3fda15ab81664829ea6f71fcb37f772ad613c13f61007856c16117791a,5e20a3f0504205e8d65b91033638c5af0909ed741212a04539dcfb37eda08fe2,FORMAL_PROSPECTIVE_SHADOW_COHORT_V1,SERVER_TASK_RECORD
61,formal-v1-trial-061-attempt-0,0,TASK_RECORD,formal-v1/trial-061/attempt-0/outcome_blind_qc.json,1211,80e1108939a8f1d7e3c383b6afbd3920e86c207a33b9784eda524473c44a205c,e8ea8f3fda15ab81664829ea6f71fcb37f772ad613c13f61007856c16117791a,5e20a3f0504205e8d65b91033638c5af0909ed741212a04539dcfb37eda08fe2,FORMAL_PROSPECTIVE_SHADOW_COHORT_V1,SERVER_TASK_RECORD
61,formal-v1-trial-061-attempt-0,0,TASK_RECORD,formal-v1/trial-061/attempt-0/process_result.json,433,0045f6f16d11b51434e64f39442266764e9330262b0123dd26b73cff12dd88f8,e8ea8f3fda15ab81664829ea6f71fcb37f772ad613c13f61007856c16117791a,5e20a3f0504205e8d65b91033638c5af0909ed741212a04539dcfb37eda08fe2,FORMAL_PROSPECTIVE_SHADOW_COHORT_V1,SERVER_TASK_RECORD
61,formal-v1-trial-061-attempt-0,0,TASK_RECORD,formal-v1/trial-061/attempt-0/run/arm_activation.json,922,30d80d30f085dabd7d6b842fb357aa6e59088beff88795abcaf2e69a78d400a0,e8ea8f3fda15ab81664829ea6f71fcb37f772ad613c13f61007856c16117791a,5e20a3f0504205e8d65b91033638c5af0909ed741212a04539dcfb37eda08fe2,FORMAL_PROSPECTIVE_SHADOW_COHORT_V1,SERVER_TASK_RECORD
61,formal-v1-trial-061-attempt-0,0,TASK_RECORD,formal-v1/trial-061/attempt-0/run/environment_identity.json,1129,7ddfd9d2d041c308859ec71ef19b37e55b0348ca37eb3311a3736f4e406637ec,e8ea8f3fda15ab81664829ea6f71fcb37f772ad613c13f61007856c16117791a,5e20a3f0504205e8d65b91033638c5af0909ed741212a04539dcfb37eda08fe2,FORMAL_PROSPECTIVE_SHADOW_COHORT_V1,SERVER_TASK_RECORD
61,formal-v1-trial-061-attempt-0,0,RAW_JSONL,formal-v1/trial-061/attempt-0/run/instrumentation/instrumentation_health_log.jsonl,17740,f13af7e48b49cc57a78a5a30be0949295ade83460631488a46da678be76c5b85,e8ea8f3fda15ab81664829ea6f71fcb37f772ad613c13f61007856c16117791a,5e20a3f0504205e8d65b91033638c5af0909ed741212a04539dcfb37eda08fe2,FORMAL_PROSPECTIVE_SHADOW_COHORT_V1,SERVER_ONLY_RAW
61,formal-v1-trial-061-attempt-0,0,TASK_RECORD,formal-v1/trial-061/attempt-0/run/instrumentation/map_authority_manifest.json,983,7c19db927e0a59f20cbd1edb905076e75f12562e341d6ec56d291423a356f586,e8ea8f3fda15ab81664829ea6f71fcb37f772ad613c13f61007856c16117791a,5e20a3f0504205e8d65b91033638c5af0909ed741212a04539dcfb37eda08fe2,FORMAL_PROSPECTIVE_SHADOW_COHORT_V1,SERVER_TASK_RECORD
61,formal-v1-trial-061-attempt-0,0,RAW_JSONL,formal-v1/trial-061/attempt-0/run/instrumentation/shadow_certificate_result_log.jsonl,49634,0f1256440b3cbbd2825dc5131acd78007f897ad1b6baa81705bc5820d6e927a9,e8ea8f3fda15ab81664829ea6f71fcb37f772ad613c13f61007856c16117791a,5e20a3f0504205e8d65b91033638c5af0909ed741212a04539dcfb37eda08fe2,FORMAL_PROSPECTIVE_SHADOW_COHORT_V1,SERVER_ONLY_RAW
61,formal-v1-trial-061-attempt-0,0,RAW_JSONL,formal-v1/trial-061/attempt-0/run/instrumentation/step_capture_log.jsonl,90378,c22ce1d3ee51b5358cea141165000e630e700767c66a9e8536545e452fa32d56,e8ea8f3fda15ab81664829ea6f71fcb37f772ad613c13f61007856c16117791a,5e20a3f0504205e8d65b91033638c5af0909ed741212a04539dcfb37eda08fe2,FORMAL_PROSPECTIVE_SHADOW_COHORT_V1,SERVER_ONLY_RAW
61,formal-v1-trial-061-attempt-0,0,TASK_RECORD,formal-v1/trial-061/attempt-0/run/primary_trace.json,76700,1690a698f93596126a2991bcef7918f9f17635e6f624eff7f616903c9578d4f6,e8ea8f3fda15ab81664829ea6f71fcb37f772ad613c13f61007856c16117791a,5e20a3f0504205e8d65b91033638c5af0909ed741212a04539dcfb37eda08fe2,FORMAL_PROSPECTIVE_SHADOW_COHORT_V1,SERVER_TASK_RECORD
61,formal-v1-trial-061-attempt-0,0,TASK_RECORD,formal-v1/trial-061/attempt-0/run/run_metadata.json,840,07d43953f9fa6e4c4e2cc1dc282ceece6b19e005b215b0960c3acbddfbe61ef5,e8ea8f3fda15ab81664829ea6f71fcb37f772ad613c13f61007856c16117791a,5e20a3f0504205e8d65b91033638c5af0909ed741212a04539dcfb37eda08fe2,FORMAL_PROSPECTIVE_SHADOW_COHORT_V1,SERVER_TASK_RECORD
61,formal-v1-trial-061-attempt-0,0,TASK_RECORD,formal-v1/trial-061/attempt-0/run/trajs/stonehenge_ball-to-ellipsoid.json,31450,ff314609d45cc821124c987f28c00a3f7e6ce2895797d2fef1044e7c005b75b9,e8ea8f3fda15ab81664829ea6f71fcb37f772ad613c13f61007856c16117791a,5e20a3f0504205e8d65b91033638c5af0909ed741212a04539dcfb37eda08fe2,FORMAL_PROSPECTIVE_SHADOW_COHORT_V1,SERVER_TASK_RECORD
61,formal-v1-trial-061-attempt-0,0,LOG,formal-v1/trial-061/attempt-0/stderr.log,3106,e6a7029d083fc1ebdb2757224212aef07c5a10e23dfa2fba3873a37b4003db59,e8ea8f3fda15ab81664829ea6f71fcb37f772ad613c13f61007856c16117791a,5e20a3f0504205e8d65b91033638c5af0909ed741212a04539dcfb37eda08fe2,FORMAL_PROSPECTIVE_SHADOW_COHORT_V1,SERVER_ONLY_RAW
61,formal-v1-trial-061-attempt-0,0,LOG,formal-v1/trial-061/attempt-0/stdout.log,1493,952585ea5e417074d7f348c4b2b0d59c6a4a5e5edfd1908e2204e4e7cb9efa3c,e8ea8f3fda15ab81664829ea6f71fcb37f772ad613c13f61007856c16117791a,5e20a3f0504205e8d65b91033638c5af0909ed741212a04539dcfb37eda08fe2,FORMAL_PROSPECTIVE_SHADOW_COHORT_V1,SERVER_ONLY_RAW
62,formal-v1-trial-062-attempt-0,0,TASK_RECORD,formal-v1/trial-062/attempt-0/formal_attempt_identity.json,839,31b8474d5cae471104d1144e179a748e1da418d33b5a44d84d392285195c6e3b,e8ea8f3fda15ab81664829ea6f71fcb37f772ad613c13f61007856c16117791a,5e20a3f0504205e8d65b91033638c5af0909ed741212a04539dcfb37eda08fe2,FORMAL_PROSPECTIVE_SHADOW_COHORT_V1,SERVER_TASK_RECORD
62,formal-v1-trial-062-attempt-0,0,TASK_RECORD,formal-v1/trial-062/attempt-0/outcome_blind_qc.json,1211,ddb6dc728d4112fe941497b66b963705e2d4c8a363733a0145d32163aa44eae4,e8ea8f3fda15ab81664829ea6f71fcb37f772ad613c13f61007856c16117791a,5e20a3f0504205e8d65b91033638c5af0909ed741212a04539dcfb37eda08fe2,FORMAL_PROSPECTIVE_SHADOW_COHORT_V1,SERVER_TASK_RECORD
62,formal-v1-trial-062-attempt-0,0,TASK_RECORD,formal-v1/trial-062/attempt-0/process_result.json,433,72fef7e4b8787d09812f05b8da1b4fdda98a0179b3a5f08da0ea209d5805b217,e8ea8f3fda15ab81664829ea6f71fcb37f772ad613c13f61007856c16117791a,5e20a3f0504205e8d65b91033638c5af0909ed741212a04539dcfb37eda08fe2,FORMAL_PROSPECTIVE_SHADOW_COHORT_V1,SERVER_TASK_RECORD
62,formal-v1-trial-062-attempt-0,0,TASK_RECORD,formal-v1/trial-062/attempt-0/run/arm_activation.json,922,d9cdf19cef4e6e68f720f986b2d9eb7c914311f96f5289e2c985eaf156fc42c0,e8ea8f3fda15ab81664829ea6f71fcb37f772ad613c13f61007856c16117791a,5e20a3f0504205e8d65b91033638c5af0909ed741212a04539dcfb37eda08fe2,FORMAL_PROSPECTIVE_SHADOW_COHORT_V1,SERVER_TASK_RECORD
62,formal-v1-trial-062-attempt-0,0,TASK_RECORD,formal-v1/trial-062/attempt-0/run/environment_identity.json,1129,248ad08c57aa2f5bb2eb48cc3b8ddcf667c1024ad9b5ab45485b2e791a741955,e8ea8f3fda15ab81664829ea6f71fcb37f772ad613c13f61007856c16117791a,5e20a3f0504205e8d65b91033638c5af0909ed741212a04539dcfb37eda08fe2,FORMAL_PROSPECTIVE_SHADOW_COHORT_V1,SERVER_TASK_RECORD
62,formal-v1-trial-062-attempt-0,0,RAW_JSONL,formal-v1/trial-062/attempt-0/run/instrumentation/instrumentation_health_log.jsonl,16780,ea53ed142ebc63056f9c969ce99e9f6b5aa76d001ed1b40b62b9af204e8dad54,e8ea8f3fda15ab81664829ea6f71fcb37f772ad613c13f61007856c16117791a,5e20a3f0504205e8d65b91033638c5af0909ed741212a04539dcfb37eda08fe2,FORMAL_PROSPECTIVE_SHADOW_COHORT_V1,SERVER_ONLY_RAW
62,formal-v1-trial-062-attempt-0,0,TASK_RECORD,formal-v1/trial-062/attempt-0/run/instrumentation/map_authority_manifest.json,983,7c19db927e0a59f20cbd1edb905076e75f12562e341d6ec56d291423a356f586,e8ea8f3fda15ab81664829ea6f71fcb37f772ad613c13f61007856c16117791a,5e20a3f0504205e8d65b91033638c5af0909ed741212a04539dcfb37eda08fe2,FORMAL_PROSPECTIVE_SHADOW_COHORT_V1,SERVER_TASK_RECORD
62,formal-v1-trial-062-attempt-0,0,RAW_JSONL,formal-v1/trial-062/attempt-0/run/instrumentation/shadow_certificate_result_log.jsonl,46950,6948a0f3e5a2a948d431fe4ae561c985b8415817da85b3b9c3d7d098deb482b1,e8ea8f3fda15ab81664829ea6f71fcb37f772ad613c13f61007856c16117791a,5e20a3f0504205e8d65b91033638c5af0909ed741212a04539dcfb37eda08fe2,FORMAL_PROSPECTIVE_SHADOW_COHORT_V1,SERVER_ONLY_RAW
62,formal-v1-trial-062-attempt-0,0,RAW_JSONL,formal-v1/trial-062/attempt-0/run/instrumentation/step_capture_log.jsonl,85469,7483ad9724a903b7927e5c475c7305b398aaab3c45b8e345bc617d4a08bf3d62,e8ea8f3fda15ab81664829ea6f71fcb37f772ad613c13f61007856c16117791a,5e20a3f0504205e8d65b91033638c5af0909ed741212a04539dcfb37eda08fe2,FORMAL_PROSPECTIVE_SHADOW_COHORT_V1,SERVER_ONLY_RAW
62,formal-v1-trial-062-attempt-0,0,TASK_RECORD,formal-v1/trial-062/attempt-0/run/primary_trace.json,72517,6260b330c32a70408df0e27f77bb40c48551c52c7fd05804d397896c17fb39c7,e8ea8f3fda15ab81664829ea6f71fcb37f772ad613c13f61007856c16117791a,5e20a3f0504205e8d65b91033638c5af0909ed741212a04539dcfb37eda08fe2,FORMAL_PROSPECTIVE_SHADOW_COHORT_V1,SERVER_TASK_RECORD
62,formal-v1-trial-062-attempt-0,0,TASK_RECORD,formal-v1/trial-062/attempt-0/run/run_metadata.json,840,6e68b1a73b090d08e4d5dca99e5c5d0d659847a1b90a3547c22dbe35c7aaf8bf,e8ea8f3fda15ab81664829ea6f71fcb37f772ad613c13f61007856c16117791a,5e20a3f0504205e8d65b91033638c5af0909ed741212a04539dcfb37eda08fe2,FORMAL_PROSPECTIVE_SHADOW_COHORT_V1,SERVER_TASK_RECORD
62,formal-v1-trial-062-attempt-0,0,TASK_RECORD,formal-v1/trial-062/attempt-0/run/trajs/stonehenge_ball-to-ellipsoid.json,29787,b1aacda5859880a6846fb742db1c28c79ccf69e39ae9ee23ef8e785dfceeaef3,e8ea8f3fda15ab81664829ea6f71fcb37f772ad613c13f61007856c16117791a,5e20a3f0504205e8d65b91033638c5af0909ed741212a04539dcfb37eda08fe2,FORMAL_PROSPECTIVE_SHADOW_COHORT_V1,SERVER_TASK_RECORD
62,formal-v1-trial-062-attempt-0,0,LOG,formal-v1/trial-062/attempt-0/stderr.log,2954,b53aadea42bb2d2c2a1852c927acc8509e072240cd88f3d1e9ba8ffa82366238,e8ea8f3fda15ab81664829ea6f71fcb37f772ad613c13f61007856c16117791a,5e20a3f0504205e8d65b91033638c5af0909ed741212a04539dcfb37eda08fe2,FORMAL_PROSPECTIVE_SHADOW_COHORT_V1,SERVER_ONLY_RAW
62,formal-v1-trial-062-attempt-0,0,LOG,formal-v1/trial-062/attempt-0/stdout.log,1493,fde34f94b6a65994b2c6394a709aeffd00145bc758bc17ab24262e3b762e5778,e8ea8f3fda15ab81664829ea6f71fcb37f772ad613c13f61007856c16117791a,5e20a3f0504205e8d65b91033638c5af0909ed741212a04539dcfb37eda08fe2,FORMAL_PROSPECTIVE_SHADOW_COHORT_V1,SERVER_ONLY_RAW
63,formal-v1-trial-063-attempt-0,0,TASK_RECORD,formal-v1/trial-063/attempt-0/formal_attempt_identity.json,839,521a95038bab578490acf87c1fad1800bdb4a35360411c2511f3ea153e399250,e8ea8f3fda15ab81664829ea6f71fcb37f772ad613c13f61007856c16117791a,5e20a3f0504205e8d65b91033638c5af0909ed741212a04539dcfb37eda08fe2,FORMAL_PROSPECTIVE_SHADOW_COHORT_V1,SERVER_TASK_RECORD
63,formal-v1-trial-063-attempt-0,0,TASK_RECORD,formal-v1/trial-063/attempt-0/outcome_blind_qc.json,1215,5229ce04827af717fdc7ef7495f8a121e4729759dc27e150663fd7aea369cf06,e8ea8f3fda15ab81664829ea6f71fcb37f772ad613c13f61007856c16117791a,5e20a3f0504205e8d65b91033638c5af0909ed741212a04539dcfb37eda08fe2,FORMAL_PROSPECTIVE_SHADOW_COHORT_V1,SERVER_TASK_RECORD
63,formal-v1-trial-063-attempt-0,0,TASK_RECORD,formal-v1/trial-063/attempt-0/process_result.json,437,d02adcab820f12ae363db9f1744afbeeab24c907995cbaf29fbe4b74536221a5,e8ea8f3fda15ab81664829ea6f71fcb37f772ad613c13f61007856c16117791a,5e20a3f0504205e8d65b91033638c5af0909ed741212a04539dcfb37eda08fe2,FORMAL_PROSPECTIVE_SHADOW_COHORT_V1,SERVER_TASK_RECORD
63,formal-v1-trial-063-attempt-0,0,TASK_RECORD,formal-v1/trial-063/attempt-0/run/arm_activation.json,927,4291f4063f678fa23e3d467c679691b3a23c1f8db7ce77381669a0f6a76675d3,e8ea8f3fda15ab81664829ea6f71fcb37f772ad613c13f61007856c16117791a,5e20a3f0504205e8d65b91033638c5af0909ed741212a04539dcfb37eda08fe2,FORMAL_PROSPECTIVE_SHADOW_COHORT_V1,SERVER_TASK_RECORD
63,formal-v1-trial-063-attempt-0,0,TASK_RECORD,formal-v1/trial-063/attempt-0/run/environment_identity.json,1129,bba7409987b68ac833846feea9d359cc5d15f88c2586687ff2414a41dba0ce20,e8ea8f3fda15ab81664829ea6f71fcb37f772ad613c13f61007856c16117791a,5e20a3f0504205e8d65b91033638c5af0909ed741212a04539dcfb37eda08fe2,FORMAL_PROSPECTIVE_SHADOW_COHORT_V1,SERVER_TASK_RECORD
63,formal-v1-trial-063-attempt-0,0,RAW_JSONL,formal-v1/trial-063/attempt-0/run/instrumentation/instrumentation_health_log.jsonl,64850,f548a0ae754671de1602030b487de9092f587fef826c801870497b2073fcffca,e8ea8f3fda15ab81664829ea6f71fcb37f772ad613c13f61007856c16117791a,5e20a3f0504205e8d65b91033638c5af0909ed741212a04539dcfb37eda08fe2,FORMAL_PROSPECTIVE_SHADOW_COHORT_V1,SERVER_ONLY_RAW
63,formal-v1-trial-063-attempt-0,0,TASK_RECORD,formal-v1/trial-063/attempt-0/run/instrumentation/map_authority_manifest.json,983,7c19db927e0a59f20cbd1edb905076e75f12562e341d6ec56d291423a356f586,e8ea8f3fda15ab81664829ea6f71fcb37f772ad613c13f61007856c16117791a,5e20a3f0504205e8d65b91033638c5af0909ed741212a04539dcfb37eda08fe2,FORMAL_PROSPECTIVE_SHADOW_COHORT_V1,SERVER_TASK_RECORD
63,formal-v1-trial-063-attempt-0,0,RAW_JSONL,formal-v1/trial-063/attempt-0/run/instrumentation/shadow_certificate_result_log.jsonl,181220,97c83a5115b5aded36f2369c82a718ace5baad9033c0584b4dd9d6931b655cd2,e8ea8f3fda15ab81664829ea6f71fcb37f772ad613c13f61007856c16117791a,5e20a3f0504205e8d65b91033638c5af0909ed741212a04539dcfb37eda08fe2,FORMAL_PROSPECTIVE_SHADOW_COHORT_V1,SERVER_ONLY_RAW
63,formal-v1-trial-063-attempt-0,0,RAW_JSONL,formal-v1/trial-063/attempt-0/run/instrumentation/step_capture_log.jsonl,330168,d4e6673d60c03f154221e87817017f05240745fdfae257a3894039f7756a65e4,e8ea8f3fda15ab81664829ea6f71fcb37f772ad613c13f61007856c16117791a,5e20a3f0504205e8d65b91033638c5af0909ed741212a04539dcfb37eda08fe2,FORMAL_PROSPECTIVE_SHADOW_COHORT_V1,SERVER_ONLY_RAW
63,formal-v1-trial-063-attempt-0,0,TASK_RECORD,formal-v1/trial-063/attempt-0/run/primary_trace.json,279303,e89acc00937f580c92452781dbde961238b05f33224d03d03bd53e291eee00bb,e8ea8f3fda15ab81664829ea6f71fcb37f772ad613c13f61007856c16117791a,5e20a3f0504205e8d65b91033638c5af0909ed741212a04539dcfb37eda08fe2,FORMAL_PROSPECTIVE_SHADOW_COHORT_V1,SERVER_TASK_RECORD
63,formal-v1-trial-063-attempt-0,0,TASK_RECORD,formal-v1/trial-063/attempt-0/run/run_metadata.json,841,89c33aef7d306ccdbe760b495362f7fad6cbd1c3ae058b8f20e6637f890dc1b5,e8ea8f3fda15ab81664829ea6f71fcb37f772ad613c13f61007856c16117791a,5e20a3f0504205e8d65b91033638c5af0909ed741212a04539dcfb37eda08fe2,FORMAL_PROSPECTIVE_SHADOW_COHORT_V1,SERVER_TASK_RECORD
63,formal-v1-trial-063-attempt-0,0,TASK_RECORD,formal-v1/trial-063/attempt-0/run/trajs/stonehenge_ball-to-ellipsoid.json,112354,a48161dc89a4f8da8422f7cae3adf734512055ca4d9259620af2455301052569,e8ea8f3fda15ab81664829ea6f71fcb37f772ad613c13f61007856c16117791a,5e20a3f0504205e8d65b91033638c5af0909ed741212a04539dcfb37eda08fe2,FORMAL_PROSPECTIVE_SHADOW_COHORT_V1,SERVER_TASK_RECORD
63,formal-v1-trial-063-attempt-0,0,LOG,formal-v1/trial-063/attempt-0/stderr.log,10806,1396c3e9ae3567a6bd40e26b8daaf3e1ab08c01516f747c0d03d13accb9833c1,e8ea8f3fda15ab81664829ea6f71fcb37f772ad613c13f61007856c16117791a,5e20a3f0504205e8d65b91033638c5af0909ed741212a04539dcfb37eda08fe2,FORMAL_PROSPECTIVE_SHADOW_COHORT_V1,SERVER_ONLY_RAW
63,formal-v1-trial-063-attempt-0,0,LOG,formal-v1/trial-063/attempt-0/stdout.log,1494,a3bc41ab2c652bec1a26d285bf0089d2b08bae43c2c123283f56228973fed7ef,e8ea8f3fda15ab81664829ea6f71fcb37f772ad613c13f61007856c16117791a,5e20a3f0504205e8d65b91033638c5af0909ed741212a04539dcfb37eda08fe2,FORMAL_PROSPECTIVE_SHADOW_COHORT_V1,SERVER_ONLY_RAW
64,formal-v1-trial-064-attempt-0,0,TASK_RECORD,formal-v1/trial-064/attempt-0/formal_attempt_identity.json,839,21fa9644f2f35744991423337ecbb74af6f7e1ad3b2e2186e729ba571cae5942,e8ea8f3fda15ab81664829ea6f71fcb37f772ad613c13f61007856c16117791a,5e20a3f0504205e8d65b91033638c5af0909ed741212a04539dcfb37eda08fe2,FORMAL_PROSPECTIVE_SHADOW_COHORT_V1,SERVER_TASK_RECORD
64,formal-v1-trial-064-attempt-0,0,TASK_RECORD,formal-v1/trial-064/attempt-0/outcome_blind_qc.json,1215,e4df544aeb44d99f32f1f40c24a44fc30f94b2454a25341566dbe251a55d6ac3,e8ea8f3fda15ab81664829ea6f71fcb37f772ad613c13f61007856c16117791a,5e20a3f0504205e8d65b91033638c5af0909ed741212a04539dcfb37eda08fe2,FORMAL_PROSPECTIVE_SHADOW_COHORT_V1,SERVER_TASK_RECORD
64,formal-v1-trial-064-attempt-0,0,TASK_RECORD,formal-v1/trial-064/attempt-0/process_result.json,437,e0753b18016d1418be5d850135704a7b103f8105d7aef82034cd0f11619f2604,e8ea8f3fda15ab81664829ea6f71fcb37f772ad613c13f61007856c16117791a,5e20a3f0504205e8d65b91033638c5af0909ed741212a04539dcfb37eda08fe2,FORMAL_PROSPECTIVE_SHADOW_COHORT_V1,SERVER_TASK_RECORD
64,formal-v1-trial-064-attempt-0,0,TASK_RECORD,formal-v1/trial-064/attempt-0/run/arm_activation.json,927,be21e1b76abe490c1f3709d1d59ccc18afa08ca2926f1cbd3bf31eccf4eca892,e8ea8f3fda15ab81664829ea6f71fcb37f772ad613c13f61007856c16117791a,5e20a3f0504205e8d65b91033638c5af0909ed741212a04539dcfb37eda08fe2,FORMAL_PROSPECTIVE_SHADOW_COHORT_V1,SERVER_TASK_RECORD
64,formal-v1-trial-064-attempt-0,0,TASK_RECORD,formal-v1/trial-064/attempt-0/run/environment_identity.json,1129,274a253b1dec3421a57f85b6ca5e00d75c71dcb8f0d6af178111c9612b84089d,e8ea8f3fda15ab81664829ea6f71fcb37f772ad613c13f61007856c16117791a,5e20a3f0504205e8d65b91033638c5af0909ed741212a04539dcfb37eda08fe2,FORMAL_PROSPECTIVE_SHADOW_COHORT_V1,SERVER_TASK_RECORD
64,formal-v1-trial-064-attempt-0,0,RAW_JSONL,formal-v1/trial-064/attempt-0/run/instrumentation/instrumentation_health_log.jsonl,200292,44885bf20659d1cd7e3bc4068ef0fe35dc1113017975669f42fb2096c1056ae2,e8ea8f3fda15ab81664829ea6f71fcb37f772ad613c13f61007856c16117791a,5e20a3f0504205e8d65b91033638c5af0909ed741212a04539dcfb37eda08fe2,FORMAL_PROSPECTIVE_SHADOW_COHORT_V1,SERVER_ONLY_RAW
64,formal-v1-trial-064-attempt-0,0,TASK_RECORD,formal-v1/trial-064/attempt-0/run/instrumentation/map_authority_manifest.json,983,7c19db927e0a59f20cbd1edb905076e75f12562e341d6ec56d291423a356f586,e8ea8f3fda15ab81664829ea6f71fcb37f772ad613c13f61007856c16117791a,5e20a3f0504205e8d65b91033638c5af0909ed741212a04539dcfb37eda08fe2,FORMAL_PROSPECTIVE_SHADOW_COHORT_V1,SERVER_TASK_RECORD
64,formal-v1-trial-064-attempt-0,0,RAW_JSONL,formal-v1/trial-064/attempt-0/run/instrumentation/shadow_certificate_result_log.jsonl,558884,e63ecf8c02855770cf138de6c7d989d58d1f07507af6c28735c9d98f9ce6ea9c,e8ea8f3fda15ab81664829ea6f71fcb37f772ad613c13f61007856c16117791a,5e20a3f0504205e8d65b91033638c5af0909ed741212a04539dcfb37eda08fe2,FORMAL_PROSPECTIVE_SHADOW_COHORT_V1,SERVER_ONLY_RAW
64,formal-v1-trial-064-attempt-0,0,RAW_JSONL,formal-v1/trial-064/attempt-0/run/instrumentation/step_capture_log.jsonl,1018870,08edd7205f739bbf8359582980b35c456d464e61454ed55a93614c2d0f5fee3b,e8ea8f3fda15ab81664829ea6f71fcb37f772ad613c13f61007856c16117791a,5e20a3f0504205e8d65b91033638c5af0909ed741212a04539dcfb37eda08fe2,FORMAL_PROSPECTIVE_SHADOW_COHORT_V1,SERVER_ONLY_RAW
64,formal-v1-trial-064-attempt-0,0,TASK_RECORD,formal-v1/trial-064/attempt-0/run/primary_trace.json,859894,e8b571cb0a3b812877e2bec6afda72760236d3cfea21f5fee867c69589073c6d,e8ea8f3fda15ab81664829ea6f71fcb37f772ad613c13f61007856c16117791a,5e20a3f0504205e8d65b91033638c5af0909ed741212a04539dcfb37eda08fe2,FORMAL_PROSPECTIVE_SHADOW_COHORT_V1,SERVER_TASK_RECORD
64,formal-v1-trial-064-attempt-0,0,TASK_RECORD,formal-v1/trial-064/attempt-0/run/run_metadata.json,841,d80492c78564e5205411aaf9faf3091a87f346d720a459e86cce6de7c9a309c3,e8ea8f3fda15ab81664829ea6f71fcb37f772ad613c13f61007856c16117791a,5e20a3f0504205e8d65b91033638c5af0909ed741212a04539dcfb37eda08fe2,FORMAL_PROSPECTIVE_SHADOW_COHORT_V1,SERVER_TASK_RECORD
64,formal-v1-trial-064-attempt-0,0,TASK_RECORD,formal-v1/trial-064/attempt-0/run/trajs/stonehenge_ball-to-ellipsoid.json,345094,18f0f6b4e6d47acba8230ae4dc55a2299cf990e859fa9b59ec6acde3193ddc21,e8ea8f3fda15ab81664829ea6f71fcb37f772ad613c13f61007856c16117791a,5e20a3f0504205e8d65b91033638c5af0909ed741212a04539dcfb37eda08fe2,FORMAL_PROSPECTIVE_SHADOW_COHORT_V1,SERVER_TASK_RECORD
64,formal-v1-trial-064-attempt-0,0,LOG,formal-v1/trial-064/attempt-0/stderr.log,35187,f3e1a4de67a6699189fb14f014a829c2e7a5df323264421899a9f460d9e1605f,e8ea8f3fda15ab81664829ea6f71fcb37f772ad613c13f61007856c16117791a,5e20a3f0504205e8d65b91033638c5af0909ed741212a04539dcfb37eda08fe2,FORMAL_PROSPECTIVE_SHADOW_COHORT_V1,SERVER_ONLY_RAW
64,formal-v1-trial-064-attempt-0,0,LOG,formal-v1/trial-064/attempt-0/stdout.log,1494,6cd76483aadc8a631f9f2cd0df12195e873be1ab85ff107b774d04cb47eccf5b,e8ea8f3fda15ab81664829ea6f71fcb37f772ad613c13f61007856c16117791a,5e20a3f0504205e8d65b91033638c5af0909ed741212a04539dcfb37eda08fe2,FORMAL_PROSPECTIVE_SHADOW_COHORT_V1,SERVER_ONLY_RAW
65,formal-v1-trial-065-attempt-0,0,TASK_RECORD,formal-v1/trial-065/attempt-0/formal_attempt_identity.json,839,70931fa27722a10c6efb37ab74f8dc90529e391cb192f605250c66056c552f05,e8ea8f3fda15ab81664829ea6f71fcb37f772ad613c13f61007856c16117791a,5e20a3f0504205e8d65b91033638c5af0909ed741212a04539dcfb37eda08fe2,FORMAL_PROSPECTIVE_SHADOW_COHORT_V1,SERVER_TASK_RECORD
65,formal-v1-trial-065-attempt-0,0,TASK_RECORD,formal-v1/trial-065/attempt-0/outcome_blind_qc.json,1215,879fe9bddf59826d5effe6e57b5d26e7a5cd2aec77a4e9508316d78953d4f060,e8ea8f3fda15ab81664829ea6f71fcb37f772ad613c13f61007856c16117791a,5e20a3f0504205e8d65b91033638c5af0909ed741212a04539dcfb37eda08fe2,FORMAL_PROSPECTIVE_SHADOW_COHORT_V1,SERVER_TASK_RECORD
65,formal-v1-trial-065-attempt-0,0,TASK_RECORD,formal-v1/trial-065/attempt-0/process_result.json,437,7a5bd32a9480f488e0e9384663ee736a44c61072cd9503f58391fdab92a5aad8,e8ea8f3fda15ab81664829ea6f71fcb37f772ad613c13f61007856c16117791a,5e20a3f0504205e8d65b91033638c5af0909ed741212a04539dcfb37eda08fe2,FORMAL_PROSPECTIVE_SHADOW_COHORT_V1,SERVER_TASK_RECORD
65,formal-v1-trial-065-attempt-0,0,TASK_RECORD,formal-v1/trial-065/attempt-0/run/arm_activation.json,927,d2c04a9bbbfb2835927ee64d9d38cccd9481428680d8bc7411f1d031885bfbd1,e8ea8f3fda15ab81664829ea6f71fcb37f772ad613c13f61007856c16117791a,5e20a3f0504205e8d65b91033638c5af0909ed741212a04539dcfb37eda08fe2,FORMAL_PROSPECTIVE_SHADOW_COHORT_V1,SERVER_TASK_RECORD
65,formal-v1-trial-065-attempt-0,0,TASK_RECORD,formal-v1/trial-065/attempt-0/run/environment_identity.json,1129,6903b805077db1bab4bbe395bd48d173ed0d171317500c8adcae5b224740fd84,e8ea8f3fda15ab81664829ea6f71fcb37f772ad613c13f61007856c16117791a,5e20a3f0504205e8d65b91033638c5af0909ed741212a04539dcfb37eda08fe2,FORMAL_PROSPECTIVE_SHADOW_COHORT_V1,SERVER_TASK_RECORD
65,formal-v1-trial-065-attempt-0,0,RAW_JSONL,formal-v1/trial-065/attempt-0/run/instrumentation/instrumentation_health_log.jsonl,184386,bbedb797ed1b04a056b06c75f19fa384eeca33bfc180209335c6208d99cbbf65,e8ea8f3fda15ab81664829ea6f71fcb37f772ad613c13f61007856c16117791a,5e20a3f0504205e8d65b91033638c5af0909ed741212a04539dcfb37eda08fe2,FORMAL_PROSPECTIVE_SHADOW_COHORT_V1,SERVER_ONLY_RAW
65,formal-v1-trial-065-attempt-0,0,TASK_RECORD,formal-v1/trial-065/attempt-0/run/instrumentation/map_authority_manifest.json,983,7c19db927e0a59f20cbd1edb905076e75f12562e341d6ec56d291423a356f586,e8ea8f3fda15ab81664829ea6f71fcb37f772ad613c13f61007856c16117791a,5e20a3f0504205e8d65b91033638c5af0909ed741212a04539dcfb37eda08fe2,FORMAL_PROSPECTIVE_SHADOW_COHORT_V1,SERVER_TASK_RECORD
65,formal-v1-trial-065-attempt-0,0,RAW_JSONL,formal-v1/trial-065/attempt-0/run/instrumentation/shadow_certificate_result_log.jsonl,514532,17fc6cb14b28e34c6811e8371e8d1a816aa048ad2dba83cdb3767688995c890f,e8ea8f3fda15ab81664829ea6f71fcb37f772ad613c13f61007856c16117791a,5e20a3f0504205e8d65b91033638c5af0909ed741212a04539dcfb37eda08fe2,FORMAL_PROSPECTIVE_SHADOW_COHORT_V1,SERVER_ONLY_RAW
65,formal-v1-trial-065-attempt-0,0,RAW_JSONL,formal-v1/trial-065/attempt-0/run/instrumentation/step_capture_log.jsonl,938120,dc38baa8fb4ff24d88ae42bc4cae3d6b9138ab300a60f148058e1113d4a15957,e8ea8f3fda15ab81664829ea6f71fcb37f772ad613c13f61007856c16117791a,5e20a3f0504205e8d65b91033638c5af0909ed741212a04539dcfb37eda08fe2,FORMAL_PROSPECTIVE_SHADOW_COHORT_V1,SERVER_ONLY_RAW
65,formal-v1-trial-065-attempt-0,0,TASK_RECORD,formal-v1/trial-065/attempt-0/run/primary_trace.json,792191,a7abca179c6ee53f61d35204ec7497e2aa4adadb93378659c27a3d7c392a492f,e8ea8f3fda15ab81664829ea6f71fcb37f772ad613c13f61007856c16117791a,5e20a3f0504205e8d65b91033638c5af0909ed741212a04539dcfb37eda08fe2,FORMAL_PROSPECTIVE_SHADOW_COHORT_V1,SERVER_TASK_RECORD
65,formal-v1-trial-065-attempt-0,0,TASK_RECORD,formal-v1/trial-065/attempt-0/run/run_metadata.json,841,83a028c30b326e60b941b255375ff9ed069212a0d6b2ce847694374b4b354256,e8ea8f3fda15ab81664829ea6f71fcb37f772ad613c13f61007856c16117791a,5e20a3f0504205e8d65b91033638c5af0909ed741212a04539dcfb37eda08fe2,FORMAL_PROSPECTIVE_SHADOW_COHORT_V1,SERVER_TASK_RECORD
65,formal-v1-trial-065-attempt-0,0,TASK_RECORD,formal-v1/trial-065/attempt-0/run/trajs/stonehenge_ball-to-ellipsoid.json,317837,7422d187113c4609caf3cdb4935bd25a77c8dd41861cfcc21bb299d7702fef10,e8ea8f3fda15ab81664829ea6f71fcb37f772ad613c13f61007856c16117791a,5e20a3f0504205e8d65b91033638c5af0909ed741212a04539dcfb37eda08fe2,FORMAL_PROSPECTIVE_SHADOW_COHORT_V1,SERVER_TASK_RECORD
65,formal-v1-trial-065-attempt-0,0,LOG,formal-v1/trial-065/attempt-0/stderr.log,32164,0a7bc04146aaad400a85866cbf1361bbcf68f414b017c8f9d49641726a4a29e9,e8ea8f3fda15ab81664829ea6f71fcb37f772ad613c13f61007856c16117791a,5e20a3f0504205e8d65b91033638c5af0909ed741212a04539dcfb37eda08fe2,FORMAL_PROSPECTIVE_SHADOW_COHORT_V1,SERVER_ONLY_RAW
65,formal-v1-trial-065-attempt-0,0,LOG,formal-v1/trial-065/attempt-0/stdout.log,1494,76c963c4d422aef935ef5c2ccff56a212311735ae9a35388dbdbe53ce9d70266,e8ea8f3fda15ab81664829ea6f71fcb37f772ad613c13f61007856c16117791a,5e20a3f0504205e8d65b91033638c5af0909ed741212a04539dcfb37eda08fe2,FORMAL_PROSPECTIVE_SHADOW_COHORT_V1,SERVER_ONLY_RAW
66,formal-v1-trial-066-attempt-0,0,TASK_RECORD,formal-v1/trial-066/attempt-0/formal_attempt_identity.json,839,298a5919f47dc3d1d9bf62a65af1437c1e2ea28ebcc2feae9d959a656c4fa363,e8ea8f3fda15ab81664829ea6f71fcb37f772ad613c13f61007856c16117791a,5e20a3f0504205e8d65b91033638c5af0909ed741212a04539dcfb37eda08fe2,FORMAL_PROSPECTIVE_SHADOW_COHORT_V1,SERVER_TASK_RECORD
66,formal-v1-trial-066-attempt-0,0,TASK_RECORD,formal-v1/trial-066/attempt-0/outcome_blind_qc.json,1215,82ecdc91c98e41daa9fd416c8490e501b86d0fa09bd5bf5278f4b865ffa204e9,e8ea8f3fda15ab81664829ea6f71fcb37f772ad613c13f61007856c16117791a,5e20a3f0504205e8d65b91033638c5af0909ed741212a04539dcfb37eda08fe2,FORMAL_PROSPECTIVE_SHADOW_COHORT_V1,SERVER_TASK_RECORD
66,formal-v1-trial-066-attempt-0,0,TASK_RECORD,formal-v1/trial-066/attempt-0/process_result.json,437,1c8c1a085f364409406347dd4725a0b03ed6ebba0bcd10c61d9295df5856cc28,e8ea8f3fda15ab81664829ea6f71fcb37f772ad613c13f61007856c16117791a,5e20a3f0504205e8d65b91033638c5af0909ed741212a04539dcfb37eda08fe2,FORMAL_PROSPECTIVE_SHADOW_COHORT_V1,SERVER_TASK_RECORD
66,formal-v1-trial-066-attempt-0,0,TASK_RECORD,formal-v1/trial-066/attempt-0/run/arm_activation.json,927,f8f050a00ba0a011905f5be64dc9da9e674caacc5e5f4a08cd26c10b974e52c9,e8ea8f3fda15ab81664829ea6f71fcb37f772ad613c13f61007856c16117791a,5e20a3f0504205e8d65b91033638c5af0909ed741212a04539dcfb37eda08fe2,FORMAL_PROSPECTIVE_SHADOW_COHORT_V1,SERVER_TASK_RECORD
66,formal-v1-trial-066-attempt-0,0,TASK_RECORD,formal-v1/trial-066/attempt-0/run/environment_identity.json,1129,0208dd52baf5c2e72ba0142bb185963aad1e7d780a9041f6b5a022f60f7287e9,e8ea8f3fda15ab81664829ea6f71fcb37f772ad613c13f61007856c16117791a,5e20a3f0504205e8d65b91033638c5af0909ed741212a04539dcfb37eda08fe2,FORMAL_PROSPECTIVE_SHADOW_COHORT_V1,SERVER_TASK_RECORD
66,formal-v1-trial-066-attempt-0,0,RAW_JSONL,formal-v1/trial-066/attempt-0/run/instrumentation/instrumentation_health_log.jsonl,179084,5b9b0aed2fd3c75ab2753103074a61d5699c30972e05d543bbf7db6e7d1afedb,e8ea8f3fda15ab81664829ea6f71fcb37f772ad613c13f61007856c16117791a,5e20a3f0504205e8d65b91033638c5af0909ed741212a04539dcfb37eda08fe2,FORMAL_PROSPECTIVE_SHADOW_COHORT_V1,SERVER_ONLY_RAW
66,formal-v1-trial-066-attempt-0,0,TASK_RECORD,formal-v1/trial-066/attempt-0/run/instrumentation/map_authority_manifest.json,983,7c19db927e0a59f20cbd1edb905076e75f12562e341d6ec56d291423a356f586,e8ea8f3fda15ab81664829ea6f71fcb37f772ad613c13f61007856c16117791a,5e20a3f0504205e8d65b91033638c5af0909ed741212a04539dcfb37eda08fe2,FORMAL_PROSPECTIVE_SHADOW_COHORT_V1,SERVER_TASK_RECORD
66,formal-v1-trial-066-attempt-0,0,RAW_JSONL,formal-v1/trial-066/attempt-0/run/instrumentation/shadow_certificate_result_log.jsonl,499748,30fb75eeb935a80ff9e449b721f611a327c8e0195d3f3fd6009fdad55f213d8f,e8ea8f3fda15ab81664829ea6f71fcb37f772ad613c13f61007856c16117791a,5e20a3f0504205e8d65b91033638c5af0909ed741212a04539dcfb37eda08fe2,FORMAL_PROSPECTIVE_SHADOW_COHORT_V1,SERVER_ONLY_RAW
66,formal-v1-trial-066-attempt-0,0,RAW_JSONL,formal-v1/trial-066/attempt-0/run/instrumentation/step_capture_log.jsonl,911115,358bea153a3d5df60bec1f13c934f20f1bff30d3fe54c9b5e0f4db2d851c8445,e8ea8f3fda15ab81664829ea6f71fcb37f772ad613c13f61007856c16117791a,5e20a3f0504205e8d65b91033638c5af0909ed741212a04539dcfb37eda08fe2,FORMAL_PROSPECTIVE_SHADOW_COHORT_V1,SERVER_ONLY_RAW
66,formal-v1-trial-066-attempt-0,0,TASK_RECORD,formal-v1/trial-066/attempt-0/run/primary_trace.json,769303,eb8ca68765f330a361b2a0857b46341317cd70fd1a32198e94045024c16d74ae,e8ea8f3fda15ab81664829ea6f71fcb37f772ad613c13f61007856c16117791a,5e20a3f0504205e8d65b91033638c5af0909ed741212a04539dcfb37eda08fe2,FORMAL_PROSPECTIVE_SHADOW_COHORT_V1,SERVER_TASK_RECORD
66,formal-v1-trial-066-attempt-0,0,TASK_RECORD,formal-v1/trial-066/attempt-0/run/run_metadata.json,841,096a71fd2afff1e529c3ae07f14b42286e623759867d27305e04528158e97a90,e8ea8f3fda15ab81664829ea6f71fcb37f772ad613c13f61007856c16117791a,5e20a3f0504205e8d65b91033638c5af0909ed741212a04539dcfb37eda08fe2,FORMAL_PROSPECTIVE_SHADOW_COHORT_V1,SERVER_TASK_RECORD
66,formal-v1-trial-066-attempt-0,0,TASK_RECORD,formal-v1/trial-066/attempt-0/run/trajs/stonehenge_ball-to-ellipsoid.json,308700,6c330b622ef8e59f65bd49a73ed00a07b52051d42f1de3779258887c9c35e6b4,e8ea8f3fda15ab81664829ea6f71fcb37f772ad613c13f61007856c16117791a,5e20a3f0504205e8d65b91033638c5af0909ed741212a04539dcfb37eda08fe2,FORMAL_PROSPECTIVE_SHADOW_COHORT_V1,SERVER_TASK_RECORD
66,formal-v1-trial-066-attempt-0,0,LOG,formal-v1/trial-066/attempt-0/stderr.log,31163,eb08b63f7eec110bbdfeb0f23b4dc1d28bd48aae3fe3f2f4a1e6da41f2df072c,e8ea8f3fda15ab81664829ea6f71fcb37f772ad613c13f61007856c16117791a,5e20a3f0504205e8d65b91033638c5af0909ed741212a04539dcfb37eda08fe2,FORMAL_PROSPECTIVE_SHADOW_COHORT_V1,SERVER_ONLY_RAW
66,formal-v1-trial-066-attempt-0,0,LOG,formal-v1/trial-066/attempt-0/stdout.log,1494,8ed9f71cc7a4455605057b226a8dd96dc039a689320b3b6811d6965b5a7b28e2,e8ea8f3fda15ab81664829ea6f71fcb37f772ad613c13f61007856c16117791a,5e20a3f0504205e8d65b91033638c5af0909ed741212a04539dcfb37eda08fe2,FORMAL_PROSPECTIVE_SHADOW_COHORT_V1,SERVER_ONLY_RAW
67,formal-v1-trial-067-attempt-0,0,TASK_RECORD,formal-v1/trial-067/attempt-0/formal_attempt_identity.json,839,0af32a717ab08365e5d23774367083286f2109e6a97811782e7803e5cd5ce277,e8ea8f3fda15ab81664829ea6f71fcb37f772ad613c13f61007856c16117791a,5e20a3f0504205e8d65b91033638c5af0909ed741212a04539dcfb37eda08fe2,FORMAL_PROSPECTIVE_SHADOW_COHORT_V1,SERVER_TASK_RECORD
67,formal-v1-trial-067-attempt-0,0,TASK_RECORD,formal-v1/trial-067/attempt-0/outcome_blind_qc.json,1215,59ff0ef4996faf39b1e5945c78bd8ca16058fe18302fb18d677a1ff31f863022,e8ea8f3fda15ab81664829ea6f71fcb37f772ad613c13f61007856c16117791a,5e20a3f0504205e8d65b91033638c5af0909ed741212a04539dcfb37eda08fe2,FORMAL_PROSPECTIVE_SHADOW_COHORT_V1,SERVER_TASK_RECORD
67,formal-v1-trial-067-attempt-0,0,TASK_RECORD,formal-v1/trial-067/attempt-0/process_result.json,437,cc121f64d55ccdeb6770d6178c2eaeac9aeec03cd7df7167b1bc2a0877af2aa1,e8ea8f3fda15ab81664829ea6f71fcb37f772ad613c13f61007856c16117791a,5e20a3f0504205e8d65b91033638c5af0909ed741212a04539dcfb37eda08fe2,FORMAL_PROSPECTIVE_SHADOW_COHORT_V1,SERVER_TASK_RECORD
67,formal-v1-trial-067-attempt-0,0,TASK_RECORD,formal-v1/trial-067/attempt-0/run/arm_activation.json,927,9715f0977995fd211ebaec7acc55b6b9c043ad7b0ee098591f0021605a243115,e8ea8f3fda15ab81664829ea6f71fcb37f772ad613c13f61007856c16117791a,5e20a3f0504205e8d65b91033638c5af0909ed741212a04539dcfb37eda08fe2,FORMAL_PROSPECTIVE_SHADOW_COHORT_V1,SERVER_TASK_RECORD
67,formal-v1-trial-067-attempt-0,0,TASK_RECORD,formal-v1/trial-067/attempt-0/run/environment_identity.json,1129,0fe99ae72ca3a62edaef4fcbe8d2d7f6e37440532107d61f8c628f87cf4d51a9,e8ea8f3fda15ab81664829ea6f71fcb37f772ad613c13f61007856c16117791a,5e20a3f0504205e8d65b91033638c5af0909ed741212a04539dcfb37eda08fe2,FORMAL_PROSPECTIVE_SHADOW_COHORT_V1,SERVER_TASK_RECORD
67,formal-v1-trial-067-attempt-0,0,RAW_JSONL,formal-v1/trial-067/attempt-0/run/instrumentation/instrumentation_health_log.jsonl,150164,25d761d2fddf9baf49f60d8b0ce26d47524ee5dad90426ac0ce8a26809f3aa46,e8ea8f3fda15ab81664829ea6f71fcb37f772ad613c13f61007856c16117791a,5e20a3f0504205e8d65b91033638c5af0909ed741212a04539dcfb37eda08fe2,FORMAL_PROSPECTIVE_SHADOW_COHORT_V1,SERVER_ONLY_RAW
67,formal-v1-trial-067-attempt-0,0,TASK_RECORD,formal-v1/trial-067/attempt-0/run/instrumentation/map_authority_manifest.json,983,7c19db927e0a59f20cbd1edb905076e75f12562e341d6ec56d291423a356f586,e8ea8f3fda15ab81664829ea6f71fcb37f772ad613c13f61007856c16117791a,5e20a3f0504205e8d65b91033638c5af0909ed741212a04539dcfb37eda08fe2,FORMAL_PROSPECTIVE_SHADOW_COHORT_V1,SERVER_TASK_RECORD
67,formal-v1-trial-067-attempt-0,0,RAW_JSONL,formal-v1/trial-067/attempt-0/run/instrumentation/shadow_certificate_result_log.jsonl,419108,df6a71f697e5462ed084866023e9ea479ae0991bb5774709f3832c7ccf809e2f,e8ea8f3fda15ab81664829ea6f71fcb37f772ad613c13f61007856c16117791a,5e20a3f0504205e8d65b91033638c5af0909ed741212a04539dcfb37eda08fe2,FORMAL_PROSPECTIVE_SHADOW_COHORT_V1,SERVER_ONLY_RAW
67,formal-v1-trial-067-attempt-0,0,RAW_JSONL,formal-v1/trial-067/attempt-0/run/instrumentation/step_capture_log.jsonl,764113,890d6c98ccadbd3573648a50a96d2843404f247ec9f0abb7cf44819b3bee521e,e8ea8f3fda15ab81664829ea6f71fcb37f772ad613c13f61007856c16117791a,5e20a3f0504205e8d65b91033638c5af0909ed741212a04539dcfb37eda08fe2,FORMAL_PROSPECTIVE_SHADOW_COHORT_V1,SERVER_ONLY_RAW
67,formal-v1-trial-067-attempt-0,0,TASK_RECORD,formal-v1/trial-067/attempt-0/run/primary_trace.json,645327,2f6650044cff1d9e37e2aa2e1553b6e651cacacdac299b8863685622446d6e42,e8ea8f3fda15ab81664829ea6f71fcb37f772ad613c13f61007856c16117791a,5e20a3f0504205e8d65b91033638c5af0909ed741212a04539dcfb37eda08fe2,FORMAL_PROSPECTIVE_SHADOW_COHORT_V1,SERVER_TASK_RECORD
67,formal-v1-trial-067-attempt-0,0,TASK_RECORD,formal-v1/trial-067/attempt-0/run/run_metadata.json,841,7a2efa703663101afb5dba26d7943f73c467f719cfc54009757ff6e761f5ff0e,e8ea8f3fda15ab81664829ea6f71fcb37f772ad613c13f61007856c16117791a,5e20a3f0504205e8d65b91033638c5af0909ed741212a04539dcfb37eda08fe2,FORMAL_PROSPECTIVE_SHADOW_COHORT_V1,SERVER_TASK_RECORD
67,formal-v1-trial-067-attempt-0,0,TASK_RECORD,formal-v1/trial-067/attempt-0/run/trajs/stonehenge_ball-to-ellipsoid.json,259110,a698e22115fed9c6ab92ad271402812a3dcd7f3bf094508693adf8d8d17358e7,e8ea8f3fda15ab81664829ea6f71fcb37f772ad613c13f61007856c16117791a,5e20a3f0504205e8d65b91033638c5af0909ed741212a04539dcfb37eda08fe2,FORMAL_PROSPECTIVE_SHADOW_COHORT_V1,SERVER_TASK_RECORD
67,formal-v1-trial-067-attempt-0,0,LOG,formal-v1/trial-067/attempt-0/stderr.log,25791,eb28affcc001c054c047563c986a23924615db5395c430d05cd4649852ce7367,e8ea8f3fda15ab81664829ea6f71fcb37f772ad613c13f61007856c16117791a,5e20a3f0504205e8d65b91033638c5af0909ed741212a04539dcfb37eda08fe2,FORMAL_PROSPECTIVE_SHADOW_COHORT_V1,SERVER_ONLY_RAW
67,formal-v1-trial-067-attempt-0,0,LOG,formal-v1/trial-067/attempt-0/stdout.log,1494,7c830fa37475eb79dac3f57724bfc511dd2f11a5f097d587e52a7820bc10a835,e8ea8f3fda15ab81664829ea6f71fcb37f772ad613c13f61007856c16117791a,5e20a3f0504205e8d65b91033638c5af0909ed741212a04539dcfb37eda08fe2,FORMAL_PROSPECTIVE_SHADOW_COHORT_V1,SERVER_ONLY_RAW
68,formal-v1-trial-068-attempt-0,0,TASK_RECORD,formal-v1/trial-068/attempt-0/formal_attempt_identity.json,839,56d2f16aed3d5da56f8dbe58d7e708b1a1cb290b4a72d629253ffb5d544b09f5,e8ea8f3fda15ab81664829ea6f71fcb37f772ad613c13f61007856c16117791a,5e20a3f0504205e8d65b91033638c5af0909ed741212a04539dcfb37eda08fe2,FORMAL_PROSPECTIVE_SHADOW_COHORT_V1,SERVER_TASK_RECORD
68,formal-v1-trial-068-attempt-0,0,TASK_RECORD,formal-v1/trial-068/attempt-0/outcome_blind_qc.json,1215,54d2dbfc37b7a4e33903b79da5235324312431255343415bb0b4994a2fba992f,e8ea8f3fda15ab81664829ea6f71fcb37f772ad613c13f61007856c16117791a,5e20a3f0504205e8d65b91033638c5af0909ed741212a04539dcfb37eda08fe2,FORMAL_PROSPECTIVE_SHADOW_COHORT_V1,SERVER_TASK_RECORD
68,formal-v1-trial-068-attempt-0,0,TASK_RECORD,formal-v1/trial-068/attempt-0/process_result.json,437,1089915174e2341af3b15609b6cd1d05ba5511c07d1ad418f8059a4844a1be3a,e8ea8f3fda15ab81664829ea6f71fcb37f772ad613c13f61007856c16117791a,5e20a3f0504205e8d65b91033638c5af0909ed741212a04539dcfb37eda08fe2,FORMAL_PROSPECTIVE_SHADOW_COHORT_V1,SERVER_TASK_RECORD
68,formal-v1-trial-068-attempt-0,0,TASK_RECORD,formal-v1/trial-068/attempt-0/run/arm_activation.json,927,31a9673a9fc8718d90b08a508fe62010573e1dd07b1263c308bb3e2207c5c4f7,e8ea8f3fda15ab81664829ea6f71fcb37f772ad613c13f61007856c16117791a,5e20a3f0504205e8d65b91033638c5af0909ed741212a04539dcfb37eda08fe2,FORMAL_PROSPECTIVE_SHADOW_COHORT_V1,SERVER_TASK_RECORD
68,formal-v1-trial-068-attempt-0,0,TASK_RECORD,formal-v1/trial-068/attempt-0/run/environment_identity.json,1129,ae6d9728b3219c9051394636b2a042e0462ef7e67745ac12e4037e93e6fb5262,e8ea8f3fda15ab81664829ea6f71fcb37f772ad613c13f61007856c16117791a,5e20a3f0504205e8d65b91033638c5af0909ed741212a04539dcfb37eda08fe2,FORMAL_PROSPECTIVE_SHADOW_COHORT_V1,SERVER_TASK_RECORD
68,formal-v1-trial-068-attempt-0,0,RAW_JSONL,formal-v1/trial-068/attempt-0/run/instrumentation/instrumentation_health_log.jsonl,175228,34141a1e85712721ead2e983b10ba8b2f5e1de0bd1eca39e30987467650d6d21,e8ea8f3fda15ab81664829ea6f71fcb37f772ad613c13f61007856c16117791a,5e20a3f0504205e8d65b91033638c5af0909ed741212a04539dcfb37eda08fe2,FORMAL_PROSPECTIVE_SHADOW_COHORT_V1,SERVER_ONLY_RAW
68,formal-v1-trial-068-attempt-0,0,TASK_RECORD,formal-v1/trial-068/attempt-0/run/instrumentation/map_authority_manifest.json,983,7c19db927e0a59f20cbd1edb905076e75f12562e341d6ec56d291423a356f586,e8ea8f3fda15ab81664829ea6f71fcb37f772ad613c13f61007856c16117791a,5e20a3f0504205e8d65b91033638c5af0909ed741212a04539dcfb37eda08fe2,FORMAL_PROSPECTIVE_SHADOW_COHORT_V1,SERVER_TASK_RECORD
68,formal-v1-trial-068-attempt-0,0,RAW_JSONL,formal-v1/trial-068/attempt-0/run/instrumentation/shadow_certificate_result_log.jsonl,488996,ca8e5a8813731909eb3600b3b23c6665e099cf43ce1543f3bfc5e66a371bf216,e8ea8f3fda15ab81664829ea6f71fcb37f772ad613c13f61007856c16117791a,5e20a3f0504205e8d65b91033638c5af0909ed741212a04539dcfb37eda08fe2,FORMAL_PROSPECTIVE_SHADOW_COHORT_V1,SERVER_ONLY_RAW
68,formal-v1-trial-068-attempt-0,0,RAW_JSONL,formal-v1/trial-068/attempt-0/run/instrumentation/step_capture_log.jsonl,891673,6a28ca8c6ab6885f53d0e2eaa43d4af914a991da35fc3c15d08db5df64a072df,e8ea8f3fda15ab81664829ea6f71fcb37f772ad613c13f61007856c16117791a,5e20a3f0504205e8d65b91033638c5af0909ed741212a04539dcfb37eda08fe2,FORMAL_PROSPECTIVE_SHADOW_COHORT_V1,SERVER_ONLY_RAW
68,formal-v1-trial-068-attempt-0,0,TASK_RECORD,formal-v1/trial-068/attempt-0/run/primary_trace.json,752388,de3a139caac8a958f8c9d33336dd750fcd3fc7407fd4a650cfc4be1cef24d532,e8ea8f3fda15ab81664829ea6f71fcb37f772ad613c13f61007856c16117791a,5e20a3f0504205e8d65b91033638c5af0909ed741212a04539dcfb37eda08fe2,FORMAL_PROSPECTIVE_SHADOW_COHORT_V1,SERVER_TASK_RECORD
68,formal-v1-trial-068-attempt-0,0,TASK_RECORD,formal-v1/trial-068/attempt-0/run/run_metadata.json,841,9f3fe534b79e3b42f6cb9161e2f28ec8d1b00ac87ae1e1fa1c2f55a4121e53f0,e8ea8f3fda15ab81664829ea6f71fcb37f772ad613c13f61007856c16117791a,5e20a3f0504205e8d65b91033638c5af0909ed741212a04539dcfb37eda08fe2,FORMAL_PROSPECTIVE_SHADOW_COHORT_V1,SERVER_TASK_RECORD
68,formal-v1-trial-068-attempt-0,0,TASK_RECORD,formal-v1/trial-068/attempt-0/run/trajs/stonehenge_ball-to-ellipsoid.json,302205,dabfc23fa69c5a2b6881aeea3c949404db8b4ae004f106c2f26c428edf75f530,e8ea8f3fda15ab81664829ea6f71fcb37f772ad613c13f61007856c16117791a,5e20a3f0504205e8d65b91033638c5af0909ed741212a04539dcfb37eda08fe2,FORMAL_PROSPECTIVE_SHADOW_COHORT_V1,SERVER_TASK_RECORD
68,formal-v1-trial-068-attempt-0,0,LOG,formal-v1/trial-068/attempt-0/stderr.log,30435,b02c21541ee36e4edb7c5d0b227956f1c6d0275ac5c9717ae0eae832ff989b32,e8ea8f3fda15ab81664829ea6f71fcb37f772ad613c13f61007856c16117791a,5e20a3f0504205e8d65b91033638c5af0909ed741212a04539dcfb37eda08fe2,FORMAL_PROSPECTIVE_SHADOW_COHORT_V1,SERVER_ONLY_RAW
68,formal-v1-trial-068-attempt-0,0,LOG,formal-v1/trial-068/attempt-0/stdout.log,1493,79046801e683533500c8e5f6f17016855de19c3ca1585ed1cfe5fb2d1942f3a8,e8ea8f3fda15ab81664829ea6f71fcb37f772ad613c13f61007856c16117791a,5e20a3f0504205e8d65b91033638c5af0909ed741212a04539dcfb37eda08fe2,FORMAL_PROSPECTIVE_SHADOW_COHORT_V1,SERVER_ONLY_RAW
69,formal-v1-trial-069-attempt-0,0,TASK_RECORD,formal-v1/trial-069/attempt-0/formal_attempt_identity.json,839,09984c5f0bf32f4bcdd9a0f4d9a3fbd28bfd5f46534ae642dbdaafabf37ca603,e8ea8f3fda15ab81664829ea6f71fcb37f772ad613c13f61007856c16117791a,5e20a3f0504205e8d65b91033638c5af0909ed741212a04539dcfb37eda08fe2,FORMAL_PROSPECTIVE_SHADOW_COHORT_V1,SERVER_TASK_RECORD
69,formal-v1-trial-069-attempt-0,0,TASK_RECORD,formal-v1/trial-069/attempt-0/outcome_blind_qc.json,1215,5ed2c241d650a0a6453a6c97c8a23ff13093383b6d65dd768f471feb4f0f99e0,e8ea8f3fda15ab81664829ea6f71fcb37f772ad613c13f61007856c16117791a,5e20a3f0504205e8d65b91033638c5af0909ed741212a04539dcfb37eda08fe2,FORMAL_PROSPECTIVE_SHADOW_COHORT_V1,SERVER_TASK_RECORD
69,formal-v1-trial-069-attempt-0,0,TASK_RECORD,formal-v1/trial-069/attempt-0/process_result.json,437,a8d892c9bf04a3cc330457cd733935fa41dfda57678e21b8dce9df4ebba989f3,e8ea8f3fda15ab81664829ea6f71fcb37f772ad613c13f61007856c16117791a,5e20a3f0504205e8d65b91033638c5af0909ed741212a04539dcfb37eda08fe2,FORMAL_PROSPECTIVE_SHADOW_COHORT_V1,SERVER_TASK_RECORD
69,formal-v1-trial-069-attempt-0,0,TASK_RECORD,formal-v1/trial-069/attempt-0/run/arm_activation.json,927,804d50b23e0ddd14c1edf1710089590c484613ce234d1f435684a9882e7262c0,e8ea8f3fda15ab81664829ea6f71fcb37f772ad613c13f61007856c16117791a,5e20a3f0504205e8d65b91033638c5af0909ed741212a04539dcfb37eda08fe2,FORMAL_PROSPECTIVE_SHADOW_COHORT_V1,SERVER_TASK_RECORD
69,formal-v1-trial-069-attempt-0,0,TASK_RECORD,formal-v1/trial-069/attempt-0/run/environment_identity.json,1129,12a87afe7e43f1d6c965e92c580f9bd799f4283185ade059d360de5ba5374cf7,e8ea8f3fda15ab81664829ea6f71fcb37f772ad613c13f61007856c16117791a,5e20a3f0504205e8d65b91033638c5af0909ed741212a04539dcfb37eda08fe2,FORMAL_PROSPECTIVE_SHADOW_COHORT_V1,SERVER_TASK_RECORD
69,formal-v1-trial-069-attempt-0,0,RAW_JSONL,formal-v1/trial-069/attempt-0/run/instrumentation/instrumentation_health_log.jsonl,86058,97ec6709cd0ea0133e27339ca548ad689e53d8d03da422519f8be9979e9053d5,e8ea8f3fda15ab81664829ea6f71fcb37f772ad613c13f61007856c16117791a,5e20a3f0504205e8d65b91033638c5af0909ed741212a04539dcfb37eda08fe2,FORMAL_PROSPECTIVE_SHADOW_COHORT_V1,SERVER_ONLY_RAW
69,formal-v1-trial-069-attempt-0,0,TASK_RECORD,formal-v1/trial-069/attempt-0/run/instrumentation/map_authority_manifest.json,983,7c19db927e0a59f20cbd1edb905076e75f12562e341d6ec56d291423a356f586,e8ea8f3fda15ab81664829ea6f71fcb37f772ad613c13f61007856c16117791a,5e20a3f0504205e8d65b91033638c5af0909ed741212a04539dcfb37eda08fe2,FORMAL_PROSPECTIVE_SHADOW_COHORT_V1,SERVER_TASK_RECORD
69,formal-v1-trial-069-attempt-0,0,RAW_JSONL,formal-v1/trial-069/attempt-0/run/instrumentation/shadow_certificate_result_log.jsonl,240356,7dacf72e3d347136de6c3f86ffa417e1f9a9fc3f34211f7b4d37487b00e3af7f,e8ea8f3fda15ab81664829ea6f71fcb37f772ad613c13f61007856c16117791a,5e20a3f0504205e8d65b91033638c5af0909ed741212a04539dcfb37eda08fe2,FORMAL_PROSPECTIVE_SHADOW_COHORT_V1,SERVER_ONLY_RAW
69,formal-v1-trial-069-attempt-0,0,RAW_JSONL,formal-v1/trial-069/attempt-0/run/instrumentation/step_capture_log.jsonl,438384,87652861e1469fbfc5671fdd7e0e34d3b206650c210a104f56bd91b81dd18a8f,e8ea8f3fda15ab81664829ea6f71fcb37f772ad613c13f61007856c16117791a,5e20a3f0504205e8d65b91033638c5af0909ed741212a04539dcfb37eda08fe2,FORMAL_PROSPECTIVE_SHADOW_COHORT_V1,SERVER_ONLY_RAW
69,formal-v1-trial-069-attempt-0,0,TASK_RECORD,formal-v1/trial-069/attempt-0/run/primary_trace.json,371003,c451205d033aef94bdb25e702be8eb1f070158f61ed611f92d462d69e7a36e62,e8ea8f3fda15ab81664829ea6f71fcb37f772ad613c13f61007856c16117791a,5e20a3f0504205e8d65b91033638c5af0909ed741212a04539dcfb37eda08fe2,FORMAL_PROSPECTIVE_SHADOW_COHORT_V1,SERVER_TASK_RECORD
69,formal-v1-trial-069-attempt-0,0,TASK_RECORD,formal-v1/trial-069/attempt-0/run/run_metadata.json,841,e6d63b149b891a4ba9d516f6b9fdd5ce4bd32ece69cd6bba72826df34e9b0afd,e8ea8f3fda15ab81664829ea6f71fcb37f772ad613c13f61007856c16117791a,5e20a3f0504205e8d65b91033638c5af0909ed741212a04539dcfb37eda08fe2,FORMAL_PROSPECTIVE_SHADOW_COHORT_V1,SERVER_TASK_RECORD
69,formal-v1-trial-069-attempt-0,0,TASK_RECORD,formal-v1/trial-069/attempt-0/run/trajs/stonehenge_ball-to-ellipsoid.json,149020,12ce1be67e832b7a91b75797adf53011c0e7180186629319681adf0bca0cfde7,e8ea8f3fda15ab81664829ea6f71fcb37f772ad613c13f61007856c16117791a,5e20a3f0504205e8d65b91033638c5af0909ed741212a04539dcfb37eda08fe2,FORMAL_PROSPECTIVE_SHADOW_COHORT_V1,SERVER_TASK_RECORD
69,formal-v1-trial-069-attempt-0,0,LOG,formal-v1/trial-069/attempt-0/stderr.log,14416,1e97358c732b550e63d878f4f38dac4644c8d2cb17df814d92c093a3a9eb1c5b,e8ea8f3fda15ab81664829ea6f71fcb37f772ad613c13f61007856c16117791a,5e20a3f0504205e8d65b91033638c5af0909ed741212a04539dcfb37eda08fe2,FORMAL_PROSPECTIVE_SHADOW_COHORT_V1,SERVER_ONLY_RAW
69,formal-v1-trial-069-attempt-0,0,LOG,formal-v1/trial-069/attempt-0/stdout.log,1495,1786ab15935c2a794701710f7cf94aeb8aa0c67495a8b505bfa71ffcd8fbc2a2,e8ea8f3fda15ab81664829ea6f71fcb37f772ad613c13f61007856c16117791a,5e20a3f0504205e8d65b91033638c5af0909ed741212a04539dcfb37eda08fe2,FORMAL_PROSPECTIVE_SHADOW_COHORT_V1,SERVER_ONLY_RAW
70,formal-v1-trial-070-attempt-0,0,TASK_RECORD,formal-v1/trial-070/attempt-0/formal_attempt_identity.json,839,639a576680a5582dd11da51521400563e2694eac24a96867ac0da4ca51d74dce,e8ea8f3fda15ab81664829ea6f71fcb37f772ad613c13f61007856c16117791a,5e20a3f0504205e8d65b91033638c5af0909ed741212a04539dcfb37eda08fe2,FORMAL_PROSPECTIVE_SHADOW_COHORT_V1,SERVER_TASK_RECORD
70,formal-v1-trial-070-attempt-0,0,TASK_RECORD,formal-v1/trial-070/attempt-0/outcome_blind_qc.json,1215,29306b20138d3caa9423a60933febb1b18d2074fc3a1a9fb85d5401a38a604eb,e8ea8f3fda15ab81664829ea6f71fcb37f772ad613c13f61007856c16117791a,5e20a3f0504205e8d65b91033638c5af0909ed741212a04539dcfb37eda08fe2,FORMAL_PROSPECTIVE_SHADOW_COHORT_V1,SERVER_TASK_RECORD
70,formal-v1-trial-070-attempt-0,0,TASK_RECORD,formal-v1/trial-070/attempt-0/process_result.json,437,499a5237070a29ee877d5292074e5233e021ed9431051f33161d3a8fc3730ead,e8ea8f3fda15ab81664829ea6f71fcb37f772ad613c13f61007856c16117791a,5e20a3f0504205e8d65b91033638c5af0909ed741212a04539dcfb37eda08fe2,FORMAL_PROSPECTIVE_SHADOW_COHORT_V1,SERVER_TASK_RECORD
70,formal-v1-trial-070-attempt-0,0,TASK_RECORD,formal-v1/trial-070/attempt-0/run/arm_activation.json,927,ac202564832f804f24f45bf56666f9971f249860382abb6c83ad359038430d6f,e8ea8f3fda15ab81664829ea6f71fcb37f772ad613c13f61007856c16117791a,5e20a3f0504205e8d65b91033638c5af0909ed741212a04539dcfb37eda08fe2,FORMAL_PROSPECTIVE_SHADOW_COHORT_V1,SERVER_TASK_RECORD
70,formal-v1-trial-070-attempt-0,0,TASK_RECORD,formal-v1/trial-070/attempt-0/run/environment_identity.json,1129,821b5fe162690b6ccf0491db5d24d67f635146d8017765f4c44faaccd5d701a3,e8ea8f3fda15ab81664829ea6f71fcb37f772ad613c13f61007856c16117791a,5e20a3f0504205e8d65b91033638c5af0909ed741212a04539dcfb37eda08fe2,FORMAL_PROSPECTIVE_SHADOW_COHORT_V1,SERVER_TASK_RECORD
70,formal-v1-trial-070-attempt-0,0,RAW_JSONL,formal-v1/trial-070/attempt-0/run/instrumentation/instrumentation_health_log.jsonl,73044,b8c46b30402ef8549e10a2964cb0abe02cefe95ee255fc851db2981d740dbe73,e8ea8f3fda15ab81664829ea6f71fcb37f772ad613c13f61007856c16117791a,5e20a3f0504205e8d65b91033638c5af0909ed741212a04539dcfb37eda08fe2,FORMAL_PROSPECTIVE_SHADOW_COHORT_V1,SERVER_ONLY_RAW
70,formal-v1-trial-070-attempt-0,0,TASK_RECORD,formal-v1/trial-070/attempt-0/run/instrumentation/map_authority_manifest.json,983,7c19db927e0a59f20cbd1edb905076e75f12562e341d6ec56d291423a356f586,e8ea8f3fda15ab81664829ea6f71fcb37f772ad613c13f61007856c16117791a,5e20a3f0504205e8d65b91033638c5af0909ed741212a04539dcfb37eda08fe2,FORMAL_PROSPECTIVE_SHADOW_COHORT_V1,SERVER_TASK_RECORD
70,formal-v1-trial-070-attempt-0,0,RAW_JSONL,formal-v1/trial-070/attempt-0/run/instrumentation/shadow_certificate_result_log.jsonl,204068,aabb10fbde7fc4523fa61f84ed54ecf98231ebc9cd44f143401890c05c92d286,e8ea8f3fda15ab81664829ea6f71fcb37f772ad613c13f61007856c16117791a,5e20a3f0504205e8d65b91033638c5af0909ed741212a04539dcfb37eda08fe2,FORMAL_PROSPECTIVE_SHADOW_COHORT_V1,SERVER_ONLY_RAW
70,formal-v1-trial-070-attempt-0,0,RAW_JSONL,formal-v1/trial-070/attempt-0/run/instrumentation/step_capture_log.jsonl,372099,8c3c9429a463e60782a6db1b1f5306ad58ce832bbcfa30e9a54397b436148106,e8ea8f3fda15ab81664829ea6f71fcb37f772ad613c13f61007856c16117791a,5e20a3f0504205e8d65b91033638c5af0909ed741212a04539dcfb37eda08fe2,FORMAL_PROSPECTIVE_SHADOW_COHORT_V1,SERVER_ONLY_RAW
70,formal-v1-trial-070-attempt-0,0,TASK_RECORD,formal-v1/trial-070/attempt-0/run/primary_trace.json,314719,ac4731152705b07513337bac8d11c384e84f2a4c0affba076031ab68473fb0c0,e8ea8f3fda15ab81664829ea6f71fcb37f772ad613c13f61007856c16117791a,5e20a3f0504205e8d65b91033638c5af0909ed741212a04539dcfb37eda08fe2,FORMAL_PROSPECTIVE_SHADOW_COHORT_V1,SERVER_TASK_RECORD
70,formal-v1-trial-070-attempt-0,0,TASK_RECORD,formal-v1/trial-070/attempt-0/run/run_metadata.json,841,ab1fdc7b6a10d01d4864284403cad3d2d68480df7f65c444648ed264dfa13242,e8ea8f3fda15ab81664829ea6f71fcb37f772ad613c13f61007856c16117791a,5e20a3f0504205e8d65b91033638c5af0909ed741212a04539dcfb37eda08fe2,FORMAL_PROSPECTIVE_SHADOW_COHORT_V1,SERVER_TASK_RECORD
70,formal-v1-trial-070-attempt-0,0,TASK_RECORD,formal-v1/trial-070/attempt-0/run/trajs/stonehenge_ball-to-ellipsoid.json,126651,f7c8afb492a5de522f6c64100020c26e35ab2389e910bc25923d69e8e2750df5,e8ea8f3fda15ab81664829ea6f71fcb37f772ad613c13f61007856c16117791a,5e20a3f0504205e8d65b91033638c5af0909ed741212a04539dcfb37eda08fe2,FORMAL_PROSPECTIVE_SHADOW_COHORT_V1,SERVER_TASK_RECORD
70,formal-v1-trial-070-attempt-0,0,LOG,formal-v1/trial-070/attempt-0/stderr.log,12183,9ec201eafdeba971cd0a5ad446a2672938e500c6b291a8c264be9554ac937fa4,e8ea8f3fda15ab81664829ea6f71fcb37f772ad613c13f61007856c16117791a,5e20a3f0504205e8d65b91033638c5af0909ed741212a04539dcfb37eda08fe2,FORMAL_PROSPECTIVE_SHADOW_COHORT_V1,SERVER_ONLY_RAW
70,formal-v1-trial-070-attempt-0,0,LOG,formal-v1/trial-070/attempt-0/stdout.log,1494,cd17c11b104b67c4fe95d93f163f18993efcc4a2419b99c4d3709e0e0d0ebaf5,e8ea8f3fda15ab81664829ea6f71fcb37f772ad613c13f61007856c16117791a,5e20a3f0504205e8d65b91033638c5af0909ed741212a04539dcfb37eda08fe2,FORMAL_PROSPECTIVE_SHADOW_COHORT_V1,SERVER_ONLY_RAW
71,formal-v1-trial-071-attempt-0,0,TASK_RECORD,formal-v1/trial-071/attempt-0/formal_attempt_identity.json,839,c3ab4a1dfa63541ebced4be70f290b57b8c39730cbf8aded2dc7d49a8a1845b3,e8ea8f3fda15ab81664829ea6f71fcb37f772ad613c13f61007856c16117791a,5e20a3f0504205e8d65b91033638c5af0909ed741212a04539dcfb37eda08fe2,FORMAL_PROSPECTIVE_SHADOW_COHORT_V1,SERVER_TASK_RECORD
71,formal-v1-trial-071-attempt-0,0,TASK_RECORD,formal-v1/trial-071/attempt-0/outcome_blind_qc.json,1215,6a54440fc23a4f7e04c8b0820db313b8ed73420527fcd7d3ddd97e4d97f14180,e8ea8f3fda15ab81664829ea6f71fcb37f772ad613c13f61007856c16117791a,5e20a3f0504205e8d65b91033638c5af0909ed741212a04539dcfb37eda08fe2,FORMAL_PROSPECTIVE_SHADOW_COHORT_V1,SERVER_TASK_RECORD
71,formal-v1-trial-071-attempt-0,0,TASK_RECORD,formal-v1/trial-071/attempt-0/process_result.json,437,1b15a60743b5c46d812b3faac9523ce027937f5d764c48350c086ab7182535ae,e8ea8f3fda15ab81664829ea6f71fcb37f772ad613c13f61007856c16117791a,5e20a3f0504205e8d65b91033638c5af0909ed741212a04539dcfb37eda08fe2,FORMAL_PROSPECTIVE_SHADOW_COHORT_V1,SERVER_TASK_RECORD
71,formal-v1-trial-071-attempt-0,0,TASK_RECORD,formal-v1/trial-071/attempt-0/run/arm_activation.json,927,c628f6c31ea7fd34166d2f121e60ae54d70d83a63ca6f044eeab5f86ad0ab552,e8ea8f3fda15ab81664829ea6f71fcb37f772ad613c13f61007856c16117791a,5e20a3f0504205e8d65b91033638c5af0909ed741212a04539dcfb37eda08fe2,FORMAL_PROSPECTIVE_SHADOW_COHORT_V1,SERVER_TASK_RECORD
71,formal-v1-trial-071-attempt-0,0,TASK_RECORD,formal-v1/trial-071/attempt-0/run/environment_identity.json,1129,6e3013d16d6c332b0c61d9cc0d03550d68328855c878d22c198bc28757ffefbc,e8ea8f3fda15ab81664829ea6f71fcb37f772ad613c13f61007856c16117791a,5e20a3f0504205e8d65b91033638c5af0909ed741212a04539dcfb37eda08fe2,FORMAL_PROSPECTIVE_SHADOW_COHORT_V1,SERVER_TASK_RECORD
71,formal-v1-trial-071-attempt-0,0,RAW_JSONL,formal-v1/trial-071/attempt-0/run/instrumentation/instrumentation_health_log.jsonl,67260,4f3f706467776cce653977ec20d0cc33a5118c965916f7e8931eabbf2cd3b405,e8ea8f3fda15ab81664829ea6f71fcb37f772ad613c13f61007856c16117791a,5e20a3f0504205e8d65b91033638c5af0909ed741212a04539dcfb37eda08fe2,FORMAL_PROSPECTIVE_SHADOW_COHORT_V1,SERVER_ONLY_RAW
71,formal-v1-trial-071-attempt-0,0,TASK_RECORD,formal-v1/trial-071/attempt-0/run/instrumentation/map_authority_manifest.json,983,7c19db927e0a59f20cbd1edb905076e75f12562e341d6ec56d291423a356f586,e8ea8f3fda15ab81664829ea6f71fcb37f772ad613c13f61007856c16117791a,5e20a3f0504205e8d65b91033638c5af0909ed741212a04539dcfb37eda08fe2,FORMAL_PROSPECTIVE_SHADOW_COHORT_V1,SERVER_TASK_RECORD
71,formal-v1-trial-071-attempt-0,0,RAW_JSONL,formal-v1/trial-071/attempt-0/run/instrumentation/shadow_certificate_result_log.jsonl,187940,82f297b73c2c3198cf89dc47d510a41ef532f474a50e973ed0370410dd3f02df,e8ea8f3fda15ab81664829ea6f71fcb37f772ad613c13f61007856c16117791a,5e20a3f0504205e8d65b91033638c5af0909ed741212a04539dcfb37eda08fe2,FORMAL_PROSPECTIVE_SHADOW_COHORT_V1,SERVER_ONLY_RAW
71,formal-v1-trial-071-attempt-0,0,RAW_JSONL,formal-v1/trial-071/attempt-0/run/instrumentation/step_capture_log.jsonl,342596,b8d4bfa562d0c560239e9d1de7056a43df29ecb3540dbb520a8775a0380626de,e8ea8f3fda15ab81664829ea6f71fcb37f772ad613c13f61007856c16117791a,5e20a3f0504205e8d65b91033638c5af0909ed741212a04539dcfb37eda08fe2,FORMAL_PROSPECTIVE_SHADOW_COHORT_V1,SERVER_ONLY_RAW
71,formal-v1-trial-071-attempt-0,0,TASK_RECORD,formal-v1/trial-071/attempt-0/run/primary_trace.json,290184,a5426d3e28259edfecf912b68c86e16775f34b9d5f3669e53225f87d9053a08e,e8ea8f3fda15ab81664829ea6f71fcb37f772ad613c13f61007856c16117791a,5e20a3f0504205e8d65b91033638c5af0909ed741212a04539dcfb37eda08fe2,FORMAL_PROSPECTIVE_SHADOW_COHORT_V1,SERVER_TASK_RECORD
71,formal-v1-trial-071-attempt-0,0,TASK_RECORD,formal-v1/trial-071/attempt-0/run/run_metadata.json,841,2e5f2c8ffe7739a608b124af03ef54f7acdbcb99850cb92f26bc738bd635518f,e8ea8f3fda15ab81664829ea6f71fcb37f772ad613c13f61007856c16117791a,5e20a3f0504205e8d65b91033638c5af0909ed741212a04539dcfb37eda08fe2,FORMAL_PROSPECTIVE_SHADOW_COHORT_V1,SERVER_TASK_RECORD
71,formal-v1-trial-071-attempt-0,0,TASK_RECORD,formal-v1/trial-071/attempt-0/run/trajs/stonehenge_ball-to-ellipsoid.json,116615,4fafa5061f63484262379e3829b861554e4221738fdc82e6d4997bf003549dd8,e8ea8f3fda15ab81664829ea6f71fcb37f772ad613c13f61007856c16117791a,5e20a3f0504205e8d65b91033638c5af0909ed741212a04539dcfb37eda08fe2,FORMAL_PROSPECTIVE_SHADOW_COHORT_V1,SERVER_TASK_RECORD
71,formal-v1-trial-071-attempt-0,0,LOG,formal-v1/trial-071/attempt-0/stderr.log,11211,e1540a3568a4c2a58f56e179a86489ad7c4569223eb918f09e5e73606145255d,e8ea8f3fda15ab81664829ea6f71fcb37f772ad613c13f61007856c16117791a,5e20a3f0504205e8d65b91033638c5af0909ed741212a04539dcfb37eda08fe2,FORMAL_PROSPECTIVE_SHADOW_COHORT_V1,SERVER_ONLY_RAW
71,formal-v1-trial-071-attempt-0,0,LOG,formal-v1/trial-071/attempt-0/stdout.log,1494,05088ae2827daaa49d89f1500b457515745ccdb3ea4be7eb198fa04e7bda8aea,e8ea8f3fda15ab81664829ea6f71fcb37f772ad613c13f61007856c16117791a,5e20a3f0504205e8d65b91033638c5af0909ed741212a04539dcfb37eda08fe2,FORMAL_PROSPECTIVE_SHADOW_COHORT_V1,SERVER_ONLY_RAW
72,formal-v1-trial-072-attempt-0,0,TASK_RECORD,formal-v1/trial-072/attempt-0/formal_attempt_identity.json,839,95c931f0c441a4e59cb2bfa40d4f0bbf1a1c54ef7bf4acfaf87ca5f959bb53a7,e8ea8f3fda15ab81664829ea6f71fcb37f772ad613c13f61007856c16117791a,5e20a3f0504205e8d65b91033638c5af0909ed741212a04539dcfb37eda08fe2,FORMAL_PROSPECTIVE_SHADOW_COHORT_V1,SERVER_TASK_RECORD
72,formal-v1-trial-072-attempt-0,0,TASK_RECORD,formal-v1/trial-072/attempt-0/outcome_blind_qc.json,1211,c87d711945d25848acaf6134ab7cc89b0c03e01ab0a8edf9bf6647f2e948faee,e8ea8f3fda15ab81664829ea6f71fcb37f772ad613c13f61007856c16117791a,5e20a3f0504205e8d65b91033638c5af0909ed741212a04539dcfb37eda08fe2,FORMAL_PROSPECTIVE_SHADOW_COHORT_V1,SERVER_TASK_RECORD
72,formal-v1-trial-072-attempt-0,0,TASK_RECORD,formal-v1/trial-072/attempt-0/process_result.json,433,e0a9320d4adcbd133a1d98850a5e4c09e927a5618428d0589684db303a7a7d9d,e8ea8f3fda15ab81664829ea6f71fcb37f772ad613c13f61007856c16117791a,5e20a3f0504205e8d65b91033638c5af0909ed741212a04539dcfb37eda08fe2,FORMAL_PROSPECTIVE_SHADOW_COHORT_V1,SERVER_TASK_RECORD
72,formal-v1-trial-072-attempt-0,0,TASK_RECORD,formal-v1/trial-072/attempt-0/run/arm_activation.json,922,d7c46724cb84a9bf36eef3eea5be06c632d01dd255222badec1393eaf44ed55f,e8ea8f3fda15ab81664829ea6f71fcb37f772ad613c13f61007856c16117791a,5e20a3f0504205e8d65b91033638c5af0909ed741212a04539dcfb37eda08fe2,FORMAL_PROSPECTIVE_SHADOW_COHORT_V1,SERVER_TASK_RECORD
72,formal-v1-trial-072-attempt-0,0,TASK_RECORD,formal-v1/trial-072/attempt-0/run/environment_identity.json,1129,da67747320d69fb84f274119c0733ed212d1f226631094af3d94c67ce2c62f0d,e8ea8f3fda15ab81664829ea6f71fcb37f772ad613c13f61007856c16117791a,5e20a3f0504205e8d65b91033638c5af0909ed741212a04539dcfb37eda08fe2,FORMAL_PROSPECTIVE_SHADOW_COHORT_V1,SERVER_TASK_RECORD
72,formal-v1-trial-072-attempt-0,0,RAW_JSONL,formal-v1/trial-072/attempt-0/run/instrumentation/instrumentation_health_log.jsonl,18220,422ddc24d72cdc4a59296564ac31b965cf1ed08e86eed7d666aeb5a898fa36ae,e8ea8f3fda15ab81664829ea6f71fcb37f772ad613c13f61007856c16117791a,5e20a3f0504205e8d65b91033638c5af0909ed741212a04539dcfb37eda08fe2,FORMAL_PROSPECTIVE_SHADOW_COHORT_V1,SERVER_ONLY_RAW
72,formal-v1-trial-072-attempt-0,0,TASK_RECORD,formal-v1/trial-072/attempt-0/run/instrumentation/map_authority_manifest.json,983,7c19db927e0a59f20cbd1edb905076e75f12562e341d6ec56d291423a356f586,e8ea8f3fda15ab81664829ea6f71fcb37f772ad613c13f61007856c16117791a,5e20a3f0504205e8d65b91033638c5af0909ed741212a04539dcfb37eda08fe2,FORMAL_PROSPECTIVE_SHADOW_COHORT_V1,SERVER_TASK_RECORD
72,formal-v1-trial-072-attempt-0,0,RAW_JSONL,formal-v1/trial-072/attempt-0/run/instrumentation/shadow_certificate_result_log.jsonl,50976,25ce3d5f1556df229084292552273d9a8cb4b380e4b00ad79a9c265d6a3e6243,e8ea8f3fda15ab81664829ea6f71fcb37f772ad613c13f61007856c16117791a,5e20a3f0504205e8d65b91033638c5af0909ed741212a04539dcfb37eda08fe2,FORMAL_PROSPECTIVE_SHADOW_COHORT_V1,SERVER_ONLY_RAW
72,formal-v1-trial-072-attempt-0,0,RAW_JSONL,formal-v1/trial-072/attempt-0/run/instrumentation/step_capture_log.jsonl,92834,6b31c10103c0da4f63230e591ecb81b3f01e3e52d11e98cf8dd6a57932235da6,e8ea8f3fda15ab81664829ea6f71fcb37f772ad613c13f61007856c16117791a,5e20a3f0504205e8d65b91033638c5af0909ed741212a04539dcfb37eda08fe2,FORMAL_PROSPECTIVE_SHADOW_COHORT_V1,SERVER_ONLY_RAW
72,formal-v1-trial-072-attempt-0,0,TASK_RECORD,formal-v1/trial-072/attempt-0/run/primary_trace.json,78812,ad420b0c5b1cf6f07dba8b9a632b88fc7354cf2d9bf191e9d53b20171af9253d,e8ea8f3fda15ab81664829ea6f71fcb37f772ad613c13f61007856c16117791a,5e20a3f0504205e8d65b91033638c5af0909ed741212a04539dcfb37eda08fe2,FORMAL_PROSPECTIVE_SHADOW_COHORT_V1,SERVER_TASK_RECORD
72,formal-v1-trial-072-attempt-0,0,TASK_RECORD,formal-v1/trial-072/attempt-0/run/run_metadata.json,840,5f3719d18fd9b0db3d9a96f9ca3b07587431938aa9a2759729e60aea3f19cac9,e8ea8f3fda15ab81664829ea6f71fcb37f772ad613c13f61007856c16117791a,5e20a3f0504205e8d65b91033638c5af0909ed741212a04539dcfb37eda08fe2,FORMAL_PROSPECTIVE_SHADOW_COHORT_V1,SERVER_TASK_RECORD
72,formal-v1-trial-072-attempt-0,0,TASK_RECORD,formal-v1/trial-072/attempt-0/run/trajs/stonehenge_ball-to-ellipsoid.json,32284,1c720806ff260f39ff9ef5b5740c555bf8915b66d923385c8ddd1ef803a5246f,e8ea8f3fda15ab81664829ea6f71fcb37f772ad613c13f61007856c16117791a,5e20a3f0504205e8d65b91033638c5af0909ed741212a04539dcfb37eda08fe2,FORMAL_PROSPECTIVE_SHADOW_COHORT_V1,SERVER_TASK_RECORD
72,formal-v1-trial-072-attempt-0,0,LOG,formal-v1/trial-072/attempt-0/stderr.log,3182,ba8fd7fd1588c9c855a82048f33fb395cdb989d7d55330c714075c9ca0a9a4ec,e8ea8f3fda15ab81664829ea6f71fcb37f772ad613c13f61007856c16117791a,5e20a3f0504205e8d65b91033638c5af0909ed741212a04539dcfb37eda08fe2,FORMAL_PROSPECTIVE_SHADOW_COHORT_V1,SERVER_ONLY_RAW
72,formal-v1-trial-072-attempt-0,0,LOG,formal-v1/trial-072/attempt-0/stdout.log,1493,ef240060b8b4d33bff7e5010d149b7035b11d7242c9a7197221b365552aa7637,e8ea8f3fda15ab81664829ea6f71fcb37f772ad613c13f61007856c16117791a,5e20a3f0504205e8d65b91033638c5af0909ed741212a04539dcfb37eda08fe2,FORMAL_PROSPECTIVE_SHADOW_COHORT_V1,SERVER_ONLY_RAW
73,formal-v1-trial-073-attempt-0,0,TASK_RECORD,formal-v1/trial-073/attempt-0/formal_attempt_identity.json,839,9d668949b02af61eb3bb0bcdc0e53da3201075f39e875a40878d6bcae531ff6b,e8ea8f3fda15ab81664829ea6f71fcb37f772ad613c13f61007856c16117791a,5e20a3f0504205e8d65b91033638c5af0909ed741212a04539dcfb37eda08fe2,FORMAL_PROSPECTIVE_SHADOW_COHORT_V1,SERVER_TASK_RECORD
73,formal-v1-trial-073-attempt-0,0,TASK_RECORD,formal-v1/trial-073/attempt-0/outcome_blind_qc.json,1211,24879d98a10cf7c3dd72748c6e73a53d38d5c8c82144bc4ebf3b697df5792ab4,e8ea8f3fda15ab81664829ea6f71fcb37f772ad613c13f61007856c16117791a,5e20a3f0504205e8d65b91033638c5af0909ed741212a04539dcfb37eda08fe2,FORMAL_PROSPECTIVE_SHADOW_COHORT_V1,SERVER_TASK_RECORD
73,formal-v1-trial-073-attempt-0,0,TASK_RECORD,formal-v1/trial-073/attempt-0/process_result.json,433,ed10459e1c6e4182d3bf72fb94bf34d9873a4af5e7286cc023444206f8487a8e,e8ea8f3fda15ab81664829ea6f71fcb37f772ad613c13f61007856c16117791a,5e20a3f0504205e8d65b91033638c5af0909ed741212a04539dcfb37eda08fe2,FORMAL_PROSPECTIVE_SHADOW_COHORT_V1,SERVER_TASK_RECORD
73,formal-v1-trial-073-attempt-0,0,TASK_RECORD,formal-v1/trial-073/attempt-0/run/arm_activation.json,922,2b054f9c6dc1e745abb3b566e290d87db480d38d3e0fb45462cb57ecf5c43c5a,e8ea8f3fda15ab81664829ea6f71fcb37f772ad613c13f61007856c16117791a,5e20a3f0504205e8d65b91033638c5af0909ed741212a04539dcfb37eda08fe2,FORMAL_PROSPECTIVE_SHADOW_COHORT_V1,SERVER_TASK_RECORD
73,formal-v1-trial-073-attempt-0,0,TASK_RECORD,formal-v1/trial-073/attempt-0/run/environment_identity.json,1129,3343b44cbfcc48009e724f8e3bf447e3fb5f38316f695d6ba91ab57089dce51d,e8ea8f3fda15ab81664829ea6f71fcb37f772ad613c13f61007856c16117791a,5e20a3f0504205e8d65b91033638c5af0909ed741212a04539dcfb37eda08fe2,FORMAL_PROSPECTIVE_SHADOW_COHORT_V1,SERVER_TASK_RECORD
73,formal-v1-trial-073-attempt-0,0,RAW_JSONL,formal-v1/trial-073/attempt-0/run/instrumentation/instrumentation_health_log.jsonl,19660,98b51b3d2276cc8dc538f2e42997002ba2a734d77f3f65d2b69cf3745b29d243,e8ea8f3fda15ab81664829ea6f71fcb37f772ad613c13f61007856c16117791a,5e20a3f0504205e8d65b91033638c5af0909ed741212a04539dcfb37eda08fe2,FORMAL_PROSPECTIVE_SHADOW_COHORT_V1,SERVER_ONLY_RAW
73,formal-v1-trial-073-attempt-0,0,TASK_RECORD,formal-v1/trial-073/attempt-0/run/instrumentation/map_authority_manifest.json,983,7c19db927e0a59f20cbd1edb905076e75f12562e341d6ec56d291423a356f586,e8ea8f3fda15ab81664829ea6f71fcb37f772ad613c13f61007856c16117791a,5e20a3f0504205e8d65b91033638c5af0909ed741212a04539dcfb37eda08fe2,FORMAL_PROSPECTIVE_SHADOW_COHORT_V1,SERVER_TASK_RECORD
73,formal-v1-trial-073-attempt-0,0,RAW_JSONL,formal-v1/trial-073/attempt-0/run/instrumentation/shadow_certificate_result_log.jsonl,55002,efa1c7e548fa2b2b88ef9945fe17dae6ebf87cd26acf8acbccf3e1f120dab73b,e8ea8f3fda15ab81664829ea6f71fcb37f772ad613c13f61007856c16117791a,5e20a3f0504205e8d65b91033638c5af0909ed741212a04539dcfb37eda08fe2,FORMAL_PROSPECTIVE_SHADOW_COHORT_V1,SERVER_ONLY_RAW
73,formal-v1-trial-073-attempt-0,0,RAW_JSONL,formal-v1/trial-073/attempt-0/run/instrumentation/step_capture_log.jsonl,100245,679ba656e3a5b5f709c320016a8b8d53d226083a63b2e6e979d2ef54c01e7c16,e8ea8f3fda15ab81664829ea6f71fcb37f772ad613c13f61007856c16117791a,5e20a3f0504205e8d65b91033638c5af0909ed741212a04539dcfb37eda08fe2,FORMAL_PROSPECTIVE_SHADOW_COHORT_V1,SERVER_ONLY_RAW
73,formal-v1-trial-073-attempt-0,0,TASK_RECORD,formal-v1/trial-073/attempt-0/run/primary_trace.json,85160,93722b4f438b29f2a1968ba96a007a312d598e36c8791ed91c78f1edf23b11bf,e8ea8f3fda15ab81664829ea6f71fcb37f772ad613c13f61007856c16117791a,5e20a3f0504205e8d65b91033638c5af0909ed741212a04539dcfb37eda08fe2,FORMAL_PROSPECTIVE_SHADOW_COHORT_V1,SERVER_TASK_RECORD
73,formal-v1-trial-073-attempt-0,0,TASK_RECORD,formal-v1/trial-073/attempt-0/run/run_metadata.json,840,aa8d9c4c5a7745f283c93b4fa791189fb4aa4a565e99098183373fe08f502258,e8ea8f3fda15ab81664829ea6f71fcb37f772ad613c13f61007856c16117791a,5e20a3f0504205e8d65b91033638c5af0909ed741212a04539dcfb37eda08fe2,FORMAL_PROSPECTIVE_SHADOW_COHORT_V1,SERVER_TASK_RECORD
73,formal-v1-trial-073-attempt-0,0,TASK_RECORD,formal-v1/trial-073/attempt-0/run/trajs/stonehenge_ball-to-ellipsoid.json,34813,bc05901e0f65bbe041ee14fb665a3523e0b433ceac20429fdd1ae379f9eda36f,e8ea8f3fda15ab81664829ea6f71fcb37f772ad613c13f61007856c16117791a,5e20a3f0504205e8d65b91033638c5af0909ed741212a04539dcfb37eda08fe2,FORMAL_PROSPECTIVE_SHADOW_COHORT_V1,SERVER_TASK_RECORD
73,formal-v1-trial-073-attempt-0,0,LOG,formal-v1/trial-073/attempt-0/stderr.log,3410,4686348d8666acbe4202bda88055374064bf1c46d02c198a9e2f370680abd3bb,e8ea8f3fda15ab81664829ea6f71fcb37f772ad613c13f61007856c16117791a,5e20a3f0504205e8d65b91033638c5af0909ed741212a04539dcfb37eda08fe2,FORMAL_PROSPECTIVE_SHADOW_COHORT_V1,SERVER_ONLY_RAW
73,formal-v1-trial-073-attempt-0,0,LOG,formal-v1/trial-073/attempt-0/stdout.log,1493,d0e57697b32c2f401f0fe5d9870db3e813440f10ca7bf70fec9f47c9ab68d3a1,e8ea8f3fda15ab81664829ea6f71fcb37f772ad613c13f61007856c16117791a,5e20a3f0504205e8d65b91033638c5af0909ed741212a04539dcfb37eda08fe2,FORMAL_PROSPECTIVE_SHADOW_COHORT_V1,SERVER_ONLY_RAW
74,formal-v1-trial-074-attempt-0,0,TASK_RECORD,formal-v1/trial-074/attempt-0/formal_attempt_identity.json,839,93fdda854d70ee6c63bc60674cc5e8788380809264e5862e6cedddc1811c8886,e8ea8f3fda15ab81664829ea6f71fcb37f772ad613c13f61007856c16117791a,5e20a3f0504205e8d65b91033638c5af0909ed741212a04539dcfb37eda08fe2,FORMAL_PROSPECTIVE_SHADOW_COHORT_V1,SERVER_TASK_RECORD
74,formal-v1-trial-074-attempt-0,0,TASK_RECORD,formal-v1/trial-074/attempt-0/outcome_blind_qc.json,1211,8fad0f1596b82e53eafc6a9190f55d0ce99c9a7f7f3ef9304d5b074dd58f756a,e8ea8f3fda15ab81664829ea6f71fcb37f772ad613c13f61007856c16117791a,5e20a3f0504205e8d65b91033638c5af0909ed741212a04539dcfb37eda08fe2,FORMAL_PROSPECTIVE_SHADOW_COHORT_V1,SERVER_TASK_RECORD
74,formal-v1-trial-074-attempt-0,0,TASK_RECORD,formal-v1/trial-074/attempt-0/process_result.json,433,9bd4bff102689d00305c0a32cda6871149bfcecbf9c1176e31938294b39ef367,e8ea8f3fda15ab81664829ea6f71fcb37f772ad613c13f61007856c16117791a,5e20a3f0504205e8d65b91033638c5af0909ed741212a04539dcfb37eda08fe2,FORMAL_PROSPECTIVE_SHADOW_COHORT_V1,SERVER_TASK_RECORD
74,formal-v1-trial-074-attempt-0,0,TASK_RECORD,formal-v1/trial-074/attempt-0/run/arm_activation.json,922,b071546ddc42e445708697eaa2c08f852cd49a8d572a20c192c3ef24bd19d127,e8ea8f3fda15ab81664829ea6f71fcb37f772ad613c13f61007856c16117791a,5e20a3f0504205e8d65b91033638c5af0909ed741212a04539dcfb37eda08fe2,FORMAL_PROSPECTIVE_SHADOW_COHORT_V1,SERVER_TASK_RECORD
74,formal-v1-trial-074-attempt-0,0,TASK_RECORD,formal-v1/trial-074/attempt-0/run/environment_identity.json,1129,727fbeeee1ab98db316a0268e77565e23bfe2ccdf867f30d598a297e5f7cb01c,e8ea8f3fda15ab81664829ea6f71fcb37f772ad613c13f61007856c16117791a,5e20a3f0504205e8d65b91033638c5af0909ed741212a04539dcfb37eda08fe2,FORMAL_PROSPECTIVE_SHADOW_COHORT_V1,SERVER_TASK_RECORD
74,formal-v1-trial-074-attempt-0,0,RAW_JSONL,formal-v1/trial-074/attempt-0/run/instrumentation/instrumentation_health_log.jsonl,12940,af4c3aca7b7e0b3cdd91628d22888ddf0c33e2811291951b4c1f675a66365eaa,e8ea8f3fda15ab81664829ea6f71fcb37f772ad613c13f61007856c16117791a,5e20a3f0504205e8d65b91033638c5af0909ed741212a04539dcfb37eda08fe2,FORMAL_PROSPECTIVE_SHADOW_COHORT_V1,SERVER_ONLY_RAW
74,formal-v1-trial-074-attempt-0,0,TASK_RECORD,formal-v1/trial-074/attempt-0/run/instrumentation/map_authority_manifest.json,983,7c19db927e0a59f20cbd1edb905076e75f12562e341d6ec56d291423a356f586,e8ea8f3fda15ab81664829ea6f71fcb37f772ad613c13f61007856c16117791a,5e20a3f0504205e8d65b91033638c5af0909ed741212a04539dcfb37eda08fe2,FORMAL_PROSPECTIVE_SHADOW_COHORT_V1,SERVER_TASK_RECORD
74,formal-v1-trial-074-attempt-0,0,RAW_JSONL,formal-v1/trial-074/attempt-0/run/instrumentation/shadow_certificate_result_log.jsonl,36214,aede03240c4fd2fa1f54657a4c6e4ba1bf0c57ec7bbb347df780c2b52653a7c6,e8ea8f3fda15ab81664829ea6f71fcb37f772ad613c13f61007856c16117791a,5e20a3f0504205e8d65b91033638c5af0909ed741212a04539dcfb37eda08fe2,FORMAL_PROSPECTIVE_SHADOW_COHORT_V1,SERVER_ONLY_RAW
74,formal-v1-trial-074-attempt-0,0,RAW_JSONL,formal-v1/trial-074/attempt-0/run/instrumentation/step_capture_log.jsonl,66019,20b328a7966054577ac96112e5f684d840b5d973d0d898199861c47f6378f4ba,e8ea8f3fda15ab81664829ea6f71fcb37f772ad613c13f61007856c16117791a,5e20a3f0504205e8d65b91033638c5af0909ed741212a04539dcfb37eda08fe2,FORMAL_PROSPECTIVE_SHADOW_COHORT_V1,SERVER_ONLY_RAW
74,formal-v1-trial-074-attempt-0,0,TASK_RECORD,formal-v1/trial-074/attempt-0/run/primary_trace.json,56258,0b27f8374720c0da83e6aef840bc9bff2b65d0d227f3865de1a0151070c16e10,e8ea8f3fda15ab81664829ea6f71fcb37f772ad613c13f61007856c16117791a,5e20a3f0504205e8d65b91033638c5af0909ed741212a04539dcfb37eda08fe2,FORMAL_PROSPECTIVE_SHADOW_COHORT_V1,SERVER_TASK_RECORD
74,formal-v1-trial-074-attempt-0,0,TASK_RECORD,formal-v1/trial-074/attempt-0/run/run_metadata.json,840,4bce8e5fb91c1c7d61d9b988bb52dccff58a3c034105cebb2c976f1319cb238f,e8ea8f3fda15ab81664829ea6f71fcb37f772ad613c13f61007856c16117791a,5e20a3f0504205e8d65b91033638c5af0909ed741212a04539dcfb37eda08fe2,FORMAL_PROSPECTIVE_SHADOW_COHORT_V1,SERVER_TASK_RECORD
74,formal-v1-trial-074-attempt-0,0,TASK_RECORD,formal-v1/trial-074/attempt-0/run/trajs/stonehenge_ball-to-ellipsoid.json,23270,91e210f1c29d3465ce02a0f7a217c44221678103e7bf15b06a6b03fd7644ee6c,e8ea8f3fda15ab81664829ea6f71fcb37f772ad613c13f61007856c16117791a,5e20a3f0504205e8d65b91033638c5af0909ed741212a04539dcfb37eda08fe2,FORMAL_PROSPECTIVE_SHADOW_COHORT_V1,SERVER_TASK_RECORD
74,formal-v1-trial-074-attempt-0,0,LOG,formal-v1/trial-074/attempt-0/stderr.log,2346,64eef2bcd4e8ac9ec045ea7a3a9a4365382fe695da192b887b463237eabd49d9,e8ea8f3fda15ab81664829ea6f71fcb37f772ad613c13f61007856c16117791a,5e20a3f0504205e8d65b91033638c5af0909ed741212a04539dcfb37eda08fe2,FORMAL_PROSPECTIVE_SHADOW_COHORT_V1,SERVER_ONLY_RAW
74,formal-v1-trial-074-attempt-0,0,LOG,formal-v1/trial-074/attempt-0/stdout.log,1494,f4f2aba1540caf59ed86a39489cd563291c5e6619d476ec1446cb78a154a015b,e8ea8f3fda15ab81664829ea6f71fcb37f772ad613c13f61007856c16117791a,5e20a3f0504205e8d65b91033638c5af0909ed741212a04539dcfb37eda08fe2,FORMAL_PROSPECTIVE_SHADOW_COHORT_V1,SERVER_ONLY_RAW
75,formal-v1-trial-075-attempt-0,0,TASK_RECORD,formal-v1/trial-075/attempt-0/formal_attempt_identity.json,839,b5f3b9a9da567b9fd814fe8571894c245460f82b41218179419b51c340a4e94b,e8ea8f3fda15ab81664829ea6f71fcb37f772ad613c13f61007856c16117791a,5e20a3f0504205e8d65b91033638c5af0909ed741212a04539dcfb37eda08fe2,FORMAL_PROSPECTIVE_SHADOW_COHORT_V1,SERVER_TASK_RECORD
75,formal-v1-trial-075-attempt-0,0,TASK_RECORD,formal-v1/trial-075/attempt-0/outcome_blind_qc.json,1215,57fc3bb0ca0076f05a90c480253c65a07224141534813fb50f4319175c1d9998,e8ea8f3fda15ab81664829ea6f71fcb37f772ad613c13f61007856c16117791a,5e20a3f0504205e8d65b91033638c5af0909ed741212a04539dcfb37eda08fe2,FORMAL_PROSPECTIVE_SHADOW_COHORT_V1,SERVER_TASK_RECORD
75,formal-v1-trial-075-attempt-0,0,TASK_RECORD,formal-v1/trial-075/attempt-0/process_result.json,437,dc19ac01738a6fa32d2d0c4f143038777aab9c30c4632d2853529bd76a730645,e8ea8f3fda15ab81664829ea6f71fcb37f772ad613c13f61007856c16117791a,5e20a3f0504205e8d65b91033638c5af0909ed741212a04539dcfb37eda08fe2,FORMAL_PROSPECTIVE_SHADOW_COHORT_V1,SERVER_TASK_RECORD
75,formal-v1-trial-075-attempt-0,0,TASK_RECORD,formal-v1/trial-075/attempt-0/run/arm_activation.json,927,fedb9db82d264e1b99bd84d31c74615921bd81a1965de43256eaa0aaaaf7934e,e8ea8f3fda15ab81664829ea6f71fcb37f772ad613c13f61007856c16117791a,5e20a3f0504205e8d65b91033638c5af0909ed741212a04539dcfb37eda08fe2,FORMAL_PROSPECTIVE_SHADOW_COHORT_V1,SERVER_TASK_RECORD
75,formal-v1-trial-075-attempt-0,0,TASK_RECORD,formal-v1/trial-075/attempt-0/run/environment_identity.json,1129,4427bbedfb98cb4bc90950f89030485826e0cad371f1b9992d177a5c622d6d7e,e8ea8f3fda15ab81664829ea6f71fcb37f772ad613c13f61007856c16117791a,5e20a3f0504205e8d65b91033638c5af0909ed741212a04539dcfb37eda08fe2,FORMAL_PROSPECTIVE_SHADOW_COHORT_V1,SERVER_TASK_RECORD
75,formal-v1-trial-075-attempt-0,0,RAW_JSONL,formal-v1/trial-075/attempt-0/run/instrumentation/instrumentation_health_log.jsonl,114496,2b4a0827b1e7a715f2c79f8939e28029b961e71f680a3a37b87b74f33884a9a2,e8ea8f3fda15ab81664829ea6f71fcb37f772ad613c13f61007856c16117791a,5e20a3f0504205e8d65b91033638c5af0909ed741212a04539dcfb37eda08fe2,FORMAL_PROSPECTIVE_SHADOW_COHORT_V1,SERVER_ONLY_RAW
75,formal-v1-trial-075-attempt-0,0,TASK_RECORD,formal-v1/trial-075/attempt-0/run/instrumentation/map_authority_manifest.json,983,7c19db927e0a59f20cbd1edb905076e75f12562e341d6ec56d291423a356f586,e8ea8f3fda15ab81664829ea6f71fcb37f772ad613c13f61007856c16117791a,5e20a3f0504205e8d65b91033638c5af0909ed741212a04539dcfb37eda08fe2,FORMAL_PROSPECTIVE_SHADOW_COHORT_V1,SERVER_TASK_RECORD
75,formal-v1-trial-075-attempt-0,0,RAW_JSONL,formal-v1/trial-075/attempt-0/run/instrumentation/shadow_certificate_result_log.jsonl,319652,58a849b19f271458994546bad3955b0064067b35aaf031cd812c5c700eb08bf6,e8ea8f3fda15ab81664829ea6f71fcb37f772ad613c13f61007856c16117791a,5e20a3f0504205e8d65b91033638c5af0909ed741212a04539dcfb37eda08fe2,FORMAL_PROSPECTIVE_SHADOW_COHORT_V1,SERVER_ONLY_RAW
75,formal-v1-trial-075-attempt-0,0,RAW_JSONL,formal-v1/trial-075/attempt-0/run/instrumentation/step_capture_log.jsonl,584592,d68d17c0fd1f4ffc8f48d77c110770ba8a64abfbfbd36ad9bbe373c7fc6b9fab,e8ea8f3fda15ab81664829ea6f71fcb37f772ad613c13f61007856c16117791a,5e20a3f0504205e8d65b91033638c5af0909ed741212a04539dcfb37eda08fe2,FORMAL_PROSPECTIVE_SHADOW_COHORT_V1,SERVER_ONLY_RAW
75,formal-v1-trial-075-attempt-0,0,TASK_RECORD,formal-v1/trial-075/attempt-0/run/primary_trace.json,495094,f06fb73b6607fe73b03f28b03d8f00d8b9f3affe42eb87d7df2839e84fff0368,e8ea8f3fda15ab81664829ea6f71fcb37f772ad613c13f61007856c16117791a,5e20a3f0504205e8d65b91033638c5af0909ed741212a04539dcfb37eda08fe2,FORMAL_PROSPECTIVE_SHADOW_COHORT_V1,SERVER_TASK_RECORD
75,formal-v1-trial-075-attempt-0,0,TASK_RECORD,formal-v1/trial-075/attempt-0/run/run_metadata.json,841,6dc65be380b15c61b6a0a11159fcea7c24ca605401036f629fe6a814f28e5283,e8ea8f3fda15ab81664829ea6f71fcb37f772ad613c13f61007856c16117791a,5e20a3f0504205e8d65b91033638c5af0909ed741212a04539dcfb37eda08fe2,FORMAL_PROSPECTIVE_SHADOW_COHORT_V1,SERVER_TASK_RECORD
75,formal-v1-trial-075-attempt-0,0,TASK_RECORD,formal-v1/trial-075/attempt-0/run/trajs/stonehenge_ball-to-ellipsoid.json,199002,f5e966b0bc77ce1a98dc9acf81a9fb79353573084214c998a588149648c94d20,e8ea8f3fda15ab81664829ea6f71fcb37f772ad613c13f61007856c16117791a,5e20a3f0504205e8d65b91033638c5af0909ed741212a04539dcfb37eda08fe2,FORMAL_PROSPECTIVE_SHADOW_COHORT_V1,SERVER_TASK_RECORD
75,formal-v1-trial-075-attempt-0,0,LOG,formal-v1/trial-075/attempt-0/stderr.log,19377,3061c07ee8437ced4233f447c3f03c8f4895e6df6aa30df8279e730e832210bf,e8ea8f3fda15ab81664829ea6f71fcb37f772ad613c13f61007856c16117791a,5e20a3f0504205e8d65b91033638c5af0909ed741212a04539dcfb37eda08fe2,FORMAL_PROSPECTIVE_SHADOW_COHORT_V1,SERVER_ONLY_RAW
75,formal-v1-trial-075-attempt-0,0,LOG,formal-v1/trial-075/attempt-0/stdout.log,1494,6c7e92a9c761fe54764a02b21b193b809d65578fd7fe927c0864a18924156fda,e8ea8f3fda15ab81664829ea6f71fcb37f772ad613c13f61007856c16117791a,5e20a3f0504205e8d65b91033638c5af0909ed741212a04539dcfb37eda08fe2,FORMAL_PROSPECTIVE_SHADOW_COHORT_V1,SERVER_ONLY_RAW
76,formal-v1-trial-076-attempt-0,0,TASK_RECORD,formal-v1/trial-076/attempt-0/formal_attempt_identity.json,839,9759834b99bc30bd09950aeba0d575b7d7435e471a8d517dd90e43c21460322a,e8ea8f3fda15ab81664829ea6f71fcb37f772ad613c13f61007856c16117791a,5e20a3f0504205e8d65b91033638c5af0909ed741212a04539dcfb37eda08fe2,FORMAL_PROSPECTIVE_SHADOW_COHORT_V1,SERVER_TASK_RECORD
76,formal-v1-trial-076-attempt-0,0,TASK_RECORD,formal-v1/trial-076/attempt-0/outcome_blind_qc.json,1215,63c13dfae56e1b54977bbf5d93deac1aec48d3a1f39834f546f08f748c67b647,e8ea8f3fda15ab81664829ea6f71fcb37f772ad613c13f61007856c16117791a,5e20a3f0504205e8d65b91033638c5af0909ed741212a04539dcfb37eda08fe2,FORMAL_PROSPECTIVE_SHADOW_COHORT_V1,SERVER_TASK_RECORD
76,formal-v1-trial-076-attempt-0,0,TASK_RECORD,formal-v1/trial-076/attempt-0/process_result.json,437,1ab37452349e8f17b466e9929b9005ff30f15ae4d55dc4a0eab236690df94ab5,e8ea8f3fda15ab81664829ea6f71fcb37f772ad613c13f61007856c16117791a,5e20a3f0504205e8d65b91033638c5af0909ed741212a04539dcfb37eda08fe2,FORMAL_PROSPECTIVE_SHADOW_COHORT_V1,SERVER_TASK_RECORD
76,formal-v1-trial-076-attempt-0,0,TASK_RECORD,formal-v1/trial-076/attempt-0/run/arm_activation.json,927,e93615d9c57ec6bd71e19dc608f0fba2c4775eb0fa15e6b8f53af76ea9a98d41,e8ea8f3fda15ab81664829ea6f71fcb37f772ad613c13f61007856c16117791a,5e20a3f0504205e8d65b91033638c5af0909ed741212a04539dcfb37eda08fe2,FORMAL_PROSPECTIVE_SHADOW_COHORT_V1,SERVER_TASK_RECORD
76,formal-v1-trial-076-attempt-0,0,TASK_RECORD,formal-v1/trial-076/attempt-0/run/environment_identity.json,1129,ba247593020bcac8002fc0884e1ff9637866263abf74f6746e7fadad17294288,e8ea8f3fda15ab81664829ea6f71fcb37f772ad613c13f61007856c16117791a,5e20a3f0504205e8d65b91033638c5af0909ed741212a04539dcfb37eda08fe2,FORMAL_PROSPECTIVE_SHADOW_COHORT_V1,SERVER_TASK_RECORD
76,formal-v1-trial-076-attempt-0,0,RAW_JSONL,formal-v1/trial-076/attempt-0/run/instrumentation/instrumentation_health_log.jsonl,129920,32e5ec53dc9b4e48cc80c19ed1edd6bdd4a3bb608ae1c4ae78ce81a7cbfcefbf,e8ea8f3fda15ab81664829ea6f71fcb37f772ad613c13f61007856c16117791a,5e20a3f0504205e8d65b91033638c5af0909ed741212a04539dcfb37eda08fe2,FORMAL_PROSPECTIVE_SHADOW_COHORT_V1,SERVER_ONLY_RAW
76,formal-v1-trial-076-attempt-0,0,TASK_RECORD,formal-v1/trial-076/attempt-0/run/instrumentation/map_authority_manifest.json,983,7c19db927e0a59f20cbd1edb905076e75f12562e341d6ec56d291423a356f586,e8ea8f3fda15ab81664829ea6f71fcb37f772ad613c13f61007856c16117791a,5e20a3f0504205e8d65b91033638c5af0909ed741212a04539dcfb37eda08fe2,FORMAL_PROSPECTIVE_SHADOW_COHORT_V1,SERVER_TASK_RECORD
76,formal-v1-trial-076-attempt-0,0,RAW_JSONL,formal-v1/trial-076/attempt-0/run/instrumentation/shadow_certificate_result_log.jsonl,362660,5bb1b81a1b9a07757a972dcb170240238115475c555de82c122191e735dbc959,e8ea8f3fda15ab81664829ea6f71fcb37f772ad613c13f61007856c16117791a,5e20a3f0504205e8d65b91033638c5af0909ed741212a04539dcfb37eda08fe2,FORMAL_PROSPECTIVE_SHADOW_COHORT_V1,SERVER_ONLY_RAW
76,formal-v1-trial-076-attempt-0,0,RAW_JSONL,formal-v1/trial-076/attempt-0/run/instrumentation/step_capture_log.jsonl,662587,92f310f13968d83d1dfb785aff27b63e4b6adf5fff9d959a7dcc298404adafce,e8ea8f3fda15ab81664829ea6f71fcb37f772ad613c13f61007856c16117791a,5e20a3f0504205e8d65b91033638c5af0909ed741212a04539dcfb37eda08fe2,FORMAL_PROSPECTIVE_SHADOW_COHORT_V1,SERVER_ONLY_RAW
76,formal-v1-trial-076-attempt-0,0,TASK_RECORD,formal-v1/trial-076/attempt-0/run/primary_trace.json,560772,9f8cb114b67de6ff8364981d4333b19aa0672594c670b46ad21f5926d61ade48,e8ea8f3fda15ab81664829ea6f71fcb37f772ad613c13f61007856c16117791a,5e20a3f0504205e8d65b91033638c5af0909ed741212a04539dcfb37eda08fe2,FORMAL_PROSPECTIVE_SHADOW_COHORT_V1,SERVER_TASK_RECORD
76,formal-v1-trial-076-attempt-0,0,TASK_RECORD,formal-v1/trial-076/attempt-0/run/run_metadata.json,841,e91dd16ea5b39c7d7e205a1cd156c091a993b6b003f7f921e10af4d284c7a818,e8ea8f3fda15ab81664829ea6f71fcb37f772ad613c13f61007856c16117791a,5e20a3f0504205e8d65b91033638c5af0909ed741212a04539dcfb37eda08fe2,FORMAL_PROSPECTIVE_SHADOW_COHORT_V1,SERVER_TASK_RECORD
76,formal-v1-trial-076-attempt-0,0,TASK_RECORD,formal-v1/trial-076/attempt-0/run/trajs/stonehenge_ball-to-ellipsoid.json,225211,e3ebf872b6be3e75dee37c90b21dfded3eb9b4a8aa31b16b7e8acf8e51368361,e8ea8f3fda15ab81664829ea6f71fcb37f772ad613c13f61007856c16117791a,5e20a3f0504205e8d65b91033638c5af0909ed741212a04539dcfb37eda08fe2,FORMAL_PROSPECTIVE_SHADOW_COHORT_V1,SERVER_TASK_RECORD
76,formal-v1-trial-076-attempt-0,0,LOG,formal-v1/trial-076/attempt-0/stderr.log,22125,c4fd40f2c8e2c6d490fa0e97df878f885e446e18d1aaa3b0da61717101317d11,e8ea8f3fda15ab81664829ea6f71fcb37f772ad613c13f61007856c16117791a,5e20a3f0504205e8d65b91033638c5af0909ed741212a04539dcfb37eda08fe2,FORMAL_PROSPECTIVE_SHADOW_COHORT_V1,SERVER_ONLY_RAW
76,formal-v1-trial-076-attempt-0,0,LOG,formal-v1/trial-076/attempt-0/stdout.log,1494,f7e7efb61d37aefc48ffe9ef706ef9a2a96a38805643adc3d203c3d4a2f940b4,e8ea8f3fda15ab81664829ea6f71fcb37f772ad613c13f61007856c16117791a,5e20a3f0504205e8d65b91033638c5af0909ed741212a04539dcfb37eda08fe2,FORMAL_PROSPECTIVE_SHADOW_COHORT_V1,SERVER_ONLY_RAW
77,formal-v1-trial-077-attempt-0,0,TASK_RECORD,formal-v1/trial-077/attempt-0/formal_attempt_identity.json,839,0dc08961fe4fec5ce10d8711e4898d84577c0241b1c828f6ae65ce0a377fec2e,e8ea8f3fda15ab81664829ea6f71fcb37f772ad613c13f61007856c16117791a,5e20a3f0504205e8d65b91033638c5af0909ed741212a04539dcfb37eda08fe2,FORMAL_PROSPECTIVE_SHADOW_COHORT_V1,SERVER_TASK_RECORD
77,formal-v1-trial-077-attempt-0,0,TASK_RECORD,formal-v1/trial-077/attempt-0/outcome_blind_qc.json,1215,d1ee02e831a033dbe7db730e6847647a5b3740cb1a6dd5ab87a856d95d496d6f,e8ea8f3fda15ab81664829ea6f71fcb37f772ad613c13f61007856c16117791a,5e20a3f0504205e8d65b91033638c5af0909ed741212a04539dcfb37eda08fe2,FORMAL_PROSPECTIVE_SHADOW_COHORT_V1,SERVER_TASK_RECORD
77,formal-v1-trial-077-attempt-0,0,TASK_RECORD,formal-v1/trial-077/attempt-0/process_result.json,437,fa326cd0b559145203d79dd8c9934fc05f4801fd99c8107e09b71a67c6752cf8,e8ea8f3fda15ab81664829ea6f71fcb37f772ad613c13f61007856c16117791a,5e20a3f0504205e8d65b91033638c5af0909ed741212a04539dcfb37eda08fe2,FORMAL_PROSPECTIVE_SHADOW_COHORT_V1,SERVER_TASK_RECORD
77,formal-v1-trial-077-attempt-0,0,TASK_RECORD,formal-v1/trial-077/attempt-0/run/arm_activation.json,927,9882200ca18c087dff803e73e97862d336996afed3dd44f142c175aeeb2ea79b,e8ea8f3fda15ab81664829ea6f71fcb37f772ad613c13f61007856c16117791a,5e20a3f0504205e8d65b91033638c5af0909ed741212a04539dcfb37eda08fe2,FORMAL_PROSPECTIVE_SHADOW_COHORT_V1,SERVER_TASK_RECORD
77,formal-v1-trial-077-attempt-0,0,TASK_RECORD,formal-v1/trial-077/attempt-0/run/environment_identity.json,1129,3ea308d47ce43238532ffab0b8da318746f3f05a8b7b862e507650690fa4900a,e8ea8f3fda15ab81664829ea6f71fcb37f772ad613c13f61007856c16117791a,5e20a3f0504205e8d65b91033638c5af0909ed741212a04539dcfb37eda08fe2,FORMAL_PROSPECTIVE_SHADOW_COHORT_V1,SERVER_TASK_RECORD
77,formal-v1-trial-077-attempt-0,0,RAW_JSONL,formal-v1/trial-077/attempt-0/run/instrumentation/instrumentation_health_log.jsonl,74490,2aa12d1285dc52e1cda445d4aa19e26b8136d652181e0ac672eef3b65c41faee,e8ea8f3fda15ab81664829ea6f71fcb37f772ad613c13f61007856c16117791a,5e20a3f0504205e8d65b91033638c5af0909ed741212a04539dcfb37eda08fe2,FORMAL_PROSPECTIVE_SHADOW_COHORT_V1,SERVER_ONLY_RAW
77,formal-v1-trial-077-attempt-0,0,TASK_RECORD,formal-v1/trial-077/attempt-0/run/instrumentation/map_authority_manifest.json,983,7c19db927e0a59f20cbd1edb905076e75f12562e341d6ec56d291423a356f586,e8ea8f3fda15ab81664829ea6f71fcb37f772ad613c13f61007856c16117791a,5e20a3f0504205e8d65b91033638c5af0909ed741212a04539dcfb37eda08fe2,FORMAL_PROSPECTIVE_SHADOW_COHORT_V1,SERVER_TASK_RECORD
77,formal-v1-trial-077-attempt-0,0,RAW_JSONL,formal-v1/trial-077/attempt-0/run/instrumentation/shadow_certificate_result_log.jsonl,208100,9f16a380bf5e2f9aa03feb9bb414d495cddd9b19938a9cf5a7f14477896c6a25,e8ea8f3fda15ab81664829ea6f71fcb37f772ad613c13f61007856c16117791a,5e20a3f0504205e8d65b91033638c5af0909ed741212a04539dcfb37eda08fe2,FORMAL_PROSPECTIVE_SHADOW_COHORT_V1,SERVER_ONLY_RAW
77,formal-v1-trial-077-attempt-0,0,RAW_JSONL,formal-v1/trial-077/attempt-0/run/instrumentation/step_capture_log.jsonl,379722,328dce4dbf3722999240a30453aa1e6f602b2fb5ff0ea543cc06ee58640a8bcc,e8ea8f3fda15ab81664829ea6f71fcb37f772ad613c13f61007856c16117791a,5e20a3f0504205e8d65b91033638c5af0909ed741212a04539dcfb37eda08fe2,FORMAL_PROSPECTIVE_SHADOW_COHORT_V1,SERVER_ONLY_RAW
77,formal-v1-trial-077-attempt-0,0,TASK_RECORD,formal-v1/trial-077/attempt-0/run/primary_trace.json,321164,66c665c0872718d8d89d3ae91b03582326810516b309e51aba11354852a5ea8e,e8ea8f3fda15ab81664829ea6f71fcb37f772ad613c13f61007856c16117791a,5e20a3f0504205e8d65b91033638c5af0909ed741212a04539dcfb37eda08fe2,FORMAL_PROSPECTIVE_SHADOW_COHORT_V1,SERVER_TASK_RECORD
77,formal-v1-trial-077-attempt-0,0,TASK_RECORD,formal-v1/trial-077/attempt-0/run/run_metadata.json,841,a4576336b0b62ff30dc701910478093cf327daa7327bb0f2ade36b59fac68a77,e8ea8f3fda15ab81664829ea6f71fcb37f772ad613c13f61007856c16117791a,5e20a3f0504205e8d65b91033638c5af0909ed741212a04539dcfb37eda08fe2,FORMAL_PROSPECTIVE_SHADOW_COHORT_V1,SERVER_TASK_RECORD
77,formal-v1-trial-077-attempt-0,0,TASK_RECORD,formal-v1/trial-077/attempt-0/run/trajs/stonehenge_ball-to-ellipsoid.json,129299,7abf3013635d87d7b5ee29f15f0e7cbaab7b63a92e86c52066c3bc9e7e1bca74,e8ea8f3fda15ab81664829ea6f71fcb37f772ad613c13f61007856c16117791a,5e20a3f0504205e8d65b91033638c5af0909ed741212a04539dcfb37eda08fe2,FORMAL_PROSPECTIVE_SHADOW_COHORT_V1,SERVER_TASK_RECORD
77,formal-v1-trial-077-attempt-0,0,LOG,formal-v1/trial-077/attempt-0/stderr.log,12426,c203d7d5d81e37e8d9a06a4130b40f3d6d5bc24cfe5ce1e09963cb3b2c3f0c22,e8ea8f3fda15ab81664829ea6f71fcb37f772ad613c13f61007856c16117791a,5e20a3f0504205e8d65b91033638c5af0909ed741212a04539dcfb37eda08fe2,FORMAL_PROSPECTIVE_SHADOW_COHORT_V1,SERVER_ONLY_RAW
77,formal-v1-trial-077-attempt-0,0,LOG,formal-v1/trial-077/attempt-0/stdout.log,1494,781904533c06490e9f5f9a552c40a5e0232761ec62c26464f623b4f1ba7f0032,e8ea8f3fda15ab81664829ea6f71fcb37f772ad613c13f61007856c16117791a,5e20a3f0504205e8d65b91033638c5af0909ed741212a04539dcfb37eda08fe2,FORMAL_PROSPECTIVE_SHADOW_COHORT_V1,SERVER_ONLY_RAW
78,formal-v1-trial-078-attempt-0,0,TASK_RECORD,formal-v1/trial-078/attempt-0/formal_attempt_identity.json,839,86ab5cd9ad339a96f0ab84100494abbfc2e869ccd35e1df605f2a0df3a7f2672,e8ea8f3fda15ab81664829ea6f71fcb37f772ad613c13f61007856c16117791a,5e20a3f0504205e8d65b91033638c5af0909ed741212a04539dcfb37eda08fe2,FORMAL_PROSPECTIVE_SHADOW_COHORT_V1,SERVER_TASK_RECORD
78,formal-v1-trial-078-attempt-0,0,TASK_RECORD,formal-v1/trial-078/attempt-0/outcome_blind_qc.json,1211,81d019c9beaae648308a826f960bd786c0de7137bdc47085fd77eb3d8e9bea24,e8ea8f3fda15ab81664829ea6f71fcb37f772ad613c13f61007856c16117791a,5e20a3f0504205e8d65b91033638c5af0909ed741212a04539dcfb37eda08fe2,FORMAL_PROSPECTIVE_SHADOW_COHORT_V1,SERVER_TASK_RECORD
78,formal-v1-trial-078-attempt-0,0,TASK_RECORD,formal-v1/trial-078/attempt-0/process_result.json,433,a7f1846a56e7a3df9df9421139fba14f6e41078d2b357dd212e775eedba0bcb7,e8ea8f3fda15ab81664829ea6f71fcb37f772ad613c13f61007856c16117791a,5e20a3f0504205e8d65b91033638c5af0909ed741212a04539dcfb37eda08fe2,FORMAL_PROSPECTIVE_SHADOW_COHORT_V1,SERVER_TASK_RECORD
78,formal-v1-trial-078-attempt-0,0,TASK_RECORD,formal-v1/trial-078/attempt-0/run/arm_activation.json,922,218b05dd6976df4f204f0707913277cd145f19704d58c374f1e2e739ac92f504,e8ea8f3fda15ab81664829ea6f71fcb37f772ad613c13f61007856c16117791a,5e20a3f0504205e8d65b91033638c5af0909ed741212a04539dcfb37eda08fe2,FORMAL_PROSPECTIVE_SHADOW_COHORT_V1,SERVER_TASK_RECORD
78,formal-v1-trial-078-attempt-0,0,TASK_RECORD,formal-v1/trial-078/attempt-0/run/environment_identity.json,1129,118c4b0d3a6b393114fa2c17897b10700f01666695faa4461ee43ebd9d734c48,e8ea8f3fda15ab81664829ea6f71fcb37f772ad613c13f61007856c16117791a,5e20a3f0504205e8d65b91033638c5af0909ed741212a04539dcfb37eda08fe2,FORMAL_PROSPECTIVE_SHADOW_COHORT_V1,SERVER_TASK_RECORD
78,formal-v1-trial-078-attempt-0,0,RAW_JSONL,formal-v1/trial-078/attempt-0/run/instrumentation/instrumentation_health_log.jsonl,17740,1f50e36c64bf3a3ddedac6ec3d2641b5b29543108225d291a05689bb9149ee93,e8ea8f3fda15ab81664829ea6f71fcb37f772ad613c13f61007856c16117791a,5e20a3f0504205e8d65b91033638c5af0909ed741212a04539dcfb37eda08fe2,FORMAL_PROSPECTIVE_SHADOW_COHORT_V1,SERVER_ONLY_RAW
78,formal-v1-trial-078-attempt-0,0,TASK_RECORD,formal-v1/trial-078/attempt-0/run/instrumentation/map_authority_manifest.json,983,7c19db927e0a59f20cbd1edb905076e75f12562e341d6ec56d291423a356f586,e8ea8f3fda15ab81664829ea6f71fcb37f772ad613c13f61007856c16117791a,5e20a3f0504205e8d65b91033638c5af0909ed741212a04539dcfb37eda08fe2,FORMAL_PROSPECTIVE_SHADOW_COHORT_V1,SERVER_TASK_RECORD
78,formal-v1-trial-078-attempt-0,0,RAW_JSONL,formal-v1/trial-078/attempt-0/run/instrumentation/shadow_certificate_result_log.jsonl,49634,849fec038d712ce9033c0baba3d1a77631d9497554bdd56c81fef796a44e89b2,e8ea8f3fda15ab81664829ea6f71fcb37f772ad613c13f61007856c16117791a,5e20a3f0504205e8d65b91033638c5af0909ed741212a04539dcfb37eda08fe2,FORMAL_PROSPECTIVE_SHADOW_COHORT_V1,SERVER_ONLY_RAW
78,formal-v1-trial-078-attempt-0,0,RAW_JSONL,formal-v1/trial-078/attempt-0/run/instrumentation/step_capture_log.jsonl,90467,0f2066a349715ed8cc0222d31a222f50c73d1e5a5826ca6e8b8f0c4955ec21ce,e8ea8f3fda15ab81664829ea6f71fcb37f772ad613c13f61007856c16117791a,5e20a3f0504205e8d65b91033638c5af0909ed741212a04539dcfb37eda08fe2,FORMAL_PROSPECTIVE_SHADOW_COHORT_V1,SERVER_ONLY_RAW
78,formal-v1-trial-078-attempt-0,0,TASK_RECORD,formal-v1/trial-078/attempt-0/run/primary_trace.json,76847,26800907420c81190584d49ea163d55ce892eb6bbc9f57b967dd4a7ce1daa3d5,e8ea8f3fda15ab81664829ea6f71fcb37f772ad613c13f61007856c16117791a,5e20a3f0504205e8d65b91033638c5af0909ed741212a04539dcfb37eda08fe2,FORMAL_PROSPECTIVE_SHADOW_COHORT_V1,SERVER_TASK_RECORD
78,formal-v1-trial-078-attempt-0,0,TASK_RECORD,formal-v1/trial-078/attempt-0/run/run_metadata.json,840,3934021615bf65d2cfc76abada5de041e9e7cd6daa5312b1109ab62f44aeed0e,e8ea8f3fda15ab81664829ea6f71fcb37f772ad613c13f61007856c16117791a,5e20a3f0504205e8d65b91033638c5af0909ed741212a04539dcfb37eda08fe2,FORMAL_PROSPECTIVE_SHADOW_COHORT_V1,SERVER_TASK_RECORD
78,formal-v1-trial-078-attempt-0,0,TASK_RECORD,formal-v1/trial-078/attempt-0/run/trajs/stonehenge_ball-to-ellipsoid.json,31499,7b339165a765753aae15a5b62e0bca8f1945c162811bf4bf652348cb3f8ec27b,e8ea8f3fda15ab81664829ea6f71fcb37f772ad613c13f61007856c16117791a,5e20a3f0504205e8d65b91033638c5af0909ed741212a04539dcfb37eda08fe2,FORMAL_PROSPECTIVE_SHADOW_COHORT_V1,SERVER_TASK_RECORD
78,formal-v1-trial-078-attempt-0,0,LOG,formal-v1/trial-078/attempt-0/stderr.log,3106,18e11e7635e1316154a93429d8bad9c2208b052e6a894ea42973e377fc9bbb0f,e8ea8f3fda15ab81664829ea6f71fcb37f772ad613c13f61007856c16117791a,5e20a3f0504205e8d65b91033638c5af0909ed741212a04539dcfb37eda08fe2,FORMAL_PROSPECTIVE_SHADOW_COHORT_V1,SERVER_ONLY_RAW
78,formal-v1-trial-078-attempt-0,0,LOG,formal-v1/trial-078/attempt-0/stdout.log,1494,9ca7901461629505d01453e03bdd148f99216394b98c534b3cb8f582c3e9331a,e8ea8f3fda15ab81664829ea6f71fcb37f772ad613c13f61007856c16117791a,5e20a3f0504205e8d65b91033638c5af0909ed741212a04539dcfb37eda08fe2,FORMAL_PROSPECTIVE_SHADOW_COHORT_V1,SERVER_ONLY_RAW
79,formal-v1-trial-079-attempt-0,0,TASK_RECORD,formal-v1/trial-079/attempt-0/formal_attempt_identity.json,839,6463ab435bc15e21dca7ee817e91761da4143d05892c310d09135c54987ffb1d,e8ea8f3fda15ab81664829ea6f71fcb37f772ad613c13f61007856c16117791a,5e20a3f0504205e8d65b91033638c5af0909ed741212a04539dcfb37eda08fe2,FORMAL_PROSPECTIVE_SHADOW_COHORT_V1,SERVER_TASK_RECORD
79,formal-v1-trial-079-attempt-0,0,TASK_RECORD,formal-v1/trial-079/attempt-0/outcome_blind_qc.json,1211,7aba5ca512d81061ecbd3d6322e5a6d9b72bb85362fc40863cbf0990d1fd3d5f,e8ea8f3fda15ab81664829ea6f71fcb37f772ad613c13f61007856c16117791a,5e20a3f0504205e8d65b91033638c5af0909ed741212a04539dcfb37eda08fe2,FORMAL_PROSPECTIVE_SHADOW_COHORT_V1,SERVER_TASK_RECORD
79,formal-v1-trial-079-attempt-0,0,TASK_RECORD,formal-v1/trial-079/attempt-0/process_result.json,433,403712ffcbb4b388a67b23f555920d228116697d26dc907cd0254f27f1cf6807,e8ea8f3fda15ab81664829ea6f71fcb37f772ad613c13f61007856c16117791a,5e20a3f0504205e8d65b91033638c5af0909ed741212a04539dcfb37eda08fe2,FORMAL_PROSPECTIVE_SHADOW_COHORT_V1,SERVER_TASK_RECORD
79,formal-v1-trial-079-attempt-0,0,TASK_RECORD,formal-v1/trial-079/attempt-0/run/arm_activation.json,922,5c8670a93c09b509415847659a9b4df02b1ae48fe4a34e5d6901ad9ea1f57f64,e8ea8f3fda15ab81664829ea6f71fcb37f772ad613c13f61007856c16117791a,5e20a3f0504205e8d65b91033638c5af0909ed741212a04539dcfb37eda08fe2,FORMAL_PROSPECTIVE_SHADOW_COHORT_V1,SERVER_TASK_RECORD
79,formal-v1-trial-079-attempt-0,0,TASK_RECORD,formal-v1/trial-079/attempt-0/run/environment_identity.json,1129,ef7a7172942431600b591f062e04a816f9001905df75ea5e14ca12c89fa62fbc,e8ea8f3fda15ab81664829ea6f71fcb37f772ad613c13f61007856c16117791a,5e20a3f0504205e8d65b91033638c5af0909ed741212a04539dcfb37eda08fe2,FORMAL_PROSPECTIVE_SHADOW_COHORT_V1,SERVER_TASK_RECORD
79,formal-v1-trial-079-attempt-0,0,RAW_JSONL,formal-v1/trial-079/attempt-0/run/instrumentation/instrumentation_health_log.jsonl,10540,141827fb117f602675eedf70719221eed58deed8fbee1b9e5306cefdffa5402d,e8ea8f3fda15ab81664829ea6f71fcb37f772ad613c13f61007856c16117791a,5e20a3f0504205e8d65b91033638c5af0909ed741212a04539dcfb37eda08fe2,FORMAL_PROSPECTIVE_SHADOW_COHORT_V1,SERVER_ONLY_RAW
79,formal-v1-trial-079-attempt-0,0,TASK_RECORD,formal-v1/trial-079/attempt-0/run/instrumentation/map_authority_manifest.json,983,7c19db927e0a59f20cbd1edb905076e75f12562e341d6ec56d291423a356f586,e8ea8f3fda15ab81664829ea6f71fcb37f772ad613c13f61007856c16117791a,5e20a3f0504205e8d65b91033638c5af0909ed741212a04539dcfb37eda08fe2,FORMAL_PROSPECTIVE_SHADOW_COHORT_V1,SERVER_TASK_RECORD
79,formal-v1-trial-079-attempt-0,0,RAW_JSONL,formal-v1/trial-079/attempt-0/run/instrumentation/shadow_certificate_result_log.jsonl,29504,bc26546cf29f9fb25b93b7dbc3f2f6a4a47e5851f3255dc35815d6af6293219d,e8ea8f3fda15ab81664829ea6f71fcb37f772ad613c13f61007856c16117791a,5e20a3f0504205e8d65b91033638c5af0909ed741212a04539dcfb37eda08fe2,FORMAL_PROSPECTIVE_SHADOW_COHORT_V1,SERVER_ONLY_RAW
79,formal-v1-trial-079-attempt-0,0,RAW_JSONL,formal-v1/trial-079/attempt-0/run/instrumentation/step_capture_log.jsonl,53756,72bf65d565f26149ee39e9e8eb9b2beb4f9f2a56f2e883239d85a60d81a47ca3,e8ea8f3fda15ab81664829ea6f71fcb37f772ad613c13f61007856c16117791a,5e20a3f0504205e8d65b91033638c5af0909ed741212a04539dcfb37eda08fe2,FORMAL_PROSPECTIVE_SHADOW_COHORT_V1,SERVER_ONLY_RAW
79,formal-v1-trial-079-attempt-0,0,TASK_RECORD,formal-v1/trial-079/attempt-0/run/primary_trace.json,45893,66def019988769d541ec610dc3eaa51fc848fe01ddf46faee2d0dc006540d0db,e8ea8f3fda15ab81664829ea6f71fcb37f772ad613c13f61007856c16117791a,5e20a3f0504205e8d65b91033638c5af0909ed741212a04539dcfb37eda08fe2,FORMAL_PROSPECTIVE_SHADOW_COHORT_V1,SERVER_TASK_RECORD
79,formal-v1-trial-079-attempt-0,0,TASK_RECORD,formal-v1/trial-079/attempt-0/run/run_metadata.json,840,b1a0e869ffe0592287e906977b2e417ab44c7155d330bf2a27f14b81e8ab3b46,e8ea8f3fda15ab81664829ea6f71fcb37f772ad613c13f61007856c16117791a,5e20a3f0504205e8d65b91033638c5af0909ed741212a04539dcfb37eda08fe2,FORMAL_PROSPECTIVE_SHADOW_COHORT_V1,SERVER_TASK_RECORD
79,formal-v1-trial-079-attempt-0,0,TASK_RECORD,formal-v1/trial-079/attempt-0/run/trajs/stonehenge_ball-to-ellipsoid.json,19118,75460b4c617793df9886646c0dc1a2b5f83ebe38cccd8c47810ebb51322717b5,e8ea8f3fda15ab81664829ea6f71fcb37f772ad613c13f61007856c16117791a,5e20a3f0504205e8d65b91033638c5af0909ed741212a04539dcfb37eda08fe2,FORMAL_PROSPECTIVE_SHADOW_COHORT_V1,SERVER_TASK_RECORD
79,formal-v1-trial-079-attempt-0,0,LOG,formal-v1/trial-079/attempt-0/stderr.log,1966,12ab0b910e114f23a4792f2836086306b46bf76e9b4d32445d6fad7647dee52e,e8ea8f3fda15ab81664829ea6f71fcb37f772ad613c13f61007856c16117791a,5e20a3f0504205e8d65b91033638c5af0909ed741212a04539dcfb37eda08fe2,FORMAL_PROSPECTIVE_SHADOW_COHORT_V1,SERVER_ONLY_RAW
79,formal-v1-trial-079-attempt-0,0,LOG,formal-v1/trial-079/attempt-0/stdout.log,1494,be7fb8f4f85cf8fec4c6782ffaf623c667b3c768f443339eec2133131764a9f6,e8ea8f3fda15ab81664829ea6f71fcb37f772ad613c13f61007856c16117791a,5e20a3f0504205e8d65b91033638c5af0909ed741212a04539dcfb37eda08fe2,FORMAL_PROSPECTIVE_SHADOW_COHORT_V1,SERVER_ONLY_RAW
80,formal-v1-trial-080-attempt-0,0,TASK_RECORD,formal-v1/trial-080/attempt-0/formal_attempt_identity.json,839,8e13728d7e10bbb90d8b9a15e9dfb4b9834879205da6b2df634681f9584d39f8,e8ea8f3fda15ab81664829ea6f71fcb37f772ad613c13f61007856c16117791a,5e20a3f0504205e8d65b91033638c5af0909ed741212a04539dcfb37eda08fe2,FORMAL_PROSPECTIVE_SHADOW_COHORT_V1,SERVER_TASK_RECORD
80,formal-v1-trial-080-attempt-0,0,TASK_RECORD,formal-v1/trial-080/attempt-0/outcome_blind_qc.json,1207,e5046a517d76a8fb1962e2ff733e715508216f4d852eb7ea883f47516b237077,e8ea8f3fda15ab81664829ea6f71fcb37f772ad613c13f61007856c16117791a,5e20a3f0504205e8d65b91033638c5af0909ed741212a04539dcfb37eda08fe2,FORMAL_PROSPECTIVE_SHADOW_COHORT_V1,SERVER_TASK_RECORD
80,formal-v1-trial-080-attempt-0,0,TASK_RECORD,formal-v1/trial-080/attempt-0/process_result.json,429,c08731cd812e6809ca1cf3f917ce510d21047189342e5e36e46fe644717bd0fa,e8ea8f3fda15ab81664829ea6f71fcb37f772ad613c13f61007856c16117791a,5e20a3f0504205e8d65b91033638c5af0909ed741212a04539dcfb37eda08fe2,FORMAL_PROSPECTIVE_SHADOW_COHORT_V1,SERVER_TASK_RECORD
80,formal-v1-trial-080-attempt-0,0,TASK_RECORD,formal-v1/trial-080/attempt-0/run/arm_activation.json,918,eb00f6246358e07dffca29ee206acc0e7acad53f2b26830e33d99b7a20e013e7,e8ea8f3fda15ab81664829ea6f71fcb37f772ad613c13f61007856c16117791a,5e20a3f0504205e8d65b91033638c5af0909ed741212a04539dcfb37eda08fe2,FORMAL_PROSPECTIVE_SHADOW_COHORT_V1,SERVER_TASK_RECORD
80,formal-v1-trial-080-attempt-0,0,TASK_RECORD,formal-v1/trial-080/attempt-0/run/environment_identity.json,1129,4e501003e427f55d8d0354c28daae9c0e213878df964535b53d3e01d26abce2a,e8ea8f3fda15ab81664829ea6f71fcb37f772ad613c13f61007856c16117791a,5e20a3f0504205e8d65b91033638c5af0909ed741212a04539dcfb37eda08fe2,FORMAL_PROSPECTIVE_SHADOW_COHORT_V1,SERVER_TASK_RECORD
80,formal-v1-trial-080-attempt-0,0,RAW_JSONL,formal-v1/trial-080/attempt-0/run/instrumentation/instrumentation_health_log.jsonl,3824,cf393ccaf41d68fe580ce870c88c6f79efbdac5fdaf151774567ab5f796af136,e8ea8f3fda15ab81664829ea6f71fcb37f772ad613c13f61007856c16117791a,5e20a3f0504205e8d65b91033638c5af0909ed741212a04539dcfb37eda08fe2,FORMAL_PROSPECTIVE_SHADOW_COHORT_V1,SERVER_ONLY_RAW
80,formal-v1-trial-080-attempt-0,0,TASK_RECORD,formal-v1/trial-080/attempt-0/run/instrumentation/map_authority_manifest.json,983,7c19db927e0a59f20cbd1edb905076e75f12562e341d6ec56d291423a356f586,e8ea8f3fda15ab81664829ea6f71fcb37f772ad613c13f61007856c16117791a,5e20a3f0504205e8d65b91033638c5af0909ed741212a04539dcfb37eda08fe2,FORMAL_PROSPECTIVE_SHADOW_COHORT_V1,SERVER_TASK_RECORD
80,formal-v1-trial-080-attempt-0,0,RAW_JSONL,formal-v1/trial-080/attempt-0/run/instrumentation/shadow_certificate_result_log.jsonl,10720,db80ccfda15f354d071a7f3c7b3a9dd80ae4954888c2adbdfb4d1229161aef9c,e8ea8f3fda15ab81664829ea6f71fcb37f772ad613c13f61007856c16117791a,5e20a3f0504205e8d65b91033638c5af0909ed741212a04539dcfb37eda08fe2,FORMAL_PROSPECTIVE_SHADOW_COHORT_V1,SERVER_ONLY_RAW
80,formal-v1-trial-080-attempt-0,0,RAW_JSONL,formal-v1/trial-080/attempt-0/run/instrumentation/step_capture_log.jsonl,19461,6c2483de54b8ae54b18f724eaa7f76bdfc0a3373cb907c7d846fa79cf1731535,e8ea8f3fda15ab81664829ea6f71fcb37f772ad613c13f61007856c16117791a,5e20a3f0504205e8d65b91033638c5af0909ed741212a04539dcfb37eda08fe2,FORMAL_PROSPECTIVE_SHADOW_COHORT_V1,SERVER_ONLY_RAW
80,formal-v1-trial-080-attempt-0,0,TASK_RECORD,formal-v1/trial-080/attempt-0/run/primary_trace.json,16878,3dd442dc02ed9ba16ee018534c832777352dd8711faec56bb9c5b13a65a3de6d,e8ea8f3fda15ab81664829ea6f71fcb37f772ad613c13f61007856c16117791a,5e20a3f0504205e8d65b91033638c5af0909ed741212a04539dcfb37eda08fe2,FORMAL_PROSPECTIVE_SHADOW_COHORT_V1,SERVER_TASK_RECORD
80,formal-v1-trial-080-attempt-0,0,TASK_RECORD,formal-v1/trial-080/attempt-0/run/run_metadata.json,839,f450999d09f0ee0d15372285941fc3e6d3311704e42cf311ff04234a61066fa9,e8ea8f3fda15ab81664829ea6f71fcb37f772ad613c13f61007856c16117791a,5e20a3f0504205e8d65b91033638c5af0909ed741212a04539dcfb37eda08fe2,FORMAL_PROSPECTIVE_SHADOW_COHORT_V1,SERVER_TASK_RECORD
80,formal-v1-trial-080-attempt-0,0,TASK_RECORD,formal-v1/trial-080/attempt-0/run/trajs/stonehenge_ball-to-ellipsoid.json,7531,ae2bb637820d2533729b91a4e12a9135522a6baa14d051c14b25c455b5b3a0dd,e8ea8f3fda15ab81664829ea6f71fcb37f772ad613c13f61007856c16117791a,5e20a3f0504205e8d65b91033638c5af0909ed741212a04539dcfb37eda08fe2,FORMAL_PROSPECTIVE_SHADOW_COHORT_V1,SERVER_TASK_RECORD
80,formal-v1-trial-080-attempt-0,0,LOG,formal-v1/trial-080/attempt-0/stderr.log,903,48e6bb1b3e473ab3aa6ffcd1591b43c23f7f47953e71f0e7b85a677a25b069b3,e8ea8f3fda15ab81664829ea6f71fcb37f772ad613c13f61007856c16117791a,5e20a3f0504205e8d65b91033638c5af0909ed741212a04539dcfb37eda08fe2,FORMAL_PROSPECTIVE_SHADOW_COHORT_V1,SERVER_ONLY_RAW
80,formal-v1-trial-080-attempt-0,0,LOG,formal-v1/trial-080/attempt-0/stdout.log,1492,3aa5730f2d4c474044840afc4f0309f3441bf48f4f0f0f7234924f4cce3f4d5a,e8ea8f3fda15ab81664829ea6f71fcb37f772ad613c13f61007856c16117791a,5e20a3f0504205e8d65b91033638c5af0909ed741212a04539dcfb37eda08fe2,FORMAL_PROSPECTIVE_SHADOW_COHORT_V1,SERVER_ONLY_RAW
81,formal-v1-trial-081-attempt-0,0,TASK_RECORD,formal-v1/trial-081/attempt-0/formal_attempt_identity.json,839,d78bf34e08ca493b3cada6087247f82d8b5cc7288a5064f702d2e0248eb13e81,e8ea8f3fda15ab81664829ea6f71fcb37f772ad613c13f61007856c16117791a,5e20a3f0504205e8d65b91033638c5af0909ed741212a04539dcfb37eda08fe2,FORMAL_PROSPECTIVE_SHADOW_COHORT_V1,SERVER_TASK_RECORD
81,formal-v1-trial-081-attempt-0,0,TASK_RECORD,formal-v1/trial-081/attempt-0/outcome_blind_qc.json,1211,4cfadbcd9c7b5d203bdaf9f1c51286b69c7a24f8ae1c77894df0b04c70288da5,e8ea8f3fda15ab81664829ea6f71fcb37f772ad613c13f61007856c16117791a,5e20a3f0504205e8d65b91033638c5af0909ed741212a04539dcfb37eda08fe2,FORMAL_PROSPECTIVE_SHADOW_COHORT_V1,SERVER_TASK_RECORD
81,formal-v1-trial-081-attempt-0,0,TASK_RECORD,formal-v1/trial-081/attempt-0/process_result.json,433,1aedf2f19f10164717cb057f9cd556dbed9146daebdeb9714eedc98f206dc44e,e8ea8f3fda15ab81664829ea6f71fcb37f772ad613c13f61007856c16117791a,5e20a3f0504205e8d65b91033638c5af0909ed741212a04539dcfb37eda08fe2,FORMAL_PROSPECTIVE_SHADOW_COHORT_V1,SERVER_TASK_RECORD
81,formal-v1-trial-081-attempt-0,0,TASK_RECORD,formal-v1/trial-081/attempt-0/run/arm_activation.json,922,0a607fced7d7ef2d63005f492b86e126b6b7f9a83132d87dcd51606702a936d1,e8ea8f3fda15ab81664829ea6f71fcb37f772ad613c13f61007856c16117791a,5e20a3f0504205e8d65b91033638c5af0909ed741212a04539dcfb37eda08fe2,FORMAL_PROSPECTIVE_SHADOW_COHORT_V1,SERVER_TASK_RECORD
81,formal-v1-trial-081-attempt-0,0,TASK_RECORD,formal-v1/trial-081/attempt-0/run/environment_identity.json,1129,9fb922f7584e9f909a69adb5fb65cb62e48a99dc03343a5a838019376a953ebb,e8ea8f3fda15ab81664829ea6f71fcb37f772ad613c13f61007856c16117791a,5e20a3f0504205e8d65b91033638c5af0909ed741212a04539dcfb37eda08fe2,FORMAL_PROSPECTIVE_SHADOW_COHORT_V1,SERVER_TASK_RECORD
81,formal-v1-trial-081-attempt-0,0,RAW_JSONL,formal-v1/trial-081/attempt-0/run/instrumentation/instrumentation_health_log.jsonl,14380,e617125192aa28a690052c6da8a574a3cc05553d3b3f99b2a2b7cd9ee46fc90a,e8ea8f3fda15ab81664829ea6f71fcb37f772ad613c13f61007856c16117791a,5e20a3f0504205e8d65b91033638c5af0909ed741212a04539dcfb37eda08fe2,FORMAL_PROSPECTIVE_SHADOW_COHORT_V1,SERVER_ONLY_RAW
81,formal-v1-trial-081-attempt-0,0,TASK_RECORD,formal-v1/trial-081/attempt-0/run/instrumentation/map_authority_manifest.json,983,7c19db927e0a59f20cbd1edb905076e75f12562e341d6ec56d291423a356f586,e8ea8f3fda15ab81664829ea6f71fcb37f772ad613c13f61007856c16117791a,5e20a3f0504205e8d65b91033638c5af0909ed741212a04539dcfb37eda08fe2,FORMAL_PROSPECTIVE_SHADOW_COHORT_V1,SERVER_TASK_RECORD
81,formal-v1-trial-081-attempt-0,0,RAW_JSONL,formal-v1/trial-081/attempt-0/run/instrumentation/shadow_certificate_result_log.jsonl,40240,0613470e7bec6681317a6781fad7030926f021d4083df965fdfdaf1b5b233a75,e8ea8f3fda15ab81664829ea6f71fcb37f772ad613c13f61007856c16117791a,5e20a3f0504205e8d65b91033638c5af0909ed741212a04539dcfb37eda08fe2,FORMAL_PROSPECTIVE_SHADOW_COHORT_V1,SERVER_ONLY_RAW
81,formal-v1-trial-081-attempt-0,0,RAW_JSONL,formal-v1/trial-081/attempt-0/run/instrumentation/step_capture_log.jsonl,73274,069f025a3e3ae0b9759203c072eab0f0472eb54b59b240695feff4fa1586b7fc,e8ea8f3fda15ab81664829ea6f71fcb37f772ad613c13f61007856c16117791a,5e20a3f0504205e8d65b91033638c5af0909ed741212a04539dcfb37eda08fe2,FORMAL_PROSPECTIVE_SHADOW_COHORT_V1,SERVER_ONLY_RAW
81,formal-v1-trial-081-attempt-0,0,TASK_RECORD,formal-v1/trial-081/attempt-0/run/primary_trace.json,62287,8325d8692584fb9caa4cd4782a8753d2d2465a5e065ebef0b546cd68cf55133b,e8ea8f3fda15ab81664829ea6f71fcb37f772ad613c13f61007856c16117791a,5e20a3f0504205e8d65b91033638c5af0909ed741212a04539dcfb37eda08fe2,FORMAL_PROSPECTIVE_SHADOW_COHORT_V1,SERVER_TASK_RECORD
81,formal-v1-trial-081-attempt-0,0,TASK_RECORD,formal-v1/trial-081/attempt-0/run/run_metadata.json,840,caed1a10d0687cd6f686944f698d861c51d2abb748198725f6ff393f68cb0eab,e8ea8f3fda15ab81664829ea6f71fcb37f772ad613c13f61007856c16117791a,5e20a3f0504205e8d65b91033638c5af0909ed741212a04539dcfb37eda08fe2,FORMAL_PROSPECTIVE_SHADOW_COHORT_V1,SERVER_TASK_RECORD
81,formal-v1-trial-081-attempt-0,0,TASK_RECORD,formal-v1/trial-081/attempt-0/run/trajs/stonehenge_ball-to-ellipsoid.json,25704,b273a5547441251409bb6175a0068a57c20df770b2b7c67f4c112ce0bc0db005,e8ea8f3fda15ab81664829ea6f71fcb37f772ad613c13f61007856c16117791a,5e20a3f0504205e8d65b91033638c5af0909ed741212a04539dcfb37eda08fe2,FORMAL_PROSPECTIVE_SHADOW_COHORT_V1,SERVER_TASK_RECORD
81,formal-v1-trial-081-attempt-0,0,LOG,formal-v1/trial-081/attempt-0/stderr.log,2574,083e37dde5f3473654322f405062a300a0c4f4e90c9d240b3b8a32df611f1709,e8ea8f3fda15ab81664829ea6f71fcb37f772ad613c13f61007856c16117791a,5e20a3f0504205e8d65b91033638c5af0909ed741212a04539dcfb37eda08fe2,FORMAL_PROSPECTIVE_SHADOW_COHORT_V1,SERVER_ONLY_RAW
81,formal-v1-trial-081-attempt-0,0,LOG,formal-v1/trial-081/attempt-0/stdout.log,1493,69102f2f7827d92eeecf32a68d2e7f75f8454aa73b7b3bb5b46333382f66c4d3,e8ea8f3fda15ab81664829ea6f71fcb37f772ad613c13f61007856c16117791a,5e20a3f0504205e8d65b91033638c5af0909ed741212a04539dcfb37eda08fe2,FORMAL_PROSPECTIVE_SHADOW_COHORT_V1,SERVER_ONLY_RAW
82,formal-v1-trial-082-attempt-0,0,TASK_RECORD,formal-v1/trial-082/attempt-0/formal_attempt_identity.json,839,84d843a783c059edfab3c3e67e8746006614940f471dba2863150c6703691287,e8ea8f3fda15ab81664829ea6f71fcb37f772ad613c13f61007856c16117791a,5e20a3f0504205e8d65b91033638c5af0909ed741212a04539dcfb37eda08fe2,FORMAL_PROSPECTIVE_SHADOW_COHORT_V1,SERVER_TASK_RECORD
82,formal-v1-trial-082-attempt-0,0,TASK_RECORD,formal-v1/trial-082/attempt-0/outcome_blind_qc.json,1211,2afa54a1594942d7997a078a71001b1d0526b6a54851d4c245c361ac031eb1bd,e8ea8f3fda15ab81664829ea6f71fcb37f772ad613c13f61007856c16117791a,5e20a3f0504205e8d65b91033638c5af0909ed741212a04539dcfb37eda08fe2,FORMAL_PROSPECTIVE_SHADOW_COHORT_V1,SERVER_TASK_RECORD
82,formal-v1-trial-082-attempt-0,0,TASK_RECORD,formal-v1/trial-082/attempt-0/process_result.json,433,85402edf311dba69fdb820ec37da068ad9fedd62ea9aff533efc8240f3376a67,e8ea8f3fda15ab81664829ea6f71fcb37f772ad613c13f61007856c16117791a,5e20a3f0504205e8d65b91033638c5af0909ed741212a04539dcfb37eda08fe2,FORMAL_PROSPECTIVE_SHADOW_COHORT_V1,SERVER_TASK_RECORD
82,formal-v1-trial-082-attempt-0,0,TASK_RECORD,formal-v1/trial-082/attempt-0/run/arm_activation.json,922,f93d1b09a84d6cf9d1eaa6d39127979e27fe8951edbc4f178f938f9e16cd5eb6,e8ea8f3fda15ab81664829ea6f71fcb37f772ad613c13f61007856c16117791a,5e20a3f0504205e8d65b91033638c5af0909ed741212a04539dcfb37eda08fe2,FORMAL_PROSPECTIVE_SHADOW_COHORT_V1,SERVER_TASK_RECORD
82,formal-v1-trial-082-attempt-0,0,TASK_RECORD,formal-v1/trial-082/attempt-0/run/environment_identity.json,1129,9afd19e31d0e7d7c7c51202a8265641c26d8832c5d736792be56805db018d46a,e8ea8f3fda15ab81664829ea6f71fcb37f772ad613c13f61007856c16117791a,5e20a3f0504205e8d65b91033638c5af0909ed741212a04539dcfb37eda08fe2,FORMAL_PROSPECTIVE_SHADOW_COHORT_V1,SERVER_TASK_RECORD
82,formal-v1-trial-082-attempt-0,0,RAW_JSONL,formal-v1/trial-082/attempt-0/run/instrumentation/instrumentation_health_log.jsonl,8620,54b5c55162c0143376f2ec39d06c14b2b8e9c802d5a589064d7961c42b57b8e1,e8ea8f3fda15ab81664829ea6f71fcb37f772ad613c13f61007856c16117791a,5e20a3f0504205e8d65b91033638c5af0909ed741212a04539dcfb37eda08fe2,FORMAL_PROSPECTIVE_SHADOW_COHORT_V1,SERVER_ONLY_RAW
82,formal-v1-trial-082-attempt-0,0,TASK_RECORD,formal-v1/trial-082/attempt-0/run/instrumentation/map_authority_manifest.json,983,7c19db927e0a59f20cbd1edb905076e75f12562e341d6ec56d291423a356f586,e8ea8f3fda15ab81664829ea6f71fcb37f772ad613c13f61007856c16117791a,5e20a3f0504205e8d65b91033638c5af0909ed741212a04539dcfb37eda08fe2,FORMAL_PROSPECTIVE_SHADOW_COHORT_V1,SERVER_TASK_RECORD
82,formal-v1-trial-082-attempt-0,0,RAW_JSONL,formal-v1/trial-082/attempt-0/run/instrumentation/shadow_certificate_result_log.jsonl,24136,50185dd6eaac7f5ee478558d807609906b5b121e87ce2cbcc4686d9ed2ce7e67,e8ea8f3fda15ab81664829ea6f71fcb37f772ad613c13f61007856c16117791a,5e20a3f0504205e8d65b91033638c5af0909ed741212a04539dcfb37eda08fe2,FORMAL_PROSPECTIVE_SHADOW_COHORT_V1,SERVER_ONLY_RAW
82,formal-v1-trial-082-attempt-0,0,RAW_JSONL,formal-v1/trial-082/attempt-0/run/instrumentation/step_capture_log.jsonl,43939,f22c78bc1d33e8611342948d73d6567ebee027ddb4b85bf3fa27ff033006ad2a,e8ea8f3fda15ab81664829ea6f71fcb37f772ad613c13f61007856c16117791a,5e20a3f0504205e8d65b91033638c5af0909ed741212a04539dcfb37eda08fe2,FORMAL_PROSPECTIVE_SHADOW_COHORT_V1,SERVER_ONLY_RAW
82,formal-v1-trial-082-attempt-0,0,TASK_RECORD,formal-v1/trial-082/attempt-0/run/primary_trace.json,37557,000e861af2b5e6417cc0e1b59cbed5436f211fd2ffd2f25329088a7e3c276543,e8ea8f3fda15ab81664829ea6f71fcb37f772ad613c13f61007856c16117791a,5e20a3f0504205e8d65b91033638c5af0909ed741212a04539dcfb37eda08fe2,FORMAL_PROSPECTIVE_SHADOW_COHORT_V1,SERVER_TASK_RECORD
82,formal-v1-trial-082-attempt-0,0,TASK_RECORD,formal-v1/trial-082/attempt-0/run/run_metadata.json,840,bd83512743baab877b7b96e58c54c0e22569f78b563bdb7cc764674f3a119573,e8ea8f3fda15ab81664829ea6f71fcb37f772ad613c13f61007856c16117791a,5e20a3f0504205e8d65b91033638c5af0909ed741212a04539dcfb37eda08fe2,FORMAL_PROSPECTIVE_SHADOW_COHORT_V1,SERVER_TASK_RECORD
82,formal-v1-trial-082-attempt-0,0,TASK_RECORD,formal-v1/trial-082/attempt-0/run/trajs/stonehenge_ball-to-ellipsoid.json,15797,00f37fa00f56cbfdc742739d75b1a4b47706ea3aba167daa0a21d16146e9cc5d,e8ea8f3fda15ab81664829ea6f71fcb37f772ad613c13f61007856c16117791a,5e20a3f0504205e8d65b91033638c5af0909ed741212a04539dcfb37eda08fe2,FORMAL_PROSPECTIVE_SHADOW_COHORT_V1,SERVER_TASK_RECORD
82,formal-v1-trial-082-attempt-0,0,LOG,formal-v1/trial-082/attempt-0/stderr.log,1662,2b3c3a5069223ce42fd42fb0a73d2005b01ec62cf5b18514ef742beaa6ed26c1,e8ea8f3fda15ab81664829ea6f71fcb37f772ad613c13f61007856c16117791a,5e20a3f0504205e8d65b91033638c5af0909ed741212a04539dcfb37eda08fe2,FORMAL_PROSPECTIVE_SHADOW_COHORT_V1,SERVER_ONLY_RAW
82,formal-v1-trial-082-attempt-0,0,LOG,formal-v1/trial-082/attempt-0/stdout.log,1492,6e80db6d65cf0b617545b45480c894f62ff57bf64275afe302e891361950005e,e8ea8f3fda15ab81664829ea6f71fcb37f772ad613c13f61007856c16117791a,5e20a3f0504205e8d65b91033638c5af0909ed741212a04539dcfb37eda08fe2,FORMAL_PROSPECTIVE_SHADOW_COHORT_V1,SERVER_ONLY_RAW
83,formal-v1-trial-083-attempt-0,0,TASK_RECORD,formal-v1/trial-083/attempt-0/formal_attempt_identity.json,839,f5625e364d3915af5ef8cb7f8379b45e4488ed30f2ffd177934a0f3a835c1fb4,e8ea8f3fda15ab81664829ea6f71fcb37f772ad613c13f61007856c16117791a,5e20a3f0504205e8d65b91033638c5af0909ed741212a04539dcfb37eda08fe2,FORMAL_PROSPECTIVE_SHADOW_COHORT_V1,SERVER_TASK_RECORD
83,formal-v1-trial-083-attempt-0,0,TASK_RECORD,formal-v1/trial-083/attempt-0/outcome_blind_qc.json,1207,b35aab5d9e3144bf1fafc1ada2d359467b03e2eeaa9ffd2d692664c944d2aefc,e8ea8f3fda15ab81664829ea6f71fcb37f772ad613c13f61007856c16117791a,5e20a3f0504205e8d65b91033638c5af0909ed741212a04539dcfb37eda08fe2,FORMAL_PROSPECTIVE_SHADOW_COHORT_V1,SERVER_TASK_RECORD
83,formal-v1-trial-083-attempt-0,0,TASK_RECORD,formal-v1/trial-083/attempt-0/process_result.json,429,dd3cd169b29b77566fed4583ea3a4a94e7ef5bb083066fa9d3b679baeb33f27e,e8ea8f3fda15ab81664829ea6f71fcb37f772ad613c13f61007856c16117791a,5e20a3f0504205e8d65b91033638c5af0909ed741212a04539dcfb37eda08fe2,FORMAL_PROSPECTIVE_SHADOW_COHORT_V1,SERVER_TASK_RECORD
83,formal-v1-trial-083-attempt-0,0,TASK_RECORD,formal-v1/trial-083/attempt-0/run/arm_activation.json,918,f8af231346f488ae501a30cefd5631da4e0bf714da1396cf0943541b079d0ef8,e8ea8f3fda15ab81664829ea6f71fcb37f772ad613c13f61007856c16117791a,5e20a3f0504205e8d65b91033638c5af0909ed741212a04539dcfb37eda08fe2,FORMAL_PROSPECTIVE_SHADOW_COHORT_V1,SERVER_TASK_RECORD
83,formal-v1-trial-083-attempt-0,0,TASK_RECORD,formal-v1/trial-083/attempt-0/run/environment_identity.json,1129,7ecb4292f50619e409e4db7319a9c8746bb719822ee4673d0cf7d56aada97d1f,e8ea8f3fda15ab81664829ea6f71fcb37f772ad613c13f61007856c16117791a,5e20a3f0504205e8d65b91033638c5af0909ed741212a04539dcfb37eda08fe2,FORMAL_PROSPECTIVE_SHADOW_COHORT_V1,SERVER_TASK_RECORD
83,formal-v1-trial-083-attempt-0,0,RAW_JSONL,formal-v1/trial-083/attempt-0/run/instrumentation/instrumentation_health_log.jsonl,3824,0741ecac33f075ed216ac6d259bdcfe8b18d9d68739ddf90655a162954d67a21,e8ea8f3fda15ab81664829ea6f71fcb37f772ad613c13f61007856c16117791a,5e20a3f0504205e8d65b91033638c5af0909ed741212a04539dcfb37eda08fe2,FORMAL_PROSPECTIVE_SHADOW_COHORT_V1,SERVER_ONLY_RAW
83,formal-v1-trial-083-attempt-0,0,TASK_RECORD,formal-v1/trial-083/attempt-0/run/instrumentation/map_authority_manifest.json,983,7c19db927e0a59f20cbd1edb905076e75f12562e341d6ec56d291423a356f586,e8ea8f3fda15ab81664829ea6f71fcb37f772ad613c13f61007856c16117791a,5e20a3f0504205e8d65b91033638c5af0909ed741212a04539dcfb37eda08fe2,FORMAL_PROSPECTIVE_SHADOW_COHORT_V1,SERVER_TASK_RECORD
83,formal-v1-trial-083-attempt-0,0,RAW_JSONL,formal-v1/trial-083/attempt-0/run/instrumentation/shadow_certificate_result_log.jsonl,10720,f3e102dde2a243ae71cb0633e581c76e9a50fd1ce033d06ca9e0a19594fbba55,e8ea8f3fda15ab81664829ea6f71fcb37f772ad613c13f61007856c16117791a,5e20a3f0504205e8d65b91033638c5af0909ed741212a04539dcfb37eda08fe2,FORMAL_PROSPECTIVE_SHADOW_COHORT_V1,SERVER_ONLY_RAW
83,formal-v1-trial-083-attempt-0,0,RAW_JSONL,formal-v1/trial-083/attempt-0/run/instrumentation/step_capture_log.jsonl,19452,0cb92df148356e318182165ff28546b8be861939e517c14da5dca889a27b9e16,e8ea8f3fda15ab81664829ea6f71fcb37f772ad613c13f61007856c16117791a,5e20a3f0504205e8d65b91033638c5af0909ed741212a04539dcfb37eda08fe2,FORMAL_PROSPECTIVE_SHADOW_COHORT_V1,SERVER_ONLY_RAW
83,formal-v1-trial-083-attempt-0,0,TASK_RECORD,formal-v1/trial-083/attempt-0/run/primary_trace.json,16850,11dd9857cc70bae4a06b3fff44faf3a3bf8d8b290c9d60a1b7aedc8aee9d8227,e8ea8f3fda15ab81664829ea6f71fcb37f772ad613c13f61007856c16117791a,5e20a3f0504205e8d65b91033638c5af0909ed741212a04539dcfb37eda08fe2,FORMAL_PROSPECTIVE_SHADOW_COHORT_V1,SERVER_TASK_RECORD
83,formal-v1-trial-083-attempt-0,0,TASK_RECORD,formal-v1/trial-083/attempt-0/run/run_metadata.json,839,02238318a413bcdff91aec108154b8b78f1003666bfd2734a3ac9b5b0d3bc084,e8ea8f3fda15ab81664829ea6f71fcb37f772ad613c13f61007856c16117791a,5e20a3f0504205e8d65b91033638c5af0909ed741212a04539dcfb37eda08fe2,FORMAL_PROSPECTIVE_SHADOW_COHORT_V1,SERVER_TASK_RECORD
83,formal-v1-trial-083-attempt-0,0,TASK_RECORD,formal-v1/trial-083/attempt-0/run/trajs/stonehenge_ball-to-ellipsoid.json,7534,c4f67897ebfdb2ffc6018ace74680bdfaee513b76216e7a95bbc84e2d250e225,e8ea8f3fda15ab81664829ea6f71fcb37f772ad613c13f61007856c16117791a,5e20a3f0504205e8d65b91033638c5af0909ed741212a04539dcfb37eda08fe2,FORMAL_PROSPECTIVE_SHADOW_COHORT_V1,SERVER_TASK_RECORD
83,formal-v1-trial-083-attempt-0,0,LOG,formal-v1/trial-083/attempt-0/stderr.log,903,93c3ca58bc2ce4c14c45208ffe1cba84f2698cc36977407662abc8598bd3c274,e8ea8f3fda15ab81664829ea6f71fcb37f772ad613c13f61007856c16117791a,5e20a3f0504205e8d65b91033638c5af0909ed741212a04539dcfb37eda08fe2,FORMAL_PROSPECTIVE_SHADOW_COHORT_V1,SERVER_ONLY_RAW
83,formal-v1-trial-083-attempt-0,0,LOG,formal-v1/trial-083/attempt-0/stdout.log,1492,ac15fa059033abf6c5567fae68b58d8374598fdacd98fecdfd8598f4c4a37d22,e8ea8f3fda15ab81664829ea6f71fcb37f772ad613c13f61007856c16117791a,5e20a3f0504205e8d65b91033638c5af0909ed741212a04539dcfb37eda08fe2,FORMAL_PROSPECTIVE_SHADOW_COHORT_V1,SERVER_ONLY_RAW
84,formal-v1-trial-084-attempt-0,0,TASK_RECORD,formal-v1/trial-084/attempt-0/formal_attempt_identity.json,839,5bae6e1373363eefe67529f1ab36432f6eaffb4197a2d34a0a757f278463fd51,e8ea8f3fda15ab81664829ea6f71fcb37f772ad613c13f61007856c16117791a,5e20a3f0504205e8d65b91033638c5af0909ed741212a04539dcfb37eda08fe2,FORMAL_PROSPECTIVE_SHADOW_COHORT_V1,SERVER_TASK_RECORD
84,formal-v1-trial-084-attempt-0,0,TASK_RECORD,formal-v1/trial-084/attempt-0/outcome_blind_qc.json,1211,193305b8244d477f25bc43d96e11cb55e25bba5c8f53aed4dae011b28f4b7daa,e8ea8f3fda15ab81664829ea6f71fcb37f772ad613c13f61007856c16117791a,5e20a3f0504205e8d65b91033638c5af0909ed741212a04539dcfb37eda08fe2,FORMAL_PROSPECTIVE_SHADOW_COHORT_V1,SERVER_TASK_RECORD
84,formal-v1-trial-084-attempt-0,0,TASK_RECORD,formal-v1/trial-084/attempt-0/process_result.json,433,25561703d9b7e4d2f454eea13154f5074d8f9b93086ce4b75d21482f6a0d2657,e8ea8f3fda15ab81664829ea6f71fcb37f772ad613c13f61007856c16117791a,5e20a3f0504205e8d65b91033638c5af0909ed741212a04539dcfb37eda08fe2,FORMAL_PROSPECTIVE_SHADOW_COHORT_V1,SERVER_TASK_RECORD
84,formal-v1-trial-084-attempt-0,0,TASK_RECORD,formal-v1/trial-084/attempt-0/run/arm_activation.json,923,9fd1eadb91519b014e41930898e889bcbe75d887fb0d662993484d9014bd7503,e8ea8f3fda15ab81664829ea6f71fcb37f772ad613c13f61007856c16117791a,5e20a3f0504205e8d65b91033638c5af0909ed741212a04539dcfb37eda08fe2,FORMAL_PROSPECTIVE_SHADOW_COHORT_V1,SERVER_TASK_RECORD
84,formal-v1-trial-084-attempt-0,0,TASK_RECORD,formal-v1/trial-084/attempt-0/run/environment_identity.json,1129,a37801f65a7ce8ed113ca54108364970df869b04635cc1062a0d54e71f15f9a0,e8ea8f3fda15ab81664829ea6f71fcb37f772ad613c13f61007856c16117791a,5e20a3f0504205e8d65b91033638c5af0909ed741212a04539dcfb37eda08fe2,FORMAL_PROSPECTIVE_SHADOW_COHORT_V1,SERVER_TASK_RECORD
84,formal-v1-trial-084-attempt-0,0,RAW_JSONL,formal-v1/trial-084/attempt-0/run/instrumentation/instrumentation_health_log.jsonl,45100,93f5c22f05d41fb2e7ba342dc71e3a0fd93948a0661a9820f44b189554862fa3,e8ea8f3fda15ab81664829ea6f71fcb37f772ad613c13f61007856c16117791a,5e20a3f0504205e8d65b91033638c5af0909ed741212a04539dcfb37eda08fe2,FORMAL_PROSPECTIVE_SHADOW_COHORT_V1,SERVER_ONLY_RAW
84,formal-v1-trial-084-attempt-0,0,TASK_RECORD,formal-v1/trial-084/attempt-0/run/instrumentation/map_authority_manifest.json,983,7c19db927e0a59f20cbd1edb905076e75f12562e341d6ec56d291423a356f586,e8ea8f3fda15ab81664829ea6f71fcb37f772ad613c13f61007856c16117791a,5e20a3f0504205e8d65b91033638c5af0909ed741212a04539dcfb37eda08fe2,FORMAL_PROSPECTIVE_SHADOW_COHORT_V1,SERVER_TASK_RECORD
84,formal-v1-trial-084-attempt-0,0,RAW_JSONL,formal-v1/trial-084/attempt-0/run/instrumentation/shadow_certificate_result_log.jsonl,126128,579b9572057bd426d2f776ab62b2c5418a62ae4da9734e8808879a97165ea13f,e8ea8f3fda15ab81664829ea6f71fcb37f772ad613c13f61007856c16117791a,5e20a3f0504205e8d65b91033638c5af0909ed741212a04539dcfb37eda08fe2,FORMAL_PROSPECTIVE_SHADOW_COHORT_V1,SERVER_ONLY_RAW
84,formal-v1-trial-084-attempt-0,0,RAW_JSONL,formal-v1/trial-084/attempt-0/run/instrumentation/step_capture_log.jsonl,230034,653db6fd105db8e0e81a40cd232ad0075b4c60616cf837ced88c8b163baa050d,e8ea8f3fda15ab81664829ea6f71fcb37f772ad613c13f61007856c16117791a,5e20a3f0504205e8d65b91033638c5af0909ed741212a04539dcfb37eda08fe2,FORMAL_PROSPECTIVE_SHADOW_COHORT_V1,SERVER_ONLY_RAW
84,formal-v1-trial-084-attempt-0,0,TASK_RECORD,formal-v1/trial-084/attempt-0/run/primary_trace.json,194807,30557271d54d3d35bb6006dfadd2c4885f8e5a0bc4ef596597e3f87e410dbe56,e8ea8f3fda15ab81664829ea6f71fcb37f772ad613c13f61007856c16117791a,5e20a3f0504205e8d65b91033638c5af0909ed741212a04539dcfb37eda08fe2,FORMAL_PROSPECTIVE_SHADOW_COHORT_V1,SERVER_TASK_RECORD
84,formal-v1-trial-084-attempt-0,0,TASK_RECORD,formal-v1/trial-084/attempt-0/run/run_metadata.json,840,5346da339acab7ca855c4acd27506e7a2357d7339c2b10879f1ca6bd9ce3cc90,e8ea8f3fda15ab81664829ea6f71fcb37f772ad613c13f61007856c16117791a,5e20a3f0504205e8d65b91033638c5af0909ed741212a04539dcfb37eda08fe2,FORMAL_PROSPECTIVE_SHADOW_COHORT_V1,SERVER_TASK_RECORD
84,formal-v1-trial-084-attempt-0,0,TASK_RECORD,formal-v1/trial-084/attempt-0/run/trajs/stonehenge_ball-to-ellipsoid.json,78665,116760149baa1dc44bc8f1ca5a16658e0f25a2c2542b1e40938ccd574314f0d1,e8ea8f3fda15ab81664829ea6f71fcb37f772ad613c13f61007856c16117791a,5e20a3f0504205e8d65b91033638c5af0909ed741212a04539dcfb37eda08fe2,FORMAL_PROSPECTIVE_SHADOW_COHORT_V1,SERVER_TASK_RECORD
84,formal-v1-trial-084-attempt-0,0,LOG,formal-v1/trial-084/attempt-0/stderr.log,7514,97e29fb5883d51f5f82f6f0b2bc07d66b51f70877170f89ac540ca17c4822454,e8ea8f3fda15ab81664829ea6f71fcb37f772ad613c13f61007856c16117791a,5e20a3f0504205e8d65b91033638c5af0909ed741212a04539dcfb37eda08fe2,FORMAL_PROSPECTIVE_SHADOW_COHORT_V1,SERVER_ONLY_RAW
84,formal-v1-trial-084-attempt-0,0,LOG,formal-v1/trial-084/attempt-0/stdout.log,1493,ab3feb3a5774837f963ad6e458fb15d0e809f3d42584c3d68d051b760d7c563e,e8ea8f3fda15ab81664829ea6f71fcb37f772ad613c13f61007856c16117791a,5e20a3f0504205e8d65b91033638c5af0909ed741212a04539dcfb37eda08fe2,FORMAL_PROSPECTIVE_SHADOW_COHORT_V1,SERVER_ONLY_RAW
85,formal-v1-trial-085-attempt-0,0,TASK_RECORD,formal-v1/trial-085/attempt-0/formal_attempt_identity.json,839,ca5789cd3343dcba3a44cf61342e69ddbb61c053442c95613f5a9d77e0a3b1fd,e8ea8f3fda15ab81664829ea6f71fcb37f772ad613c13f61007856c16117791a,5e20a3f0504205e8d65b91033638c5af0909ed741212a04539dcfb37eda08fe2,FORMAL_PROSPECTIVE_SHADOW_COHORT_V1,SERVER_TASK_RECORD
85,formal-v1-trial-085-attempt-0,0,TASK_RECORD,formal-v1/trial-085/attempt-0/outcome_blind_qc.json,1211,ef0db5dc9a533d4cc42e6219366054e80fc9b9feecad61f06ad481d67fc7b2bf,e8ea8f3fda15ab81664829ea6f71fcb37f772ad613c13f61007856c16117791a,5e20a3f0504205e8d65b91033638c5af0909ed741212a04539dcfb37eda08fe2,FORMAL_PROSPECTIVE_SHADOW_COHORT_V1,SERVER_TASK_RECORD
85,formal-v1-trial-085-attempt-0,0,TASK_RECORD,formal-v1/trial-085/attempt-0/process_result.json,433,a0ec2d28cda382d15c7438b453d7d764300f3d2f28dce8d61f40f9b5d2ce7ce3,e8ea8f3fda15ab81664829ea6f71fcb37f772ad613c13f61007856c16117791a,5e20a3f0504205e8d65b91033638c5af0909ed741212a04539dcfb37eda08fe2,FORMAL_PROSPECTIVE_SHADOW_COHORT_V1,SERVER_TASK_RECORD
85,formal-v1-trial-085-attempt-0,0,TASK_RECORD,formal-v1/trial-085/attempt-0/run/arm_activation.json,923,8489485f5ab2024d7828a9cf84606cda4be2233feca560ab6716f2b76e0cc0a3,e8ea8f3fda15ab81664829ea6f71fcb37f772ad613c13f61007856c16117791a,5e20a3f0504205e8d65b91033638c5af0909ed741212a04539dcfb37eda08fe2,FORMAL_PROSPECTIVE_SHADOW_COHORT_V1,SERVER_TASK_RECORD
85,formal-v1-trial-085-attempt-0,0,TASK_RECORD,formal-v1/trial-085/attempt-0/run/environment_identity.json,1129,17ccbd1854b3b5f257468cfa0fff4f4810be9e657323c9e00da0f95b55213497,e8ea8f3fda15ab81664829ea6f71fcb37f772ad613c13f61007856c16117791a,5e20a3f0504205e8d65b91033638c5af0909ed741212a04539dcfb37eda08fe2,FORMAL_PROSPECTIVE_SHADOW_COHORT_V1,SERVER_TASK_RECORD
85,formal-v1-trial-085-attempt-0,0,RAW_JSONL,formal-v1/trial-085/attempt-0/run/instrumentation/instrumentation_health_log.jsonl,41740,c60b7cb9a4533ca40678c7027c37cb187db0dd9fa41e0531cdc7ae141f52a22f,e8ea8f3fda15ab81664829ea6f71fcb37f772ad613c13f61007856c16117791a,5e20a3f0504205e8d65b91033638c5af0909ed741212a04539dcfb37eda08fe2,FORMAL_PROSPECTIVE_SHADOW_COHORT_V1,SERVER_ONLY_RAW
85,formal-v1-trial-085-attempt-0,0,TASK_RECORD,formal-v1/trial-085/attempt-0/run/instrumentation/map_authority_manifest.json,983,7c19db927e0a59f20cbd1edb905076e75f12562e341d6ec56d291423a356f586,e8ea8f3fda15ab81664829ea6f71fcb37f772ad613c13f61007856c16117791a,5e20a3f0504205e8d65b91033638c5af0909ed741212a04539dcfb37eda08fe2,FORMAL_PROSPECTIVE_SHADOW_COHORT_V1,SERVER_TASK_RECORD
85,formal-v1-trial-085-attempt-0,0,RAW_JSONL,formal-v1/trial-085/attempt-0/run/instrumentation/shadow_certificate_result_log.jsonl,116734,c38ebe001bee9f8feccbd9ebccbe10676504688419351a7efd59b7a58ce502ea,e8ea8f3fda15ab81664829ea6f71fcb37f772ad613c13f61007856c16117791a,5e20a3f0504205e8d65b91033638c5af0909ed741212a04539dcfb37eda08fe2,FORMAL_PROSPECTIVE_SHADOW_COHORT_V1,SERVER_ONLY_RAW
85,formal-v1-trial-085-attempt-0,0,RAW_JSONL,formal-v1/trial-085/attempt-0/run/instrumentation/step_capture_log.jsonl,212891,79382a3a2c6284ef8ad4a91b88a62f0225f79aa2ed2f9c8510a743409d897f54,e8ea8f3fda15ab81664829ea6f71fcb37f772ad613c13f61007856c16117791a,5e20a3f0504205e8d65b91033638c5af0909ed741212a04539dcfb37eda08fe2,FORMAL_PROSPECTIVE_SHADOW_COHORT_V1,SERVER_ONLY_RAW
85,formal-v1-trial-085-attempt-0,0,TASK_RECORD,formal-v1/trial-085/attempt-0/run/primary_trace.json,180232,f32bb256f14bd96a01de2f38112ad5de1635d27bd632125f0f6e479868b7e174,e8ea8f3fda15ab81664829ea6f71fcb37f772ad613c13f61007856c16117791a,5e20a3f0504205e8d65b91033638c5af0909ed741212a04539dcfb37eda08fe2,FORMAL_PROSPECTIVE_SHADOW_COHORT_V1,SERVER_TASK_RECORD
85,formal-v1-trial-085-attempt-0,0,TASK_RECORD,formal-v1/trial-085/attempt-0/run/run_metadata.json,840,91ed4bbf6719134a23560a373b5f6e63b535f6096f0d19b53c712d99de2d7446,e8ea8f3fda15ab81664829ea6f71fcb37f772ad613c13f61007856c16117791a,5e20a3f0504205e8d65b91033638c5af0909ed741212a04539dcfb37eda08fe2,FORMAL_PROSPECTIVE_SHADOW_COHORT_V1,SERVER_TASK_RECORD
85,formal-v1-trial-085-attempt-0,0,TASK_RECORD,formal-v1/trial-085/attempt-0/run/trajs/stonehenge_ball-to-ellipsoid.json,72905,e7521bf0b186ba244e3475ed44d13052e0b99236dacfe9d0cecfbd5b8d03f8e3,e8ea8f3fda15ab81664829ea6f71fcb37f772ad613c13f61007856c16117791a,5e20a3f0504205e8d65b91033638c5af0909ed741212a04539dcfb37eda08fe2,FORMAL_PROSPECTIVE_SHADOW_COHORT_V1,SERVER_TASK_RECORD
85,formal-v1-trial-085-attempt-0,0,LOG,formal-v1/trial-085/attempt-0/stderr.log,6968,4bc5d9d89f625efceb7e68482f6871a9264b101c27ea7bbfa5fe86eac25adaeb,e8ea8f3fda15ab81664829ea6f71fcb37f772ad613c13f61007856c16117791a,5e20a3f0504205e8d65b91033638c5af0909ed741212a04539dcfb37eda08fe2,FORMAL_PROSPECTIVE_SHADOW_COHORT_V1,SERVER_ONLY_RAW
85,formal-v1-trial-085-attempt-0,0,LOG,formal-v1/trial-085/attempt-0/stdout.log,1493,6c7747ee355d633eb18619c638cc9d1751837cc588677b5646854a50ae0abd53,e8ea8f3fda15ab81664829ea6f71fcb37f772ad613c13f61007856c16117791a,5e20a3f0504205e8d65b91033638c5af0909ed741212a04539dcfb37eda08fe2,FORMAL_PROSPECTIVE_SHADOW_COHORT_V1,SERVER_ONLY_RAW
86,formal-v1-trial-086-attempt-0,0,TASK_RECORD,formal-v1/trial-086/attempt-0/formal_attempt_identity.json,839,a24123edbdde00c1b230b0be3202e643f04c40d305d96806ea0ba90fcf438812,e8ea8f3fda15ab81664829ea6f71fcb37f772ad613c13f61007856c16117791a,5e20a3f0504205e8d65b91033638c5af0909ed741212a04539dcfb37eda08fe2,FORMAL_PROSPECTIVE_SHADOW_COHORT_V1,SERVER_TASK_RECORD
86,formal-v1-trial-086-attempt-0,0,TASK_RECORD,formal-v1/trial-086/attempt-0/outcome_blind_qc.json,1211,720d469a5e00e7639791af8424f9f14a0acf00dee32dfd13313c04483d3f8da5,e8ea8f3fda15ab81664829ea6f71fcb37f772ad613c13f61007856c16117791a,5e20a3f0504205e8d65b91033638c5af0909ed741212a04539dcfb37eda08fe2,FORMAL_PROSPECTIVE_SHADOW_COHORT_V1,SERVER_TASK_RECORD
86,formal-v1-trial-086-attempt-0,0,TASK_RECORD,formal-v1/trial-086/attempt-0/process_result.json,433,054a6bb4f0397397ba6d04a24307ec4e73bc8eed767ca06c1493d30708f0abf3,e8ea8f3fda15ab81664829ea6f71fcb37f772ad613c13f61007856c16117791a,5e20a3f0504205e8d65b91033638c5af0909ed741212a04539dcfb37eda08fe2,FORMAL_PROSPECTIVE_SHADOW_COHORT_V1,SERVER_TASK_RECORD
86,formal-v1-trial-086-attempt-0,0,TASK_RECORD,formal-v1/trial-086/attempt-0/run/arm_activation.json,923,e93f89c9277e6cb28aabf1fe7122b5f79fd3f46c943b7433e06ed1f48ef05a7f,e8ea8f3fda15ab81664829ea6f71fcb37f772ad613c13f61007856c16117791a,5e20a3f0504205e8d65b91033638c5af0909ed741212a04539dcfb37eda08fe2,FORMAL_PROSPECTIVE_SHADOW_COHORT_V1,SERVER_TASK_RECORD
86,formal-v1-trial-086-attempt-0,0,TASK_RECORD,formal-v1/trial-086/attempt-0/run/environment_identity.json,1129,9fc928eb524feccb1a87b0ccf42fbda230f482a3c1088e9bf88ae8374b12dd53,e8ea8f3fda15ab81664829ea6f71fcb37f772ad613c13f61007856c16117791a,5e20a3f0504205e8d65b91033638c5af0909ed741212a04539dcfb37eda08fe2,FORMAL_PROSPECTIVE_SHADOW_COHORT_V1,SERVER_TASK_RECORD
86,formal-v1-trial-086-attempt-0,0,RAW_JSONL,formal-v1/trial-086/attempt-0/run/instrumentation/instrumentation_health_log.jsonl,44620,b80b6e6c9ae1074bdf050f0af072d2559f85b2df7260c4ed1455c089218b77be,e8ea8f3fda15ab81664829ea6f71fcb37f772ad613c13f61007856c16117791a,5e20a3f0504205e8d65b91033638c5af0909ed741212a04539dcfb37eda08fe2,FORMAL_PROSPECTIVE_SHADOW_COHORT_V1,SERVER_ONLY_RAW
86,formal-v1-trial-086-attempt-0,0,TASK_RECORD,formal-v1/trial-086/attempt-0/run/instrumentation/map_authority_manifest.json,983,7c19db927e0a59f20cbd1edb905076e75f12562e341d6ec56d291423a356f586,e8ea8f3fda15ab81664829ea6f71fcb37f772ad613c13f61007856c16117791a,5e20a3f0504205e8d65b91033638c5af0909ed741212a04539dcfb37eda08fe2,FORMAL_PROSPECTIVE_SHADOW_COHORT_V1,SERVER_TASK_RECORD
86,formal-v1-trial-086-attempt-0,0,RAW_JSONL,formal-v1/trial-086/attempt-0/run/instrumentation/shadow_certificate_result_log.jsonl,124786,cafac3f38114dc5fb90c09f77904f787f4d916e7678d95cb13b2dd88e584e3e3,e8ea8f3fda15ab81664829ea6f71fcb37f772ad613c13f61007856c16117791a,5e20a3f0504205e8d65b91033638c5af0909ed741212a04539dcfb37eda08fe2,FORMAL_PROSPECTIVE_SHADOW_COHORT_V1,SERVER_ONLY_RAW
86,formal-v1-trial-086-attempt-0,0,RAW_JSONL,formal-v1/trial-086/attempt-0/run/instrumentation/step_capture_log.jsonl,227422,d0c033e9fd92944d7f66d4f80299a23aaeeae27cfb489abbe1f7fe3ac5bd68d9,e8ea8f3fda15ab81664829ea6f71fcb37f772ad613c13f61007856c16117791a,5e20a3f0504205e8d65b91033638c5af0909ed741212a04539dcfb37eda08fe2,FORMAL_PROSPECTIVE_SHADOW_COHORT_V1,SERVER_ONLY_RAW
86,formal-v1-trial-086-attempt-0,0,TASK_RECORD,formal-v1/trial-086/attempt-0/run/primary_trace.json,192400,64f44ac38a3fb7112e8ac1b09d4d0a72a49e9754f2d4f86d203cce0ba71b3f32,e8ea8f3fda15ab81664829ea6f71fcb37f772ad613c13f61007856c16117791a,5e20a3f0504205e8d65b91033638c5af0909ed741212a04539dcfb37eda08fe2,FORMAL_PROSPECTIVE_SHADOW_COHORT_V1,SERVER_TASK_RECORD
86,formal-v1-trial-086-attempt-0,0,TASK_RECORD,formal-v1/trial-086/attempt-0/run/run_metadata.json,840,250b547e5d60913b84faa926b8ebcdbd0ac5d171b5d6200cba147f6060277605,e8ea8f3fda15ab81664829ea6f71fcb37f772ad613c13f61007856c16117791a,5e20a3f0504205e8d65b91033638c5af0909ed741212a04539dcfb37eda08fe2,FORMAL_PROSPECTIVE_SHADOW_COHORT_V1,SERVER_TASK_RECORD
86,formal-v1-trial-086-attempt-0,0,TASK_RECORD,formal-v1/trial-086/attempt-0/run/trajs/stonehenge_ball-to-ellipsoid.json,77737,ef2f5708cb2ed7edebc70e5511e78daf78f29d0941d3c522f773390923a21d94,e8ea8f3fda15ab81664829ea6f71fcb37f772ad613c13f61007856c16117791a,5e20a3f0504205e8d65b91033638c5af0909ed741212a04539dcfb37eda08fe2,FORMAL_PROSPECTIVE_SHADOW_COHORT_V1,SERVER_TASK_RECORD
86,formal-v1-trial-086-attempt-0,0,LOG,formal-v1/trial-086/attempt-0/stderr.log,7436,5584d6670edcdb2720b9b24c640ea95109048f850046f15346f66d3b28d777f8,e8ea8f3fda15ab81664829ea6f71fcb37f772ad613c13f61007856c16117791a,5e20a3f0504205e8d65b91033638c5af0909ed741212a04539dcfb37eda08fe2,FORMAL_PROSPECTIVE_SHADOW_COHORT_V1,SERVER_ONLY_RAW
86,formal-v1-trial-086-attempt-0,0,LOG,formal-v1/trial-086/attempt-0/stdout.log,1494,e829e5ca907f7b5ab72411a5efe9062125a4e723e512dab3b313acece9f88675,e8ea8f3fda15ab81664829ea6f71fcb37f772ad613c13f61007856c16117791a,5e20a3f0504205e8d65b91033638c5af0909ed741212a04539dcfb37eda08fe2,FORMAL_PROSPECTIVE_SHADOW_COHORT_V1,SERVER_ONLY_RAW
87,formal-v1-trial-087-attempt-0,0,TASK_RECORD,formal-v1/trial-087/attempt-0/formal_attempt_identity.json,839,6638cb59f34da5a4e5ec4f3b3e16d2e59793eba2ac9dba63f14eb036fd304f7f,e8ea8f3fda15ab81664829ea6f71fcb37f772ad613c13f61007856c16117791a,5e20a3f0504205e8d65b91033638c5af0909ed741212a04539dcfb37eda08fe2,FORMAL_PROSPECTIVE_SHADOW_COHORT_V1,SERVER_TASK_RECORD
87,formal-v1-trial-087-attempt-0,0,TASK_RECORD,formal-v1/trial-087/attempt-0/outcome_blind_qc.json,1215,8bc1f07a15a0151ef0f77664805eb43752c20de61e54ce7e60439d1ad18fdf70,e8ea8f3fda15ab81664829ea6f71fcb37f772ad613c13f61007856c16117791a,5e20a3f0504205e8d65b91033638c5af0909ed741212a04539dcfb37eda08fe2,FORMAL_PROSPECTIVE_SHADOW_COHORT_V1,SERVER_TASK_RECORD
87,formal-v1-trial-087-attempt-0,0,TASK_RECORD,formal-v1/trial-087/attempt-0/process_result.json,437,ead82dba4e8d07d17688f83b006f7aadd7da5aaf8f6e6986cd3fa0af2002547f,e8ea8f3fda15ab81664829ea6f71fcb37f772ad613c13f61007856c16117791a,5e20a3f0504205e8d65b91033638c5af0909ed741212a04539dcfb37eda08fe2,FORMAL_PROSPECTIVE_SHADOW_COHORT_V1,SERVER_TASK_RECORD
87,formal-v1-trial-087-attempt-0,0,TASK_RECORD,formal-v1/trial-087/attempt-0/run/arm_activation.json,927,9b817c1bb965a6fd14f6bdbaccc3933b7ae0dc342585e507b5fdb370dc15b5ff,e8ea8f3fda15ab81664829ea6f71fcb37f772ad613c13f61007856c16117791a,5e20a3f0504205e8d65b91033638c5af0909ed741212a04539dcfb37eda08fe2,FORMAL_PROSPECTIVE_SHADOW_COHORT_V1,SERVER_TASK_RECORD
87,formal-v1-trial-087-attempt-0,0,TASK_RECORD,formal-v1/trial-087/attempt-0/run/environment_identity.json,1129,f4850cf0c34e2dc04be6115ec4cef01fa811908e8c9ac54334d186101e955364,e8ea8f3fda15ab81664829ea6f71fcb37f772ad613c13f61007856c16117791a,5e20a3f0504205e8d65b91033638c5af0909ed741212a04539dcfb37eda08fe2,FORMAL_PROSPECTIVE_SHADOW_COHORT_V1,SERVER_TASK_RECORD
87,formal-v1-trial-087-attempt-0,0,RAW_JSONL,formal-v1/trial-087/attempt-0/run/instrumentation/instrumentation_health_log.jsonl,113532,351c38f460bc6cdbb768e03ae244434d3932e8b9cc0e5629d100be10a76a3c9c,e8ea8f3fda15ab81664829ea6f71fcb37f772ad613c13f61007856c16117791a,5e20a3f0504205e8d65b91033638c5af0909ed741212a04539dcfb37eda08fe2,FORMAL_PROSPECTIVE_SHADOW_COHORT_V1,SERVER_ONLY_RAW
87,formal-v1-trial-087-attempt-0,0,TASK_RECORD,formal-v1/trial-087/attempt-0/run/instrumentation/map_authority_manifest.json,983,7c19db927e0a59f20cbd1edb905076e75f12562e341d6ec56d291423a356f586,e8ea8f3fda15ab81664829ea6f71fcb37f772ad613c13f61007856c16117791a,5e20a3f0504205e8d65b91033638c5af0909ed741212a04539dcfb37eda08fe2,FORMAL_PROSPECTIVE_SHADOW_COHORT_V1,SERVER_TASK_RECORD
87,formal-v1-trial-087-attempt-0,0,RAW_JSONL,formal-v1/trial-087/attempt-0/run/instrumentation/shadow_certificate_result_log.jsonl,316964,cb4af0e7b56d6290f41aae865659afefb4bb2250d8718a4419a5ba7a2fe17f47,e8ea8f3fda15ab81664829ea6f71fcb37f772ad613c13f61007856c16117791a,5e20a3f0504205e8d65b91033638c5af0909ed741212a04539dcfb37eda08fe2,FORMAL_PROSPECTIVE_SHADOW_COHORT_V1,SERVER_ONLY_RAW
87,formal-v1-trial-087-attempt-0,0,RAW_JSONL,formal-v1/trial-087/attempt-0/run/instrumentation/step_capture_log.jsonl,578393,4eb7e496ec2228c06ae5aa2249ea52419d8acea4ad67bb0679dc6e704b9c0f7f,e8ea8f3fda15ab81664829ea6f71fcb37f772ad613c13f61007856c16117791a,5e20a3f0504205e8d65b91033638c5af0909ed741212a04539dcfb37eda08fe2,FORMAL_PROSPECTIVE_SHADOW_COHORT_V1,SERVER_ONLY_RAW
87,formal-v1-trial-087-attempt-0,0,TASK_RECORD,formal-v1/trial-087/attempt-0/run/primary_trace.json,489329,89dcb80826bca0e07e28c340f74d9114693ad29e87f1e283b8bbb8e8a56a0cc2,e8ea8f3fda15ab81664829ea6f71fcb37f772ad613c13f61007856c16117791a,5e20a3f0504205e8d65b91033638c5af0909ed741212a04539dcfb37eda08fe2,FORMAL_PROSPECTIVE_SHADOW_COHORT_V1,SERVER_TASK_RECORD
87,formal-v1-trial-087-attempt-0,0,TASK_RECORD,formal-v1/trial-087/attempt-0/run/run_metadata.json,841,afca90b3bfa6b32dfcd3ac6279bd247ab1893cbf6b789f4bbc82c5fc5f4487a1,e8ea8f3fda15ab81664829ea6f71fcb37f772ad613c13f61007856c16117791a,5e20a3f0504205e8d65b91033638c5af0909ed741212a04539dcfb37eda08fe2,FORMAL_PROSPECTIVE_SHADOW_COHORT_V1,SERVER_TASK_RECORD
87,formal-v1-trial-087-attempt-0,0,TASK_RECORD,formal-v1/trial-087/attempt-0/run/trajs/stonehenge_ball-to-ellipsoid.json,196356,4c766cdb6f3203ddf3d3760d2f3d7eb5ca06f6508f0a477e417644a073d18af3,e8ea8f3fda15ab81664829ea6f71fcb37f772ad613c13f61007856c16117791a,5e20a3f0504205e8d65b91033638c5af0909ed741212a04539dcfb37eda08fe2,FORMAL_PROSPECTIVE_SHADOW_COHORT_V1,SERVER_TASK_RECORD
87,formal-v1-trial-087-attempt-0,0,LOG,formal-v1/trial-087/attempt-0/stderr.log,19207,f88f5c9f493ff27023869af916f5101e416e904e1cbeb886990a750ce54705d6,e8ea8f3fda15ab81664829ea6f71fcb37f772ad613c13f61007856c16117791a,5e20a3f0504205e8d65b91033638c5af0909ed741212a04539dcfb37eda08fe2,FORMAL_PROSPECTIVE_SHADOW_COHORT_V1,SERVER_ONLY_RAW
87,formal-v1-trial-087-attempt-0,0,LOG,formal-v1/trial-087/attempt-0/stdout.log,1494,e79a7996b9b48ba72d268e18bc04e8116cffb7b098b741585a4b369b1451645f,e8ea8f3fda15ab81664829ea6f71fcb37f772ad613c13f61007856c16117791a,5e20a3f0504205e8d65b91033638c5af0909ed741212a04539dcfb37eda08fe2,FORMAL_PROSPECTIVE_SHADOW_COHORT_V1,SERVER_ONLY_RAW
88,formal-v1-trial-088-attempt-0,0,TASK_RECORD,formal-v1/trial-088/attempt-0/formal_attempt_identity.json,839,8654e7d33b11bf484729025878e1063dec0da9fd74c06a0fda28a32a41f7100f,e8ea8f3fda15ab81664829ea6f71fcb37f772ad613c13f61007856c16117791a,5e20a3f0504205e8d65b91033638c5af0909ed741212a04539dcfb37eda08fe2,FORMAL_PROSPECTIVE_SHADOW_COHORT_V1,SERVER_TASK_RECORD
88,formal-v1-trial-088-attempt-0,0,TASK_RECORD,formal-v1/trial-088/attempt-0/outcome_blind_qc.json,1215,6f27796ea86fd8b344f2323000d3b0712cd4dea9b8216aae5cd68aca378811c9,e8ea8f3fda15ab81664829ea6f71fcb37f772ad613c13f61007856c16117791a,5e20a3f0504205e8d65b91033638c5af0909ed741212a04539dcfb37eda08fe2,FORMAL_PROSPECTIVE_SHADOW_COHORT_V1,SERVER_TASK_RECORD
88,formal-v1-trial-088-attempt-0,0,TASK_RECORD,formal-v1/trial-088/attempt-0/process_result.json,437,b2057fee09cb5a8fd8b4611d56a076086fe98f0cb6d98c6d3a747b109c275858,e8ea8f3fda15ab81664829ea6f71fcb37f772ad613c13f61007856c16117791a,5e20a3f0504205e8d65b91033638c5af0909ed741212a04539dcfb37eda08fe2,FORMAL_PROSPECTIVE_SHADOW_COHORT_V1,SERVER_TASK_RECORD
88,formal-v1-trial-088-attempt-0,0,TASK_RECORD,formal-v1/trial-088/attempt-0/run/arm_activation.json,927,f5217bd08c19c98c1132b544e0bd62997a30d2cdb053e9cc095bf75de5fe9784,e8ea8f3fda15ab81664829ea6f71fcb37f772ad613c13f61007856c16117791a,5e20a3f0504205e8d65b91033638c5af0909ed741212a04539dcfb37eda08fe2,FORMAL_PROSPECTIVE_SHADOW_COHORT_V1,SERVER_TASK_RECORD
88,formal-v1-trial-088-attempt-0,0,TASK_RECORD,formal-v1/trial-088/attempt-0/run/environment_identity.json,1129,846b2b906e606036ccd49c82cf9af10bb871101d0be2dae38619ad82ee543608,e8ea8f3fda15ab81664829ea6f71fcb37f772ad613c13f61007856c16117791a,5e20a3f0504205e8d65b91033638c5af0909ed741212a04539dcfb37eda08fe2,FORMAL_PROSPECTIVE_SHADOW_COHORT_V1,SERVER_TASK_RECORD
88,formal-v1-trial-088-attempt-0,0,RAW_JSONL,formal-v1/trial-088/attempt-0/run/instrumentation/instrumentation_health_log.jsonl,103410,12c0c804eebed5fd4b2fc0d815cb98c16b4fbe7d6d5670da4461a146ac7d15a9,e8ea8f3fda15ab81664829ea6f71fcb37f772ad613c13f61007856c16117791a,5e20a3f0504205e8d65b91033638c5af0909ed741212a04539dcfb37eda08fe2,FORMAL_PROSPECTIVE_SHADOW_COHORT_V1,SERVER_ONLY_RAW
88,formal-v1-trial-088-attempt-0,0,TASK_RECORD,formal-v1/trial-088/attempt-0/run/instrumentation/map_authority_manifest.json,983,7c19db927e0a59f20cbd1edb905076e75f12562e341d6ec56d291423a356f586,e8ea8f3fda15ab81664829ea6f71fcb37f772ad613c13f61007856c16117791a,5e20a3f0504205e8d65b91033638c5af0909ed741212a04539dcfb37eda08fe2,FORMAL_PROSPECTIVE_SHADOW_COHORT_V1,SERVER_TASK_RECORD
88,formal-v1-trial-088-attempt-0,0,RAW_JSONL,formal-v1/trial-088/attempt-0/run/instrumentation/shadow_certificate_result_log.jsonl,288740,2dcd6bd9ece44951a750233191e95bc93b58b96bc8f3b8108c1f8d135710787e,e8ea8f3fda15ab81664829ea6f71fcb37f772ad613c13f61007856c16117791a,5e20a3f0504205e8d65b91033638c5af0909ed741212a04539dcfb37eda08fe2,FORMAL_PROSPECTIVE_SHADOW_COHORT_V1,SERVER_ONLY_RAW
88,formal-v1-trial-088-attempt-0,0,RAW_JSONL,formal-v1/trial-088/attempt-0/run/instrumentation/step_capture_log.jsonl,526892,2caf7fab58ed4eab217a88b4097ce9d255342cbf90472f18790f6c6f1274063c,e8ea8f3fda15ab81664829ea6f71fcb37f772ad613c13f61007856c16117791a,5e20a3f0504205e8d65b91033638c5af0909ed741212a04539dcfb37eda08fe2,FORMAL_PROSPECTIVE_SHADOW_COHORT_V1,SERVER_ONLY_RAW
88,formal-v1-trial-088-attempt-0,0,TASK_RECORD,formal-v1/trial-088/attempt-0/run/primary_trace.json,445372,3905d2672a075f9feb45d739d9fe3f09cfc55dfd63673513e9d225b93e3197b1,e8ea8f3fda15ab81664829ea6f71fcb37f772ad613c13f61007856c16117791a,5e20a3f0504205e8d65b91033638c5af0909ed741212a04539dcfb37eda08fe2,FORMAL_PROSPECTIVE_SHADOW_COHORT_V1,SERVER_TASK_RECORD
88,formal-v1-trial-088-attempt-0,0,TASK_RECORD,formal-v1/trial-088/attempt-0/run/run_metadata.json,841,e9888466cc5129f49c5073a40bd7f69cac9925e00f9a575de82bde46085c58f7,e8ea8f3fda15ab81664829ea6f71fcb37f772ad613c13f61007856c16117791a,5e20a3f0504205e8d65b91033638c5af0909ed741212a04539dcfb37eda08fe2,FORMAL_PROSPECTIVE_SHADOW_COHORT_V1,SERVER_TASK_RECORD
88,formal-v1-trial-088-attempt-0,0,TASK_RECORD,formal-v1/trial-088/attempt-0/run/trajs/stonehenge_ball-to-ellipsoid.json,178946,f7296f79b894dc64a42e1fb828cbbd91e2a29d5d4578d303adf26b9c4f2ca523,e8ea8f3fda15ab81664829ea6f71fcb37f772ad613c13f61007856c16117791a,5e20a3f0504205e8d65b91033638c5af0909ed741212a04539dcfb37eda08fe2,FORMAL_PROSPECTIVE_SHADOW_COHORT_V1,SERVER_TASK_RECORD
88,formal-v1-trial-088-attempt-0,0,LOG,formal-v1/trial-088/attempt-0/stderr.log,17422,bd5cc0600511ffc96f9370661386c559aa524d8b91690c8dcd2f27f0da5b76ae,e8ea8f3fda15ab81664829ea6f71fcb37f772ad613c13f61007856c16117791a,5e20a3f0504205e8d65b91033638c5af0909ed741212a04539dcfb37eda08fe2,FORMAL_PROSPECTIVE_SHADOW_COHORT_V1,SERVER_ONLY_RAW
88,formal-v1-trial-088-attempt-0,0,LOG,formal-v1/trial-088/attempt-0/stdout.log,1493,fe2c2eb090f1887356a135de95ca89144bb6f24c56476ec0ae85801b2d47348b,e8ea8f3fda15ab81664829ea6f71fcb37f772ad613c13f61007856c16117791a,5e20a3f0504205e8d65b91033638c5af0909ed741212a04539dcfb37eda08fe2,FORMAL_PROSPECTIVE_SHADOW_COHORT_V1,SERVER_ONLY_RAW
89,formal-v1-trial-089-attempt-0,0,TASK_RECORD,formal-v1/trial-089/attempt-0/formal_attempt_identity.json,839,500abdd12b7f960e4082bc53b0ae0326e54a2e8e56c77b7de670acdd7891b47f,e8ea8f3fda15ab81664829ea6f71fcb37f772ad613c13f61007856c16117791a,5e20a3f0504205e8d65b91033638c5af0909ed741212a04539dcfb37eda08fe2,FORMAL_PROSPECTIVE_SHADOW_COHORT_V1,SERVER_TASK_RECORD
89,formal-v1-trial-089-attempt-0,0,TASK_RECORD,formal-v1/trial-089/attempt-0/outcome_blind_qc.json,1215,93d4521c2159e4fe9fab0cf7167c7da348b327ef16d963d6eca0c43db7158fcf,e8ea8f3fda15ab81664829ea6f71fcb37f772ad613c13f61007856c16117791a,5e20a3f0504205e8d65b91033638c5af0909ed741212a04539dcfb37eda08fe2,FORMAL_PROSPECTIVE_SHADOW_COHORT_V1,SERVER_TASK_RECORD
89,formal-v1-trial-089-attempt-0,0,TASK_RECORD,formal-v1/trial-089/attempt-0/process_result.json,437,c93bb195479a9de601d0abd50ee0e19e8d9cac9015fe978650055b437423755c,e8ea8f3fda15ab81664829ea6f71fcb37f772ad613c13f61007856c16117791a,5e20a3f0504205e8d65b91033638c5af0909ed741212a04539dcfb37eda08fe2,FORMAL_PROSPECTIVE_SHADOW_COHORT_V1,SERVER_TASK_RECORD
89,formal-v1-trial-089-attempt-0,0,TASK_RECORD,formal-v1/trial-089/attempt-0/run/arm_activation.json,927,d37d02531a0711b998a6bb38259b10336ae75a6231be3d665b5cc4db6721d72a,e8ea8f3fda15ab81664829ea6f71fcb37f772ad613c13f61007856c16117791a,5e20a3f0504205e8d65b91033638c5af0909ed741212a04539dcfb37eda08fe2,FORMAL_PROSPECTIVE_SHADOW_COHORT_V1,SERVER_TASK_RECORD
89,formal-v1-trial-089-attempt-0,0,TASK_RECORD,formal-v1/trial-089/attempt-0/run/environment_identity.json,1129,63931b727136f8fdf980b0601848f35befd48957aaf7759891e49d503066e140,e8ea8f3fda15ab81664829ea6f71fcb37f772ad613c13f61007856c16117791a,5e20a3f0504205e8d65b91033638c5af0909ed741212a04539dcfb37eda08fe2,FORMAL_PROSPECTIVE_SHADOW_COHORT_V1,SERVER_TASK_RECORD
89,formal-v1-trial-089-attempt-0,0,RAW_JSONL,formal-v1/trial-089/attempt-0/run/instrumentation/instrumentation_health_log.jsonl,104856,95683d8b6e74d9c96fd9e4bb014897da248185ba72e1b60bdb5bbc39738fb64d,e8ea8f3fda15ab81664829ea6f71fcb37f772ad613c13f61007856c16117791a,5e20a3f0504205e8d65b91033638c5af0909ed741212a04539dcfb37eda08fe2,FORMAL_PROSPECTIVE_SHADOW_COHORT_V1,SERVER_ONLY_RAW
89,formal-v1-trial-089-attempt-0,0,TASK_RECORD,formal-v1/trial-089/attempt-0/run/instrumentation/map_authority_manifest.json,983,7c19db927e0a59f20cbd1edb905076e75f12562e341d6ec56d291423a356f586,e8ea8f3fda15ab81664829ea6f71fcb37f772ad613c13f61007856c16117791a,5e20a3f0504205e8d65b91033638c5af0909ed741212a04539dcfb37eda08fe2,FORMAL_PROSPECTIVE_SHADOW_COHORT_V1,SERVER_TASK_RECORD
89,formal-v1-trial-089-attempt-0,0,RAW_JSONL,formal-v1/trial-089/attempt-0/run/instrumentation/shadow_certificate_result_log.jsonl,292772,28070640bc19718ab9cd1ca513b56b77f0ee26eb41762a9692504e092645503b,e8ea8f3fda15ab81664829ea6f71fcb37f772ad613c13f61007856c16117791a,5e20a3f0504205e8d65b91033638c5af0909ed741212a04539dcfb37eda08fe2,FORMAL_PROSPECTIVE_SHADOW_COHORT_V1,SERVER_ONLY_RAW
89,formal-v1-trial-089-attempt-0,0,RAW_JSONL,formal-v1/trial-089/attempt-0/run/instrumentation/step_capture_log.jsonl,534178,2f168fb6436ebd1d8142e2baa05bf4b65bf974e467c01a9e39467297127db3f1,e8ea8f3fda15ab81664829ea6f71fcb37f772ad613c13f61007856c16117791a,5e20a3f0504205e8d65b91033638c5af0909ed741212a04539dcfb37eda08fe2,FORMAL_PROSPECTIVE_SHADOW_COHORT_V1,SERVER_ONLY_RAW
89,formal-v1-trial-089-attempt-0,0,TASK_RECORD,formal-v1/trial-089/attempt-0/run/primary_trace.json,451532,f0020f18e4093e5ad33f6e13cebbd6e5992f194ebfe73d44370cd5ac0fb65265,e8ea8f3fda15ab81664829ea6f71fcb37f772ad613c13f61007856c16117791a,5e20a3f0504205e8d65b91033638c5af0909ed741212a04539dcfb37eda08fe2,FORMAL_PROSPECTIVE_SHADOW_COHORT_V1,SERVER_TASK_RECORD
89,formal-v1-trial-089-attempt-0,0,TASK_RECORD,formal-v1/trial-089/attempt-0/run/run_metadata.json,841,bd8489c98ba85e8d5cd67d5607d15d8ec2e171c0ac2e40378ff9373ed3343e18,e8ea8f3fda15ab81664829ea6f71fcb37f772ad613c13f61007856c16117791a,5e20a3f0504205e8d65b91033638c5af0909ed741212a04539dcfb37eda08fe2,FORMAL_PROSPECTIVE_SHADOW_COHORT_V1,SERVER_TASK_RECORD
89,formal-v1-trial-089-attempt-0,0,TASK_RECORD,formal-v1/trial-089/attempt-0/run/trajs/stonehenge_ball-to-ellipsoid.json,181433,bd7d4f042807e8762b0b9855dffdeabaafd1838023dd43d609acd794ccba8f29,e8ea8f3fda15ab81664829ea6f71fcb37f772ad613c13f61007856c16117791a,5e20a3f0504205e8d65b91033638c5af0909ed741212a04539dcfb37eda08fe2,FORMAL_PROSPECTIVE_SHADOW_COHORT_V1,SERVER_TASK_RECORD
89,formal-v1-trial-089-attempt-0,0,LOG,formal-v1/trial-089/attempt-0/stderr.log,17677,e12c55a9618f73203a19404947377117018c207bc10b0bb8ff9256c69e8959ea,e8ea8f3fda15ab81664829ea6f71fcb37f772ad613c13f61007856c16117791a,5e20a3f0504205e8d65b91033638c5af0909ed741212a04539dcfb37eda08fe2,FORMAL_PROSPECTIVE_SHADOW_COHORT_V1,SERVER_ONLY_RAW
89,formal-v1-trial-089-attempt-0,0,LOG,formal-v1/trial-089/attempt-0/stdout.log,1494,da265641d3af0a86b2662f3c43f4c47b5832c36874d8daf42db407b0447ca169,e8ea8f3fda15ab81664829ea6f71fcb37f772ad613c13f61007856c16117791a,5e20a3f0504205e8d65b91033638c5af0909ed741212a04539dcfb37eda08fe2,FORMAL_PROSPECTIVE_SHADOW_COHORT_V1,SERVER_ONLY_RAW
90,formal-v1-trial-090-attempt-0,0,TASK_RECORD,formal-v1/trial-090/attempt-0/formal_attempt_identity.json,839,aed477356db0189ccce8cca7d3066390fab598c7bfcf0d873099c01d98c6e113,e8ea8f3fda15ab81664829ea6f71fcb37f772ad613c13f61007856c16117791a,5e20a3f0504205e8d65b91033638c5af0909ed741212a04539dcfb37eda08fe2,FORMAL_PROSPECTIVE_SHADOW_COHORT_V1,SERVER_TASK_RECORD
90,formal-v1-trial-090-attempt-0,0,TASK_RECORD,formal-v1/trial-090/attempt-0/outcome_blind_qc.json,1215,4c33b7ed276fac55e2f559fe688b1fc415d5f0931fd6b3c6d7a8221b67bf9feb,e8ea8f3fda15ab81664829ea6f71fcb37f772ad613c13f61007856c16117791a,5e20a3f0504205e8d65b91033638c5af0909ed741212a04539dcfb37eda08fe2,FORMAL_PROSPECTIVE_SHADOW_COHORT_V1,SERVER_TASK_RECORD
90,formal-v1-trial-090-attempt-0,0,TASK_RECORD,formal-v1/trial-090/attempt-0/process_result.json,437,04499a7cda08740991f23bbeaa3b10244bfe4f77189377965153685a13e12a04,e8ea8f3fda15ab81664829ea6f71fcb37f772ad613c13f61007856c16117791a,5e20a3f0504205e8d65b91033638c5af0909ed741212a04539dcfb37eda08fe2,FORMAL_PROSPECTIVE_SHADOW_COHORT_V1,SERVER_TASK_RECORD
90,formal-v1-trial-090-attempt-0,0,TASK_RECORD,formal-v1/trial-090/attempt-0/run/arm_activation.json,927,d1855d9b27c6ff4fbda6d01d980acb9308fa5b40eadc9ac889f48a420318efe2,e8ea8f3fda15ab81664829ea6f71fcb37f772ad613c13f61007856c16117791a,5e20a3f0504205e8d65b91033638c5af0909ed741212a04539dcfb37eda08fe2,FORMAL_PROSPECTIVE_SHADOW_COHORT_V1,SERVER_TASK_RECORD
90,formal-v1-trial-090-attempt-0,0,TASK_RECORD,formal-v1/trial-090/attempt-0/run/environment_identity.json,1129,86180d150edbc29d070bb395f78969ad71bf878e2b15142a1b1e4ebc57af1ee1,e8ea8f3fda15ab81664829ea6f71fcb37f772ad613c13f61007856c16117791a,5e20a3f0504205e8d65b91033638c5af0909ed741212a04539dcfb37eda08fe2,FORMAL_PROSPECTIVE_SHADOW_COHORT_V1,SERVER_TASK_RECORD
90,formal-v1-trial-090-attempt-0,0,RAW_JSONL,formal-v1/trial-090/attempt-0/run/instrumentation/instrumentation_health_log.jsonl,116424,f6bf2e86259a73bd31420247d3e1c6091b79d5c616ca7fc91c9f408c6399db4d,e8ea8f3fda15ab81664829ea6f71fcb37f772ad613c13f61007856c16117791a,5e20a3f0504205e8d65b91033638c5af0909ed741212a04539dcfb37eda08fe2,FORMAL_PROSPECTIVE_SHADOW_COHORT_V1,SERVER_ONLY_RAW
90,formal-v1-trial-090-attempt-0,0,TASK_RECORD,formal-v1/trial-090/attempt-0/run/instrumentation/map_authority_manifest.json,983,7c19db927e0a59f20cbd1edb905076e75f12562e341d6ec56d291423a356f586,e8ea8f3fda15ab81664829ea6f71fcb37f772ad613c13f61007856c16117791a,5e20a3f0504205e8d65b91033638c5af0909ed741212a04539dcfb37eda08fe2,FORMAL_PROSPECTIVE_SHADOW_COHORT_V1,SERVER_TASK_RECORD
90,formal-v1-trial-090-attempt-0,0,RAW_JSONL,formal-v1/trial-090/attempt-0/run/instrumentation/shadow_certificate_result_log.jsonl,325028,12bd9a96422f1e50d4e94d9c4f322348309d3cf2ff0515da703ff2bb7d050bf7,e8ea8f3fda15ab81664829ea6f71fcb37f772ad613c13f61007856c16117791a,5e20a3f0504205e8d65b91033638c5af0909ed741212a04539dcfb37eda08fe2,FORMAL_PROSPECTIVE_SHADOW_COHORT_V1,SERVER_ONLY_RAW
90,formal-v1-trial-090-attempt-0,0,RAW_JSONL,formal-v1/trial-090/attempt-0/run/instrumentation/step_capture_log.jsonl,593206,51aa2d8ef702a77cff76e5f34541abe4f8ff8e95e1f422173c1b9c96a8c3b058,e8ea8f3fda15ab81664829ea6f71fcb37f772ad613c13f61007856c16117791a,5e20a3f0504205e8d65b91033638c5af0909ed741212a04539dcfb37eda08fe2,FORMAL_PROSPECTIVE_SHADOW_COHORT_V1,SERVER_ONLY_RAW
90,formal-v1-trial-090-attempt-0,0,TASK_RECORD,formal-v1/trial-090/attempt-0/run/primary_trace.json,501696,a541368f85c89ae696ef414d544aa616b61954c81a971a1a05fbb2afb9bc1102,e8ea8f3fda15ab81664829ea6f71fcb37f772ad613c13f61007856c16117791a,5e20a3f0504205e8d65b91033638c5af0909ed741212a04539dcfb37eda08fe2,FORMAL_PROSPECTIVE_SHADOW_COHORT_V1,SERVER_TASK_RECORD
90,formal-v1-trial-090-attempt-0,0,TASK_RECORD,formal-v1/trial-090/attempt-0/run/run_metadata.json,841,b0ab69e8e50a36da18196b493a16d5688eafcbd124ed654fcb11d7519c5d2dae,e8ea8f3fda15ab81664829ea6f71fcb37f772ad613c13f61007856c16117791a,5e20a3f0504205e8d65b91033638c5af0909ed741212a04539dcfb37eda08fe2,FORMAL_PROSPECTIVE_SHADOW_COHORT_V1,SERVER_TASK_RECORD
90,formal-v1-trial-090-attempt-0,0,TASK_RECORD,formal-v1/trial-090/attempt-0/run/trajs/stonehenge_ball-to-ellipsoid.json,201470,9d007d4964023415e632ca2ca22ab3aa4e9335930f05b4cf0cddcc51296b3b6b,e8ea8f3fda15ab81664829ea6f71fcb37f772ad613c13f61007856c16117791a,5e20a3f0504205e8d65b91033638c5af0909ed741212a04539dcfb37eda08fe2,FORMAL_PROSPECTIVE_SHADOW_COHORT_V1,SERVER_TASK_RECORD
90,formal-v1-trial-090-attempt-0,0,LOG,formal-v1/trial-090/attempt-0/stderr.log,19717,3bfdee96073c66aca9ca77c187635114f774bf15eedcdbc875833b86dcd91578,e8ea8f3fda15ab81664829ea6f71fcb37f772ad613c13f61007856c16117791a,5e20a3f0504205e8d65b91033638c5af0909ed741212a04539dcfb37eda08fe2,FORMAL_PROSPECTIVE_SHADOW_COHORT_V1,SERVER_ONLY_RAW
90,formal-v1-trial-090-attempt-0,0,LOG,formal-v1/trial-090/attempt-0/stdout.log,1493,e5e705ca3fedfb6bf5f671c18d272d869783fcb003db6bc5af1ccb036ecd8bc2,e8ea8f3fda15ab81664829ea6f71fcb37f772ad613c13f61007856c16117791a,5e20a3f0504205e8d65b91033638c5af0909ed741212a04539dcfb37eda08fe2,FORMAL_PROSPECTIVE_SHADOW_COHORT_V1,SERVER_ONLY_RAW
91,formal-v1-trial-091-attempt-0,0,TASK_RECORD,formal-v1/trial-091/attempt-0/formal_attempt_identity.json,839,147b69b2ffd3c5ca72a8352cb7ef8b0c4ac773dd868d5ce1ab24e4911188a8a7,e8ea8f3fda15ab81664829ea6f71fcb37f772ad613c13f61007856c16117791a,5e20a3f0504205e8d65b91033638c5af0909ed741212a04539dcfb37eda08fe2,FORMAL_PROSPECTIVE_SHADOW_COHORT_V1,SERVER_TASK_RECORD
91,formal-v1-trial-091-attempt-0,0,TASK_RECORD,formal-v1/trial-091/attempt-0/outcome_blind_qc.json,1215,a79427bcfddd8f2c4a8b8e7047a984d64717e138058d46bc72e1a1f8e9552cec,e8ea8f3fda15ab81664829ea6f71fcb37f772ad613c13f61007856c16117791a,5e20a3f0504205e8d65b91033638c5af0909ed741212a04539dcfb37eda08fe2,FORMAL_PROSPECTIVE_SHADOW_COHORT_V1,SERVER_TASK_RECORD
91,formal-v1-trial-091-attempt-0,0,TASK_RECORD,formal-v1/trial-091/attempt-0/process_result.json,437,1f3bcef405cef9382b14feba5ed3f2ae4d3c5337668f60b7064b042af963a65a,e8ea8f3fda15ab81664829ea6f71fcb37f772ad613c13f61007856c16117791a,5e20a3f0504205e8d65b91033638c5af0909ed741212a04539dcfb37eda08fe2,FORMAL_PROSPECTIVE_SHADOW_COHORT_V1,SERVER_TASK_RECORD
91,formal-v1-trial-091-attempt-0,0,TASK_RECORD,formal-v1/trial-091/attempt-0/run/arm_activation.json,927,5612352928e83a6f65ecafec7345297235dee2ae25d27fbdae14f3e4e1d9a390,e8ea8f3fda15ab81664829ea6f71fcb37f772ad613c13f61007856c16117791a,5e20a3f0504205e8d65b91033638c5af0909ed741212a04539dcfb37eda08fe2,FORMAL_PROSPECTIVE_SHADOW_COHORT_V1,SERVER_TASK_RECORD
91,formal-v1-trial-091-attempt-0,0,TASK_RECORD,formal-v1/trial-091/attempt-0/run/environment_identity.json,1129,633e48b8a3e38f26a0f965b42fa2ae463b4930b34923d45e25715544245be5db,e8ea8f3fda15ab81664829ea6f71fcb37f772ad613c13f61007856c16117791a,5e20a3f0504205e8d65b91033638c5af0909ed741212a04539dcfb37eda08fe2,FORMAL_PROSPECTIVE_SHADOW_COHORT_V1,SERVER_TASK_RECORD
91,formal-v1-trial-091-attempt-0,0,RAW_JSONL,formal-v1/trial-091/attempt-0/run/instrumentation/instrumentation_health_log.jsonl,49426,b1871c5e67e50db2b68289fbb5ceb49adf86a4987429dce50db16d7f466652ff,e8ea8f3fda15ab81664829ea6f71fcb37f772ad613c13f61007856c16117791a,5e20a3f0504205e8d65b91033638c5af0909ed741212a04539dcfb37eda08fe2,FORMAL_PROSPECTIVE_SHADOW_COHORT_V1,SERVER_ONLY_RAW
91,formal-v1-trial-091-attempt-0,0,TASK_RECORD,formal-v1/trial-091/attempt-0/run/instrumentation/map_authority_manifest.json,983,7c19db927e0a59f20cbd1edb905076e75f12562e341d6ec56d291423a356f586,e8ea8f3fda15ab81664829ea6f71fcb37f772ad613c13f61007856c16117791a,5e20a3f0504205e8d65b91033638c5af0909ed741212a04539dcfb37eda08fe2,FORMAL_PROSPECTIVE_SHADOW_COHORT_V1,SERVER_TASK_RECORD
91,formal-v1-trial-091-attempt-0,0,RAW_JSONL,formal-v1/trial-091/attempt-0/run/instrumentation/shadow_certificate_result_log.jsonl,138212,e1ffb2bf23c87f91ecc97a4b911dec4a4b86dd1862e40fab4b613cd559839871,e8ea8f3fda15ab81664829ea6f71fcb37f772ad613c13f61007856c16117791a,5e20a3f0504205e8d65b91033638c5af0909ed741212a04539dcfb37eda08fe2,FORMAL_PROSPECTIVE_SHADOW_COHORT_V1,SERVER_ONLY_RAW
91,formal-v1-trial-091-attempt-0,0,RAW_JSONL,formal-v1/trial-091/attempt-0/run/instrumentation/step_capture_log.jsonl,252025,68260438f1943a31e1c32f104f2802a030127820c1f341e5fa706e2114320e93,e8ea8f3fda15ab81664829ea6f71fcb37f772ad613c13f61007856c16117791a,5e20a3f0504205e8d65b91033638c5af0909ed741212a04539dcfb37eda08fe2,FORMAL_PROSPECTIVE_SHADOW_COHORT_V1,SERVER_ONLY_RAW
91,formal-v1-trial-091-attempt-0,0,TASK_RECORD,formal-v1/trial-091/attempt-0/run/primary_trace.json,213382,72cecc3c6736724b3e01ade1c490b77ac0e267e60fb1c8f76af1c5b1834e3fbd,e8ea8f3fda15ab81664829ea6f71fcb37f772ad613c13f61007856c16117791a,5e20a3f0504205e8d65b91033638c5af0909ed741212a04539dcfb37eda08fe2,FORMAL_PROSPECTIVE_SHADOW_COHORT_V1,SERVER_TASK_RECORD
91,formal-v1-trial-091-attempt-0,0,TASK_RECORD,formal-v1/trial-091/attempt-0/run/run_metadata.json,841,b7cf71f27b398b2053d6ce1ca6ac4b703ca31f74ad2f57e2273f5a8f237e6fb3,e8ea8f3fda15ab81664829ea6f71fcb37f772ad613c13f61007856c16117791a,5e20a3f0504205e8d65b91033638c5af0909ed741212a04539dcfb37eda08fe2,FORMAL_PROSPECTIVE_SHADOW_COHORT_V1,SERVER_TASK_RECORD
91,formal-v1-trial-091-attempt-0,0,TASK_RECORD,formal-v1/trial-091/attempt-0/run/trajs/stonehenge_ball-to-ellipsoid.json,86081,8e5160048f14c50678cb2edf257571d9bcdc80654e59e8584cff7901d4d7edd7,e8ea8f3fda15ab81664829ea6f71fcb37f772ad613c13f61007856c16117791a,5e20a3f0504205e8d65b91033638c5af0909ed741212a04539dcfb37eda08fe2,FORMAL_PROSPECTIVE_SHADOW_COHORT_V1,SERVER_TASK_RECORD
91,formal-v1-trial-091-attempt-0,0,LOG,formal-v1/trial-091/attempt-0/stderr.log,8220,74413b56d2acc0416edaf56a96f30e661e436b4cbedb81b26a1193248eb33006,e8ea8f3fda15ab81664829ea6f71fcb37f772ad613c13f61007856c16117791a,5e20a3f0504205e8d65b91033638c5af0909ed741212a04539dcfb37eda08fe2,FORMAL_PROSPECTIVE_SHADOW_COHORT_V1,SERVER_ONLY_RAW
91,formal-v1-trial-091-attempt-0,0,LOG,formal-v1/trial-091/attempt-0/stdout.log,1494,e0cf187821791ffcdc50b7910ecb8d04c267ae68d7ca6049d7f599216e1a6f22,e8ea8f3fda15ab81664829ea6f71fcb37f772ad613c13f61007856c16117791a,5e20a3f0504205e8d65b91033638c5af0909ed741212a04539dcfb37eda08fe2,FORMAL_PROSPECTIVE_SHADOW_COHORT_V1,SERVER_ONLY_RAW
92,formal-v1-trial-092-attempt-0,0,TASK_RECORD,formal-v1/trial-092/attempt-0/formal_attempt_identity.json,839,0ac18f1bcb6b858d77c9964b4904bc9efa64fed7bbaea26940eee6b739f69a59,e8ea8f3fda15ab81664829ea6f71fcb37f772ad613c13f61007856c16117791a,5e20a3f0504205e8d65b91033638c5af0909ed741212a04539dcfb37eda08fe2,FORMAL_PROSPECTIVE_SHADOW_COHORT_V1,SERVER_TASK_RECORD
92,formal-v1-trial-092-attempt-0,0,TASK_RECORD,formal-v1/trial-092/attempt-0/outcome_blind_qc.json,1215,7742302e5cffcc9d499784c02cc2d8328caac3614e2660c745d026036d4649b5,e8ea8f3fda15ab81664829ea6f71fcb37f772ad613c13f61007856c16117791a,5e20a3f0504205e8d65b91033638c5af0909ed741212a04539dcfb37eda08fe2,FORMAL_PROSPECTIVE_SHADOW_COHORT_V1,SERVER_TASK_RECORD
92,formal-v1-trial-092-attempt-0,0,TASK_RECORD,formal-v1/trial-092/attempt-0/process_result.json,437,ba9ee39f1bbaddfba86425de522c5abee050f78242031b1678e6bb5dba1c2bb8,e8ea8f3fda15ab81664829ea6f71fcb37f772ad613c13f61007856c16117791a,5e20a3f0504205e8d65b91033638c5af0909ed741212a04539dcfb37eda08fe2,FORMAL_PROSPECTIVE_SHADOW_COHORT_V1,SERVER_TASK_RECORD
92,formal-v1-trial-092-attempt-0,0,TASK_RECORD,formal-v1/trial-092/attempt-0/run/arm_activation.json,927,ad9bf9fb6e8069a730f6492e6531b1dff2eaf124b2519a375c5a3e6e7ba99af3,e8ea8f3fda15ab81664829ea6f71fcb37f772ad613c13f61007856c16117791a,5e20a3f0504205e8d65b91033638c5af0909ed741212a04539dcfb37eda08fe2,FORMAL_PROSPECTIVE_SHADOW_COHORT_V1,SERVER_TASK_RECORD
92,formal-v1-trial-092-attempt-0,0,TASK_RECORD,formal-v1/trial-092/attempt-0/run/environment_identity.json,1129,5e043e83361531ac8cebcbf0b0af9fed758e2c2058f76d4ce6e7a90f4f116449,e8ea8f3fda15ab81664829ea6f71fcb37f772ad613c13f61007856c16117791a,5e20a3f0504205e8d65b91033638c5af0909ed741212a04539dcfb37eda08fe2,FORMAL_PROSPECTIVE_SHADOW_COHORT_V1,SERVER_TASK_RECORD
92,formal-v1-trial-092-attempt-0,0,RAW_JSONL,formal-v1/trial-092/attempt-0/run/instrumentation/instrumentation_health_log.jsonl,93288,6e66d6e94bc0788c9848e951413a7efe40f55694df6b2adec512792d80560c54,e8ea8f3fda15ab81664829ea6f71fcb37f772ad613c13f61007856c16117791a,5e20a3f0504205e8d65b91033638c5af0909ed741212a04539dcfb37eda08fe2,FORMAL_PROSPECTIVE_SHADOW_COHORT_V1,SERVER_ONLY_RAW
92,formal-v1-trial-092-attempt-0,0,TASK_RECORD,formal-v1/trial-092/attempt-0/run/instrumentation/map_authority_manifest.json,983,7c19db927e0a59f20cbd1edb905076e75f12562e341d6ec56d291423a356f586,e8ea8f3fda15ab81664829ea6f71fcb37f772ad613c13f61007856c16117791a,5e20a3f0504205e8d65b91033638c5af0909ed741212a04539dcfb37eda08fe2,FORMAL_PROSPECTIVE_SHADOW_COHORT_V1,SERVER_TASK_RECORD
92,formal-v1-trial-092-attempt-0,0,RAW_JSONL,formal-v1/trial-092/attempt-0/run/instrumentation/shadow_certificate_result_log.jsonl,260516,4a221011bd9df80e4089151ebbb8e0ecebf51eff1be7078569967f3c9612cc5e,e8ea8f3fda15ab81664829ea6f71fcb37f772ad613c13f61007856c16117791a,5e20a3f0504205e8d65b91033638c5af0909ed741212a04539dcfb37eda08fe2,FORMAL_PROSPECTIVE_SHADOW_COHORT_V1,SERVER_ONLY_RAW
92,formal-v1-trial-092-attempt-0,0,RAW_JSONL,formal-v1/trial-092/attempt-0/run/instrumentation/step_capture_log.jsonl,475043,e6f60467c686165776b3aa6dc7ade15323158e74b6aef8f6be03ac2f32192851,e8ea8f3fda15ab81664829ea6f71fcb37f772ad613c13f61007856c16117791a,5e20a3f0504205e8d65b91033638c5af0909ed741212a04539dcfb37eda08fe2,FORMAL_PROSPECTIVE_SHADOW_COHORT_V1,SERVER_ONLY_RAW
92,formal-v1-trial-092-attempt-0,0,TASK_RECORD,formal-v1/trial-092/attempt-0/run/primary_trace.json,401871,4bded3af6742e9c1896472c36bdc7d15889c8a52e4d3464092d67765b6b6b82b,e8ea8f3fda15ab81664829ea6f71fcb37f772ad613c13f61007856c16117791a,5e20a3f0504205e8d65b91033638c5af0909ed741212a04539dcfb37eda08fe2,FORMAL_PROSPECTIVE_SHADOW_COHORT_V1,SERVER_TASK_RECORD
92,formal-v1-trial-092-attempt-0,0,TASK_RECORD,formal-v1/trial-092/attempt-0/run/run_metadata.json,841,048b1f07f31e56a0a219f4211fe3122b410088be3901efc92b43e52a41e3daf0,e8ea8f3fda15ab81664829ea6f71fcb37f772ad613c13f61007856c16117791a,5e20a3f0504205e8d65b91033638c5af0909ed741212a04539dcfb37eda08fe2,FORMAL_PROSPECTIVE_SHADOW_COHORT_V1,SERVER_TASK_RECORD
92,formal-v1-trial-092-attempt-0,0,TASK_RECORD,formal-v1/trial-092/attempt-0/run/trajs/stonehenge_ball-to-ellipsoid.json,161355,7119de88274338a87d8c4e226a3f9f0156d5e867aaef4d8cb0912a9d51c5c284,e8ea8f3fda15ab81664829ea6f71fcb37f772ad613c13f61007856c16117791a,5e20a3f0504205e8d65b91033638c5af0909ed741212a04539dcfb37eda08fe2,FORMAL_PROSPECTIVE_SHADOW_COHORT_V1,SERVER_TASK_RECORD
92,formal-v1-trial-092-attempt-0,0,LOG,formal-v1/trial-092/attempt-0/stderr.log,15661,00b8e8c5bc8d54dc6baa9a830aaa273cffd915b1dfcf1ffc072e613c7a2a4cb1,e8ea8f3fda15ab81664829ea6f71fcb37f772ad613c13f61007856c16117791a,5e20a3f0504205e8d65b91033638c5af0909ed741212a04539dcfb37eda08fe2,FORMAL_PROSPECTIVE_SHADOW_COHORT_V1,SERVER_ONLY_RAW
92,formal-v1-trial-092-attempt-0,0,LOG,formal-v1/trial-092/attempt-0/stdout.log,1494,f84deec8cb897b01c3485b3a89e058514d8b6483dc742eff912b9ca86ba36cdb,e8ea8f3fda15ab81664829ea6f71fcb37f772ad613c13f61007856c16117791a,5e20a3f0504205e8d65b91033638c5af0909ed741212a04539dcfb37eda08fe2,FORMAL_PROSPECTIVE_SHADOW_COHORT_V1,SERVER_ONLY_RAW
93,formal-v1-trial-093-attempt-0,0,TASK_RECORD,formal-v1/trial-093/attempt-0/formal_attempt_identity.json,839,f3411fc569dffd7e99a0ce0d470ae219a8af9820f7096ef39b4dd2ee62fe3d70,e8ea8f3fda15ab81664829ea6f71fcb37f772ad613c13f61007856c16117791a,5e20a3f0504205e8d65b91033638c5af0909ed741212a04539dcfb37eda08fe2,FORMAL_PROSPECTIVE_SHADOW_COHORT_V1,SERVER_TASK_RECORD
93,formal-v1-trial-093-attempt-0,0,TASK_RECORD,formal-v1/trial-093/attempt-0/outcome_blind_qc.json,1215,2b306863ffcfb67767d60b780b9e31fde2bb1a47e66d21265fe6edf391588979,e8ea8f3fda15ab81664829ea6f71fcb37f772ad613c13f61007856c16117791a,5e20a3f0504205e8d65b91033638c5af0909ed741212a04539dcfb37eda08fe2,FORMAL_PROSPECTIVE_SHADOW_COHORT_V1,SERVER_TASK_RECORD
93,formal-v1-trial-093-attempt-0,0,TASK_RECORD,formal-v1/trial-093/attempt-0/process_result.json,437,6bf826fe6c6bb5bf9405a1db06dde5738997a5514477b7e305f8366179ee0298,e8ea8f3fda15ab81664829ea6f71fcb37f772ad613c13f61007856c16117791a,5e20a3f0504205e8d65b91033638c5af0909ed741212a04539dcfb37eda08fe2,FORMAL_PROSPECTIVE_SHADOW_COHORT_V1,SERVER_TASK_RECORD
93,formal-v1-trial-093-attempt-0,0,TASK_RECORD,formal-v1/trial-093/attempt-0/run/arm_activation.json,927,1beaf460b3faa439ac7fa67293685fdf619b17f0bbcc7873b7d24d5caf2fd3c0,e8ea8f3fda15ab81664829ea6f71fcb37f772ad613c13f61007856c16117791a,5e20a3f0504205e8d65b91033638c5af0909ed741212a04539dcfb37eda08fe2,FORMAL_PROSPECTIVE_SHADOW_COHORT_V1,SERVER_TASK_RECORD
93,formal-v1-trial-093-attempt-0,0,TASK_RECORD,formal-v1/trial-093/attempt-0/run/environment_identity.json,1129,c169ea313baac7d885b4e13b23cb645153c11f7746bdd05c8568a6a23bde2b69,e8ea8f3fda15ab81664829ea6f71fcb37f772ad613c13f61007856c16117791a,5e20a3f0504205e8d65b91033638c5af0909ed741212a04539dcfb37eda08fe2,FORMAL_PROSPECTIVE_SHADOW_COHORT_V1,SERVER_TASK_RECORD
93,formal-v1-trial-093-attempt-0,0,RAW_JSONL,formal-v1/trial-093/attempt-0/run/instrumentation/instrumentation_health_log.jsonl,86058,4f11adb143e1e1c38aa7a33874820fdfa152df531a57fb5220a0aa12e33fb4e8,e8ea8f3fda15ab81664829ea6f71fcb37f772ad613c13f61007856c16117791a,5e20a3f0504205e8d65b91033638c5af0909ed741212a04539dcfb37eda08fe2,FORMAL_PROSPECTIVE_SHADOW_COHORT_V1,SERVER_ONLY_RAW
93,formal-v1-trial-093-attempt-0,0,TASK_RECORD,formal-v1/trial-093/attempt-0/run/instrumentation/map_authority_manifest.json,983,7c19db927e0a59f20cbd1edb905076e75f12562e341d6ec56d291423a356f586,e8ea8f3fda15ab81664829ea6f71fcb37f772ad613c13f61007856c16117791a,5e20a3f0504205e8d65b91033638c5af0909ed741212a04539dcfb37eda08fe2,FORMAL_PROSPECTIVE_SHADOW_COHORT_V1,SERVER_TASK_RECORD
93,formal-v1-trial-093-attempt-0,0,RAW_JSONL,formal-v1/trial-093/attempt-0/run/instrumentation/shadow_certificate_result_log.jsonl,240356,6f0a87d1a32c24519c7c9e3b7551df7590dfc6fd9f474a51982e5d2dc927b45d,e8ea8f3fda15ab81664829ea6f71fcb37f772ad613c13f61007856c16117791a,5e20a3f0504205e8d65b91033638c5af0909ed741212a04539dcfb37eda08fe2,FORMAL_PROSPECTIVE_SHADOW_COHORT_V1,SERVER_ONLY_RAW
93,formal-v1-trial-093-attempt-0,0,RAW_JSONL,formal-v1/trial-093/attempt-0/run/instrumentation/step_capture_log.jsonl,438318,2894938881c31f8571d10f4590ba1757d245f14eeb375714a345dbfd9aabb7ba,e8ea8f3fda15ab81664829ea6f71fcb37f772ad613c13f61007856c16117791a,5e20a3f0504205e8d65b91033638c5af0909ed741212a04539dcfb37eda08fe2,FORMAL_PROSPECTIVE_SHADOW_COHORT_V1,SERVER_ONLY_RAW
93,formal-v1-trial-093-attempt-0,0,TASK_RECORD,formal-v1/trial-093/attempt-0/run/primary_trace.json,370987,39054e0569c40acfb5cd4259fd6c530c858fa9d8cc59ddfb1eac061ae1aba421,e8ea8f3fda15ab81664829ea6f71fcb37f772ad613c13f61007856c16117791a,5e20a3f0504205e8d65b91033638c5af0909ed741212a04539dcfb37eda08fe2,FORMAL_PROSPECTIVE_SHADOW_COHORT_V1,SERVER_TASK_RECORD
93,formal-v1-trial-093-attempt-0,0,TASK_RECORD,formal-v1/trial-093/attempt-0/run/run_metadata.json,841,07937fb93723d0c6fad6a54b1cbdc923447201398807944d511585dbc3ab2074,e8ea8f3fda15ab81664829ea6f71fcb37f772ad613c13f61007856c16117791a,5e20a3f0504205e8d65b91033638c5af0909ed741212a04539dcfb37eda08fe2,FORMAL_PROSPECTIVE_SHADOW_COHORT_V1,SERVER_TASK_RECORD
93,formal-v1-trial-093-attempt-0,0,TASK_RECORD,formal-v1/trial-093/attempt-0/run/trajs/stonehenge_ball-to-ellipsoid.json,149006,de05232b80d36bbd1de4c6dfe89398896b8de4f7fdce7d0af7cf2aacddbbe6d7,e8ea8f3fda15ab81664829ea6f71fcb37f772ad613c13f61007856c16117791a,5e20a3f0504205e8d65b91033638c5af0909ed741212a04539dcfb37eda08fe2,FORMAL_PROSPECTIVE_SHADOW_COHORT_V1,SERVER_TASK_RECORD
93,formal-v1-trial-093-attempt-0,0,LOG,formal-v1/trial-093/attempt-0/stderr.log,14416,adf86375deeaed7c4ae838e394aed176b75670601ec736ebb6df1560c3f09e87,e8ea8f3fda15ab81664829ea6f71fcb37f772ad613c13f61007856c16117791a,5e20a3f0504205e8d65b91033638c5af0909ed741212a04539dcfb37eda08fe2,FORMAL_PROSPECTIVE_SHADOW_COHORT_V1,SERVER_ONLY_RAW
93,formal-v1-trial-093-attempt-0,0,LOG,formal-v1/trial-093/attempt-0/stdout.log,1494,b1676a3e241ae7ab3ceb02413ad791fb86eb6ddb2656c90728a7f3b49b9c7cdb,e8ea8f3fda15ab81664829ea6f71fcb37f772ad613c13f61007856c16117791a,5e20a3f0504205e8d65b91033638c5af0909ed741212a04539dcfb37eda08fe2,FORMAL_PROSPECTIVE_SHADOW_COHORT_V1,SERVER_ONLY_RAW
94,formal-v1-trial-094-attempt-0,0,TASK_RECORD,formal-v1/trial-094/attempt-0/formal_attempt_identity.json,839,82b3509f920c957a2955faf7cb509934241025787f40df61d4f548966e5b0e4b,e8ea8f3fda15ab81664829ea6f71fcb37f772ad613c13f61007856c16117791a,5e20a3f0504205e8d65b91033638c5af0909ed741212a04539dcfb37eda08fe2,FORMAL_PROSPECTIVE_SHADOW_COHORT_V1,SERVER_TASK_RECORD
94,formal-v1-trial-094-attempt-0,0,TASK_RECORD,formal-v1/trial-094/attempt-0/outcome_blind_qc.json,1215,77d2f8618ac2f20ee25631019b9e48c6fef8201f06cedc8fe0c667e1e8d4715a,e8ea8f3fda15ab81664829ea6f71fcb37f772ad613c13f61007856c16117791a,5e20a3f0504205e8d65b91033638c5af0909ed741212a04539dcfb37eda08fe2,FORMAL_PROSPECTIVE_SHADOW_COHORT_V1,SERVER_TASK_RECORD
94,formal-v1-trial-094-attempt-0,0,TASK_RECORD,formal-v1/trial-094/attempt-0/process_result.json,437,8ff3aed4ee32370ba66873ea2a288d86de4e6bf0052ca10bc78fd34b52fc7984,e8ea8f3fda15ab81664829ea6f71fcb37f772ad613c13f61007856c16117791a,5e20a3f0504205e8d65b91033638c5af0909ed741212a04539dcfb37eda08fe2,FORMAL_PROSPECTIVE_SHADOW_COHORT_V1,SERVER_TASK_RECORD
94,formal-v1-trial-094-attempt-0,0,TASK_RECORD,formal-v1/trial-094/attempt-0/run/arm_activation.json,927,493711ef73346dfe855f5a2c64d7e4ea732b925beb2fdc28744243abd4da3bca,e8ea8f3fda15ab81664829ea6f71fcb37f772ad613c13f61007856c16117791a,5e20a3f0504205e8d65b91033638c5af0909ed741212a04539dcfb37eda08fe2,FORMAL_PROSPECTIVE_SHADOW_COHORT_V1,SERVER_TASK_RECORD
94,formal-v1-trial-094-attempt-0,0,TASK_RECORD,formal-v1/trial-094/attempt-0/run/environment_identity.json,1129,d76e9ff8077cffc29a8b464d7d9ce4f7d91f8ea98a4024d5a278b755070abfd4,e8ea8f3fda15ab81664829ea6f71fcb37f772ad613c13f61007856c16117791a,5e20a3f0504205e8d65b91033638c5af0909ed741212a04539dcfb37eda08fe2,FORMAL_PROSPECTIVE_SHADOW_COHORT_V1,SERVER_TASK_RECORD
94,formal-v1-trial-094-attempt-0,0,RAW_JSONL,formal-v1/trial-094/attempt-0/run/instrumentation/instrumentation_health_log.jsonl,83166,b86c25d814653ee09bf06ec6e2d82842bf32bd92f56ea34f38c463636d66ce03,e8ea8f3fda15ab81664829ea6f71fcb37f772ad613c13f61007856c16117791a,5e20a3f0504205e8d65b91033638c5af0909ed741212a04539dcfb37eda08fe2,FORMAL_PROSPECTIVE_SHADOW_COHORT_V1,SERVER_ONLY_RAW
94,formal-v1-trial-094-attempt-0,0,TASK_RECORD,formal-v1/trial-094/attempt-0/run/instrumentation/map_authority_manifest.json,983,7c19db927e0a59f20cbd1edb905076e75f12562e341d6ec56d291423a356f586,e8ea8f3fda15ab81664829ea6f71fcb37f772ad613c13f61007856c16117791a,5e20a3f0504205e8d65b91033638c5af0909ed741212a04539dcfb37eda08fe2,FORMAL_PROSPECTIVE_SHADOW_COHORT_V1,SERVER_TASK_RECORD
94,formal-v1-trial-094-attempt-0,0,RAW_JSONL,formal-v1/trial-094/attempt-0/run/instrumentation/shadow_certificate_result_log.jsonl,232292,dc5f5be737b8775c77c5e6423f4d7f0a6e0cd2b43472570da769243cecd464f1,e8ea8f3fda15ab81664829ea6f71fcb37f772ad613c13f61007856c16117791a,5e20a3f0504205e8d65b91033638c5af0909ed741212a04539dcfb37eda08fe2,FORMAL_PROSPECTIVE_SHADOW_COHORT_V1,SERVER_ONLY_RAW
94,formal-v1-trial-094-attempt-0,0,RAW_JSONL,formal-v1/trial-094/attempt-0/run/instrumentation/step_capture_log.jsonl,423738,61528ba254bc188919a7375963a441f6c6e3a9b2687164b106c1310aeaf39e72,e8ea8f3fda15ab81664829ea6f71fcb37f772ad613c13f61007856c16117791a,5e20a3f0504205e8d65b91033638c5af0909ed741212a04539dcfb37eda08fe2,FORMAL_PROSPECTIVE_SHADOW_COHORT_V1,SERVER_ONLY_RAW
94,formal-v1-trial-094-attempt-0,0,TASK_RECORD,formal-v1/trial-094/attempt-0/run/primary_trace.json,358373,f98f3ce6df31455344c15f4355725307b028fa934dd43a5938f0ce91a24fc9b0,e8ea8f3fda15ab81664829ea6f71fcb37f772ad613c13f61007856c16117791a,5e20a3f0504205e8d65b91033638c5af0909ed741212a04539dcfb37eda08fe2,FORMAL_PROSPECTIVE_SHADOW_COHORT_V1,SERVER_TASK_RECORD
94,formal-v1-trial-094-attempt-0,0,TASK_RECORD,formal-v1/trial-094/attempt-0/run/run_metadata.json,841,856233cfdbeabf56df67e7b6faa1b12b4606006c9eed4dfb36eb6f9afc6fa4ae,e8ea8f3fda15ab81664829ea6f71fcb37f772ad613c13f61007856c16117791a,5e20a3f0504205e8d65b91033638c5af0909ed741212a04539dcfb37eda08fe2,FORMAL_PROSPECTIVE_SHADOW_COHORT_V1,SERVER_TASK_RECORD
94,formal-v1-trial-094-attempt-0,0,TASK_RECORD,formal-v1/trial-094/attempt-0/run/trajs/stonehenge_ball-to-ellipsoid.json,144119,33b35a4e83acc92f559146f5a7af21eead736df4d6459613a2f66b076c59f9c7,e8ea8f3fda15ab81664829ea6f71fcb37f772ad613c13f61007856c16117791a,5e20a3f0504205e8d65b91033638c5af0909ed741212a04539dcfb37eda08fe2,FORMAL_PROSPECTIVE_SHADOW_COHORT_V1,SERVER_TASK_RECORD
94,formal-v1-trial-094-attempt-0,0,LOG,formal-v1/trial-094/attempt-0/stderr.log,13918,0e2b105e6016df820451a0a398d5aa9798f30b9b837068672e835583dacd9b98,e8ea8f3fda15ab81664829ea6f71fcb37f772ad613c13f61007856c16117791a,5e20a3f0504205e8d65b91033638c5af0909ed741212a04539dcfb37eda08fe2,FORMAL_PROSPECTIVE_SHADOW_COHORT_V1,SERVER_ONLY_RAW
94,formal-v1-trial-094-attempt-0,0,LOG,formal-v1/trial-094/attempt-0/stdout.log,1494,7c1173377aabfb6f3f1f88a3725622b9509ec8aa5ac30aa9790818fb1ebea868,e8ea8f3fda15ab81664829ea6f71fcb37f772ad613c13f61007856c16117791a,5e20a3f0504205e8d65b91033638c5af0909ed741212a04539dcfb37eda08fe2,FORMAL_PROSPECTIVE_SHADOW_COHORT_V1,SERVER_ONLY_RAW
95,formal-v1-trial-095-attempt-0,0,TASK_RECORD,formal-v1/trial-095/attempt-0/formal_attempt_identity.json,839,1b23b0e4c04ab688aebb90def3c2c96fe6a37cb0a685dbc6c044bc55e99a99e1,e8ea8f3fda15ab81664829ea6f71fcb37f772ad613c13f61007856c16117791a,5e20a3f0504205e8d65b91033638c5af0909ed741212a04539dcfb37eda08fe2,FORMAL_PROSPECTIVE_SHADOW_COHORT_V1,SERVER_TASK_RECORD
95,formal-v1-trial-095-attempt-0,0,TASK_RECORD,formal-v1/trial-095/attempt-0/outcome_blind_qc.json,1207,97b4da980fb12477465723b618993c1f063815e65d86dde8afe325440036ce4a,e8ea8f3fda15ab81664829ea6f71fcb37f772ad613c13f61007856c16117791a,5e20a3f0504205e8d65b91033638c5af0909ed741212a04539dcfb37eda08fe2,FORMAL_PROSPECTIVE_SHADOW_COHORT_V1,SERVER_TASK_RECORD
95,formal-v1-trial-095-attempt-0,0,TASK_RECORD,formal-v1/trial-095/attempt-0/process_result.json,429,c7d189cbda8f868c6727e0342318b7e33e13951b38a713462b11fa62237d9385,e8ea8f3fda15ab81664829ea6f71fcb37f772ad613c13f61007856c16117791a,5e20a3f0504205e8d65b91033638c5af0909ed741212a04539dcfb37eda08fe2,FORMAL_PROSPECTIVE_SHADOW_COHORT_V1,SERVER_TASK_RECORD
95,formal-v1-trial-095-attempt-0,0,TASK_RECORD,formal-v1/trial-095/attempt-0/run/arm_activation.json,918,8c024cfe704b5675796ed9f1b1fb1e27a8c12391b81dbc795639c01320f35934,e8ea8f3fda15ab81664829ea6f71fcb37f772ad613c13f61007856c16117791a,5e20a3f0504205e8d65b91033638c5af0909ed741212a04539dcfb37eda08fe2,FORMAL_PROSPECTIVE_SHADOW_COHORT_V1,SERVER_TASK_RECORD
95,formal-v1-trial-095-attempt-0,0,TASK_RECORD,formal-v1/trial-095/attempt-0/run/environment_identity.json,1129,85a71f4feb99e503b9d8564340b3ac2bbe446ff83f26551a3733ad1b83582a6f,e8ea8f3fda15ab81664829ea6f71fcb37f772ad613c13f61007856c16117791a,5e20a3f0504205e8d65b91033638c5af0909ed741212a04539dcfb37eda08fe2,FORMAL_PROSPECTIVE_SHADOW_COHORT_V1,SERVER_TASK_RECORD
95,formal-v1-trial-095-attempt-0,0,RAW_JSONL,formal-v1/trial-095/attempt-0/run/instrumentation/instrumentation_health_log.jsonl,2868,e78e681182e956953bcb10c44cff656125ec664aabdb9c56b61180865e27c981,e8ea8f3fda15ab81664829ea6f71fcb37f772ad613c13f61007856c16117791a,5e20a3f0504205e8d65b91033638c5af0909ed741212a04539dcfb37eda08fe2,FORMAL_PROSPECTIVE_SHADOW_COHORT_V1,SERVER_ONLY_RAW
95,formal-v1-trial-095-attempt-0,0,TASK_RECORD,formal-v1/trial-095/attempt-0/run/instrumentation/map_authority_manifest.json,983,7c19db927e0a59f20cbd1edb905076e75f12562e341d6ec56d291423a356f586,e8ea8f3fda15ab81664829ea6f71fcb37f772ad613c13f61007856c16117791a,5e20a3f0504205e8d65b91033638c5af0909ed741212a04539dcfb37eda08fe2,FORMAL_PROSPECTIVE_SHADOW_COHORT_V1,SERVER_TASK_RECORD
95,formal-v1-trial-095-attempt-0,0,RAW_JSONL,formal-v1/trial-095/attempt-0/run/instrumentation/shadow_certificate_result_log.jsonl,8040,8bba5b3c876d8e5f939b765486a82398a61ca31cf3f677f178242f728dddbaec,e8ea8f3fda15ab81664829ea6f71fcb37f772ad613c13f61007856c16117791a,5e20a3f0504205e8d65b91033638c5af0909ed741212a04539dcfb37eda08fe2,FORMAL_PROSPECTIVE_SHADOW_COHORT_V1,SERVER_ONLY_RAW
95,formal-v1-trial-095-attempt-0,0,RAW_JSONL,formal-v1/trial-095/attempt-0/run/instrumentation/step_capture_log.jsonl,14557,8f208aa3c8074882d605bde7c7d53b1eb2450ff4d68bb7df15fdd9c4872fcef5,e8ea8f3fda15ab81664829ea6f71fcb37f772ad613c13f61007856c16117791a,5e20a3f0504205e8d65b91033638c5af0909ed741212a04539dcfb37eda08fe2,FORMAL_PROSPECTIVE_SHADOW_COHORT_V1,SERVER_ONLY_RAW
95,formal-v1-trial-095-attempt-0,0,TASK_RECORD,formal-v1/trial-095/attempt-0/run/primary_trace.json,12708,437c393ac3a974226af72176d2817eab93e22654cc4a37acb1f6848c8798ee08,e8ea8f3fda15ab81664829ea6f71fcb37f772ad613c13f61007856c16117791a,5e20a3f0504205e8d65b91033638c5af0909ed741212a04539dcfb37eda08fe2,FORMAL_PROSPECTIVE_SHADOW_COHORT_V1,SERVER_TASK_RECORD
95,formal-v1-trial-095-attempt-0,0,TASK_RECORD,formal-v1/trial-095/attempt-0/run/run_metadata.json,839,a47f5b16ad59add155c70f88cc19298befd768a6c39764f3693b9c993bd04469,e8ea8f3fda15ab81664829ea6f71fcb37f772ad613c13f61007856c16117791a,5e20a3f0504205e8d65b91033638c5af0909ed741212a04539dcfb37eda08fe2,FORMAL_PROSPECTIVE_SHADOW_COHORT_V1,SERVER_TASK_RECORD
95,formal-v1-trial-095-attempt-0,0,TASK_RECORD,formal-v1/trial-095/attempt-0/run/trajs/stonehenge_ball-to-ellipsoid.json,5863,2cc215646429c0887cfcbc239beb57ecfd1be3a3a56dd5463026f1bf6e748321,e8ea8f3fda15ab81664829ea6f71fcb37f772ad613c13f61007856c16117791a,5e20a3f0504205e8d65b91033638c5af0909ed741212a04539dcfb37eda08fe2,FORMAL_PROSPECTIVE_SHADOW_COHORT_V1,SERVER_TASK_RECORD
95,formal-v1-trial-095-attempt-0,0,LOG,formal-v1/trial-095/attempt-0/stderr.log,753,85f5bef7eda56fa9682a90232889a5701e9aa01236210dd71bddde0d91fc89ff,e8ea8f3fda15ab81664829ea6f71fcb37f772ad613c13f61007856c16117791a,5e20a3f0504205e8d65b91033638c5af0909ed741212a04539dcfb37eda08fe2,FORMAL_PROSPECTIVE_SHADOW_COHORT_V1,SERVER_ONLY_RAW
95,formal-v1-trial-095-attempt-0,0,LOG,formal-v1/trial-095/attempt-0/stdout.log,1493,f4e8f31798321d0f5c76878aa8ec16ebbaaaaa7461a5b4979c6c68d759049c07,e8ea8f3fda15ab81664829ea6f71fcb37f772ad613c13f61007856c16117791a,5e20a3f0504205e8d65b91033638c5af0909ed741212a04539dcfb37eda08fe2,FORMAL_PROSPECTIVE_SHADOW_COHORT_V1,SERVER_ONLY_RAW
96,formal-v1-trial-096-attempt-0,0,TASK_RECORD,formal-v1/trial-096/attempt-0/formal_attempt_identity.json,839,6bc63e336606040ab028aefae6802d4c5fc05bedebe80c4a83af4d50f372e4b3,e8ea8f3fda15ab81664829ea6f71fcb37f772ad613c13f61007856c16117791a,5e20a3f0504205e8d65b91033638c5af0909ed741212a04539dcfb37eda08fe2,FORMAL_PROSPECTIVE_SHADOW_COHORT_V1,SERVER_TASK_RECORD
96,formal-v1-trial-096-attempt-0,0,TASK_RECORD,formal-v1/trial-096/attempt-0/outcome_blind_qc.json,1215,f5643629a9d5ba72a0d972d486c4e57ed36b9870a9dbe81fc2e1d6e295ba6ea5,e8ea8f3fda15ab81664829ea6f71fcb37f772ad613c13f61007856c16117791a,5e20a3f0504205e8d65b91033638c5af0909ed741212a04539dcfb37eda08fe2,FORMAL_PROSPECTIVE_SHADOW_COHORT_V1,SERVER_TASK_RECORD
96,formal-v1-trial-096-attempt-0,0,TASK_RECORD,formal-v1/trial-096/attempt-0/process_result.json,437,77ec8749ae31450d698c4a01fe49337d2ffdeac5501b635bfe145d46ad9d6f83,e8ea8f3fda15ab81664829ea6f71fcb37f772ad613c13f61007856c16117791a,5e20a3f0504205e8d65b91033638c5af0909ed741212a04539dcfb37eda08fe2,FORMAL_PROSPECTIVE_SHADOW_COHORT_V1,SERVER_TASK_RECORD
96,formal-v1-trial-096-attempt-0,0,TASK_RECORD,formal-v1/trial-096/attempt-0/run/arm_activation.json,927,3c0cd2af350e753830f8fbc220d3ffe72a5d3439a64bac5836280ce5d692c2cd,e8ea8f3fda15ab81664829ea6f71fcb37f772ad613c13f61007856c16117791a,5e20a3f0504205e8d65b91033638c5af0909ed741212a04539dcfb37eda08fe2,FORMAL_PROSPECTIVE_SHADOW_COHORT_V1,SERVER_TASK_RECORD
96,formal-v1-trial-096-attempt-0,0,TASK_RECORD,formal-v1/trial-096/attempt-0/run/environment_identity.json,1129,244c51eee36048563c1728b56dd5e63a150659cc8a6dd01b75143ba182684439,e8ea8f3fda15ab81664829ea6f71fcb37f772ad613c13f61007856c16117791a,5e20a3f0504205e8d65b91033638c5af0909ed741212a04539dcfb37eda08fe2,FORMAL_PROSPECTIVE_SHADOW_COHORT_V1,SERVER_TASK_RECORD
96,formal-v1-trial-096-attempt-0,0,RAW_JSONL,formal-v1/trial-096/attempt-0/run/instrumentation/instrumentation_health_log.jsonl,169444,2c1d5414b10502becb4c4a29b8819be5af4fc629469c3ae3e1314b7e6d5bb81f,e8ea8f3fda15ab81664829ea6f71fcb37f772ad613c13f61007856c16117791a,5e20a3f0504205e8d65b91033638c5af0909ed741212a04539dcfb37eda08fe2,FORMAL_PROSPECTIVE_SHADOW_COHORT_V1,SERVER_ONLY_RAW
96,formal-v1-trial-096-attempt-0,0,TASK_RECORD,formal-v1/trial-096/attempt-0/run/instrumentation/map_authority_manifest.json,983,7c19db927e0a59f20cbd1edb905076e75f12562e341d6ec56d291423a356f586,e8ea8f3fda15ab81664829ea6f71fcb37f772ad613c13f61007856c16117791a,5e20a3f0504205e8d65b91033638c5af0909ed741212a04539dcfb37eda08fe2,FORMAL_PROSPECTIVE_SHADOW_COHORT_V1,SERVER_TASK_RECORD
96,formal-v1-trial-096-attempt-0,0,RAW_JSONL,formal-v1/trial-096/attempt-0/run/instrumentation/shadow_certificate_result_log.jsonl,472868,31219d675b07dd17fcffc56da42cedf840b03a520ef2f19f6410d126276cf087,e8ea8f3fda15ab81664829ea6f71fcb37f772ad613c13f61007856c16117791a,5e20a3f0504205e8d65b91033638c5af0909ed741212a04539dcfb37eda08fe2,FORMAL_PROSPECTIVE_SHADOW_COHORT_V1,SERVER_ONLY_RAW
96,formal-v1-trial-096-attempt-0,0,RAW_JSONL,formal-v1/trial-096/attempt-0/run/instrumentation/step_capture_log.jsonl,864453,b6f583056b200db51e7f00e4844deef6dfed7bfcd77d345eb132c99f87d6fe2f,e8ea8f3fda15ab81664829ea6f71fcb37f772ad613c13f61007856c16117791a,5e20a3f0504205e8d65b91033638c5af0909ed741212a04539dcfb37eda08fe2,FORMAL_PROSPECTIVE_SHADOW_COHORT_V1,SERVER_ONLY_RAW
96,formal-v1-trial-096-attempt-0,0,TASK_RECORD,formal-v1/trial-096/attempt-0/run/primary_trace.json,732448,330cb7e45bea4cae5b95db24a05487670cc48dbc8b88d59a65477eb8bd5e46c3,e8ea8f3fda15ab81664829ea6f71fcb37f772ad613c13f61007856c16117791a,5e20a3f0504205e8d65b91033638c5af0909ed741212a04539dcfb37eda08fe2,FORMAL_PROSPECTIVE_SHADOW_COHORT_V1,SERVER_TASK_RECORD
96,formal-v1-trial-096-attempt-0,0,TASK_RECORD,formal-v1/trial-096/attempt-0/run/run_metadata.json,841,ed1429f20f8cb29d79fac3411f3cbaff541f5de45fdb465f4990c7b402104d91,e8ea8f3fda15ab81664829ea6f71fcb37f772ad613c13f61007856c16117791a,5e20a3f0504205e8d65b91033638c5af0909ed741212a04539dcfb37eda08fe2,FORMAL_PROSPECTIVE_SHADOW_COHORT_V1,SERVER_TASK_RECORD
96,formal-v1-trial-096-attempt-0,0,TASK_RECORD,formal-v1/trial-096/attempt-0/run/trajs/stonehenge_ball-to-ellipsoid.json,293847,14b0867131509641dbb624bee137bfbe476c3a45b5b0c5677d735c26073d551a,e8ea8f3fda15ab81664829ea6f71fcb37f772ad613c13f61007856c16117791a,5e20a3f0504205e8d65b91033638c5af0909ed741212a04539dcfb37eda08fe2,FORMAL_PROSPECTIVE_SHADOW_COHORT_V1,SERVER_TASK_RECORD
96,formal-v1-trial-096-attempt-0,0,LOG,formal-v1/trial-096/attempt-0/stderr.log,29351,0d5485c3da17e972d7730d8ee44060e95b4016268b873e4ffc2ae4095eccfc2a,e8ea8f3fda15ab81664829ea6f71fcb37f772ad613c13f61007856c16117791a,5e20a3f0504205e8d65b91033638c5af0909ed741212a04539dcfb37eda08fe2,FORMAL_PROSPECTIVE_SHADOW_COHORT_V1,SERVER_ONLY_RAW
96,formal-v1-trial-096-attempt-0,0,LOG,formal-v1/trial-096/attempt-0/stdout.log,1494,6e65c0a3d0717b47f32440a2966c929754da57caffbdbc37cda0772e3d71fdae,e8ea8f3fda15ab81664829ea6f71fcb37f772ad613c13f61007856c16117791a,5e20a3f0504205e8d65b91033638c5af0909ed741212a04539dcfb37eda08fe2,FORMAL_PROSPECTIVE_SHADOW_COHORT_V1,SERVER_ONLY_RAW
97,formal-v1-trial-097-attempt-0,0,TASK_RECORD,formal-v1/trial-097/attempt-0/formal_attempt_identity.json,839,01a89d65717087085298f74832a090ef35ab0af627e0e0486cb636369f793382,e8ea8f3fda15ab81664829ea6f71fcb37f772ad613c13f61007856c16117791a,5e20a3f0504205e8d65b91033638c5af0909ed741212a04539dcfb37eda08fe2,FORMAL_PROSPECTIVE_SHADOW_COHORT_V1,SERVER_TASK_RECORD
97,formal-v1-trial-097-attempt-0,0,TASK_RECORD,formal-v1/trial-097/attempt-0/outcome_blind_qc.json,1215,21ebd4000d8318151f195f2ca5aeaa068b3f5a788d54a1765e0b42a402c2c89c,e8ea8f3fda15ab81664829ea6f71fcb37f772ad613c13f61007856c16117791a,5e20a3f0504205e8d65b91033638c5af0909ed741212a04539dcfb37eda08fe2,FORMAL_PROSPECTIVE_SHADOW_COHORT_V1,SERVER_TASK_RECORD
97,formal-v1-trial-097-attempt-0,0,TASK_RECORD,formal-v1/trial-097/attempt-0/process_result.json,437,e3f773ae18455d14dd3d47e2e4346eab548e9424bba0b46ab96fb43a505b8af9,e8ea8f3fda15ab81664829ea6f71fcb37f772ad613c13f61007856c16117791a,5e20a3f0504205e8d65b91033638c5af0909ed741212a04539dcfb37eda08fe2,FORMAL_PROSPECTIVE_SHADOW_COHORT_V1,SERVER_TASK_RECORD
97,formal-v1-trial-097-attempt-0,0,TASK_RECORD,formal-v1/trial-097/attempt-0/run/arm_activation.json,927,5586b5168c7c8bbee769b618693515618c229765f16dd213156b759023725459,e8ea8f3fda15ab81664829ea6f71fcb37f772ad613c13f61007856c16117791a,5e20a3f0504205e8d65b91033638c5af0909ed741212a04539dcfb37eda08fe2,FORMAL_PROSPECTIVE_SHADOW_COHORT_V1,SERVER_TASK_RECORD
97,formal-v1-trial-097-attempt-0,0,TASK_RECORD,formal-v1/trial-097/attempt-0/run/environment_identity.json,1129,ce19be2a94a0c328afc982f379c2eb77e7cf50066d2893f313345d54e420d7e1,e8ea8f3fda15ab81664829ea6f71fcb37f772ad613c13f61007856c16117791a,5e20a3f0504205e8d65b91033638c5af0909ed741212a04539dcfb37eda08fe2,FORMAL_PROSPECTIVE_SHADOW_COHORT_V1,SERVER_TASK_RECORD
97,formal-v1-trial-097-attempt-0,0,RAW_JSONL,formal-v1/trial-097/attempt-0/run/instrumentation/instrumentation_health_log.jsonl,152574,4455159d20e86db1d42f55d43c3c7d3e013235ef0a9effc312d6aebe575df351,e8ea8f3fda15ab81664829ea6f71fcb37f772ad613c13f61007856c16117791a,5e20a3f0504205e8d65b91033638c5af0909ed741212a04539dcfb37eda08fe2,FORMAL_PROSPECTIVE_SHADOW_COHORT_V1,SERVER_ONLY_RAW
97,formal-v1-trial-097-attempt-0,0,TASK_RECORD,formal-v1/trial-097/attempt-0/run/instrumentation/map_authority_manifest.json,983,7c19db927e0a59f20cbd1edb905076e75f12562e341d6ec56d291423a356f586,e8ea8f3fda15ab81664829ea6f71fcb37f772ad613c13f61007856c16117791a,5e20a3f0504205e8d65b91033638c5af0909ed741212a04539dcfb37eda08fe2,FORMAL_PROSPECTIVE_SHADOW_COHORT_V1,SERVER_TASK_RECORD
97,formal-v1-trial-097-attempt-0,0,RAW_JSONL,formal-v1/trial-097/attempt-0/run/instrumentation/shadow_certificate_result_log.jsonl,425828,49576b2ad69655e1d2792bfc51b478b8b914f78865f25e0e7f374e34acf15d5b,e8ea8f3fda15ab81664829ea6f71fcb37f772ad613c13f61007856c16117791a,5e20a3f0504205e8d65b91033638c5af0909ed741212a04539dcfb37eda08fe2,FORMAL_PROSPECTIVE_SHADOW_COHORT_V1,SERVER_ONLY_RAW
97,formal-v1-trial-097-attempt-0,0,RAW_JSONL,formal-v1/trial-097/attempt-0/run/instrumentation/step_capture_log.jsonl,779195,a67348d9e830f325371e26f6b69a0bb7daa37da09f41449b7fe2e466ed1b6af2,e8ea8f3fda15ab81664829ea6f71fcb37f772ad613c13f61007856c16117791a,5e20a3f0504205e8d65b91033638c5af0909ed741212a04539dcfb37eda08fe2,FORMAL_PROSPECTIVE_SHADOW_COHORT_V1,SERVER_ONLY_RAW
97,formal-v1-trial-097-attempt-0,0,TASK_RECORD,formal-v1/trial-097/attempt-0/run/primary_trace.json,660617,264b723cc76f1d8291436c10661659d730487be4da110e90540d9b13f3d3aa43,e8ea8f3fda15ab81664829ea6f71fcb37f772ad613c13f61007856c16117791a,5e20a3f0504205e8d65b91033638c5af0909ed741212a04539dcfb37eda08fe2,FORMAL_PROSPECTIVE_SHADOW_COHORT_V1,SERVER_TASK_RECORD
97,formal-v1-trial-097-attempt-0,0,TASK_RECORD,formal-v1/trial-097/attempt-0/run/run_metadata.json,841,496a764cc019afc819311e42ca3d7991bdd2cfc665b868754086c7686942cac1,e8ea8f3fda15ab81664829ea6f71fcb37f772ad613c13f61007856c16117791a,5e20a3f0504205e8d65b91033638c5af0909ed741212a04539dcfb37eda08fe2,FORMAL_PROSPECTIVE_SHADOW_COHORT_V1,SERVER_TASK_RECORD
97,formal-v1-trial-097-attempt-0,0,TASK_RECORD,formal-v1/trial-097/attempt-0/run/trajs/stonehenge_ball-to-ellipsoid.json,265384,39b126146b93b54f6462d755179c17d56639d151a8ae5362384c9757987cd73c,e8ea8f3fda15ab81664829ea6f71fcb37f772ad613c13f61007856c16117791a,5e20a3f0504205e8d65b91033638c5af0909ed741212a04539dcfb37eda08fe2,FORMAL_PROSPECTIVE_SHADOW_COHORT_V1,SERVER_TASK_RECORD
97,formal-v1-trial-097-attempt-0,0,LOG,formal-v1/trial-097/attempt-0/stderr.log,26236,e6172007e10130bb206696b44c2c876339139ff154766ceb81e1c2a8c5445dca,e8ea8f3fda15ab81664829ea6f71fcb37f772ad613c13f61007856c16117791a,5e20a3f0504205e8d65b91033638c5af0909ed741212a04539dcfb37eda08fe2,FORMAL_PROSPECTIVE_SHADOW_COHORT_V1,SERVER_ONLY_RAW
97,formal-v1-trial-097-attempt-0,0,LOG,formal-v1/trial-097/attempt-0/stdout.log,1494,db346c5e12b7024007f351b1476334281e004e6b3c3d324412fef30d0f136982,e8ea8f3fda15ab81664829ea6f71fcb37f772ad613c13f61007856c16117791a,5e20a3f0504205e8d65b91033638c5af0909ed741212a04539dcfb37eda08fe2,FORMAL_PROSPECTIVE_SHADOW_COHORT_V1,SERVER_ONLY_RAW
98,formal-v1-trial-098-attempt-0,0,TASK_RECORD,formal-v1/trial-098/attempt-0/formal_attempt_identity.json,839,101bbf8ded46b449a7f540a0c821a815ef951c6b45cf14625f3cb892ae5e85bc,e8ea8f3fda15ab81664829ea6f71fcb37f772ad613c13f61007856c16117791a,5e20a3f0504205e8d65b91033638c5af0909ed741212a04539dcfb37eda08fe2,FORMAL_PROSPECTIVE_SHADOW_COHORT_V1,SERVER_TASK_RECORD
98,formal-v1-trial-098-attempt-0,0,TASK_RECORD,formal-v1/trial-098/attempt-0/outcome_blind_qc.json,1215,876db6297920148500460f1a75b753b59250ad3799610607eef3f088a04adc78,e8ea8f3fda15ab81664829ea6f71fcb37f772ad613c13f61007856c16117791a,5e20a3f0504205e8d65b91033638c5af0909ed741212a04539dcfb37eda08fe2,FORMAL_PROSPECTIVE_SHADOW_COHORT_V1,SERVER_TASK_RECORD
98,formal-v1-trial-098-attempt-0,0,TASK_RECORD,formal-v1/trial-098/attempt-0/process_result.json,437,db6da59110fa04b4cd17c8575b3a116711bd183e8594a2ab4f4d55e33bc9a5f3,e8ea8f3fda15ab81664829ea6f71fcb37f772ad613c13f61007856c16117791a,5e20a3f0504205e8d65b91033638c5af0909ed741212a04539dcfb37eda08fe2,FORMAL_PROSPECTIVE_SHADOW_COHORT_V1,SERVER_TASK_RECORD
98,formal-v1-trial-098-attempt-0,0,TASK_RECORD,formal-v1/trial-098/attempt-0/run/arm_activation.json,927,788a1ef54989f7a2f7de0912392ad87e5ed90986b57c9d2c6a0ee6178b4f88c1,e8ea8f3fda15ab81664829ea6f71fcb37f772ad613c13f61007856c16117791a,5e20a3f0504205e8d65b91033638c5af0909ed741212a04539dcfb37eda08fe2,FORMAL_PROSPECTIVE_SHADOW_COHORT_V1,SERVER_TASK_RECORD
98,formal-v1-trial-098-attempt-0,0,TASK_RECORD,formal-v1/trial-098/attempt-0/run/environment_identity.json,1129,93efd9e3b1ed9f2bfe74bff515f8879fef73509d5f0e745c8f217cb27af17759,e8ea8f3fda15ab81664829ea6f71fcb37f772ad613c13f61007856c16117791a,5e20a3f0504205e8d65b91033638c5af0909ed741212a04539dcfb37eda08fe2,FORMAL_PROSPECTIVE_SHADOW_COHORT_V1,SERVER_TASK_RECORD
98,formal-v1-trial-098-attempt-0,0,RAW_JSONL,formal-v1/trial-098/attempt-0/run/instrumentation/instrumentation_health_log.jsonl,145344,5ddcc3f574d548a343f78d1544067a7b8d50ff2981745cd0b8c5f1c7ca112e29,e8ea8f3fda15ab81664829ea6f71fcb37f772ad613c13f61007856c16117791a,5e20a3f0504205e8d65b91033638c5af0909ed741212a04539dcfb37eda08fe2,FORMAL_PROSPECTIVE_SHADOW_COHORT_V1,SERVER_ONLY_RAW
98,formal-v1-trial-098-attempt-0,0,TASK_RECORD,formal-v1/trial-098/attempt-0/run/instrumentation/map_authority_manifest.json,983,7c19db927e0a59f20cbd1edb905076e75f12562e341d6ec56d291423a356f586,e8ea8f3fda15ab81664829ea6f71fcb37f772ad613c13f61007856c16117791a,5e20a3f0504205e8d65b91033638c5af0909ed741212a04539dcfb37eda08fe2,FORMAL_PROSPECTIVE_SHADOW_COHORT_V1,SERVER_TASK_RECORD
98,formal-v1-trial-098-attempt-0,0,RAW_JSONL,formal-v1/trial-098/attempt-0/run/instrumentation/shadow_certificate_result_log.jsonl,405668,23f813b1ab38d687409d2b5ffcec1add562680fe3c003b903d12af76d61e459d,e8ea8f3fda15ab81664829ea6f71fcb37f772ad613c13f61007856c16117791a,5e20a3f0504205e8d65b91033638c5af0909ed741212a04539dcfb37eda08fe2,FORMAL_PROSPECTIVE_SHADOW_COHORT_V1,SERVER_ONLY_RAW
98,formal-v1-trial-098-attempt-0,0,RAW_JSONL,formal-v1/trial-098/attempt-0/run/instrumentation/step_capture_log.jsonl,743073,07d3a6f846ec527f925611a092732a15ed7d9d3ff4e2f0ddf4943896ca3bf59e,e8ea8f3fda15ab81664829ea6f71fcb37f772ad613c13f61007856c16117791a,5e20a3f0504205e8d65b91033638c5af0909ed741212a04539dcfb37eda08fe2,FORMAL_PROSPECTIVE_SHADOW_COHORT_V1,SERVER_ONLY_RAW
98,formal-v1-trial-098-attempt-0,0,TASK_RECORD,formal-v1/trial-098/attempt-0/run/primary_trace.json,630188,621e05e6c069feada68519de72b03af0986e2020a7b879f342c91d68fe541505,e8ea8f3fda15ab81664829ea6f71fcb37f772ad613c13f61007856c16117791a,5e20a3f0504205e8d65b91033638c5af0909ed741212a04539dcfb37eda08fe2,FORMAL_PROSPECTIVE_SHADOW_COHORT_V1,SERVER_TASK_RECORD
98,formal-v1-trial-098-attempt-0,0,TASK_RECORD,formal-v1/trial-098/attempt-0/run/run_metadata.json,841,bb294fac548ee661f70627dfff0b86a566484abcf8bf090d2dd7becf56f57d0d,e8ea8f3fda15ab81664829ea6f71fcb37f772ad613c13f61007856c16117791a,5e20a3f0504205e8d65b91033638c5af0909ed741212a04539dcfb37eda08fe2,FORMAL_PROSPECTIVE_SHADOW_COHORT_V1,SERVER_TASK_RECORD
98,formal-v1-trial-098-attempt-0,0,TASK_RECORD,formal-v1/trial-098/attempt-0/run/trajs/stonehenge_ball-to-ellipsoid.json,253134,1305099b754713bcfa797bf74d10bb65844dc512b6a6c5ef092fef7d0ee4d98b,e8ea8f3fda15ab81664829ea6f71fcb37f772ad613c13f61007856c16117791a,5e20a3f0504205e8d65b91033638c5af0909ed741212a04539dcfb37eda08fe2,FORMAL_PROSPECTIVE_SHADOW_COHORT_V1,SERVER_TASK_RECORD
98,formal-v1-trial-098-attempt-0,0,LOG,formal-v1/trial-098/attempt-0/stderr.log,24909,59549c7d6582ae9c9271db3105bad3a0c841978a36a9a91e688b9d392b72a04d,e8ea8f3fda15ab81664829ea6f71fcb37f772ad613c13f61007856c16117791a,5e20a3f0504205e8d65b91033638c5af0909ed741212a04539dcfb37eda08fe2,FORMAL_PROSPECTIVE_SHADOW_COHORT_V1,SERVER_ONLY_RAW
98,formal-v1-trial-098-attempt-0,0,LOG,formal-v1/trial-098/attempt-0/stdout.log,1494,1b7e762c17eb375b33c073cf51e2b0899bf8d0c31f450025544e53c1ed4aca4c,e8ea8f3fda15ab81664829ea6f71fcb37f772ad613c13f61007856c16117791a,5e20a3f0504205e8d65b91033638c5af0909ed741212a04539dcfb37eda08fe2,FORMAL_PROSPECTIVE_SHADOW_COHORT_V1,SERVER_ONLY_RAW
99,formal-v1-trial-099-attempt-0,0,TASK_RECORD,formal-v1/trial-099/attempt-0/formal_attempt_identity.json,839,ab2d589cc9a9e25a89c32188faafd69ad2aedc6645cff6ce5d2523e92a0d7f64,e8ea8f3fda15ab81664829ea6f71fcb37f772ad613c13f61007856c16117791a,5e20a3f0504205e8d65b91033638c5af0909ed741212a04539dcfb37eda08fe2,FORMAL_PROSPECTIVE_SHADOW_COHORT_V1,SERVER_TASK_RECORD
99,formal-v1-trial-099-attempt-0,0,TASK_RECORD,formal-v1/trial-099/attempt-0/outcome_blind_qc.json,1215,01acc6a9a7fbe14d80f392f71f7d52c6b33d80b5de8aca84f9570049f79d6419,e8ea8f3fda15ab81664829ea6f71fcb37f772ad613c13f61007856c16117791a,5e20a3f0504205e8d65b91033638c5af0909ed741212a04539dcfb37eda08fe2,FORMAL_PROSPECTIVE_SHADOW_COHORT_V1,SERVER_TASK_RECORD
99,formal-v1-trial-099-attempt-0,0,TASK_RECORD,formal-v1/trial-099/attempt-0/process_result.json,437,9d9ea0dd1967208538940212135e34d5ccdf4ce8e7c4860ba83003bd10dd7fd8,e8ea8f3fda15ab81664829ea6f71fcb37f772ad613c13f61007856c16117791a,5e20a3f0504205e8d65b91033638c5af0909ed741212a04539dcfb37eda08fe2,FORMAL_PROSPECTIVE_SHADOW_COHORT_V1,SERVER_TASK_RECORD
99,formal-v1-trial-099-attempt-0,0,TASK_RECORD,formal-v1/trial-099/attempt-0/run/arm_activation.json,927,50ac176402668ada3f398df8bedbebdea3b6b5ab3b2399a315471a5f613904e5,e8ea8f3fda15ab81664829ea6f71fcb37f772ad613c13f61007856c16117791a,5e20a3f0504205e8d65b91033638c5af0909ed741212a04539dcfb37eda08fe2,FORMAL_PROSPECTIVE_SHADOW_COHORT_V1,SERVER_TASK_RECORD
99,formal-v1-trial-099-attempt-0,0,TASK_RECORD,formal-v1/trial-099/attempt-0/run/environment_identity.json,1129,4570d457602486a08ec77ecaf1f83989035754e33fa0016e3b952d2710be0751,e8ea8f3fda15ab81664829ea6f71fcb37f772ad613c13f61007856c16117791a,5e20a3f0504205e8d65b91033638c5af0909ed741212a04539dcfb37eda08fe2,FORMAL_PROSPECTIVE_SHADOW_COHORT_V1,SERVER_TASK_RECORD
99,formal-v1-trial-099-attempt-0,0,RAW_JSONL,formal-v1/trial-099/attempt-0/run/instrumentation/instrumentation_health_log.jsonl,153056,90484b563047600a89681c7158c7bb4c510e209825e809b171ca43f7582ccfd1,e8ea8f3fda15ab81664829ea6f71fcb37f772ad613c13f61007856c16117791a,5e20a3f0504205e8d65b91033638c5af0909ed741212a04539dcfb37eda08fe2,FORMAL_PROSPECTIVE_SHADOW_COHORT_V1,SERVER_ONLY_RAW
99,formal-v1-trial-099-attempt-0,0,TASK_RECORD,formal-v1/trial-099/attempt-0/run/instrumentation/map_authority_manifest.json,983,7c19db927e0a59f20cbd1edb905076e75f12562e341d6ec56d291423a356f586,e8ea8f3fda15ab81664829ea6f71fcb37f772ad613c13f61007856c16117791a,5e20a3f0504205e8d65b91033638c5af0909ed741212a04539dcfb37eda08fe2,FORMAL_PROSPECTIVE_SHADOW_COHORT_V1,SERVER_TASK_RECORD
99,formal-v1-trial-099-attempt-0,0,RAW_JSONL,formal-v1/trial-099/attempt-0/run/instrumentation/shadow_certificate_result_log.jsonl,427172,f9ef6ee6cfbdc4e8c41eea2871fda9edaa897874faf7b3737b92e9dfb5fc9347,e8ea8f3fda15ab81664829ea6f71fcb37f772ad613c13f61007856c16117791a,5e20a3f0504205e8d65b91033638c5af0909ed741212a04539dcfb37eda08fe2,FORMAL_PROSPECTIVE_SHADOW_COHORT_V1,SERVER_ONLY_RAW
99,formal-v1-trial-099-attempt-0,0,RAW_JSONL,formal-v1/trial-099/attempt-0/run/instrumentation/step_capture_log.jsonl,782312,e5f7f1d946817c6559231b2a319cad8a92782517cbcd2a855f9f9263a25309cb,e8ea8f3fda15ab81664829ea6f71fcb37f772ad613c13f61007856c16117791a,5e20a3f0504205e8d65b91033638c5af0909ed741212a04539dcfb37eda08fe2,FORMAL_PROSPECTIVE_SHADOW_COHORT_V1,SERVER_ONLY_RAW
99,formal-v1-trial-099-attempt-0,0,TASK_RECORD,formal-v1/trial-099/attempt-0/run/primary_trace.json,663976,0d3e237879f74582111716fe6c374cbbe20f501380e9ce8299d5cd6f2d7433c3,e8ea8f3fda15ab81664829ea6f71fcb37f772ad613c13f61007856c16117791a,5e20a3f0504205e8d65b91033638c5af0909ed741212a04539dcfb37eda08fe2,FORMAL_PROSPECTIVE_SHADOW_COHORT_V1,SERVER_TASK_RECORD
99,formal-v1-trial-099-attempt-0,0,TASK_RECORD,formal-v1/trial-099/attempt-0/run/run_metadata.json,841,f0b82a558ebe23469b4bf450337e299b4cee77cd06ca97c106d1a071545ec1d4,e8ea8f3fda15ab81664829ea6f71fcb37f772ad613c13f61007856c16117791a,5e20a3f0504205e8d65b91033638c5af0909ed741212a04539dcfb37eda08fe2,FORMAL_PROSPECTIVE_SHADOW_COHORT_V1,SERVER_TASK_RECORD
99,formal-v1-trial-099-attempt-0,0,TASK_RECORD,formal-v1/trial-099/attempt-0/run/trajs/stonehenge_ball-to-ellipsoid.json,266395,d2e98030f644fae32c0cbbf370c678fcef6cf75192829030302e41b80541c974,e8ea8f3fda15ab81664829ea6f71fcb37f772ad613c13f61007856c16117791a,5e20a3f0504205e8d65b91033638c5af0909ed741212a04539dcfb37eda08fe2,FORMAL_PROSPECTIVE_SHADOW_COHORT_V1,SERVER_TASK_RECORD
99,formal-v1-trial-099-attempt-0,0,LOG,formal-v1/trial-099/attempt-0/stderr.log,26325,06e0945eca5096243a3c84fbc91ee24779e70f9f6e4bfc3ce9cf67059b7f3331,e8ea8f3fda15ab81664829ea6f71fcb37f772ad613c13f61007856c16117791a,5e20a3f0504205e8d65b91033638c5af0909ed741212a04539dcfb37eda08fe2,FORMAL_PROSPECTIVE_SHADOW_COHORT_V1,SERVER_ONLY_RAW
99,formal-v1-trial-099-attempt-0,0,LOG,formal-v1/trial-099/attempt-0/stdout.log,1494,03295e7a6bd80cd9a2546c751cea3f460a892921ed6187366759575520049064,e8ea8f3fda15ab81664829ea6f71fcb37f772ad613c13f61007856c16117791a,5e20a3f0504205e8d65b91033638c5af0909ed741212a04539dcfb37eda08fe2,FORMAL_PROSPECTIVE_SHADOW_COHORT_V1,SERVER_ONLY_RAW
