video_id,timestamp,rgb,depth,confidence,intrinsics,pose_timestamp,pose_delta_s,intrinsics_timestamp,intrinsics_delta_s,width,height,fx,fy,cx,cy,c2w_00,c2w_01,c2w_02,c2w_03,c2w_10,c2w_11,c2w_12,c2w_13,c2w_20,c2w_21,c2w_22,c2w_23,c2w_30,c2w_31,c2w_32,c2w_33,keyframe_index,v1_group_id,v1_group_hash,split
48018874,653418.418,lowres_wide/48018874_653418.418.png,lowres_depth/48018874_653418.418.png,confidence/48018874_653418.418.png,lowres_wide_intrinsics/48018874_653418.418.pincam,653418.41844383,0.00044383,653418.418,0.000,256,192,212.027,212.027,127.255,97.8939,0.153256613137,-0.987527820399,0.0360723504619,0.0604542769929,-0.946842390843,-0.136298420691,0.291397027131,0.116343135901,-0.282846066675,-0.0788133520109,-0.955921836821,0.00834165670038,0,0,0,1,0,0,35c8aa07359d53bf434e138c7c9c17a7a002b62283ae096a63bbac1b2ccc6b42,TRAIN
48018874,653418.602,lowres_wide/48018874_653418.602.png,lowres_depth/48018874_653418.602.png,confidence/48018874_653418.602.png,lowres_wide_intrinsics/48018874_653418.602.pincam,653418.60170321,0.00029679,653418.602,0.000,256,192,212.027,212.027,127.22,97.8918,0.344360813998,-0.937073017987,-0.0575307634458,0.0766349776517,-0.88348547103,-0.344178962822,0.317795947158,0.252924462149,-0.3175988858,-0.0586088774069,-0.946412144484,0.0131234582198,0,0,0,1,1,0,35c8aa07359d53bf434e138c7c9c17a7a002b62283ae096a63bbac1b2ccc6b42,TRAIN
48018874,653418.702,lowres_wide/48018874_653418.702.png,lowres_depth/48018874_653418.702.png,confidence/48018874_653418.702.png,lowres_wide_intrinsics/48018874_653418.702.pincam,653418.70166279,0.00033721,653418.702,0.000,256,192,212.027,212.027,127.188,97.909,0.441134136725,-0.880428032602,-0.17391708606,0.0895997117553,-0.820588687458,-0.474175698279,0.319047979428,0.326915306677,-0.363366040558,0.00197143839797,-0.931644370991,0.0296188632898,0,0,0,1,2,0,35c8aa07359d53bf434e138c7c9c17a7a002b62283ae096a63bbac1b2ccc6b42,TRAIN
48018874,653418.802,lowres_wide/48018874_653418.802.png,lowres_depth/48018874_653418.802.png,confidence/48018874_653418.802.png,lowres_wide_intrinsics/48018874_653418.802.pincam,653418.80162225,0.00037775,653418.802,0.000,256,192,212.027,212.027,127.19,97.9082,0.570588333276,-0.791167133365,-0.220189738664,0.0901319185971,-0.740279958095,-0.611588802354,0.279185817115,0.410614720927,-0.355548221164,0.00370188044928,-0.934650607719,0.0582885008907,0,0,0,1,3,0,35c8aa07359d53bf434e138c7c9c17a7a002b62283ae096a63bbac1b2ccc6b42,TRAIN
48018874,653418.902,lowres_wide/48018874_653418.902.png,lowres_depth/48018874_653418.902.png,confidence/48018874_653418.902.png,lowres_wide_intrinsics/48018874_653418.902.pincam,653418.90158196,0.00041804,653418.902,0.000,256,192,212.027,212.027,127.156,97.8942,0.64985192693,-0.70715903536,-0.278601097941,0.081394339513,-0.634712984067,-0.706557092867,0.312916126745,0.46023816025,-0.418129048168,-0.0265174136946,-0.908000509828,0.0995844045818,0,0,0,1,4,0,35c8aa07359d53bf434e138c7c9c17a7a002b62283ae096a63bbac1b2ccc6b42,TRAIN
48018874,653419.002,lowres_wide/48018874_653419.002.png,lowres_depth/48018874_653419.002.png,confidence/48018874_653419.002.png,lowres_wide_intrinsics/48018874_653419.002.pincam,653419.00154146,0.00045854,653419.002,0.000,256,192,212.088,212.088,127.109,97.8947,0.69185478292,-0.615244888714,-0.377903011715,0.0654654593646,-0.52740683576,-0.788073908593,0.317461090827,0.492990913646,-0.493131817008,-0.0203283424472,-0.869717062928,0.12993850963,0,0,0,1,5,0,35c8aa07359d53bf434e138c7c9c17a7a002b62283ae096a63bbac1b2ccc6b42,TRAIN
48018874,653419.102,lowres_wide/48018874_653419.102.png,lowres_depth/48018874_653419.102.png,confidence/48018874_653419.102.png,lowres_wide_intrinsics/48018874_653419.102.pincam,653419.10150104,0.00049896,653419.102,0.000,256,192,212.088,212.088,127.083,97.8962,0.739686435823,-0.485325792162,-0.466178991507,0.0395490987969,-0.403452280695,-0.874255927573,0.270005241254,0.52864863979,-0.538600254234,-0.0116382372214,-0.842481048792,0.142856287041,0,0,0,1,6,0,35c8aa07359d53bf434e138c7c9c17a7a002b62283ae096a63bbac1b2ccc6b42,TRAIN
48018874,653419.201,lowres_wide/48018874_653419.201.png,lowres_depth/48018874_653419.201.png,confidence/48018874_653419.201.png,lowres_wide_intrinsics/48018874_653419.201.pincam,653419.20146054,0.00046054,653419.201,0.000,256,192,212.148,212.148,127.06,97.9007,0.771236336463,-0.327448981187,-0.545867821033,0.00787248943434,-0.269165738592,-0.944863797307,0.186499891976,0.563793467633,-0.576839941828,0.00309342178369,-0.816851340364,0.13928762375,0,0,0,1,7,0,35c8aa07359d53bf434e138c7c9c17a7a002b62283ae096a63bbac1b2ccc6b42,TRAIN
48018874,653419.301,lowres_wide/48018874_653419.301.png,lowres_depth/48018874_653419.301.png,confidence/48018874_653419.301.png,lowres_wide_intrinsics/48018874_653419.301.pincam,653419.30142017,0.00042017,653419.301,0.000,256,192,212.088,212.088,127.047,97.8932,0.789110977338,-0.173988342629,-0.589094153828,-0.0272567677013,-0.129841693055,-0.984621876979,0.116879827679,0.597643261223,-0.600370718964,-0.015742172749,-0.79956687263,0.12804650542,0,0,0,1,8,0,35c8aa07359d53bf434e138c7c9c17a7a002b62283ae096a63bbac1b2ccc6b42,TRAIN
48018874,653419.401,lowres_wide/48018874_653419.401.png,lowres_depth/48018874_653419.401.png,confidence/48018874_653419.401.png,lowres_wide_intrinsics/48018874_653419.401.pincam,653419.40137967,0.00037967,653419.401,0.000,256,192,212.148,212.148,127.034,97.893,0.781594166135,-0.00511919711093,-0.623766264946,-0.060041359538,0.00490527568883,-0.999884966822,0.014352400247,0.622754296277,-0.623767983896,-0.0142774977981,-0.781479145802,0.124090699052,0,0,0,1,9,0,35c8aa07359d53bf434e138c7c9c17a7a002b62283ae096a63bbac1b2ccc6b42,TRAIN
48018874,653419.501,lowres_wide/48018874_653419.501.png,lowres_depth/48018874_653419.501.png,confidence/48018874_653419.501.png,lowres_wide_intrinsics/48018874_653419.501.pincam,653419.50133933,0.00033933,653419.501,0.000,256,192,212.148,212.148,127.026,97.8874,0.757554616733,0.144960305621,-0.636472711482,-0.0800799894087,0.12970471728,-0.98901642292,-0.0708745476897,0.636936951835,-0.63975596049,-0.0288621722878,-0.768035992665,0.139264449385,0,0,0,1,10,0,35c8aa07359d53bf434e138c7c9c17a7a002b62283ae096a63bbac1b2ccc6b42,TRAIN
48018874,653419.601,lowres_wide/48018874_653419.601.png,lowres_depth/48018874_653419.601.png,confidence/48018874_653419.601.png,lowres_wide_intrinsics/48018874_653419.601.pincam,653419.60129883,0.00029883,653419.601,0.000,256,192,212.208,212.208,126.992,97.8815,0.676843409943,0.273656852632,-0.683370269638,-0.0829399865868,0.221088239435,-0.961043926533,-0.165875138757,0.646091828371,-0.70214171561,-0.0388136352557,-0.710978560097,0.172395000631,0,0,0,1,11,0,35c8aa07359d53bf434e138c7c9c17a7a002b62283ae096a63bbac1b2ccc6b42,TRAIN
48018874,653419.701,lowres_wide/48018874_653419.701.png,lowres_depth/48018874_653419.701.png,confidence/48018874_653419.701.png,lowres_wide_intrinsics/48018874_653419.701.pincam,653419.70125837,0.00025837,653419.701,0.000,256,192,212.208,212.208,126.962,97.8825,0.593994208797,0.379001185728,-0.709597760095,-0.078656070697,0.268274004653,-0.924899060343,-0.269426774104,0.65821728238,-0.758419368386,-0.030328689281,-0.65106085143,0.208209128587,0,0,0,1,12,0,35c8aa07359d53bf434e138c7c9c17a7a002b62283ae096a63bbac1b2ccc6b42,TRAIN
48018874,653419.901,lowres_wide/48018874_653419.901.png,lowres_depth/48018874_653419.901.png,confidence/48018874_653419.901.png,lowres_wide_intrinsics/48018874_653419.901.pincam,653419.90117750,0.00017750,653419.901,0.000,256,192,212.329,212.329,126.915,97.8752,0.454213785587,0.418150029031,-0.786664089815,-0.0495011968232,0.248372017332,-0.907432433723,-0.338936158051,0.711491813937,-0.855570673872,-0.041435871529,-0.516025087143,0.268832883322,0,0,0,1,13,0,35c8aa07359d53bf434e138c7c9c17a7a002b62283ae096a63bbac1b2ccc6b42,TRAIN
48018874,653420.101,lowres_wide/48018874_653420.101.png,lowres_depth/48018874_653420.101.png,confidence/48018874_653420.101.png,lowres_wide_intrinsics/48018874_653420.101.pincam,653420.10109654,0.00009654,653420.101,0.000,256,192,212.329,212.329,126.895,97.864,0.345646549579,0.454288662207,-0.821066546727,0.00842424880531,0.247338736694,-0.888161520786,-0.387288861607,0.773132559702,-0.905180651635,-0.0692165037045,-0.419353148933,0.333684157522,0,0,0,1,14,0,35c8aa07359d53bf434e138c7c9c17a7a002b62283ae096a63bbac1b2ccc6b42,TRAIN
48018874,653420.301,lowres_wide/48018874_653420.301.png,lowres_depth/48018874_653420.301.png,confidence/48018874_653420.301.png,lowres_wide_intrinsics/48018874_653420.301.pincam,653420.30101558,0.00001558,653420.301,0.000,256,192,212.449,212.449,126.88,97.8568,0.205472956791,0.446423151954,-0.870911725393,0.0692971354753,0.193604096829,-0.890854611137,-0.410968995798,0.824835617943,-0.959321800919,-0.0841690632965,-0.269475882159,0.42040662662,0,0,0,1,15,0,35c8aa07359d53bf434e138c7c9c17a7a002b62283ae096a63bbac1b2ccc6b42,TRAIN
48018874,653420.501,lowres_wide/48018874_653420.501.png,lowres_depth/48018874_653420.501.png,confidence/48018874_653420.501.png,lowres_wide_intrinsics/48018874_653420.501.pincam,653420.50093454,0.00006546,653420.501,0.000,256,192,212.57,212.57,126.881,97.861,0.0596005970838,0.432010310786,-0.899897138679,0.117549853431,0.104150772147,-0.899270658083,-0.424811605506,0.848280209529,-0.992774085826,-0.0684059565098,-0.0985912756055,0.496787826467,0,0,0,1,16,0,35c8aa07359d53bf434e138c7c9c17a7a002b62283ae096a63bbac1b2ccc6b42,TRAIN
48018874,653420.801,lowres_wide/48018874_653420.801.png,lowres_depth/48018874_653420.801.png,confidence/48018874_653420.801.png,lowres_wide_intrinsics/48018874_653420.801.pincam,653420.80081342,0.00018658,653420.801,0.000,256,192,212.69,212.69,126.907,97.8633,-0.101841068997,0.379515162644,-0.91956328656,0.171785129317,0.0207119887533,-0.923360093525,-0.383375991954,0.847818402602,-0.994585044221,-0.0580894052976,0.0861754652136,0.588909140968,0,0,0,1,17,0,35c8aa07359d53bf434e138c7c9c17a7a002b62283ae096a63bbac1b2ccc6b42,TRAIN
48018874,653421.101,lowres_wide/48018874_653421.101.png,lowres_depth/48018874_653421.101.png,confidence/48018874_653421.101.png,lowres_wide_intrinsics/48018874_653421.101.pincam,653421.10069229,0.00030771,653421.101,0.000,256,192,212.75,212.75,126.943,97.8742,-0.227045073085,0.322569712804,-0.918912027982,0.215966615192,-0.0498819088684,-0.946166948709,-0.319812289224,0.865022578594,-0.972605947933,-0.0267747185425,0.230912937038,0.652164289128,0,0,0,1,18,0,35c8aa07359d53bf434e138c7c9c17a7a002b62283ae096a63bbac1b2ccc6b42,TRAIN
48018874,653421.501,lowres_wide/48018874_653421.501.png,lowres_depth/48018874_653421.501.png,confidence/48018874_653421.501.png,lowres_wide_intrinsics/48018874_653421.501.pincam,653421.50053050,0.00046950,653421.501,0.000,256,192,212.811,212.811,126.986,97.8918,-0.318947922559,0.364327838714,-0.874949969217,0.228768082766,-0.144770077996,-0.931059288117,-0.334918238572,0.941844622998,-0.936650333482,0.0198450988662,0.34970319535,0.717084008528,0,0,0,1,19,0,35c8aa07359d53bf434e138c7c9c17a7a002b62283ae096a63bbac1b2ccc6b42,TRAIN
48018874,653421.800,lowres_wide/48018874_653421.800.png,lowres_depth/48018874_653421.800.png,confidence/48018874_653421.800.png,lowres_wide_intrinsics/48018874_653421.800.pincam,653421.80040908,0.00040908,653421.800,0.000,256,192,212.871,212.871,127.001,97.8905,-0.340534059675,0.407433120226,-0.84736934494,0.198996888305,-0.166721790678,-0.913118644056,-0.372045946612,1.03781830089,-0.925332588162,0.0145806179686,0.378875978211,0.732775290652,0,0,0,1,20,0,35c8aa07359d53bf434e138c7c9c17a7a002b62283ae096a63bbac1b2ccc6b42,TRAIN
48018874,653422.100,lowres_wide/48018874_653422.100.png,lowres_depth/48018874_653422.100.png,confidence/48018874_653422.100.png,lowres_wide_intrinsics/48018874_653422.100.pincam,653422.10028779,0.00028779,653422.100,0.000,256,192,212.75,212.75,126.973,97.876,-0.288728725003,0.419851709056,-0.860441901444,0.139660386837,-0.0883486797687,-0.906566726543,-0.412712104387,1.10713889056,-0.953325880348,-0.0431429336827,0.298845199279,0.705894793318,0,0,0,1,21,0,35c8aa07359d53bf434e138c7c9c17a7a002b62283ae096a63bbac1b2ccc6b42,TRAIN
48018874,653422.300,lowres_wide/48018874_653422.300.png,lowres_depth/48018874_653422.300.png,confidence/48018874_653422.300.png,lowres_wide_intrinsics/48018874_653422.300.pincam,653422.30020663,0.00020663,653422.300,0.000,256,192,212.69,212.69,126.922,97.8571,-0.157083821336,0.494818849666,-0.854680629878,0.0599250528794,0.0151048072628,-0.864119640174,-0.503059730313,1.10689128791,-0.987469755421,-0.0919323309836,0.128265071816,0.6505061241,0,0,0,1,22,0,35c8aa07359d53bf434e138c7c9c17a7a002b62283ae096a63bbac1b2ccc6b42,TRAIN
48018874,653422.500,lowres_wide/48018874_653422.500.png,lowres_depth/48018874_653422.500.png,confidence/48018874_653422.500.png,lowres_wide_intrinsics/48018874_653422.500.pincam,653422.50012575,0.00012575,653422.500,0.000,256,192,212.57,212.57,126.883,97.8639,0.0381992024718,0.560939030377,-0.826975347353,-0.0386689999264,0.111527766002,-0.824802033043,-0.554313236085,1.08636889092,-0.993026876948,-0.071056389491,-0.0940670567807,0.559256937947,0,0,0,1,23,0,35c8aa07359d53bf434e138c7c9c17a7a002b62283ae096a63bbac1b2ccc6b42,TRAIN
48018874,653422.700,lowres_wide/48018874_653422.700.png,lowres_depth/48018874_653422.700.png,confidence/48018874_653422.700.png,lowres_wide_intrinsics/48018874_653422.700.pincam,653422.70004517,0.00004517,653422.700,0.000,256,192,212.449,212.449,126.879,97.8642,0.20178002639,0.58615029373,-0.784673597179,-0.13910248261,0.234548932354,-0.806759473983,-0.542333798938,1.05907433277,-0.950931974056,-0.0746122262028,-0.300268873544,0.44566137535,0,0,0,1,24,1,67dbe5e7997dc52919cb07d4bcabf99cec0fe7a581d4bba6318466700fb6d8fc,TRAIN
48018874,653422.900,lowres_wide/48018874_653422.900.png,lowres_depth/48018874_653422.900.png,confidence/48018874_653422.900.png,lowres_wide_intrinsics/48018874_653422.900.pincam,653422.89996392,0.00003608,653422.900,0.000,256,192,212.268,212.268,126.911,97.862,0.352431709969,0.631536990474,-0.690617781028,-0.236035215184,0.387817124922,-0.770178147823,-0.506382758626,1.02589446627,-0.851698166856,-0.0893680607365,-0.516356061545,0.336804115642,0,0,0,1,25,1,67dbe5e7997dc52919cb07d4bcabf99cec0fe7a581d4bba6318466700fb6d8fc,TRAIN
48018874,653423.100,lowres_wide/48018874_653423.100.png,lowres_depth/48018874_653423.100.png,confidence/48018874_653423.100.png,lowres_wide_intrinsics/48018874_653423.100.pincam,653423.09988308,0.00011692,653423.100,0.000,256,192,212.208,212.208,126.977,97.8614,0.482542865435,0.642975015084,-0.594756683859,-0.298893758058,0.506096595803,-0.758895165557,-0.409810155329,1.01441843335,-0.714855662868,-0.103253366395,-0.691606914073,0.235048379824,0,0,0,1,26,1,67dbe5e7997dc52919cb07d4bcabf99cec0fe7a581d4bba6318466700fb6d8fc,TRAIN
48018874,653423.300,lowres_wide/48018874_653423.300.png,lowres_depth/48018874_653423.300.png,confidence/48018874_653423.300.png,lowres_wide_intrinsics/48018874_653423.300.pincam,653423.29980225,0.00019775,653423.300,0.000,256,192,212.088,212.088,127.054,97.8687,0.558214298099,0.678241110138,-0.47789726293,-0.324152223649,0.596630972511,-0.728396891835,-0.336852268222,1.02785965299,-0.576565937286,-0.0970925562735,-0.811261212852,0.149206695716,0,0,0,1,27,1,67dbe5e7997dc52919cb07d4bcabf99cec0fe7a581d4bba6318466700fb6d8fc,TRAIN
48018874,653423.600,lowres_wide/48018874_653423.600.png,lowres_depth/48018874_653423.600.png,confidence/48018874_653423.600.png,lowres_wide_intrinsics/48018874_653423.600.pincam,653423.59968087,0.00031913,653423.600,0.000,256,192,212.027,212.027,127.125,97.8824,0.584229277375,0.728273665113,-0.358180987996,-0.316421997282,0.6710409784,-0.681698561469,-0.291532290834,1.10197992211,-0.456486754207,-0.0700324210239,-0.886969730735,0.0793641654573,0,0,0,1,28,1,67dbe5e7997dc52919cb07d4bcabf99cec0fe7a581d4bba6318466700fb6d8fc,TRAIN
48018874,653423.800,lowres_wide/48018874_653423.800.png,lowres_depth/48018874_653423.800.png,confidence/48018874_653423.800.png,lowres_wide_intrinsics/48018874_653423.800.pincam,653423.79959963,0.00040037,653423.800,0.000,256,192,212.027,212.027,127.182,97.8899,0.611764001584,0.737371196262,-0.28640622425,-0.306264634674,0.701768043228,-0.672990145034,-0.233679006739,1.19353818407,-0.365056735137,-0.0580343313111,-0.929174685686,0.0460045682884,0,0,0,1,29,1,67dbe5e7997dc52919cb07d4bcabf99cec0fe7a581d4bba6318466700fb6d8fc,TRAIN
48018874,653424.000,lowres_wide/48018874_653424.000.png,lowres_depth/48018874_653424.000.png,confidence/48018874_653424.000.png,lowres_wide_intrinsics/48018874_653424.000.pincam,653423.99951912,0.00048088,653424.000,0.000,256,192,212.088,212.088,127.21,97.8968,0.6307996455,0.734751068148,-0.249464777258,-0.31162005535,0.705501490582,-0.676932009007,-0.20983493982,1.28299481227,-0.323047139013,-0.0436339665515,-0.945376445094,0.0274230319675,0,0,0,1,30,1,67dbe5e7997dc52919cb07d4bcabf99cec0fe7a581d4bba6318466700fb6d8fc,TRAIN
48018874,653424.199,lowres_wide/48018874_653424.199.png,lowres_depth/48018874_653424.199.png,confidence/48018874_653424.199.png,lowres_wide_intrinsics/48018874_653424.199.pincam,653424.19943829,0.00043829,653424.199,0.000,256,192,212.088,212.088,127.146,97.9008,0.620331967467,0.719779555418,-0.31161778149,-0.334841616753,0.657477157971,-0.693833814823,-0.293799973034,1.34759618632,-0.42768216807,-0.0226280580331,-0.903645911906,0.0724784760246,0,0,0,1,31,1,67dbe5e7997dc52919cb07d4bcabf99cec0fe7a581d4bba6318466700fb6d8fc,TRAIN
48018874,653424.399,lowres_wide/48018874_653424.399.png,lowres_depth/48018874_653424.399.png,confidence/48018874_653424.399.png,lowres_wide_intrinsics/48018874_653424.399.pincam,653424.39935733,0.00035733,653424.399,0.000,256,192,212.148,212.148,127.047,97.9115,0.573735010639,0.709130975918,-0.409830936558,-0.360747360192,0.556536125457,-0.704652943247,-0.440149713887,1.40140897969,-0.600912371838,0.0244435792553,-0.79894106967,0.145808835545,0,0,0,1,32,1,67dbe5e7997dc52919cb07d4bcabf99cec0fe7a581d4bba6318466700fb6d8fc,TRAIN
48018874,653424.599,lowres_wide/48018874_653424.599.png,lowres_depth/48018874_653424.599.png,confidence/48018874_653424.599.png,lowres_wide_intrinsics/48018874_653424.599.pincam,653424.59927625,0.00027625,653424.599,0.000,256,192,212.208,212.208,126.975,97.9121,0.515833294881,0.684988164844,-0.514497061134,-0.383069242812,0.448376014118,-0.727607886696,-0.519177920545,1.4524568039,-0.729982850385,0.0371211158379,-0.682456636647,0.211387051957,0,0,0,1,33,1,67dbe5e7997dc52919cb07d4bcabf99cec0fe7a581d4bba6318466700fb6d8fc,TRAIN
48018874,653424.799,lowres_wide/48018874_653424.799.png,lowres_depth/48018874_653424.799.png,confidence/48018874_653424.799.png,lowres_wide_intrinsics/48018874_653424.799.pincam,653424.79919554,0.00019554,653424.799,0.000,256,192,212.329,212.329,126.922,97.9078,0.414326336253,0.690648176366,-0.592738377,-0.408702690787,0.356481865263,-0.722381891028,-0.59252433136,1.49912321891,-0.837409318569,0.0341979531074,-0.545505392437,0.270754036071,0,0,0,1,34,1,67dbe5e7997dc52919cb07d4bcabf99cec0fe7a581d4bba6318466700fb6d8fc,TRAIN
48018874,653424.999,lowres_wide/48018874_653424.999.png,lowres_depth/48018874_653424.999.png,confidence/48018874_653424.999.png,lowres_wide_intrinsics/48018874_653424.999.pincam,653424.99911392,0.00011392,653424.999,0.000,256,192,212.449,212.449,126.883,97.8821,0.235745080259,0.695065090382,-0.679197156403,-0.434085371103,0.26674410606,-0.718333153211,-0.642530203867,1.52887478777,-0.934490149234,-0.0296985038436,-0.354748023044,0.343484142829,0,0,0,1,35,1,67dbe5e7997dc52919cb07d4bcabf99cec0fe7a581d4bba6318466700fb6d8fc,TRAIN
48018874,653425.199,lowres_wide/48018874_653425.199.png,lowres_depth/48018874_653425.199.png,confidence/48018874_653425.199.png,lowres_wide_intrinsics/48018874_653425.199.pincam,653425.19903371,0.00003371,653425.199,0.000,256,192,212.509,212.509,126.877,97.8695,0.0806492986368,0.714258527261,-0.695219711217,-0.462044275133,0.164196158923,-0.697483147261,-0.697536293451,1.54987419725,-0.983125277889,-0.0578965933491,-0.173530033292,0.398292925715,0,0,0,1,36,1,67dbe5e7997dc52919cb07d4bcabf99cec0fe7a581d4bba6318466700fb6d8fc,TRAIN
48018874,653425.499,lowres_wide/48018874_653425.499.png,lowres_depth/48018874_653425.499.png,confidence/48018874_653425.499.png,lowres_wide_intrinsics/48018874_653425.499.pincam,653425.49891208,0.00008792,653425.499,0.000,256,192,212.63,212.63,126.895,97.8812,-0.0312674101619,0.729775064525,-0.682971964475,-0.517257122414,-0.000432021324576,-0.683315867317,-0.730122756001,1.61807979274,-0.99951096163,-0.0225339892277,0.0216807958835,0.437519209311,0,0,0,1,37,1,67dbe5e7997dc52919cb07d4bcabf99cec0fe7a581d4bba6318466700fb6d8fc,TRAIN
48018874,653425.699,lowres_wide/48018874_653425.699.png,lowres_depth/48018874_653425.699.png,confidence/48018874_653425.699.png,lowres_wide_intrinsics/48018874_653425.699.pincam,653425.69883137,0.00016863,653425.699,0.000,256,192,212.75,212.75,126.925,97.8838,-0.126886830399,0.706199876294,-0.696549687383,-0.519220257499,-0.103596320372,-0.707820169243,-0.698754900103,1.68005176912,-0.986492541622,-0.0165028099305,0.162972766399,0.473991451236,0,0,0,1,38,1,67dbe5e7997dc52919cb07d4bcabf99cec0fe7a581d4bba6318466700fb6d8fc,TRAIN
48018874,653425.899,lowres_wide/48018874_653425.899.png,lowres_depth/48018874_653425.899.png,confidence/48018874_653425.899.png,lowres_wide_intrinsics/48018874_653425.899.pincam,653425.89875050,0.00024950,653425.899,0.000,256,192,212.811,212.811,126.971,97.8915,-0.218931256332,0.698090955796,-0.681717039861,-0.476099347627,-0.214712982157,-0.716008462677,-0.664251621503,1.77071125697,-0.951823219035,0.00094805659911,0.306645823214,0.500912694981,0,0,0,1,39,1,67dbe5e7997dc52919cb07d4bcabf99cec0fe7a581d4bba6318466700fb6d8fc,TRAIN
48018874,653426.099,lowres_wide/48018874_653426.099.png,lowres_depth/48018874_653426.099.png,confidence/48018874_653426.099.png,lowres_wide_intrinsics/48018874_653426.099.pincam,653426.09866958,0.00033042,653426.099,0.000,256,192,212.871,212.871,127.004,97.8857,-0.270683075895,0.740607326143,-0.615005252732,-0.429448567513,-0.275304962271,-0.671726870939,-0.68774282156,1.87255936681,-0.922462926178,-0.0168463444647,0.385717967568,0.511612510345,0,0,0,1,40,1,67dbe5e7997dc52919cb07d4bcabf99cec0fe7a581d4bba6318466700fb6d8fc,TRAIN
48018874,653426.299,lowres_wide/48018874_653426.299.png,lowres_depth/48018874_653426.299.png,confidence/48018874_653426.299.png,lowres_wide_intrinsics/48018874_653426.299.pincam,653426.29858879,0.00041121,653426.299,0.000,256,192,212.811,212.811,126.992,97.9104,-0.208881945748,0.713114753195,-0.669205261124,-0.428535868588,-0.28562606142,-0.698949975274,-0.655657444938,1.98257448192,-0.935299997743,0.054187460174,0.349682189111,0.499296981116,0,0,0,1,41,1,67dbe5e7997dc52919cb07d4bcabf99cec0fe7a581d4bba6318466700fb6d8fc,TRAIN
48018874,653426.499,lowres_wide/48018874_653426.499.png,lowres_depth/48018874_653426.499.png,confidence/48018874_653426.499.png,lowres_wide_intrinsics/48018874_653426.499.pincam,653426.49850783,0.00049217,653426.499,0.000,256,192,212.63,212.63,126.907,97.8996,-0.0354100667636,0.70633102432,-0.706995481779,-0.469015199028,-0.0712920785353,-0.707422127237,-0.703186585078,2.05967663262,-0.996826748593,0.0255032934862,0.0754056716132,0.450169733,0,0,0,1,42,2,f5191466ea0d8c1b824bfe0ff9293ef6ef214ebb5f0009f053c22767b9f6f9d6,TRAIN
48018874,653426.598,lowres_wide/48018874_653426.598.png,lowres_depth/48018874_653426.598.png,confidence/48018874_653426.598.png,lowres_wide_intrinsics/48018874_653426.598.pincam,653426.59846733,0.00046733,653426.598,0.000,256,192,212.57,212.57,126.885,97.8715,0.00392992090022,0.717626829537,-0.696416749691,-0.484753280246,0.0795549999637,-0.694439134022,-0.715140050004,2.08924428586,-0.996822731333,-0.0525929906673,-0.0598198932645,0.42106462247,0,0,0,1,43,2,f5191466ea0d8c1b824bfe0ff9293ef6ef214ebb5f0009f053c22767b9f6f9d6,TRAIN
48018874,653426.798,lowres_wide/48018874_653426.798.png,lowres_depth/48018874_653426.798.png,confidence/48018874_653426.798.png,lowres_wide_intrinsics/48018874_653426.798.pincam,653426.79838646,0.00038646,653426.798,0.000,256,192,212.449,212.449,126.878,97.8669,0.149589131049,0.736430721116,-0.659767295999,-0.536547769665,0.257466952361,-0.673267715877,-0.69312434036,2.13564288237,-0.954638078181,-0.0661844071848,-0.290320105972,0.368974125037,0,0,0,1,44,2,f5191466ea0d8c1b824bfe0ff9293ef6ef214ebb5f0009f053c22767b9f6f9d6,TRAIN
48018874,653426.998,lowres_wide/48018874_653426.998.png,lowres_depth/48018874_653426.998.png,confidence/48018874_653426.998.png,lowres_wide_intrinsics/48018874_653426.998.pincam,653426.99830546,0.00030546,653426.998,0.000,256,192,212.329,212.329,126.897,97.8741,0.282616826812,0.715809175132,-0.638549100696,-0.605210160249,0.359814738602,-0.696188881369,-0.621171792134,2.17877612146,-0.889191252255,-0.0542057769528,-0.454313383753,0.305784818372,0,0,0,1,45,2,f5191466ea0d8c1b824bfe0ff9293ef6ef214ebb5f0009f053c22767b9f6f9d6,TRAIN
48018874,653427.198,lowres_wide/48018874_653427.198.png,lowres_depth/48018874_653427.198.png,confidence/48018874_653427.198.png,lowres_wide_intrinsics/48018874_653427.198.pincam,653427.19822462,0.00022462,653427.198,0.000,256,192,212.208,212.208,126.955,97.8619,0.426723180286,0.667284875122,-0.610441006847,-0.678769909597,0.490118951086,-0.737896531038,-0.463995822468,2.24336656555,-0.760059695809,-0.101190932973,-0.641926517517,0.227339529323,0,0,0,1,46,2,f5191466ea0d8c1b824bfe0ff9293ef6ef214ebb5f0009f053c22767b9f6f9d6,TRAIN
48018874,653427.398,lowres_wide/48018874_653427.398.png,lowres_depth/48018874_653427.398.png,confidence/48018874_653427.398.png,lowres_wide_intrinsics/48018874_653427.398.pincam,653427.39814383,0.00014383,653427.398,0.000,256,192,212.148,212.148,127.037,97.8503,0.530856711354,0.652166211457,-0.541175003714,-0.737013706697,0.588023936144,-0.743306453762,-0.318941007582,2.31396431429,-0.610261421468,-0.148911881426,-0.778078562253,0.162579065519,0,0,0,1,47,2,f5191466ea0d8c1b824bfe0ff9293ef6ef214ebb5f0009f053c22767b9f6f9d6,TRAIN
48018874,653427.598,lowres_wide/48018874_653427.598.png,lowres_depth/48018874_653427.598.png,confidence/48018874_653427.598.png,lowres_wide_intrinsics/48018874_653427.598.pincam,653427.59806296,0.00006296,653427.598,0.000,256,192,212.148,212.148,127.087,97.8537,0.59907415258,0.634505309524,-0.488378103416,-0.764926428086,0.60323572091,-0.758742020368,-0.245799128449,2.37776165278,-0.526513840967,-0.14735521271,-0.837299000691,0.120473780818,0,0,0,1,48,2,f5191466ea0d8c1b824bfe0ff9293ef6ef214ebb5f0009f053c22767b9f6f9d6,TRAIN
48018874,653427.798,lowres_wide/48018874_653427.798.png,lowres_depth/48018874_653427.798.png,confidence/48018874_653427.798.png,lowres_wide_intrinsics/48018874_653427.798.pincam,653427.79798200,0.00001800,653427.798,0.000,256,192,212.027,212.027,127.108,97.866,0.640716814417,0.623658684526,-0.447807781239,-0.77548931273,0.590977338845,-0.772936269844,-0.230901077802,2.46474157128,-0.490130338476,-0.116702047856,-0.863801414291,0.0910969372071,0,0,0,1,49,2,f5191466ea0d8c1b824bfe0ff9293ef6ef214ebb5f0009f053c22767b9f6f9d6,TRAIN
48018874,653427.998,lowres_wide/48018874_653427.998.png,lowres_depth/48018874_653427.998.png,confidence/48018874_653427.998.png,lowres_wide_intrinsics/48018874_653427.998.pincam,653427.99790117,0.00009883,653427.998,0.000,256,192,212.088,212.088,127.144,97.835,0.617219181622,0.638066193867,-0.460339020812,-0.77679834936,0.655623767621,-0.740557877643,-0.147416095432,2.56233583797,-0.434968915175,-0.210821161427,-0.875417889197,0.0823126280406,0,0,0,1,50,2,f5191466ea0d8c1b824bfe0ff9293ef6ef214ebb5f0009f053c22767b9f6f9d6,TRAIN
48018874,653428.198,lowres_wide/48018874_653428.198.png,lowres_depth/48018874_653428.198.png,confidence/48018874_653428.198.png,lowres_wide_intrinsics/48018874_653428.198.pincam,653428.19782004,0.00017996,653428.198,0.000,256,192,212.088,212.088,127.223,97.8045,0.549558159168,0.712579238746,-0.436138347545,-0.782608833029,0.77398999426,-0.630776889431,-0.0553173078341,2.64435624624,-0.314523955332,-0.30716663925,-0.898177787108,0.083701752364,0,0,0,1,51,2,f5191466ea0d8c1b824bfe0ff9293ef6ef214ebb5f0009f053c22767b9f6f9d6,TRAIN
48018874,653428.498,lowres_wide/48018874_653428.498.png,lowres_depth/48018874_653428.498.png,confidence/48018874_653428.498.png,lowres_wide_intrinsics/48018874_653428.498.pincam,653428.49769892,0.00030108,653428.498,0.000,256,192,212.088,212.088,127.143,97.8252,0.502184206014,0.736459060736,-0.453253874875,-0.802509181162,0.742880035217,-0.635693781139,-0.209815799921,2.7371974707,-0.442651416473,-0.231347073637,-0.866336109725,0.125678842085,0,0,0,1,52,2,f5191466ea0d8c1b824bfe0ff9293ef6ef214ebb5f0009f053c22767b9f6f9d6,TRAIN
48018874,653428.898,lowres_wide/48018874_653428.898.png,lowres_depth/48018874_653428.898.png,confidence/48018874_653428.898.png,lowres_wide_intrinsics/48018874_653428.898.pincam,653428.89753700,0.00046300,653428.898,0.000,256,192,216.064,216.064,127.072,97.8426,0.46862097163,0.747521935299,-0.470749764944,-0.86256559538,0.684971801695,-0.643983666918,-0.340732545591,2.79924530652,-0.55786021173,-0.16277589806,-0.813815698534,0.166578959454,0,0,0,1,53,2,f5191466ea0d8c1b824bfe0ff9293ef6ef214ebb5f0009f053c22767b9f6f9d6,TRAIN
48018874,653429.097,lowres_wide/48018874_653429.097.png,lowres_depth/48018874_653429.097.png,confidence/48018874_653429.097.png,lowres_wide_intrinsics/48018874_653429.097.pincam,653429.09745617,0.00045617,653429.097,0.000,256,192,213.233,213.233,127.019,97.875,0.488027211571,0.728920214759,-0.480109113932,-0.91513809884,0.585659040643,-0.681322918731,-0.439092892819,2.83392740166,-0.647173028547,-0.0668909629663,-0.759402837889,0.212250669713,0,0,0,1,54,2,f5191466ea0d8c1b824bfe0ff9293ef6ef214ebb5f0009f053c22767b9f6f9d6,TRAIN
48018874,653429.397,lowres_wide/48018874_653429.397.png,lowres_depth/48018874_653429.397.png,confidence/48018874_653429.397.png,lowres_wide_intrinsics/48018874_653429.397.pincam,653429.39733467,0.00033467,653429.397,0.000,256,192,213.233,213.233,126.978,97.8353,0.386415975231,0.6975152489,-0.603452708701,-0.959382621437,0.567385731752,-0.695597125189,-0.440701793543,2.834929894,-0.727156190574,-0.172096243366,-0.664550041403,0.298942653457,0,0,0,1,55,2,f5191466ea0d8c1b824bfe0ff9293ef6ef214ebb5f0009f053c22767b9f6f9d6,TRAIN
48018874,653429.897,lowres_wide/48018874_653429.897.png,lowres_depth/48018874_653429.897.png,confidence/48018874_653429.897.png,lowres_wide_intrinsics/48018874_653429.897.pincam,653429.89713217,0.00013217,653429.897,0.000,256,192,213.293,213.293,126.953,97.8133,0.205431208803,0.779536010989,-0.591710762131,-1.01550173489,0.581705305285,-0.583472998112,-0.566725858134,2.79704209468,-0.787030467169,-0.22777811143,-0.573323796559,0.364570990085,0,0,0,1,56,2,f5191466ea0d8c1b824bfe0ff9293ef6ef214ebb5f0009f053c22767b9f6f9d6,TRAIN
48018874,653430.097,lowres_wide/48018874_653430.097.png,lowres_depth/48018874_653430.097.png,confidence/48018874_653430.097.png,lowres_wide_intrinsics/48018874_653430.097.pincam,653430.09705158,0.00005158,653430.097,0.000,256,192,213.353,213.353,126.934,97.8108,0.102502848358,0.834327708773,-0.541655278247,-1.05909606438,0.551781315371,-0.500759777793,-0.666916055402,2.77712812949,-0.827665721222,-0.230514466614,-0.511695744164,0.376344025095,0,0,0,1,57,2,f5191466ea0d8c1b824bfe0ff9293ef6ef214ebb5f0009f053c22767b9f6f9d6,TRAIN
48018874,653430.497,lowres_wide/48018874_653430.497.png,lowres_depth/48018874_653430.497.png,confidence/48018874_653430.497.png,lowres_wide_intrinsics/48018874_653430.497.pincam,653430.49688988,0.00011012,653430.497,0.000,256,192,213.413,213.413,126.907,97.8301,0.0995014459447,0.8436193679,-0.527641757596,-1.13814377294,0.458359014172,-0.50952233537,-0.728212883631,2.80200316765,-0.883179753155,-0.169391120971,-0.437378750917,0.383117318213,0,0,0,1,58,2,f5191466ea0d8c1b824bfe0ff9293ef6ef214ebb5f0009f053c22767b9f6f9d6,TRAIN
48018874,653431.097,lowres_wide/48018874_653431.097.png,lowres_depth/48018874_653431.097.png,confidence/48018874_653431.097.png,lowres_wide_intrinsics/48018874_653431.097.pincam,653431.09664721,0.00035279,653431.097,0.000,256,192,212.931,212.931,126.887,97.8447,0.0478088213165,0.854937650581,-0.516522923231,-1.08910797551,0.364690654775,-0.496355670963,-0.787801862287,2.74261478477,-0.929900555395,-0.150707204613,-0.335517951165,0.439714774538,0,0,0,1,59,2,f5191466ea0d8c1b824bfe0ff9293ef6ef214ebb5f0009f053c22767b9f6f9d6,TRAIN
48018874,653431.297,lowres_wide/48018874_653431.297.png,lowres_depth/48018874_653431.297.png,confidence/48018874_653431.297.png,lowres_wide_intrinsics/48018874_653431.297.pincam,653431.29656633,0.00043367,653431.297,0.000,256,192,213.052,213.052,126.878,97.8578,-0.00597546925993,0.882270868464,-0.470704162321,-1.12375120938,0.218476000783,-0.458188989564,-0.861586378098,2.73212771449,-0.975824026579,-0.107985945853,-0.190017116727,0.455487122055,0,0,0,1,60,2,f5191466ea0d8c1b824bfe0ff9293ef6ef214ebb5f0009f053c22767b9f6f9d6,TRAIN
48018874,653431.496,lowres_wide/48018874_653431.496.png,lowres_depth/48018874_653431.496.png,confidence/48018874_653431.496.png,lowres_wide_intrinsics/48018874_653431.496.pincam,653431.49648533,0.00048533,653431.496,0.000,256,192,213.112,213.112,126.887,97.896,0.0164500093699,0.94727767788,-0.319991247038,-1.19668344078,0.0328490701396,-0.320373805893,-0.946721481265,2.75158460251,-0.999324940038,0.0050621623195,-0.0363873429912,0.455762208609,0,0,0,1,61,2,f5191466ea0d8c1b824bfe0ff9293ef6ef214ebb5f0009f053c22767b9f6f9d6,TRAIN
48018874,653431.796,lowres_wide/48018874_653431.796.png,lowres_depth/48018874_653431.796.png,confidence/48018874_653431.796.png,lowres_wide_intrinsics/48018874_653431.796.pincam,653431.79636421,0.00036421,653431.796,0.000,256,192,213.233,213.233,126.92,97.9214,0.0212773452051,0.932031983712,-0.361750820205,-1.25170140652,-0.144300049294,-0.355181127254,-0.923592909574,2.81565870972,-0.989305195758,0.0718522663538,0.126934949738,0.496777363122,0,0,0,1,62,2,f5191466ea0d8c1b824bfe0ff9293ef6ef214ebb5f0009f053c22767b9f6f9d6,TRAIN
48018874,653432.096,lowres_wide/48018874_653432.096.png,lowres_depth/48018874_653432.096.png,confidence/48018874_653432.096.png,lowres_wide_intrinsics/48018874_653432.096.pincam,653432.09624258,0.00024258,653432.096,0.000,256,192,213.233,213.233,126.933,97.9177,-0.0363911168044,0.872370217441,-0.487489374592,-1.25519113276,-0.184962221785,-0.485264028644,-0.854580481299,2.87416651337,-0.982071618127,0.0590679797074,0.179014833584,0.552938882468,0,0,0,1,63,2,f5191466ea0d8c1b824bfe0ff9293ef6ef214ebb5f0009f053c22767b9f6f9d6,TRAIN
48018874,653432.496,lowres_wide/48018874_653432.496.png,lowres_depth/48018874_653432.496.png,confidence/48018874_653432.496.png,lowres_wide_intrinsics/48018874_653432.496.pincam,653432.49608029,0.00008029,653432.496,0.000,256,192,213.112,213.112,126.898,97.8972,-0.0202028916411,0.810965073338,-0.584745665221,-1.22029700933,-0.0291087864872,-0.585094206079,-0.810442748479,2.87690728891,-0.999372063707,0.000647949689411,0.0354268040136,0.555660167419,0,0,0,1,64,2,f5191466ea0d8c1b824bfe0ff9293ef6ef214ebb5f0009f053c22767b9f6f9d6,TRAIN
48018874,653432.696,lowres_wide/48018874_653432.696.png,lowres_depth/48018874_653432.696.png,confidence/48018874_653432.696.png,lowres_wide_intrinsics/48018874_653432.696.pincam,653432.69599992,0.00000008,653432.696,0.000,256,192,212.991,212.991,126.877,97.8881,0.0766636195178,0.787185210859,-0.611933111743,-1.23978786236,0.141500855318,-0.616117123788,-0.774840111068,2.86511721333,-0.98696514497,-0.0271870112472,-0.158621149387,0.510521484856,0,0,0,1,65,2,f5191466ea0d8c1b824bfe0ff9293ef6ef214ebb5f0009f053c22767b9f6f9d6,TRAIN
48018874,653432.896,lowres_wide/48018874_653432.896.png,lowres_depth/48018874_653432.896.png,confidence/48018874_653432.896.png,lowres_wide_intrinsics/48018874_653432.896.pincam,653432.89591875,0.00008125,653432.896,0.000,256,192,212.931,212.931,126.889,97.8631,0.156040891181,0.799024167519,-0.580699250903,-1.2793837102,0.372057770811,-0.592145924913,-0.71479802657,2.84507019456,-0.914999593147,-0.104515947722,-0.389682128424,0.442274841559,0,0,0,1,66,2,f5191466ea0d8c1b824bfe0ff9293ef6ef214ebb5f0009f053c22767b9f6f9d6,TRAIN
48018874,653432.996,lowres_wide/48018874_653432.996.png,lowres_depth/48018874_653432.996.png,confidence/48018874_653432.996.png,lowres_wide_intrinsics/48018874_653432.996.pincam,653432.99587871,0.00012129,653432.996,0.000,256,192,212.811,212.811,126.913,97.8585,0.201411238402,0.822403927765,-0.532057602749,-1.30883602558,0.484639110464,-0.555712341347,-0.675506274052,2.83386513717,-0.851209989165,-0.121801368106,-0.51049581886,0.393955191717,0,0,0,1,67,2,f5191466ea0d8c1b824bfe0ff9293ef6ef214ebb5f0009f053c22767b9f6f9d6,TRAIN
48018874,653433.196,lowres_wide/48018874_653433.196.png,lowres_depth/48018874_653433.196.png,confidence/48018874_653433.196.png,lowres_wide_intrinsics/48018874_653433.196.pincam,653433.19579733,0.00020267,653433.196,0.000,256,192,212.75,212.75,126.978,97.8668,0.283492006056,0.855665269669,-0.432977168895,-1.37492373294,0.636487071963,-0.505603239304,-0.582451347006,2.82961270813,-0.717298048043,-0.110464069664,-0.687954358651,0.299320513622,0,0,0,1,68,2,f5191466ea0d8c1b824bfe0ff9293ef6ef214ebb5f0009f053c22767b9f6f9d6,TRAIN
48018874,653433.396,lowres_wide/48018874_653433.396.png,lowres_depth/48018874_653433.396.png,confidence/48018874_653433.396.png,lowres_wide_intrinsics/48018874_653433.396.pincam,653433.39571708,0.00028292,653433.396,0.000,256,192,212.69,212.69,127.045,97.8701,0.315233331641,0.877274058815,-0.361964324696,-1.43597975751,0.7384540587,-0.466315633716,-0.487068098875,2.86562856635,-0.596081831473,-0.113753925132,-0.794824820137,0.24539644507,0,0,0,1,69,2,f5191466ea0d8c1b824bfe0ff9293ef6ef214ebb5f0009f053c22767b9f6f9d6,TRAIN
48018874,653433.596,lowres_wide/48018874_653433.596.png,lowres_depth/48018874_653433.596.png,confidence/48018874_653433.596.png,lowres_wide_intrinsics/48018874_653433.596.pincam,653433.59563621,0.00036379,653433.596,0.000,256,192,212.63,212.63,127.107,97.8467,0.296882279473,0.881651828307,-0.366811894268,-1.4990402139,0.819004207972,-0.432610783921,-0.376935030158,2.91250702434,-0.491012239623,-0.188515153973,-0.850511033005,0.213226931045,0,0,0,1,70,2,f5191466ea0d8c1b824bfe0ff9293ef6ef214ebb5f0009f053c22767b9f6f9d6,TRAIN
48018874,653433.796,lowres_wide/48018874_653433.796.png,lowres_depth/48018874_653433.796.png,confidence/48018874_653433.796.png,lowres_wide_intrinsics/48018874_653433.796.pincam,653433.79555517,0.00044483,653433.796,0.000,256,192,212.57,212.57,127.187,97.8709,0.3733748696,0.886787831195,-0.27239410639,-1.56278833366,0.855294094004,-0.442777164687,-0.269110377344,2.96665257721,-0.359253697982,-0.132498018388,-0.923786260782,0.164548168308,0,0,0,1,71,2,f5191466ea0d8c1b824bfe0ff9293ef6ef214ebb5f0009f053c22767b9f6f9d6,TRAIN
48018874,653434.295,lowres_wide/48018874_653434.295.png,lowres_depth/48018874_653434.295.png,confidence/48018874_653434.295.png,lowres_wide_intrinsics/48018874_653434.295.pincam,653434.29535254,0.00035254,653434.295,0.000,256,192,212.63,212.63,127.145,97.8672,0.502291119447,0.781957439045,-0.369115422119,-1.63188019259,0.745126571551,-0.608005750972,-0.274071886835,3.02496991325,-0.438736850164,-0.137373834143,-0.888053154941,0.190356774763,0,0,0,1,72,2,f5191466ea0d8c1b824bfe0ff9293ef6ef214ebb5f0009f053c22767b9f6f9d6,TRAIN
48018874,653434.495,lowres_wide/48018874_653434.495.png,lowres_depth/48018874_653434.495.png,confidence/48018874_653434.495.png,lowres_wide_intrinsics/48018874_653434.495.pincam,653434.49527183,0.00027183,653434.495,0.000,256,192,213.172,213.172,127.046,97.8831,0.533926922143,0.697011892641,-0.478640223266,-1.64351417021,0.587182818218,-0.712975655443,-0.383251944203,3.02904382432,-0.608389989891,-0.0764207842361,-0.789950304726,0.244783821801,0,0,0,1,73,2,f5191466ea0d8c1b824bfe0ff9293ef6ef214ebb5f0009f053c22767b9f6f9d6,TRAIN
48018874,653434.695,lowres_wide/48018874_653434.695.png,lowres_depth/48018874_653434.695.png,confidence/48018874_653434.695.png,lowres_wide_intrinsics/48018874_653434.695.pincam,653434.69519071,0.00019071,653434.695,0.000,256,192,213.293,213.293,126.973,97.8792,0.454784204144,0.676058702419,-0.579755084966,-1.64961634578,0.495929172723,-0.732944873563,-0.465667336154,3.00950330041,-0.739746972487,-0.0757393108006,-0.668608984007,0.301989779517,0,0,0,1,74,2,f5191466ea0d8c1b824bfe0ff9293ef6ef214ebb5f0009f053c22767b9f6f9d6,TRAIN
48018874,653434.895,lowres_wide/48018874_653434.895.png,lowres_depth/48018874_653434.895.png,confidence/48018874_653434.895.png,lowres_wide_intrinsics/48018874_653434.895.pincam,653434.89510996,0.00010996,653434.895,0.000,256,192,213.353,213.353,126.922,97.8798,0.350828958279,0.691415780127,-0.631556221586,-1.66991205538,0.411554385806,-0.719641104259,-0.559231319388,2.98931033353,-0.84115517567,-0.0637251916586,-0.537026135669,0.353484446263,0,0,0,1,75,2,f5191466ea0d8c1b824bfe0ff9293ef6ef214ebb5f0009f053c22767b9f6f9d6,TRAIN
48018874,653435.095,lowres_wide/48018874_653435.095.png,lowres_depth/48018874_653435.095.png,confidence/48018874_653435.095.png,lowres_wide_intrinsics/48018874_653435.095.pincam,653435.09502900,0.00002900,653435.095,0.000,256,192,213.474,213.474,126.886,97.8774,0.201436159093,0.747851325661,-0.632567679001,-1.70831796619,0.315669205103,-0.660914246683,-0.680841619968,2.94480510512,-0.927241299101,-0.062536015527,-0.369205660849,0.405982000008,0,0,0,1,76,2,f5191466ea0d8c1b824bfe0ff9293ef6ef214ebb5f0009f053c22767b9f6f9d6,TRAIN
48018874,653435.295,lowres_wide/48018874_653435.295.png,lowres_depth/48018874_653435.295.png,confidence/48018874_653435.295.png,lowres_wide_intrinsics/48018874_653435.295.pincam,653435.29494825,0.00005175,653435.295,0.000,256,192,213.534,213.534,126.876,97.8763,0.0656833482328,0.845320067798,-0.53020720548,-1.74796410915,0.215845212737,-0.530810818364,-0.819542994141,2.87250205113,-0.974215860014,-0.0606123591855,-0.217323721693,0.454456757692,0,0,0,1,77,2,f5191466ea0d8c1b824bfe0ff9293ef6ef214ebb5f0009f053c22767b9f6f9d6,TRAIN
48018874,653435.595,lowres_wide/48018874_653435.595.png,lowres_depth/48018874_653435.595.png,confidence/48018874_653435.595.png,lowres_wide_intrinsics/48018874_653435.595.pincam,653435.59482712,0.00017288,653435.595,0.000,256,192,213.594,213.594,126.879,97.885,0.0245905503637,0.877794405892,-0.478405984304,-1.83769269963,0.113524632562,-0.477907036361,-0.871043639778,2.84082088689,-0.993230820421,-0.0328914210906,-0.111403284441,0.509717642734,0,0,0,1,78,2,f5191466ea0d8c1b824bfe0ff9293ef6ef214ebb5f0009f053c22767b9f6f9d6,TRAIN
48018874,653435.795,lowres_wide/48018874_653435.795.png,lowres_depth/48018874_653435.795.png,confidence/48018874_653435.795.png,lowres_wide_intrinsics/48018874_653435.795.pincam,653435.79474633,0.00025367,653435.795,0.000,256,192,213.594,213.594,126.882,97.8871,0.0223585841726,0.881992248179,-0.470733223669,-1.92825267381,0.0619102652742,-0.47116873989,-0.879867681873,2.86893625554,-0.997831254656,-0.00947062312483,-0.0651390399849,0.530377859435,0,0,0,1,79,2,f5191466ea0d8c1b824bfe0ff9293ef6ef214ebb5f0009f053c22767b9f6f9d6,TRAIN
48018874,653435.995,lowres_wide/48018874_653435.995.png,lowres_depth/48018874_653435.995.png,confidence/48018874_653435.995.png,lowres_wide_intrinsics/48018874_653435.995.pincam,653435.99466525,0.00033475,653435.995,0.000,256,192,213.594,213.594,126.89,97.8936,0.00666033027877,0.879894645492,-0.475122145174,-2.02577841496,-0.00712504613087,-0.475078865291,-0.879914373943,2.93244829669,-0.999952435728,0.00924578754965,0.00310510778814,0.544657723543,0,0,0,1,80,2,f5191466ea0d8c1b824bfe0ff9293ef6ef214ebb5f0009f053c22767b9f6f9d6,TRAIN
48018874,653436.195,lowres_wide/48018874_653436.195.png,lowres_depth/48018874_653436.195.png,confidence/48018874_653436.195.png,lowres_wide_intrinsics/48018874_653436.195.pincam,653436.19458433,0.00041567,653436.195,0.000,256,192,213.594,213.594,126.898,97.8915,-0.0253215863801,0.893518459736,-0.448311921962,-2.11677224549,-0.0416841362505,-0.44900940688,-0.89255419181,2.98536898656,-0.998809916875,-0.00391339282907,0.0486151756998,0.571413533271,0,0,0,1,81,2,f5191466ea0d8c1b824bfe0ff9293ef6ef214ebb5f0009f053c22767b9f6f9d6,TRAIN
48018874,653436.494,lowres_wide/48018874_653436.494.png,lowres_depth/48018874_653436.494.png,confidence/48018874_653436.494.png,lowres_wide_intrinsics/48018874_653436.494.pincam,653436.49446292,0.00046292,653436.494,0.000,256,192,213.654,213.654,126.915,97.8852,-0.0729407090134,0.904654938199,-0.419856041709,-2.22325148159,-0.0935721256379,-0.425327962421,-0.900189081075,3.00956150145,-0.992937012238,-0.026373607535,0.115674208678,0.601506908386,0,0,0,1,82,2,f5191466ea0d8c1b824bfe0ff9293ef6ef214ebb5f0009f053c22767b9f6f9d6,TRAIN
48018874,653436.694,lowres_wide/48018874_653436.694.png,lowres_depth/48018874_653436.694.png,confidence/48018874_653436.694.png,lowres_wide_intrinsics/48018874_653436.694.pincam,653436.69438204,0.00038204,653436.694,0.000,256,192,213.654,213.654,126.901,97.883,-0.0493041131922,0.903557721004,-0.425620193643,-2.31397081368,-0.0275794145109,-0.427207598746,-0.903732838547,2.9724284604,-0.998402964898,-0.0328193904226,0.0459826847273,0.58562270232,0,0,0,1,83,2,f5191466ea0d8c1b824bfe0ff9293ef6ef214ebb5f0009f053c22767b9f6f9d6,TRAIN
48018874,653436.911,lowres_wide/48018874_653436.911.png,lowres_depth/48018874_653436.911.png,confidence/48018874_653436.911.png,lowres_wide_intrinsics/48018874_653436.911.pincam,653436.91096104,0.00003896,653436.911,0.000,256,192,213.534,213.534,126.879,97.8741,0.000617410711656,0.899215207639,-0.437506147562,-2.42691520319,0.134338826158,-0.433615018298,-0.891028111618,2.88078555267,-0.990935264581,-0.0582239319997,-0.121067234014,0.545807547119,0,0,0,1,84,3,f140bf89463724913ad5a5e1440a44087a736f673240fc3580a29a5f9a9ef48b,TRAIN
48018874,653440.210,lowres_wide/48018874_653440.210.png,lowres_depth/48018874_653440.210.png,confidence/48018874_653440.210.png,lowres_wide_intrinsics/48018874_653440.210.pincam,653440.20962563,0.00037437,653440.210,0.000,256,192,213.534,213.534,126.88,97.9194,0.134986999732,0.856271840251,-0.498575014914,-3.36618646187,0.099710380239,-0.512365164602,-0.852959423522,1.82588260045,-0.985817604821,0.0654253291599,-0.154541827116,0.526696860348,0,0,0,1,102,6,8c90a2e60f94b8a10e5d7856db765f170d2ad3b3ce5cc40e7136746a757ea7ad,TRAIN
48018874,653440.310,lowres_wide/48018874_653440.310.png,lowres_depth/48018874_653440.310.png,confidence/48018874_653440.310.png,lowres_wide_intrinsics/48018874_653440.310.pincam,653440.30958521,0.00041479,653440.310,0.000,256,192,213.474,213.474,126.878,97.9071,0.175615106849,0.845675787565,-0.503975988091,-3.38258565497,0.22850489629,-0.532966575159,-0.814697577102,1.76400144393,-0.957572371478,0.0279122211613,-0.286838040176,0.475941912432,0,0,0,1,103,6,8c90a2e60f94b8a10e5d7856db765f170d2ad3b3ce5cc40e7136746a757ea7ad,TRAIN
48018874,653444.708,lowres_wide/48018874_653444.708.png,lowres_depth/48018874_653444.708.png,confidence/48018874_653444.708.png,lowres_wide_intrinsics/48018874_653444.708.pincam,653444.70780537,0.00019463,653444.708,0.000,256,192,213.293,213.293,126.948,97.8957,0.381629620854,-0.768480846789,-0.51361076761,-2.8926649832,-0.45187288116,-0.639852159034,0.621610902295,2.09298532379,-0.806331031127,-0.00513835560646,-0.59144219121,0.298822743284,0,0,0,1,129,9,4a9afcf310cb4183ea3a7ac5ecf8268e2c564e0bf23726574c2457baf2ba087c,TRAIN
48018874,653444.808,lowres_wide/48018874_653444.808.png,lowres_depth/48018874_653444.808.png,confidence/48018874_653444.808.png,lowres_wide_intrinsics/48018874_653444.808.pincam,653444.80776517,0.00023483,653444.808,0.000,256,192,213.413,213.413,126.91,97.8869,0.301745094896,-0.791629897265,-0.531292766244,-2.89923103056,-0.360702871573,-0.610636828369,0.704993689531,2.0904781204,-0.88252101173,-0.0210895613186,-0.469799844889,0.367719059665,0,0,0,1,130,9,4a9afcf310cb4183ea3a7ac5ecf8268e2c564e0bf23726574c2457baf2ba087c,TRAIN
48018874,653445.008,lowres_wide/48018874_653445.008.png,lowres_depth/48018874_653445.008.png,confidence/48018874_653445.008.png,lowres_wide_intrinsics/48018874_653445.008.pincam,653445.00768417,0.00031583,653445.008,0.000,256,192,213.474,213.474,126.877,97.879,0.165260185417,-0.826089370248,-0.538762863865,-2.91799987905,-0.185970773788,-0.562576044519,0.80555761149,2.07459068903,-0.968557660861,-0.032932453558,-0.246599900832,0.483221167021,0,0,0,1,131,9,4a9afcf310cb4183ea3a7ac5ecf8268e2c564e0bf23726574c2457baf2ba087c,TRAIN
48018874,653445.208,lowres_wide/48018874_653445.208.png,lowres_depth/48018874_653445.208.png,confidence/48018874_653445.208.png,lowres_wide_intrinsics/48018874_653445.208.pincam,653445.20760329,0.00039671,653445.208,0.000,256,192,213.594,213.594,126.881,97.876,0.0508611843098,-0.864757258799,-0.499607869519,-2.94215163679,-0.0172244870035,-0.500940469353,0.865310327693,2.04509784878,-0.998557187635,-0.0354052188066,-0.0403734257054,0.578013887601,0,0,0,1,132,9,4a9afcf310cb4183ea3a7ac5ecf8268e2c564e0bf23726574c2457baf2ba087c,TRAIN
48018874,653445.408,lowres_wide/48018874_653445.408.png,lowres_depth/48018874_653445.408.png,confidence/48018874_653445.408.png,lowres_wide_intrinsics/48018874_653445.408.pincam,653445.40752254,0.00047746,653445.408,0.000,256,192,213.654,213.654,126.904,97.8802,-0.0321435214721,-0.892445059727,-0.450009565895,-2.9668628246,0.111923085437,-0.450624341028,0.885669761378,2.01839955234,-0.993196867179,-0.0218979140991,0.114369857849,0.649016268326,0,0,0,1,133,9,4a9afcf310cb4183ea3a7ac5ecf8268e2c564e0bf23726574c2457baf2ba087c,TRAIN
48018874,653445.707,lowres_wide/48018874_653445.707.png,lowres_depth/48018874_653445.707.png,confidence/48018874_653445.707.png,lowres_wide_intrinsics/48018874_653445.707.pincam,653445.70740112,0.00040112,653445.707,0.000,256,192,213.775,213.775,126.948,97.893,-0.117207994782,-0.926751150187,-0.356923789606,-2.98434351016,0.253425839822,-0.375413287932,0.891538113013,1.98225084096,-0.960227905067,0.0140416833646,0.278864127235,0.739193788191,0,0,0,1,134,9,4a9afcf310cb4183ea3a7ac5ecf8268e2c564e0bf23726574c2457baf2ba087c,TRAIN
48018874,653446.207,lowres_wide/48018874_653446.207.png,lowres_depth/48018874_653446.207.png,confidence/48018874_653446.207.png,lowres_wide_intrinsics/48018874_653446.207.pincam,653446.20719858,0.00019858,653446.207,0.000,256,192,213.654,213.654,126.922,97.9139,-0.117860908893,-0.960408150119,-0.252438094075,-3.0035261897,0.148044908004,-0.26836294113,0.951873960691,2.02509202737,-0.981932539113,0.074816555745,0.173813036385,0.74259794889,0,0,0,1,135,9,4a9afcf310cb4183ea3a7ac5ecf8268e2c564e0bf23726574c2457baf2ba087c,TRAIN
48018874,653446.407,lowres_wide/48018874_653446.407.png,lowres_depth/48018874_653446.407.png,confidence/48018874_653446.407.png,lowres_wide_intrinsics/48018874_653446.407.pincam,653446.40711771,0.00011771,653446.407,0.000,256,192,213.594,213.594,126.884,97.8977,-0.0199427607695,-0.965903857782,-0.258131795436,-3.02455535367,-0.0395442693849,-0.257219079812,0.965543678836,2.097730811,-0.999018787137,0.029463239855,-0.033066303778,0.662748048475,0,0,0,1,136,9,4a9afcf310cb4183ea3a7ac5ecf8268e2c564e0bf23726574c2457baf2ba087c,TRAIN
48018874,653446.607,lowres_wide/48018874_653446.607.png,lowres_depth/48018874_653446.607.png,confidence/48018874_653446.607.png,lowres_wide_intrinsics/48018874_653446.607.pincam,653446.60703667,0.00003667,653446.607,0.000,256,192,213.474,213.474,126.877,97.8998,0.0444558166746,-0.955090647656,-0.292959954812,-3.02839492369,-0.250516276312,-0.294537832403,0.922219637931,2.17933285103,-0.967091141344,0.0323932098305,-0.252359672472,0.564757401261,0,0,0,1,137,9,4a9afcf310cb4183ea3a7ac5ecf8268e2c564e0bf23726574c2457baf2ba087c,TRAIN
48018874,653446.807,lowres_wide/48018874_653446.807.png,lowres_depth/48018874_653446.807.png,confidence/48018874_653446.807.png,lowres_wide_intrinsics/48018874_653446.807.pincam,653446.80695562,0.00004438,653446.807,0.000,256,192,213.353,213.353,126.897,97.9135,0.0790778480892,-0.946134716636,-0.313967819875,-3.01202920887,-0.414526134912,-0.317642158002,0.852802171043,2.25127642413,-0.906595156295,0.0627101063278,-0.41731602551,0.473367074698,0,0,0,1,138,9,4a9afcf310cb4183ea3a7ac5ecf8268e2c564e0bf23726574c2457baf2ba087c,TRAIN
48018874,653447.007,lowres_wide/48018874_653447.007.png,lowres_depth/48018874_653447.007.png,confidence/48018874_653447.007.png,lowres_wide_intrinsics/48018874_653447.007.pincam,653447.00687479,0.00012521,653447.007,0.000,256,192,213.293,213.293,126.941,97.9199,0.142059996827,-0.93790425478,-0.31647206222,-2.98435020148,-0.563272906279,-0.339499056886,0.753302079797,2.32702797528,-0.813967192431,0.0712460471771,-0.576525290346,0.383727270733,0,0,0,1,139,9,4a9afcf310cb4183ea3a7ac5ecf8268e2c564e0bf23726574c2457baf2ba087c,TRAIN
48018874,653447.207,lowres_wide/48018874_653447.207.png,lowres_depth/48018874_653447.207.png,confidence/48018874_653447.207.png,lowres_wide_intrinsics/48018874_653447.207.pincam,653447.20679396,0.00020604,653447.207,0.000,256,192,213.233,213.233,126.996,97.9243,0.211220815516,-0.926548794645,-0.311276562296,-2.96210183007,-0.670476415805,-0.369071373641,0.643620771113,2.38654807965,-0.711229318112,0.072757489655,-0.699184671426,0.294192362283,0,0,0,1,140,9,4a9afcf310cb4183ea3a7ac5ecf8268e2c564e0bf23726574c2457baf2ba087c,TRAIN
48018874,653447.407,lowres_wide/48018874_653447.407.png,lowres_depth/48018874_653447.407.png,confidence/48018874_653447.407.png,lowres_wide_intrinsics/48018874_653447.407.pincam,653447.40671308,0.00028692,653447.407,0.000,256,192,213.172,213.172,127.063,97.9377,0.260065198295,-0.915168192653,-0.307950112505,-2.94250285122,-0.759423794145,-0.390826769814,0.520124924305,2.42067626762,-0.596356934665,0.0985982512683,-0.796640942536,0.207205198391,0,0,0,1,141,9,4a9afcf310cb4183ea3a7ac5ecf8268e2c564e0bf23726574c2457baf2ba087c,TRAIN
48018874,653447.707,lowres_wide/48018874_653447.707.png,lowres_depth/48018874_653447.707.png,confidence/48018874_653447.707.png,lowres_wide_intrinsics/48018874_653447.707.pincam,653447.70659154,0.00040846,653447.707,0.000,256,192,213.112,213.112,127.15,97.9503,0.302351564379,-0.910921622598,-0.280722868681,-2.929722039,-0.836567642469,-0.394749129992,0.379904861701,2.42035648128,-0.456878661235,0.119978839189,-0.881400571282,0.109989910006,0,0,0,1,142,9,4a9afcf310cb4183ea3a7ac5ecf8268e2c564e0bf23726574c2457baf2ba087c,TRAIN
48018874,653448.106,lowres_wide/48018874_653448.106.png,lowres_depth/48018874_653448.106.png,confidence/48018874_653448.106.png,lowres_wide_intrinsics/48018874_653448.106.pincam,653448.10643004,0.00043004,653448.106,0.000,256,192,213.172,213.172,127.082,97.9404,0.237512030087,-0.928443536654,-0.285623239267,-2.93376727897,-0.783822687799,-0.356858483392,0.508206667532,2.42823297636,-0.57376827174,0.103172777791,-0.812493291213,0.154384416142,0,0,0,1,143,9,4a9afcf310cb4183ea3a7ac5ecf8268e2c564e0bf23726574c2457baf2ba087c,TRAIN
48018874,653448.306,lowres_wide/48018874_653448.306.png,lowres_depth/48018874_653448.306.png,confidence/48018874_653448.306.png,lowres_wide_intrinsics/48018874_653448.306.pincam,653448.30634896,0.00034896,653448.306,0.000,256,192,212.509,212.509,126.983,97.9079,0.200829121976,-0.943348996139,-0.26412181896,-2.96696773079,-0.638248894823,-0.330537015673,0.695257958981,2.41923724679,-0.743172935475,0.0289474136006,-0.668472912856,0.269158047969,0,0,0,1,144,9,4a9afcf310cb4183ea3a7ac5ecf8268e2c564e0bf23726574c2457baf2ba087c,TRAIN
48018874,653448.506,lowres_wide/48018874_653448.506.png,lowres_depth/48018874_653448.506.png,confidence/48018874_653448.506.png,lowres_wide_intrinsics/48018874_653448.506.pincam,653448.50626808,0.00026808,653448.506,0.000,256,192,212.811,212.811,126.904,97.8928,0.13318010931,-0.951729230764,-0.276540286023,-2.99540150827,-0.42274520855,-0.306920652912,0.852693497961,2.3892428444,-0.896409252034,0.00334426762056,-0.443214698247,0.402719108877,0,0,0,1,145,9,4a9afcf310cb4183ea3a7ac5ecf8268e2c564e0bf23726574c2457baf2ba087c,TRAIN
48018874,653448.606,lowres_wide/48018874_653448.606.png,lowres_depth/48018874_653448.606.png,confidence/48018874_653448.606.png,lowres_wide_intrinsics/48018874_653448.606.pincam,653448.60622763,0.00022763,653448.606,0.000,256,192,212.871,212.871,126.882,97.8823,0.100110793623,-0.962810195659,-0.250946918958,-3.005870899,-0.289932031035,-0.269497315053,0.918319451258,2.3615105622,-0.951796851424,-0.019176139169,-0.306129105618,0.468936543021,0,0,0,1,146,9,4a9afcf310cb4183ea3a7ac5ecf8268e2c564e0bf23726574c2457baf2ba087c,TRAIN
48018874,653448.706,lowres_wide/48018874_653448.706.png,lowres_depth/48018874_653448.706.png,confidence/48018874_653448.706.png,lowres_wide_intrinsics/48018874_653448.706.pincam,653448.70618671,0.00018671,653448.706,0.000,256,192,212.931,212.931,126.876,97.8749,0.0717567647958,-0.974307726144,-0.213484007554,-3.01343016798,-0.159262585882,-0.222481810003,0.961840565248,2.32894088126,-0.984625002447,-0.035018552124,-0.171135342823,0.530042251409,0,0,0,1,147,9,4a9afcf310cb4183ea3a7ac5ecf8268e2c564e0bf23726574c2457baf2ba087c,TRAIN
48018874,653448.906,lowres_wide/48018874_653448.906.png,lowres_depth/48018874_653448.906.png,confidence/48018874_653448.906.png,lowres_wide_intrinsics/48018874_653448.906.pincam,653448.90610604,0.00010604,653448.906,0.000,256,192,213.052,213.052,126.893,97.872,0.0313443055064,-0.991305645336,-0.127791439608,-3.02933121383,0.0495074686471,-0.126157527795,0.990774085616,2.26785939518,-0.998281796418,-0.0373817563172,0.045122713063,0.636288968842,0,0,0,1,148,9,4a9afcf310cb4183ea3a7ac5ecf8268e2c564e0bf23726574c2457baf2ba087c,TRAIN
48018874,653449.106,lowres_wide/48018874_653449.106.png,lowres_depth/48018874_653449.106.png,confidence/48018874_653449.106.png,lowres_wide_intrinsics/48018874_653449.106.pincam,653449.10602546,0.00002546,653449.106,0.000,256,192,213.052,213.052,126.909,97.8773,0.0237699660464,-0.999244658618,0.0307424940017,-3.04074653443,0.132102292485,0.0336209979762,0.990665742223,2.21293554926,-0.990951044721,-0.0194869371217,0.132801680138,0.719499132777,0,0,0,1,149,9,4a9afcf310cb4183ea3a7ac5ecf8268e2c564e0bf23726574c2457baf2ba087c,TRAIN
48018874,653449.406,lowres_wide/48018874_653449.406.png,lowres_depth/48018874_653449.406.png,confidence/48018874_653449.406.png,lowres_wide_intrinsics/48018874_653449.406.pincam,653449.40590396,0.00009604,653449.406,0.000,256,192,213.172,213.172,126.955,97.8773,0.0457677132513,-0.995810048348,0.0791685798281,-3.05026866299,0.298870201185,0.0892714331253,0.950109053778,2.1617559115,-0.953195635359,-0.0198231893501,0.301703698844,0.799630814914,0,0,0,1,150,9,4a9afcf310cb4183ea3a7ac5ecf8268e2c564e0bf23726574c2457baf2ba087c,TRAIN
48018874,653450.106,lowres_wide/48018874_653450.106.png,lowres_depth/48018874_653450.106.png,confidence/48018874_653450.106.png,lowres_wide_intrinsics/48018874_653450.106.pincam,653450.10562054,0.00037946,653450.106,0.000,256,192,213.172,213.172,126.918,97.9087,-0.0587289990319,-0.996895824396,0.0524368188755,-2.99324801152,0.163039014979,0.0422437643892,0.985714839071,2.17591385626,-0.984870135737,0.0664392931277,0.160051979249,0.75023019235,0,0,0,1,151,9,4a9afcf310cb4183ea3a7ac5ecf8268e2c564e0bf23726574c2457baf2ba087c,TRAIN
48018874,653450.206,lowres_wide/48018874_653450.206.png,lowres_depth/48018874_653450.206.png,confidence/48018874_653450.206.png,lowres_wide_intrinsics/48018874_653450.206.pincam,653450.20558025,0.00041975,653450.206,0.000,256,192,213.594,213.594,126.891,97.9021,-0.0462076914782,-0.998787257268,0.0169959985618,-2.97440882669,0.0253316490929,0.0158371016554,0.999553647267,2.19511677045,-0.998610613203,0.0466176032204,0.0245691324124,0.697463539774,0,0,0,1,152,9,4a9afcf310cb4183ea3a7ac5ecf8268e2c564e0bf23726574c2457baf2ba087c,TRAIN
48018874,653452.205,lowres_wide/48018874_653452.205.png,lowres_depth/48018874_653452.205.png,confidence/48018874_653452.205.png,lowres_wide_intrinsics/48018874_653452.205.pincam,653452.20477108,0.00022892,653452.205,0.000,256,192,213.293,213.293,126.928,97.862,-0.163308008413,-0.906289129093,0.389833950388,-2.61717989799,-0.504796194773,0.41625626851,0.756248319448,1.87025506599,-0.847650456338,-0.0732852878345,-0.525469285931,0.259220996801,0,0,0,1,164,11,8c03ffc28c0394a679709e606921777dde0a6e8e66c6a2ce6f0c6ea6ffe90353,TRAIN
48018874,653452.305,lowres_wide/48018874_653452.305.png,lowres_depth/48018874_653452.305.png,confidence/48018874_653452.305.png,lowres_wide_intrinsics/48018874_653452.305.pincam,653452.30473054,0.00026946,653452.305,0.000,256,192,213.413,213.413,126.898,97.8557,-0.103011028262,-0.900012218896,0.423517099885,-2.60947554394,-0.394221691388,0.427854803082,0.813344653587,1.85778727106,-0.913223951775,-0.0831761583512,-0.398878102415,0.30469165666,0,0,0,1,165,11,8c03ffc28c0394a679709e606921777dde0a6e8e66c6a2ce6f0c6ea6ffe90353,TRAIN
48018874,653452.505,lowres_wide/48018874_653452.505.png,lowres_depth/48018874_653452.505.png,confidence/48018874_653452.505.png,lowres_wide_intrinsics/48018874_653452.505.pincam,653452.50464950,0.00035050,653452.505,0.000,256,192,213.534,213.534,126.877,97.8651,-0.0402887185623,-0.902945057791,0.427863344735,-2.58251700509,-0.198441058691,0.426911848282,0.882251336084,1.8209626313,-0.979284414959,-0.0493608793238,-0.196381104514,0.366717312072,0,0,0,1,166,11,8c03ffc28c0394a679709e606921777dde0a6e8e66c6a2ce6f0c6ea6ffe90353,TRAIN
48018874,653452.705,lowres_wide/48018874_653452.705.png,lowres_depth/48018874_653452.705.png,confidence/48018874_653452.705.png,lowres_wide_intrinsics/48018874_653452.705.pincam,653452.70456867,0.00043133,653452.705,0.000,256,192,213.654,213.654,126.886,97.8713,0.0222757594817,-0.911424725836,0.410863431902,-2.55668595158,-0.0259358066428,0.41030026613,0.91158160663,1.78724911088,-0.999415391353,-0.0309622471437,-0.0144987854151,0.41649361708,0,0,0,1,167,11,8c03ffc28c0394a679709e606921777dde0a6e8e66c6a2ce6f0c6ea6ffe90353,TRAIN
48018874,653453.004,lowres_wide/48018874_653453.004.png,lowres_depth/48018874_653453.004.png,confidence/48018874_653453.004.png,lowres_wide_intrinsics/48018874_653453.004.pincam,653453.00444725,0.00044725,653453.004,0.000,256,192,213.654,213.654,126.902,97.8729,0.0623800564457,-0.925140452706,0.37446477982,-2.51999980887,0.0740981673155,0.378452953376,0.922649892257,1.76784277723,-0.995298040869,-0.0298077984497,0.0921591286486,0.489438499396,0,0,0,1,168,11,8c03ffc28c0394a679709e606921777dde0a6e8e66c6a2ce6f0c6ea6ffe90353,TRAIN
48018874,653453.204,lowres_wide/48018874_653453.204.png,lowres_depth/48018874_653453.204.png,confidence/48018874_653453.204.png,lowres_wide_intrinsics/48018874_653453.204.pincam,653453.20436621,0.00036621,653453.204,0.000,256,192,213.775,213.775,126.938,97.8769,0.107113219208,-0.933225199588,0.342954056873,-2.50225178249,0.220139863191,0.358637912387,0.907147886749,1.72574350392,-0.969569594668,-0.0216696712868,0.243854929089,0.552914095192,0,0,0,1,169,11,8c03ffc28c0394a679709e606921777dde0a6e8e66c6a2ce6f0c6ea6ffe90353,TRAIN
48018874,653453.404,lowres_wide/48018874_653453.404.png,lowres_depth/48018874_653453.404.png,confidence/48018874_653453.404.png,lowres_wide_intrinsics/48018874_653453.404.pincam,653453.40428550,0.00028550,653453.404,0.000,256,192,213.835,213.835,126.99,97.879,0.164749863504,-0.923025432231,0.347680217916,-2.48666394505,0.349204862001,0.384250019789,0.854639038804,1.6720768683,-0.922449698808,-0.0193900424707,0.385630106997,0.599773437224,0,0,0,1,170,11,8c03ffc28c0394a679709e606921777dde0a6e8e66c6a2ce6f0c6ea6ffe90353,TRAIN
48018874,653453.804,lowres_wide/48018874_653453.804.png,lowres_depth/48018874_653453.804.png,confidence/48018874_653453.804.png,lowres_wide_intrinsics/48018874_653453.804.pincam,653453.80412367,0.00012367,653453.804,0.000,256,192,213.654,213.654,126.928,97.8754,0.106773325389,-0.898224472253,0.426371029071,-2.41096585775,0.16416706849,0.438863095072,0.883429882564,1.66866225782,-0.980636849506,-0.0243306643777,0.194317750507,0.575932415164,0,0,0,1,171,11,8c03ffc28c0394a679709e606921777dde0a6e8e66c6a2ce6f0c6ea6ffe90353,TRAIN
48018874,653454.004,lowres_wide/48018874_653454.004.png,lowres_depth/48018874_653454.004.png,confidence/48018874_653454.004.png,lowres_wide_intrinsics/48018874_653454.004.pincam,653454.00404254,0.00004254,653454.004,0.000,256,192,213.594,213.594,126.887,97.8647,0.038716504497,-0.883829568561,0.466204167739,-2.35847374219,-0.0410650628841,0.464752526007,0.884487846259,1.69529880888,-0.998406076148,-0.0533889811422,-0.0183009235486,0.532754759078,0,0,0,1,172,11,8c03ffc28c0394a679709e606921777dde0a6e8e66c6a2ce6f0c6ea6ffe90353,TRAIN
48018874,653454.204,lowres_wide/48018874_653454.204.png,lowres_depth/48018874_653454.204.png,confidence/48018874_653454.204.png,lowres_wide_intrinsics/48018874_653454.204.pincam,653454.20396167,0.00003833,653454.204,0.000,256,192,213.413,213.413,126.881,97.8535,-0.0594182490847,-0.870148151259,0.489194916711,-2.29222415815,-0.281615023674,0.48476685119,0.828066469813,1.72711150335,-0.957685987219,-0.088562378289,-0.273850789729,0.465559071589,0,0,0,1,173,12,c9da2456432f7f238859c4cef2c290f33a425c9d49e3fee4314d34d6c795c531,TRAIN
48018874,653454.404,lowres_wide/48018874_653454.404.png,lowres_depth/48018874_653454.404.png,confidence/48018874_653454.404.png,lowres_wide_intrinsics/48018874_653454.404.pincam,653454.40387917,0.00012083,653454.404,0.000,256,192,213.353,213.353,126.919,97.8466,-0.167443975937,-0.855273454343,0.490377235625,-2.21336382758,-0.482980516728,0.504786331542,0.7154862542,1.74931768488,-0.859472126007,-0.117038787522,-0.497603845274,0.383829876664,0,0,0,1,174,12,c9da2456432f7f238859c4cef2c290f33a425c9d49e3fee4314d34d6c795c531,TRAIN
48018874,653454.504,lowres_wide/48018874_653454.504.png,lowres_depth/48018874_653454.504.png,confidence/48018874_653454.504.png,lowres_wide_intrinsics/48018874_653454.504.pincam,653454.50384004,0.00015996,653454.504,0.000,256,192,213.293,213.293,126.962,97.8433,-0.230389996322,-0.850263779906,0.473256752911,-2.16884165965,-0.590347020892,0.508745730119,0.626632409798,1.76041089108,-0.77357019366,-0.135015875609,-0.619160616331,0.339878784175,0,0,0,1,175,12,c9da2456432f7f238859c4cef2c290f33a425c9d49e3fee4314d34d6c795c531,TRAIN
48018874,653454.604,lowres_wide/48018874_653454.604.png,lowres_depth/48018874_653454.604.png,confidence/48018874_653454.604.png,lowres_wide_intrinsics/48018874_653454.604.pincam,653454.60379971,0.00020029,653454.604,0.000,256,192,213.172,213.172,127.012,97.8352,-0.278761084129,-0.841387962089,0.46298872041,-2.12999428177,-0.678871882154,0.513641028212,0.524695970785,1.76866499053,-0.679282875977,-0.168045206387,-0.714377759322,0.2970656133,0,0,0,1,176,12,c9da2456432f7f238859c4cef2c290f33a425c9d49e3fee4314d34d6c795c531,TRAIN
48018874,653454.804,lowres_wide/48018874_653454.804.png,lowres_depth/48018874_653454.804.png,confidence/48018874_653454.804.png,lowres_wide_intrinsics/48018874_653454.804.pincam,653454.80371900,0.00028100,653454.804,0.000,256,192,213.112,213.112,127.118,97.8299,-0.356883222333,-0.838430384248,0.411908796199,-2.05984289103,-0.788273542596,0.506903020747,0.348818218562,1.76054856397,-0.501257606088,-0.200209436158,-0.841817672666,0.228721746315,0,0,0,1,177,12,c9da2456432f7f238859c4cef2c290f33a425c9d49e3fee4314d34d6c795c531,TRAIN
48018874,653455.004,lowres_wide/48018874_653455.004.png,lowres_depth/48018874_653455.004.png,confidence/48018874_653455.004.png,lowres_wide_intrinsics/48018874_653455.004.pincam,653455.00363813,0.00036187,653455.004,0.000,256,192,213.112,213.112,127.243,97.8242,-0.399374991443,-0.847463049234,0.349722742173,-1.99738666415,-0.864179847287,0.475353078873,0.165023155799,1.71409396934,-0.306092809051,-0.236317224489,-0.922204620275,0.18649185984,0,0,0,1,178,12,c9da2456432f7f238859c4cef2c290f33a425c9d49e3fee4314d34d6c795c531,TRAIN
48018874,653455.204,lowres_wide/48018874_653455.204.png,lowres_depth/48018874_653455.204.png,confidence/48018874_653455.204.png,lowres_wide_intrinsics/48018874_653455.204.pincam,653455.20355683,0.00044317,653455.204,0.000,256,192,213.052,213.052,127.33,97.8064,-0.39388270121,-0.850380806458,0.348868029052,-1.94571354474,-0.901097045482,0.432124219882,0.0359551555955,1.64914257484,-0.181329899108,-0.300201836434,-0.93648188722,0.177253752251,0,0,0,1,179,12,c9da2456432f7f238859c4cef2c290f33a425c9d49e3fee4314d34d6c795c531,TRAIN
48018874,653455.403,lowres_wide/48018874_653455.403.png,lowres_depth/48018874_653455.403.png,confidence/48018874_653455.403.png,lowres_wide_intrinsics/48018874_653455.403.pincam,653455.40347596,0.00047596,653455.403,0.000,256,192,213.052,213.052,127.37,97.7979,-0.383601063843,-0.854696955402,0.349776125893,-1.89472353573,-0.914908893447,0.403258881215,-0.0179997614664,1.57816263281,-0.12566598788,-0.326918015942,-0.936660381538,0.180756434696,0,0,0,1,180,12,c9da2456432f7f238859c4cef2c290f33a425c9d49e3fee4314d34d6c795c531,TRAIN
48018874,653455.603,lowres_wide/48018874_653455.603.png,lowres_depth/48018874_653455.603.png,confidence/48018874_653455.603.png,lowres_wide_intrinsics/48018874_653455.603.pincam,653455.60339525,0.00039525,653455.603,0.000,256,192,213.112,213.112,127.37,97.8051,-0.401722699255,-0.854502630139,0.329308560454,-1.83862812027,-0.907845143648,0.418790128523,-0.0207851727365,1.49265775728,-0.120150189585,-0.307311053067,-0.943993563858,0.184773369078,0,0,0,1,181,12,c9da2456432f7f238859c4cef2c290f33a425c9d49e3fee4314d34d6c795c531,TRAIN
48018874,653455.903,lowres_wide/48018874_653455.903.png,lowres_depth/48018874_653455.903.png,confidence/48018874_653455.903.png,lowres_wide_intrinsics/48018874_653455.903.pincam,653455.90327367,0.00027367,653455.903,0.000,256,192,214.799,214.799,127.306,97.812,-0.352037994825,-0.870239117447,0.344605758316,-1.76599767012,-0.91220993901,0.401452050851,0.0819101827543,1.4200253308,-0.209624133561,-0.285517301283,-0.935167147251,0.208401854832,0,0,0,1,182,12,c9da2456432f7f238859c4cef2c290f33a425c9d49e3fee4314d34d6c795c531,TRAIN
48018874,653456.103,lowres_wide/48018874_653456.103.png,lowres_depth/48018874_653456.103.png,confidence/48018874_653456.103.png,lowres_wide_intrinsics/48018874_653456.103.pincam,653456.10319254,0.00019254,653456.103,0.000,256,192,214.739,214.739,127.2,97.8303,-0.332023286964,-0.87627563222,0.349144029436,-1.73292209827,-0.866293032845,0.429724583009,0.254702108358,1.42050357257,-0.373225023488,-0.217894008946,-0.901790043584,0.23760503046,0,0,0,1,183,12,c9da2456432f7f238859c4cef2c290f33a425c9d49e3fee4314d34d6c795c531,TRAIN
48018874,653456.303,lowres_wide/48018874_653456.303.png,lowres_depth/48018874_653456.303.png,confidence/48018874_653456.303.png,lowres_wide_intrinsics/48018874_653456.303.pincam,653456.30311171,0.00011171,653456.303,0.000,256,192,214.739,214.739,127.091,97.8368,-0.306505282967,-0.863928090352,0.399603261016,-1.69516848698,-0.77912237326,0.468874028466,0.416083492722,1.44201372412,-0.546829808075,-0.18380805241,-0.816818070852,0.269990661795,0,0,0,1,184,12,c9da2456432f7f238859c4cef2c290f33a425c9d49e3fee4314d34d6c795c531,TRAIN
48018874,653456.503,lowres_wide/48018874_653456.503.png,lowres_depth/48018874_653456.503.png,confidence/48018874_653456.503.png,lowres_wide_intrinsics/48018874_653456.503.pincam,653456.50303087,0.00003087,653456.503,0.000,256,192,214.859,214.859,127.001,97.8329,-0.236529214184,-0.853550323448,0.464225996879,-1.64695022006,-0.671594358445,0.488896115205,0.556723994671,1.46927013247,-0.702150232174,-0.180090071571,-0.688877795824,0.311207344727,0,0,0,1,185,12,c9da2456432f7f238859c4cef2c290f33a425c9d49e3fee4314d34d6c795c531,TRAIN
48018874,653456.703,lowres_wide/48018874_653456.703.png,lowres_depth/48018874_653456.703.png,confidence/48018874_653456.703.png,lowres_wide_intrinsics/48018874_653456.703.pincam,653456.70294992,0.00005008,653456.703,0.000,256,192,214.92,214.92,126.937,97.808,-0.0810140905703,-0.843275205624,0.531341363635,-1.60500960342,-0.551048859911,0.482105813002,0.681116098077,1.49591331134,-0.830531077757,-0.237615051396,-0.503743204649,0.374022209353,0,0,0,1,186,12,c9da2456432f7f238859c4cef2c290f33a425c9d49e3fee4314d34d6c795c531,TRAIN
48018874,653457.003,lowres_wide/48018874_653457.003.png,lowres_depth/48018874_653457.003.png,confidence/48018874_653457.003.png,lowres_wide_intrinsics/48018874_653457.003.pincam,653457.00282883,0.00017117,653457.003,0.000,256,192,214.98,214.98,126.902,97.8302,-0.0433061114128,-0.88102317723,0.471086766846,-1.53311717089,-0.428195090399,0.442392455892,0.787996116442,1.52256997607,-0.902648073876,-0.167591993104,-0.396408096001,0.418487963803,0,0,0,1,187,12,c9da2456432f7f238859c4cef2c290f33a425c9d49e3fee4314d34d6c795c531,TRAIN
48018874,653457.203,lowres_wide/48018874_653457.203.png,lowres_depth/48018874_653457.203.png,confidence/48018874_653457.203.png,lowres_wide_intrinsics/48018874_653457.203.pincam,653457.20274771,0.00025229,653457.203,0.000,256,192,215.04,215.04,126.883,97.8447,-0.00505585397604,-0.905512036747,0.424290454343,-1.50259643034,-0.298526979492,0.406314718453,0.863591333956,1.52365975454,-0.954387804226,-0.122295956083,-0.272374041109,0.452627707444,0,0,0,1,188,12,c9da2456432f7f238859c4cef2c290f33a425c9d49e3fee4314d34d6c795c531,TRAIN
48018874,653457.403,lowres_wide/48018874_653457.403.png,lowres_depth/48018874_653457.403.png,confidence/48018874_653457.403.png,lowres_wide_intrinsics/48018874_653457.403.pincam,653457.40266667,0.00033333,653457.403,0.000,256,192,215.161,215.161,126.885,97.8515,0.0687304586213,-0.919016203442,0.388182098852,-1.48263578726,-0.0918833091127,0.3816171047,0.919742269827,1.49910651,-0.993394977622,-0.0988817637994,-0.0582135312767,0.506170160761,0,0,0,1,189,12,c9da2456432f7f238859c4cef2c290f33a425c9d49e3fee4314d34d6c795c531,TRAIN
48018874,653457.603,lowres_wide/48018874_653457.603.png,lowres_depth/48018874_653457.603.png,confidence/48018874_653457.603.png,lowres_wide_intrinsics/48018874_653457.603.pincam,653457.60258567,0.00041433,653457.603,0.000,256,192,215.221,215.221,126.907,97.8613,0.103714761899,-0.918729559023,0.381023943529,-1.46643588672,0.0631990273438,0.388403213947,0.919319762835,1.45874972971,-0.992597164567,-0.071266687686,0.0983459613777,0.561006554423,0,0,0,1,190,12,c9da2456432f7f238859c4cef2c290f33a425c9d49e3fee4314d34d6c795c531,TRAIN
48018874,653457.902,lowres_wide/48018874_653457.902.png,lowres_depth/48018874_653457.902.png,confidence/48018874_653457.902.png,lowres_wide_intrinsics/48018874_653457.902.pincam,653457.90246417,0.00046417,653457.902,0.000,256,192,215.281,215.281,126.94,97.8924,0.0780725578497,-0.917615521085,0.389726097631,-1.43644035597,0.217340755482,0.397182587371,0.891632765378,1.40548133053,-0.972968484442,0.0150913138344,0.230444311124,0.616071137953,0,0,0,1,191,12,c9da2456432f7f238859c4cef2c290f33a425c9d49e3fee4314d34d6c795c531,TRAIN
48018874,653458.502,lowres_wide/48018874_653458.502.png,lowres_depth/48018874_653458.502.png,confidence/48018874_653458.502.png,lowres_wide_intrinsics/48018874_653458.502.pincam,653458.50222167,0.00022167,653458.502,0.000,256,192,215.221,215.221,126.93,97.8889,0.0814116039458,-0.89689611916,0.434683220493,-1.34936408344,0.166063653239,0.442241073036,0.8813885048,1.38123847074,-0.982748703289,0.000429831721574,0.18494540121,0.605369012561,0,0,0,1,192,12,c9da2456432f7f238859c4cef2c290f33a425c9d49e3fee4314d34d6c795c531,TRAIN
48018874,653458.702,lowres_wide/48018874_653458.702.png,lowres_depth/48018874_653458.702.png,confidence/48018874_653458.702.png,lowres_wide_intrinsics/48018874_653458.702.pincam,653458.70214071,0.00014071,653458.702,0.000,256,192,215.161,215.161,126.893,97.8732,0.0423647911206,-0.88670983802,0.460381241617,-1.31717544717,-0.0140239111726,0.460221783747,0.887693212591,1.39870959724,-0.999003780968,-0.0440632831686,0.00706205973331,0.570067670426,0,0,0,1,193,12,c9da2456432f7f238859c4cef2c290f33a425c9d49e3fee4314d34d6c795c531,TRAIN
48018874,653458.902,lowres_wide/48018874_653458.902.png,lowres_depth/48018874_653458.902.png,confidence/48018874_653458.902.png,lowres_wide_intrinsics/48018874_653458.902.pincam,653458.90205963,0.00005963,653458.902,0.000,256,192,215.04,215.04,126.878,97.8623,-0.0127029652514,-0.888882310462,0.457959466352,-1.28569915859,-0.187814661944,0.451965851762,0.872039289023,1.41691080561,-0.982122338323,-0.0749340175709,-0.172686437157,0.525002382753,0,0,0,1,194,12,c9da2456432f7f238859c4cef2c290f33a425c9d49e3fee4314d34d6c795c531,TRAIN
48018874,653459.102,lowres_wide/48018874_653459.102.png,lowres_depth/48018874_653459.102.png,confidence/48018874_653459.102.png,lowres_wide_intrinsics/48018874_653459.102.pincam,653459.10197854,0.00002146,653459.102,0.000,256,192,214.98,214.98,126.884,97.8606,-0.0809076345755,-0.893420599054,0.441875081729,-1.25293551625,-0.342490934356,0.441254017641,0.829454550774,1.4271016572,-0.936030936749,-0.0842290039187,-0.341689274557,0.476827903202,0,0,0,1,195,12,c9da2456432f7f238859c4cef2c290f33a425c9d49e3fee4314d34d6c795c531,TRAIN
48018874,653459.302,lowres_wide/48018874_653459.302.png,lowres_depth/48018874_653459.302.png,confidence/48018874_653459.302.png,lowres_wide_intrinsics/48018874_653459.302.pincam,653459.30189758,0.00010242,653459.302,0.000,256,192,214.92,214.92,126.909,97.8629,-0.146865950363,-0.898742648368,0.413148937587,-1.21622781639,-0.476777727681,0.430275969611,0.76651522383,1.42439994904,-0.866667981993,-0.0844052248409,-0.491693366854,0.429723136007,0,0,0,1,196,12,c9da2456432f7f238859c4cef2c290f33a425c9d49e3fee4314d34d6c795c531,TRAIN
48018874,653459.602,lowres_wide/48018874_653459.602.png,lowres_depth/48018874_653459.602.png,confidence/48018874_653459.602.png,lowres_wide_intrinsics/48018874_653459.602.pincam,653459.60177625,0.00022375,653459.602,0.000,256,192,214.859,214.859,126.959,97.85,-0.191714798186,-0.888866708468,0.416126676307,-1.1680014841,-0.616607535279,0.438951107584,0.653541944016,1.39477438958,-0.763570942083,-0.131293182338,-0.632235333304,0.386123612,0,0,0,1,197,12,c9da2456432f7f238859c4cef2c290f33a425c9d49e3fee4314d34d6c795c531,TRAIN
48018874,653459.902,lowres_wide/48018874_653459.902.png,lowres_depth/48018874_653459.902.png,confidence/48018874_653459.902.png,lowres_wide_intrinsics/48018874_653459.902.pincam,653459.90165488,0.00034512,653459.902,0.000,256,192,214.799,214.799,127.005,97.844,-0.221898318153,-0.887835394462,0.403124606966,-1.10862969658,-0.700000456552,0.432858294796,0.568007973054,1.35386209779,-0.678793412776,-0.156147395005,-0.71753570908,0.345962371091,0,0,0,1,198,12,c9da2456432f7f238859c4cef2c290f33a425c9d49e3fee4314d34d6c795c531,TRAIN
48018874,653460.202,lowres_wide/48018874_653460.202.png,lowres_depth/48018874_653460.202.png,confidence/48018874_653460.202.png,lowres_wide_intrinsics/48018874_653460.202.pincam,653460.20153346,0.00046654,653460.202,0.000,256,192,214.799,214.799,127.06,97.8279,-0.283803966534,-0.851151014312,0.441584940205,-1.02319702392,-0.760912124821,0.480142076272,0.436435934466,1.31427240177,-0.583496398343,-0.212145085801,-0.783917352589,0.289908504301,0,0,0,1,199,12,c9da2456432f7f238859c4cef2c290f33a425c9d49e3fee4314d34d6c795c531,TRAIN
48018874,653460.401,lowres_wide/48018874_653460.401.png,lowres_depth/48018874_653460.401.png,confidence/48018874_653460.401.png,lowres_wide_intrinsics/48018874_653460.401.pincam,653460.40145242,0.00045242,653460.401,0.000,256,192,214.739,214.739,127.143,97.8247,-0.35201494318,-0.841384141182,0.410070977693,-0.963487507575,-0.822907810493,0.486957894028,0.292736647644,1.28125193981,-0.44599127257,-0.234402936013,-0.8637980368,0.241246361468,0,0,0,1,200,12,c9da2456432f7f238859c4cef2c290f33a425c9d49e3fee4314d34d6c795c531,TRAIN
48018874,653460.701,lowres_wide/48018874_653460.701.png,lowres_depth/48018874_653460.701.png,confidence/48018874_653460.701.png,lowres_wide_intrinsics/48018874_653460.701.pincam,653460.70133121,0.00033121,653460.701,0.000,256,192,214.739,214.739,127.222,97.8268,-0.479082811836,-0.793467863432,0.375351047825,-0.882567585516,-0.816744467005,0.559621243024,0.140543729755,1.19862968515,-0.321571352921,-0.239233806258,-0.916165405876,0.184704876938,0,0,0,1,201,12,c9da2456432f7f238859c4cef2c290f33a425c9d49e3fee4314d34d6c795c531,TRAIN
48018874,653460.901,lowres_wide/48018874_653460.901.png,lowres_depth/48018874_653460.901.png,confidence/48018874_653460.901.png,lowres_wide_intrinsics/48018874_653460.901.pincam,653460.90125008,0.00025008,653460.901,0.000,256,192,214.739,214.739,127.265,97.8155,-0.525230860078,-0.763634926237,0.375492001317,-0.80644412694,-0.81099721245,0.582832168486,0.0508938579431,1.12161057338,-0.257713144833,-0.277791941585,-0.925427237642,0.143451332114,0,0,0,1,202,12,c9da2456432f7f238859c4cef2c290f33a425c9d49e3fee4314d34d6c795c531,TRAIN
48018874,653461.101,lowres_wide/48018874_653461.101.png,lowres_depth/48018874_653461.101.png,confidence/48018874_653461.101.png,lowres_wide_intrinsics/48018874_653461.101.pincam,653461.10116938,0.00016938,653461.101,0.000,256,192,214.679,214.679,127.326,97.824,-0.55574215278,-0.771982098239,0.308535734756,-0.73503831266,-0.814945032623,0.579239945284,-0.0185924605727,1.06340319304,-0.164363175394,-0.26177227849,-0.951031030402,0.114305557563,0,0,0,1,203,12,c9da2456432f7f238859c4cef2c290f33a425c9d49e3fee4314d34d6c795c531,TRAIN
48018874,653461.301,lowres_wide/48018874_653461.301.png,lowres_depth/48018874_653461.301.png,confidence/48018874_653461.301.png,lowres_wide_intrinsics/48018874_653461.301.pincam,653461.30108854,0.00008854,653461.301,0.000,256,192,214.739,214.739,127.254,97.8521,-0.577930410231,-0.757206243444,0.304360223779,-0.683383316503,-0.766557637599,0.631637573736,0.115859240823,1.07684212937,-0.279974693802,-0.166351075541,-0.945484791256,0.129641865836,0,0,0,1,204,12,c9da2456432f7f238859c4cef2c290f33a425c9d49e3fee4314d34d6c795c531,TRAIN
48018874,653461.401,lowres_wide/48018874_653461.401.png,lowres_depth/48018874_653461.401.png,confidence/48018874_653461.401.png,lowres_wide_intrinsics/48018874_653461.401.pincam,653461.40104804,0.00004804,653461.401,0.000,256,192,214.739,214.739,127.164,97.8743,-0.566985080793,-0.749489856321,0.34174972338,-0.665892535552,-0.709047835434,0.655229657738,0.260624754556,1.10397387329,-0.419260164128,-0.0945465541041,-0.902929600734,0.15448605276,0,0,0,1,205,12,c9da2456432f7f238859c4cef2c290f33a425c9d49e3fee4314d34d6c795c531,TRAIN
48018874,653461.601,lowres_wide/48018874_653461.601.png,lowres_depth/48018874_653461.601.png,confidence/48018874_653461.601.png,lowres_wide_intrinsics/48018874_653461.601.pincam,653461.60096683,0.00003317,653461.601,0.000,256,192,214.739,214.739,127.073,97.8867,-0.433498743097,-0.833688812092,0.342113730106,-0.638840106788,-0.70481159885,0.550228909997,0.447759708693,1.19592570279,-0.561533124454,-0.0470224541766,-0.826117085493,0.203875909823,0,0,0,1,206,12,c9da2456432f7f238859c4cef2c290f33a425c9d49e3fee4314d34d6c795c531,TRAIN
48018874,653461.801,lowres_wide/48018874_653461.801.png,lowres_depth/48018874_653461.801.png,confidence/48018874_653461.801.png,lowres_wide_intrinsics/48018874_653461.801.pincam,653461.80088612,0.00011388,653461.801,0.000,256,192,214.799,214.799,127.016,97.8887,-0.352446823152,-0.867725742173,0.350475781217,-0.604738991039,-0.661456074133,0.495911150976,0.562625979075,1.29249716153,-0.662009893311,-0.0335285953745,-0.748744772569,0.263099146543,0,0,0,1,207,12,c9da2456432f7f238859c4cef2c290f33a425c9d49e3fee4314d34d6c795c531,TRAIN
48018874,653462.001,lowres_wide/48018874_653462.001.png,lowres_depth/48018874_653462.001.png,confidence/48018874_653462.001.png,lowres_wide_intrinsics/48018874_653462.001.pincam,653462.00080504,0.00019496,653462.001,0.000,256,192,214.859,214.859,126.949,97.872,-0.246323608255,-0.876327834294,0.413973678942,-0.571918963563,-0.565014721032,0.476884350948,0.673305042933,1.36642485291,-0.787453519284,-0.0680502950904,-0.612606000872,0.346436937518,0,0,0,1,208,12,c9da2456432f7f238859c4cef2c290f33a425c9d49e3fee4314d34d6c795c531,TRAIN
48018874,653462.201,lowres_wide/48018874_653462.201.png,lowres_depth/48018874_653462.201.png,confidence/48018874_653462.201.png,lowres_wide_intrinsics/48018874_653462.201.pincam,653462.20072421,0.00027579,653462.201,0.000,256,192,214.92,214.92,126.907,97.8609,-0.148062031803,-0.882495342001,0.446407444029,-0.526653751294,-0.455712982388,0.461485680303,0.76115480985,1.42768104099,-0.877726217235,-0.0907355400154,-0.470493091721,0.412118986855,0,0,0,1,209,12,c9da2456432f7f238859c4cef2c290f33a425c9d49e3fee4314d34d6c795c531,TRAIN
48018874,653462.401,lowres_wide/48018874_653462.401.png,lowres_depth/48018874_653462.401.png,confidence/48018874_653462.401.png,lowres_wide_intrinsics/48018874_653462.401.pincam,653462.40064338,0.00035662,653462.401,0.000,256,192,214.98,214.98,126.886,97.8462,-0.0491730265146,-0.876173540771,0.479480906727,-0.460058273491,-0.346672795832,0.465188905893,0.814504299844,1.48980099612,-0.936696314764,-0.126171344951,-0.326620277417,0.483626308743,0,0,0,1,210,12,c9da2456432f7f238859c4cef2c290f33a425c9d49e3fee4314d34d6c795c531,TRAIN
48018874,653462.601,lowres_wide/48018874_653462.601.png,lowres_depth/48018874_653462.601.png,confidence/48018874_653462.601.png,lowres_wide_intrinsics/48018874_653462.601.pincam,653462.60056233,0.00043767,653462.601,0.000,256,192,215.04,215.04,126.884,97.834,0.0288152961307,-0.83808257291,0.544781864321,-0.401164982938,-0.245411593985,0.522395683365,0.81662469932,1.53325650744,-0.968990623405,-0.157227068236,-0.190622193795,0.568069881632,0,0,0,1,211,12,c9da2456432f7f238859c4cef2c290f33a425c9d49e3fee4314d34d6c795c531,TRAIN
48018874,653462.800,lowres_wide/48018874_653462.800.png,lowres_depth/48018874_653462.800.png,confidence/48018874_653462.800.png,lowres_wide_intrinsics/48018874_653462.800.pincam,653462.80048137,0.00048137,653462.800,0.000,256,192,215.161,215.161,126.886,97.8403,0.0475770640263,-0.778381777023,0.625985808287,-0.350334081061,-0.157769083348,0.612972926997,0.774191905866,1.52973571262,-0.986329224609,-0.135594985036,-0.0936411272616,0.648698341169,0,0,0,1,212,12,c9da2456432f7f238859c4cef2c290f33a425c9d49e3fee4314d34d6c795c531,TRAIN
48018874,653463.000,lowres_wide/48018874_653463.000.png,lowres_depth/48018874_653463.000.png,confidence/48018874_653463.000.png,lowres_wide_intrinsics/48018874_653463.000.pincam,653463.00040037,0.00040037,653463.000,0.000,256,192,215.161,215.161,126.889,97.8656,0.0313460249755,-0.714669980994,0.698759075064,-0.298025480351,-0.0565482798326,0.696714816043,0.7151159047,1.5025614063,-0.997907670462,-0.0619296647214,-0.0185741180487,0.720925236147,0,0,0,1,213,12,c9da2456432f7f238859c4cef2c290f33a425c9d49e3fee4314d34d6c795c531,TRAIN
48018874,653463.200,lowres_wide/48018874_653463.200.png,lowres_depth/48018874_653463.200.png,confidence/48018874_653463.200.png,lowres_wide_intrinsics/48018874_653463.200.pincam,653463.20031933,0.00031933,653463.200,0.000,256,192,215.221,215.221,126.889,97.8951,-0.0204420416745,-0.647862523045,0.761482944107,-0.234079121948,0.00824884037739,0.761506883216,0.648104330681,1.46750376715,-0.99975701026,0.0195299269932,-0.010222640903,0.758051458221,0,0,0,1,214,12,c9da2456432f7f238859c4cef2c290f33a425c9d49e3fee4314d34d6c795c531,TRAIN
48018874,653463.500,lowres_wide/48018874_653463.500.png,lowres_depth/48018874_653463.500.png,confidence/48018874_653463.500.png,lowres_wide_intrinsics/48018874_653463.500.pincam,653463.50019792,0.00019792,653463.500,0.000,256,192,215.161,215.161,126.893,97.866,0.0493364414079,-0.672425109938,0.738519049906,-0.141284851885,-0.0430898182717,0.737298059973,0.674191989214,1.40817918906,-0.997852285216,-0.0650848852242,0.00740098674749,0.705098673678,0,0,0,1,215,12,c9da2456432f7f238859c4cef2c290f33a425c9d49e3fee4314d34d6c795c531,TRAIN
48018874,653463.700,lowres_wide/48018874_653463.700.png,lowres_depth/48018874_653463.700.png,confidence/48018874_653463.700.png,lowres_wide_intrinsics/48018874_653463.700.pincam,653463.70011700,0.00011700,653463.700,0.000,256,192,215.1,215.1,126.884,97.8419,0.0236548546239,-0.736078892877,0.676482306726,-0.0685977287187,-0.174295947571,0.663271693236,0.727799136858,1.37288378373,-0.984409147922,-0.135124107444,-0.112605972642,0.616916504677,0,0,0,1,216,12,c9da2456432f7f238859c4cef2c290f33a425c9d49e3fee4314d34d6c795c531,TRAIN
48018874,653463.900,lowres_wide/48018874_653463.900.png,lowres_depth/48018874_653463.900.png,confidence/48018874_653463.900.png,lowres_wide_intrinsics/48018874_653463.900.pincam,653463.90003546,0.00003546,653463.900,0.000,256,192,214.98,214.98,126.887,97.8497,-0.138908281608,-0.76263403535,0.631738725603,0.0127749277109,-0.338810849247,0.636025293023,0.693310201185,1.34840530606,-0.930543764545,-0.117733405456,-0.346737865694,0.516729172972,0,0,0,1,217,12,c9da2456432f7f238859c4cef2c290f33a425c9d49e3fee4314d34d6c795c531,TRAIN
48018874,653464.100,lowres_wide/48018874_653464.100.png,lowres_depth/48018874_653464.100.png,confidence/48018874_653464.100.png,lowres_wide_intrinsics/48018874_653464.100.pincam,653464.09995463,0.00004537,653464.100,0.000,256,192,214.92,214.92,126.921,97.848,-0.24360100633,-0.76875782818,0.591328970478,0.0769969613867,-0.479429875565,0.625442827464,0.615603983085,1.31883534348,-0.843092844313,-0.133539024954,-0.520923972076,0.421892322425,0,0,0,1,218,12,c9da2456432f7f238859c4cef2c290f33a425c9d49e3fee4314d34d6c795c531,TRAIN
48018874,653464.300,lowres_wide/48018874_653464.300.png,lowres_depth/48018874_653464.300.png,confidence/48018874_653464.300.png,lowres_wide_intrinsics/48018874_653464.300.pincam,653464.29987400,0.00012600,653464.300,0.000,256,192,214.859,214.859,126.961,97.8312,-0.267182522059,-0.779454694736,0.56662498953,0.134589566994,-0.588100243513,0.597694240677,0.544885032132,1.29286341908,-0.763381689252,-0.187648537207,-0.618090950426,0.344908362575,0,0,0,1,219,12,c9da2456432f7f238859c4cef2c290f33a425c9d49e3fee4314d34d6c795c531,TRAIN
48018874,653464.500,lowres_wide/48018874_653464.500.png,lowres_depth/48018874_653464.500.png,confidence/48018874_653464.500.png,lowres_wide_intrinsics/48018874_653464.500.pincam,653464.49979321,0.00020679,653464.500,0.000,256,192,214.799,214.799,127.016,97.8183,-0.304162891891,-0.785094727971,0.539547220648,0.194500120096,-0.685557229559,0.573656015781,0.448252228726,1.2727255973,-0.661434970497,-0.233548803618,-0.712712239359,0.278642730953,0,0,0,1,220,12,c9da2456432f7f238859c4cef2c290f33a425c9d49e3fee4314d34d6c795c531,TRAIN
48018874,653464.700,lowres_wide/48018874_653464.700.png,lowres_depth/48018874_653464.700.png,confidence/48018874_653464.700.png,lowres_wide_intrinsics/48018874_653464.700.pincam,653464.69971217,0.00028783,653464.700,0.000,256,192,214.739,214.739,127.085,97.8126,-0.383942082646,-0.768367861409,0.512054007627,0.268156076268,-0.746363137235,0.584748875628,0.317821993936,1.24837301197,-0.54362721101,-0.260152997303,-0.797991148725,0.217895641627,0,0,0,1,221,12,c9da2456432f7f238859c4cef2c290f33a425c9d49e3fee4314d34d6c795c531,TRAIN
48018874,653464.900,lowres_wide/48018874_653464.900.png,lowres_depth/48018874_653464.900.png,confidence/48018874_653464.900.png,lowres_wide_intrinsics/48018874_653464.900.pincam,653464.89963146,0.00036854,653464.900,0.000,256,192,214.739,214.739,127.146,97.8136,-0.490164243431,-0.726635242506,0.481394057722,0.342839147115,-0.749499015267,0.633311004149,0.192791073804,1.22582415144,-0.444960942754,-0.266305081386,-0.855038807921,0.164100952293,0,0,0,1,222,12,c9da2456432f7f238859c4cef2c290f33a425c9d49e3fee4314d34d6c795c531,TRAIN
48018874,653465.200,lowres_wide/48018874_653465.200.png,lowres_depth/48018874_653465.200.png,confidence/48018874_653465.200.png,lowres_wide_intrinsics/48018874_653465.200.pincam,653465.19950992,0.00049008,653465.200,0.000,256,192,214.739,214.739,127.202,97.8249,-0.617096913385,-0.663859002127,0.42247204024,0.426188314529,-0.701852666238,0.707116760829,0.0859576724284,1.22106008884,-0.355800835279,-0.243468913516,-0.90229078116,0.108420846073,0,0,0,1,223,12,c9da2456432f7f238859c4cef2c290f33a425c9d49e3fee4314d34d6c795c531,TRAIN
48018874,653465.499,lowres_wide/48018874_653465.499.png,lowres_depth/48018874_653465.499.png,confidence/48018874_653465.499.png,lowres_wide_intrinsics/48018874_653465.499.pincam,653465.49938854,0.00038854,653465.499,0.000,256,192,214.739,214.739,127.122,97.8333,-0.657245959263,-0.55334613774,0.511698935782,0.462449646998,-0.574691192979,0.807201406656,0.134743911939,1.24895317405,-0.487604124003,-0.205508980193,-0.848533014864,0.14619328482,0,0,0,1,224,12,c9da2456432f7f238859c4cef2c290f33a425c9d49e3fee4314d34d6c795c531,TRAIN
48018874,653465.699,lowres_wide/48018874_653465.699.png,lowres_depth/48018874_653465.699.png,confidence/48018874_653465.699.png,lowres_wide_intrinsics/48018874_653465.699.pincam,653465.69930758,0.00030758,653465.699,0.000,256,192,212.389,212.389,127.025,97.8367,-0.612017025694,-0.440208676593,0.657001888363,0.4356995646,-0.441424040518,0.879454465319,0.178058023922,1.24571842675,-0.656185931512,-0.181041885988,-0.73255979879,0.225682051355,0,0,0,1,225,12,c9da2456432f7f238859c4cef2c290f33a425c9d49e3fee4314d34d6c795c531,TRAIN
48018874,653465.799,lowres_wide/48018874_653465.799.png,lowres_depth/48018874_653465.799.png,confidence/48018874_653465.799.png,lowres_wide_intrinsics/48018874_653465.799.pincam,653465.79926708,0.00026708,653465.799,0.000,256,192,212.871,212.871,126.966,97.832,-0.531379806798,-0.36067615638,0.766516934677,0.408749862773,-0.362657746033,0.914582179525,0.178937967289,1.22983685965,-0.765581387032,-0.182899281339,-0.616792503777,0.281469373514,0,0,0,1,226,12,c9da2456432f7f238859c4cef2c290f33a425c9d49e3fee4314d34d6c795c531,TRAIN
48018874,653465.899,lowres_wide/48018874_653465.899.png,lowres_depth/48018874_653465.899.png,confidence/48018874_653465.899.png,lowres_wide_intrinsics/48018874_653465.899.pincam,653465.89922658,0.00022658,653465.899,0.000,256,192,212.991,212.991,126.925,97.8279,-0.429946177774,-0.301721204004,0.850946883931,0.375232874432,-0.307188039,0.935162089809,0.176372828063,1.21073828593,-0.84898868833,-0.185569881279,-0.494754511095,0.341455362187,0,0,0,1,227,12,c9da2456432f7f238859c4cef2c290f33a425c9d49e3fee4314d34d6c795c531,TRAIN
48018874,653466.099,lowres_wide/48018874_653466.099.png,lowres_depth/48018874_653466.099.png,confidence/48018874_653466.099.png,lowres_wide_intrinsics/48018874_653466.099.pincam,653466.09914554,0.00014554,653466.099,0.000,256,192,213.112,213.112,126.888,97.8273,-0.224221154245,-0.212382269616,0.951114422949,0.29172167034,-0.223708811111,0.96111909402,0.161877901336,1.17965706471,-0.948514228581,-0.176476226904,-0.263015017665,0.452845237267,0,0,0,1,228,12,c9da2456432f7f238859c4cef2c290f33a425c9d49e3fee4314d34d6c795c531,TRAIN
48018874,653466.299,lowres_wide/48018874_653466.299.png,lowres_depth/48018874_653466.299.png,confidence/48018874_653466.299.png,lowres_wide_intrinsics/48018874_653466.299.pincam,653466.29906467,0.00006467,653466.299,0.000,256,192,213.172,213.172,126.888,97.8459,-0.0355663017757,-0.125460906651,0.991460840921,0.202422807479,-0.123609020846,0.985022778531,0.120212044903,1.15253853689,-0.991693424473,-0.118278005888,-0.0505417172228,0.548542922526,0,0,0,1,229,12,c9da2456432f7f238859c4cef2c290f33a425c9d49e3fee4314d34d6c795c531,TRAIN
48018874,653466.499,lowres_wide/48018874_653466.499.png,lowres_depth/48018874_653466.499.png,confidence/48018874_653466.499.png,lowres_wide_intrinsics/48018874_653466.499.pincam,653466.49898388,0.00001612,653466.499,0.000,256,192,213.293,213.293,126.919,97.8618,0.152858678156,-0.0758850076079,0.985330244199,0.121986407795,-0.0617633010586,0.994364788403,0.0861624177185,1.13522591721,-0.986316135504,-0.0740279217938,0.147310378589,0.649508162641,0,0,0,1,230,12,c9da2456432f7f238859c4cef2c290f33a425c9d49e3fee4314d34d6c795c531,TRAIN
48018874,653466.699,lowres_wide/48018874_653466.699.png,lowres_depth/48018874_653466.699.png,confidence/48018874_653466.699.png,lowres_wide_intrinsics/48018874_653466.699.pincam,653466.69890287,0.00009713,653466.699,0.000,256,192,213.353,213.353,126.953,97.8808,0.27592385385,-0.0784331992138,0.957974039386,0.0678848530437,-0.00122934332994,0.996635465718,0.0819526521051,1.12407076809,-0.961178711578,-0.0237903705977,0.274899077255,0.727788883526,0,0,0,1,231,12,c9da2456432f7f238859c4cef2c290f33a425c9d49e3fee4314d34d6c795c531,TRAIN
48018874,653467.299,lowres_wide/48018874_653467.299.png,lowres_depth/48018874_653467.299.png,confidence/48018874_653467.299.png,lowres_wide_intrinsics/48018874_653467.299.pincam,653467.29865962,0.00034038,653467.299,0.000,256,192,213.293,213.293,126.928,97.889,0.181850323931,0.0542385954608,0.981829228761,0.0733828972271,-0.00995680333978,0.998528000776,-0.053316917896,1.18285756787,-0.983275811639,-8.01817536505e-05,0.182122683423,0.705743205757,0,0,0,1,232,12,c9da2456432f7f238859c4cef2c290f33a425c9d49e3fee4314d34d6c795c531,TRAIN
48018874,653467.499,lowres_wide/48018874_653467.499.png,lowres_depth/48018874_653467.499.png,confidence/48018874_653467.499.png,lowres_wide_intrinsics/48018874_653467.499.pincam,653467.49857904,0.00042096,653467.499,0.000,256,192,213.172,213.172,126.883,97.883,-0.0587884874345,0.119777170202,0.991058698183,0.125146775897,-0.00852676351758,0.992679276686,-0.120478827772,1.20133605125,-0.998234044726,-0.015533291204,-0.0573368015789,0.573679394075,0,0,0,1,233,12,c9da2456432f7f238859c4cef2c290f33a425c9d49e3fee4314d34d6c795c531,TRAIN
48018874,653467.599,lowres_wide/48018874_653467.599.png,lowres_depth/48018874_653467.599.png,confidence/48018874_653467.599.png,lowres_wide_intrinsics/48018874_653467.599.pincam,653467.59853858,0.00046142,653467.599,0.000,256,192,213.112,213.112,126.876,97.8797,-0.23857886712,0.140643937699,0.960884700134,0.15022817605,0.00593366242099,0.989649778767,-0.143380985618,1.20569585242,-0.971104997317,-0.0285061076791,-0.236944056711,0.489204489146,0,0,0,1,234,12,c9da2456432f7f238859c4cef2c290f33a425c9d49e3fee4314d34d6c795c531,TRAIN
48018874,653467.698,lowres_wide/48018874_653467.698.png,lowres_depth/48018874_653467.698.png,confidence/48018874_653467.698.png,lowres_wide_intrinsics/48018874_653467.698.pincam,653467.69849808,0.00049808,653467.698,0.000,256,192,213.052,213.052,126.891,97.8736,-0.405388934258,0.155639157266,0.900797571437,0.16356900771,0.0166675530377,0.986494385609,-0.162944836793,1.20717877056,-0.913992343872,-0.0510419424323,-0.402508031542,0.398551096093,0,0,0,1,235,12,c9da2456432f7f238859c4cef2c290f33a425c9d49e3fee4314d34d6c795c531,TRAIN
48018874,653467.798,lowres_wide/48018874_653467.798.png,lowres_depth/48018874_653467.798.png,confidence/48018874_653467.798.png,lowres_wide_intrinsics/48018874_653467.798.pincam,653467.79845729,0.00045729,653467.798,0.000,256,192,212.931,212.931,126.915,97.8747,-0.515814886504,0.159058664777,0.841804813493,0.160545747139,0.0366266359209,0.985809190117,-0.163825303971,1.20461961512,-0.855916755533,-0.0536710521538,-0.514320839319,0.308570051958,0,0,0,1,236,12,c9da2456432f7f238859c4cef2c290f33a425c9d49e3fee4314d34d6c795c531,TRAIN
48018874,653467.898,lowres_wide/48018874_653467.898.png,lowres_depth/48018874_653467.898.png,confidence/48018874_653467.898.png,lowres_wide_intrinsics/48018874_653467.898.pincam,653467.89841721,0.00041721,653467.898,0.000,256,192,212.871,212.871,126.955,97.8791,-0.632448099012,0.154196110219,0.759100099887,0.151481273398,0.0600064247297,0.986794364316,-0.15045302106,1.1997909753,-0.772274971138,-0.0496028441538,-0.633348977109,0.221454960792,0,0,0,1,237,12,c9da2456432f7f238859c4cef2c290f33a425c9d49e3fee4314d34d6c795c531,TRAIN
48018874,653467.998,lowres_wide/48018874_653467.998.png,lowres_depth/48018874_653467.998.png,confidence/48018874_653467.998.png,lowres_wide_intrinsics/48018874_653467.998.pincam,653467.99837671,0.00037671,653467.998,0.000,256,192,212.811,212.811,127.013,97.8821,-0.741874837389,0.1506938364,0.653385868626,0.135382594732,0.0782426070208,0.98721794827,-0.138848179895,1.19713443978,-0.665957821559,-0.0518853571291,-0.744182833462,0.141734169965,0,0,0,1,238,12,c9da2456432f7f238859c4cef2c290f33a425c9d49e3fee4314d34d6c795c531,TRAIN
48018874,653468.198,lowres_wide/48018874_653468.198.png,lowres_depth/48018874_653468.198.png,confidence/48018874_653468.198.png,lowres_wide_intrinsics/48018874_653468.198.pincam,653468.19829583,0.00029583,653468.198,0.000,256,192,212.75,212.75,127.105,97.889,-0.854832773917,0.166517978064,0.491459755848,0.0796742253185,0.12026704534,0.984901566433,-0.124518039833,1.19708397313,-0.504773975599,-0.0473356886535,-0.861952763287,0.0212750933158,0,0,0,1,239,12,c9da2456432f7f238859c4cef2c290f33a425c9d49e3fee4314d34d6c795c531,TRAIN
48018874,653468.398,lowres_wide/48018874_653468.398.png,lowres_depth/48018874_653468.398.png,confidence/48018874_653468.398.png,lowres_wide_intrinsics/48018874_653468.398.pincam,653468.39821450,0.00021450,653468.398,0.000,256,192,212.69,212.69,127.193,97.9045,-0.91434560697,0.195825980756,0.354435179231,0.0214804562375,0.17610100394,0.980482129976,-0.0874255638164,1.19327098388,-0.364637556248,-0.0175207893183,-0.930984680065,-0.0503797325553,0,0,0,1,240,12,c9da2456432f7f238859c4cef2c290f33a425c9d49e3fee4314d34d6c795c531,TRAIN
48018874,653468.898,lowres_wide/48018874_653468.898.png,lowres_depth/48018874_653468.898.png,confidence/48018874_653468.898.png,lowres_wide_intrinsics/48018874_653468.898.pincam,653468.89801187,0.00001187,653468.898,0.000,256,192,212.69,212.69,127.163,97.8995,-0.869301011593,0.299736977019,0.39303116397,0.00257815161855,0.261028859679,0.953618765686,-0.149917257669,1.11372915387,-0.419737639078,-0.0277307471971,-0.907221758999,-0.0380159825984,0,0,0,1,241,12,c9da2456432f7f238859c4cef2c290f33a425c9d49e3fee4314d34d6c795c531,TRAIN
48018874,653469.098,lowres_wide/48018874_653469.098.png,lowres_depth/48018874_653469.098.png,confidence/48018874_653469.098.png,lowres_wide_intrinsics/48018874_653469.098.pincam,653469.09793142,0.00006858,653469.098,0.000,256,192,212.811,212.811,127.037,97.8914,-0.733423774697,0.35090126836,0.582200881631,0.0314086224184,0.255381655347,0.935960198408,-0.242401974224,1.05203643568,-0.629976012893,-0.0290999460335,-0.77606920846,0.0600879640521,0,0,0,1,242,12,c9da2456432f7f238859c4cef2c290f33a425c9d49e3fee4314d34d6c795c531,TRAIN
48018874,653469.298,lowres_wide/48018874_653469.298.png,lowres_depth/48018874_653469.298.png,confidence/48018874_653469.298.png,lowres_wide_intrinsics/48018874_653469.298.pincam,653469.29785054,0.00014946,653469.298,0.000,256,192,212.871,212.871,126.953,97.889,-0.57684699633,0.393923661038,0.715591847424,0.059729251729,0.229680350549,0.918911441521,-0.320700326184,0.982514840159,-0.783896982643,-0.0206376335154,-0.620547829491,0.170653946139,0,0,0,1,243,12,c9da2456432f7f238859c4cef2c290f33a425c9d49e3fee4314d34d6c795c531,TRAIN
48018874,653469.498,lowres_wide/48018874_653469.498.png,lowres_depth/48018874_653469.498.png,confidence/48018874_653469.498.png,lowres_wide_intrinsics/48018874_653469.498.pincam,653469.49776950,0.00023050,653469.498,0.000,256,192,212.991,212.991,126.897,97.8799,-0.398453054397,0.424552860756,0.813012934624,0.0803437583382,0.15175121275,0.904717253358,-0.398068161129,0.929765720945,-0.904547805741,-0.0352357758496,-0.424913764462,0.289400801321,0,0,0,1,244,12,c9da2456432f7f238859c4cef2c290f33a425c9d49e3fee4314d34d6c795c531,TRAIN
48018874,653469.698,lowres_wide/48018874_653469.698.png,lowres_depth/48018874_653469.698.png,confidence/48018874_653469.698.png,lowres_wide_intrinsics/48018874_653469.698.pincam,653469.69768833,0.00031167,653469.698,0.000,256,192,213.112,213.112,126.876,97.8783,-0.216744794931,0.428026365888,0.877391089523,0.0818009419287,0.0679358632158,0.903190423855,-0.423829891284,0.893631356576,-0.973861598154,-0.0322566018275,-0.224840163848,0.39220633604,0,0,0,1,245,12,c9da2456432f7f238859c4cef2c290f33a425c9d49e3fee4314d34d6c795c531,TRAIN
48018874,653469.998,lowres_wide/48018874_653469.998.png,lowres_depth/48018874_653469.998.png,confidence/48018874_653469.998.png,lowres_wide_intrinsics/48018874_653469.998.pincam,653469.99756700,0.00043300,653469.998,0.000,256,192,213.172,213.172,126.882,97.8831,-0.0562429990835,0.430961098635,0.900616042783,0.0843176484142,0.00814851634219,0.902211971541,-0.431215908901,0.857132502326,-0.998383857409,-0.0169141914265,-0.0542548006436,0.483784946236,0,0,0,1,246,12,c9da2456432f7f238859c4cef2c290f33a425c9d49e3fee4314d34d6c795c531,TRAIN
48018874,653470.297,lowres_wide/48018874_653470.297.png,lowres_depth/48018874_653470.297.png,confidence/48018874_653470.297.png,lowres_wide_intrinsics/48018874_653470.297.pincam,653470.29744567,0.00044567,653470.297,0.000,256,192,213.293,213.293,126.91,97.8813,0.0983539105385,0.407181064776,0.908036391765,0.0672045917675,-0.0688103937242,0.91305917701,-0.401980184826,0.842080126728,-0.992769680237,-0.0229460184966,0.117821229996,0.587222777795,0,0,0,1,247,12,c9da2456432f7f238859c4cef2c290f33a425c9d49e3fee4314d34d6c795c531,TRAIN
48018874,653470.597,lowres_wide/48018874_653470.597.png,lowres_depth/48018874_653470.597.png,confidence/48018874_653470.597.png,lowres_wide_intrinsics/48018874_653470.597.pincam,653470.59732408,0.00032408,653470.597,0.000,256,192,213.353,213.353,126.937,97.8762,0.183110821137,0.413181891295,0.892048850618,0.0358418022272,-0.125243992048,0.909801506953,-0.395695792753,0.836475638422,-0.975081724595,-0.0392675776216,0.218343050517,0.684355430728,0,0,0,1,248,12,c9da2456432f7f238859c4cef2c290f33a425c9d49e3fee4314d34d6c795c531,TRAIN
48018874,653470.897,lowres_wide/48018874_653470.897.png,lowres_depth/48018874_653470.897.png,confidence/48018874_653470.897.png,lowres_wide_intrinsics/48018874_653470.897.pincam,653470.89720271,0.00020271,653470.897,0.000,256,192,213.413,213.413,126.968,97.878,0.246052959434,0.543776297294,0.802349848666,0.00276698706452,-0.200800995828,0.838438337837,-0.506655813861,0.849639506457,-0.948228295944,-0.0364484861994,0.315491056332,0.782994316391,0,0,0,1,249,12,c9da2456432f7f238859c4cef2c290f33a425c9d49e3fee4314d34d6c795c531,TRAIN
48018874,653471.197,lowres_wide/48018874_653471.197.png,lowres_depth/48018874_653471.197.png,confidence/48018874_653471.197.png,lowres_wide_intrinsics/48018874_653471.197.pincam,653471.19708117,0.00008117,653471.197,0.000,256,192,213.474,213.474,126.991,97.875,0.237888962154,0.696512726888,0.676962970161,-0.0108692789652,-0.289624174291,0.716132208773,-0.635037398288,0.889179804632,-0.927106617036,-0.0449964536504,0.372086871318,0.84710467746,0,0,0,1,250,12,c9da2456432f7f238859c4cef2c290f33a425c9d49e3fee4314d34d6c795c531,TRAIN
48018874,653471.597,lowres_wide/48018874_653471.597.png,lowres_depth/48018874_653471.597.png,confidence/48018874_653471.597.png,lowres_wide_intrinsics/48018874_653471.597.pincam,653471.59691917,0.00008083,653471.597,0.000,256,192,213.474,213.474,127.018,97.8929,0.274043101653,0.776021724977,0.568058677251,-0.0188113135776,-0.33724328059,0.630706176108,-0.698911073825,0.95949744837,-0.90064829325,-4.22134333334e-05,0.434548789073,0.875992135874,0,0,0,1,251,12,c9da2456432f7f238859c4cef2c290f33a425c9d49e3fee4314d34d6c795c531,TRAIN
48018874,653471.897,lowres_wide/48018874_653471.897.png,lowres_depth/48018874_653471.897.png,confidence/48018874_653471.897.png,lowres_wide_intrinsics/48018874_653471.897.pincam,653471.89679779,0.00020221,653471.897,0.000,256,192,213.474,213.474,126.98,97.8923,0.218064247719,0.775175674192,0.592917075153,0.0351339933587,-0.266690026794,0.631745455854,-0.727855829555,0.983900168797,-0.938788801315,0.000594263260174,0.344492718901,0.817015610302,0,0,0,1,252,12,c9da2456432f7f238859c4cef2c290f33a425c9d49e3fee4314d34d6c795c531,TRAIN
48018874,653472.097,lowres_wide/48018874_653472.097.png,lowres_depth/48018874_653472.097.png,confidence/48018874_653472.097.png,lowres_wide_intrinsics/48018874_653472.097.pincam,653472.09671675,0.00028325,653472.097,0.000,256,192,213.353,213.353,126.937,97.8813,0.121623184701,0.746622348799,0.654035831753,0.0879923277245,-0.178637907871,0.664633153812,-0.725500702085,0.968799842182,-0.97636893581,-0.0285978867665,0.214209855184,0.747975999019,0,0,0,1,253,12,c9da2456432f7f238859c4cef2c290f33a425c9d49e3fee4314d34d6c795c531,TRAIN
48018874,653472.297,lowres_wide/48018874_653472.297.png,lowres_depth/48018874_653472.297.png,confidence/48018874_653472.297.png,lowres_wide_intrinsics/48018874_653472.297.pincam,653472.29663575,0.00036425,653472.297,0.000,256,192,213.233,213.233,126.896,97.8772,-0.00349849868149,0.750918996758,0.660385054961,0.126688324001,-0.0550085572085,0.659244663659,-0.749913683081,0.945458813945,-0.998479753996,-0.0389504011069,0.0390006040055,0.658898143079,0,0,0,1,254,12,c9da2456432f7f238859c4cef2c290f33a425c9d49e3fee4314d34d6c795c531,TRAIN
48018874,653472.497,lowres_wide/48018874_653472.497.png,lowres_depth/48018874_653472.497.png,confidence/48018874_653472.497.png,lowres_wide_intrinsics/48018874_653472.497.pincam,653472.49655483,0.00044517,653472.497,0.000,256,192,213.172,213.172,126.877,97.87,-0.148200196883,0.745840018299,0.649430033758,0.155130786087,0.0762829581727,0.663346234726,-0.744414322247,0.910691926678,-0.986010959339,-0.0607819050182,-0.155202925507,0.54367840036,0,0,0,1,255,12,c9da2456432f7f238859c4cef2c290f33a425c9d49e3fee4314d34d6c795c531,TRAIN
48018874,653472.696,lowres_wide/48018874_653472.696.png,lowres_depth/48018874_653472.696.png,confidence/48018874_653472.696.png,lowres_wide_intrinsics/48018874_653472.696.pincam,653472.69647367,0.00047367,653472.696,0.000,256,192,212.991,212.991,126.89,97.8745,-0.307525953827,0.725298826575,0.615929703694,0.1760794968,0.251554148334,0.686238056724,-0.682493838771,0.873045543217,-0.917686383346,-0.0549448967026,-0.393487941553,0.406267565526,0,0,0,1,256,12,c9da2456432f7f238859c4cef2c290f33a425c9d49e3fee4314d34d6c795c531,TRAIN
48018874,653472.896,lowres_wide/48018874_653472.896.png,lowres_depth/48018874_653472.896.png,confidence/48018874_653472.896.png,lowres_wide_intrinsics/48018874_653472.896.pincam,653472.89639254,0.00039254,653472.896,0.000,256,192,212.931,212.931,126.938,97.8782,-0.445529941102,0.709604028132,0.545861882568,0.169028876085,0.386071803405,0.702397341895,-0.597985398412,0.855018788902,-0.807744782835,-0.0556785179214,-0.586897153209,0.274764783736,0,0,0,1,257,12,c9da2456432f7f238859c4cef2c290f33a425c9d49e3fee4314d34d6c795c531,TRAIN
48018874,653473.096,lowres_wide/48018874_653473.096.png,lowres_depth/48018874_653473.096.png,confidence/48018874_653473.096.png,lowres_wide_intrinsics/48018874_653473.096.pincam,653473.09631217,0.00031217,653473.096,0.000,256,192,212.811,212.811,127.012,97.8824,-0.543819197534,0.718472981862,0.433655686839,0.131841988019,0.508462124514,0.693190241342,-0.510836135412,0.827636704489,-0.667627851672,-0.0573050053932,-0.742286459548,0.161060855528,0,0,0,1,258,12,c9da2456432f7f238859c4cef2c290f33a425c9d49e3fee4314d34d6c795c531,TRAIN
48018874,653473.296,lowres_wide/48018874_653473.296.png,lowres_depth/48018874_653473.296.png,confidence/48018874_653473.296.png,lowres_wide_intrinsics/48018874_653473.296.pincam,653473.29623104,0.00023104,653473.296,0.000,256,192,212.75,212.75,127.108,97.8886,-0.575338473691,0.765255820664,0.288737198212,0.0632806068526,0.642963628616,0.6413539451,-0.418644108261,0.788953783656,-0.505552581803,-0.0552145455877,-0.861027259143,0.0600290076271,0,0,0,1,259,12,c9da2456432f7f238859c4cef2c290f33a425c9d49e3fee4314d34d6c795c531,TRAIN
48018874,653473.496,lowres_wide/48018874_653473.496.png,lowres_depth/48018874_653473.496.png,confidence/48018874_653473.496.png,lowres_wide_intrinsics/48018874_653473.496.pincam,653473.49615000,0.00015000,653473.496,0.000,256,192,212.69,212.69,127.192,97.8896,-0.565136196649,0.807456053137,0.16922116147,-0.0190092155848,0.737709850007,0.58642365234,-0.334501834344,0.757588017187,-0.369330822489,-0.0642029767876,-0.927077516355,-0.0199145623101,0,0,0,1,260,12,c9da2456432f7f238859c4cef2c290f33a425c9d49e3fee4314d34d6c795c531,TRAIN
48018874,653473.696,lowres_wide/48018874_653473.696.png,lowres_depth/48018874_653473.696.png,confidence/48018874_653473.696.png,lowres_wide_intrinsics/48018874_653473.696.pincam,653473.69606900,0.00006900,653473.696,0.000,256,192,212.63,212.63,127.256,97.8937,-0.522997733482,0.847038142934,0.0948670395172,-0.100880767129,0.807322505874,0.527992004803,-0.263542813168,0.73209340878,-0.273319853434,-0.0612439978943,-0.959971577934,-0.0672292989258,0,0,0,1,261,12,c9da2456432f7f238859c4cef2c290f33a425c9d49e3fee4314d34d6c795c531,TRAIN
48018874,653473.896,lowres_wide/48018874_653473.896.png,lowres_depth/48018874_653473.896.png,confidence/48018874_653473.896.png,lowres_wide_intrinsics/48018874_653473.896.pincam,653473.89598804,0.00001196,653473.896,0.000,256,192,212.69,212.69,127.296,97.8992,-0.458234114543,0.887148536543,0.0546714768249,-0.176312021349,0.862828160688,0.458755240699,-0.212299774506,0.716892040126,-0.213422260771,-0.0501109093973,-0.975674041556,-0.0988002682731,0,0,0,1,262,12,c9da2456432f7f238859c4cef2c290f33a425c9d49e3fee4314d34d6c795c531,TRAIN
48018874,653474.296,lowres_wide/48018874_653474.296.png,lowres_depth/48018874_653474.296.png,confidence/48018874_653474.296.png,lowres_wide_intrinsics/48018874_653474.296.pincam,653474.29582642,0.00017358,653474.296,0.000,256,192,212.69,212.69,127.276,97.9105,-0.385608611566,0.918795698152,0.0843828403344,-0.225112187514,0.888633600032,0.394439085345,-0.23398318924,0.644568569147,-0.248266638074,-0.0152405055454,-0.96857183699,-0.080467975934,0,0,0,1,263,12,c9da2456432f7f238859c4cef2c290f33a425c9d49e3fee4314d34d6c795c531,TRAIN
48018874,653474.596,lowres_wide/48018874_653474.596.png,lowres_depth/48018874_653474.596.png,confidence/48018874_653474.596.png,lowres_wide_intrinsics/48018874_653474.596.pincam,653474.59570500,0.00029500,653474.596,0.000,256,192,212.69,212.69,127.243,97.8783,-0.307832900528,0.951440022614,-0.00088809924055,-0.195194620423,0.902176263443,0.291597177386,-0.317882172858,0.550376484075,-0.302186854501,-0.0986558133512,-0.948129809393,-0.012853219393,0,0,0,1,264,12,c9da2456432f7f238859c4cef2c290f33a425c9d49e3fee4314d34d6c795c531,TRAIN
48018874,653474.896,lowres_wide/48018874_653474.896.png,lowres_depth/48018874_653474.896.png,confidence/48018874_653474.896.png,lowres_wide_intrinsics/48018874_653474.896.pincam,653474.89558321,0.00041679,653474.896,0.000,256,192,212.69,212.69,127.233,97.8912,-0.2132169632,0.976940367413,0.0112269819462,-0.155654967346,0.923970097574,0.205364137011,-0.322652801041,0.450628746381,-0.317518165455,-0.0584216548017,-0.946450804245,0.00613749517257,0,0,0,1,265,12,c9da2456432f7f238859c4cef2c290f33a425c9d49e3fee4314d34d6c795c531,TRAIN
48018874,653475.195,lowres_wide/48018874_653475.195.png,lowres_depth/48018874_653475.195.png,confidence/48018874_653475.195.png,lowres_wide_intrinsics/48018874_653475.195.pincam,653475.19546213,0.00046213,653475.195,0.000,256,192,212.63,212.63,127.268,97.8935,-0.153453749533,0.988020873911,-0.0163309360116,-0.106357289268,0.953148821519,0.143637207575,-0.266224861043,0.360352335824,-0.260689989819,-0.0564190155597,-0.963772599679,-0.00172492603163,0,0,0,1,266,12,c9da2456432f7f238859c4cef2c290f33a425c9d49e3fee4314d34d6c795c531,TRAIN
