{
  "AbsRel": 0.34434037854589233,
  "RMSE": 0.7413108904323874,
  "delta1": 0.44829184327689114,
  "delta2": 0.6814676640642194,
  "delta3": 0.7990576865201852,
  "median_ratio": 0.9150810837745667,
  "overlap": 1.0,
  "selected_candidate": "C3_METRIC_SEED_PLUS_DEPTH",
  "steps": 10000
}
