activation_index,gtep_h5_feasible,best_min_h,shadow_only
1,False,0.00036034989170730114,True
18,False,0.0003829323686659336,True
34,False,0.00048790278378874063,True
