primitive_family,generated_count,feasible_count,selected_count,best_min_h
p0,68,0,7,0.00048790278378874063
p1,26,0,0,0.0004452053690329194
p2,136,0,0,0.00048790278378874063
p3,136,0,13,0.00048790278378874063
p4,136,0,0,0.00048790278378874063
p5,136,0,0,0.00048790278378874063
p6,136,0,14,0.00048790278378874063
