{
  "candidate": "C_L050_K2000_B020",
  "final_10000_executed": true,
  "checkpoint_step": 9999,
  "checkpoint_sha256": "475c222e1010dde0c4f1ac4ba9da077a844518c5476d45ea50cb3f9ea06a4d21",
  "AbsRel": 0.18812692596428657,
  "RMSE": 0.47708213822716855,
  "RMSElog": 0.2659276329399413,
  "SqRel": 0.10529063199733223,
  "delta1": 0.6856315701210094,
  "delta2": 0.9026701017337532,
  "delta3": 0.9721261446150525,
  "median_predicted_over_gt_ratio": 0.9929871559143066,
  "gaussian_count": 177011,
  "formal_training": false
}
