environment,state_id,represented_nearest_obstacle_proxy_m,reference_clearance_m,route_curvature,velocity_magnitude,one_step_displacement_m,one_step_displacement_over_reference_clearance,stopping_horizon,stopping_distance_proxy_m,stopping_distance_over_reference_clearance,local_gaussian_count,scale_statistics,covariance_anisotropy,opacity_statistics,active_primitive_count,unknown,map_reference_disagreement,goal_distance_m,route_trial_phase,map_type,reference_tier,any_incremental_activation
E1_REPLICA_GT_FINE,002b6f245470919aaa880323bfdda87cf5e080c8098daa51628f914b81a5ede6,0.4526164512769013,0.47559818622749234,NOT_EVALUABLE,0.025,0.0012500000000000002,0.002628269064512557,5,0.0012500000000000002,0.002628269064512557,,ENVIRONMENT_LEVEL_ONLY,NOT_EVALUATED,NOT_EVALUATED,,False,False,0.5048100928353011,0.5,GT-derived isotropic spheres,TIER_R3_REFERENCE_COMPLETE,False
E1_REPLICA_GT_FINE,02b145999e5475b5f73ab85539be45cdbcecbc2e4ff51edc10178fd1a57cafa2,0.3895556094066358,0.41560803425659487,NOT_EVALUABLE,0.0,0.0,0.0,0,0.0,0.0,,ENVIRONMENT_LEVEL_ONLY,NOT_EVALUATED,NOT_EVALUATED,,False,False,0.4896773537930102,0.25,GT-derived isotropic spheres,TIER_R3_REFERENCE_COMPLETE,False
E1_REPLICA_GT_FINE,0722f797f394ad578c2f9a6f6dd0e3b791e2bb0d6749d512fb4e6a38af170e7b,0.6632169172448924,0.6877435604734716,NOT_EVALUABLE,0.10000000000000002,0.005000000000000001,0.007270151677694794,18,0.005000000000000001,0.007270151677694794,,ENVIRONMENT_LEVEL_ONLY,NOT_EVALUATED,NOT_EVALUATED,,False,False,0.2647843154526717,0.75,GT-derived isotropic spheres,TIER_R3_REFERENCE_COMPLETE,False
E1_REPLICA_GT_FINE,093f73b9f5eb9fb16c58e8e7316af135c0e14ce15c372404d029b6ab3edab683,0.46052594423823917,0.48780313910744544,NOT_EVALUABLE,0.1,0.005000000000000001,0.010250036539635063,20,0.005000000000000001,0.010250036539635063,,ENVIRONMENT_LEVEL_ONLY,NOT_EVALUATED,NOT_EVALUATED,,False,False,0.8339657750902423,0.5,GT-derived isotropic spheres,TIER_R3_REFERENCE_COMPLETE,False
E1_REPLICA_GT_FINE,0a80081e9b4e0e3e951f9eef10620f5e34d9922a52db7850e1c45e9a0d9bee42,0.5981907305939725,0.620286200611137,NOT_EVALUABLE,0.075,0.00375,0.006045596365524998,15,0.00375,0.006045596365524998,,ENVIRONMENT_LEVEL_ONLY,NOT_EVALUATED,NOT_EVALUATED,,False,False,0.2738249336999206,0.75,GT-derived isotropic spheres,TIER_R3_REFERENCE_COMPLETE,False
E1_REPLICA_GT_FINE,0aa90e8ccad37e81b2195c3905fc747f18f8a522c71c0a833d9de3fd767be83d,0.4451838630972446,0.4723833157459409,NOT_EVALUABLE,0.0,0.0,0.0,0,0.0,0.0,,ENVIRONMENT_LEVEL_ONLY,NOT_EVALUATED,NOT_EVALUATED,,False,False,0.40646620740591516,0.25,GT-derived isotropic spheres,TIER_R3_REFERENCE_COMPLETE,False
E1_REPLICA_GT_FINE,0b121c60bd31b77c8f5575eed58adc1e7a55ae858050bc9c9fc9b9092c4cf0b7,0.35953565019525147,0.38211136537032825,NOT_EVALUABLE,0.07499999999999998,0.0037499999999999994,0.009813892859129269,15,0.0037499999999999994,0.009813892859129269,,ENVIRONMENT_LEVEL_ONLY,NOT_EVALUATED,NOT_EVALUATED,,False,False,0.6453299488985148,0.25,GT-derived isotropic spheres,TIER_R3_REFERENCE_COMPLETE,False
E1_REPLICA_GT_FINE,0de405729582eada3fa4a67b8dd7c0875a9d081e2d784efb7c5911dc17987035,0.5228393717776723,0.5506341622531978,NOT_EVALUABLE,0.075,0.00375,0.0068103293567093265,15,0.00375,0.0068103293567093265,,ENVIRONMENT_LEVEL_ONLY,NOT_EVALUATED,NOT_EVALUATED,,False,False,0.4836382297108149,0.5,GT-derived isotropic spheres,TIER_R3_REFERENCE_COMPLETE,False
E1_REPLICA_GT_FINE,0fa0f752868922b62e138a9eb25a2f6a37be9f274c001aca0097a1b03104fffa,0.49712283601892593,0.5100347016843638,NOT_EVALUABLE,0.025,0.0012500000000000002,0.0024508136326252673,5,0.0012500000000000002,0.0024508136326252673,,ENVIRONMENT_LEVEL_ONLY,NOT_EVALUATED,NOT_EVALUATED,,False,False,0.2967866666132528,0.75,GT-derived isotropic spheres,TIER_R3_REFERENCE_COMPLETE,False
E1_REPLICA_GT_FINE,12582840ae60f713f54a96de02be975353cdfd7834eb8cd93d4f79ba458c5aa3,0.3690031218200704,0.38882716261568523,NOT_EVALUABLE,0.1,0.005000000000000001,0.012859183927286416,20,0.005000000000000001,0.012859183927286416,,ENVIRONMENT_LEVEL_ONLY,NOT_EVALUATED,NOT_EVALUATED,,False,False,0.3476833984741654,0.75,GT-derived isotropic spheres,TIER_R3_REFERENCE_COMPLETE,False
E1_REPLICA_GT_FINE,151a1a74a34a8851dacc7ea099d5f017965f7b711052f65f6c97d24e6b7fb8b0,0.5213648278296411,0.5456779970358058,NOT_EVALUABLE,0.1,0.005000000000000001,0.009162912976445184,20,0.005000000000000001,0.009162912976445184,,ENVIRONMENT_LEVEL_ONLY,NOT_EVALUATED,NOT_EVALUATED,,False,False,0.6803730256890319,0.5,GT-derived isotropic spheres,TIER_R3_REFERENCE_COMPLETE,False
E1_REPLICA_GT_FINE,16fe88262694ace7502b8af046b32807208de36081c7b9899ad12e38ab16a196,0.5298858016113994,0.5503467430113631,NOT_EVALUABLE,0.025,0.0012500000000000002,0.002271295353108306,5,0.0012500000000000002,0.002271295353108306,,ENVIRONMENT_LEVEL_ONLY,NOT_EVALUATED,NOT_EVALUATED,,False,False,1.1871466664530113,0.0,GT-derived isotropic spheres,TIER_R3_REFERENCE_COMPLETE,False
E1_REPLICA_GT_FINE,18437ce3de5c711fae787001a565271d8ecfeeca74866ca2d0b6528537d04b1a,0.3460103270403769,0.37274710271771794,NOT_EVALUABLE,0.05,0.0025000000000000005,0.006706960246699101,9,0.0025000000000000005,0.006706960246699101,,ENVIRONMENT_LEVEL_ONLY,NOT_EVALUATED,NOT_EVALUATED,,False,False,0.9366161822313801,0.5,GT-derived isotropic spheres,TIER_R3_REFERENCE_COMPLETE,False
E1_REPLICA_GT_FINE,18dedde110ff0022e2bbafe7e5de5fd783c0177fca853e229ad9b409122e5feb,0.3895503226391618,0.41809315598028424,NOT_EVALUABLE,0.0,0.0,0.0,0,0.0,0.0,,ENVIRONMENT_LEVEL_ONLY,NOT_EVALUATED,NOT_EVALUATED,,False,False,0.3878899060418541,0.5,GT-derived isotropic spheres,TIER_R3_REFERENCE_COMPLETE,False
E1_REPLICA_GT_FINE,1ab9bff8b0aedb780f43ffc4b307d88a410cad36aa000e68784a86e995618db8,0.5981907305939725,0.620286200611137,NOT_EVALUABLE,0.0,0.0,0.0,0,0.0,0.0,,ENVIRONMENT_LEVEL_ONLY,NOT_EVALUATED,NOT_EVALUATED,,False,False,0.2738249336999206,0.75,GT-derived isotropic spheres,TIER_R3_REFERENCE_COMPLETE,False
E1_REPLICA_GT_FINE,1b47d079ce1fdb039c02ee650d45faf683d1f0c02d701e68e9ce04f3f02032b4,0.4105658701217623,0.4338423140832032,NOT_EVALUABLE,0.0,0.0,0.0,0,0.0,0.0,,ENVIRONMENT_LEVEL_ONLY,NOT_EVALUATED,NOT_EVALUATED,,False,False,0.4937819590683705,0.75,GT-derived isotropic spheres,TIER_R3_REFERENCE_COMPLETE,False
E1_REPLICA_GT_FINE,1c0b9b0faf9393a40d91912a7ecd9116c9d392161ea9fbf6bdf3ae85e0a4a305,0.5802545597286431,0.6052278481613278,NOT_EVALUABLE,0.0,0.0,0.0,0,0.0,0.0,,ENVIRONMENT_LEVEL_ONLY,NOT_EVALUATED,NOT_EVALUATED,,False,False,0.9035882660954347,0.5,GT-derived isotropic spheres,TIER_R3_REFERENCE_COMPLETE,False
E1_REPLICA_GT_FINE,1cb740911c602d0d9f80ff7185098eb639040f83b9c62124196e3a616f6c0daa,0.15468536426356003,0.17890097714916253,NOT_EVALUABLE,0.05000000000000001,0.0025000000000000005,0.013974210984412745,8,0.0025000000000000005,0.013974210984412745,,ENVIRONMENT_LEVEL_ONLY,NOT_EVALUATED,NOT_EVALUATED,,False,False,0.6635846406107831,0.0,GT-derived isotropic spheres,TIER_R3_REFERENCE_COMPLETE,False
E1_REPLICA_GT_FINE,1e3a8db5cf56d8657520e12aa8a311440dd3d323f43e579c810f2f48f60b1f71,0.20428592813444063,0.23222442990526657,NOT_EVALUABLE,0.1,0.005000000000000001,0.021530895789214324,17,0.005000000000000001,0.021530895789214324,,ENVIRONMENT_LEVEL_ONLY,NOT_EVALUATED,NOT_EVALUATED,,False,False,0.583587641657501,0.0,GT-derived isotropic spheres,TIER_R3_REFERENCE_COMPLETE,False
E1_REPLICA_GT_FINE,1f0c533c1236c8c97be6c7a76973ba2546749a4ca9297e8e5b7ffb80d7f1bc84,0.6886332551698937,0.7149503733668018,NOT_EVALUABLE,0.0,0.0,0.0,0,0.0,0.0,,ENVIRONMENT_LEVEL_ONLY,NOT_EVALUATED,NOT_EVALUATED,,False,False,0.34018651284451595,0.75,GT-derived isotropic spheres,TIER_R3_REFERENCE_COMPLETE,False
E1_REPLICA_GT_FINE,1f5ecb8605c1df18e88b1c245ab84bafd839d6122148ab528c2b7deab1dc9b6b,0.5682799602034803,0.5855965207431605,NOT_EVALUABLE,0.0,0.0,0.0,0,0.0,0.0,,ENVIRONMENT_LEVEL_ONLY,NOT_EVALUATED,NOT_EVALUATED,,False,False,0.7462487888941145,0.0,GT-derived isotropic spheres,TIER_R3_REFERENCE_COMPLETE,False
E1_REPLICA_GT_FINE,1f9cbbe192ea4ef9acc65f459259fd452230124102140cbb868bbdd6fae03712,0.7056908262908499,0.7310132574249625,NOT_EVALUABLE,0.05,0.0025000000000000005,0.0034199106166780046,10,0.0025000000000000005,0.0034199106166780046,,ENVIRONMENT_LEVEL_ONLY,NOT_EVALUATED,NOT_EVALUATED,,False,False,0.2956618472362753,0.5,GT-derived isotropic spheres,TIER_R3_REFERENCE_COMPLETE,False
E1_REPLICA_GT_FINE,204bf2b567d88f8e931cfe6bec4e7c00686259e0c3ee261eba2d37598286a280,0.4836600603064677,0.5121542100831146,NOT_EVALUABLE,0.05,0.0025000000000000005,0.004881342280861637,8,0.0025000000000000005,0.004881342280861637,,ENVIRONMENT_LEVEL_ONLY,NOT_EVALUATED,NOT_EVALUATED,,False,False,0.8669975003602781,0.25,GT-derived isotropic spheres,TIER_R3_REFERENCE_COMPLETE,False
E1_REPLICA_GT_FINE,21762d6d6a7f8ee822b1fc7c0ab62680934b41ce005493f9d92edff6e349ce03,0.4711108916083096,0.49560823244750557,NOT_EVALUABLE,0.07500000000000001,0.0037500000000000007,0.007566460269396751,14,0.0037500000000000007,0.007566460269396751,,ENVIRONMENT_LEVEL_ONLY,NOT_EVALUATED,NOT_EVALUATED,,False,False,0.5935733332265056,0.5,GT-derived isotropic spheres,TIER_R3_REFERENCE_COMPLETE,False
E1_REPLICA_GT_FINE,2211e7fc233d3f44550a3487042a97d8b30645fc3956b09e879d5faa3cb90649,0.43271853556672585,0.454696186489907,NOT_EVALUABLE,0.05,0.0025000000000000005,0.005498176748081202,10,0.0025000000000000005,0.005498176748081202,,ENVIRONMENT_LEVEL_ONLY,NOT_EVALUATED,NOT_EVALUATED,,False,False,0.5091770706572617,0.25,GT-derived isotropic spheres,TIER_R3_REFERENCE_COMPLETE,False
E1_REPLICA_GT_FINE,22729b41d07f36ef7c2897a21d8d89d3c7b2abb21f5249b5a721a1dfce0f7e0a,0.1574778402177374,0.18173771501655317,NOT_EVALUABLE,0.025,0.0012500000000000002,0.0068780439981109415,5,0.0012500000000000002,0.0068780439981109415,,ENVIRONMENT_LEVEL_ONLY,NOT_EVALUATED,NOT_EVALUATED,,False,False,1.3623614830744528,0.0,GT-derived isotropic spheres,TIER_R3_REFERENCE_COMPLETE,False
E1_REPLICA_GT_FINE,22a6fc41ce4db8d437f1cfbb962471b280dc2d651916775c2250a645c8546915,0.147588055540204,0.1666598450246401,NOT_EVALUABLE,0.09999999999999999,0.005,0.030001227945824424,17,0.005,0.030001227945824424,,ENVIRONMENT_LEVEL_ONLY,NOT_EVALUATED,NOT_EVALUATED,,False,False,0.5714294908684288,0.25,GT-derived isotropic spheres,TIER_R3_REFERENCE_COMPLETE,False
E1_REPLICA_GT_FINE,235e1bb5094b3e24617a36b9db8b226891327b847618ba7632b3dfe1e67ead91,0.5228393717776723,0.5506341622531978,NOT_EVALUABLE,0.0,0.0,0.0,0,0.0,0.0,,ENVIRONMENT_LEVEL_ONLY,NOT_EVALUATED,NOT_EVALUATED,,False,False,0.4836382297108149,0.5,GT-derived isotropic spheres,TIER_R3_REFERENCE_COMPLETE,False
E1_REPLICA_GT_FINE,241d4b8b592a08407d1f663e2e0439e35140b1b8356e32ca03083b8da5f7e9bb,0.4895175501075355,0.5072877533986478,NOT_EVALUABLE,0.025,0.0012500000000000002,0.002464084716466037,5,0.0012500000000000002,0.002464084716466037,,ENVIRONMENT_LEVEL_ONLY,NOT_EVALUATED,NOT_EVALUATED,,False,False,0.3957019368625419,0.25,GT-derived isotropic spheres,TIER_R3_REFERENCE_COMPLETE,False
E1_REPLICA_GT_FINE,274a5a83db528364efc054111e3a2be386dd22d2d5d7303088c67a50d6b04b8f,0.33127500628321616,0.34921120609836304,NOT_EVALUABLE,0.1,0.005000000000000001,0.014317982678344065,17,0.005000000000000001,0.014317982678344065,,ENVIRONMENT_LEVEL_ONLY,NOT_EVALUATED,NOT_EVALUATED,,False,False,0.7282058020005625,0.25,GT-derived isotropic spheres,TIER_R3_REFERENCE_COMPLETE,False
E1_REPLICA_GT_FINE,274cfe4d06a4bba970b364b3ced72c1758f65f383a4ff23eecf36593964775dd,1.0690974976101086,1.0974698853629425,NOT_EVALUABLE,0.05,0.0025000000000000005,0.002277966833844584,10,0.0025000000000000005,0.002277966833844584,,ENVIRONMENT_LEVEL_ONLY,NOT_EVALUATED,NOT_EVALUATED,,False,False,0.31398729655854596,0.75,GT-derived isotropic spheres,TIER_R3_REFERENCE_COMPLETE,False
E1_REPLICA_GT_FINE,284cffa5c7386cbcb13718924fef577ac22e98e0a3cc1d74a6c3f333d125aca5,0.5096057804361876,0.5341666274716697,NOT_EVALUABLE,0.1,0.005000000000000001,0.009360375101803198,19,0.005000000000000001,0.009360375101803198,,ENVIRONMENT_LEVEL_ONLY,NOT_EVALUATED,NOT_EVALUATED,,False,False,0.4912261735732453,0.25,GT-derived isotropic spheres,TIER_R3_REFERENCE_COMPLETE,False
E1_REPLICA_GT_FINE,29702195a427c3d65a779f114fa21f600b79230903124132242ea0e0ff96c145,0.5326683777082314,0.561447668146366,NOT_EVALUABLE,0.05,0.0025000000000000005,0.004452774749699852,10,0.0025000000000000005,0.004452774749699852,,ENVIRONMENT_LEVEL_ONLY,NOT_EVALUATED,NOT_EVALUATED,,False,False,0.32748411571549685,0.5,GT-derived isotropic spheres,TIER_R3_REFERENCE_COMPLETE,False
E1_REPLICA_GT_FINE,2a7752537df742a3101b8637ff7674291cb37d0327b12780632a5498d04aaaa2,0.22419090376118023,0.25374647585528426,NOT_EVALUABLE,0.0,0.0,0.0,0,0.0,0.0,,ENVIRONMENT_LEVEL_ONLY,NOT_EVALUATED,NOT_EVALUATED,,False,False,0.3395094326936374,0.75,GT-derived isotropic spheres,TIER_R3_REFERENCE_COMPLETE,False
E1_REPLICA_GT_FINE,2aa83be94e2eec221dc8350049349c668020f0343eef7270ad6cec9eb0355b9d,0.7154122424995454,0.7411057648128535,NOT_EVALUABLE,0.05,0.0025000000000000005,0.0033733376782345077,8,0.0025000000000000005,0.0033733376782345077,,ENVIRONMENT_LEVEL_ONLY,NOT_EVALUATED,NOT_EVALUATED,,False,False,0.7333287206249574,0.5,GT-derived isotropic spheres,TIER_R3_REFERENCE_COMPLETE,False
E1_REPLICA_GT_FINE,2cc3321a1b80b9ddf1373cbeb1b7aeeeda1d16896d422ab67107ee95ada3d0c6,0.4227749019467401,0.44946308151394876,NOT_EVALUABLE,0.1,0.005000000000000001,0.011124384194488796,16,0.005000000000000001,0.011124384194488796,,ENVIRONMENT_LEVEL_ONLY,NOT_EVALUATED,NOT_EVALUATED,,False,False,0.28899916678675935,0.75,GT-derived isotropic spheres,TIER_R3_REFERENCE_COMPLETE,False
E1_REPLICA_GT_FINE,2d377b75bfb770dbd1e51a6df68421d4d7258c6b3a17c7c0674ad0b108631129,0.7697295271981677,0.7962713804967696,NOT_EVALUABLE,0.02500000000000001,0.0012500000000000005,0.0015698165608063967,5,0.0012500000000000005,0.0015698165608063967,,ENVIRONMENT_LEVEL_ONLY,NOT_EVALUATED,NOT_EVALUATED,,False,False,1.033048224241861,0.0,GT-derived isotropic spheres,TIER_R3_REFERENCE_COMPLETE,False
E1_REPLICA_GT_FINE,2f4ac4a2d90f2e482e616dc56028afc4d0e33bc32bd1b294ee61be67c9b5470b,0.30273124710352395,0.32963299315155586,NOT_EVALUABLE,0.05000000000000001,0.0025000000000000005,0.007584192274256271,8,0.0025000000000000005,0.007584192274256271,,ENVIRONMENT_LEVEL_ONLY,NOT_EVALUATED,NOT_EVALUATED,,False,False,0.2979153128763064,0.75,GT-derived isotropic spheres,TIER_R3_REFERENCE_COMPLETE,False
E1_REPLICA_GT_FINE,335f65bf9144071002dc3f1013ea047f3d60ee67790941294ebc8fe671ab8410,1.4239779280824074,1.4465151301581027,NOT_EVALUABLE,0.05,0.0025000000000000005,0.0017282916354471542,9,0.0025000000000000005,0.0017282916354471542,,ENVIRONMENT_LEVEL_ONLY,NOT_EVALUATED,NOT_EVALUATED,,False,False,0.26872064539156,0.75,GT-derived isotropic spheres,TIER_R3_REFERENCE_COMPLETE,False
E1_REPLICA_GT_FINE,33fb1aa673c9e34836e4fa921353c35316f525bc61d20a670c981bfc6c512c77,0.6167974845774739,0.6430114558131453,NOT_EVALUABLE,0.05,0.0025000000000000005,0.0038879556147853192,9,0.0025000000000000005,0.0038879556147853192,,ENVIRONMENT_LEVEL_ONLY,NOT_EVALUATED,NOT_EVALUATED,,False,False,0.4815772623613484,0.5,GT-derived isotropic spheres,TIER_R3_REFERENCE_COMPLETE,False
E1_REPLICA_GT_FINE,360514be785617468ec5f627d1ee4169ca692bfb93ef970672b784a7d3800be1,0.5304208658761544,0.5570657404102622,NOT_EVALUABLE,0.07499999999999998,0.0037499999999999994,0.006731700996794807,15,0.0037499999999999994,0.006731700996794807,,ENVIRONMENT_LEVEL_ONLY,NOT_EVALUATED,NOT_EVALUATED,,False,False,0.9970744960403717,0.25,GT-derived isotropic spheres,TIER_R3_REFERENCE_COMPLETE,False
E1_REPLICA_GT_FINE,3836c97635fd76445ce91a4f0f6b0675cc79bebdded4c011eb13febf75e48b89,0.39983031590236184,0.4259241692357951,NOT_EVALUABLE,0.025,0.0012500000000000002,0.0029347947129715244,5,0.0012500000000000002,0.0029347947129715244,,ENVIRONMENT_LEVEL_ONLY,NOT_EVALUATED,NOT_EVALUATED,,False,False,0.1490438146790958,0.75,GT-derived isotropic spheres,TIER_R3_REFERENCE_COMPLETE,False
E1_REPLICA_GT_FINE,384f698221bfd95abf7809647f9af059593692e01323c99be12688aa8a7369f7,0.48462439072739283,0.5133658337078257,NOT_EVALUABLE,0.0,0.0,0.0,0,0.0,0.0,,ENVIRONMENT_LEVEL_ONLY,NOT_EVALUATED,NOT_EVALUATED,,False,False,0.34458018443926014,0.75,GT-derived isotropic spheres,TIER_R3_REFERENCE_COMPLETE,False
E1_REPLICA_GT_FINE,3897a95d3397d8f814095b3e53a31ba2896de2f87d8f9bc5c88bc5b8fdbc8f86,0.3131456271452534,0.33631249970196786,NOT_EVALUABLE,0.09999999999999999,0.005,0.014867125082864542,20,0.005,0.014867125082864542,,ENVIRONMENT_LEVEL_ONLY,NOT_EVALUATED,NOT_EVALUATED,,False,False,0.4302199659323432,0.5,GT-derived isotropic spheres,TIER_R3_REFERENCE_COMPLETE,False
E1_REPLICA_GT_FINE,3a00121189d4237a83cc0b825ec3fedae43705d0b0fc620e0f5b4df73d3a2742,0.46236164109881667,0.48964256492148006,NOT_EVALUABLE,0.0,0.0,0.0,0,0.0,0.0,,ENVIRONMENT_LEVEL_ONLY,NOT_EVALUATED,NOT_EVALUATED,,False,False,0.4361627759475296,0.75,GT-derived isotropic spheres,TIER_R3_REFERENCE_COMPLETE,False
E1_REPLICA_GT_FINE,3a070c6e900eab3adcf9eedd1f543aa20f9be30d28c7ef938a1808ef98cadcd3,0.6915890920335477,0.7187654104655103,NOT_EVALUABLE,0.075,0.00375,0.005217279442497521,15,0.00375,0.005217279442497521,,ENVIRONMENT_LEVEL_ONLY,NOT_EVALUATED,NOT_EVALUATED,,False,False,1.2998108595457574,0.0,GT-derived isotropic spheres,TIER_R3_REFERENCE_COMPLETE,False
E1_REPLICA_GT_FINE,3bc29522101f21d9eb27c4ef0870ea39eb11002cd4da0cbfafd8a38c2fd35fc8,0.33127500628321616,0.34921120609836304,NOT_EVALUABLE,0.0,0.0,0.0,0,0.0,0.0,,ENVIRONMENT_LEVEL_ONLY,NOT_EVALUATED,NOT_EVALUATED,,False,False,0.7282058020005625,0.25,GT-derived isotropic spheres,TIER_R3_REFERENCE_COMPLETE,False
E1_REPLICA_GT_FINE,3cfeae91ed6572004e76d6fba726a35a3d6a8d48d5e131e809993e781fd277d2,0.4301950087866837,0.44309187199390515,NOT_EVALUABLE,0.0,0.0,0.0,0,0.0,0.0,,ENVIRONMENT_LEVEL_ONLY,NOT_EVALUATED,NOT_EVALUATED,,False,False,0.4145509220420795,0.0,GT-derived isotropic spheres,TIER_R3_REFERENCE_COMPLETE,False
E1_REPLICA_GT_FINE,3f0ae49f67739aa508d7b7891f8200f17489303e36e3b7c1d1ffb62ab00f4eba,0.5476289204197331,0.5744225350631951,NOT_EVALUABLE,0.0,0.0,0.0,0,0.0,0.0,,ENVIRONMENT_LEVEL_ONLY,NOT_EVALUATED,NOT_EVALUATED,,False,False,0.37312439444705725,0.5,GT-derived isotropic spheres,TIER_R3_REFERENCE_COMPLETE,False
E1_REPLICA_GT_FINE,404e9b51e12d42dec15caa60d2944c759ab091696e5cbd240fbd1b243a0f23a4,1.5953584825069458,1.613428141689733,NOT_EVALUABLE,0.0,0.0,0.0,0,0.0,0.0,,ENVIRONMENT_LEVEL_ONLY,NOT_EVALUATED,NOT_EVALUATED,,False,False,0.39924554348237173,0.5,GT-derived isotropic spheres,TIER_R3_REFERENCE_COMPLETE,False
E1_REPLICA_GT_FINE,42943f603fd47daaed71c6e166d227c4ac377b64eedf9c8d8b8a7efe6190ef68,0.26465474741128114,0.29054425709284865,NOT_EVALUABLE,0.05,0.0025000000000000005,0.008604541094753356,10,0.0025000000000000005,0.008604541094753356,,ENVIRONMENT_LEVEL_ONLY,NOT_EVALUATED,NOT_EVALUATED,,False,False,0.5054572530240103,0.25,GT-derived isotropic spheres,TIER_R3_REFERENCE_COMPLETE,False
E1_REPLICA_GT_FINE,4694bc0fd3a181d43e8c59b70fa5deb320ff3149609d2f0d8311e53f55524087,0.288822620803857,0.30444504209855816,NOT_EVALUABLE,0.05,0.0025000000000000005,0.008211662711822628,10,0.0025000000000000005,0.008211662711822628,,ENVIRONMENT_LEVEL_ONLY,NOT_EVALUATED,NOT_EVALUATED,,False,False,0.6290011576354896,0.25,GT-derived isotropic spheres,TIER_R3_REFERENCE_COMPLETE,False
E1_REPLICA_GT_FINE,47f0d8ed5c98e5cea69960c1b30c6b805296461e7fefa41c3076864bee586811,1.1303878129968534,1.154865328416263,NOT_EVALUABLE,0.05,0.0025000000000000005,0.002164754572230861,9,0.0025000000000000005,0.002164754572230861,,ENVIRONMENT_LEVEL_ONLY,NOT_EVALUATED,NOT_EVALUATED,,False,False,0.5145586194404084,0.5,GT-derived isotropic spheres,TIER_R3_REFERENCE_COMPLETE,False
E1_REPLICA_GT_FINE,4968625f8301a7ef3715d6f4012b6d33fd7bb683a2bc2578f313758d161b2dfc,0.3460103270403769,0.37274710271771794,NOT_EVALUABLE,0.1,0.005000000000000001,0.013413920493398202,17,0.005000000000000001,0.013413920493398202,,ENVIRONMENT_LEVEL_ONLY,NOT_EVALUATED,NOT_EVALUATED,,False,False,0.9366161822313801,0.5,GT-derived isotropic spheres,TIER_R3_REFERENCE_COMPLETE,False
E1_REPLICA_GT_FINE,4a968f7dcc3e71b95ea76a55192207200b337eeb266a25462313c3ff6480c6de,0.4597675676378661,0.4881940809108006,NOT_EVALUABLE,0.075,0.00375,0.007681371296030059,12,0.00375,0.007681371296030059,,ENVIRONMENT_LEVEL_ONLY,NOT_EVALUATED,NOT_EVALUATED,,False,False,0.41245953183311557,0.0,GT-derived isotropic spheres,TIER_R3_REFERENCE_COMPLETE,False
E1_REPLICA_GT_FINE,4b44ab7beec09f1b6a0aff7840602db3f3f9d73069041b72969a90ad68611fc9,0.30273124710352395,0.32963299315155586,NOT_EVALUABLE,0.075,0.00375,0.011376288411384404,12,0.00375,0.011376288411384404,,ENVIRONMENT_LEVEL_ONLY,NOT_EVALUATED,NOT_EVALUATED,,False,False,0.2979153128763064,0.75,GT-derived isotropic spheres,TIER_R3_REFERENCE_COMPLETE,False
E1_REPLICA_GT_FINE,4c2be3320444871cbcf00b92e0fb3794473e4e7a631f60dfff9465b99f5e9713,0.4786303607569955,0.49143691778380744,NOT_EVALUABLE,0.05,0.0025000000000000005,0.005087122903330186,9,0.0025000000000000005,0.005087122903330186,,ENVIRONMENT_LEVEL_ONLY,NOT_EVALUATED,NOT_EVALUATED,,False,False,0.6816873879014301,0.25,GT-derived isotropic spheres,TIER_R3_REFERENCE_COMPLETE,False
E1_REPLICA_GT_FINE,4c41478b3e9caa74ffcf553fadb10fa68354176bb1fcacf585d52e5711ac1f85,0.4804317338729754,0.5015897176392197,NOT_EVALUABLE,0.0,0.0,0.0,0,0.0,0.0,,ENVIRONMENT_LEVEL_ONLY,NOT_EVALUATED,NOT_EVALUATED,,False,False,0.7719819885800774,0.5,GT-derived isotropic spheres,TIER_R3_REFERENCE_COMPLETE,False
E1_REPLICA_GT_FINE,4f4a6a5b04b729af1e44ecb497e8ea16bdb3041fc7a8503783fc23d38f201709,0.29609913296142754,0.3255137292972823,NOT_EVALUABLE,0.0,0.0,0.0,0,0.0,0.0,,ENVIRONMENT_LEVEL_ONLY,NOT_EVALUATED,NOT_EVALUATED,,False,False,0.3369715020160069,0.5,GT-derived isotropic spheres,TIER_R3_REFERENCE_COMPLETE,False
E1_REPLICA_GT_FINE,4f8493fd890064bef32029677a254723ccba9383aed01981ce69df51b517af7b,1.24477196235799,1.2725882891634566,NOT_EVALUABLE,0.0,0.0,0.0,0,0.0,0.0,,ENVIRONMENT_LEVEL_ONLY,NOT_EVALUATED,NOT_EVALUATED,,False,False,0.7718379291606127,0.25,GT-derived isotropic spheres,TIER_R3_REFERENCE_COMPLETE,False
E1_REPLICA_GT_FINE,50ce4559a50824bcadf22821b09817828f463d54ece9b16aaf9efa4994601f5d,0.19130800257594843,0.21692176898979287,NOT_EVALUABLE,0.1,0.005000000000000001,0.023049784368277364,20,0.005000000000000001,0.023049784368277364,,ENVIRONMENT_LEVEL_ONLY,NOT_EVALUATED,NOT_EVALUATED,,False,False,0.28571657054139765,0.75,GT-derived isotropic spheres,TIER_R3_REFERENCE_COMPLETE,False
E1_REPLICA_GT_FINE,5110700a12f95f83c0f24d90602ab082baf6e173da9057e0db77cc11520be466,0.4451838630972446,0.4723833157459409,NOT_EVALUABLE,0.05,0.0025000000000000005,0.005292312231756637,10,0.0025000000000000005,0.005292312231756637,,ENVIRONMENT_LEVEL_ONLY,NOT_EVALUATED,NOT_EVALUATED,,False,False,0.40646620740591516,0.25,GT-derived isotropic spheres,TIER_R3_REFERENCE_COMPLETE,False
E1_REPLICA_GT_FINE,5219b56e1e79adce342af442e4e7a5693f889d9991e47685bf9c9faa4454ccfb,0.1574778402177374,0.18173771501655317,NOT_EVALUABLE,0.075,0.00375,0.02063413199433282,15,0.00375,0.02063413199433282,,ENVIRONMENT_LEVEL_ONLY,NOT_EVALUATED,NOT_EVALUATED,,False,False,1.0986808944163273,0.0,GT-derived isotropic spheres,TIER_R3_REFERENCE_COMPLETE,False
E1_REPLICA_GT_FINE,535eefa47566f65f0636b29eff2b662375408e555381e27cd6ca5a38251412f2,0.4763183738258297,0.4989835601013218,NOT_EVALUABLE,0.07500000000000001,0.0037500000000000007,0.00751527765611865,15,0.0037500000000000007,0.00751527765611865,,ENVIRONMENT_LEVEL_ONLY,NOT_EVALUATED,NOT_EVALUATED,,False,False,0.995419286654335,0.25,GT-derived isotropic spheres,TIER_R3_REFERENCE_COMPLETE,False
E1_REPLICA_GT_FINE,5762860bef840504acefb56765f6bd7c8fb9d747c47fac0cd70de13aef864464,0.5492967697749551,0.5761969880046962,NOT_EVALUABLE,0.05,0.0025000000000000005,0.0043387939403453195,9,0.0025000000000000005,0.0043387939403453195,,ENVIRONMENT_LEVEL_ONLY,NOT_EVALUATED,NOT_EVALUATED,,False,False,0.5596865916705859,0.25,GT-derived isotropic spheres,TIER_R3_REFERENCE_COMPLETE,False
E1_REPLICA_GT_FINE,5955840c212b4074ad46d065de442f1d835a0cd5be2975bee15ed83cf50eb0d0,0.24015436597153572,0.26359585986594275,NOT_EVALUABLE,0.075,0.00375,0.014226323592135102,14,0.00375,0.014226323592135102,,ENVIRONMENT_LEVEL_ONLY,NOT_EVALUATED,NOT_EVALUATED,,False,False,1.0305786301001139,0.0,GT-derived isotropic spheres,TIER_R3_REFERENCE_COMPLETE,False
E1_REPLICA_GT_FINE,5a458c889e9d40d98b421cd4b08dac9b9c062d421015930e2a72016a66d311c9,0.4788350979110111,0.5011020235115927,NOT_EVALUABLE,0.05,0.0025000000000000005,0.004989004000583854,9,0.0025000000000000005,0.004989004000583854,,ENVIRONMENT_LEVEL_ONLY,NOT_EVALUATED,NOT_EVALUATED,,False,False,0.3467637177098931,0.5,GT-derived isotropic spheres,TIER_R3_REFERENCE_COMPLETE,False
E1_REPLICA_GT_FINE,5aed8f1b0f82a40e77ab8f41bc83e06dde14f92d201c13930e879ab07102c28c,0.22263124584309738,0.2461627248381756,NOT_EVALUABLE,0.0,0.0,0.0,0,0.0,0.0,,ENVIRONMENT_LEVEL_ONLY,NOT_EVALUATED,NOT_EVALUATED,,False,False,0.47871757308797697,0.25,GT-derived isotropic spheres,TIER_R3_REFERENCE_COMPLETE,False
E1_REPLICA_GT_FINE,5baaf5a73c3b984563b7592dd57b5f940e5f4924f53695780ae5439abd53df08,0.15739626780977578,0.177352267731563,NOT_EVALUABLE,0.0,0.0,0.0,0,0.0,0.0,,ENVIRONMENT_LEVEL_ONLY,NOT_EVALUATED,NOT_EVALUATED,,False,False,0.3323581653467906,0.75,GT-derived isotropic spheres,TIER_R3_REFERENCE_COMPLETE,False
E1_REPLICA_GT_FINE,5c56537b879c342ad41dab6c2dc65d895e2cf9d9dbd2bf29d824a0ee182230b0,0.41682484498141226,0.4404266304992839,NOT_EVALUABLE,0.024999999999999998,0.00125,0.0028381571717926183,5,0.00125,0.0028381571717926183,,ENVIRONMENT_LEVEL_ONLY,NOT_EVALUATED,NOT_EVALUATED,,False,False,0.8604399318646864,0.0,GT-derived isotropic spheres,TIER_R3_REFERENCE_COMPLETE,False
E1_REPLICA_GT_FINE,5c878ecdda7b012dd24e54485b144f94e11c39db316a9d4d0e26143328a740bd,0.5600552205635188,0.5846126054235001,NOT_EVALUABLE,0.075,0.00375,0.0064145041779991325,15,0.00375,0.0064145041779991325,,ENVIRONMENT_LEVEL_ONLY,NOT_EVALUATED,NOT_EVALUATED,,False,False,1.0096201856706022,0.0,GT-derived isotropic spheres,TIER_R3_REFERENCE_COMPLETE,False
E1_REPLICA_GT_FINE,60607231e268a66923b08bc18e21f9f0b92bc304ef4b0fbab956fcbd7a29f8ce,0.5281314710619031,0.5515118947475791,NOT_EVALUABLE,0.0,0.0,0.0,0,0.0,0.0,,ENVIRONMENT_LEVEL_ONLY,NOT_EVALUATED,NOT_EVALUATED,,False,False,0.5295686309053435,0.5,GT-derived isotropic spheres,TIER_R3_REFERENCE_COMPLETE,False
E1_REPLICA_GT_FINE,60de3754fe99ad2f0c31d03c6b4cc57fac8271539b2aeb0b3800386855b65316,0.4786303607569955,0.49143691778380744,NOT_EVALUABLE,0.1,0.005000000000000001,0.010174245806660372,17,0.005000000000000001,0.010174245806660372,,ENVIRONMENT_LEVEL_ONLY,NOT_EVALUATED,NOT_EVALUATED,,False,False,0.6816873879014301,0.25,GT-derived isotropic spheres,TIER_R3_REFERENCE_COMPLETE,False
E1_REPLICA_GT_FINE,60edb15eac223899d8fb646483b0681cded2f432cd0971f36adeabbc60dbeebd,0.692058695328862,0.7197304736452005,NOT_EVALUABLE,0.05,0.0025000000000000005,0.003473522508138796,8,0.0025000000000000005,0.003473522508138796,,ENVIRONMENT_LEVEL_ONLY,NOT_EVALUATED,NOT_EVALUATED,,False,False,0.5075793260765206,0.0,GT-derived isotropic spheres,TIER_R3_REFERENCE_COMPLETE,False
E1_REPLICA_GT_FINE,638c9b05c8cb67a9f24eaf37d7695722d4e1127a0642c9ba72149bff6dd24bc6,0.3852329184828492,0.4148091547470536,NOT_EVALUABLE,0.075,0.00375,0.009040301924596412,14,0.00375,0.009040301924596412,,ENVIRONMENT_LEVEL_ONLY,NOT_EVALUATED,NOT_EVALUATED,,False,False,1.1781496768520394,0.25,GT-derived isotropic spheres,TIER_R3_REFERENCE_COMPLETE,False
E1_REPLICA_GT_FINE,64b4963271f6a989f3d3206d05cd8abe55b3556b39ca9d82425aff9d781b55e6,0.41682484498141226,0.4404266304992839,NOT_EVALUABLE,0.049999999999999996,0.0025,0.005676314343585237,10,0.0025,0.005676314343585237,,ENVIRONMENT_LEVEL_ONLY,NOT_EVALUATED,NOT_EVALUATED,,False,False,0.8604399318646864,0.0,GT-derived isotropic spheres,TIER_R3_REFERENCE_COMPLETE,False
E1_REPLICA_GT_FINE,64fdfa10687ac4d7c596a8b9e6b47f14488049f0dbaef5ca38788596ae485e84,0.39140022518743484,0.41889676576743856,NOT_EVALUABLE,0.05,0.0025000000000000005,0.005968057536610203,10,0.0025000000000000005,0.005968057536610203,,ENVIRONMENT_LEVEL_ONLY,NOT_EVALUATED,NOT_EVALUATED,,False,False,1.0205595385335477,0.25,GT-derived isotropic spheres,TIER_R3_REFERENCE_COMPLETE,False
E1_REPLICA_GT_FINE,65b0231a2034e83f6481eb28084cf52acaff3f3f7d3ac06186c577fa0144c67c,0.3301374993615437,0.3413860722208002,NOT_EVALUABLE,0.0,0.0,0.0,0,0.0,0.0,,ENVIRONMENT_LEVEL_ONLY,NOT_EVALUATED,NOT_EVALUATED,,False,False,0.5256374824821431,0.0,GT-derived isotropic spheres,TIER_R3_REFERENCE_COMPLETE,False
E1_REPLICA_GT_FINE,6744df98e967559ee47ca4363ff88ff22f355dceb39ca6bd10b666aa66c16d86,0.4680950416007468,0.4957286436792605,NOT_EVALUABLE,0.07499999999999998,0.0037499999999999994,0.007564622395364898,13,0.0037499999999999994,0.007564622395364898,,ENVIRONMENT_LEVEL_ONLY,NOT_EVALUATED,NOT_EVALUATED,,False,False,0.45445825860095346,0.5,GT-derived isotropic spheres,TIER_R3_REFERENCE_COMPLETE,False
E1_REPLICA_GT_FINE,698fb32b7adeab8475d7f2fd439e4a45fd4ecae17975c41d70bc092ef46f6a6f,0.28209386984970636,0.3073395506816036,NOT_EVALUABLE,0.05,0.0025000000000000005,0.008134325681337188,9,0.0025000000000000005,0.008134325681337188,,ENVIRONMENT_LEVEL_ONLY,NOT_EVALUATED,NOT_EVALUATED,,False,False,1.2482151197543883,0.25,GT-derived isotropic spheres,TIER_R3_REFERENCE_COMPLETE,False
E1_REPLICA_GT_FINE,6b3fd059ec979411b2865df21ceb893657cdd43d62abb65642a44f09ff0906eb,0.8084554259967949,0.8270060366313431,NOT_EVALUABLE,0.025,0.0012500000000000002,0.0015114762705864219,5,0.0012500000000000002,0.0015114762705864219,,ENVIRONMENT_LEVEL_ONLY,NOT_EVALUATED,NOT_EVALUATED,,False,False,0.40688687173180943,0.75,GT-derived isotropic spheres,TIER_R3_REFERENCE_COMPLETE,False
E1_REPLICA_GT_FINE,6e12f66332b7dea58c36ca96dab7fa3c9fa51c7308be51c262b0d8af7e1bc1ca,0.5958244049003367,0.6215746450282459,NOT_EVALUABLE,0.10000000000000002,0.005000000000000001,0.008044086160838798,20,0.005000000000000001,0.008044086160838798,,ENVIRONMENT_LEVEL_ONLY,NOT_EVALUATED,NOT_EVALUATED,,False,False,0.3658910737123736,0.5,GT-derived isotropic spheres,TIER_R3_REFERENCE_COMPLETE,False
E1_REPLICA_GT_FINE,6f3667e0d18e4e0699456e2118b78c4efb5674a79d3c988580c3826416b2c5d2,0.47794648982238563,0.48997947822590876,NOT_EVALUABLE,0.05,0.0025000000000000005,0.005102254504723066,9,0.0025000000000000005,0.005102254504723066,,ENVIRONMENT_LEVEL_ONLY,NOT_EVALUATED,NOT_EVALUATED,,False,False,0.9402315346569847,0.5,GT-derived isotropic spheres,TIER_R3_REFERENCE_COMPLETE,False
E1_REPLICA_GT_FINE,755381ed6670f7e512b6c62c246b8068ea08eca9273a2c5d83e137db9395da5d,0.3895503226391618,0.41809315598028424,NOT_EVALUABLE,0.05,0.0025000000000000005,0.005979528639110015,10,0.0025000000000000005,0.005979528639110015,,ENVIRONMENT_LEVEL_ONLY,NOT_EVALUATED,NOT_EVALUATED,,False,False,0.3878899060418541,0.5,GT-derived isotropic spheres,TIER_R3_REFERENCE_COMPLETE,False
E1_REPLICA_GT_FINE,772d20f6978d45c31f53f9f6b62e09c3b086ea2cbdc957d938b2aef52746854b,0.2219441870080212,0.2510323635483667,NOT_EVALUABLE,0.02500000000000001,0.0012500000000000005,0.004979437640354931,5,0.0012500000000000005,0.004979437640354931,,ENVIRONMENT_LEVEL_ONLY,NOT_EVALUATED,NOT_EVALUATED,,False,False,0.25826205606046526,0.75,GT-derived isotropic spheres,TIER_R3_REFERENCE_COMPLETE,False
E1_REPLICA_GT_FINE,788b4d57f92623c65b14341200992ffaef996177a43ef2913ecd32eb3c62f8e6,0.4735230573058677,0.4945033441154895,NOT_EVALUABLE,0.07500000000000001,0.0037500000000000007,0.0075833663101056836,15,0.0037500000000000007,0.0075833663101056836,,ENVIRONMENT_LEVEL_ONLY,NOT_EVALUATED,NOT_EVALUATED,,False,False,0.5818348590627811,0.25,GT-derived isotropic spheres,TIER_R3_REFERENCE_COMPLETE,False
E1_REPLICA_GT_FINE,7de36db92b65e8b5a55842fe785c077c2dcc36bc063b6c78a4d3e8e3b97295a7,1.3591164788756394,1.384119501586453,NOT_EVALUABLE,0.1,0.005000000000000001,0.003612404849631185,18,0.005000000000000001,0.003612404849631185,,ENVIRONMENT_LEVEL_ONLY,NOT_EVALUATED,NOT_EVALUATED,,False,False,1.0291172388808167,0.0,GT-derived isotropic spheres,TIER_R3_REFERENCE_COMPLETE,False
E1_REPLICA_GT_FINE,81bd8b30708aafa4bc9934effa7973b325db701a2035093a09d36376fa07301f,0.9602983973643869,0.9836889607753178,NOT_EVALUABLE,0.0,0.0,0.0,0,0.0,0.0,,ENVIRONMENT_LEVEL_ONLY,NOT_EVALUATED,NOT_EVALUATED,,False,False,0.7459921655284395,0.5,GT-derived isotropic spheres,TIER_R3_REFERENCE_COMPLETE,False
E1_REPLICA_GT_FINE,84021e8bbe632e99563456bdc99a262f1b67a19baf2c0351be31740d5d1d9672,0.6498912200099619,0.6709118343492771,NOT_EVALUABLE,0.05,0.0025000000000000005,0.0037262720256302693,9,0.0025000000000000005,0.0037262720256302693,,ENVIRONMENT_LEVEL_ONLY,NOT_EVALUATED,NOT_EVALUATED,,False,False,0.25764465752502846,0.75,GT-derived isotropic spheres,TIER_R3_REFERENCE_COMPLETE,False
E1_REPLICA_GT_FINE,84a0a576fc67cde3ffe6200ac6a834baf6997ae0a4aedddc478e735065956ec4,0.39172878775184083,0.41324350372758134,NOT_EVALUABLE,0.0,0.0,0.0,0,0.0,0.0,,ENVIRONMENT_LEVEL_ONLY,NOT_EVALUATED,NOT_EVALUATED,,False,False,0.2555305487569889,0.5,GT-derived isotropic spheres,TIER_R3_REFERENCE_COMPLETE,False
E1_REPLICA_GT_FINE,84da14cbb6a85f57891e737098cd6bbaa527730c78df060706962b92f2e41077,0.3784176635258892,0.403102842739035,NOT_EVALUABLE,0.075,0.00375,0.009302836900179625,15,0.00375,0.009302836900179625,,ENVIRONMENT_LEVEL_ONLY,NOT_EVALUATED,NOT_EVALUATED,,False,False,0.39149211601503414,0.75,GT-derived isotropic spheres,TIER_R3_REFERENCE_COMPLETE,False
E1_REPLICA_GT_FINE,86eefb69d0150d1c44331941c164e72984e4ec120cc98752b31c9366d71461c7,0.44032698692466077,0.46698611084924907,NOT_EVALUABLE,0.075,0.00375,0.008030217415203945,15,0.00375,0.008030217415203945,,ENVIRONMENT_LEVEL_ONLY,NOT_EVALUATED,NOT_EVALUATED,,False,False,0.6891603688785203,0.5,GT-derived isotropic spheres,TIER_R3_REFERENCE_COMPLETE,False
E1_REPLICA_GT_FINE,87bd0b6a1b0a63bc11ad1030f9b2234c654101ded7bc5e69e15037304e805218,0.28289337138490994,0.30803738008069875,NOT_EVALUABLE,0.10000000000000002,0.005000000000000001,0.016231796279692144,16,0.005000000000000001,0.016231796279692144,,ENVIRONMENT_LEVEL_ONLY,NOT_EVALUATED,NOT_EVALUATED,,False,False,0.4976884804580874,0.25,GT-derived isotropic spheres,TIER_R3_REFERENCE_COMPLETE,False
E1_REPLICA_GT_FINE,88087befaa968419af5898ae1e9756dcc729c5bf8bcc2111dab2d9440d699bdf,0.2666613312972539,0.28515117426877906,NOT_EVALUABLE,0.025,0.0012500000000000002,0.0043836396718526915,5,0.0012500000000000002,0.0043836396718526915,,ENVIRONMENT_LEVEL_ONLY,NOT_EVALUATED,NOT_EVALUATED,,False,False,0.3134344988482461,0.75,GT-derived isotropic spheres,TIER_R3_REFERENCE_COMPLETE,False
E1_REPLICA_GT_FINE,8b78e6cdf5bcaf0a606078743c6a1617245b8dda376be2c9b360456d7aa5c150,0.569730717297644,0.5961689089409956,NOT_EVALUABLE,0.05,0.0025000000000000005,0.004193442433019317,10,0.0025000000000000005,0.004193442433019317,,ENVIRONMENT_LEVEL_ONLY,NOT_EVALUATED,NOT_EVALUATED,,False,False,0.21718087511205864,0.75,GT-derived isotropic spheres,TIER_R3_REFERENCE_COMPLETE,False
E1_REPLICA_GT_FINE,8cc12b133e65bd951a13af6caf997eb0b7f67c04bad5ded6097777f7f8435a4f,0.6746070776687562,0.705261697252236,NOT_EVALUABLE,0.05,0.0025000000000000005,0.0035447834608631503,9,0.0025000000000000005,0.0035447834608631503,,ENVIRONMENT_LEVEL_ONLY,NOT_EVALUATED,NOT_EVALUATED,,False,False,0.46830809111569005,0.75,GT-derived isotropic spheres,TIER_R3_REFERENCE_COMPLETE,False
E1_REPLICA_GT_FINE,8ce653829b112a02c4a96a9006348675cb389dc74c3e7f383926ce153620b0e2,1.1303878129968534,1.154865328416263,NOT_EVALUABLE,0.025,0.0012500000000000002,0.0010823772861154304,5,0.0012500000000000002,0.0010823772861154304,,ENVIRONMENT_LEVEL_ONLY,NOT_EVALUATED,NOT_EVALUATED,,False,False,0.5145586194404084,0.5,GT-derived isotropic spheres,TIER_R3_REFERENCE_COMPLETE,False
E1_REPLICA_GT_FINE,8e504196defd2c5ea1aec7490652787a66f7aefbb06c6d9fe6871d505c4ca55c,0.24712347248993022,0.271337539514187,NOT_EVALUABLE,0.05,0.0025000000000000005,0.00921361638524509,9,0.0025000000000000005,0.00921361638524509,,ENVIRONMENT_LEVEL_ONLY,NOT_EVALUATED,NOT_EVALUATED,,False,False,0.21091545995324323,0.75,GT-derived isotropic spheres,TIER_R3_REFERENCE_COMPLETE,False
E1_REPLICA_GT_FINE,93362caa2883f77e4fca88ba1ae09af837a1445d92f6739edfaab6c44259cbe4,0.4451838630972446,0.4723833157459409,NOT_EVALUABLE,0.07499999999999998,0.0037499999999999994,0.007938468347634953,15,0.0037499999999999994,0.007938468347634953,,ENVIRONMENT_LEVEL_ONLY,NOT_EVALUATED,NOT_EVALUATED,,False,False,0.40646620740591516,0.25,GT-derived isotropic spheres,TIER_R3_REFERENCE_COMPLETE,False
E1_REPLICA_GT_FINE,9bf128bb6bcad00e343981de7391b5d60e6d4d6ff29a8a07617a76803ac99282,0.2633195854879319,0.2914761475543614,NOT_EVALUABLE,0.0,0.0,0.0,0,0.0,0.0,,ENVIRONMENT_LEVEL_ONLY,NOT_EVALUATED,NOT_EVALUATED,,False,False,0.19807529867722218,0.75,GT-derived isotropic spheres,TIER_R3_REFERENCE_COMPLETE,False
E1_REPLICA_GT_FINE,9c75d9c390ceba06164709eb47179480623514a41935f545bf2cf3693a6d5112,0.6369842415812262,0.6636437682796887,NOT_EVALUABLE,0.0,0.0,0.0,0,0.0,0.0,,ENVIRONMENT_LEVEL_ONLY,NOT_EVALUATED,NOT_EVALUATED,,False,False,0.35829562438453555,0.25,GT-derived isotropic spheres,TIER_R3_REFERENCE_COMPLETE,False
E1_REPLICA_GT_FINE,9e3be875581b0cfffa451e9283682b85d00672662d29e6d4707adcc6449d1fc1,0.5281314710619031,0.5515118947475791,NOT_EVALUABLE,0.025000000000000005,0.0012500000000000002,0.0022664969004378616,5,0.0012500000000000002,0.0022664969004378616,,ENVIRONMENT_LEVEL_ONLY,NOT_EVALUATED,NOT_EVALUATED,,False,False,0.5295686309053435,0.5,GT-derived isotropic spheres,TIER_R3_REFERENCE_COMPLETE,False
E1_REPLICA_GT_FINE,9fb2c4c8330aecc71d499269313b5a9886a43e4b62c7ad3cb26e84322c8a97e3,0.5697205036048528,0.594544006374334,NOT_EVALUABLE,0.1,0.005000000000000001,0.008409806417007127,20,0.005000000000000001,0.008409806417007127,,ENVIRONMENT_LEVEL_ONLY,NOT_EVALUATED,NOT_EVALUATED,,False,False,0.4318650337644453,0.25,GT-derived isotropic spheres,TIER_R3_REFERENCE_COMPLETE,False
E1_REPLICA_GT_FINE,a0537d3c50a7cd859dfb5711004012012b1630d10d5d4032f4c5aef8d2ba0239,0.5001529095285443,0.5266762156875855,NOT_EVALUABLE,0.049999999999999996,0.0025,0.004746749379476353,8,0.0025,0.004746749379476353,,ENVIRONMENT_LEVEL_ONLY,NOT_EVALUATED,NOT_EVALUATED,,False,False,0.2690280303517083,0.75,GT-derived isotropic spheres,TIER_R3_REFERENCE_COMPLETE,False
E1_REPLICA_GT_FINE,a223d3c31fad3fbe0154e09e44360b1193f1b1ec4d2d46e99a593c30d1b6b66a,0.1574778402177374,0.18173771501655317,NOT_EVALUABLE,0.025,0.0012500000000000002,0.0068780439981109415,5,0.0012500000000000002,0.0068780439981109415,,ENVIRONMENT_LEVEL_ONLY,NOT_EVALUATED,NOT_EVALUATED,,False,False,1.3580377307745497,0.0,GT-derived isotropic spheres,TIER_R3_REFERENCE_COMPLETE,False
E1_REPLICA_GT_FINE,a25e5434f9cc60deb536be62f58fb898e6c5c814e86c9329c885a7f116ec00d8,0.695998337345163,0.7210049233736102,NOT_EVALUABLE,0.09999999999999999,0.005,0.006934765405768388,18,0.005,0.006934765405768388,,ENVIRONMENT_LEVEL_ONLY,NOT_EVALUATED,NOT_EVALUATED,,False,False,0.8034258109982079,0.25,GT-derived isotropic spheres,TIER_R3_REFERENCE_COMPLETE,False
E1_REPLICA_GT_FINE,a29b5142439a6a9c0031fb2046ed014f9e6b71e43e7e7841debd1e277eb33a44,0.4181454671454243,0.4364857861704632,NOT_EVALUABLE,0.05,0.0025000000000000005,0.005727563369093677,9,0.0025000000000000005,0.005727563369093677,,ENVIRONMENT_LEVEL_ONLY,NOT_EVALUATED,NOT_EVALUATED,,False,False,0.16322578459767006,0.75,GT-derived isotropic spheres,TIER_R3_REFERENCE_COMPLETE,False
E1_REPLICA_GT_FINE,a7df3b5438dff60930c714bb4b54a2d5b4de76774b4d21b858efb7fb7c1840c5,0.6668916348604591,0.6901156753233036,NOT_EVALUABLE,0.0,0.0,0.0,0,0.0,0.0,,ENVIRONMENT_LEVEL_ONLY,NOT_EVALUATED,NOT_EVALUATED,,False,False,0.8937459386289193,0.25,GT-derived isotropic spheres,TIER_R3_REFERENCE_COMPLETE,False
E1_REPLICA_GT_FINE,a8f4ae301144c24c65db575a71aa847e1e70670021207cc9b3720481301d602b,0.6746070776687562,0.705261697252236,NOT_EVALUABLE,0.0,0.0,0.0,0,0.0,0.0,,ENVIRONMENT_LEVEL_ONLY,NOT_EVALUATED,NOT_EVALUATED,,False,False,0.46830809111569005,0.75,GT-derived isotropic spheres,TIER_R3_REFERENCE_COMPLETE,False
E1_REPLICA_GT_FINE,abb01918f27dc023b7a28af6d95986ee4014bb2166a89ace8c76ef306bf7964a,0.6525374207062625,0.6769809013720328,NOT_EVALUABLE,0.05,0.0025000000000000005,0.0036928663643734506,10,0.0025000000000000005,0.0036928663643734506,,ENVIRONMENT_LEVEL_ONLY,NOT_EVALUATED,NOT_EVALUATED,,False,False,0.857149711624193,0.25,GT-derived isotropic spheres,TIER_R3_REFERENCE_COMPLETE,False
E1_REPLICA_GT_FINE,abd2dd5f61daff9a7a786908c2aea7645fb32a9474d2ac7dd43bca7fea3aff43,0.7110107990022704,0.73668720812381,NOT_EVALUABLE,0.075,0.00375,0.005090355796390811,11,0.00375,0.005090355796390811,,ENVIRONMENT_LEVEL_ONLY,NOT_EVALUATED,NOT_EVALUATED,,False,False,0.11943187479484518,0.75,GT-derived isotropic spheres,TIER_R3_REFERENCE_COMPLETE,False
E1_REPLICA_GT_FINE,ac57bc099a807f2f1acc12331311123894f546438bb2822e2072f27d20cab25a,0.6027560082310975,0.614879586653713,NOT_EVALUABLE,0.05,0.0025000000000000005,0.0040658367170805865,9,0.0025000000000000005,0.0040658367170805865,,ENVIRONMENT_LEVEL_ONLY,NOT_EVALUATED,NOT_EVALUATED,,False,False,0.20727546102103975,0.5,GT-derived isotropic spheres,TIER_R3_REFERENCE_COMPLETE,False
E1_REPLICA_GT_FINE,afe0ef7d1ac06219da358be8ce40832ddc931778fcf66bb884a2bdcc312603f9,0.5194970329945038,0.5353155142998414,NOT_EVALUABLE,0.09999999999999999,0.005,0.009340285992905852,15,0.005,0.009340285992905852,,ENVIRONMENT_LEVEL_ONLY,NOT_EVALUATED,NOT_EVALUATED,,False,False,0.4175349058343491,0.0,GT-derived isotropic spheres,TIER_R3_REFERENCE_COMPLETE,False
E1_REPLICA_GT_FINE,b35b8f0ea0ab24934edc4ae336151b86e19c831e24c8c690dd60d59905a4f6fc,0.692058695328862,0.7197304736452005,NOT_EVALUABLE,0.0,0.0,0.0,0,0.0,0.0,,ENVIRONMENT_LEVEL_ONLY,NOT_EVALUATED,NOT_EVALUATED,,False,False,0.5075793260765206,0.0,GT-derived isotropic spheres,TIER_R3_REFERENCE_COMPLETE,False
E1_REPLICA_GT_FINE,b5c07aab369263b942a7fd708fa7f61bc5052c3d1c249418425bec259955a627,1.6627932660247522,1.6858976235955516,NOT_EVALUABLE,0.025,0.0012500000000000002,0.0007414447843719581,5,0.0012500000000000002,0.0007414447843719581,,ENVIRONMENT_LEVEL_ONLY,NOT_EVALUATED,NOT_EVALUATED,,False,False,0.53744129078312,0.5,GT-derived isotropic spheres,TIER_R3_REFERENCE_COMPLETE,False
E1_REPLICA_GT_FINE,b8adff73d1d975a974057fab49759c0f2e5dfba0be635b2826e5385378d6c4be,0.4778655395465592,0.4904004632726014,NOT_EVALUABLE,0.05,0.0025000000000000005,0.005097874466342649,8,0.0025000000000000005,0.005097874466342649,,ENVIRONMENT_LEVEL_ONLY,NOT_EVALUATED,NOT_EVALUATED,,False,False,0.24042796436543404,0.75,GT-derived isotropic spheres,TIER_R3_REFERENCE_COMPLETE,False
E1_REPLICA_GT_FINE,babb47d8bf135ffa9d3970cc87219bc9369d6bf1176f228325068e40b6803e0a,0.4265263051157929,0.4520535750167391,NOT_EVALUABLE,0.025000000000000005,0.0012500000000000002,0.0027651589746939043,5,0.0012500000000000002,0.0027651589746939043,,ENVIRONMENT_LEVEL_ONLY,NOT_EVALUATED,NOT_EVALUATED,,False,False,0.5488366105685605,0.25,GT-derived isotropic spheres,TIER_R3_REFERENCE_COMPLETE,False
E1_REPLICA_GT_FINE,bcdeba7946824f4dcea8aa5ff3ad313f830ff5d897e569db9e8fdcbd957d39f1,0.5441960389392556,0.5700367565866603,NOT_EVALUABLE,0.10000000000000002,0.005000000000000001,0.008771364201037923,16,0.005000000000000001,0.008771364201037923,,ENVIRONMENT_LEVEL_ONLY,NOT_EVALUATED,NOT_EVALUATED,,False,False,0.16107814283659094,0.75,GT-derived isotropic spheres,TIER_R3_REFERENCE_COMPLETE,False
E1_REPLICA_GT_FINE,bd6f2c0ec4551cc7f126735aa9723fe1eac4bd169699cc3d769304e66d61f373,0.24015436597153572,0.26359585986594275,NOT_EVALUABLE,0.025,0.0012500000000000002,0.004742107864045036,4,0.0012500000000000002,0.004742107864045036,,ENVIRONMENT_LEVEL_ONLY,NOT_EVALUATED,NOT_EVALUATED,,False,False,1.491984331056879,0.0,GT-derived isotropic spheres,TIER_R3_REFERENCE_COMPLETE,False
E1_REPLICA_GT_FINE,bda1efb81730b5280acba71d8090dbf8797e230d25fdc73f05c23404efff4270,0.2310750190997668,0.25338583117830654,NOT_EVALUABLE,0.07499999999999998,0.0037499999999999994,0.014799564689791751,15,0.0037499999999999994,0.014799564689791751,,ENVIRONMENT_LEVEL_ONLY,NOT_EVALUATED,NOT_EVALUATED,,False,False,0.6647163306935812,0.5,GT-derived isotropic spheres,TIER_R3_REFERENCE_COMPLETE,False
E1_REPLICA_GT_FINE,c297a9ed23a4245b1f69f465fccb53bd72dfcf384f49b1f2b3b18832cefc43bb,0.2089676272264368,0.22160364989923223,NOT_EVALUABLE,0.025,0.0012500000000000002,0.005640701317728301,5,0.0012500000000000002,0.005640701317728301,,ENVIRONMENT_LEVEL_ONLY,NOT_EVALUATED,NOT_EVALUATED,,False,False,0.8386682101806527,0.0,GT-derived isotropic spheres,TIER_R3_REFERENCE_COMPLETE,False
E1_REPLICA_GT_FINE,c56fb664bfb2e9bffdafc07c17a2e9e2099527cc997ade9e7cee6b8f9b7cbb29,0.7458514638011127,0.771314887297591,NOT_EVALUABLE,0.0,0.0,0.0,0,0.0,0.0,,ENVIRONMENT_LEVEL_ONLY,NOT_EVALUATED,NOT_EVALUATED,,False,False,0.2537896630382603,0.5,GT-derived isotropic spheres,TIER_R3_REFERENCE_COMPLETE,False
E1_REPLICA_GT_FINE,c6d7f046df0f18347dd70eca0cf02afdecd35da91985a24a737060541ed29dc1,0.4778655395465592,0.4904004632726014,NOT_EVALUABLE,0.1,0.005000000000000001,0.010195748932685298,15,0.005000000000000001,0.010195748932685298,,ENVIRONMENT_LEVEL_ONLY,NOT_EVALUATED,NOT_EVALUATED,,False,False,0.24042796436543404,0.75,GT-derived isotropic spheres,TIER_R3_REFERENCE_COMPLETE,False
E1_REPLICA_GT_FINE,c765eedfba4dedbd65fed56528c1767e8f1ae7562e7e570e5c55655a2747e762,0.5213648278296411,0.5456779970358058,NOT_EVALUABLE,0.025,0.0012500000000000002,0.002290728244111296,5,0.0012500000000000002,0.002290728244111296,,ENVIRONMENT_LEVEL_ONLY,NOT_EVALUATED,NOT_EVALUATED,,False,False,0.6803730256890319,0.5,GT-derived isotropic spheres,TIER_R3_REFERENCE_COMPLETE,False
E1_REPLICA_GT_FINE,c7c9eb787ea117a8872c6e719c1635de692966c7171ff9df4151ef38c745d4b1,0.5802545597286431,0.6052278481613278,NOT_EVALUABLE,0.025,0.0012500000000000002,0.002065337878614607,5,0.0012500000000000002,0.002065337878614607,,ENVIRONMENT_LEVEL_ONLY,NOT_EVALUATED,NOT_EVALUATED,,False,False,0.9035882660954347,0.5,GT-derived isotropic spheres,TIER_R3_REFERENCE_COMPLETE,False
E1_REPLICA_GT_FINE,c8776589f78f38c3118be749cd68401cb4677ecc1aaf3a8484fedfa59dbfc4b5,0.46052594423823917,0.48780313910744544,NOT_EVALUABLE,0.075,0.00375,0.007687527404726295,15,0.00375,0.007687527404726295,,ENVIRONMENT_LEVEL_ONLY,NOT_EVALUATED,NOT_EVALUATED,,False,False,0.8339657750902423,0.5,GT-derived isotropic spheres,TIER_R3_REFERENCE_COMPLETE,False
E1_REPLICA_GT_FINE,cb694b71989c990c7dea284e0cbf914302dd80f760fdc1afd4db4d79483cef02,0.3281913899932123,0.3450727728448976,NOT_EVALUABLE,0.05,0.0025000000000000005,0.007244848613784124,9,0.0025000000000000005,0.007244848613784124,,ENVIRONMENT_LEVEL_ONLY,NOT_EVALUATED,NOT_EVALUATED,,False,False,0.2272092555304714,0.75,GT-derived isotropic spheres,TIER_R3_REFERENCE_COMPLETE,False
E1_REPLICA_GT_FINE,cb84994047b97c5afb96e6256fcb1966c4b69c3e9cca26ef2417bbb90bf42f38,0.3301374993615437,0.3413860722208002,NOT_EVALUABLE,0.1,0.005000000000000001,0.014646174542135751,17,0.005000000000000001,0.014646174542135751,,ENVIRONMENT_LEVEL_ONLY,NOT_EVALUATED,NOT_EVALUATED,,False,False,0.5256374824821431,0.0,GT-derived isotropic spheres,TIER_R3_REFERENCE_COMPLETE,False
E1_REPLICA_GT_FINE,cc2b4eefcbfcc32163ead1ba19732dafef119b9982095c2e83244d1d392356be,0.5928672562461464,0.6191282252732093,NOT_EVALUABLE,0.1,0.005000000000000001,0.008075871517234734,20,0.005000000000000001,0.008075871517234734,,ENVIRONMENT_LEVEL_ONLY,NOT_EVALUATED,NOT_EVALUATED,,False,False,1.2509486626353634,0.25,GT-derived isotropic spheres,TIER_R3_REFERENCE_COMPLETE,False
E1_REPLICA_GT_FINE,cd2289a1bf6a81154f65308750f3473e98d69709f48ef8f4055ab136c4a47b71,0.3984233663692939,0.4251339927315825,NOT_EVALUABLE,0.075,0.00375,0.008820748432524526,13,0.00375,0.008820748432524526,,ENVIRONMENT_LEVEL_ONLY,NOT_EVALUATED,NOT_EVALUATED,,False,False,0.39422811186160733,0.25,GT-derived isotropic spheres,TIER_R3_REFERENCE_COMPLETE,False
E1_REPLICA_GT_FINE,cf99fcdb02a28a816a9aa8ba88a2976f96d10b5ebd3278230ef761ec9cd80c12,0.9602983973643869,0.9836889607753178,NOT_EVALUABLE,0.1,0.005000000000000001,0.005082907503667758,15,0.005000000000000001,0.005082907503667758,,ENVIRONMENT_LEVEL_ONLY,NOT_EVALUATED,NOT_EVALUATED,,False,False,0.7459921655284395,0.5,GT-derived isotropic spheres,TIER_R3_REFERENCE_COMPLETE,False
E1_REPLICA_GT_FINE,d16700419d954ff77322ffc54097507ff24f92a2150fca11642652d73ca42754,0.5281314710619031,0.5515118947475791,NOT_EVALUABLE,0.075,0.00375,0.006799490701313584,14,0.00375,0.006799490701313584,,ENVIRONMENT_LEVEL_ONLY,NOT_EVALUATED,NOT_EVALUATED,,False,False,0.5295686309053435,0.5,GT-derived isotropic spheres,TIER_R3_REFERENCE_COMPLETE,False
E1_REPLICA_GT_FINE,d35a07742088056db84cbe1e766a4d3d8e26bef108b6afbc4eb461a6149610b0,0.692058695328862,0.7197304736452005,NOT_EVALUABLE,0.049999999999999996,0.0025,0.0034735225081387955,10,0.0025,0.0034735225081387955,,ENVIRONMENT_LEVEL_ONLY,NOT_EVALUATED,NOT_EVALUATED,,False,False,1.3294326613871623,0.0,GT-derived isotropic spheres,TIER_R3_REFERENCE_COMPLETE,False
E1_REPLICA_GT_FINE,d423f84053e20a28fa28c02c0695c9e21cb9084349ded01aed00059190333d24,0.19802538396058758,0.22197797250208076,NOT_EVALUABLE,0.075,0.00375,0.016893568121786717,14,0.00375,0.016893568121786717,,ENVIRONMENT_LEVEL_ONLY,NOT_EVALUATED,NOT_EVALUATED,,False,False,1.8071765321908695,0.0,GT-derived isotropic spheres,TIER_R3_REFERENCE_COMPLETE,False
E1_REPLICA_GT_FINE,d550974b781b5cdc5f25d9fc93263bc36a05e7d08824bac463bbd6f23e6b9bb4,0.6134080036181955,0.6361044093448875,NOT_EVALUABLE,0.1,0.005000000000000001,0.00786034482161413,19,0.005000000000000001,0.00786034482161413,,ENVIRONMENT_LEVEL_ONLY,NOT_EVALUATED,NOT_EVALUATED,,False,False,0.5961752587163832,0.0,GT-derived isotropic spheres,TIER_R3_REFERENCE_COMPLETE,False
E1_REPLICA_GT_FINE,d736b3fe7b42f6af6f898bf96b10e412d5ea677e294baf80a3a1968beb99368d,0.31501393992461696,0.3363701540801025,NOT_EVALUABLE,0.07499999999999998,0.0037499999999999994,0.011148432625526526,14,0.0037499999999999994,0.011148432625526526,,ENVIRONMENT_LEVEL_ONLY,NOT_EVALUATED,NOT_EVALUATED,,False,False,0.9197515066152036,0.5,GT-derived isotropic spheres,TIER_R3_REFERENCE_COMPLETE,False
E1_REPLICA_GT_FINE,d73848087c18733f887bb72089596f171895084cef467e8b437e68281bc48ce2,0.5867472782818302,0.6109291427910888,NOT_EVALUABLE,0.1,0.005000000000000001,0.008184255177543205,20,0.005000000000000001,0.008184255177543205,,ENVIRONMENT_LEVEL_ONLY,NOT_EVALUATED,NOT_EVALUATED,,False,False,0.5476498673998412,0.5,GT-derived isotropic spheres,TIER_R3_REFERENCE_COMPLETE,False
E1_REPLICA_GT_FINE,d963e34c7b4e4923d9770f9181d9d7edae82ba5f07f55e0dc9ea086a1add7bda,0.45762494441109175,0.4756077731932707,NOT_EVALUABLE,0.1,0.005000000000000001,0.010512864342879805,17,0.005000000000000001,0.010512864342879805,,ENVIRONMENT_LEVEL_ONLY,NOT_EVALUATED,NOT_EVALUATED,,False,False,0.8723255518950592,0.5,GT-derived isotropic spheres,TIER_R3_REFERENCE_COMPLETE,False
E1_REPLICA_GT_FINE,dbb13c701a3135469d7b7dcaff5ca0c1e80c3c5c76b5e4c74567428e1626ab16,0.4181454671454243,0.4364857861704632,NOT_EVALUABLE,0.1,0.005000000000000001,0.011455126738187354,17,0.005000000000000001,0.011455126738187354,,ENVIRONMENT_LEVEL_ONLY,NOT_EVALUATED,NOT_EVALUATED,,False,False,0.16322578459767006,0.75,GT-derived isotropic spheres,TIER_R3_REFERENCE_COMPLETE,False
E1_REPLICA_GT_FINE,dd266b4f4e93d7245832e12ca7150e1b277406aafdec54b9a5e12bc26713d146,0.31501393992461696,0.3363701540801025,NOT_EVALUABLE,0.025,0.0012500000000000002,0.0037161442085088432,5,0.0012500000000000002,0.0037161442085088432,,ENVIRONMENT_LEVEL_ONLY,NOT_EVALUATED,NOT_EVALUATED,,False,False,0.9197515066152036,0.5,GT-derived isotropic spheres,TIER_R3_REFERENCE_COMPLETE,False
E1_REPLICA_GT_FINE,dd90183f6c86b99b2413bc0d1313ad6ee865eb8b34c1cd1ff700a9e25e36a33f,1.24477196235799,1.2725882891634566,NOT_EVALUABLE,0.1,0.005000000000000001,0.0039290004808128325,18,0.005000000000000001,0.0039290004808128325,,ENVIRONMENT_LEVEL_ONLY,NOT_EVALUATED,NOT_EVALUATED,,False,False,0.7718379291606127,0.25,GT-derived isotropic spheres,TIER_R3_REFERENCE_COMPLETE,False
E1_REPLICA_GT_FINE,e00c9a68fd389e3f58e1d442afa9acbd1e5596e22a6a1fb4f2b80d836acdb081,0.5771157457427482,0.6026436928473019,NOT_EVALUABLE,0.0,0.0,0.0,0,0.0,0.0,,ENVIRONMENT_LEVEL_ONLY,NOT_EVALUATED,NOT_EVALUATED,,False,False,0.5758200450192604,0.0,GT-derived isotropic spheres,TIER_R3_REFERENCE_COMPLETE,False
E1_REPLICA_GT_FINE,e1f1e32b39b7cc4bdf0ac52b9310925259f283a2f428b6cfc307573e88912498,0.3685884909507047,0.3857944869380328,NOT_EVALUABLE,0.05,0.0025000000000000005,0.006480134073044844,10,0.0025000000000000005,0.006480134073044844,,ENVIRONMENT_LEVEL_ONLY,NOT_EVALUATED,NOT_EVALUATED,,False,False,0.41933410509032637,0.5,GT-derived isotropic spheres,TIER_R3_REFERENCE_COMPLETE,False
E1_REPLICA_GT_FINE,e2e599a26797533489645a555110a5e793f989c950ee1e5eff1e6b11d6ea5dc8,0.16367383823273962,0.18856127651321297,NOT_EVALUABLE,0.0,0.0,0.0,0,0.0,0.0,,ENVIRONMENT_LEVEL_ONLY,NOT_EVALUATED,NOT_EVALUATED,,False,False,0.22827868296791748,0.5,GT-derived isotropic spheres,TIER_R3_REFERENCE_COMPLETE,False
E1_REPLICA_GT_FINE,e48fe8cf558e8c0cdd9a0f08c28bf0bf1f6f3e72719c35a127976351e704f2ef,0.3318346363024648,0.3545944708638744,NOT_EVALUABLE,0.1,0.005000000000000001,0.014100614676305698,18,0.005000000000000001,0.014100614676305698,,ENVIRONMENT_LEVEL_ONLY,NOT_EVALUATED,NOT_EVALUATED,,False,False,0.9891579171209814,0.5,GT-derived isotropic spheres,TIER_R3_REFERENCE_COMPLETE,False
E1_REPLICA_GT_FINE,e5d76d0be3ceef59610d9b6b2a5da34fe2d724b95e8484721b2797b2b458c7e3,0.5492967697749551,0.5761969880046962,NOT_EVALUABLE,0.025,0.0012500000000000002,0.0021693969701726597,5,0.0012500000000000002,0.0021693969701726597,,ENVIRONMENT_LEVEL_ONLY,NOT_EVALUATED,NOT_EVALUATED,,False,False,0.5596865916705859,0.25,GT-derived isotropic spheres,TIER_R3_REFERENCE_COMPLETE,False
E1_REPLICA_GT_FINE,e647b36323404f8ae0b3dd9d2148f1e3ad14a1e11bc37f5e652d0a4425b4b4ad,0.2442917786563939,0.27156682219590444,NOT_EVALUABLE,0.075,0.00375,0.01380875605376714,15,0.00375,0.01380875605376714,,ENVIRONMENT_LEVEL_ONLY,NOT_EVALUATED,NOT_EVALUATED,,False,False,1.6481273764913573,0.0,GT-derived isotropic spheres,TIER_R3_REFERENCE_COMPLETE,False
E1_REPLICA_GT_FINE,e694a787437be0c0d9680d4cb549412123d35e2072ea84885321e5db3bc061e1,1.24477196235799,1.2725882891634566,NOT_EVALUABLE,0.025,0.0012500000000000002,0.0009822501202032081,5,0.0012500000000000002,0.0009822501202032081,,ENVIRONMENT_LEVEL_ONLY,NOT_EVALUATED,NOT_EVALUATED,,False,False,0.7718379291606127,0.25,GT-derived isotropic spheres,TIER_R3_REFERENCE_COMPLETE,False
E1_REPLICA_GT_FINE,e8e29ada3d95a190f9c2b4a8f1e2d8c5758a16280e32bd58c1428e26a1fd590e,0.26651390104790357,0.2930494096062211,NOT_EVALUABLE,0.1,0.005000000000000001,0.017061969197339943,20,0.005000000000000001,0.017061969197339943,,ENVIRONMENT_LEVEL_ONLY,NOT_EVALUATED,NOT_EVALUATED,,False,False,0.9771152787418854,0.5,GT-derived isotropic spheres,TIER_R3_REFERENCE_COMPLETE,False
E1_REPLICA_GT_FINE,ea1db817fdad70be222a63d4ee790f7e983c9d9c1c357da1eb7ae0d6b1d5bc48,1.5518966559616199,1.578520570863253,NOT_EVALUABLE,0.09999999999999999,0.005,0.0031675228643144172,20,0.005,0.0031675228643144172,,ENVIRONMENT_LEVEL_ONLY,NOT_EVALUATED,NOT_EVALUATED,,False,False,0.5988683152235575,0.25,GT-derived isotropic spheres,TIER_R3_REFERENCE_COMPLETE,False
E1_REPLICA_GT_FINE,eddc6828734721b6989455f10a436ca2dcfea4b2bf577d061969ba10140feedd,0.4597675676378661,0.4881940809108006,NOT_EVALUABLE,0.0,0.0,0.0,0,0.0,0.0,,ENVIRONMENT_LEVEL_ONLY,NOT_EVALUATED,NOT_EVALUATED,,False,False,0.6935274354197862,0.0,GT-derived isotropic spheres,TIER_R3_REFERENCE_COMPLETE,False
E1_REPLICA_GT_FINE,f1c38273b769e72dc0d931f077a68b1b7253969b3ef21e3768785566392b1f0d,0.3895556094066358,0.41560803425659487,NOT_EVALUABLE,0.075,0.00375,0.009022924705263911,13,0.00375,0.009022924705263911,,ENVIRONMENT_LEVEL_ONLY,NOT_EVALUATED,NOT_EVALUATED,,False,False,0.4896773537930102,0.25,GT-derived isotropic spheres,TIER_R3_REFERENCE_COMPLETE,False
E1_REPLICA_GT_FINE,f2816e6e2705d3bf752c79e7370a806683936b55e09247da1dce47132fefcb7c,0.6952318138129143,0.7135835381637895,NOT_EVALUABLE,0.025,0.0012500000000000002,0.0017517220243288272,4,0.0012500000000000002,0.0017517220243288272,,ENVIRONMENT_LEVEL_ONLY,NOT_EVALUATED,NOT_EVALUATED,,False,False,0.37299608276421975,0.75,GT-derived isotropic spheres,TIER_R3_REFERENCE_COMPLETE,False
E1_REPLICA_GT_FINE,f28b10bc4f631474219d79c43b3b2d87f940dddcc2679cf16ac7919be8fa408b,0.48522276840408507,0.5118554288228679,NOT_EVALUABLE,0.05,0.0025000000000000005,0.004884191627603402,9,0.0025000000000000005,0.004884191627603402,,ENVIRONMENT_LEVEL_ONLY,NOT_EVALUATED,NOT_EVALUATED,,False,False,0.7946615026479236,0.25,GT-derived isotropic spheres,TIER_R3_REFERENCE_COMPLETE,False
E1_REPLICA_GT_FINE,f66efb4650383c6c5da37f5fbc6e6dda31b649ee9e4ca853939d10ae6f55bb33,1.3591164788756394,1.384119501586453,NOT_EVALUABLE,0.049999999999999996,0.0025,0.001806202424815592,10,0.0025,0.001806202424815592,,ENVIRONMENT_LEVEL_ONLY,NOT_EVALUATED,NOT_EVALUATED,,False,False,0.7984910869647435,0.0,GT-derived isotropic spheres,TIER_R3_REFERENCE_COMPLETE,False
E1_REPLICA_GT_FINE,f790e08ea0ad08ffa7c3faa4f0c2274c1ccac440af63b649adb979f213a86c83,0.28733017170910086,0.3114311842308211,NOT_EVALUABLE,0.0,0.0,0.0,0,0.0,0.0,,ENVIRONMENT_LEVEL_ONLY,NOT_EVALUATED,NOT_EVALUATED,,False,False,0.4622878091801788,0.75,GT-derived isotropic spheres,TIER_R3_REFERENCE_COMPLETE,False
E1_REPLICA_GT_FINE,f8529d0eefa3b86112e5878801259c09ed00ab7a25aa589e759304f1d76a8fc7,0.3852329184828492,0.4148091547470536,NOT_EVALUABLE,0.025,0.0012500000000000002,0.0030134339748654716,5,0.0012500000000000002,0.0030134339748654716,,ENVIRONMENT_LEVEL_ONLY,NOT_EVALUATED,NOT_EVALUATED,,False,False,1.1781496768520394,0.25,GT-derived isotropic spheres,TIER_R3_REFERENCE_COMPLETE,False
E1_REPLICA_GT_FINE,fcde0b521410fec4c2beb6348121dcbf531584e69542dfbfc467ca7c9a5daad2,0.48824049491566335,0.5115815154719622,NOT_EVALUABLE,0.10000000000000002,0.005000000000000001,0.009773613488335725,16,0.005000000000000001,0.009773613488335725,,ENVIRONMENT_LEVEL_ONLY,NOT_EVALUATED,NOT_EVALUATED,,False,False,0.5958306257526128,0.5,GT-derived isotropic spheres,TIER_R3_REFERENCE_COMPLETE,False
E1_REPLICA_GT_FINE,fd6fa4a3c1696fb4ee3b537312ce3405deef395c79d20c1ed1de4511dd78199c,0.5624453907193672,0.5900078058106669,NOT_EVALUABLE,0.05,0.0025000000000000005,0.0042372320762180705,9,0.0025000000000000005,0.0042372320762180705,,ENVIRONMENT_LEVEL_ONLY,NOT_EVALUATED,NOT_EVALUATED,,False,False,0.18656219722352863,0.75,GT-derived isotropic spheres,TIER_R3_REFERENCE_COMPLETE,False
E1_REPLICA_GT_FINE,ff2d268daef24f0972ee29a4317587fc58dfbd649258a211727d51343f6d8b82,0.9602983973643869,0.9836889607753178,NOT_EVALUABLE,0.05,0.0025000000000000005,0.002541453751833879,8,0.0025000000000000005,0.002541453751833879,,ENVIRONMENT_LEVEL_ONLY,NOT_EVALUATED,NOT_EVALUATED,,False,False,0.7459921655284395,0.5,GT-derived isotropic spheres,TIER_R3_REFERENCE_COMPLETE,False
E5_STONEHENGE_SAFER,0134302ab41076889b51193a28030c4b4c593c7d49d324db7384fadf8e4292c7,0.0550401004317067,NOT_EVALUABLE,NOT_EVALUABLE,0.0,0.0,NOT_EVALUABLE,0,0.0,NOT_EVALUABLE,4125,ENVIRONMENT_LEVEL_ONLY,NOT_EVALUATED,NOT_EVALUATED,4125,False,NOT_EVALUABLE,0.784,0.0,official learned anisotropic SAFER map,TIER_R1_REPRESENTED_MAP_BEHAVIOR_ONLY,False
E5_STONEHENGE_SAFER,04064bec00d45d558ae52ec3b1ab673505dd7df8e23062cb792b4e5a0fc2403d,0.05258493149843149,NOT_EVALUABLE,NOT_EVALUABLE,0.0,0.0,NOT_EVALUABLE,0,0.0,NOT_EVALUABLE,2947,ENVIRONMENT_LEVEL_ONLY,NOT_EVALUATED,NOT_EVALUATED,2947,False,NOT_EVALUABLE,0.7841134052928949,0.0,official learned anisotropic SAFER map,TIER_R1_REPRESENTED_MAP_BEHAVIOR_ONLY,False
E5_STONEHENGE_SAFER,05a9e9b395bb7c2e10574895b494e9e50c644712cd2ab1299f0e2779d8487a1a,0.05051724020643795,NOT_EVALUABLE,NOT_EVALUABLE,0.0,0.0,NOT_EVALUABLE,0,0.0,NOT_EVALUABLE,6321,ENVIRONMENT_LEVEL_ONLY,NOT_EVALUATED,NOT_EVALUATED,6321,False,NOT_EVALUABLE,0.7842047704123123,0.0,official learned anisotropic SAFER map,TIER_R1_REPRESENTED_MAP_BEHAVIOR_ONLY,False
E5_STONEHENGE_SAFER,065ccf3dc76d0069d660b8edf46e507c115799568da9d9ad3e9edab220dc4a2b,0.07414892683288729,NOT_EVALUABLE,NOT_EVALUABLE,0.0,0.0,NOT_EVALUABLE,0,0.0,NOT_EVALUABLE,6148,ENVIRONMENT_LEVEL_ONLY,NOT_EVALUATED,NOT_EVALUATED,6148,False,NOT_EVALUABLE,0.7840160904755629,0.0,official learned anisotropic SAFER map,TIER_R1_REPRESENTED_MAP_BEHAVIOR_ONLY,False
E5_STONEHENGE_SAFER,09472ebc63bedd15e2296b7fc3e573f29430b68dd46cf1de5a6edea99dedc6bf,0.06166156575063384,NOT_EVALUABLE,NOT_EVALUABLE,0.0,0.0,NOT_EVALUABLE,0,0.0,NOT_EVALUABLE,7907,ENVIRONMENT_LEVEL_ONLY,NOT_EVALUATED,NOT_EVALUATED,7907,False,NOT_EVALUABLE,0.784016090475563,0.0,official learned anisotropic SAFER map,TIER_R1_REPRESENTED_MAP_BEHAVIOR_ONLY,False
E5_STONEHENGE_SAFER,0b90fd0f638a4595adf145ced7e3d338f215e7736437cc62d7fe98a588e95b21,0.06135227273442259,NOT_EVALUABLE,NOT_EVALUABLE,0.0,0.0,NOT_EVALUABLE,0,0.0,NOT_EVALUABLE,2680,ENVIRONMENT_LEVEL_ONLY,NOT_EVALUATED,NOT_EVALUATED,2680,False,NOT_EVALUABLE,0.7840010261711613,0.0,official learned anisotropic SAFER map,TIER_R1_REPRESENTED_MAP_BEHAVIOR_ONLY,False
E5_STONEHENGE_SAFER,0d858158bd5fe799ce2a64711e6bab8ab455e20123047c69ef13c8d2f6b13cb4,0.07395470587751195,NOT_EVALUABLE,NOT_EVALUABLE,0.0,0.0,NOT_EVALUABLE,0,0.0,NOT_EVALUABLE,2211,ENVIRONMENT_LEVEL_ONLY,NOT_EVALUATED,NOT_EVALUATED,2211,False,NOT_EVALUABLE,0.7840535623400265,0.0,official learned anisotropic SAFER map,TIER_R1_REPRESENTED_MAP_BEHAVIOR_ONLY,False
E5_STONEHENGE_SAFER,1101555f9fce4f795ffe0e826b025d9fed439a1a83e9e7c7d7a748e22a44b50e,0.05710099076540542,NOT_EVALUABLE,NOT_EVALUABLE,0.0,0.0,NOT_EVALUABLE,0,0.0,NOT_EVALUABLE,4149,ENVIRONMENT_LEVEL_ONLY,NOT_EVALUATED,NOT_EVALUATED,4149,False,NOT_EVALUABLE,0.784047121968178,0.0,official learned anisotropic SAFER map,TIER_R1_REPRESENTED_MAP_BEHAVIOR_ONLY,False
E5_STONEHENGE_SAFER,12680aa8e57e77f07ce02945688cfcbfa27e0d364efbdfbbf25027649e693063,0.0675722070704687,NOT_EVALUABLE,NOT_EVALUABLE,0.0,0.0,NOT_EVALUABLE,0,0.0,NOT_EVALUABLE,3834,ENVIRONMENT_LEVEL_ONLY,NOT_EVALUATED,NOT_EVALUATED,3834,False,NOT_EVALUABLE,0.784047121968178,0.0,official learned anisotropic SAFER map,TIER_R1_REPRESENTED_MAP_BEHAVIOR_ONLY,False
E5_STONEHENGE_SAFER,18b57d334b373ccb3813d95216cf27c2317d73517b2fe189c8859c2382203d63,0.06570388907465681,NOT_EVALUABLE,NOT_EVALUABLE,0.0,0.0,NOT_EVALUABLE,0,0.0,NOT_EVALUABLE,4594,ENVIRONMENT_LEVEL_ONLY,NOT_EVALUATED,NOT_EVALUATED,4594,False,NOT_EVALUABLE,0.7841981790419902,0.0,official learned anisotropic SAFER map,TIER_R1_REPRESENTED_MAP_BEHAVIOR_ONLY,False
E5_STONEHENGE_SAFER,1c881c67b31fe8bbe272c089b8ca97a57ff7b87108a0137e98657bfd217fca0b,0.04029224260113189,NOT_EVALUABLE,NOT_EVALUABLE,0.0,0.0,NOT_EVALUABLE,0,0.0,NOT_EVALUABLE,3881,ENVIRONMENT_LEVEL_ONLY,NOT_EVALUATED,NOT_EVALUATED,3881,False,NOT_EVALUABLE,0.7840820255277389,0.0,official learned anisotropic SAFER map,TIER_R1_REPRESENTED_MAP_BEHAVIOR_ONLY,False
E5_STONEHENGE_SAFER,22a6245662231278eba445286d6dd129447860bcbe2d184bbea5b9564fac526c,0.04225677558006156,NOT_EVALUABLE,NOT_EVALUABLE,0.0,0.0,NOT_EVALUABLE,0,0.0,NOT_EVALUABLE,4178,ENVIRONMENT_LEVEL_ONLY,NOT_EVALUATED,NOT_EVALUATED,4178,False,NOT_EVALUABLE,0.7841134052928951,0.0,official learned anisotropic SAFER map,TIER_R1_REPRESENTED_MAP_BEHAVIOR_ONLY,False
E5_STONEHENGE_SAFER,24fd31d3054097eae6b1e972550278f895095a40321f77a25cbd7d6770c715bb,0.04981074642651037,NOT_EVALUABLE,NOT_EVALUABLE,0.0,0.0,NOT_EVALUABLE,0,0.0,NOT_EVALUABLE,5207,ENVIRONMENT_LEVEL_ONLY,NOT_EVALUATED,NOT_EVALUATED,5207,False,NOT_EVALUABLE,0.7842519276083273,0.0,official learned anisotropic SAFER map,TIER_R1_REPRESENTED_MAP_BEHAVIOR_ONLY,False
E5_STONEHENGE_SAFER,2a728f39f8e92f814cdb8b1403095b107ea880f2d89b1a0eb3f7baf49a53628b,0.059221835836063726,NOT_EVALUABLE,NOT_EVALUABLE,0.0,0.0,NOT_EVALUABLE,0,0.0,NOT_EVALUABLE,7663,ENVIRONMENT_LEVEL_ONLY,NOT_EVALUATED,NOT_EVALUATED,7663,False,NOT_EVALUABLE,0.784153659261763,0.0,official learned anisotropic SAFER map,TIER_R1_REPRESENTED_MAP_BEHAVIOR_ONLY,False
E5_STONEHENGE_SAFER,2e3d48baf1265ee26352b4abbe25460e417a7ea161ee4950fe118d17f9193205,0.06452821973839612,NOT_EVALUABLE,NOT_EVALUABLE,0.0,0.0,NOT_EVALUABLE,0,0.0,NOT_EVALUABLE,3594,ENVIRONMENT_LEVEL_ONLY,NOT_EVALUATED,NOT_EVALUATED,3594,False,NOT_EVALUABLE,0.7840896733951637,0.0,official learned anisotropic SAFER map,TIER_R1_REPRESENTED_MAP_BEHAVIOR_ONLY,False
E5_STONEHENGE_SAFER,31a4d33620a77352190d0accd58a0c800b4e525862c8d7ba91a5f43ff4fb881b,0.0638519927448735,NOT_EVALUABLE,NOT_EVALUABLE,0.0,0.0,NOT_EVALUABLE,0,0.0,NOT_EVALUABLE,3122,ENVIRONMENT_LEVEL_ONLY,NOT_EVALUATED,NOT_EVALUATED,3122,False,NOT_EVALUABLE,0.7841295640343929,0.0,official learned anisotropic SAFER map,TIER_R1_REPRESENTED_MAP_BEHAVIOR_ONLY,False
E5_STONEHENGE_SAFER,346c2334d2d03b7b245a40a87ffc5d785547d36afac94c811e06bcb61773d857,0.04319508579503063,NOT_EVALUABLE,NOT_EVALUABLE,0.0,0.0,NOT_EVALUABLE,0,0.0,NOT_EVALUABLE,4238,ENVIRONMENT_LEVEL_ONLY,NOT_EVALUATED,NOT_EVALUATED,4238,False,NOT_EVALUABLE,0.7840896733951637,0.0,official learned anisotropic SAFER map,TIER_R1_REPRESENTED_MAP_BEHAVIOR_ONLY,False
E5_STONEHENGE_SAFER,352c7f5f48f590fca9a7d5068226a9cde0a49ad2c23a06dac8a09558b4f4f885,0.06682847283981662,NOT_EVALUABLE,NOT_EVALUABLE,0.0,0.0,NOT_EVALUABLE,0,0.0,NOT_EVALUABLE,2332,ENVIRONMENT_LEVEL_ONLY,NOT_EVALUATED,NOT_EVALUATED,2332,False,NOT_EVALUABLE,0.7840745608661205,0.0,official learned anisotropic SAFER map,TIER_R1_REPRESENTED_MAP_BEHAVIOR_ONLY,False
E5_STONEHENGE_SAFER,3790da6b1aed9c99b4c67c2d2c4ab37af16c1cc254d4c4be0956d958c295dd6a,0.05714158846945454,NOT_EVALUABLE,NOT_EVALUABLE,0.0,0.0,NOT_EVALUABLE,0,0.0,NOT_EVALUABLE,2183,ENVIRONMENT_LEVEL_ONLY,NOT_EVALUATED,NOT_EVALUATED,2183,False,NOT_EVALUABLE,0.7840673094735207,0.0,official learned anisotropic SAFER map,TIER_R1_REPRESENTED_MAP_BEHAVIOR_ONLY,False
E5_STONEHENGE_SAFER,38b33526102f26cb985a944f9605898e443c349c2c238de81d799dfcc3e6c41b,0.06893001574736791,NOT_EVALUABLE,NOT_EVALUABLE,0.0,0.0,NOT_EVALUABLE,0,0.0,NOT_EVALUABLE,2748,ENVIRONMENT_LEVEL_ONLY,NOT_EVALUATED,NOT_EVALUATED,2748,False,NOT_EVALUABLE,0.7842369518727405,0.0,official learned anisotropic SAFER map,TIER_R1_REPRESENTED_MAP_BEHAVIOR_ONLY,False
E5_STONEHENGE_SAFER,3d26d4945e5eb287bb0f08d98a5584ac6865560cbf85f1082a2b8e23846f087a,0.059689231667688684,NOT_EVALUABLE,NOT_EVALUABLE,0.0,0.0,NOT_EVALUABLE,0,0.0,NOT_EVALUABLE,2206,ENVIRONMENT_LEVEL_ONLY,NOT_EVALUATED,NOT_EVALUATED,2206,False,NOT_EVALUABLE,0.7840010261711613,0.0,official learned anisotropic SAFER map,TIER_R1_REPRESENTED_MAP_BEHAVIOR_ONLY,False
E5_STONEHENGE_SAFER,3f1caa229d82e8e450cd7afcfa76727cab1fe45b4dd08d574918bae23c9bbdc4,0.0640947614708094,NOT_EVALUABLE,NOT_EVALUABLE,0.0,0.0,NOT_EVALUABLE,0,0.0,NOT_EVALUABLE,2174,ENVIRONMENT_LEVEL_ONLY,NOT_EVALUATED,NOT_EVALUATED,2174,False,NOT_EVALUABLE,0.7841053949339123,0.0,official learned anisotropic SAFER map,TIER_R1_REPRESENTED_MAP_BEHAVIOR_ONLY,False
E5_STONEHENGE_SAFER,402e4211a0f090cd9581637f2218fdcc2e21901ee895e69723ac6c34e54b9a92,0.06606972195069427,NOT_EVALUABLE,NOT_EVALUABLE,0.0,0.0,NOT_EVALUABLE,0,0.0,NOT_EVALUABLE,6340,ENVIRONMENT_LEVEL_ONLY,NOT_EVALUATED,NOT_EVALUATED,6340,False,NOT_EVALUABLE,0.7841456898865508,0.0,official learned anisotropic SAFER map,TIER_R1_REPRESENTED_MAP_BEHAVIOR_ONLY,False
E5_STONEHENGE_SAFER,40c746c87378efda13846a5182c76791b53153064539d49d11771fc56a585f58,0.06832196758745385,NOT_EVALUABLE,NOT_EVALUABLE,0.0,0.0,NOT_EVALUABLE,0,0.0,NOT_EVALUABLE,5722,ENVIRONMENT_LEVEL_ONLY,NOT_EVALUATED,NOT_EVALUATED,5722,False,NOT_EVALUABLE,0.7841841705380959,0.0,official learned anisotropic SAFER map,TIER_R1_REPRESENTED_MAP_BEHAVIOR_ONLY,False
E5_STONEHENGE_SAFER,420d81ff82b0c93b992a551ca1aa6ca74054ba7c59f6339dbf8d45ae11443ddc,0.06164487381712967,NOT_EVALUABLE,NOT_EVALUABLE,0.0,0.0,NOT_EVALUABLE,0,0.0,NOT_EVALUABLE,3243,ENVIRONMENT_LEVEL_ONLY,NOT_EVALUATED,NOT_EVALUATED,3243,False,NOT_EVALUABLE,0.7842498955018884,0.0,official learned anisotropic SAFER map,TIER_R1_REPRESENTED_MAP_BEHAVIOR_ONLY,False
E5_STONEHENGE_SAFER,4973ebd65bf5c9a2830199a51b00a460ac220c12e85a32b7bb8c8a218905d204,0.07661572809269605,NOT_EVALUABLE,NOT_EVALUABLE,0.0,0.0,NOT_EVALUABLE,0,0.0,NOT_EVALUABLE,4312,ENVIRONMENT_LEVEL_ONLY,NOT_EVALUATED,NOT_EVALUATED,4312,False,NOT_EVALUABLE,0.7840410053802598,0.0,official learned anisotropic SAFER map,TIER_R1_REPRESENTED_MAP_BEHAVIOR_ONLY,False
E5_STONEHENGE_SAFER,4cb10c353901921fc6bbcb50852810cb4ee8da51d6085eb99ffb4c8fbfdb5d3f,0.05231741974597389,NOT_EVALUABLE,NOT_EVALUABLE,0.0,0.0,NOT_EVALUABLE,0,0.0,NOT_EVALUABLE,2801,ENVIRONMENT_LEVEL_ONLY,NOT_EVALUATED,NOT_EVALUATED,2801,False,NOT_EVALUABLE,0.7842408858824762,0.0,official learned anisotropic SAFER map,TIER_R1_REPRESENTED_MAP_BEHAVIOR_ONLY,False
E5_STONEHENGE_SAFER,563bc8997736bb471ed161714451176a26c82e37c1c86862d8d18059b46281ed,0.07265319234812988,NOT_EVALUABLE,NOT_EVALUABLE,0.0,0.0,NOT_EVALUABLE,0,0.0,NOT_EVALUABLE,5789,ENVIRONMENT_LEVEL_ONLY,NOT_EVALUATED,NOT_EVALUATED,5789,False,NOT_EVALUABLE,0.784035237213468,0.0,official learned anisotropic SAFER map,TIER_R1_REPRESENTED_MAP_BEHAVIOR_ONLY,False
E5_STONEHENGE_SAFER,591e9d6a822894b09185290e0772c77cd1df78239bc081ceaec6ac0103b4bc3c,0.04128074192236921,NOT_EVALUABLE,NOT_EVALUABLE,0.0,0.0,NOT_EVALUABLE,0,0.0,NOT_EVALUABLE,4638,ENVIRONMENT_LEVEL_ONLY,NOT_EVALUATED,NOT_EVALUATED,4638,False,NOT_EVALUABLE,0.7842443635063541,0.0,official learned anisotropic SAFER map,TIER_R1_REPRESENTED_MAP_BEHAVIOR_ONLY,False
E5_STONEHENGE_SAFER,5a07835e9ae5cc487172a9a5722cb9653f6eabd943f1bf643056ed9455f1e455,0.06670893079275002,NOT_EVALUABLE,NOT_EVALUABLE,0.0,0.0,NOT_EVALUABLE,0,0.0,NOT_EVALUABLE,5708,ENVIRONMENT_LEVEL_ONLY,NOT_EVALUATED,NOT_EVALUATED,5708,False,NOT_EVALUABLE,0.7842534588879638,0.0,official learned anisotropic SAFER map,TIER_R1_REPRESENTED_MAP_BEHAVIOR_ONLY,False
E5_STONEHENGE_SAFER,5bb553d5d5428e6660ada112b8a9a833d27f7875a0860cc0f04d4ba667119ea2,0.07365004511371805,NOT_EVALUABLE,NOT_EVALUABLE,0.0,0.0,NOT_EVALUABLE,0,0.0,NOT_EVALUABLE,6107,ENVIRONMENT_LEVEL_ONLY,NOT_EVALUATED,NOT_EVALUATED,6107,False,NOT_EVALUABLE,0.7841536592617628,0.0,official learned anisotropic SAFER map,TIER_R1_REPRESENTED_MAP_BEHAVIOR_ONLY,False
E5_STONEHENGE_SAFER,5da504b0103fee60d127a07e33fbd66c35003cf0f794b1b85f5f85bdff77a22e,0.03381470317061776,NOT_EVALUABLE,NOT_EVALUABLE,0.0,0.0,NOT_EVALUABLE,0,0.0,NOT_EVALUABLE,4067,ENVIRONMENT_LEVEL_ONLY,NOT_EVALUATED,NOT_EVALUATED,4067,False,NOT_EVALUABLE,0.7842277798056817,0.0,official learned anisotropic SAFER map,TIER_R1_REPRESENTED_MAP_BEHAVIOR_ONLY,False
E5_STONEHENGE_SAFER,61dd821c86d524ff972760694874f1c8c683e3685cd519f8cdc7b53a5899c7cc,0.047969100295412466,NOT_EVALUABLE,NOT_EVALUABLE,0.0,0.0,NOT_EVALUABLE,0,0.0,NOT_EVALUABLE,5715,ENVIRONMENT_LEVEL_ONLY,NOT_EVALUATED,NOT_EVALUATED,5715,False,NOT_EVALUABLE,0.7840603005550516,0.0,official learned anisotropic SAFER map,TIER_R1_REPRESENTED_MAP_BEHAVIOR_ONLY,False
E5_STONEHENGE_SAFER,64487a765e2cee71376b222c9ce0ebd08526c603ad22616faeb63cf7d7accd7f,0.07139261817821427,NOT_EVALUABLE,NOT_EVALUABLE,0.0,0.0,NOT_EVALUABLE,0,0.0,NOT_EVALUABLE,8329,ENVIRONMENT_LEVEL_ONLY,NOT_EVALUATED,NOT_EVALUATED,8329,False,NOT_EVALUABLE,0.7840202480124054,0.0,official learned anisotropic SAFER map,TIER_R1_REPRESENTED_MAP_BEHAVIOR_ONLY,False
E5_STONEHENGE_SAFER,648053b21a005ea20025b6dac5ee1b74c189f86dfeb9103d291e8b2113cb825b,0.04507313090779599,NOT_EVALUABLE,NOT_EVALUABLE,0.0,0.0,NOT_EVALUABLE,0,0.0,NOT_EVALUABLE,7003,ENVIRONMENT_LEVEL_ONLY,NOT_EVALUATED,NOT_EVALUATED,7003,False,NOT_EVALUABLE,0.784121472488055,0.0,official learned anisotropic SAFER map,TIER_R1_REPRESENTED_MAP_BEHAVIOR_ONLY,False
E5_STONEHENGE_SAFER,648947003e0bf9850856c902bd27671fa95efcf23515fcb8bf28cbcdb085db19,0.07527039278738919,NOT_EVALUABLE,NOT_EVALUABLE,0.0,0.0,NOT_EVALUABLE,0,0.0,NOT_EVALUABLE,8462,ENVIRONMENT_LEVEL_ONLY,NOT_EVALUATED,NOT_EVALUATED,8462,False,NOT_EVALUABLE,0.7842549963554434,0.0,official learned anisotropic SAFER map,TIER_R1_REPRESENTED_MAP_BEHAVIOR_ONLY,False
E5_STONEHENGE_SAFER,65da668b5edee210836c68779117185a2e01dee9ccf0c7031853408e81740d10,0.07844494080491075,NOT_EVALUABLE,NOT_EVALUABLE,0.0,0.0,NOT_EVALUABLE,0,0.0,NOT_EVALUABLE,3875,ENVIRONMENT_LEVEL_ONLY,NOT_EVALUATED,NOT_EVALUATED,3875,False,NOT_EVALUABLE,0.7841376473498586,0.0,official learned anisotropic SAFER map,TIER_R1_REPRESENTED_MAP_BEHAVIOR_ONLY,False
E5_STONEHENGE_SAFER,66b96dd60a486e146063604cbd2437835c0906ae0e45bd5225776373ea397239,0.06982331889179565,NOT_EVALUABLE,NOT_EVALUABLE,0.0,0.0,NOT_EVALUABLE,0,0.0,NOT_EVALUABLE,4912,ENVIRONMENT_LEVEL_ONLY,NOT_EVALUATED,NOT_EVALUATED,4912,False,NOT_EVALUABLE,0.7842498955018885,0.0,official learned anisotropic SAFER map,TIER_R1_REPRESENTED_MAP_BEHAVIOR_ONLY,False
E5_STONEHENGE_SAFER,69648cbf77f319eb90446fa1230ae13b160b878812c83eaf528f2a2d096543fd,0.054512955102461916,NOT_EVALUABLE,NOT_EVALUABLE,0.0,0.0,NOT_EVALUABLE,0,0.0,NOT_EVALUABLE,6644,ENVIRONMENT_LEVEL_ONLY,NOT_EVALUATED,NOT_EVALUATED,6644,False,NOT_EVALUABLE,0.7840202480124056,0.0,official learned anisotropic SAFER map,TIER_R1_REPRESENTED_MAP_BEHAVIOR_ONLY,False
E5_STONEHENGE_SAFER,6c9a6deea5b6b8557f9fbd405777b0abcbaf3302ae3c272d26477a9c7af486d8,0.06596807109017197,NOT_EVALUABLE,NOT_EVALUABLE,0.0,0.0,NOT_EVALUABLE,0,0.0,NOT_EVALUABLE,4993,ENVIRONMENT_LEVEL_ONLY,NOT_EVALUATED,NOT_EVALUATED,4993,False,NOT_EVALUABLE,0.7841295640343927,0.0,official learned anisotropic SAFER map,TIER_R1_REPRESENTED_MAP_BEHAVIOR_ONLY,False
E5_STONEHENGE_SAFER,6d73c098ca5c27c3cc5a81a8df91f83887973480c262dbf3ff9f0a1230739d43,0.06792628199117282,NOT_EVALUABLE,NOT_EVALUABLE,0.0,0.0,NOT_EVALUABLE,0,0.0,NOT_EVALUABLE,5243,ENVIRONMENT_LEVEL_ONLY,NOT_EVALUATED,NOT_EVALUATED,5243,False,NOT_EVALUABLE,0.7841456898865506,0.0,official learned anisotropic SAFER map,TIER_R1_REPRESENTED_MAP_BEHAVIOR_ONLY,False
E5_STONEHENGE_SAFER,6dead5c9d0bc7ba032a6ad56197cf3aa425ce4bdd3194ad0a819e2d4ed8cc829,0.07494169709897562,NOT_EVALUABLE,NOT_EVALUABLE,0.0,0.0,NOT_EVALUABLE,0,0.0,NOT_EVALUABLE,8428,ENVIRONMENT_LEVEL_ONLY,NOT_EVALUATED,NOT_EVALUATED,8428,False,NOT_EVALUABLE,0.7841615233883502,0.0,official learned anisotropic SAFER map,TIER_R1_REPRESENTED_MAP_BEHAVIOR_ONLY,False
E5_STONEHENGE_SAFER,744d23746d3e9afe9a384b778ce564590ebe2a5c0aa0e3a71c2af6ebedd98bff,0.051834104831842635,NOT_EVALUABLE,NOT_EVALUABLE,0.0,0.0,NOT_EVALUABLE,0,0.0,NOT_EVALUABLE,2527,ENVIRONMENT_LEVEL_ONLY,NOT_EVALUATED,NOT_EVALUATED,2527,False,NOT_EVALUABLE,0.7842369518727405,0.0,official learned anisotropic SAFER map,TIER_R1_REPRESENTED_MAP_BEHAVIOR_ONLY,False
E5_STONEHENGE_SAFER,75a53b499543bafed813ae1b2b68707ea89364c9720b58322c9c81e29c4edfc2,0.0630585778730309,NOT_EVALUABLE,NOT_EVALUABLE,0.0,0.0,NOT_EVALUABLE,0,0.0,NOT_EVALUABLE,3424,ENVIRONMENT_LEVEL_ONLY,NOT_EVALUATED,NOT_EVALUATED,3424,False,NOT_EVALUABLE,0.7841981790419901,0.0,official learned anisotropic SAFER map,TIER_R1_REPRESENTED_MAP_BEHAVIOR_ONLY,False
E5_STONEHENGE_SAFER,78d514d9801aa0f19cbaedd1bfd4328889d7489d549da2b68c136b8fb9d5b975,0.06800560740051681,NOT_EVALUABLE,NOT_EVALUABLE,0.0,0.0,NOT_EVALUABLE,0,0.0,NOT_EVALUABLE,7454,ENVIRONMENT_LEVEL_ONLY,NOT_EVALUATED,NOT_EVALUATED,7454,False,NOT_EVALUABLE,0.7841841705380959,0.0,official learned anisotropic SAFER map,TIER_R1_REPRESENTED_MAP_BEHAVIOR_ONLY,False
E5_STONEHENGE_SAFER,7947efd7152fa3d9a7a1f105b32251391b3838b16b8e16de4cc38a6e494a2bfe,0.06935278305336735,NOT_EVALUABLE,NOT_EVALUABLE,0.0,0.0,NOT_EVALUABLE,0,0.0,NOT_EVALUABLE,7802,ENVIRONMENT_LEVEL_ONLY,NOT_EVALUATED,NOT_EVALUATED,7802,False,NOT_EVALUABLE,0.7840248375839209,0.0,official learned anisotropic SAFER map,TIER_R1_REPRESENTED_MAP_BEHAVIOR_ONLY,False
E5_STONEHENGE_SAFER,7af1f7eb3ca41966191bc3492e2d592c2317d9e86b81366c32176f190c566da9,0.06097566429224425,NOT_EVALUABLE,NOT_EVALUABLE,0.0,0.0,NOT_EVALUABLE,0,0.0,NOT_EVALUABLE,6274,ENVIRONMENT_LEVEL_ONLY,NOT_EVALUATED,NOT_EVALUATED,6274,False,NOT_EVALUABLE,0.7840123817213238,0.0,official learned anisotropic SAFER map,TIER_R1_REPRESENTED_MAP_BEHAVIOR_ONLY,False
E5_STONEHENGE_SAFER,7b2e42c22ef004a4d4be7e9374e7d5c2f98b692c48949de5c176493944a84656,0.04892333352367627,NOT_EVALUABLE,NOT_EVALUABLE,0.0,0.0,NOT_EVALUABLE,0,0.0,NOT_EVALUABLE,6767,ENVIRONMENT_LEVEL_ONLY,NOT_EVALUATED,NOT_EVALUATED,6767,False,NOT_EVALUABLE,0.7842473707473663,0.0,official learned anisotropic SAFER map,TIER_R1_REPRESENTED_MAP_BEHAVIOR_ONLY,False
E5_STONEHENGE_SAFER,7b47cdb3a2f8a7a12e63698b8480ed39cfdc8ad5f949bd9bce8aaa2f27920c57,0.055858774035228785,NOT_EVALUABLE,NOT_EVALUABLE,0.0,0.0,NOT_EVALUABLE,0,0.0,NOT_EVALUABLE,2905,ENVIRONMENT_LEVEL_ONLY,NOT_EVALUATED,NOT_EVALUATED,2905,False,NOT_EVALUABLE,0.7841053949339123,0.0,official learned anisotropic SAFER map,TIER_R1_REPRESENTED_MAP_BEHAVIOR_ONLY,False
E5_STONEHENGE_SAFER,7bdf281ed3c62f79a6fbc35d6aca7af8a0b21783dc7eda05696e970d92480d71,0.05905208987879003,NOT_EVALUABLE,NOT_EVALUABLE,0.0,0.0,NOT_EVALUABLE,0,0.0,NOT_EVALUABLE,5395,ENVIRONMENT_LEVEL_ONLY,NOT_EVALUATED,NOT_EVALUATED,5395,False,NOT_EVALUABLE,0.7840063684540145,0.0,official learned anisotropic SAFER map,TIER_R1_REPRESENTED_MAP_BEHAVIOR_ONLY,False
E5_STONEHENGE_SAFER,7bf19d5bbfa9b11b25d33a1488c8d741f5c7b42e389d03887b637c5f439a8d61,0.0595393887786074,NOT_EVALUABLE,NOT_EVALUABLE,0.0,0.0,NOT_EVALUABLE,0,0.0,NOT_EVALUABLE,2818,ENVIRONMENT_LEVEL_ONLY,NOT_EVALUATED,NOT_EVALUATED,2818,False,NOT_EVALUABLE,0.7840603005550516,0.0,official learned anisotropic SAFER map,TIER_R1_REPRESENTED_MAP_BEHAVIOR_ONLY,False
E5_STONEHENGE_SAFER,7d40d9d5d8087a8047193aa9bedb06dfbb16619134e78a0950b393fd9906a07e,0.055320398903552864,NOT_EVALUABLE,NOT_EVALUABLE,0.0,0.0,NOT_EVALUABLE,0,0.0,NOT_EVALUABLE,2560,ENVIRONMENT_LEVEL_ONLY,NOT_EVALUATED,NOT_EVALUATED,2560,False,NOT_EVALUABLE,0.7840974736682284,0.0,official learned anisotropic SAFER map,TIER_R1_REPRESENTED_MAP_BEHAVIOR_ONLY,False
E5_STONEHENGE_SAFER,80d2db698eb607c3d55c0f0465fbc83ff74ef0bd39d540cb794bd2f0262a4eac,0.06531073354540784,NOT_EVALUABLE,NOT_EVALUABLE,0.0,0.0,NOT_EVALUABLE,0,0.0,NOT_EVALUABLE,7685,ENVIRONMENT_LEVEL_ONLY,NOT_EVALUATED,NOT_EVALUATED,7685,False,NOT_EVALUABLE,0.784035237213468,0.0,official learned anisotropic SAFER map,TIER_R1_REPRESENTED_MAP_BEHAVIOR_ONLY,False
E5_STONEHENGE_SAFER,8274650f7a135bb7a9ab1f8d6dbb9b503c5d1571ed3064ba2038815a4b8414db,0.08009987669673638,NOT_EVALUABLE,NOT_EVALUABLE,0.0,0.0,NOT_EVALUABLE,0,0.0,NOT_EVALUABLE,4188,ENVIRONMENT_LEVEL_ONLY,NOT_EVALUATED,NOT_EVALUATED,4188,False,NOT_EVALUABLE,0.7841913031907456,0.0,official learned anisotropic SAFER map,TIER_R1_REPRESENTED_MAP_BEHAVIOR_ONLY,False
E5_STONEHENGE_SAFER,8a2f73fa404f7df2dc0cd294f8c188d4abb933d057f5a0e15136566b5e0ad73d,0.05232020558868508,NOT_EVALUABLE,NOT_EVALUABLE,0.0,0.0,NOT_EVALUABLE,0,0.0,NOT_EVALUABLE,4904,ENVIRONMENT_LEVEL_ONLY,NOT_EVALUATED,NOT_EVALUATED,4904,False,NOT_EVALUABLE,0.7841376473498588,0.0,official learned anisotropic SAFER map,TIER_R1_REPRESENTED_MAP_BEHAVIOR_ONLY,False
E5_STONEHENGE_SAFER,907290ca66a5e2f8e277eb61c3a5fe32b0751987be64ab81cd4f83014548fb9d,0.0550401004317067,NOT_EVALUABLE,NOT_EVALUABLE,0.0,0.0,NOT_EVALUABLE,0,0.0,NOT_EVALUABLE,4125,ENVIRONMENT_LEVEL_ONLY,NOT_EVALUATED,NOT_EVALUATED,4125,False,NOT_EVALUABLE,0.784,0.0,official learned anisotropic SAFER map,TIER_R1_REPRESENTED_MAP_BEHAVIOR_ONLY,False
E5_STONEHENGE_SAFER,92d4018f4207a8e04cfdc88776b8912616bb8285b2bda14b3d04d801509cd29c,0.05554169933870685,NOT_EVALUABLE,NOT_EVALUABLE,0.0,0.0,NOT_EVALUABLE,0,0.0,NOT_EVALUABLE,4490,ENVIRONMENT_LEVEL_ONLY,NOT_EVALUATED,NOT_EVALUATED,4490,False,NOT_EVALUABLE,0.7840091366899985,0.0,official learned anisotropic SAFER map,TIER_R1_REPRESENTED_MAP_BEHAVIOR_ONLY,False
E5_STONEHENGE_SAFER,932ca230af2d190d1ed70e417805aff16dc85c1843b17b6cb252455db015d8ba,0.06442848421196401,NOT_EVALUABLE,NOT_EVALUABLE,0.0,0.0,NOT_EVALUABLE,0,0.0,NOT_EVALUABLE,3330,ENVIRONMENT_LEVEL_ONLY,NOT_EVALUATED,NOT_EVALUATED,3330,False,NOT_EVALUABLE,0.7840974736682284,0.0,official learned anisotropic SAFER map,TIER_R1_REPRESENTED_MAP_BEHAVIOR_ONLY,False
E5_STONEHENGE_SAFER,99fc6da87b7c06e2bc17e3dc68cc6c7b654e3c107d9a917a232d8226b16962b7,0.0756221495388689,NOT_EVALUABLE,NOT_EVALUABLE,0.0,0.0,NOT_EVALUABLE,0,0.0,NOT_EVALUABLE,8102,ENVIRONMENT_LEVEL_ONLY,NOT_EVALUATED,NOT_EVALUATED,8102,False,NOT_EVALUABLE,0.7840248375839209,0.0,official learned anisotropic SAFER map,TIER_R1_REPRESENTED_MAP_BEHAVIOR_ONLY,False
E5_STONEHENGE_SAFER,9c4704baebe404c160d28043384108f0aeb12c4e91875b2360096b0872c15b8a,0.03603366278057914,NOT_EVALUABLE,NOT_EVALUABLE,0.0,0.0,NOT_EVALUABLE,0,0.0,NOT_EVALUABLE,4192,ENVIRONMENT_LEVEL_ONLY,NOT_EVALUATED,NOT_EVALUATED,4192,False,NOT_EVALUABLE,0.7842325773112758,0.0,official learned anisotropic SAFER map,TIER_R1_REPRESENTED_MAP_BEHAVIOR_ONLY,False
E5_STONEHENGE_SAFER,9ceae17ad654568a40768099c7240b766c7dcdbbcf6e97c6ea461ae0671bf56e,0.07388951389814799,NOT_EVALUABLE,NOT_EVALUABLE,0.0,0.0,NOT_EVALUABLE,0,0.0,NOT_EVALUABLE,2201,ENVIRONMENT_LEVEL_ONLY,NOT_EVALUATED,NOT_EVALUATED,2201,False,NOT_EVALUABLE,0.7841214724880547,0.0,official learned anisotropic SAFER map,TIER_R1_REPRESENTED_MAP_BEHAVIOR_ONLY,False
E5_STONEHENGE_SAFER,9d6c02ea94e77320f7d4b726e7d68e2b45bbd3ea7933bce8a369f6d00e377bf5,0.06671167058035983,NOT_EVALUABLE,NOT_EVALUABLE,0.0,0.0,NOT_EVALUABLE,0,0.0,NOT_EVALUABLE,2565,ENVIRONMENT_LEVEL_ONLY,NOT_EVALUATED,NOT_EVALUATED,2565,False,NOT_EVALUABLE,0.784082025527739,0.0,official learned anisotropic SAFER map,TIER_R1_REPRESENTED_MAP_BEHAVIOR_ONLY,False
E5_STONEHENGE_SAFER,9fde748565a802e20233a4a4cf474ae35598a89615e54e26b3c8a9d8a07bb7f8,0.06603191608105642,NOT_EVALUABLE,NOT_EVALUABLE,0.0,0.0,NOT_EVALUABLE,0,0.0,NOT_EVALUABLE,6809,ENVIRONMENT_LEVEL_ONLY,NOT_EVALUATED,NOT_EVALUATED,6809,False,NOT_EVALUABLE,0.7842534588879639,0.0,official learned anisotropic SAFER map,TIER_R1_REPRESENTED_MAP_BEHAVIOR_ONLY,False
E5_STONEHENGE_SAFER,a12b12a6c0fb3f3d091fa31b5723718f6608104110bd6f4aab4de9e47e12bbe0,0.05892429948005169,NOT_EVALUABLE,NOT_EVALUABLE,0.0,0.0,NOT_EVALUABLE,0,0.0,NOT_EVALUABLE,8068,ENVIRONMENT_LEVEL_ONLY,NOT_EVALUATED,NOT_EVALUATED,8068,False,NOT_EVALUABLE,0.7841768097981084,0.0,official learned anisotropic SAFER map,TIER_R1_REPRESENTED_MAP_BEHAVIOR_ONLY,False
E5_STONEHENGE_SAFER,a246a2f37127f40924210c472036ca38efdd11ff62a3de027fe99da03f0c2738,0.06114394655083964,NOT_EVALUABLE,NOT_EVALUABLE,0.0,0.0,NOT_EVALUABLE,0,0.0,NOT_EVALUABLE,2526,ENVIRONMENT_LEVEL_ONLY,NOT_EVALUATED,NOT_EVALUATED,2526,False,NOT_EVALUABLE,0.7840002568014284,0.0,official learned anisotropic SAFER map,TIER_R1_REPRESENTED_MAP_BEHAVIOR_ONLY,False
E5_STONEHENGE_SAFER,a34eb0888952a2126c74f420ffd6e8c53f426a7550ff139e80e3ad274b3faf57,0.045477991508624006,NOT_EVALUABLE,NOT_EVALUABLE,0.0,0.0,NOT_EVALUABLE,0,0.0,NOT_EVALUABLE,5388,ENVIRONMENT_LEVEL_ONLY,NOT_EVALUATED,NOT_EVALUATED,5388,False,NOT_EVALUABLE,0.7842110507680882,0.0,official learned anisotropic SAFER map,TIER_R1_REPRESENTED_MAP_BEHAVIOR_ONLY,False
E5_STONEHENGE_SAFER,a3f580b4f15baf5dd1a59a97005016af1563da2eba568669a91ec00c8ba7e4fb,0.051105109098271526,NOT_EVALUABLE,NOT_EVALUABLE,0.0,0.0,NOT_EVALUABLE,0,0.0,NOT_EVALUABLE,2980,ENVIRONMENT_LEVEL_ONLY,NOT_EVALUATED,NOT_EVALUATED,2980,False,NOT_EVALUABLE,0.7842443635063541,0.0,official learned anisotropic SAFER map,TIER_R1_REPRESENTED_MAP_BEHAVIOR_ONLY,False
E5_STONEHENGE_SAFER,a51052fbf07b8354124484a17e7cbb87943e2ea4f22400b77af76c72b81f5d36,0.06338223322525234,NOT_EVALUABLE,NOT_EVALUABLE,0.0,0.0,NOT_EVALUABLE,0,0.0,NOT_EVALUABLE,7507,ENVIRONMENT_LEVEL_ONLY,NOT_EVALUATED,NOT_EVALUATED,7507,False,NOT_EVALUABLE,0.7841692506038881,0.0,official learned anisotropic SAFER map,TIER_R1_REPRESENTED_MAP_BEHAVIOR_ONLY,False
E5_STONEHENGE_SAFER,a93d4dc4b77937f7a3422793985a95608837e395e4d2078c2d49cbaac178da17,0.057772621293457074,NOT_EVALUABLE,NOT_EVALUABLE,0.0,0.0,NOT_EVALUABLE,0,0.0,NOT_EVALUABLE,7764,ENVIRONMENT_LEVEL_ONLY,NOT_EVALUATED,NOT_EVALUATED,7764,False,NOT_EVALUABLE,0.7842549963554435,0.0,official learned anisotropic SAFER map,TIER_R1_REPRESENTED_MAP_BEHAVIOR_ONLY,False
E5_STONEHENGE_SAFER,ab356e7aee1ce085f3541226dc3bdb289050af6d2b34514190849da2bc90dffb,0.05098198747086293,NOT_EVALUABLE,NOT_EVALUABLE,0.0,0.0,NOT_EVALUABLE,0,0.0,NOT_EVALUABLE,5691,ENVIRONMENT_LEVEL_ONLY,NOT_EVALUATED,NOT_EVALUATED,5691,False,NOT_EVALUABLE,0.7841913031907457,0.0,official learned anisotropic SAFER map,TIER_R1_REPRESENTED_MAP_BEHAVIOR_ONLY,False
E5_STONEHENGE_SAFER,acb70cd8894a3f00c0ff01030e7ebcc0b770f3dd8a1030169740572b80c81001,0.07750448367777235,NOT_EVALUABLE,NOT_EVALUABLE,0.0,0.0,NOT_EVALUABLE,0,0.0,NOT_EVALUABLE,1978,ENVIRONMENT_LEVEL_ONLY,NOT_EVALUATED,NOT_EVALUATED,1978,False,NOT_EVALUABLE,0.7842473707473664,0.0,official learned anisotropic SAFER map,TIER_R1_REPRESENTED_MAP_BEHAVIOR_ONLY,False
E5_STONEHENGE_SAFER,accff083b5eaba8d80269e32bfce422881c4a3ceae30e6362cba933a39f854c3,0.05807438243561421,NOT_EVALUABLE,NOT_EVALUABLE,0.0,0.0,NOT_EVALUABLE,0,0.0,NOT_EVALUABLE,7596,ENVIRONMENT_LEVEL_ONLY,NOT_EVALUATED,NOT_EVALUATED,7596,False,NOT_EVALUABLE,0.7842544831778232,0.0,official learned anisotropic SAFER map,TIER_R1_REPRESENTED_MAP_BEHAVIOR_ONLY,False
E5_STONEHENGE_SAFER,b09bb21c98e10db3d4d25e4bb5e938e6e48ba6c56f5df4a535a1220040641a1b,0.06413773525526104,NOT_EVALUABLE,NOT_EVALUABLE,0.0,0.0,NOT_EVALUABLE,0,0.0,NOT_EVALUABLE,8173,ENVIRONMENT_LEVEL_ONLY,NOT_EVALUATED,NOT_EVALUATED,8173,False,NOT_EVALUABLE,0.7840298407021102,0.0,official learned anisotropic SAFER map,TIER_R1_REPRESENTED_MAP_BEHAVIOR_ONLY,False
E5_STONEHENGE_SAFER,b14fcdd97ec89264c2f892dbcb2f9994ac99243662ea519b62579ac23f917cca,0.055232357206812265,NOT_EVALUABLE,NOT_EVALUABLE,0.0,0.0,NOT_EVALUABLE,0,0.0,NOT_EVALUABLE,5813,ENVIRONMENT_LEVEL_ONLY,NOT_EVALUATED,NOT_EVALUATED,5813,False,NOT_EVALUABLE,0.7840410053802599,0.0,official learned anisotropic SAFER map,TIER_R1_REPRESENTED_MAP_BEHAVIOR_ONLY,False
E5_STONEHENGE_SAFER,b1f4bcd954025e88ac7b1e230b6868ecbd87af93287a7ffc9066e4234e919dbc,0.05666668942015088,NOT_EVALUABLE,NOT_EVALUABLE,0.0,0.0,NOT_EVALUABLE,0,0.0,NOT_EVALUABLE,2693,ENVIRONMENT_LEVEL_ONLY,NOT_EVALUATED,NOT_EVALUATED,2693,False,NOT_EVALUABLE,0.7840023050097159,0.0,official learned anisotropic SAFER map,TIER_R1_REPRESENTED_MAP_BEHAVIOR_ONLY,False
E5_STONEHENGE_SAFER,b435290d116daca26befc618363be29641516a2b207deb644ad58dcdf8fd6cc5,0.05323282258815961,NOT_EVALUABLE,NOT_EVALUABLE,0.0,0.0,NOT_EVALUABLE,0,0.0,NOT_EVALUABLE,3817,ENVIRONMENT_LEVEL_ONLY,NOT_EVALUATED,NOT_EVALUATED,3817,False,NOT_EVALUABLE,0.7840023050097159,0.0,official learned anisotropic SAFER map,TIER_R1_REPRESENTED_MAP_BEHAVIOR_ONLY,False
E5_STONEHENGE_SAFER,b4a20925b86e73957b8595801cad05e9b68b2140b9560c341b15ee0e9e200897,0.055609718953542976,NOT_EVALUABLE,NOT_EVALUABLE,0.0,0.0,NOT_EVALUABLE,0,0.0,NOT_EVALUABLE,3355,ENVIRONMENT_LEVEL_ONLY,NOT_EVALUATED,NOT_EVALUATED,3355,False,NOT_EVALUABLE,0.7840673094735208,0.0,official learned anisotropic SAFER map,TIER_R1_REPRESENTED_MAP_BEHAVIOR_ONLY,False
E5_STONEHENGE_SAFER,b91e0ce73f5d2248915dd490f4f3c832c2293ea4203cf187401a1d4bda42fee8,0.07167467618465956,NOT_EVALUABLE,NOT_EVALUABLE,0.0,0.0,NOT_EVALUABLE,0,0.0,NOT_EVALUABLE,4538,ENVIRONMENT_LEVEL_ONLY,NOT_EVALUATED,NOT_EVALUATED,4538,False,NOT_EVALUABLE,0.7840123817213237,0.0,official learned anisotropic SAFER map,TIER_R1_REPRESENTED_MAP_BEHAVIOR_ONLY,False
E5_STONEHENGE_SAFER,bc9c9ca2bf85dc7328e6c341c9c8db8d60a70ffc17d2c69b46c61894f0488320,0.052669653827860645,NOT_EVALUABLE,NOT_EVALUABLE,0.0,0.0,NOT_EVALUABLE,0,0.0,NOT_EVALUABLE,7240,ENVIRONMENT_LEVEL_ONLY,NOT_EVALUATED,NOT_EVALUATED,7240,False,NOT_EVALUABLE,0.7841615233883502,0.0,official learned anisotropic SAFER map,TIER_R1_REPRESENTED_MAP_BEHAVIOR_ONLY,False
E5_STONEHENGE_SAFER,be7e8d0f97a37c6537aa3dde14d35402851a80a406ed12886adc0536c019d329,0.05223816134405469,NOT_EVALUABLE,NOT_EVALUABLE,0.0,0.0,NOT_EVALUABLE,0,0.0,NOT_EVALUABLE,2860,ENVIRONMENT_LEVEL_ONLY,NOT_EVALUATED,NOT_EVALUATED,2860,False,NOT_EVALUABLE,0.7842169948283072,0.0,official learned anisotropic SAFER map,TIER_R1_REPRESENTED_MAP_BEHAVIOR_ONLY,False
E5_STONEHENGE_SAFER,c18341dcd8aba89f9efbdc250b0bdc04d7fa2f4d863fc0514f0206050f6fd128,0.06700558785856013,NOT_EVALUABLE,NOT_EVALUABLE,0.0,0.0,NOT_EVALUABLE,0,0.0,NOT_EVALUABLE,1990,ENVIRONMENT_LEVEL_ONLY,NOT_EVALUATED,NOT_EVALUATED,1990,False,NOT_EVALUABLE,0.7842408858824762,0.0,official learned anisotropic SAFER map,TIER_R1_REPRESENTED_MAP_BEHAVIOR_ONLY,False
E5_STONEHENGE_SAFER,c80c96703f9599fb122064c02fd8701a59be7be43057c365ce2cd8b305134bce,0.06582326493588911,NOT_EVALUABLE,NOT_EVALUABLE,0.0,0.0,NOT_EVALUABLE,0,0.0,NOT_EVALUABLE,6365,ENVIRONMENT_LEVEL_ONLY,NOT_EVALUATED,NOT_EVALUATED,6365,False,NOT_EVALUABLE,0.7841768097981084,0.0,official learned anisotropic SAFER map,TIER_R1_REPRESENTED_MAP_BEHAVIOR_ONLY,False
E5_STONEHENGE_SAFER,c8b9d83c691dffdc02a02ce0c64e99b5891112e22b077591c4600531a1431f66,0.042043577623446335,NOT_EVALUABLE,NOT_EVALUABLE,0.0,0.0,NOT_EVALUABLE,0,0.0,NOT_EVALUABLE,6556,ENVIRONMENT_LEVEL_ONLY,NOT_EVALUATED,NOT_EVALUATED,6556,False,NOT_EVALUABLE,0.7840040881651834,0.0,official learned anisotropic SAFER map,TIER_R1_REPRESENTED_MAP_BEHAVIOR_ONLY,False
E5_STONEHENGE_SAFER,c8f09654ef2114c57f20c509858d4d6b8cace34165ef039f0a3be58de0c20456,0.05849335390530118,NOT_EVALUABLE,NOT_EVALUABLE,0.0,0.0,NOT_EVALUABLE,0,0.0,NOT_EVALUABLE,6622,ENVIRONMENT_LEVEL_ONLY,NOT_EVALUATED,NOT_EVALUATED,6622,False,NOT_EVALUABLE,0.7840298407021102,0.0,official learned anisotropic SAFER map,TIER_R1_REPRESENTED_MAP_BEHAVIOR_ONLY,False
E5_STONEHENGE_SAFER,c8f99bb5966fa9db18a533cfb5718f85b0e0f38517a5e87844dfdec5001df350,0.0735016744716472,NOT_EVALUABLE,NOT_EVALUABLE,0.0,0.0,NOT_EVALUABLE,0,0.0,NOT_EVALUABLE,4152,ENVIRONMENT_LEVEL_ONLY,NOT_EVALUATED,NOT_EVALUATED,4152,False,NOT_EVALUABLE,0.7840091366899987,0.0,official learned anisotropic SAFER map,TIER_R1_REPRESENTED_MAP_BEHAVIOR_ONLY,False
E5_STONEHENGE_SAFER,ca0f9c000aab37776afccd55cf704d0c0d9a6fc19a8beb1732d0a9d1949217cd,0.05272576535902996,NOT_EVALUABLE,NOT_EVALUABLE,0.0,0.0,NOT_EVALUABLE,0,0.0,NOT_EVALUABLE,5933,ENVIRONMENT_LEVEL_ONLY,NOT_EVALUATED,NOT_EVALUATED,5933,False,NOT_EVALUABLE,0.7840535623400264,0.0,official learned anisotropic SAFER map,TIER_R1_REPRESENTED_MAP_BEHAVIOR_ONLY,False
E5_STONEHENGE_SAFER,ca6b58cebdec8aa77619f45cdffacd23e1e46004e90df4e000054877418215e5,0.06924716592770878,NOT_EVALUABLE,NOT_EVALUABLE,0.0,0.0,NOT_EVALUABLE,0,0.0,NOT_EVALUABLE,3044,ENVIRONMENT_LEVEL_ONLY,NOT_EVALUATED,NOT_EVALUATED,3044,False,NOT_EVALUABLE,0.7842325773112758,0.0,official learned anisotropic SAFER map,TIER_R1_REPRESENTED_MAP_BEHAVIOR_ONLY,False
E5_STONEHENGE_SAFER,cfff2de3165cf09c51f00709950dbd6702292c8a11b14670cbce346770123f3b,0.06990478156444191,NOT_EVALUABLE,NOT_EVALUABLE,0.0,0.0,NOT_EVALUABLE,0,0.0,NOT_EVALUABLE,2682,ENVIRONMENT_LEVEL_ONLY,NOT_EVALUATED,NOT_EVALUATED,2682,False,NOT_EVALUABLE,0.7842277798056816,0.0,official learned anisotropic SAFER map,TIER_R1_REPRESENTED_MAP_BEHAVIOR_ONLY,False
E5_STONEHENGE_SAFER,d87c764ea3e61103c048cbc4451be45c3173892838f2e5619cc081e324f195f5,0.05366835267504168,NOT_EVALUABLE,NOT_EVALUABLE,0.0,0.0,NOT_EVALUABLE,0,0.0,NOT_EVALUABLE,2924,ENVIRONMENT_LEVEL_ONLY,NOT_EVALUATED,NOT_EVALUATED,2924,False,NOT_EVALUABLE,0.7842110507680883,0.0,official learned anisotropic SAFER map,TIER_R1_REPRESENTED_MAP_BEHAVIOR_ONLY,False
E5_STONEHENGE_SAFER,d918eadd59387874182354d671303677550da8ce62e0a8931fe26d5989bab649,0.05486822129820557,NOT_EVALUABLE,NOT_EVALUABLE,0.0,0.0,NOT_EVALUABLE,0,0.0,NOT_EVALUABLE,2193,ENVIRONMENT_LEVEL_ONLY,NOT_EVALUATED,NOT_EVALUATED,2193,False,NOT_EVALUABLE,0.7840745608661205,0.0,official learned anisotropic SAFER map,TIER_R1_REPRESENTED_MAP_BEHAVIOR_ONLY,False
E5_STONEHENGE_SAFER,dc04118df7f0bac7dc8e14227d61b110e9a0c514e3eb9949ccd44a1e5aa44870,0.0601983272359493,NOT_EVALUABLE,NOT_EVALUABLE,0.0,0.0,NOT_EVALUABLE,0,0.0,NOT_EVALUABLE,1896,ENVIRONMENT_LEVEL_ONLY,NOT_EVALUATED,NOT_EVALUATED,1896,False,NOT_EVALUABLE,0.7842169948283072,0.0,official learned anisotropic SAFER map,TIER_R1_REPRESENTED_MAP_BEHAVIOR_ONLY,False
E5_STONEHENGE_SAFER,e39d0385933e7ec6f11e1a522131ac68fcf85f70c3856153adbea30c6f2de7c2,0.051718499623871,NOT_EVALUABLE,NOT_EVALUABLE,0.0,0.0,NOT_EVALUABLE,0,0.0,NOT_EVALUABLE,2383,ENVIRONMENT_LEVEL_ONLY,NOT_EVALUATED,NOT_EVALUATED,2383,False,NOT_EVALUABLE,0.7842225786662452,0.0,official learned anisotropic SAFER map,TIER_R1_REPRESENTED_MAP_BEHAVIOR_ONLY,False
E5_STONEHENGE_SAFER,ea27c151e69786e3c09c5650d8e28ccaed567816942f12870bd9f0ea7a3ab3c4,0.05592948866860921,NOT_EVALUABLE,NOT_EVALUABLE,0.0,0.0,NOT_EVALUABLE,0,0.0,NOT_EVALUABLE,3811,ENVIRONMENT_LEVEL_ONLY,NOT_EVALUATED,NOT_EVALUATED,3811,False,NOT_EVALUABLE,0.7840002568014284,0.0,official learned anisotropic SAFER map,TIER_R1_REPRESENTED_MAP_BEHAVIOR_ONLY,False
E5_STONEHENGE_SAFER,efbd89b2a73b40006872adbb2b2fc0650e3ee99cc9409721d515c60200eea070,0.07760955569524833,NOT_EVALUABLE,NOT_EVALUABLE,0.0,0.0,NOT_EVALUABLE,0,0.0,NOT_EVALUABLE,1965,ENVIRONMENT_LEVEL_ONLY,NOT_EVALUATED,NOT_EVALUATED,1965,False,NOT_EVALUABLE,0.7842047704123124,0.0,official learned anisotropic SAFER map,TIER_R1_REPRESENTED_MAP_BEHAVIOR_ONLY,False
E5_STONEHENGE_SAFER,f042546a9f45764a304b2b3e7f37c84adf7d08e8ca1e4f5d63c08c8c9d75de5d,0.0697345162137444,NOT_EVALUABLE,NOT_EVALUABLE,0.0,0.0,NOT_EVALUABLE,0,0.0,NOT_EVALUABLE,2186,ENVIRONMENT_LEVEL_ONLY,NOT_EVALUATED,NOT_EVALUATED,2186,False,NOT_EVALUABLE,0.7842225786662452,0.0,official learned anisotropic SAFER map,TIER_R1_REPRESENTED_MAP_BEHAVIOR_ONLY,False
E5_STONEHENGE_SAFER,f4a4f8573f0c16d259b07f4495c2d5597a117f7290ee6fcc96097e6dc4309c28,0.07932150880002964,NOT_EVALUABLE,NOT_EVALUABLE,0.0,0.0,NOT_EVALUABLE,0,0.0,NOT_EVALUABLE,8133,ENVIRONMENT_LEVEL_ONLY,NOT_EVALUATED,NOT_EVALUATED,8133,False,NOT_EVALUABLE,0.7841692506038881,0.0,official learned anisotropic SAFER map,TIER_R1_REPRESENTED_MAP_BEHAVIOR_ONLY,False
E5_STONEHENGE_SAFER,f9ed91ba825db57f6e829a0426e646eb5d20c9551b430d727906cfc7ba985599,0.08120306102507205,NOT_EVALUABLE,NOT_EVALUABLE,0.0,0.0,NOT_EVALUABLE,0,0.0,NOT_EVALUABLE,3733,ENVIRONMENT_LEVEL_ONLY,NOT_EVALUATED,NOT_EVALUATED,3733,False,NOT_EVALUABLE,0.7842519276083273,0.0,official learned anisotropic SAFER map,TIER_R1_REPRESENTED_MAP_BEHAVIOR_ONLY,False
E5_STONEHENGE_SAFER,fbd7ff87997f961a8d14613023a5ab04b0af1d967fd0ee13beb78575ab1c3f1d,0.06723366048780276,NOT_EVALUABLE,NOT_EVALUABLE,0.0,0.0,NOT_EVALUABLE,0,0.0,NOT_EVALUABLE,2556,ENVIRONMENT_LEVEL_ONLY,NOT_EVALUATED,NOT_EVALUATED,2556,False,NOT_EVALUABLE,0.7840040881651835,0.0,official learned anisotropic SAFER map,TIER_R1_REPRESENTED_MAP_BEHAVIOR_ONLY,False
E5_STONEHENGE_SAFER,fdf7b2058f689422b9411bfb44741c867e8b23faabbbcef4f01fbdce1c07fb15,0.07156927462436255,NOT_EVALUABLE,NOT_EVALUABLE,0.0,0.0,NOT_EVALUABLE,0,0.0,NOT_EVALUABLE,5969,ENVIRONMENT_LEVEL_ONLY,NOT_EVALUATED,NOT_EVALUATED,5969,False,NOT_EVALUABLE,0.7842544831778233,0.0,official learned anisotropic SAFER map,TIER_R1_REPRESENTED_MAP_BEHAVIOR_ONLY,False
E5_STONEHENGE_SAFER,ffd6cda1d5e9d98c60b0e9aa4cf2a95544aaf987fc12136625d7baf7c2f4e62b,0.06817572358953579,NOT_EVALUABLE,NOT_EVALUABLE,0.0,0.0,NOT_EVALUABLE,0,0.0,NOT_EVALUABLE,2695,ENVIRONMENT_LEVEL_ONLY,NOT_EVALUATED,NOT_EVALUATED,2695,False,NOT_EVALUABLE,0.7840063684540145,0.0,official learned anisotropic SAFER map,TIER_R1_REPRESENTED_MAP_BEHAVIOR_ONLY,False
E6_FLIGHT_SAFER,01aeadade59622e7afcd1c10e9715e32030cf02026456c4aed3d403c69efd0b8,0.09603783441408645,NOT_EVALUABLE,NOT_EVALUABLE,0.0,0.0,NOT_EVALUABLE,0,0.0,NOT_EVALUABLE,1090,ENVIRONMENT_LEVEL_ONLY,NOT_EVALUATED,NOT_EVALUATED,1090,False,NOT_EVALUABLE,0.5516694979239025,0.0,official learned anisotropic SAFER map,TIER_R1_REPRESENTED_MAP_BEHAVIOR_ONLY,False
E6_FLIGHT_SAFER,06acbdd51434ffeec1da7bb9007aeab82aa77a0b3e8ed604e04307c987ac45ad,0.0755390236679184,NOT_EVALUABLE,NOT_EVALUABLE,0.0,0.0,NOT_EVALUABLE,0,0.0,NOT_EVALUABLE,283,ENVIRONMENT_LEVEL_ONLY,NOT_EVALUATED,NOT_EVALUATED,283,False,NOT_EVALUABLE,0.5555046262160119,0.0,official learned anisotropic SAFER map,TIER_R1_REPRESENTED_MAP_BEHAVIOR_ONLY,False
E6_FLIGHT_SAFER,0777bee697e0cc7a147ae5244e26b119fd90ec1854bb36270068ed0a8246e0cb,0.08195678459120545,NOT_EVALUABLE,NOT_EVALUABLE,0.0,0.0,NOT_EVALUABLE,0,0.0,NOT_EVALUABLE,1906,ENVIRONMENT_LEVEL_ONLY,NOT_EVALUATED,NOT_EVALUATED,1906,False,NOT_EVALUABLE,0.551255304016269,0.0,official learned anisotropic SAFER map,TIER_R1_REPRESENTED_MAP_BEHAVIOR_ONLY,False
E6_FLIGHT_SAFER,08337021ba1c3d87414d7f0f7acfcac0e371afc3fbe6a5cb191cdda80fedcd5d,0.07177737664462004,NOT_EVALUABLE,NOT_EVALUABLE,0.0,0.0,NOT_EVALUABLE,0,0.0,NOT_EVALUABLE,108,ENVIRONMENT_LEVEL_ONLY,NOT_EVALUATED,NOT_EVALUATED,108,False,NOT_EVALUABLE,0.5566727784633879,0.0,official learned anisotropic SAFER map,TIER_R1_REPRESENTED_MAP_BEHAVIOR_ONLY,False
E6_FLIGHT_SAFER,09ef865ed528a671c50c220cb21c300d9a39d74179470423445cafdbdef72da2,0.0679619001247361,NOT_EVALUABLE,NOT_EVALUABLE,0.0,0.0,NOT_EVALUABLE,0,0.0,NOT_EVALUABLE,1607,ENVIRONMENT_LEVEL_ONLY,NOT_EVALUATED,NOT_EVALUATED,1607,False,NOT_EVALUABLE,0.5468218310616754,0.0,official learned anisotropic SAFER map,TIER_R1_REPRESENTED_MAP_BEHAVIOR_ONLY,False
E6_FLIGHT_SAFER,0e45383538fdd57d52ada874c7a69b2ebbbffb82a95fb21c48898300a56c1a95,0.07779878860337405,NOT_EVALUABLE,NOT_EVALUABLE,0.0,0.0,NOT_EVALUABLE,0,0.0,NOT_EVALUABLE,80,ENVIRONMENT_LEVEL_ONLY,NOT_EVALUATED,NOT_EVALUATED,80,False,NOT_EVALUABLE,0.5492316626019832,0.0,official learned anisotropic SAFER map,TIER_R1_REPRESENTED_MAP_BEHAVIOR_ONLY,False
E6_FLIGHT_SAFER,109361dab8f9d2e7187eaa6d9b480caa32019d3f888db481c19fe6316dd7f7ed,0.1389792624182417,NOT_EVALUABLE,NOT_EVALUABLE,0.0,0.0,NOT_EVALUABLE,0,0.0,NOT_EVALUABLE,100,ENVIRONMENT_LEVEL_ONLY,NOT_EVALUATED,NOT_EVALUATED,100,False,NOT_EVALUABLE,0.5571377572695032,0.0,official learned anisotropic SAFER map,TIER_R1_REPRESENTED_MAP_BEHAVIOR_ONLY,False
E6_FLIGHT_SAFER,11d9fd665d3c71d1b6818c174bc38df1413d28acca5abcbd22d77a09a8fa9898,0.03887662857253655,NOT_EVALUABLE,NOT_EVALUABLE,0.0,0.0,NOT_EVALUABLE,0,0.0,NOT_EVALUABLE,4869,ENVIRONMENT_LEVEL_ONLY,NOT_EVALUATED,NOT_EVALUATED,4869,False,NOT_EVALUABLE,0.5540818395372569,0.0,official learned anisotropic SAFER map,TIER_R1_REPRESENTED_MAP_BEHAVIOR_ONLY,False
E6_FLIGHT_SAFER,12f81f928f7d3103015be971d8f4da05ac17c0078f71afe8efcd4556f0b5c897,0.024301672121540337,NOT_EVALUABLE,NOT_EVALUABLE,0.0,0.0,NOT_EVALUABLE,0,0.0,NOT_EVALUABLE,5440,ENVIRONMENT_LEVEL_ONLY,NOT_EVALUATED,NOT_EVALUATED,5440,False,NOT_EVALUABLE,0.5580254455152797,0.0,official learned anisotropic SAFER map,TIER_R1_REPRESENTED_MAP_BEHAVIOR_ONLY,False
E6_FLIGHT_SAFER,131f912dbb698c5a5c1a7d4b8a3957e861031d3bc1cc486897d29b823078532a,0.043508853128612225,NOT_EVALUABLE,NOT_EVALUABLE,0.0,0.0,NOT_EVALUABLE,0,0.0,NOT_EVALUABLE,2995,ENVIRONMENT_LEVEL_ONLY,NOT_EVALUATED,NOT_EVALUATED,2995,False,NOT_EVALUABLE,0.5576654793598566,0.0,official learned anisotropic SAFER map,TIER_R1_REPRESENTED_MAP_BEHAVIOR_ONLY,False
E6_FLIGHT_SAFER,161062cebfee5425da5f7df3b7ccabbe6c31fb5f2c6fc7e0086b29c6fbcb2bef,0.10675650381911539,NOT_EVALUABLE,NOT_EVALUABLE,0.0,0.0,NOT_EVALUABLE,0,0.0,NOT_EVALUABLE,210,ENVIRONMENT_LEVEL_ONLY,NOT_EVALUATED,NOT_EVALUATED,210,False,NOT_EVALUABLE,0.552901083386594,0.0,official learned anisotropic SAFER map,TIER_R1_REPRESENTED_MAP_BEHAVIOR_ONLY,False
E6_FLIGHT_SAFER,17e4d81bd69626f3f986d4dcf7074107ecfe54e4f4812a0599cc0668e9fc7bcb,0.07958805380838692,NOT_EVALUABLE,NOT_EVALUABLE,0.0,0.0,NOT_EVALUABLE,0,0.0,NOT_EVALUABLE,1803,ENVIRONMENT_LEVEL_ONLY,NOT_EVALUATED,NOT_EVALUATED,1803,False,NOT_EVALUABLE,0.5524940423530084,0.0,official learned anisotropic SAFER map,TIER_R1_REPRESENTED_MAP_BEHAVIOR_ONLY,False
E6_FLIGHT_SAFER,1852257ab75df5333501077e7249e4eacf9e9f7ddd6a045155491720680ebe7b,0.06559459395136039,NOT_EVALUABLE,NOT_EVALUABLE,0.0,0.0,NOT_EVALUABLE,0,0.0,NOT_EVALUABLE,1081,ENVIRONMENT_LEVEL_ONLY,NOT_EVALUATED,NOT_EVALUATED,1081,False,NOT_EVALUABLE,0.5576654793598564,0.0,official learned anisotropic SAFER map,TIER_R1_REPRESENTED_MAP_BEHAVIOR_ONLY,False
E6_FLIGHT_SAFER,1c099e1b0ea88dfff3671a2ec0cf87b7521c147b2d4ff830884083bd8868ad06,0.15812716034970242,NOT_EVALUABLE,NOT_EVALUABLE,0.0,0.0,NOT_EVALUABLE,0,0.0,NOT_EVALUABLE,169,ENVIRONMENT_LEVEL_ONLY,NOT_EVALUATED,NOT_EVALUATED,169,False,NOT_EVALUABLE,0.5536965679285772,0.0,official learned anisotropic SAFER map,TIER_R1_REPRESENTED_MAP_BEHAVIOR_ONLY,False
E6_FLIGHT_SAFER,235fea86defd92cc44d77db4afa37c47fbf190442e8c91dba356302e61a9a3ef,0.08009892908929998,NOT_EVALUABLE,NOT_EVALUABLE,0.0,0.0,NOT_EVALUABLE,0,0.0,NOT_EVALUABLE,3216,ENVIRONMENT_LEVEL_ONLY,NOT_EVALUATED,NOT_EVALUATED,3216,False,NOT_EVALUABLE,0.5481140179134305,0.0,official learned anisotropic SAFER map,TIER_R1_REPRESENTED_MAP_BEHAVIOR_ONLY,False
E6_FLIGHT_SAFER,23f0dac8d0c4419fabe72fe8bd16a78578dff11bd3fc7ea902d150d8bc559180,0.12754879395306523,NOT_EVALUABLE,NOT_EVALUABLE,0.0,0.0,NOT_EVALUABLE,0,0.0,NOT_EVALUABLE,174,ENVIRONMENT_LEVEL_ONLY,NOT_EVALUATED,NOT_EVALUATED,174,False,NOT_EVALUABLE,0.54743494663475,0.0,official learned anisotropic SAFER map,TIER_R1_REPRESENTED_MAP_BEHAVIOR_ONLY,False
E6_FLIGHT_SAFER,25bdd19e0bcad2d8602beb00eaed98987a680ee9680a7684954bbb94d30373dd,0.11935110756808044,NOT_EVALUABLE,NOT_EVALUABLE,0.0,0.0,NOT_EVALUABLE,0,0.0,NOT_EVALUABLE,101,ENVIRONMENT_LEVEL_ONLY,NOT_EVALUATED,NOT_EVALUATED,101,False,NOT_EVALUABLE,0.5577932855548051,0.0,official learned anisotropic SAFER map,TIER_R1_REPRESENTED_MAP_BEHAVIOR_ONLY,False
E6_FLIGHT_SAFER,2859245f10dc9a36f488006d6b3a9f0b086e8c3d8387a1291b31397398426d48,0.11613302692736126,NOT_EVALUABLE,NOT_EVALUABLE,0.0,0.0,NOT_EVALUABLE,0,0.0,NOT_EVALUABLE,79,ENVIRONMENT_LEVEL_ONLY,NOT_EVALUATED,NOT_EVALUATED,79,False,NOT_EVALUABLE,0.5453297057306389,0.0,official learned anisotropic SAFER map,TIER_R1_REPRESENTED_MAP_BEHAVIOR_ONLY,False
E6_FLIGHT_SAFER,2a6e0b58bfe92ad72daf3c714eef9573f9da560f21916207dede755ccdd781e6,0.0373040922027544,NOT_EVALUABLE,NOT_EVALUABLE,0.0,0.0,NOT_EVALUABLE,0,0.0,NOT_EVALUABLE,3806,ENVIRONMENT_LEVEL_ONLY,NOT_EVALUATED,NOT_EVALUATED,3806,False,NOT_EVALUABLE,0.5533024592919937,0.0,official learned anisotropic SAFER map,TIER_R1_REPRESENTED_MAP_BEHAVIOR_ONLY,False
E6_FLIGHT_SAFER,2b0b590ab4adecd3318c841a72cd7f65cefb5a9388dacb2ad78b599d5ad3e2ff,0.040213728097685156,NOT_EVALUABLE,NOT_EVALUABLE,0.0,0.0,NOT_EVALUABLE,0,0.0,NOT_EVALUABLE,4165,ENVIRONMENT_LEVEL_ONLY,NOT_EVALUATED,NOT_EVALUATED,4165,False,NOT_EVALUABLE,0.5548197905626656,0.0,official learned anisotropic SAFER map,TIER_R1_REPRESENTED_MAP_BEHAVIOR_ONLY,False
E6_FLIGHT_SAFER,3455bbc3de6510b87c536116f7264c760e699e5e7ce30b25bc08aed275d77d30,0.15155411551575196,NOT_EVALUABLE,NOT_EVALUABLE,0.0,0.0,NOT_EVALUABLE,0,0.0,NOT_EVALUABLE,130,ENVIRONMENT_LEVEL_ONLY,NOT_EVALUATED,NOT_EVALUATED,130,False,NOT_EVALUABLE,0.5569160362085966,0.0,official learned anisotropic SAFER map,TIER_R1_REPRESENTED_MAP_BEHAVIOR_ONLY,False
E6_FLIGHT_SAFER,350fa0cf87caea055258036d0f7ddb4c1fe3813b48d059607c7b1a600355b24b,0.06416482509539334,NOT_EVALUABLE,NOT_EVALUABLE,0.0,0.0,NOT_EVALUABLE,0,0.0,NOT_EVALUABLE,3379,ENVIRONMENT_LEVEL_ONLY,NOT_EVALUATED,NOT_EVALUATED,3379,False,NOT_EVALUABLE,0.5468218310616755,0.0,official learned anisotropic SAFER map,TIER_R1_REPRESENTED_MAP_BEHAVIOR_ONLY,False
E6_FLIGHT_SAFER,3952d8b454065b493247d60f9b31d53cd21213152da7436fcdd0520f705986b8,0.04428014427519397,NOT_EVALUABLE,NOT_EVALUABLE,0.0,0.0,NOT_EVALUABLE,0,0.0,NOT_EVALUABLE,4811,ENVIRONMENT_LEVEL_ONLY,NOT_EVALUATED,NOT_EVALUATED,4811,False,NOT_EVALUABLE,0.5481140179134305,0.0,official learned anisotropic SAFER map,TIER_R1_REPRESENTED_MAP_BEHAVIOR_ONLY,False
E6_FLIGHT_SAFER,3fa1332cd6bade6068e94c00bff40ec3bd39930948ec4111e225cc4718f28f93,0.08396776207135799,NOT_EVALUABLE,NOT_EVALUABLE,0.0,0.0,NOT_EVALUABLE,0,0.0,NOT_EVALUABLE,3029,ENVIRONMENT_LEVEL_ONLY,NOT_EVALUATED,NOT_EVALUATED,3029,False,NOT_EVALUABLE,0.5452116738936779,0.0,official learned anisotropic SAFER map,TIER_R1_REPRESENTED_MAP_BEHAVIOR_ONLY,False
E6_FLIGHT_SAFER,41a1bd2b4546d99fc1a1a82eb134d29ef3b21ef28fe735d5a248c88397d5de4b,0.047583834066013846,NOT_EVALUABLE,NOT_EVALUABLE,0.0,0.0,NOT_EVALUABLE,0,0.0,NOT_EVALUABLE,5755,ENVIRONMENT_LEVEL_ONLY,NOT_EVALUATED,NOT_EVALUATED,5755,False,NOT_EVALUABLE,0.5458326524541176,0.0,official learned anisotropic SAFER map,TIER_R1_REPRESENTED_MAP_BEHAVIOR_ONLY,False
E6_FLIGHT_SAFER,45ab4d11c93de51478bccccd88df14b4b634e960d5333e430fcf6852e61ad46e,0.12165274754427727,NOT_EVALUABLE,NOT_EVALUABLE,0.0,0.0,NOT_EVALUABLE,0,0.0,NOT_EVALUABLE,110,ENVIRONMENT_LEVEL_ONLY,NOT_EVALUATED,NOT_EVALUATED,110,False,NOT_EVALUABLE,0.545,0.0,official learned anisotropic SAFER map,TIER_R1_REPRESENTED_MAP_BEHAVIOR_ONLY,False
E6_FLIGHT_SAFER,463da07e21ef7084dc4580afc86de4cad9c8e877d74080463755376a9bef9179,0.048099963685912225,NOT_EVALUABLE,NOT_EVALUABLE,0.0,0.0,NOT_EVALUABLE,0,0.0,NOT_EVALUABLE,3243,ENVIRONMENT_LEVEL_ONLY,NOT_EVALUATED,NOT_EVALUATED,3243,False,NOT_EVALUABLE,0.557896132327134,0.0,official learned anisotropic SAFER map,TIER_R1_REPRESENTED_MAP_BEHAVIOR_ONLY,False
E6_FLIGHT_SAFER,46f64b570c94c97a8d74ff2ad0851b8a191b7618fffeffdd5023153e4339e6b9,0.13076063982722858,NOT_EVALUABLE,NOT_EVALUABLE,0.0,0.0,NOT_EVALUABLE,0,0.0,NOT_EVALUABLE,96,ENVIRONMENT_LEVEL_ONLY,NOT_EVALUATED,NOT_EVALUATED,96,False,NOT_EVALUABLE,0.5564089359793437,0.0,official learned anisotropic SAFER map,TIER_R1_REPRESENTED_MAP_BEHAVIOR_ONLY,False
E6_FLIGHT_SAFER,4cb58df0c263f046cf8998c98a64aeb9ad0ba4f16fef56e76224c59e891decf6,0.057366204932483164,NOT_EVALUABLE,NOT_EVALUABLE,0.0,0.0,NOT_EVALUABLE,0,0.0,NOT_EVALUABLE,4145,ENVIRONMENT_LEVEL_ONLY,NOT_EVALUATED,NOT_EVALUATED,4145,False,NOT_EVALUABLE,0.5575132114071476,0.0,official learned anisotropic SAFER map,TIER_R1_REPRESENTED_MAP_BEHAVIOR_ONLY,False
E6_FLIGHT_SAFER,541ec35e349f0ad2d640c7637f313b5af93ae02d082787adabb882bbca8762e9,0.0962507726511349,NOT_EVALUABLE,NOT_EVALUABLE,0.0,0.0,NOT_EVALUABLE,0,0.0,NOT_EVALUABLE,953,ENVIRONMENT_LEVEL_ONLY,NOT_EVALUATED,NOT_EVALUATED,953,False,NOT_EVALUABLE,0.5458326524541177,0.0,official learned anisotropic SAFER map,TIER_R1_REPRESENTED_MAP_BEHAVIOR_ONLY,False
E6_FLIGHT_SAFER,54904dafb1f3a67cc66c5fa8f061c7cc3a64818c1e25cafb42245b19429adca3,0.12518599229419877,NOT_EVALUABLE,NOT_EVALUABLE,0.0,0.0,NOT_EVALUABLE,0,0.0,NOT_EVALUABLE,191,ENVIRONMENT_LEVEL_ONLY,NOT_EVALUATED,NOT_EVALUATED,191,False,NOT_EVALUABLE,0.5456408424268993,0.0,official learned anisotropic SAFER map,TIER_R1_REPRESENTED_MAP_BEHAVIOR_ONLY,False
E6_FLIGHT_SAFER,5645d90fb9888c047509157d4d7a81c7b95fb1d55cb051e063927ca84a3a1f13,0.06142749625087641,NOT_EVALUABLE,NOT_EVALUABLE,0.0,0.0,NOT_EVALUABLE,0,0.0,NOT_EVALUABLE,1544,ENVIRONMENT_LEVEL_ONLY,NOT_EVALUATED,NOT_EVALUATED,1544,False,NOT_EVALUABLE,0.5544567427768929,0.0,official learned anisotropic SAFER map,TIER_R1_REPRESENTED_MAP_BEHAVIOR_ONLY,False
E6_FLIGHT_SAFER,58b7b3f3e38aa197e96b25c9b838a1ca39d6547ad9cf82bba83d46335b5ff975,0.06694334970887363,NOT_EVALUABLE,NOT_EVALUABLE,0.0,0.0,NOT_EVALUABLE,0,0.0,NOT_EVALUABLE,2647,ENVIRONMENT_LEVEL_ONLY,NOT_EVALUATED,NOT_EVALUATED,2647,False,NOT_EVALUABLE,0.5477669123368876,0.0,official learned anisotropic SAFER map,TIER_R1_REPRESENTED_MAP_BEHAVIOR_ONLY,False
E6_FLIGHT_SAFER,5ad11e1d505cd616fc0a26370e18e2a1ed7065d00f6d25976b3ea6aac8e98dd8,0.06774210212613273,NOT_EVALUABLE,NOT_EVALUABLE,0.0,0.0,NOT_EVALUABLE,0,0.0,NOT_EVALUABLE,4661,ENVIRONMENT_LEVEL_ONLY,NOT_EVALUATED,NOT_EVALUATED,4661,False,NOT_EVALUABLE,0.5451193570033158,0.0,official learned anisotropic SAFER map,TIER_R1_REPRESENTED_MAP_BEHAVIOR_ONLY,False
E6_FLIGHT_SAFER,5cfedae645f34c91766b920776ca0c1161ca03245bcb6e36470e2cb6357ac60c,0.06417528196550787,NOT_EVALUABLE,NOT_EVALUABLE,0.0,0.0,NOT_EVALUABLE,0,0.0,NOT_EVALUABLE,2189,ENVIRONMENT_LEVEL_ONLY,NOT_EVALUATED,NOT_EVALUATED,2189,False,NOT_EVALUABLE,0.5536965679285771,0.0,official learned anisotropic SAFER map,TIER_R1_REPRESENTED_MAP_BEHAVIOR_ONLY,False
E6_FLIGHT_SAFER,5fb7ba160b8c5d8bb64ea3afde8a74137b1e39b35221466d582b51e2bfe19a99,0.10382254584100042,NOT_EVALUABLE,NOT_EVALUABLE,0.0,0.0,NOT_EVALUABLE,0,0.0,NOT_EVALUABLE,79,ENVIRONMENT_LEVEL_ONLY,NOT_EVALUATED,NOT_EVALUATED,79,False,NOT_EVALUABLE,0.5450132988555441,0.0,official learned anisotropic SAFER map,TIER_R1_REPRESENTED_MAP_BEHAVIOR_ONLY,False
E6_FLIGHT_SAFER,5fd23181c460874e718610fb5299a5e0b267fa2e07bae8e2b1dabc9adadea0a2,0.05267445436361626,NOT_EVALUABLE,NOT_EVALUABLE,0.0,0.0,NOT_EVALUABLE,0,0.0,NOT_EVALUABLE,4361,ENVIRONMENT_LEVEL_ONLY,NOT_EVALUATED,NOT_EVALUATED,4361,False,NOT_EVALUABLE,0.5558237106173198,0.0,official learned anisotropic SAFER map,TIER_R1_REPRESENTED_MAP_BEHAVIOR_ONLY,False
E6_FLIGHT_SAFER,62af2a6f4be5381ebfe775e0b3f3dade5cc3bff17dcb97ffa9a0552425514128,0.08881351962333087,NOT_EVALUABLE,NOT_EVALUABLE,0.0,0.0,NOT_EVALUABLE,0,0.0,NOT_EVALUABLE,103,ENVIRONMENT_LEVEL_ONLY,NOT_EVALUATED,NOT_EVALUATED,103,False,NOT_EVALUABLE,0.5496245748669144,0.0,official learned anisotropic SAFER map,TIER_R1_REPRESENTED_MAP_BEHAVIOR_ONLY,False
E6_FLIGHT_SAFER,6422b0dd0f9d75a0f58a5a6655baff1db664418c72ad423321e0d507c30c8c7b,0.0906878298300615,NOT_EVALUABLE,NOT_EVALUABLE,0.0,0.0,NOT_EVALUABLE,0,0.0,NOT_EVALUABLE,1760,ENVIRONMENT_LEVEL_ONLY,NOT_EVALUATED,NOT_EVALUATED,1760,False,NOT_EVALUABLE,0.5504314063721274,0.0,official learned anisotropic SAFER map,TIER_R1_REPRESENTED_MAP_BEHAVIOR_ONLY,False
E6_FLIGHT_SAFER,64238f78882950a8ddc88aab802c705e1cf72e4c9f81dbfd85eb0577f8149bf1,0.1539455230293296,NOT_EVALUABLE,NOT_EVALUABLE,0.0,0.0,NOT_EVALUABLE,0,0.0,NOT_EVALUABLE,127,ENVIRONMENT_LEVEL_ONLY,NOT_EVALUATED,NOT_EVALUATED,127,False,NOT_EVALUABLE,0.5496245748669145,0.0,official learned anisotropic SAFER map,TIER_R1_REPRESENTED_MAP_BEHAVIOR_ONLY,False
E6_FLIGHT_SAFER,6509a7a427df36186a756703339051dc2ebb2cb382b8337382dcdd9f45e6a0f6,0.06360881724168121,NOT_EVALUABLE,NOT_EVALUABLE,0.0,0.0,NOT_EVALUABLE,0,0.0,NOT_EVALUABLE,149,ENVIRONMENT_LEVEL_ONLY,NOT_EVALUATED,NOT_EVALUATED,149,False,NOT_EVALUABLE,0.5571377572695031,0.0,official learned anisotropic SAFER map,TIER_R1_REPRESENTED_MAP_BEHAVIOR_ONLY,False
E6_FLIGHT_SAFER,65b0a830bdb9f25cfc55b4eac47a96f4943103b18f4fbe395f7c3401c6c60522,0.09804073971097904,NOT_EVALUABLE,NOT_EVALUABLE,0.0,0.0,NOT_EVALUABLE,0,0.0,NOT_EVALUABLE,173,ENVIRONMENT_LEVEL_ONLY,NOT_EVALUATED,NOT_EVALUATED,173,False,NOT_EVALUABLE,0.5551695456883743,0.0,official learned anisotropic SAFER map,TIER_R1_REPRESENTED_MAP_BEHAVIOR_ONLY,False
E6_FLIGHT_SAFER,67ee79245098e81cbe45f65923302b855285dc8cee864d18b762061bed98610c,0.09040875177287615,NOT_EVALUABLE,NOT_EVALUABLE,0.0,0.0,NOT_EVALUABLE,0,0.0,NOT_EVALUABLE,283,ENVIRONMENT_LEVEL_ONLY,NOT_EVALUATED,NOT_EVALUATED,283,False,NOT_EVALUABLE,0.5577932855548051,0.0,official learned anisotropic SAFER map,TIER_R1_REPRESENTED_MAP_BEHAVIOR_ONLY,False
E6_FLIGHT_SAFER,688c99491da3a1461595120631679c95973e4f90389253553b0f78894b59c226,0.1617414080553999,NOT_EVALUABLE,NOT_EVALUABLE,0.0,0.0,NOT_EVALUABLE,0,0.0,NOT_EVALUABLE,214,ENVIRONMENT_LEVEL_ONLY,NOT_EVALUATED,NOT_EVALUATED,214,False,NOT_EVALUABLE,0.5520829644984248,0.0,official learned anisotropic SAFER map,TIER_R1_REPRESENTED_MAP_BEHAVIOR_ONLY,False
E6_FLIGHT_SAFER,698da0408366b11e7cc5a70f23aa65c8ec34f01a9d7637f2cf6326cb0658d62d,0.04501487673118028,NOT_EVALUABLE,NOT_EVALUABLE,0.0,0.0,NOT_EVALUABLE,0,0.0,NOT_EVALUABLE,4219,ENVIRONMENT_LEVEL_ONLY,NOT_EVALUATED,NOT_EVALUATED,4219,False,NOT_EVALUABLE,0.5471194862521246,0.0,official learned anisotropic SAFER map,TIER_R1_REPRESENTED_MAP_BEHAVIOR_ONLY,False
E6_FLIGHT_SAFER,6aab37f77f5f9c33e9be0694d6ddb422aaf8471bb30ecfe7bac48a72a83de22f,0.05999813347635154,NOT_EVALUABLE,NOT_EVALUABLE,0.0,0.0,NOT_EVALUABLE,0,0.0,NOT_EVALUABLE,3480,ENVIRONMENT_LEVEL_ONLY,NOT_EVALUATED,NOT_EVALUATED,3480,False,NOT_EVALUABLE,0.5460475936799057,0.0,official learned anisotropic SAFER map,TIER_R1_REPRESENTED_MAP_BEHAVIOR_ONLY,False
E6_FLIGHT_SAFER,6e3b5dd3ae665ccd91637029d4631009a11342e65ea9dc588767b0adfd1227fc,0.06709970953085403,NOT_EVALUABLE,NOT_EVALUABLE,0.0,0.0,NOT_EVALUABLE,0,0.0,NOT_EVALUABLE,133,ENVIRONMENT_LEVEL_ONLY,NOT_EVALUATED,NOT_EVALUATED,133,False,NOT_EVALUABLE,0.5564089359793438,0.0,official learned anisotropic SAFER map,TIER_R1_REPRESENTED_MAP_BEHAVIOR_ONLY,False
E6_FLIGHT_SAFER,6e7e0278297312e9b1d0529ecf17dce43d5d2571e830c97c5d25db5d81eaa7fd,0.07826161997907635,NOT_EVALUABLE,NOT_EVALUABLE,0.0,0.0,NOT_EVALUABLE,0,0.0,NOT_EVALUABLE,2758,ENVIRONMENT_LEVEL_ONLY,NOT_EVALUATED,NOT_EVALUATED,2758,False,NOT_EVALUABLE,0.5558237106173198,0.0,official learned anisotropic SAFER map,TIER_R1_REPRESENTED_MAP_BEHAVIOR_ONLY,False
E6_FLIGHT_SAFER,751777678f00f37cb2c1b6b566278d1b3bb2c06b0cc2607db25f9d184af86ae9,0.08246624411345811,NOT_EVALUABLE,NOT_EVALUABLE,0.0,0.0,NOT_EVALUABLE,0,0.0,NOT_EVALUABLE,3850,ENVIRONMENT_LEVEL_ONLY,NOT_EVALUATED,NOT_EVALUATED,3850,False,NOT_EVALUABLE,0.5451193570033158,0.0,official learned anisotropic SAFER map,TIER_R1_REPRESENTED_MAP_BEHAVIOR_ONLY,False
E6_FLIGHT_SAFER,7668223bf8a6fbf98a2137cc5d372e8662e43d69b07793a3367ce5ef02e3d237,0.10764249371863834,NOT_EVALUABLE,NOT_EVALUABLE,0.0,0.0,NOT_EVALUABLE,0,0.0,NOT_EVALUABLE,202,ENVIRONMENT_LEVEL_ONLY,NOT_EVALUATED,NOT_EVALUATED,202,False,NOT_EVALUABLE,0.5580254455152796,0.0,official learned anisotropic SAFER map,TIER_R1_REPRESENTED_MAP_BEHAVIOR_ONLY,False
E6_FLIGHT_SAFER,797ceb3e21e3e52071d0cc03b2aa2a08c7d7b961d6369a87975de8ce8f711d49,0.13516523046922127,NOT_EVALUABLE,NOT_EVALUABLE,0.0,0.0,NOT_EVALUABLE,0,0.0,NOT_EVALUABLE,95,ENVIRONMENT_LEVEL_ONLY,NOT_EVALUATED,NOT_EVALUATED,95,False,NOT_EVALUABLE,0.5500250318524895,0.0,official learned anisotropic SAFER map,TIER_R1_REPRESENTED_MAP_BEHAVIOR_ONLY,False
E6_FLIGHT_SAFER,7b72fab67566a6c991c62e0a13d9e989f3657c1b30bdad3379b42f5cfb6ef108,0.09065890618436756,NOT_EVALUABLE,NOT_EVALUABLE,0.0,0.0,NOT_EVALUABLE,0,0.0,NOT_EVALUABLE,48,ENVIRONMENT_LEVEL_ONLY,NOT_EVALUATED,NOT_EVALUATED,48,False,NOT_EVALUABLE,0.5504314063721275,0.0,official learned anisotropic SAFER map,TIER_R1_REPRESENTED_MAP_BEHAVIOR_ONLY,False
E6_FLIGHT_SAFER,7c5398f4db1c487dab72eb609ffbdfcf76b74999c13739437a0769b2d35a4e8b,0.08800306317957904,NOT_EVALUABLE,NOT_EVALUABLE,0.0,0.0,NOT_EVALUABLE,0,0.0,NOT_EVALUABLE,985,ENVIRONMENT_LEVEL_ONLY,NOT_EVALUATED,NOT_EVALUATED,985,False,NOT_EVALUABLE,0.5544567427768929,0.0,official learned anisotropic SAFER map,TIER_R1_REPRESENTED_MAP_BEHAVIOR_ONLY,False
E6_FLIGHT_SAFER,803756b879fb83744b28ed5e6e452069a28c939e376d11ab6037b8175f84d119,0.180644132366435,NOT_EVALUABLE,NOT_EVALUABLE,0.0,0.0,NOT_EVALUABLE,0,0.0,NOT_EVALUABLE,234,ENVIRONMENT_LEVEL_ONLY,NOT_EVALUATED,NOT_EVALUATED,234,False,NOT_EVALUABLE,0.5548197905626655,0.0,official learned anisotropic SAFER map,TIER_R1_REPRESENTED_MAP_BEHAVIOR_ONLY,False
E6_FLIGHT_SAFER,83cdb26b5370d0fcf994402dfd09b252d71c6e23c5beddcae1c03485ecee87a5,0.07041111673237013,NOT_EVALUABLE,NOT_EVALUABLE,0.0,0.0,NOT_EVALUABLE,0,0.0,NOT_EVALUABLE,2698,ENVIRONMENT_LEVEL_ONLY,NOT_EVALUATED,NOT_EVALUATED,2698,False,NOT_EVALUABLE,0.5465432096454437,0.0,official learned anisotropic SAFER map,TIER_R1_REPRESENTED_MAP_BEHAVIOR_ONLY,False
E6_FLIGHT_SAFER,83efa63cb6d1af6b26b41c453cda37749d047dec2f6ed06d795a9cf98ad2a1be,0.07859838872078821,NOT_EVALUABLE,NOT_EVALUABLE,0.0,0.0,NOT_EVALUABLE,0,0.0,NOT_EVALUABLE,2704,ENVIRONMENT_LEVEL_ONLY,NOT_EVALUATED,NOT_EVALUATED,2704,False,NOT_EVALUABLE,0.5575132114071477,0.0,official learned anisotropic SAFER map,TIER_R1_REPRESENTED_MAP_BEHAVIOR_ONLY,False
E6_FLIGHT_SAFER,8ad08340c293040823b9137b2f05229ad3aee1cc7ad148d08323b9a6382c0891,0.08235461255689545,NOT_EVALUABLE,NOT_EVALUABLE,0.0,0.0,NOT_EVALUABLE,0,0.0,NOT_EVALUABLE,1945,ENVIRONMENT_LEVEL_ONLY,NOT_EVALUATED,NOT_EVALUATED,1945,False,NOT_EVALUABLE,0.5573370750545091,0.0,official learned anisotropic SAFER map,TIER_R1_REPRESENTED_MAP_BEHAVIOR_ONLY,False
E6_FLIGHT_SAFER,8c196d5b3a3e63e9483c52542ec2161079726061780d437a380f0499c72ff62a,0.07431866527337122,NOT_EVALUABLE,NOT_EVALUABLE,0.0,0.0,NOT_EVALUABLE,0,0.0,NOT_EVALUABLE,953,ENVIRONMENT_LEVEL_ONLY,NOT_EVALUATED,NOT_EVALUATED,953,False,NOT_EVALUABLE,0.5579736194467172,0.0,official learned anisotropic SAFER map,TIER_R1_REPRESENTED_MAP_BEHAVIOR_ONLY,False
E6_FLIGHT_SAFER,8c3af14989ff05726bc7577f8b54575d168e8284ad99ee8830821d7146298384,0.05407939648228789,NOT_EVALUABLE,NOT_EVALUABLE,0.0,0.0,NOT_EVALUABLE,0,0.0,NOT_EVALUABLE,2769,ENVIRONMENT_LEVEL_ONLY,NOT_EVALUATED,NOT_EVALUATED,2769,False,NOT_EVALUABLE,0.555504626216012,0.0,official learned anisotropic SAFER map,TIER_R1_REPRESENTED_MAP_BEHAVIOR_ONLY,False
E6_FLIGHT_SAFER,9033477337fa1843670bbf7ba0376194a9e375446cd989db75ae39a842940e70,0.17270444565846751,NOT_EVALUABLE,NOT_EVALUABLE,0.0,0.0,NOT_EVALUABLE,0,0.0,NOT_EVALUABLE,232,ENVIRONMENT_LEVEL_ONLY,NOT_EVALUATED,NOT_EVALUATED,232,False,NOT_EVALUABLE,0.557896132327134,0.0,official learned anisotropic SAFER map,TIER_R1_REPRESENTED_MAP_BEHAVIOR_ONLY,False
E6_FLIGHT_SAFER,9081b76c9e23ab74a973950eb3e79f20158e07fc1845dcfce795381264850155,0.0834071738292703,NOT_EVALUABLE,NOT_EVALUABLE,0.0,0.0,NOT_EVALUABLE,0,0.0,NOT_EVALUABLE,179,ENVIRONMENT_LEVEL_ONLY,NOT_EVALUATED,NOT_EVALUATED,179,False,NOT_EVALUABLE,0.5573370750545091,0.0,official learned anisotropic SAFER map,TIER_R1_REPRESENTED_MAP_BEHAVIOR_ONLY,False
E6_FLIGHT_SAFER,99be7c6fba87b9d1807821cb550f57937324338ce6ba53f250d5386b2c709687,0.1504217712252996,NOT_EVALUABLE,NOT_EVALUABLE,0.0,0.0,NOT_EVALUABLE,0,0.0,NOT_EVALUABLE,124,ENVIRONMENT_LEVEL_ONLY,NOT_EVALUATED,NOT_EVALUATED,124,False,NOT_EVALUABLE,0.5492316626019831,0.0,official learned anisotropic SAFER map,TIER_R1_REPRESENTED_MAP_BEHAVIOR_ONLY,False
E6_FLIGHT_SAFER,9dcfe25ff9448359939c88bdc62d5e9e47ba284d5864390b0b69a09cfdecb408,0.09491646828971195,NOT_EVALUABLE,NOT_EVALUABLE,0.0,0.0,NOT_EVALUABLE,0,0.0,NOT_EVALUABLE,675,ENVIRONMENT_LEVEL_ONLY,NOT_EVALUATED,NOT_EVALUATED,675,False,NOT_EVALUABLE,0.5462847738549707,0.0,official learned anisotropic SAFER map,TIER_R1_REPRESENTED_MAP_BEHAVIOR_ONLY,False
E6_FLIGHT_SAFER,9fdde340d5e6327f85186fd37d99046cc345bebac016348a8f70e560dcf28687,0.10445530441196044,NOT_EVALUABLE,NOT_EVALUABLE,0.0,0.0,NOT_EVALUABLE,0,0.0,NOT_EVALUABLE,68,ENVIRONMENT_LEVEL_ONLY,NOT_EVALUATED,NOT_EVALUATED,68,False,NOT_EVALUABLE,0.5477669123368876,0.0,official learned anisotropic SAFER map,TIER_R1_REPRESENTED_MAP_BEHAVIOR_ONLY,False
E6_FLIGHT_SAFER,a00fd35101770a16fd6ecb2db460784048f4918104b4b6b3b353bd70fc7ae2d6,0.09531177121024492,NOT_EVALUABLE,NOT_EVALUABLE,0.0,0.0,NOT_EVALUABLE,0,0.0,NOT_EVALUABLE,378,ENVIRONMENT_LEVEL_ONLY,NOT_EVALUATED,NOT_EVALUATED,378,False,NOT_EVALUABLE,0.5524940423530084,0.0,official learned anisotropic SAFER map,TIER_R1_REPRESENTED_MAP_BEHAVIOR_ONLY,False
E6_FLIGHT_SAFER,a2eaf635ad381e9c86d2edf28198c64c39cdde3d12d61b51fc09d905149dbd23,0.056021663281795066,NOT_EVALUABLE,NOT_EVALUABLE,0.0,0.0,NOT_EVALUABLE,0,0.0,NOT_EVALUABLE,2850,ENVIRONMENT_LEVEL_ONLY,NOT_EVALUATED,NOT_EVALUATED,2850,False,NOT_EVALUABLE,0.5520829644984248,0.0,official learned anisotropic SAFER map,TIER_R1_REPRESENTED_MAP_BEHAVIOR_ONLY,False
E6_FLIGHT_SAFER,a8fb2715c2731d8dac62059c5a320245c8f23b6414be17377073faecb69fd29b,0.0886049860181954,NOT_EVALUABLE,NOT_EVALUABLE,0.0,0.0,NOT_EVALUABLE,0,0.0,NOT_EVALUABLE,881,ENVIRONMENT_LEVEL_ONLY,NOT_EVALUATED,NOT_EVALUATED,881,False,NOT_EVALUABLE,0.5474349466347499,0.0,official learned anisotropic SAFER map,TIER_R1_REPRESENTED_MAP_BEHAVIOR_ONLY,False
E6_FLIGHT_SAFER,ae3a4d6e2df62912cde3a53e61cec736ebd65d2b4dbcf300914587a20c3daeda,0.13283556874706443,NOT_EVALUABLE,NOT_EVALUABLE,0.0,0.0,NOT_EVALUABLE,0,0.0,NOT_EVALUABLE,132,ENVIRONMENT_LEVEL_ONLY,NOT_EVALUATED,NOT_EVALUATED,132,False,NOT_EVALUABLE,0.5462847738549707,0.0,official learned anisotropic SAFER map,TIER_R1_REPRESENTED_MAP_BEHAVIOR_ONLY,False
E6_FLIGHT_SAFER,b3127e019d7c55c8b6bd9f34a44a01bfd69f9237d668cd6b7ef9a0905b832630,0.03550140268449248,NOT_EVALUABLE,NOT_EVALUABLE,0.0,0.0,NOT_EVALUABLE,0,0.0,NOT_EVALUABLE,4482,ENVIRONMENT_LEVEL_ONLY,NOT_EVALUATED,NOT_EVALUATED,4482,False,NOT_EVALUABLE,0.545211673893678,0.0,official learned anisotropic SAFER map,TIER_R1_REPRESENTED_MAP_BEHAVIOR_ONLY,False
E6_FLIGHT_SAFER,b73965378c6b7997e6645a549cc6e721e998e8a28215e9b0dbfc8d140aaa132c,0.14968690105549357,NOT_EVALUABLE,NOT_EVALUABLE,0.0,0.0,NOT_EVALUABLE,0,0.0,NOT_EVALUABLE,196,ENVIRONMENT_LEVEL_ONLY,NOT_EVALUATED,NOT_EVALUATED,196,False,NOT_EVALUABLE,0.5454729607251713,0.0,official learned anisotropic SAFER map,TIER_R1_REPRESENTED_MAP_BEHAVIOR_ONLY,False
E6_FLIGHT_SAFER,bb08cc0e11d4c32c819d935ad761eeb87ee0742c28bc41331d9507a47942230c,0.08100749026468138,NOT_EVALUABLE,NOT_EVALUABLE,0.0,0.0,NOT_EVALUABLE,0,0.0,NOT_EVALUABLE,3317,ENVIRONMENT_LEVEL_ONLY,NOT_EVALUATED,NOT_EVALUATED,3317,False,NOT_EVALUABLE,0.5508420508282867,0.0,official learned anisotropic SAFER map,TIER_R1_REPRESENTED_MAP_BEHAVIOR_ONLY,False
E6_FLIGHT_SAFER,bb299e9da5fce0aabf409da31ea1c36c2140feee439c85df535e84306ef8eaf1,0.09878992593160921,NOT_EVALUABLE,NOT_EVALUABLE,0.0,0.0,NOT_EVALUABLE,0,0.0,NOT_EVALUABLE,271,ENVIRONMENT_LEVEL_ONLY,NOT_EVALUATED,NOT_EVALUATED,271,False,NOT_EVALUABLE,0.554081839537257,0.0,official learned anisotropic SAFER map,TIER_R1_REPRESENTED_MAP_BEHAVIOR_ONLY,False
E6_FLIGHT_SAFER,bc558ea37005c8e50769580ad9c083cb5ff7fae8144a37478f765aa643b1314a,0.036199328959881684,NOT_EVALUABLE,NOT_EVALUABLE,0.0,0.0,NOT_EVALUABLE,0,0.0,NOT_EVALUABLE,3566,ENVIRONMENT_LEVEL_ONLY,NOT_EVALUATED,NOT_EVALUATED,3566,False,NOT_EVALUABLE,0.551255304016269,0.0,official learned anisotropic SAFER map,TIER_R1_REPRESENTED_MAP_BEHAVIOR_ONLY,False
E6_FLIGHT_SAFER,be41268cdcb6bcd2d3c77003c46b178d361eb2c2e805262238217aa75cfed77e,0.03211028000328912,NOT_EVALUABLE,NOT_EVALUABLE,0.0,0.0,NOT_EVALUABLE,0,0.0,NOT_EVALUABLE,5875,ENVIRONMENT_LEVEL_ONLY,NOT_EVALUATED,NOT_EVALUATED,5875,False,NOT_EVALUABLE,0.5529010833865939,0.0,official learned anisotropic SAFER map,TIER_R1_REPRESENTED_MAP_BEHAVIOR_ONLY,False
E6_FLIGHT_SAFER,be88e6d34f75a826818a36de44ca2f099ccb0739f77575c515e8bd372344299a,0.05418057224401146,NOT_EVALUABLE,NOT_EVALUABLE,0.0,0.0,NOT_EVALUABLE,0,0.0,NOT_EVALUABLE,3529,ENVIRONMENT_LEVEL_ONLY,NOT_EVALUATED,NOT_EVALUATED,3529,False,NOT_EVALUABLE,0.5456408424268994,0.0,official learned anisotropic SAFER map,TIER_R1_REPRESENTED_MAP_BEHAVIOR_ONLY,False
E6_FLIGHT_SAFER,c16bfbe29d69a18fa2272caa0d3a97e7611fb980b404a121be98341597248b48,0.11809358808622947,NOT_EVALUABLE,NOT_EVALUABLE,0.0,0.0,NOT_EVALUABLE,0,0.0,NOT_EVALUABLE,89,ENVIRONMENT_LEVEL_ONLY,NOT_EVALUATED,NOT_EVALUATED,89,False,NOT_EVALUABLE,0.5516694979239025,0.0,official learned anisotropic SAFER map,TIER_R1_REPRESENTED_MAP_BEHAVIOR_ONLY,False
E6_FLIGHT_SAFER,c2b6ddb3862e53b35356083dd700b0b63397d9bc2a1eb0210b441bee9befff73,0.07803594204312764,NOT_EVALUABLE,NOT_EVALUABLE,0.0,0.0,NOT_EVALUABLE,0,0.0,NOT_EVALUABLE,1289,ENVIRONMENT_LEVEL_ONLY,NOT_EVALUATED,NOT_EVALUATED,1289,False,NOT_EVALUABLE,0.5561255426533523,0.0,official learned anisotropic SAFER map,TIER_R1_REPRESENTED_MAP_BEHAVIOR_ONLY,False
E6_FLIGHT_SAFER,c643cdbfb61ceaec9270c516f222d34e01dd0dadbc7ea6503b97399cd197d7e1,0.15909938328423848,NOT_EVALUABLE,NOT_EVALUABLE,0.0,0.0,NOT_EVALUABLE,0,0.0,NOT_EVALUABLE,183,ENVIRONMENT_LEVEL_ONLY,NOT_EVALUATED,NOT_EVALUATED,183,False,NOT_EVALUABLE,0.5580514090163727,0.0,official learned anisotropic SAFER map,TIER_R1_REPRESENTED_MAP_BEHAVIOR_ONLY,False
E6_FLIGHT_SAFER,c6929bc5b321c552e1f24c8586998af12a05de77784462ce961c00d703e0e092,0.12165274754427727,NOT_EVALUABLE,NOT_EVALUABLE,0.0,0.0,NOT_EVALUABLE,0,0.0,NOT_EVALUABLE,110,ENVIRONMENT_LEVEL_ONLY,NOT_EVALUATED,NOT_EVALUATED,110,False,NOT_EVALUABLE,0.545,0.0,official learned anisotropic SAFER map,TIER_R1_REPRESENTED_MAP_BEHAVIOR_ONLY,False
E6_FLIGHT_SAFER,c6fae842861556dc1fb52d0305043d0b82ac3be2c863fe8eb196b4b8f7753923,0.0954048611626995,NOT_EVALUABLE,NOT_EVALUABLE,0.0,0.0,NOT_EVALUABLE,0,0.0,NOT_EVALUABLE,684,ENVIRONMENT_LEVEL_ONLY,NOT_EVALUATED,NOT_EVALUATED,684,False,NOT_EVALUABLE,0.5579736194467173,0.0,official learned anisotropic SAFER map,TIER_R1_REPRESENTED_MAP_BEHAVIOR_ONLY,False
E6_FLIGHT_SAFER,c71a3527d2d4a6e6e3d1a7ba856df6c1f1bec7d410daf54614818ab58a8e2171,0.10007894420362941,NOT_EVALUABLE,NOT_EVALUABLE,0.0,0.0,NOT_EVALUABLE,0,0.0,NOT_EVALUABLE,1110,ENVIRONMENT_LEVEL_ONLY,NOT_EVALUATED,NOT_EVALUATED,1110,False,NOT_EVALUABLE,0.5450531399300607,0.0,official learned anisotropic SAFER map,TIER_R1_REPRESENTED_MAP_BEHAVIOR_ONLY,False
E6_FLIGHT_SAFER,c7ef8c2e7a399723696be56aa43ba0f632878756eaf236429d217f7a8aa4fcf9,0.062392194504632494,NOT_EVALUABLE,NOT_EVALUABLE,0.0,0.0,NOT_EVALUABLE,0,0.0,NOT_EVALUABLE,4302,ENVIRONMENT_LEVEL_ONLY,NOT_EVALUATED,NOT_EVALUATED,4302,False,NOT_EVALUABLE,0.5508420508282867,0.0,official learned anisotropic SAFER map,TIER_R1_REPRESENTED_MAP_BEHAVIOR_ONLY,False
E6_FLIGHT_SAFER,c7f1c4138bbd74b51d2d3b66f2cad154c38f62eba3c255652aa73cd51ee919f3,0.09339141351029649,NOT_EVALUABLE,NOT_EVALUABLE,0.0,0.0,NOT_EVALUABLE,0,0.0,NOT_EVALUABLE,119,ENVIRONMENT_LEVEL_ONLY,NOT_EVALUATED,NOT_EVALUATED,119,False,NOT_EVALUABLE,0.5488478950550748,0.0,official learned anisotropic SAFER map,TIER_R1_REPRESENTED_MAP_BEHAVIOR_ONLY,False
E6_FLIGHT_SAFER,c90e98e33ec2f1a56e33a6b81f39474a67600b0a0f4dec10807eb726e271336d,0.07029467973060341,NOT_EVALUABLE,NOT_EVALUABLE,0.0,0.0,NOT_EVALUABLE,0,0.0,NOT_EVALUABLE,125,ENVIRONMENT_LEVEL_ONLY,NOT_EVALUATED,NOT_EVALUATED,125,False,NOT_EVALUABLE,0.5569160362085966,0.0,official learned anisotropic SAFER map,TIER_R1_REPRESENTED_MAP_BEHAVIOR_ONLY,False
E6_FLIGHT_SAFER,cafe714d080d4a38adaea4daaf6482755aaf6b7597026ec673f489a013143ec1,0.10878580091233991,NOT_EVALUABLE,NOT_EVALUABLE,0.0,0.0,NOT_EVALUABLE,0,0.0,NOT_EVALUABLE,112,ENVIRONMENT_LEVEL_ONLY,NOT_EVALUATED,NOT_EVALUATED,112,False,NOT_EVALUABLE,0.5551695456883744,0.0,official learned anisotropic SAFER map,TIER_R1_REPRESENTED_MAP_BEHAVIOR_ONLY,False
E6_FLIGHT_SAFER,d0459487580384d8de3f685351298d3ea1e177a5e57dd80b999e9420fe2995a4,0.07060927483943445,NOT_EVALUABLE,NOT_EVALUABLE,0.0,0.0,NOT_EVALUABLE,0,0.0,NOT_EVALUABLE,2178,ENVIRONMENT_LEVEL_ONLY,NOT_EVALUATED,NOT_EVALUATED,2178,False,NOT_EVALUABLE,0.5454729607251714,0.0,official learned anisotropic SAFER map,TIER_R1_REPRESENTED_MAP_BEHAVIOR_ONLY,False
E6_FLIGHT_SAFER,d154a9e708bcecc38d084abeb8f2d965f05a089854ce9184464610354682d52f,0.08474286401400721,NOT_EVALUABLE,NOT_EVALUABLE,0.0,0.0,NOT_EVALUABLE,0,0.0,NOT_EVALUABLE,128,ENVIRONMENT_LEVEL_ONLY,NOT_EVALUATED,NOT_EVALUATED,128,False,NOT_EVALUABLE,0.5500250318524896,0.0,official learned anisotropic SAFER map,TIER_R1_REPRESENTED_MAP_BEHAVIOR_ONLY,False
E6_FLIGHT_SAFER,d400e0e39986a5dee174d75e6462e0f482212dcf149ab014781361a8e834ddd8,0.1609832881123269,NOT_EVALUABLE,NOT_EVALUABLE,0.0,0.0,NOT_EVALUABLE,0,0.0,NOT_EVALUABLE,230,ENVIRONMENT_LEVEL_ONLY,NOT_EVALUATED,NOT_EVALUATED,230,False,NOT_EVALUABLE,0.5471194862521245,0.0,official learned anisotropic SAFER map,TIER_R1_REPRESENTED_MAP_BEHAVIOR_ONLY,False
E6_FLIGHT_SAFER,d7f191f71923e65603e32f78c484b80994e640d722ac7f7301e44874c8fbd995,0.07125458517504518,NOT_EVALUABLE,NOT_EVALUABLE,0.0,0.0,NOT_EVALUABLE,0,0.0,NOT_EVALUABLE,3376,ENVIRONMENT_LEVEL_ONLY,NOT_EVALUATED,NOT_EVALUATED,3376,False,NOT_EVALUABLE,0.548474838312239,0.0,official learned anisotropic SAFER map,TIER_R1_REPRESENTED_MAP_BEHAVIOR_ONLY,False
E6_FLIGHT_SAFER,d98fe32fca09915bc391f108a9f36969b59b43fb12f749abde991d20b064c093,0.10835960083561846,NOT_EVALUABLE,NOT_EVALUABLE,0.0,0.0,NOT_EVALUABLE,0,0.0,NOT_EVALUABLE,73,ENVIRONMENT_LEVEL_ONLY,NOT_EVALUATED,NOT_EVALUATED,73,False,NOT_EVALUABLE,0.5450531399300607,0.0,official learned anisotropic SAFER map,TIER_R1_REPRESENTED_MAP_BEHAVIOR_ONLY,False
E6_FLIGHT_SAFER,e113f9cef791b38ba00a95660451012d8343d95c7f146f48282fbe86ed51c122,0.08126626534146432,NOT_EVALUABLE,NOT_EVALUABLE,0.0,0.0,NOT_EVALUABLE,0,0.0,NOT_EVALUABLE,2097,ENVIRONMENT_LEVEL_ONLY,NOT_EVALUATED,NOT_EVALUATED,2097,False,NOT_EVALUABLE,0.545329705730639,0.0,official learned anisotropic SAFER map,TIER_R1_REPRESENTED_MAP_BEHAVIOR_ONLY,False
E6_FLIGHT_SAFER,e4b3645dcc182d855ae81955ed338e6426955bca789e5a79238ebd387f47f7dc,0.08654639384302458,NOT_EVALUABLE,NOT_EVALUABLE,0.0,0.0,NOT_EVALUABLE,0,0.0,NOT_EVALUABLE,1813,ENVIRONMENT_LEVEL_ONLY,NOT_EVALUATED,NOT_EVALUATED,1813,False,NOT_EVALUABLE,0.5465432096454437,0.0,official learned anisotropic SAFER map,TIER_R1_REPRESENTED_MAP_BEHAVIOR_ONLY,False
E6_FLIGHT_SAFER,e4ef225a8ce2b26d0e9ede5087fa8d052b050241a70eb637bfb4bce814a824e9,0.12141939212360069,NOT_EVALUABLE,NOT_EVALUABLE,0.0,0.0,NOT_EVALUABLE,0,0.0,NOT_EVALUABLE,122,ENVIRONMENT_LEVEL_ONLY,NOT_EVALUATED,NOT_EVALUATED,122,False,NOT_EVALUABLE,0.545013298855544,0.0,official learned anisotropic SAFER map,TIER_R1_REPRESENTED_MAP_BEHAVIOR_ONLY,False
E6_FLIGHT_SAFER,e56b063a6a9c54ae9a445d72c31399d1ddb7aee22441086688954bab3e426260,0.07547053261936042,NOT_EVALUABLE,NOT_EVALUABLE,0.0,0.0,NOT_EVALUABLE,0,0.0,NOT_EVALUABLE,2400,ENVIRONMENT_LEVEL_ONLY,NOT_EVALUATED,NOT_EVALUATED,2400,False,NOT_EVALUABLE,0.5561255426533522,0.0,official learned anisotropic SAFER map,TIER_R1_REPRESENTED_MAP_BEHAVIOR_ONLY,False
E6_FLIGHT_SAFER,ea03a1eb6b6b2d9951fabb4fd3c0db2b5147ad0ab33b0a3d98950c37c04df6e3,0.08588619798108642,NOT_EVALUABLE,NOT_EVALUABLE,0.0,0.0,NOT_EVALUABLE,0,0.0,NOT_EVALUABLE,2494,ENVIRONMENT_LEVEL_ONLY,NOT_EVALUATED,NOT_EVALUATED,2494,False,NOT_EVALUABLE,0.548474838312239,0.0,official learned anisotropic SAFER map,TIER_R1_REPRESENTED_MAP_BEHAVIOR_ONLY,False
E6_FLIGHT_SAFER,ecaa99224b12c5fc08016d49f5b7e2719f31398f4338aa0149cda4731db377c0,0.1424397753307394,NOT_EVALUABLE,NOT_EVALUABLE,0.0,0.0,NOT_EVALUABLE,0,0.0,NOT_EVALUABLE,168,ENVIRONMENT_LEVEL_ONLY,NOT_EVALUATED,NOT_EVALUATED,168,False,NOT_EVALUABLE,0.5533024592919936,0.0,official learned anisotropic SAFER map,TIER_R1_REPRESENTED_MAP_BEHAVIOR_ONLY,False
E6_FLIGHT_SAFER,f46ad0189cdfbb7064e766e5461127a6f7539421b26162e3393957b4ddc581f4,0.04381053251890633,NOT_EVALUABLE,NOT_EVALUABLE,0.0,0.0,NOT_EVALUABLE,0,0.0,NOT_EVALUABLE,3475,ENVIRONMENT_LEVEL_ONLY,NOT_EVALUATED,NOT_EVALUATED,3475,False,NOT_EVALUABLE,0.5580514090163727,0.0,official learned anisotropic SAFER map,TIER_R1_REPRESENTED_MAP_BEHAVIOR_ONLY,False
E6_FLIGHT_SAFER,f5a9462fa74e9748618733f5768c3c4c816580135645936a83956720b3aaf729,0.11027369693424248,NOT_EVALUABLE,NOT_EVALUABLE,0.0,0.0,NOT_EVALUABLE,0,0.0,NOT_EVALUABLE,128,ENVIRONMENT_LEVEL_ONLY,NOT_EVALUATED,NOT_EVALUATED,128,False,NOT_EVALUABLE,0.5460475936799059,0.0,official learned anisotropic SAFER map,TIER_R1_REPRESENTED_MAP_BEHAVIOR_ONLY,False
E6_FLIGHT_SAFER,f5df966cd7453e1b26b2d57ffe20c7ddff60998098d05325b487e99baf605286,0.1190087145934758,NOT_EVALUABLE,NOT_EVALUABLE,0.0,0.0,NOT_EVALUABLE,0,0.0,NOT_EVALUABLE,89,ENVIRONMENT_LEVEL_ONLY,NOT_EVALUATED,NOT_EVALUATED,89,False,NOT_EVALUABLE,0.5488478950550748,0.0,official learned anisotropic SAFER map,TIER_R1_REPRESENTED_MAP_BEHAVIOR_ONLY,False
E6_FLIGHT_SAFER,ff0f2c3a968fa9f9ee7a6cbc60e6708a5974024e7efa8d911a24775c3c5ac9d3,0.14900349346808248,NOT_EVALUABLE,NOT_EVALUABLE,0.0,0.0,NOT_EVALUABLE,0,0.0,NOT_EVALUABLE,123,ENVIRONMENT_LEVEL_ONLY,NOT_EVALUATED,NOT_EVALUATED,123,False,NOT_EVALUABLE,0.5566727784633879,0.0,official learned anisotropic SAFER map,TIER_R1_REPRESENTED_MAP_BEHAVIOR_ONLY,False
