mask,index,timestamp,keyframe_index,group,valid_pixel_count,retained_fraction,median_m,p90_m,p95_m,p99_m,max_m,fraction_gt_0_30,global_top1_contribution,confidence_0_fraction_m0,confidence_1_fraction_m0,confidence_2_fraction_m0,zero_valid_depth
M0_RAW_POSITIVE,0,653418.418,0,0,49152,1.0,0.025492243468761444,0.04697468020021916,0.04953644443303346,0.08387772575020741,0.12172307819128036,0.0,0.0,0.0,0.00628662109375,0.99371337890625,False
M1_CONFIDENCE_GE1,0,653418.418,0,0,49152,1.0,0.025492243468761444,0.04697468020021916,0.04953644443303346,0.08387772575020741,0.12172307819128036,0.0,0.0,0.0,0.00628662109375,0.99371337890625,False
M2_CONFIDENCE_EQ2,0,653418.418,0,0,48843,0.99371337890625,0.02548087388277054,0.04686900600790978,0.049427689611911775,0.08271283447742475,0.10079293698072433,0.0,0.0,0.0,0.00628662109375,0.99371337890625,False
M0_RAW_POSITIVE,1,653418.602,1,0,49152,1.0,0.033252475783228874,0.046498898416757584,0.049472311697900284,0.05789701554924227,0.13783985376358032,0.0,0.0,0.014994303385416666,0.021586100260416668,0.9634195963541666,False
M1_CONFIDENCE_GE1,1,653418.602,1,0,48415,0.9850056966145834,0.033457085490226746,0.04658039733767509,0.049505316466093054,0.05835785046219831,0.13783985376358032,0.0,0.0,0.014994303385416666,0.021586100260416668,0.9634195963541666,False
M2_CONFIDENCE_EQ2,1,653418.602,1,0,47354,0.9634195963541666,0.03367945924401283,0.04657421335577965,0.04945049602538347,0.054926499016582996,0.09792781621217728,0.0,0.0,0.014994303385416666,0.021586100260416668,0.9634195963541666,False
M0_RAW_POSITIVE,2,653418.702,2,0,49152,1.0,0.034282220527529716,0.044490405917167665,0.04727598242461681,0.0607779301330446,0.12747350335121155,0.0,0.0,0.009724934895833334,0.03558349609375,0.9546915690104166,False
M1_CONFIDENCE_GE1,2,653418.702,2,0,48674,0.9902750651041666,0.03434615768492222,0.04444856457412243,0.047155579924583434,0.060320665352046485,0.12747350335121155,0.0,0.0,0.009724934895833334,0.03558349609375,0.9546915690104166,False
M2_CONFIDENCE_EQ2,2,653418.702,2,0,46925,0.9546915690104166,0.03454763814806938,0.04429443106055259,0.04670002907514571,0.05720184132456783,0.12192700803279877,0.0,0.0,0.009724934895833334,0.03558349609375,0.9546915690104166,False
M0_RAW_POSITIVE,3,653418.802,3,0,49152,1.0,0.03640975430607796,0.0523595105856657,0.05508951786905526,0.06090296246111391,0.1432996690273285,0.0,0.0,0.0004069010416666667,0.0159912109375,0.9836018880208334,False
M1_CONFIDENCE_GE1,3,653418.802,3,0,49132,0.9995930989583334,0.036417024210095406,0.05236007869243622,0.05509191006422042,0.0609047878533602,0.1432996690273285,0.0,0.0,0.0004069010416666667,0.0159912109375,0.9836018880208334,False
M2_CONFIDENCE_EQ2,3,653418.802,3,0,48346,0.9836018880208334,0.03654921241104603,0.052251895889639854,0.054925305768847466,0.06022671926766635,0.12197039276361465,0.0,0.0,0.0004069010416666667,0.0159912109375,0.9836018880208334,False
M0_RAW_POSITIVE,4,653418.902,4,0,49152,1.0,0.03675338998436928,0.051248568668961526,0.05390529055148363,0.05920491080731153,0.18624813854694366,0.0,0.0,0.030721028645833332,0.037312825520833336,0.9319661458333334,False
M1_CONFIDENCE_GE1,4,653418.902,4,0,47642,0.9692789713541666,0.03690722957253456,0.05129101537168026,0.053895049542188635,0.05901717700064181,0.18624813854694366,0.0,0.0,0.030721028645833332,0.037312825520833336,0.9319661458333334,False
M2_CONFIDENCE_EQ2,4,653418.902,4,0,45808,0.9319661458333334,0.037163857370615005,0.05133072398602963,0.053850626945495604,0.05857571143656969,0.0981709435582161,0.0,0.0,0.030721028645833332,0.037312825520833336,0.9319661458333334,False
M0_RAW_POSITIVE,5,653419.002,5,0,49152,1.0,0.034852227196097374,0.05164015404880047,0.055842786841094484,0.07862491160631178,0.18389923870563507,0.0,0.0,0.06219482421875,0.055013020833333336,0.8827921549479166,False
M1_CONFIDENCE_GE1,5,653419.002,5,0,46095,0.93780517578125,0.034666724503040314,0.05037557110190391,0.05374759733676909,0.06106247201561927,0.18389923870563507,0.0,0.0,0.06219482421875,0.055013020833333336,0.8827921549479166,False
M2_CONFIDENCE_EQ2,5,653419.002,5,0,43391,0.8827921549479166,0.03641178458929062,0.050374310463666916,0.053570227697491646,0.06010080464184284,0.1166272982954979,0.0,0.0,0.06219482421875,0.055013020833333336,0.8827921549479166,False
M0_RAW_POSITIVE,6,653419.102,6,0,49152,1.0,0.0301146162673831,0.050051142647862444,0.05460282433778048,0.09962215967476361,0.19465932250022888,0.0,0.0,0.03253173828125,0.111328125,0.85614013671875,False
M1_CONFIDENCE_GE1,6,653419.102,6,0,47553,0.96746826171875,0.030290912836790085,0.04961961954832078,0.052816958725452424,0.09114437907934209,0.19465932250022888,0.0,0.0,0.03253173828125,0.111328125,0.85614013671875,False
M2_CONFIDENCE_EQ2,6,653419.102,6,0,42081,0.85614013671875,0.03295981138944626,0.048844631761312485,0.05147630348801613,0.07427782416343681,0.13256685435771942,0.0,0.0,0.03253173828125,0.111328125,0.85614013671875,False
M0_RAW_POSITIVE,7,653419.201,7,0,49152,1.0,0.022142283618450165,0.048243938758969304,0.05162598062306641,0.07895581215620037,0.18678507208824158,0.0,0.0,0.057088216145833336,0.1094970703125,0.8334147135416666,False
M1_CONFIDENCE_GE1,7,653419.201,7,0,46346,0.9429117838541666,0.022062047384679317,0.04784969426691532,0.050959331914782524,0.07362205795943741,0.18678507208824158,0.0,0.0,0.057088216145833336,0.1094970703125,0.8334147135416666,False
M2_CONFIDENCE_EQ2,7,653419.201,7,0,40964,0.8334147135416666,0.023215854540467262,0.0475391935557127,0.05022033005952835,0.05811528846621517,0.1156458705663681,0.0,0.0,0.057088216145833336,0.1094970703125,0.8334147135416666,False
M0_RAW_POSITIVE,8,653419.301,8,0,49152,1.0,0.02080301195383072,0.04847650527954102,0.0515223940834403,0.07690228484570968,0.21501439809799194,0.0,0.0,0.0224609375,0.11946614583333333,0.8580729166666666,False
M1_CONFIDENCE_GE1,8,653419.301,8,0,48048,0.9775390625,0.020753405056893826,0.04844425916671753,0.051331685483455666,0.07415631271898744,0.18260127305984497,0.0,0.0,0.0224609375,0.11946614583333333,0.8580729166666666,False
M2_CONFIDENCE_EQ2,8,653419.301,8,0,42176,0.8580729166666666,0.020291577093303204,0.04813831485807896,0.05026545375585556,0.059546166099607944,0.10901512950658798,0.0,0.0,0.0224609375,0.11946614583333333,0.8580729166666666,False
M0_RAW_POSITIVE,9,653419.401,9,0,49152,1.0,0.015526165720075369,0.04647629298269749,0.050066355243325235,0.05952286873012764,0.1522991955280304,0.0,0.0,0.029398600260416668,0.045756022135416664,0.9248453776041666,False
M1_CONFIDENCE_GE1,9,653419.401,9,0,47707,0.9706013997395834,0.01539573073387146,0.046449533104896544,0.04991455189883709,0.05753012605011477,0.1522991955280304,0.0,0.0,0.029398600260416668,0.045756022135416664,0.9248453776041666,False
M2_CONFIDENCE_EQ2,9,653419.401,9,0,45458,0.9248453776041666,0.015433854889124632,0.04645381271839142,0.04979448188096285,0.05588989842683077,0.1226133331656456,0.0,0.0,0.029398600260416668,0.045756022135416664,0.9248453776041666,False
M0_RAW_POSITIVE,10,653419.501,10,0,49152,1.0,0.012014012783765793,0.049317796155810355,0.05253617912530899,0.06386406816542138,0.16593670845031738,0.0,0.0,0.033915201822916664,0.09417724609375,0.8719075520833334,False
M1_CONFIDENCE_GE1,10,653419.501,10,0,47485,0.9660847981770834,0.011553101241588593,0.04886599779129028,0.05198973342776298,0.05654110148549078,0.16593670845031738,0.0,0.0,0.033915201822916664,0.09417724609375,0.8719075520833334,False
M2_CONFIDENCE_EQ2,10,653419.501,10,0,42856,0.8719075520833334,0.011031447909772396,0.04928961396217346,0.052188774570822716,0.056374981626868235,0.12817655503749847,0.0,0.0,0.033915201822916664,0.09417724609375,0.8719075520833334,False
M0_RAW_POSITIVE,11,653419.601,11,0,49152,1.0,0.008608782198280096,0.03178784251213074,0.04573317542672157,0.06692019529640672,0.15349972248077393,0.0,0.0,0.026611328125,0.059590657552083336,0.9137980143229166,False
M1_CONFIDENCE_GE1,11,653419.601,11,0,47844,0.973388671875,0.008472348097711802,0.030234801210463055,0.044480480998754485,0.061193860471248626,0.15349972248077393,0.0,0.0,0.026611328125,0.059590657552083336,0.9137980143229166,False
M2_CONFIDENCE_EQ2,11,653419.601,11,0,44915,0.9137980143229166,0.008147133514285088,0.028187108412384983,0.04284114278852934,0.05997234232723713,0.12911973893642426,0.0,0.0,0.026611328125,0.059590657552083336,0.9137980143229166,False
M0_RAW_POSITIVE,12,653419.701,12,0,49152,1.0,0.008607489056885242,0.023818102292716505,0.03019840354099865,0.061591696925460876,0.1647915095090866,0.0,0.0,0.0157470703125,0.06663004557291667,0.9176228841145834,False
M1_CONFIDENCE_GE1,12,653419.701,12,0,48378,0.9842529296875,0.008603273425251245,0.023603547737002375,0.02961417837068439,0.05798485342413191,0.14767752587795258,0.0,0.0,0.0157470703125,0.06663004557291667,0.9176228841145834,False
M2_CONFIDENCE_EQ2,12,653419.701,12,0,45103,0.9176228841145834,0.008357839658856392,0.022433171421289446,0.02761548664420843,0.0394411443918944,0.12373828142881393,0.0,0.0,0.0157470703125,0.06663004557291667,0.9176228841145834,False
M0_RAW_POSITIVE,13,653419.901,13,0,49152,1.0,0.009376611094921827,0.027625796757638463,0.03553727418184279,0.049219235554337284,0.3330985903739929,6.103515625e-05,0.0,0.01171875,0.0545654296875,0.9337158203125,False
M1_CONFIDENCE_GE1,13,653419.901,13,0,48576,0.98828125,0.009312708862125874,0.027079114690423012,0.03450177237391472,0.04404857475310564,0.20162959396839142,0.0,0.0,0.01171875,0.0545654296875,0.9337158203125,False
M2_CONFIDENCE_EQ2,13,653419.901,13,0,45894,0.9337158203125,0.00910483906045556,0.026044697314500858,0.03215165957808494,0.04101437039673328,0.09100880473852158,0.0,0.0,0.01171875,0.0545654296875,0.9337158203125,False
M0_RAW_POSITIVE,14,653420.101,14,0,49152,1.0,0.01113478047773242,0.028798278607428073,0.03766949940472841,0.059386397376656484,6.499598503112793,0.006062825520833333,0.001910900690205921,0.025736490885416668,0.0516357421875,0.9226277669270834,False
M1_CONFIDENCE_GE1,14,653420.101,14,0,47887,0.9742635091145834,0.011043093167245388,0.028221504762768745,0.035648142173886295,0.04713267996907233,0.16862601041793823,0.0,0.0,0.025736490885416668,0.0516357421875,0.9226277669270834,False
M2_CONFIDENCE_EQ2,14,653420.101,14,0,45349,0.9226277669270834,0.010867822915315628,0.027641022205352788,0.03403896540403366,0.04386475995182981,0.062325526028871536,0.0,0.0,0.025736490885416668,0.0516357421875,0.9226277669270834,False
M0_RAW_POSITIVE,15,653420.301,15,0,49152,1.0,0.011907178908586502,0.03489648960530758,0.04308657702058545,0.5073865574598304,0.8111822009086609,0.012227376302083334,0.005038693362234518,0.057047526041666664,0.061991373697916664,0.8809611002604166,False
M1_CONFIDENCE_GE1,15,653420.301,15,0,46348,0.9429524739583334,0.011580293998122215,0.031933726742863655,0.038286379724740985,0.059134132117032834,0.18687452375888824,0.0,0.0,0.057047526041666664,0.061991373697916664,0.8809611002604166,False
M2_CONFIDENCE_EQ2,15,653420.301,15,0,43301,0.8809611002604166,0.011387336067855358,0.029751969501376152,0.03606417775154114,0.04459698870778084,0.10523488372564316,0.0,0.0,0.057047526041666664,0.061991373697916664,0.8809611002604166,False
M0_RAW_POSITIVE,16,653420.501,16,0,49152,1.0,0.014022151473909616,0.036955023929476735,0.07480949647724616,0.5691764450073236,0.8442528247833252,0.0245361328125,0.006008404160249463,0.09708658854166667,0.0509033203125,0.8520100911458334,False
M1_CONFIDENCE_GE1,16,653420.501,16,0,44380,0.9029134114583334,0.013285396620631218,0.03318407498300076,0.035969882458448406,0.049359526410698885,0.5057818293571472,0.0008337088778729157,0.0,0.09708658854166667,0.0509033203125,0.8520100911458334,False
M2_CONFIDENCE_EQ2,16,653420.501,16,0,41878,0.8520100911458334,0.013236059807240963,0.03288960047066212,0.03526198286563159,0.045268493406474625,0.061943136155605316,0.0,0.0,0.09708658854166667,0.0509033203125,0.8520100911458334,False
M0_RAW_POSITIVE,17,653420.801,17,0,49152,1.0,0.01614808663725853,0.03720325715839864,0.09026516564190364,0.387108416557312,0.7854819893836975,0.021158854166666668,0.002243644591485559,0.091552734375,0.053853352864583336,0.8545939127604166,False
M1_CONFIDENCE_GE1,17,653420.801,17,0,44652,0.908447265625,0.015403556637465954,0.030028222315013408,0.03466900698840618,0.05789420269429678,0.35574594140052795,0.00029114037445131236,0.0,0.091552734375,0.053853352864583336,0.8545939127604166,False
M2_CONFIDENCE_EQ2,17,653420.801,17,0,42005,0.8545939127604166,0.015208104625344276,0.02925191521644592,0.03282871171832084,0.042107919901609406,0.09283600747585297,0.0,0.0,0.091552734375,0.053853352864583336,0.8545939127604166,False
M0_RAW_POSITIVE,18,653421.101,18,0,49152,1.0,0.012723710853606462,0.030648980103433136,0.05354301035404195,0.13248733654618247,0.49853605031967163,0.0007120768229166666,9.506968607989656e-06,0.09401448567708333,0.0418701171875,0.8641153971354166,False
M1_CONFIDENCE_GE1,18,653421.101,18,0,44531,0.9059855143229166,0.012251661159098148,0.024986037984490395,0.030031580477952957,0.05563201010227195,0.16816598176956177,0.0,0.0,0.09401448567708333,0.0418701171875,0.8641153971354166,False
M2_CONFIDENCE_EQ2,18,653421.101,18,0,42473,0.8641153971354166,0.01208734605461359,0.023909553140401846,0.027264941483736038,0.0382647444307804,0.0626365914940834,0.0,0.0,0.09401448567708333,0.0418701171875,0.8641153971354166,False
M0_RAW_POSITIVE,19,653421.501,19,0,49152,1.0,0.007162897614762187,0.01892526019364596,0.06380679830908774,0.24759855762124044,0.4469756484031677,0.0025838216145833335,0.0,0.046183268229166664,0.02978515625,0.9240315755208334,False
M1_CONFIDENCE_GE1,19,653421.501,19,0,46882,0.9538167317708334,0.006865503964945674,0.014103151950985198,0.02051984807476399,0.06267277657985694,0.19586923718452454,0.0,0.0,0.046183268229166664,0.02978515625,0.9240315755208334,False
M2_CONFIDENCE_EQ2,19,653421.501,19,0,45418,0.9240315755208334,0.006705374922603369,0.013205972127616407,0.016556461900472646,0.03396927390247588,0.06737950444221497,0.0,0.0,0.046183268229166664,0.02978515625,0.9240315755208334,False
M0_RAW_POSITIVE,20,653421.800,20,0,49152,1.0,0.007363902172073722,0.018202301859855656,0.04149921368807553,0.11640806838870038,0.22151051461696625,0.0,0.0,0.0384521484375,0.023111979166666668,0.9384358723958334,False
M1_CONFIDENCE_GE1,20,653421.800,20,0,47262,0.9615478515625,0.0071064867079257965,0.01613963842391968,0.020967603940516704,0.0597029388695955,0.12754864990711212,0.0,0.0,0.0384521484375,0.023111979166666668,0.9384358723958334,False
M2_CONFIDENCE_EQ2,20,653421.800,20,0,46126,0.9384358723958334,0.006985432934015989,0.015410969499498606,0.018249458633363247,0.03930623643100262,0.07418598234653473,0.0,0.0,0.0384521484375,0.023111979166666668,0.9384358723958334,False
M0_RAW_POSITIVE,21,653422.100,21,0,49152,1.0,0.007930060382932425,0.027782143652439126,0.10507004000246514,0.6135604268312451,0.6995285749435425,0.039632161458333336,0.013433346643089384,0.11244710286458333,0.06630452473958333,0.8212483723958334,False
M1_CONFIDENCE_GE1,21,653422.100,21,0,43625,0.8875528971354166,0.007090875878930092,0.01639672741293907,0.020925989374518374,0.06704285293817538,0.12217233330011368,0.0,0.0,0.11244710286458333,0.06630452473958333,0.8212483723958334,False
M2_CONFIDENCE_EQ2,21,653422.100,21,0,40366,0.8212483723958334,0.006816687295213342,0.015254546888172626,0.01711667561903596,0.02928488273173565,0.1003001406788826,0.0,0.0,0.11244710286458333,0.06630452473958333,0.8212483723958334,False
M0_RAW_POSITIVE,22,653422.300,22,0,49152,1.0,0.006513744359835982,0.020793487876653683,0.1328048080205916,0.42518408298492427,0.6428428888320923,0.0223388671875,0.0020535052193257656,0.11964925130208333,0.05145263671875,0.8288981119791666,False
M1_CONFIDENCE_GE1,22,653422.300,22,0,43271,0.8803507486979166,0.006031468044966459,0.013686500489711761,0.01697162352502346,0.04843992181122336,0.2738535702228546,0.0,0.0,0.11964925130208333,0.05145263671875,0.8288981119791666,False
M2_CONFIDENCE_EQ2,22,653422.300,22,0,40742,0.8288981119791666,0.005823162384331226,0.012576996721327307,0.015170694701373558,0.02203357733786102,0.09167557954788208,0.0,0.0,0.11964925130208333,0.05145263671875,0.8288981119791666,False
M0_RAW_POSITIVE,23,653422.500,23,0,49152,1.0,0.0065880881156772375,0.016212083399295807,0.028262604493647803,0.142982028126716,0.4834360182285309,0.00048828125,9.506968607989656e-06,0.07942708333333333,0.052388509114583336,0.8681844075520834,False
M1_CONFIDENCE_GE1,23,653422.500,23,0,45248,0.9205729166666666,0.006332338321954012,0.01321456236764789,0.018991220556199558,0.08879541769623739,0.3909192979335785,0.0001326025459688826,0.0,0.07942708333333333,0.052388509114583336,0.8681844075520834,False
M2_CONFIDENCE_EQ2,23,653422.500,23,0,42673,0.8681844075520834,0.0062219430692493916,0.012070648930966855,0.015701168030500423,0.02782552398741235,0.2170437127351761,0.0,0.0,0.07942708333333333,0.052388509114583336,0.8681844075520834,False
M0_RAW_POSITIVE,24,653422.700,24,1,49152,1.0,0.005941920215263963,0.017776749655604364,0.024993174429982893,0.04743982449173898,0.07849050313234329,0.0,0.0,0.08131917317708333,0.03558349609375,0.8830973307291666,False
M1_CONFIDENCE_GE1,24,653422.700,24,1,45155,0.9186808268229166,0.0055633727461099625,0.014681991934776305,0.019514421187341178,0.02880956366658209,0.0772283524274826,0.0,0.0,0.08131917317708333,0.03558349609375,0.8830973307291666,False
M2_CONFIDENCE_EQ2,24,653422.700,24,1,43406,0.8830973307291666,0.005438413703814149,0.014007777441293001,0.01721882587298751,0.025363170821219676,0.04297826811671257,0.0,0.0,0.08131917317708333,0.03558349609375,0.8830973307291666,False
M0_RAW_POSITIVE,25,653422.900,25,1,49152,1.0,0.00719099584966898,0.02037829831242562,0.028965932037681323,0.05178941942751406,0.1702389121055603,0.0,0.0,0.09342447916666667,0.04449462890625,0.8620808919270834,False
M1_CONFIDENCE_GE1,25,653422.900,25,1,44560,0.9065755208333334,0.006705709267407656,0.016062634252011775,0.021408394817262883,0.03151311419904228,0.06293079257011414,0.0,0.0,0.09342447916666667,0.04449462890625,0.8620808919270834,False
M2_CONFIDENCE_EQ2,25,653422.900,25,1,42373,0.8620808919270834,0.006507843732833862,0.015194040909409528,0.018874332308769226,0.02869498573243617,0.0438276007771492,0.0,0.0,0.09342447916666667,0.04449462890625,0.8620808919270834,False
M0_RAW_POSITIVE,26,653423.100,26,1,49152,1.0,0.009809276089072227,0.027328933961689474,0.03492015730589628,0.07284858405590056,0.14242389798164368,0.0,0.0,0.061299641927083336,0.043314615885416664,0.8953857421875,False
M1_CONFIDENCE_GE1,26,653423.100,26,1,46139,0.9387003580729166,0.009152715094387531,0.02471553310751915,0.02900523357093334,0.04114561349153521,0.1257719248533249,0.0,0.0,0.061299641927083336,0.043314615885416664,0.8953857421875,False
M2_CONFIDENCE_EQ2,26,653423.100,26,1,44010,0.8953857421875,0.009039539843797684,0.02399143539369106,0.027750858012586817,0.03700645435601467,0.1257719248533249,0.0,0.0,0.061299641927083336,0.043314615885416664,0.8953857421875,False
M0_RAW_POSITIVE,27,653423.300,27,1,49152,1.0,0.011924755293875933,0.040455265343189245,0.04495801888406274,0.06253508307039729,0.12891940772533417,0.0,0.0,0.0216064453125,0.053365071614583336,0.9250284830729166,False
M1_CONFIDENCE_GE1,27,653423.300,27,1,48090,0.9783935546875,0.011620951816439629,0.03993533104658126,0.04456950798630712,0.06266375593841077,0.12891940772533417,0.0,0.0,0.0216064453125,0.053365071614583336,0.9250284830729166,False
M2_CONFIDENCE_EQ2,27,653423.300,27,1,45467,0.9250284830729166,0.01115120854228735,0.03911739587783814,0.04426175877451896,0.05976973056793197,0.12891940772533417,0.0,0.0,0.0216064453125,0.053365071614583336,0.9250284830729166,False
M0_RAW_POSITIVE,28,653423.600,28,1,49152,1.0,0.014130639377981424,0.043342794850468644,0.04641167167574167,0.05415817033499472,0.13038600981235504,0.0,0.0,0.0018513997395833333,0.0340576171875,0.9640909830729166,False
M1_CONFIDENCE_GE1,28,653423.600,28,1,49061,0.9981486002604166,0.014120742678642273,0.043335702270269394,0.04640038684010506,0.054036626219749466,0.13038600981235504,0.0,0.0,0.0018513997395833333,0.0340576171875,0.9640909830729166,False
M2_CONFIDENCE_EQ2,28,653423.600,28,1,47387,0.9640909830729166,0.014102507382631302,0.04338736832141877,0.04635709375143051,0.0530642706155777,0.11868090182542801,0.0,0.0,0.0018513997395833333,0.0340576171875,0.9640909830729166,False
M0_RAW_POSITIVE,29,653423.800,29,1,49152,1.0,0.018735243007540703,0.038806224986910824,0.042176139913499354,0.05040031090378761,0.1335609406232834,0.0,0.0,0.0015869140625,0.03057861328125,0.96783447265625,False
M1_CONFIDENCE_GE1,29,653423.800,29,1,49074,0.9984130859375,0.018699824810028076,0.03881127461791039,0.04217806942760944,0.050421210452914,0.1335609406232834,0.0,0.0,0.0015869140625,0.03057861328125,0.96783447265625,False
M2_CONFIDENCE_EQ2,29,653423.800,29,1,47571,0.96783447265625,0.018851114436984062,0.03882917761802673,0.042093709111213684,0.04885322600603104,0.12221918255090714,0.0,0.0,0.0015869140625,0.03057861328125,0.96783447265625,False
M0_RAW_POSITIVE,30,653424.000,30,1,49152,1.0,0.019660718739032745,0.041160644963383675,0.04468459784984589,0.06277624391019336,0.1363663524389267,0.0,0.0,0.0003255208333333333,0.0185546875,0.9811197916666666,False
M1_CONFIDENCE_GE1,30,653424.000,30,1,49136,0.9996744791666666,0.019670583307743073,0.041162284091115,0.04468483664095402,0.06278276108205325,0.1363663524389267,0.0,0.0,0.0003255208333333333,0.0185546875,0.9811197916666666,False
M2_CONFIDENCE_EQ2,30,653424.000,30,1,48224,0.9811197916666666,0.01970713399350643,0.04111521355807782,0.04458949249237776,0.06016222972422814,0.12841340899467468,0.0,0.0,0.0003255208333333333,0.0185546875,0.9811197916666666,False
M0_RAW_POSITIVE,31,653424.199,31,1,49152,1.0,0.01674928516149521,0.041061707958579066,0.04454565234482288,0.050550091676414,0.1326979100704193,0.0,0.0,0.010213216145833334,0.033772786458333336,0.9560139973958334,False
M1_CONFIDENCE_GE1,31,653424.199,31,1,48650,0.9897867838541666,0.016961772926151752,0.04114063084125519,0.044583259709179396,0.050605825372040274,0.1326979100704193,0.0,0.0,0.010213216145833334,0.033772786458333336,0.9560139973958334,False
M2_CONFIDENCE_EQ2,31,653424.199,31,1,46990,0.9560139973958334,0.017674563452601433,0.041308033466339114,0.04462658427655696,0.050392625704407695,0.12426968663930893,0.0,0.0,0.010213216145833334,0.033772786458333336,0.9560139973958334,False
M0_RAW_POSITIVE,32,653424.399,32,1,49152,1.0,0.010862326249480247,0.04431125000119209,0.05026346817612647,0.055811560004949426,0.13064508140087128,0.0,0.0,0.008646647135416666,0.030721028645833332,0.96063232421875,False
M1_CONFIDENCE_GE1,32,653424.399,32,1,48727,0.9913533528645834,0.010785819962620735,0.04438283443450928,0.050288687273859975,0.05600638583302495,0.13064508140087128,0.0,0.0,0.008646647135416666,0.030721028645833332,0.96063232421875,False
M2_CONFIDENCE_EQ2,32,653424.399,32,1,47217,0.96063232421875,0.010614162310957909,0.04433768168091774,0.0501723013818264,0.05418035939335821,0.11848220229148865,0.0,0.0,0.008646647135416666,0.030721028645833332,0.96063232421875,False
M0_RAW_POSITIVE,33,653424.599,33,1,49152,1.0,0.010315521154552698,0.038215070590376855,0.04381682723760604,0.05913562335073947,0.133016899228096,0.0,0.0,0.0091552734375,0.025736490885416668,0.9651082356770834,False
M1_CONFIDENCE_GE1,33,653424.599,33,1,48702,0.9908447265625,0.01025540055707097,0.03793836496770382,0.043594693578779695,0.05723535262048242,0.133016899228096,0.0,0.0,0.0091552734375,0.025736490885416668,0.9651082356770834,False
M2_CONFIDENCE_EQ2,33,653424.599,33,1,47437,0.9651082356770834,0.010103949345648289,0.037627834081649804,0.04329725056886673,0.05503702029585837,0.12591181695461273,0.0,0.0,0.0091552734375,0.025736490885416668,0.9651082356770834,False
M0_RAW_POSITIVE,34,653424.799,34,1,49152,1.0,0.008882913272827864,0.025154834426939488,0.03187968004494905,0.06222643453627825,0.12729838490486145,0.0,0.0,0.033955891927083336,0.032206217447916664,0.933837890625,False
M1_CONFIDENCE_GE1,34,653424.799,34,1,47483,0.9660441080729166,0.008710978552699089,0.024651774391531947,0.03077810574322941,0.06271267086267472,0.12729838490486145,0.0,0.0,0.033955891927083336,0.032206217447916664,0.933837890625,False
M2_CONFIDENCE_EQ2,34,653424.799,34,1,45900,0.933837890625,0.008469311986118555,0.02379146795719862,0.0287947155535221,0.05265646208077673,0.12729838490486145,0.0,0.0,0.033955891927083336,0.032206217447916664,0.933837890625,False
M0_RAW_POSITIVE,35,653424.999,35,1,49152,1.0,0.00907690916210413,0.03373823985457421,0.054677915014326506,0.1070027630776164,0.4776811897754669,0.0002848307291666667,0.0,0.10154215494791667,0.072021484375,0.8264363606770834,False
M1_CONFIDENCE_GE1,35,653424.999,35,1,44161,0.8984578450520834,0.008479224517941475,0.027466723695397377,0.04071399196982384,0.08554118424654023,0.20040197670459747,0.0,0.0,0.10154215494791667,0.072021484375,0.8264363606770834,False
M2_CONFIDENCE_EQ2,35,653424.999,35,1,40621,0.8264363606770834,0.007924600504338741,0.024490466341376305,0.03241875767707825,0.07418427467346203,0.1415841430425644,0.0,0.0,0.10154215494791667,0.072021484375,0.8264363606770834,False
M0_RAW_POSITIVE,36,653425.199,36,1,49152,1.0,0.008156982250511646,0.05468039363622666,0.10245058573782426,0.20038830190896964,0.5500463843345642,0.001220703125,4.7534843039948285e-05,0.061543782552083336,0.08555094401041667,0.8529052734375,False
M1_CONFIDENCE_GE1,36,653425.199,36,1,46127,0.9384562174479166,0.007581738289445639,0.039939905703067796,0.08735219612717622,0.18287748724222158,0.5500463843345642,0.0001517549374552865,0.0,0.061543782552083336,0.08555094401041667,0.8529052734375,False
M2_CONFIDENCE_EQ2,36,653425.199,36,1,41922,0.8529052734375,0.0066228825598955154,0.024015181511640556,0.0502485372126102,0.14179111525416382,0.26823145151138306,0.0,0.0,0.061543782552083336,0.08555094401041667,0.8529052734375,False
M0_RAW_POSITIVE,37,653425.499,37,1,49152,1.0,0.011196063831448555,0.043522300571203244,0.07974101901054376,0.1803153288364409,0.4451110363006592,0.0006306966145833334,0.0,0.051717122395833336,0.07698567708333333,0.8712972005208334,False
M1_CONFIDENCE_GE1,37,653425.499,37,1,46610,0.9482828776041666,0.010715499520301819,0.03744342029094696,0.06063467524945728,0.16816489189863187,0.3311154544353485,8.58184938854323e-05,0.0,0.051717122395833336,0.07698567708333333,0.8712972005208334,False
M2_CONFIDENCE_EQ2,37,653425.499,37,1,42826,0.8712972005208334,0.010167722124606371,0.03526722081005573,0.04610795248299837,0.15939439833164215,0.26969316601753235,0.0,0.0,0.051717122395833336,0.07698567708333333,0.8712972005208334,False
M0_RAW_POSITIVE,38,653425.699,38,1,49152,1.0,0.014474675059318542,0.06900110542774203,0.10856850482523439,0.16258818909525868,0.49320662021636963,0.0003458658854166667,9.506968607989656e-06,0.08626302083333333,0.12192789713541667,0.79180908203125,False
M1_CONFIDENCE_GE1,38,653425.699,38,1,44912,0.9137369791666666,0.01350442599505186,0.050821471214294436,0.08268760964274402,0.14269180282950394,0.49320662021636963,2.2265764161026006e-05,0.0,0.08626302083333333,0.12192789713541667,0.79180908203125,False
M2_CONFIDENCE_EQ2,38,653425.699,38,1,38919,0.79180908203125,0.012957275845110416,0.0361834965646267,0.061382278054952576,0.13134397327899933,0.2292376160621643,0.0,0.0,0.08626302083333333,0.12192789713541667,0.79180908203125,False
M0_RAW_POSITIVE,39,653425.899,39,1,49152,1.0,0.012948446441441774,0.08728623092174538,0.14572354033589358,0.2212490215897559,0.5543659925460815,0.00079345703125,1.9013937215979313e-05,0.15167236328125,0.11275227864583333,0.7355753580729166,False
M1_CONFIDENCE_GE1,39,653425.899,39,1,41697,0.84832763671875,0.011312862858176231,0.036924210935831085,0.060770914703607494,0.12470186054706577,0.2225458174943924,0.0,0.0,0.15167236328125,0.11275227864583333,0.7355753580729166,False
M2_CONFIDENCE_EQ2,39,653425.899,39,1,36155,0.7355753580729166,0.010601943358778954,0.03177201747894288,0.03611644878983495,0.07359242781996726,0.16705667972564697,0.0,0.0,0.15167236328125,0.11275227864583333,0.7355753580729166,False
M0_RAW_POSITIVE,40,653426.099,40,1,49152,1.0,0.009126494638621807,0.044234482198953644,0.07746174372732635,0.1604119993746272,0.49189600348472595,0.00042724609375,9.506968607989656e-06,0.08323160807291667,0.05108642578125,0.8656819661458334,False
M1_CONFIDENCE_GE1,40,653426.099,40,1,45061,0.9167683919270834,0.008167831227183342,0.02959723398089409,0.044946424663066864,0.09152389913797405,0.17663797736167908,0.0,0.0,0.08323160807291667,0.05108642578125,0.8656819661458334,False
M2_CONFIDENCE_EQ2,40,653426.099,40,1,42550,0.8656819661458334,0.007801060564815998,0.027569054067134856,0.03545807767659425,0.07779981173574944,0.16729727387428284,0.0,0.0,0.08323160807291667,0.05108642578125,0.8656819661458334,False
M0_RAW_POSITIVE,41,653426.299,41,1,49152,1.0,0.012858114670962095,0.07692209333181385,0.13282552883028984,0.2355851875245571,0.45303744077682495,0.0024007161458333335,0.0,0.161865234375,0.12579345703125,0.71234130859375,False
M1_CONFIDENCE_GE1,41,653426.299,41,1,41196,0.838134765625,0.010843017604202032,0.03614405170083046,0.061508855782449245,0.10362687632441525,0.22619834542274475,0.0,0.0,0.161865234375,0.12579345703125,0.71234130859375,False
M2_CONFIDENCE_EQ2,41,653426.299,41,1,35013,0.71234130859375,0.009931626729667187,0.029257142171263694,0.03448611274361612,0.06832656502723691,0.11077378690242767,0.0,0.0,0.161865234375,0.12579345703125,0.71234130859375,False
M0_RAW_POSITIVE,42,653426.499,42,2,49152,1.0,0.016927246935665607,0.07111586034297944,0.12991136014461516,0.24486027151346204,0.4757120907306671,0.00244140625,0.0,0.17232259114583334,0.11590576171875,0.7117716471354166,False
M1_CONFIDENCE_GE1,42,653426.499,42,2,40682,0.8276774088541666,0.016131346113979816,0.04599091336131096,0.07582602165639396,0.17282584056258238,0.2744784951210022,0.0,0.0,0.17232259114583334,0.11590576171875,0.7117716471354166,False
M2_CONFIDENCE_EQ2,42,653426.499,42,2,34985,0.7117716471354166,0.015377227216959,0.0360628753900528,0.05236611142754543,0.11073623359202973,0.2083067148923874,0.0,0.0,0.17232259114583334,0.11590576171875,0.7117716471354166,False
M0_RAW_POSITIVE,43,653426.598,43,2,49152,1.0,0.01711492706090212,0.07390168085694315,0.11580436863005153,0.23351096406578992,0.5384024977684021,0.003173828125,5.704181164793794e-05,0.20068359375,0.153564453125,0.645751953125,False
M1_CONFIDENCE_GE1,43,653426.598,43,2,39288,0.79931640625,0.013760798145085573,0.03398694507777692,0.050870970636606234,0.10734091319143767,0.2874859571456909,0.0,0.0,0.20068359375,0.153564453125,0.645751953125,False
M2_CONFIDENCE_EQ2,43,653426.598,43,2,31740,0.645751953125,0.012963298242539167,0.028323180601000787,0.03367868196219206,0.0580566019192338,0.15074372291564941,0.0,0.0,0.20068359375,0.153564453125,0.645751953125,False
M0_RAW_POSITIVE,44,653426.798,44,2,49152,1.0,0.018335345201194286,0.10773351266980176,0.18546387478709217,0.5429168534278865,0.734715461730957,0.025187174479166668,0.006236571406841215,0.18064371744791666,0.17624918619791666,0.6431070963541666,False
M1_CONFIDENCE_GE1,44,653426.798,44,2,40273,0.8193562825520834,0.015201578848063946,0.05061562210321426,0.09803083389997487,0.19644752919673902,0.43941980600357056,0.0005711022272986865,0.0,0.18064371744791666,0.17624918619791666,0.6431070963541666,False
M2_CONFIDENCE_EQ2,44,653426.798,44,2,31610,0.6431070963541666,0.01330634206533432,0.03500509560108186,0.04603077732026575,0.15151505678892135,0.2372807264328003,0.0,0.0,0.18064371744791666,0.17624918619791666,0.6431070963541666,False
M0_RAW_POSITIVE,45,653426.998,45,2,49152,1.0,0.023178082890808582,0.08137996494770051,0.1301316387951373,0.2621627989411348,0.6627589464187622,0.006795247395833333,0.00029471602684767934,0.12904866536458334,0.16707356770833334,0.7038777669270834,False
M1_CONFIDENCE_GE1,45,653426.998,45,2,42809,0.8709513346354166,0.020533008500933647,0.03665819764137269,0.07881203740835188,0.1445837295055388,0.496568888425827,0.00014015744352823003,0.0,0.12904866536458334,0.16707356770833334,0.7038777669270834,False
M2_CONFIDENCE_EQ2,45,653426.998,45,2,34597,0.7038777669270834,0.01868356205523014,0.03339620083570482,0.03531893268227576,0.11899815589189534,0.1755194067955017,0.0,0.0,0.12904866536458334,0.16707356770833334,0.7038777669270834,False
M0_RAW_POSITIVE,46,653427.198,46,2,49152,1.0,0.025466113351285458,0.044066361337900165,0.08337845169007768,0.15795340389013288,0.4974900782108307,0.00022379557291666666,1.9013937215979313e-05,0.12294514973958333,0.139404296875,0.7376505533854166,False
M1_CONFIDENCE_GE1,46,653427.198,46,2,43109,0.8770548502604166,0.024279730394482613,0.03608107715845109,0.04544280022382736,0.13837755560874934,0.2970694899559021,0.0,0.0,0.12294514973958333,0.139404296875,0.7376505533854166,False
M2_CONFIDENCE_EQ2,46,653427.198,46,2,36257,0.7376505533854166,0.02364015020430088,0.03369325697422028,0.03619486317038535,0.04406860664486886,0.2114974707365036,0.0,0.0,0.12294514973958333,0.139404296875,0.7376505533854166,False
M0_RAW_POSITIVE,47,653427.398,47,2,49152,1.0,0.02576467115432024,0.03949858210980892,0.0485467867925763,0.14837574720382676,0.516979992389679,0.0001220703125,9.506968607989656e-06,0.0849609375,0.06846110026041667,0.8465779622395834,False
M1_CONFIDENCE_GE1,47,653427.398,47,2,44976,0.9150390625,0.025096412748098373,0.03629886358976364,0.039473346434533596,0.09853631444275379,0.2471592277288437,0.0,0.0,0.0849609375,0.06846110026041667,0.8465779622395834,False
M2_CONFIDENCE_EQ2,47,653427.398,47,2,41611,0.8465779622395834,0.02481660060584545,0.03496360406279564,0.03775547072291374,0.04116591997444631,0.06283711642026901,0.0,0.0,0.0849609375,0.06846110026041667,0.8465779622395834,False
M0_RAW_POSITIVE,48,653427.598,48,2,49152,1.0,0.02202316652983427,0.034078456833958624,0.038930329121649246,0.10200854994356626,0.23062336444854736,0.0,0.0,0.08644612630208333,0.031392415364583336,0.8821614583333334,False
M1_CONFIDENCE_GE1,48,653427.598,48,2,44903,0.9135538736979166,0.02184469811618328,0.032616954296827316,0.03507136888802052,0.03973749615252019,0.08293745666742325,0.0,0.0,0.08644612630208333,0.031392415364583336,0.8821614583333334,False
M2_CONFIDENCE_EQ2,48,653427.598,48,2,43360,0.8821614583333334,0.02200012467801571,0.03268904536962509,0.03512511160224676,0.03976766068488358,0.04726272448897362,0.0,0.0,0.08644612630208333,0.031392415364583336,0.8821614583333334,False
M0_RAW_POSITIVE,49,653427.798,49,2,49152,1.0,0.018289901316165924,0.02972860261797905,0.0338208032771945,0.06359228439629068,0.34682899713516235,0.00030517578125,0.0,0.036539713541666664,0.029459635416666668,0.9340006510416666,False
M1_CONFIDENCE_GE1,49,653427.798,49,2,47356,0.9634602864583334,0.018263135105371475,0.028813778422772884,0.03255284857004881,0.0369859954342246,0.33466848731040955,6.334994509671425e-05,0.0,0.036539713541666664,0.029459635416666668,0.9340006510416666,False
M2_CONFIDENCE_EQ2,49,653427.798,49,2,45908,0.9340006510416666,0.018348030745983124,0.028527531214058408,0.03221135903149843,0.03623590648174286,0.11496290564537048,0.0,0.0,0.036539713541666664,0.029459635416666668,0.9340006510416666,False
M0_RAW_POSITIVE,50,653427.998,50,2,49152,1.0,0.013659747783094645,0.026276369951665404,0.030242669954895957,0.07210600063204753,0.2691783607006073,0.0,0.0,0.06648763020833333,0.13472493489583334,0.7987874348958334,False
M1_CONFIDENCE_GE1,50,653427.998,50,2,45884,0.9335123697916666,0.013009225483983755,0.025165897980332377,0.027554163243621584,0.04575326226651667,0.1346684992313385,0.0,0.0,0.06648763020833333,0.13472493489583334,0.7987874348958334,False
M2_CONFIDENCE_EQ2,50,653427.998,50,2,39262,0.7987874348958334,0.012990666553378105,0.024320472404360773,0.02633858509361743,0.029993760157376523,0.11390368640422821,0.0,0.0,0.06648763020833333,0.13472493489583334,0.7987874348958334,False
M0_RAW_POSITIVE,51,653428.198,51,2,49152,1.0,0.00867588771507144,0.023653099499642852,0.028733906522393222,0.06394418269395827,0.19442950189113617,0.0,0.0,0.024658203125,0.06451416015625,0.91082763671875,False
M1_CONFIDENCE_GE1,51,653428.198,51,2,47940,0.975341796875,0.008410053793340921,0.0231257788836956,0.028146200254559516,0.059305280186235904,0.18565277755260468,0.0,0.0,0.024658203125,0.06451416015625,0.91082763671875,False
M2_CONFIDENCE_EQ2,51,653428.198,51,2,44769,0.91082763671875,0.00803542509675026,0.02236489802598954,0.026956596970558164,0.046042577177286145,0.1176607608795166,0.0,0.0,0.024658203125,0.06451416015625,0.91082763671875,False
M0_RAW_POSITIVE,52,653428.498,52,2,49152,1.0,0.009148625656962395,0.027477169968187814,0.032300591655075546,0.07914314553141585,0.2169186770915985,0.0,0.0,0.012736002604166666,0.053914388020833336,0.933349609375,False
M1_CONFIDENCE_GE1,52,653428.498,52,2,48526,0.9872639973958334,0.009051240980625153,0.027175111696124077,0.03149339649826288,0.07936002314090729,0.2169186770915985,0.0,0.0,0.012736002604166666,0.053914388020833336,0.933349609375,False
M2_CONFIDENCE_EQ2,52,653428.498,52,2,45876,0.933349609375,0.008762204088270664,0.026476994156837463,0.030236652120947838,0.07198288850486279,0.12231435626745224,0.0,0.0,0.012736002604166666,0.053914388020833336,0.933349609375,False
M0_RAW_POSITIVE,53,653428.898,53,2,49152,1.0,0.012845133431255817,0.030640325136482717,0.03627584297209976,0.08516981869935969,0.2404298633337021,0.0,0.0,0.004862467447916667,0.062337239583333336,0.93280029296875,False
M1_CONFIDENCE_GE1,53,653428.898,53,2,48913,0.9951375325520834,0.012819006107747555,0.03059288375079632,0.03620415776968004,0.08471688896417548,0.21527060866355896,0.0,0.0,0.004862467447916667,0.062337239583333336,0.93280029296875,False
M2_CONFIDENCE_EQ2,53,653428.898,53,2,45849,0.93280029296875,0.012599521316587925,0.0300003156065941,0.03467875570058821,0.07261872440576472,0.12601406872272491,0.0,0.0,0.004862467447916667,0.062337239583333336,0.93280029296875,False
M0_RAW_POSITIVE,54,653429.097,54,2,49152,1.0,0.014986619353294373,0.03795671127736568,0.057308188267051696,0.19074734374880772,0.5412604808807373,0.0035807291666666665,6.654878025592759e-05,0.06036376953125,0.08978271484375,0.849853515625,False
M1_CONFIDENCE_GE1,54,653429.097,54,2,46185,0.93963623046875,0.014163165353238583,0.03394317254424095,0.040259530395269395,0.09447108834981899,0.22505922615528107,0.0,0.0,0.06036376953125,0.08978271484375,0.849853515625,False
M2_CONFIDENCE_EQ2,54,653429.097,54,2,41772,0.849853515625,0.013941129203885794,0.031575830280780794,0.0374416634440422,0.05136218801140787,0.12146018445491791,0.0,0.0,0.06036376953125,0.08978271484375,0.849853515625,False
M0_RAW_POSITIVE,55,653429.397,55,2,49152,1.0,0.015557547099888325,0.05444222241640103,0.11096984371542928,0.20794954091310483,0.6432396173477173,0.0009969075520833333,4.7534843039948285e-05,0.07000732421875,0.12398274739583333,0.8060099283854166,False
M1_CONFIDENCE_GE1,55,653429.397,55,2,45711,0.92999267578125,0.014664086513221264,0.034404315054416656,0.07225723564624786,0.16011192947626118,0.39393892884254456,0.00035002515805823546,0.0,0.07000732421875,0.12398274739583333,0.8060099283854166,False
M2_CONFIDENCE_EQ2,55,653429.397,55,2,39617,0.8060099283854166,0.013493009842932224,0.028381374105811128,0.03274567052721977,0.08610197335481594,0.1822478026151657,0.0,0.0,0.07000732421875,0.12398274739583333,0.8060099283854166,False
M0_RAW_POSITIVE,56,653429.897,56,2,49152,1.0,0.0123763931915164,0.049221273884177213,0.10641741007566431,0.30682752698659804,0.48367881774902344,0.010477701822916666,9.506968607989656e-06,0.067138671875,0.12664794921875,0.80621337890625,False
M1_CONFIDENCE_GE1,56,653429.897,56,2,45852,0.932861328125,0.011605830397456884,0.031239319033920767,0.06260357983410357,0.16218918278813343,0.4127029478549957,0.002377213643897758,0.0,0.067138671875,0.12664794921875,0.80621337890625,False
M2_CONFIDENCE_EQ2,56,653429.897,56,2,39627,0.80621337890625,0.010505064390599728,0.024079526960849765,0.02856288161128759,0.055231569036841226,0.217262402176857,0.0,0.0,0.067138671875,0.12664794921875,0.80621337890625,False
M0_RAW_POSITIVE,57,653430.097,57,2,49152,1.0,0.013437129557132721,0.053856660798192034,0.1344286791980265,0.35462860137224167,0.6436446309089661,0.01422119140625,0.00193942159602989,0.07952880859375,0.09763590494791667,0.8228352864583334,False
M1_CONFIDENCE_GE1,57,653430.097,57,2,45243,0.92047119140625,0.012423449195921421,0.02847341559827328,0.04813304021954539,0.13889163881540303,0.4218139946460724,6.630860022544923e-05,0.0,0.07952880859375,0.09763590494791667,0.8228352864583334,False
M2_CONFIDENCE_EQ2,57,653430.097,57,2,40444,0.8228352864583334,0.01129639009013772,0.024593393690884112,0.02739759851247072,0.03517699934542178,0.2007446587085724,0.0,0.0,0.07952880859375,0.09763590494791667,0.8228352864583334,False
M0_RAW_POSITIVE,58,653430.497,58,2,49152,1.0,0.016123841516673565,0.09925509989261629,0.2078340552747248,0.3785175403952597,0.5933521389961243,0.02593994140625,0.0013214686365105623,0.09674072265625,0.1107177734375,0.79254150390625,False
M1_CONFIDENCE_GE1,58,653430.497,58,2,44397,0.90325927734375,0.014667501673102379,0.03238483592867852,0.060824553668498864,0.20496921777725222,0.45835062861442566,0.001711827375723585,0.0,0.09674072265625,0.1107177734375,0.79254150390625,False
M2_CONFIDENCE_EQ2,58,653430.497,58,2,38955,0.79254150390625,0.013823254033923149,0.026841296255588527,0.031175638735294338,0.037889001518487925,0.22405637800693512,0.0,0.0,0.09674072265625,0.1107177734375,0.79254150390625,False
M0_RAW_POSITIVE,59,653431.097,59,2,49152,1.0,0.019352967850863934,0.0766191765666008,0.13029504716396328,0.37206756383180556,0.5392297506332397,0.0150146484375,0.0013214686365105623,0.180419921875,0.17146809895833334,0.6481119791666666,False
M1_CONFIDENCE_GE1,59,653431.097,59,2,40284,0.819580078125,0.017581552267074585,0.03237187713384628,0.05486226007342338,0.1206730946898459,0.4876347780227661,0.0006950650382285771,0.0,0.180419921875,0.17146809895833334,0.6481119791666666,False
M2_CONFIDENCE_EQ2,59,653431.097,59,2,31856,0.6481119791666666,0.017492220737040043,0.02783157117664814,0.03039675857871771,0.037617109902203086,0.13918481767177582,0.0,0.0,0.180419921875,0.17146809895833334,0.6481119791666666,False
M0_RAW_POSITIVE,60,653431.297,60,2,49152,1.0,0.018274790607392788,0.042798637598752985,0.07151643484830833,0.17741352885961448,0.5513173341751099,0.003987630208333333,0.00019013937215979314,0.1181640625,0.14377848307291666,0.7380574544270834,False
M1_CONFIDENCE_GE1,60,653431.297,60,2,43344,0.8818359375,0.01759252417832613,0.03426459506154062,0.04596091788262128,0.09449646472930905,0.36430180072784424,6.921373200442968e-05,0.0,0.1181640625,0.14377848307291666,0.7380574544270834,False
M2_CONFIDENCE_EQ2,60,653431.297,60,2,36277,0.7380574544270834,0.01719961129128933,0.03075287938117981,0.035998784005641916,0.06761531889438624,0.2462615817785263,0.0,0.0,0.1181640625,0.14377848307291666,0.7380574544270834,False
M0_RAW_POSITIVE,61,653431.496,61,2,49152,1.0,0.020655561238527298,0.18764344006776815,0.38192174136638635,0.7083502614498136,0.9327811002731323,0.07635498046875,0.012767858840530109,0.22725423177083334,0.16217041015625,0.6105753580729166,False
M1_CONFIDENCE_GE1,61,653431.496,61,2,37982,0.7727457682291666,0.019628899171948433,0.0358916848897934,0.04142837096005678,0.09257554531097417,0.23004482686519623,0.0,0.0,0.22725423177083334,0.16217041015625,0.6105753580729166,False
M2_CONFIDENCE_EQ2,61,653431.496,61,2,30011,0.6105753580729166,0.019754979759454727,0.034549400210380554,0.038042329251766205,0.044146854430437095,0.08298783749341965,0.0,0.0,0.22725423177083334,0.16217041015625,0.6105753580729166,False
M0_RAW_POSITIVE,62,653431.796,62,2,49152,1.0,0.020219500176608562,0.05117627531290056,0.10114021748304314,0.35753721833229063,0.5723274946212769,0.01593017578125,0.0007605574886391726,0.16326904296875,0.13214111328125,0.70458984375,False
M1_CONFIDENCE_GE1,62,653431.796,62,2,41127,0.83673095703125,0.01927267387509346,0.03517299890518189,0.04400890059769151,0.07633032977581003,0.2207949161529541,0.0,0.0,0.16326904296875,0.13214111328125,0.70458984375,False
M2_CONFIDENCE_EQ2,62,653431.796,62,2,34632,0.70458984375,0.01939405221492052,0.03383379094302654,0.04045266825705765,0.06469139702618137,0.11277882009744644,0.0,0.0,0.16326904296875,0.13214111328125,0.70458984375,False
M0_RAW_POSITIVE,63,653432.096,63,2,49152,1.0,0.016552806831896305,0.24861744642257694,0.4030548915266981,0.5981516820192327,0.8057034015655518,0.08211263020833333,0.014593196813264122,0.22145589192708334,0.09842936197916667,0.68011474609375,False
M1_CONFIDENCE_GE1,63,653432.096,63,2,38267,0.7785441080729166,0.013892029412090778,0.0314472645521164,0.04545839875936508,0.09776625439524647,0.21520714461803436,0.0,0.0,0.22145589192708334,0.09842936197916667,0.68011474609375,False
M2_CONFIDENCE_EQ2,63,653432.096,63,2,33429,0.68011474609375,0.013866221532225609,0.029071278870105743,0.03587295189499855,0.07265264660120013,0.13315722346305847,0.0,0.0,0.22145589192708334,0.09842936197916667,0.68011474609375,False
M0_RAW_POSITIVE,64,653432.496,64,2,49152,1.0,0.020593693479895592,0.07753827944397927,0.12075784504413599,0.26030014127492884,0.45801660418510437,0.004679361979166667,0.0,0.20719401041666666,0.11236572265625,0.6804402669270834,False
M1_CONFIDENCE_GE1,64,653432.496,64,2,38968,0.7928059895833334,0.01881057769060135,0.04314746521413327,0.061763465963304044,0.10818974651396283,0.45801660418510437,0.0007698624512420448,0.0,0.20719401041666666,0.11236572265625,0.6804402669270834,False
M2_CONFIDENCE_EQ2,64,653432.496,64,2,33445,0.6804402669270834,0.018495814874768257,0.03643053323030472,0.047297994047403334,0.0756978976726532,0.1281914860010147,0.0,0.0,0.20719401041666666,0.11236572265625,0.6804402669270834,False
M0_RAW_POSITIVE,65,653432.696,65,2,49152,1.0,0.0166857298463583,0.12186001464724558,0.34684586971998044,0.4089733380079269,0.48718833923339844,0.053690592447916664,9.506968607989656e-06,0.26007080078125,0.18009440104166666,0.5598347981770834,False
M1_CONFIDENCE_GE1,65,653432.696,65,2,36369,0.73992919921875,0.014283512718975544,0.05027490630745888,0.0783264338970184,0.14647887051105488,0.42833200097084045,0.000687398608705216,0.0,0.26007080078125,0.18009440104166666,0.5598347981770834,False
M2_CONFIDENCE_EQ2,65,653432.696,65,2,27517,0.5598347981770834,0.013378986157476902,0.03116092905402185,0.04605845585465419,0.0792086246609688,0.15126164257526398,0.0,0.0,0.26007080078125,0.18009440104166666,0.5598347981770834,False
M0_RAW_POSITIVE,66,653432.896,66,2,49152,1.0,0.01612114906311035,0.07522118315100673,0.12615311741828897,0.30786994129419293,0.6148159503936768,0.0106201171875,0.0010267526096628828,0.23258463541666666,0.16019694010416666,0.6072184244791666,False
M1_CONFIDENCE_GE1,66,653432.896,66,2,37720,0.7674153645833334,0.014016794972121716,0.040393574163317666,0.06386100985109801,0.15353715404868112,0.4627445936203003,0.0018027571580063627,0.0,0.23258463541666666,0.16019694010416666,0.6072184244791666,False
M2_CONFIDENCE_EQ2,66,653432.896,66,2,29846,0.6072184244791666,0.012712091207504272,0.025797138921916485,0.032529170624911785,0.04594113174825906,0.16252946853637695,0.0,0.0,0.23258463541666666,0.16019694010416666,0.6072184244791666,False
M0_RAW_POSITIVE,67,653432.996,67,2,49152,1.0,0.015310987830162048,0.058828544616699244,0.10149936825036997,0.2566626268625258,0.6080024242401123,0.008097330729166666,5.704181164793794e-05,0.1663818359375,0.10764567057291667,0.7259724934895834,False
M1_CONFIDENCE_GE1,67,653432.996,67,2,40974,0.8336181640625,0.014074856881052256,0.027315954305231576,0.051324450969696025,0.15324169546365718,0.45588821172714233,0.0036608581051398447,0.0,0.1663818359375,0.10764567057291667,0.7259724934895834,False
M2_CONFIDENCE_EQ2,67,653432.996,67,2,35683,0.7259724934895834,0.013461727648973465,0.024026495590806007,0.02726116366684437,0.055190818607807175,0.12430701404809952,0.0,0.0,0.1663818359375,0.10764567057291667,0.7259724934895834,False
M0_RAW_POSITIVE,68,653433.196,68,2,49152,1.0,0.01351918326690793,0.04456887878477579,0.08419858701527107,0.2082003484666346,0.4480611979961395,0.000732421875,0.0,0.10284423828125,0.09781901041666667,0.7993367513020834,False
M1_CONFIDENCE_GE1,68,653433.196,68,2,44097,0.89715576171875,0.01224151998758316,0.02559587582945824,0.036232493072748125,0.1052267253398896,0.4462989270687103,0.00015874095743474614,0.0,0.10284423828125,0.09781901041666667,0.7993367513020834,False
M2_CONFIDENCE_EQ2,68,653433.196,68,2,39289,0.7993367513020834,0.011702475138008595,0.023092275112867364,0.026044821366667747,0.034326590895652785,0.17528198659420013,0.0,0.0,0.10284423828125,0.09781901041666667,0.7993367513020834,False
M0_RAW_POSITIVE,69,653433.396,69,2,49152,1.0,0.016233129426836967,0.042761179059743894,0.0750734142959116,0.15935850039124466,0.4714887738227844,0.0010782877604166667,0.0,0.0989990234375,0.14329020182291666,0.7577107747395834,False
M1_CONFIDENCE_GE1,69,653433.396,69,2,44286,0.9010009765625,0.015505969524383545,0.03387032262980938,0.04573163855820894,0.13995246365666403,0.4714887738227844,0.0008580589802646434,0.0,0.0989990234375,0.14329020182291666,0.7577107747395834,False
M2_CONFIDENCE_EQ2,69,653433.396,69,2,37243,0.7577107747395834,0.01495584286749363,0.02729822359979153,0.03280254602432251,0.04534271568059928,0.10260828584432602,0.0,0.0,0.0989990234375,0.14329020182291666,0.7577107747395834,False
M0_RAW_POSITIVE,70,653433.596,70,2,49152,1.0,0.01567701715976,0.053291830047965054,0.07457293234765525,0.14384522661566723,0.4994913935661316,0.002197265625,3.8027874431958625e-05,0.22342936197916666,0.1497802734375,0.6267903645833334,False
M1_CONFIDENCE_GE1,70,653433.596,70,2,38170,0.7765706380208334,0.014901543036103249,0.02780233714729547,0.03906974587589501,0.0740811487287283,0.3006647825241089,2.6198585276395076e-05,0.0,0.22342936197916666,0.1497802734375,0.6267903645833334,False
M2_CONFIDENCE_EQ2,70,653433.596,70,2,30808,0.6267903645833334,0.015290642157196999,0.026171474531292916,0.03048541145399213,0.07207612425088883,0.08992825448513031,0.0,0.0,0.22342936197916666,0.1497802734375,0.6267903645833334,False
M0_RAW_POSITIVE,71,653433.796,71,2,49152,1.0,0.010243017226457596,0.0380067102611065,0.062169743329286535,0.07850020781159397,3.111064910888672,0.0002644856770833333,0.00011408362329587588,0.050211588541666664,0.08563232421875,0.8641560872395834,False
M1_CONFIDENCE_GE1,71,653433.796,71,2,46684,0.9497884114583334,0.009712948463857174,0.0346600215882063,0.057176573202013956,0.07771976225078106,0.15488731861114502,0.0,0.0,0.050211588541666664,0.08563232421875,0.8641560872395834,False
M2_CONFIDENCE_EQ2,71,653433.796,71,2,42475,0.8641560872395834,0.008984236046671867,0.03182423040270804,0.05545884333550927,0.07754254177212715,0.08161434531211853,0.0,0.0,0.050211588541666664,0.08563232421875,0.8641560872395834,False
M0_RAW_POSITIVE,72,653434.295,72,2,49152,1.0,0.012005291413515806,0.04006344974040985,0.06138354577124118,0.0751952279359102,0.3897083103656769,0.0006510416666666666,0.0,0.041035970052083336,0.07330322265625,0.8856608072916666,False
M1_CONFIDENCE_GE1,72,653434.295,72,2,47135,0.9589640299479166,0.011367825791239738,0.03986361175775528,0.061028205975890155,0.07450192317366597,0.34955617785453796,0.00029701920016972523,0.0,0.041035970052083336,0.07330322265625,0.8856608072916666,False
M2_CONFIDENCE_EQ2,72,653434.295,72,2,43532,0.8856608072916666,0.010728629305958748,0.03847314938902855,0.0597867736592888,0.07387426979839802,0.12777207791805267,0.0,0.0,0.041035970052083336,0.07330322265625,0.8856608072916666,False
M0_RAW_POSITIVE,73,653434.495,73,2,49152,1.0,0.014098295010626316,0.04776450991630554,0.07304910607635974,0.14566825300455047,0.5589417219161987,0.0015665690104166667,3.8027874431958625e-05,0.060689290364583336,0.10355631510416667,0.83575439453125,False
M1_CONFIDENCE_GE1,73,653434.495,73,2,46169,0.9393107096354166,0.01312230434268713,0.03712672144174576,0.0572250090539454,0.08574180930852889,0.49173977971076965,0.0003682124369165457,0.0,0.060689290364583336,0.10355631510416667,0.83575439453125,False
M2_CONFIDENCE_EQ2,73,653434.495,73,2,41079,0.83575439453125,0.01222904771566391,0.032096794247627264,0.04531467705965041,0.0743069687485695,0.18824586272239685,0.0,0.0,0.060689290364583336,0.10355631510416667,0.83575439453125,False
M0_RAW_POSITIVE,74,653434.695,74,2,49152,1.0,0.017099997960031033,0.08485327214002616,0.13463531434535952,0.21564806669950484,0.6740901470184326,0.0016072591145833333,0.00013309756051185518,0.0953369140625,0.15120442708333334,0.7534586588541666,False
M1_CONFIDENCE_GE1,74,653434.695,74,2,44466,0.9046630859375,0.015767045319080353,0.050642114132642746,0.08783154748380184,0.15253430679440497,0.42552733421325684,0.0001799127423199748,0.0,0.0953369140625,0.15120442708333334,0.7534586588541666,False
M2_CONFIDENCE_EQ2,74,653434.695,74,2,37034,0.7534586588541666,0.014475126285105944,0.03472204133868219,0.05024284869432446,0.10672493770718569,0.21331292390823364,0.0,0.0,0.0953369140625,0.15120442708333334,0.7534586588541666,False
M0_RAW_POSITIVE,75,653434.895,75,2,49152,1.0,0.016015672124922276,0.09881083741784111,0.1476529926061628,0.33818504601716975,0.6286172866821289,0.013529459635416666,0.0006179529595193277,0.088623046875,0.1915283203125,0.7198486328125,False
M1_CONFIDENCE_GE1,75,653434.895,75,2,44796,0.911376953125,0.015038885176181793,0.0690298043191433,0.11488580517470837,0.191225302964449,0.4213786721229553,0.0014733458344495043,0.0,0.088623046875,0.1915283203125,0.7198486328125,False
M2_CONFIDENCE_EQ2,75,653434.895,75,2,35382,0.7198486328125,0.013264901470392942,0.033225991204380995,0.04473875109106302,0.11581204503774643,0.18699470162391663,0.0,0.0,0.088623046875,0.1915283203125,0.7198486328125,False
M0_RAW_POSITIVE,76,653435.095,76,2,49152,1.0,0.39323732256889343,0.5747573554515839,0.5823130398988724,0.6580609029531476,0.713087260723114,0.6164754231770834,0.14956363014089327,1.0,0.0,0.0,False
M1_CONFIDENCE_GE1,76,653435.095,76,2,0,0.0,0.0,0.0,0.0,0.0,0.0,0.0,0.0,1.0,0.0,0.0,True
M2_CONFIDENCE_EQ2,76,653435.095,76,2,0,0.0,0.0,0.0,0.0,0.0,0.0,0.0,0.0,1.0,0.0,0.0,True
M0_RAW_POSITIVE,77,653435.295,77,2,49152,1.0,0.417104110121727,0.5898825645446777,0.627199849486351,0.6833623176813125,0.7105434536933899,0.74114990234375,0.15888996634533112,0.99658203125,0.00341796875,0.0,False
M1_CONFIDENCE_GE1,77,653435.295,77,2,168,0.00341796875,0.2905917316675186,0.34652126729488375,0.3558802530169487,0.36657967746257786,0.37222743034362793,0.42857142857142855,0.0,0.99658203125,0.00341796875,0.0,False
M2_CONFIDENCE_EQ2,77,653435.295,77,2,0,0.0,0.0,0.0,0.0,0.0,0.0,0.0,0.0,0.99658203125,0.00341796875,0.0,True
M0_RAW_POSITIVE,78,653435.595,78,2,49152,1.0,0.44707493484020233,0.6304678082466125,0.6867423087358474,0.7432706421613693,0.7714083194732666,0.7990926106770834,0.1868404540528207,0.9991048177083334,0.0008951822916666666,0.0,False
M1_CONFIDENCE_GE1,78,653435.595,78,2,44,0.0008951822916666666,0.14215847104787827,0.15127437114715578,0.15253340899944307,0.15518662095069885,0.1561497449874878,0.0,0.0,0.9991048177083334,0.0008951822916666666,0.0,False
M2_CONFIDENCE_EQ2,78,653435.595,78,2,0,0.0,0.0,0.0,0.0,0.0,0.0,0.0,0.0,0.9991048177083334,0.0008951822916666666,0.0,True
M0_RAW_POSITIVE,79,653435.795,79,2,49152,1.0,0.4349164813756943,0.6361468076705933,0.692687278985977,0.7436538118124008,0.7706077098846436,0.7883707682291666,0.17598349590249654,1.0,0.0,0.0,False
M1_CONFIDENCE_GE1,79,653435.795,79,2,0,0.0,0.0,0.0,0.0,0.0,0.0,0.0,0.0,1.0,0.0,0.0,True
M2_CONFIDENCE_EQ2,79,653435.795,79,2,0,0.0,0.0,0.0,0.0,0.0,0.0,0.0,0.0,1.0,0.0,0.0,True
M0_RAW_POSITIVE,80,653435.995,80,2,49152,1.0,0.013700211886316538,0.08074346333742144,0.12156569212675095,0.21647475361824006,0.4156389534473419,0.0026652018229166665,0.0,0.19834391276041666,0.11448160807291667,0.6871744791666666,False
M1_CONFIDENCE_GE1,80,653435.995,80,2,39403,0.8016560872395834,0.011083211749792099,0.04037175923585894,0.05918027199804784,0.0920083214342596,0.31877440214157104,0.0002537877826561429,0.0,0.19834391276041666,0.11448160807291667,0.6871744791666666,False
M2_CONFIDENCE_EQ2,80,653435.995,80,2,33776,0.6871744791666666,0.010418528225272894,0.034577177837491035,0.048014004714787006,0.08123925887048244,0.10391484200954437,0.0,0.0,0.19834391276041666,0.11448160807291667,0.6871744791666666,False
M0_RAW_POSITIVE,81,653436.195,81,2,49152,1.0,0.014218796510249376,0.07549181655049324,0.12356285713613017,0.23403026819229122,0.38609835505485535,0.0021158854166666665,0.0,0.11623128255208333,0.122802734375,0.7609659830729166,False
M1_CONFIDENCE_GE1,81,653436.195,81,2,43439,0.8837687174479166,0.012609853409230709,0.046722423285245895,0.07281928509473799,0.14466301232576376,0.38609835505485535,0.0004604157554271507,0.0,0.11623128255208333,0.122802734375,0.7609659830729166,False
M2_CONFIDENCE_EQ2,81,653436.195,81,2,37403,0.7609659830729166,0.011210803873836994,0.03253760635852814,0.04710262864828112,0.07933621436357499,0.10757385939359665,0.0,0.0,0.11623128255208333,0.122802734375,0.7609659830729166,False
M0_RAW_POSITIVE,82,653436.494,82,2,49152,1.0,0.013722407165914774,0.07314398884773259,0.12271933928132038,0.26741869091987586,0.38638678193092346,0.0054931640625,0.0,0.08034261067708333,0.11293538411458333,0.8067220052083334,False
M1_CONFIDENCE_GE1,82,653436.494,82,2,45203,0.9196573893229166,0.012395860627293587,0.04916137829422952,0.07690275460481649,0.21502494364977043,0.38638678193092346,0.004291750547530031,0.0,0.08034261067708333,0.11293538411458333,0.8067220052083334,False
M2_CONFIDENCE_EQ2,82,653436.494,82,2,39652,0.8067220052083334,0.01122339814901352,0.034208486229181295,0.04883224274963139,0.08038149766623973,0.12607569992542267,0.0,0.0,0.08034261067708333,0.11293538411458333,0.8067220052083334,False
M0_RAW_POSITIVE,83,653436.694,83,2,49152,1.0,0.01549552520737052,0.07334022074937822,0.11204701401293267,0.19362222462892523,0.3001091182231903,2.0345052083333332e-05,0.0,0.08577473958333333,0.11334228515625,0.8008829752604166,False
M1_CONFIDENCE_GE1,83,653436.694,83,2,44936,0.9142252604166666,0.01443776162341237,0.05488676577806473,0.08058252930641174,0.15723464563488962,0.2881323993206024,0.0,0.0,0.08577473958333333,0.11334228515625,0.8008829752604166,False
M2_CONFIDENCE_EQ2,83,653436.694,83,2,39365,0.8008829752604166,0.013031932525336742,0.03724611923098564,0.05624597147107119,0.08743406742811205,0.21114273369312286,0.0,0.0,0.08577473958333333,0.11334228515625,0.8008829752604166,False
M0_RAW_POSITIVE,84,653436.911,84,3,49152,1.0,0.013359151314944029,0.08521350845694543,0.13668505325913424,0.21946806371211997,0.3761218190193176,0.00152587890625,0.0,0.11598714192708333,0.15187581380208334,0.7321370442708334,False
M1_CONFIDENCE_GE1,84,653436.911,84,3,43451,0.8840128580729166,0.011337454430758953,0.06477369368076324,0.09441563859581947,0.19546618312597275,0.3641775846481323,9.205772019055948e-05,0.0,0.11598714192708333,0.15187581380208334,0.7321370442708334,False
M2_CONFIDENCE_EQ2,84,653436.911,84,3,35986,0.7321370442708334,0.009330782108008862,0.04399825632572174,0.06202870048582554,0.0806453909724951,0.16596567630767822,0.0,0.0,0.11598714192708333,0.15187581380208334,0.7321370442708334,False
M0_RAW_POSITIVE,85,653440.210,102,6,49152,1.0,0.015430556144565344,0.0840730018913746,0.12413614168763153,0.2001337282359599,0.3121769428253174,0.00010172526041666667,0.0,0.11673990885416667,0.2680867513020833,0.61517333984375,False
M1_CONFIDENCE_GE1,85,653440.210,102,6,43414,0.8832600911458334,0.014268094208091497,0.07516252398490907,0.10971720516681666,0.20277434065938008,0.3121769428253174,0.00011517022158750633,0.0,0.11673990885416667,0.2680867513020833,0.61517333984375,False
M2_CONFIDENCE_EQ2,85,653440.210,102,6,30237,0.61517333984375,0.010840480215847492,0.04305225759744646,0.06955671906471252,0.11574178993701932,0.2652917802333832,0.0,0.0,0.11673990885416667,0.2680867513020833,0.61517333984375,False
M0_RAW_POSITIVE,86,653440.310,103,6,49152,1.0,0.020763790234923363,0.11447560563683509,0.1697383873164653,0.283588960468769,0.3571019768714905,0.006266276041666667,0.0,0.09002685546875,0.309326171875,0.60064697265625,False
M1_CONFIDENCE_GE1,86,653440.310,103,6,44727,0.90997314453125,0.019002776592969894,0.10670931935310364,0.14977795779705025,0.28566682338714494,0.3571019768714905,0.006729715831600599,0.0,0.09002685546875,0.309326171875,0.60064697265625,False
M2_CONFIDENCE_EQ2,86,653440.310,103,6,29523,0.60064697265625,0.011797378771007061,0.05829752385616302,0.08318382427096364,0.1430875578522679,0.35573744773864746,0.001964569996274091,0.0,0.09002685546875,0.309326171875,0.60064697265625,False
M0_RAW_POSITIVE,87,653444.708,129,9,49152,1.0,0.020416874438524246,0.06302844285964966,0.09824279658496374,0.1932747985422608,0.3588543236255646,0.00164794921875,0.0,0.17879231770833334,0.1431884765625,0.6780192057291666,False
M1_CONFIDENCE_GE1,87,653444.708,129,9,40364,0.8212076822916666,0.018755774945020676,0.04495877921581269,0.06773122102022168,0.12817718744277956,0.24258744716644287,0.0,0.0,0.17879231770833334,0.1431884765625,0.6780192057291666,False
M2_CONFIDENCE_EQ2,87,653444.708,129,9,33326,0.6780192057291666,0.01764216274023056,0.03361131809651852,0.04533146321773529,0.08005952462553978,0.18398889899253845,0.0,0.0,0.17879231770833334,0.1431884765625,0.6780192057291666,False
M0_RAW_POSITIVE,88,653444.808,130,9,49152,1.0,0.01951588410884142,0.12823321968317034,0.22176027372479415,0.397711168527603,0.4922923147678375,0.031494140625,0.00010457665468788622,0.2901611328125,0.13761393229166666,0.5722249348958334,False
M1_CONFIDENCE_GE1,88,653444.808,130,9,34890,0.7098388671875,0.013428017497062683,0.04632918052375317,0.06676923036575316,0.11469286695122723,0.3281138837337494,0.00014330753797649757,0.0,0.2901611328125,0.13761393229166666,0.5722249348958334,False
M2_CONFIDENCE_EQ2,88,653444.808,130,9,28126,0.5722249348958334,0.011775470338761806,0.03170798718929291,0.04124396201223135,0.06625416502356529,0.09768844395875931,0.0,0.0,0.2901611328125,0.13761393229166666,0.5722249348958334,False
M0_RAW_POSITIVE,89,653445.008,131,9,49152,1.0,0.020879892632365227,0.09075492769479752,0.13548375889658912,0.27807136714458436,0.3750704824924469,0.00677490234375,0.0,0.31591796875,0.18949381510416666,0.4945882161458333,False
M1_CONFIDENCE_GE1,89,653445.008,131,9,33624,0.68408203125,0.014083932153880596,0.05415109135210515,0.07119805961847304,0.11642724864184843,0.20217902958393097,0.0,0.0,0.31591796875,0.18949381510416666,0.4945882161458333,False
M2_CONFIDENCE_EQ2,89,653445.008,131,9,24310,0.4945882161458333,0.011739725712686777,0.0406980335712433,0.054036762751638885,0.07405392996966839,0.1122109666466713,0.0,0.0,0.31591796875,0.18949381510416666,0.4945882161458333,False
M0_RAW_POSITIVE,90,653445.208,132,9,49152,1.0,0.01875122357159853,0.08166888505220414,0.12193699479103087,0.246329381018877,0.3096068501472473,0.00030517578125,0.0,0.300537109375,0.20440673828125,0.49505615234375,False
M1_CONFIDENCE_GE1,90,653445.208,132,9,34380,0.699462890625,0.013693856541067362,0.04888604767620566,0.06843562275171278,0.11611698165535912,0.20510125160217285,0.0,0.0,0.300537109375,0.20440673828125,0.49505615234375,False
M2_CONFIDENCE_EQ2,90,653445.208,132,9,24333,0.49505615234375,0.011832112446427345,0.031212876737117763,0.04402299448847765,0.07501688450574877,0.14777772128582,0.0,0.0,0.300537109375,0.20440673828125,0.49505615234375,False
M0_RAW_POSITIVE,91,653445.408,133,9,49152,1.0,0.01820643525570631,0.09484601840376856,0.14131547883152956,0.19434331133961674,0.3616217076778412,6.103515625e-05,0.0,0.190185546875,0.23380533854166666,0.5760091145833334,False
M1_CONFIDENCE_GE1,91,653445.408,133,9,39804,0.809814453125,0.016427170485258102,0.07418333142995838,0.12004639916121959,0.17475195810198785,0.3324989974498749,2.512310320570797e-05,0.0,0.190185546875,0.23380533854166666,0.5760091145833334,False
M2_CONFIDENCE_EQ2,91,653445.408,133,9,28312,0.5760091145833334,0.013802484143525362,0.040147328004241,0.07268023788928979,0.1529558065533638,0.1921231895685196,0.0,0.0,0.190185546875,0.23380533854166666,0.5760091145833334,False
M0_RAW_POSITIVE,92,653445.707,134,9,49152,1.0,0.01020287349820137,0.05238455384969713,0.08807839713990682,0.1610950429737568,0.3435836732387543,0.00014241536458333334,0.0,0.05316162109375,0.1251220703125,0.82171630859375,False
M1_CONFIDENCE_GE1,92,653445.707,134,9,46539,0.94683837890625,0.009816916659474373,0.045071448385715536,0.08337186276912689,0.15997736901044876,0.2100815325975418,0.0,0.0,0.05316162109375,0.1251220703125,0.82171630859375,False
M2_CONFIDENCE_EQ2,92,653445.707,134,9,40389,0.82171630859375,0.00926993414759636,0.03319381549954415,0.06556897759437559,0.15429221451282502,0.19311515986919403,0.0,0.0,0.05316162109375,0.1251220703125,0.82171630859375,False
M0_RAW_POSITIVE,93,653446.207,135,9,49152,1.0,0.009378005750477314,0.0514928173273802,0.0750457622110843,0.13805408820509885,0.2085973620414734,0.0,0.0,0.05487060546875,0.126220703125,0.81890869140625,False
M1_CONFIDENCE_GE1,93,653446.207,135,9,46455,0.94512939453125,0.009007581509649754,0.048660567402839645,0.07240227684378599,0.13364636808633787,0.2085973620414734,0.0,0.0,0.05487060546875,0.126220703125,0.81890869140625,False
M2_CONFIDENCE_EQ2,93,653446.207,135,9,40251,0.81890869140625,0.007898868061602116,0.03682064637541771,0.06078413315117359,0.10340656712651253,0.18876434862613678,0.0,0.0,0.05487060546875,0.126220703125,0.81890869140625,False
M0_RAW_POSITIVE,94,653446.407,136,9,49152,1.0,0.015971810556948185,0.071924851089716,0.09881156645715236,0.1597792291641234,0.20467445254325867,0.0,0.0,0.06370035807291667,0.17462158203125,0.7616780598958334,False
M1_CONFIDENCE_GE1,94,653446.407,136,9,46021,0.9362996419270834,0.014983107335865498,0.06893786787986755,0.09601832926273346,0.15854551494121558,0.20467445254325867,0.0,0.0,0.06370035807291667,0.17462158203125,0.7616780598958334,False
M2_CONFIDENCE_EQ2,94,653446.407,136,9,37438,0.7616780598958334,0.012517679948359728,0.04224267974495891,0.07744473256170756,0.1381140409409996,0.18689368665218353,0.0,0.0,0.06370035807291667,0.17462158203125,0.7616780598958334,False
M0_RAW_POSITIVE,95,653446.607,137,9,49152,1.0,0.02007917780429125,0.0909872479736805,0.13024685755372045,0.181606438010931,0.2589469850063324,0.0,0.0,0.11496988932291667,0.3189900716145833,0.5660400390625,False
M1_CONFIDENCE_GE1,95,653446.607,137,9,43501,0.8850301106770834,0.017935313284397125,0.07320438325405121,0.10811720043420792,0.1691492646932602,0.21710388362407684,0.0,0.0,0.11496988932291667,0.3189900716145833,0.5660400390625,False
M2_CONFIDENCE_EQ2,95,653446.607,137,9,27822,0.5660400390625,0.01338864304125309,0.039703776687383695,0.0667343821376561,0.14588457643985758,0.21093443036079407,0.0,0.0,0.11496988932291667,0.3189900716145833,0.5660400390625,False
M0_RAW_POSITIVE,96,653446.807,138,9,49152,1.0,0.019435686990618706,0.10790848657488823,0.145166815817356,0.1841394332051277,0.2597646415233612,0.0,0.0,0.11061604817708333,0.20367431640625,0.6857096354166666,False
M1_CONFIDENCE_GE1,96,653446.807,138,9,43715,0.8893839518229166,0.01742107793688774,0.09138261526823044,0.12762188017368306,0.17372706413269043,0.2597646415233612,0.0,0.0,0.11061604817708333,0.20367431640625,0.6857096354166666,False
M2_CONFIDENCE_EQ2,96,653446.807,138,9,33704,0.6857096354166666,0.013644475024193525,0.07019698992371559,0.10091357231140129,0.164957437068224,0.1926097273826599,0.0,0.0,0.11061604817708333,0.20367431640625,0.6857096354166666,False
M0_RAW_POSITIVE,97,653447.007,139,9,49152,1.0,0.014512606430798769,0.07818536832928658,0.10422401726245877,0.16011393710970875,0.258066862821579,0.0,0.0,0.09814453125,0.19114176432291666,0.7107137044270834,False
M1_CONFIDENCE_GE1,97,653447.007,139,9,44328,0.90185546875,0.012680500745773315,0.06858620792627336,0.09285185225307943,0.14636684417724646,0.25791922211647034,0.0,0.0,0.09814453125,0.19114176432291666,0.7107137044270834,False
M2_CONFIDENCE_EQ2,97,653447.007,139,9,34933,0.7107137044270834,0.010117965750396252,0.053197138756513586,0.07669523656368257,0.1244850984215737,0.1814044564962387,0.0,0.0,0.09814453125,0.19114176432291666,0.7107137044270834,False
M0_RAW_POSITIVE,98,653447.207,140,9,49152,1.0,0.012046805582940578,0.07993573993444444,0.10334170199930667,0.14416869595646833,0.263308584690094,0.0,0.0,0.06998697916666667,0.16337076822916666,0.7666422526041666,False
M1_CONFIDENCE_GE1,98,653447.207,140,9,45712,0.9300130208333334,0.01074405387043953,0.07288842126727105,0.09377739168703556,0.13128511056303976,0.263308584690094,0.0,0.0,0.06998697916666667,0.16337076822916666,0.7666422526041666,False
M2_CONFIDENCE_EQ2,98,653447.207,140,9,37682,0.7666422526041666,0.00885247252881527,0.05470156520605087,0.07998405620455741,0.11578545704484,0.15310987830162048,0.0,0.0,0.06998697916666667,0.16337076822916666,0.7666422526041666,False
M0_RAW_POSITIVE,99,653447.407,141,9,49152,1.0,0.011332857422530651,0.07790182307362557,0.10524658337235449,0.1536999773979186,0.23980914056301117,0.0,0.0,0.0322265625,0.10274251302083333,0.8650309244791666,False
M1_CONFIDENCE_GE1,99,653447.407,141,9,47568,0.9677734375,0.010930572170764208,0.07339378595352174,0.09756670184433464,0.1403016962110998,0.23071539402008057,0.0,0.0,0.0322265625,0.10274251302083333,0.8650309244791666,False
M2_CONFIDENCE_EQ2,99,653447.407,141,9,42518,0.8650309244791666,0.009951065760105848,0.059923530742526085,0.08349604830145838,0.12561014607548723,0.1906002014875412,0.0,0.0,0.0322265625,0.10274251302083333,0.8650309244791666,False
M0_RAW_POSITIVE,100,653447.707,142,9,49152,1.0,0.009759408887475729,0.03881963863968849,0.060754560865461806,0.09417545802891243,0.2106754630804062,0.0,0.0,0.0032958984375,0.0595703125,0.9371337890625,False
M1_CONFIDENCE_GE1,100,653447.707,142,9,48990,0.9967041015625,0.00973212206736207,0.03784593157470226,0.06021645721048116,0.09284667193889619,0.2106754630804062,0.0,0.0,0.0032958984375,0.0595703125,0.9371337890625,False
M2_CONFIDENCE_EQ2,100,653447.707,142,9,46062,0.9371337890625,0.009429417084902525,0.02974943183362485,0.04976406935602426,0.08251878291368481,0.14355356991291046,0.0,0.0,0.0032958984375,0.0595703125,0.9371337890625,False
M0_RAW_POSITIVE,101,653448.106,143,9,49152,1.0,0.01278954604640603,0.0667479917407036,0.09091893322765816,0.17205499216914155,0.2682844400405884,0.0,0.0,0.06899007161458333,0.102294921875,0.8287150065104166,False
M1_CONFIDENCE_GE1,101,653448.106,143,9,45761,0.9310099283854166,0.012207861058413982,0.058888066560029984,0.08157055824995041,0.13600567579269418,0.2682844400405884,0.0,0.0,0.06899007161458333,0.102294921875,0.8287150065104166,False
M2_CONFIDENCE_EQ2,101,653448.106,143,9,40733,0.8287150065104166,0.011413066647946835,0.04214721620082857,0.06523734480142596,0.10329965561628345,0.144158735871315,0.0,0.0,0.06899007161458333,0.102294921875,0.8287150065104166,False
M0_RAW_POSITIVE,102,653448.306,144,9,49152,1.0,0.013454525731503963,0.07780310586094856,0.10320955999195575,0.1614192400872707,0.30010586977005005,2.0345052083333332e-05,0.0,0.09377034505208333,0.15565999348958334,0.7505696614583334,False
M1_CONFIDENCE_GE1,102,653448.306,144,9,44543,0.9062296549479166,0.012191611342132092,0.06763614714145669,0.08867667689919474,0.12803283721208575,0.2482450008392334,0.0,0.0,0.09377034505208333,0.15565999348958334,0.7505696614583334,False
M2_CONFIDENCE_EQ2,102,653448.306,144,9,36892,0.7505696614583334,0.010550243780016899,0.05391858853399754,0.07781318426132194,0.10925914272665974,0.16646017134189606,0.0,0.0,0.09377034505208333,0.15565999348958334,0.7505696614583334,False
M0_RAW_POSITIVE,103,653448.506,145,9,49152,1.0,0.018965850584208965,0.08664379715919494,0.11470674723386763,0.1691240768134594,0.2586422860622406,0.0,0.0,0.09881591796875,0.262451171875,0.63873291015625,False
M1_CONFIDENCE_GE1,103,653448.506,145,9,44295,0.90118408203125,0.017272761091589928,0.07902221530675883,0.10749727413058274,0.16703099250793443,0.2586422860622406,0.0,0.0,0.09881591796875,0.262451171875,0.63873291015625,False
M2_CONFIDENCE_EQ2,103,653448.506,145,9,31395,0.63873291015625,0.013452521525323391,0.05410215705633164,0.07648999169468879,0.1278380370140077,0.18565578758716583,0.0,0.0,0.09881591796875,0.262451171875,0.63873291015625,False
M0_RAW_POSITIVE,104,653448.606,146,9,49152,1.0,0.018312539905309677,0.08095774650573731,0.11608703993260842,0.17101612821221351,0.23657098412513733,0.0,0.0,0.06280517578125,0.24369303385416666,0.6935017903645834,False
M1_CONFIDENCE_GE1,104,653448.606,146,9,46065,0.93719482421875,0.017425375059247017,0.07740412801504129,0.1119311362504955,0.16937546908855441,0.22013165056705475,0.0,0.0,0.06280517578125,0.24369303385416666,0.6935017903645834,False
M2_CONFIDENCE_EQ2,104,653448.606,146,9,34087,0.6935017903645834,0.01428480725735426,0.04975264072418213,0.08508413955569263,0.15890936166048047,0.19325056672096252,0.0,0.0,0.06280517578125,0.24369303385416666,0.6935017903645834,False
M0_RAW_POSITIVE,105,653448.706,147,9,49152,1.0,0.013914438430219889,0.06473169773817063,0.09485141299664969,0.15649064108729357,0.19984419643878937,0.0,0.0,0.09405517578125,0.2737833658854167,0.6321614583333334,False
M1_CONFIDENCE_GE1,105,653448.706,147,9,44529,0.90594482421875,0.013110615313053131,0.05417537242174155,0.08494788855314254,0.1579146546125412,0.19984419643878937,0.0,0.0,0.09405517578125,0.2737833658854167,0.6321614583333334,False
M2_CONFIDENCE_EQ2,105,653448.706,147,9,31072,0.6321614583333334,0.010520580690354109,0.03302798457443715,0.05647616609930984,0.15386170312762273,0.18863970041275024,0.0,0.0,0.09405517578125,0.2737833658854167,0.6321614583333334,False
M0_RAW_POSITIVE,106,653448.906,148,9,49152,1.0,0.01255769096314907,0.04492715820670129,0.06617709510028356,0.1503212054073809,0.2168254852294922,0.0,0.0,0.08900960286458333,0.18251546223958334,0.7284749348958334,False
M1_CONFIDENCE_GE1,106,653448.906,148,9,44777,0.9109903971354166,0.011669564992189407,0.043516141921281816,0.06884483546018598,0.15299482762813563,0.2168254852294922,0.0,0.0,0.08900960286458333,0.18251546223958334,0.7284749348958334,False
M2_CONFIDENCE_EQ2,106,653448.906,148,9,35806,0.7284749348958334,0.009903895203024149,0.028274055570364,0.03840382304042578,0.12523990124463782,0.18971768021583557,0.0,0.0,0.08900960286458333,0.18251546223958334,0.7284749348958334,False
M0_RAW_POSITIVE,107,653449.106,149,9,49152,1.0,0.01456400752067566,0.05419394038617613,0.08381772488355628,0.16308448508381843,0.19234104454517365,0.0,0.0,0.08335367838541667,0.10980224609375,0.8068440755208334,False
M1_CONFIDENCE_GE1,107,653449.106,149,9,45055,0.9166463216145834,0.014296374283730984,0.05573136731982229,0.08865985125303258,0.16444232463836667,0.19234104454517365,0.0,0.0,0.08335367838541667,0.10980224609375,0.8068440755208334,False
M2_CONFIDENCE_EQ2,107,653449.106,149,9,39658,0.8068440755208334,0.014101043343544006,0.05013226829469204,0.07944464385509495,0.15684891238808635,0.19082415103912354,0.0,0.0,0.08335367838541667,0.10980224609375,0.8068440755208334,False
M0_RAW_POSITIVE,108,653449.406,150,9,49152,1.0,0.010932106524705887,0.038523918762803075,0.05965077970176933,0.14452707201242446,0.18538855016231537,0.0,0.0,0.00103759765625,0.042338053385416664,0.9566243489583334,False
M1_CONFIDENCE_GE1,108,653449.406,150,9,49101,0.99896240234375,0.010919341817498207,0.03827594220638275,0.059688031673431396,0.14452888071537018,0.18538855016231537,0.0,0.0,0.00103759765625,0.042338053385416664,0.9566243489583334,False
M2_CONFIDENCE_EQ2,108,653449.406,150,9,47020,0.9566243489583334,0.010725622065365314,0.03542474918067455,0.05615497343242165,0.13425045594572965,0.18538855016231537,0.0,0.0,0.00103759765625,0.042338053385416664,0.9566243489583334,False
M0_RAW_POSITIVE,109,653450.106,151,9,49152,1.0,0.015511111356317997,0.05399784184992314,0.07151999324560161,0.10494617268443107,0.18526314198970795,0.0,0.0,0.05584716796875,0.10257975260416667,0.8415730794270834,False
M1_CONFIDENCE_GE1,109,653450.106,151,9,46407,0.94415283203125,0.015151268802583218,0.049184868484735494,0.06867429763078686,0.10728910237550764,0.18526314198970795,0.0,0.0,0.05584716796875,0.10257975260416667,0.8415730794270834,False
M2_CONFIDENCE_EQ2,109,653450.106,151,9,41365,0.8415730794270834,0.014242582023143768,0.04191287383437155,0.0630433991551399,0.09063983112573624,0.16985782980918884,0.0,0.0,0.05584716796875,0.10257975260416667,0.8415730794270834,False
M0_RAW_POSITIVE,110,653450.206,152,9,49152,1.0,0.0165088577196002,0.055764726921916016,0.07337751239538193,0.10272031210362909,0.18722382187843323,0.0,0.0,0.10062662760416667,0.08321126302083333,0.816162109375,False
M1_CONFIDENCE_GE1,110,653450.206,152,9,44206,0.8993733723958334,0.016591109335422516,0.055251432582736015,0.07194750383496284,0.11090142540633496,0.18722382187843323,0.0,0.0,0.10062662760416667,0.08321126302083333,0.816162109375,False
M2_CONFIDENCE_EQ2,110,653450.206,152,9,40116,0.816162109375,0.016237996518611908,0.05142160505056381,0.06874554231762886,0.09434731379151338,0.18722382187843323,0.0,0.0,0.10062662760416667,0.08321126302083333,0.816162109375,False
M0_RAW_POSITIVE,111,653452.205,164,11,49152,1.0,0.01387610612437129,0.10444147884845735,0.22889005318283967,0.4647144886851301,0.5972598791122437,0.0369873046875,0.003489057479132204,0.191650390625,0.140625,0.667724609375,False
M1_CONFIDENCE_GE1,111,653452.205,164,11,39732,0.808349609375,0.011073480360209942,0.050272526964545254,0.065528304874897,0.09829598985612395,0.27335596084594727,0.0,0.0,0.191650390625,0.140625,0.667724609375,False
M2_CONFIDENCE_EQ2,111,653452.205,164,11,32820,0.667724609375,0.009601225145161152,0.0349601477384568,0.05949008595198392,0.09509705230593689,0.12828321754932404,0.0,0.0,0.191650390625,0.140625,0.667724609375,False
M0_RAW_POSITIVE,112,653452.305,165,11,49152,1.0,0.01575257070362568,0.13470830470323567,0.21016198098659516,0.47726819247007335,0.784059464931488,0.032023111979166664,0.004525317057403076,0.28973388671875,0.14267985026041666,0.5675862630208334,False
M1_CONFIDENCE_GE1,112,653452.305,165,11,34911,0.71026611328125,0.009985093027353287,0.050660669803619385,0.06596262753009796,0.09217816293239604,0.3352351188659668,0.00014322133424994986,0.0,0.28973388671875,0.14267985026041666,0.5675862630208334,False
M2_CONFIDENCE_EQ2,112,653452.305,165,11,27898,0.5675862630208334,0.00840114988386631,0.03757050186395645,0.06127175018191332,0.0798531577736139,0.1552080661058426,0.0,0.0,0.28973388671875,0.14267985026041666,0.5675862630208334,False
M0_RAW_POSITIVE,113,653452.505,166,11,49152,1.0,0.015580376610159874,0.1055923178792,0.163969375938177,0.37692373692989234,0.7687831521034241,0.01641845703125,0.0023292073089574658,0.31146240234375,0.15409342447916666,0.5344441731770834,False
M1_CONFIDENCE_GE1,113,653452.505,166,11,33843,0.68853759765625,0.011109490878880024,0.040402877330780025,0.06473554745316505,0.13359154134988824,0.3158299922943115,5.9096415802381585e-05,0.0,0.31146240234375,0.15409342447916666,0.5344441731770834,False
M2_CONFIDENCE_EQ2,113,653452.505,166,11,26269,0.5344441731770834,0.009663697332143784,0.027370734512805944,0.03630748540163039,0.06827570766210556,0.13399988412857056,0.0,0.0,0.31146240234375,0.15409342447916666,0.5344441731770834,False
M0_RAW_POSITIVE,114,653452.705,167,11,49152,1.0,0.017399494536221027,0.10379367247223856,0.17334512025117854,0.30114143311977365,0.7455352544784546,0.010111490885416666,0.0008746411119350484,0.19964599609375,0.23862711588541666,0.5617268880208334,False
M1_CONFIDENCE_GE1,114,653452.705,167,11,39339,0.80035400390625,0.014335313811898232,0.04856586828827859,0.07954346239566802,0.17534993290901205,0.5918528437614441,0.0002796207326063194,0.0,0.19964599609375,0.23862711588541666,0.5617268880208334,False
M2_CONFIDENCE_EQ2,114,653452.705,167,11,27610,0.5617268880208334,0.012643071822822094,0.0353111281991005,0.045522332750260824,0.08832053504884242,0.2243119478225708,0.0,0.0,0.19964599609375,0.23862711588541666,0.5617268880208334,False
M0_RAW_POSITIVE,115,653453.004,168,11,49152,1.0,0.0237034372985363,0.10880298689007761,0.1912845790386199,0.4096725547313677,0.7343844771385193,0.02191162109375,0.0034985644477401935,0.14923095703125,0.18414306640625,0.6666259765625,False
M1_CONFIDENCE_GE1,115,653453.004,168,11,41817,0.85076904296875,0.019586021080613136,0.06410941630601884,0.07912858724594114,0.12509300529956816,0.3303840160369873,2.391371930076285e-05,0.0,0.14923095703125,0.18414306640625,0.6666259765625,False
M2_CONFIDENCE_EQ2,115,653453.004,168,11,32766,0.6666259765625,0.01811876893043518,0.05968933179974556,0.06554541736841202,0.08680539987981305,0.1454746276140213,0.0,0.0,0.14923095703125,0.18414306640625,0.6666259765625,False
M0_RAW_POSITIVE,116,653453.204,169,11,49152,1.0,0.023846822790801525,0.1600480601191522,0.30275541692972124,0.61705942749977,0.9310420155525208,0.050577799479166664,0.008679862339094556,0.20387776692708334,0.119384765625,0.6767374674479166,False
M1_CONFIDENCE_GE1,116,653453.204,169,11,39131,0.7961222330729166,0.019353751093149185,0.060780953615903854,0.070646271109581,0.19000971168279632,0.3683334290981293,0.0023510771511078173,0.0,0.20387776692708334,0.119384765625,0.6767374674479166,False
M2_CONFIDENCE_EQ2,116,653453.204,169,11,33263,0.6767374674479166,0.019128262996673584,0.054164831340312955,0.06556601524353027,0.08485396713018417,0.23537902534008026,0.0,0.0,0.20387776692708334,0.119384765625,0.6767374674479166,False
M0_RAW_POSITIVE,117,653453.404,170,11,49152,1.0,0.016264325939118862,0.07526420801877975,0.16573453247547112,0.39013222068548165,0.6829500794410706,0.018310546875,0.0019013937215979313,0.15999348958333334,0.12506103515625,0.7149454752604166,False
M1_CONFIDENCE_GE1,117,653453.404,170,11,41288,0.8400065104166666,0.01408551400527358,0.04989667199552062,0.061022812686860564,0.08486569769680499,0.14577536284923553,0.0,0.0,0.15999348958333334,0.12506103515625,0.7149454752604166,False
M2_CONFIDENCE_EQ2,117,653453.404,170,11,35141,0.7149454752604166,0.013812506571412086,0.047559380531311035,0.059898313134908676,0.07937965393066404,0.13141754269599915,0.0,0.0,0.15999348958333334,0.12506103515625,0.7149454752604166,False
M0_RAW_POSITIVE,118,653453.804,171,11,49152,1.0,0.023979058489203453,0.1065953128039837,0.18829965665936457,0.4014414894580839,0.7127755880355835,0.021687825520833332,0.002272165497309528,0.2623697916666667,0.16644287109375,0.5711873372395834,False
M1_CONFIDENCE_GE1,118,653453.804,171,11,36256,0.7376302083333334,0.01979778055101633,0.057899389415979385,0.06804432906210423,0.10871024839580057,0.2561079263687134,0.0,0.0,0.2623697916666667,0.16644287109375,0.5711873372395834,False
M2_CONFIDENCE_EQ2,118,653453.804,171,11,28075,0.5711873372395834,0.01988730952143669,0.05658618435263635,0.06379250809550285,0.09001248329877845,0.2024083137512207,0.0,0.0,0.2623697916666667,0.16644287109375,0.5711873372395834,False
M0_RAW_POSITIVE,119,653454.004,172,11,49152,1.0,0.027093665674328804,0.11794146224856378,0.23433228358626315,0.4381877887248989,0.6830744743347168,0.033182779947916664,0.0029756811743007626,0.3222249348958333,0.22831217447916666,0.449462890625,False
M1_CONFIDENCE_GE1,119,653454.004,172,11,33314,0.6777750651041666,0.02064533159136772,0.06713170260190963,0.08146079443395135,0.12075301647186289,0.625686526298523,0.0016209401452842648,0.0,0.3222249348958333,0.22831217447916666,0.449462890625,False
M2_CONFIDENCE_EQ2,119,653454.004,172,11,22092,0.449462890625,0.01907351240515709,0.06377331018447877,0.07608474232256413,0.0989483154565096,0.13816408812999725,0.0,0.0,0.3222249348958333,0.22831217447916666,0.449462890625,False
M0_RAW_POSITIVE,120,653454.204,173,12,49152,1.0,0.014567234087735415,0.15212498903274538,0.2805693477392194,0.5758115315437317,0.8571686148643494,0.046346028645833336,0.009934782195349191,0.3123575846354167,0.2530721028645833,0.4345703125,False
M1_CONFIDENCE_GE1,120,653454.204,173,12,33799,0.6876424153645834,0.010369598865509033,0.058230914175510406,0.09067001491785044,0.18723399788140963,0.6368694305419922,0.006331548270658895,0.0,0.3123575846354167,0.2530721028645833,0.4345703125,False
M2_CONFIDENCE_EQ2,120,653454.204,173,12,21360,0.4345703125,0.007459099870175123,0.028978885710239415,0.04384687729179858,0.07791370898485181,0.1540905386209488,0.0,0.0,0.3123575846354167,0.2530721028645833,0.4345703125,False
M0_RAW_POSITIVE,121,653454.404,174,12,49152,1.0,0.00941514689475298,0.061228909343481096,0.10118461363017549,0.19497430995106677,0.6593313217163086,0.00274658203125,8.556271747190691e-05,0.13761393229166666,0.18662516276041666,0.6757609049479166,False
M1_CONFIDENCE_GE1,121,653454.404,174,12,42388,0.8623860677083334,0.008009071461856365,0.037574098631739626,0.06106310263276103,0.11135317310690851,0.2142259180545807,0.0,0.0,0.13761393229166666,0.18662516276041666,0.6757609049479166,False
M2_CONFIDENCE_EQ2,121,653454.404,174,12,33215,0.6757609049479166,0.006653497461229563,0.02355165332555772,0.0379391986876726,0.08998818457126619,0.1377873718738556,0.0,0.0,0.13761393229166666,0.18662516276041666,0.6757609049479166,False
M0_RAW_POSITIVE,122,653454.504,175,12,49152,1.0,0.007106106262654066,0.03945271745324135,0.0750144328922033,0.13907393410801883,0.42594969272613525,0.00091552734375,0.0,0.048441569010416664,0.15696207682291666,0.7945963541666666,False
M1_CONFIDENCE_GE1,122,653454.504,175,12,46771,0.9515584309895834,0.006718562915921211,0.03230931982398033,0.058598414063453674,0.11065483987331391,0.201654314994812,0.0,0.0,0.048441569010416664,0.15696207682291666,0.7945963541666666,False
M2_CONFIDENCE_EQ2,122,653454.504,175,12,39056,0.7945963541666666,0.005858435994014144,0.021811178885400295,0.03392586391419172,0.08811048567295063,0.16778825223445892,0.0,0.0,0.048441569010416664,0.15696207682291666,0.7945963541666666,False
M0_RAW_POSITIVE,123,653454.604,176,12,49152,1.0,0.006266522686928511,0.022389237955212592,0.039425713382661286,0.08735025122761722,0.29013219475746155,0.0,0.0,0.023579915364583332,0.12477620442708333,0.8516438802083334,False
M1_CONFIDENCE_GE1,123,653454.604,176,12,47993,0.9764200846354166,0.00607739994302392,0.0208370290696621,0.03599691689014435,0.0763830679655077,0.19123302400112152,0.0,0.0,0.023579915364583332,0.12477620442708333,0.8516438802083334,False
M2_CONFIDENCE_EQ2,123,653454.604,176,12,41860,0.8516438802083334,0.005319675663486123,0.01591322626918554,0.022353920899331546,0.04344596013426776,0.12155410647392273,0.0,0.0,0.023579915364583332,0.12477620442708333,0.8516438802083334,False
M0_RAW_POSITIVE,124,653454.804,177,12,49152,1.0,0.006067520240321755,0.021484355069696908,0.028597901482135,0.04453409653156995,0.07400137186050415,0.0,0.0,0.0213623046875,0.061177571614583336,0.9174601236979166,False
M1_CONFIDENCE_GE1,124,653454.804,177,12,48102,0.9786376953125,0.0059253862127661705,0.02091375458985567,0.026672649942338457,0.041295434087514876,0.07400137186050415,0.0,0.0,0.0213623046875,0.061177571614583336,0.9174601236979166,False
M2_CONFIDENCE_EQ2,124,653454.804,177,12,45095,0.9174601236979166,0.005558086559176445,0.019789273664355275,0.023564823530614374,0.03293947592377653,0.05974923074245453,0.0,0.0,0.0213623046875,0.061177571614583336,0.9174601236979166,False
M0_RAW_POSITIVE,125,653455.004,178,12,49152,1.0,0.00496111623942852,0.02722778301686049,0.040482336468994615,0.058899195194244365,0.16436658799648285,0.0,0.0,0.08526611328125,0.18485514322916666,0.7298787434895834,False
M1_CONFIDENCE_GE1,125,653455.004,178,12,44961,0.91473388671875,0.00477247778326273,0.025412647053599358,0.040587376803159714,0.05901075154542925,0.16436658799648285,0.0,0.0,0.08526611328125,0.18485514322916666,0.7298787434895834,False
M2_CONFIDENCE_EQ2,125,653455.004,178,12,35875,0.7298787434895834,0.004305026028305292,0.025159772485494617,0.04157553538680075,0.05993962459266191,0.0696215108036995,0.0,0.0,0.08526611328125,0.18485514322916666,0.7298787434895834,False
M0_RAW_POSITIVE,126,653455.204,179,12,49152,1.0,0.004549996228888631,0.02348491307348014,0.040310510247945776,0.07021151989698403,0.18888960778713226,0.0,0.0,0.07845052083333333,0.23136393229166666,0.690185546875,False
M1_CONFIDENCE_GE1,126,653455.204,179,12,45296,0.9215494791666666,0.004296274855732918,0.020665669813752174,0.03582754824310541,0.06323873810470108,0.17235733568668365,0.0,0.0,0.07845052083333333,0.23136393229166666,0.690185546875,False
M2_CONFIDENCE_EQ2,126,653455.204,179,12,33924,0.690185546875,0.0034210303565487266,0.01595577858388424,0.02670196136459707,0.05275136675685614,0.07462804019451141,0.0,0.0,0.07845052083333333,0.23136393229166666,0.690185546875,False
M0_RAW_POSITIVE,127,653455.403,180,12,49152,1.0,0.004436869639903307,0.018979385308921355,0.030438203644007417,0.06794437058269966,0.2383916676044464,0.0,0.0,0.05914306640625,0.10890706380208333,0.8319498697916666,False
M1_CONFIDENCE_GE1,127,653455.403,180,12,46245,0.94085693359375,0.004248826298862696,0.01433968190103769,0.025036308169364883,0.05272338822484013,0.2383916676044464,0.0,0.0,0.05914306640625,0.10890706380208333,0.8319498697916666,False
M2_CONFIDENCE_EQ2,127,653455.403,180,12,40892,0.8319498697916666,0.00398445432074368,0.010343720577657223,0.015925724245607842,0.03507372107356781,0.09039232134819031,0.0,0.0,0.05914306640625,0.10890706380208333,0.8319498697916666,False
M0_RAW_POSITIVE,128,653455.603,181,12,49152,1.0,0.007417421089485288,0.03933376632630825,0.07004656046628945,0.13286528423428526,0.2910166382789612,0.0,0.0,0.16048177083333334,0.13303629557291666,0.70648193359375,False
M1_CONFIDENCE_GE1,128,653455.603,181,12,41264,0.8395182291666666,0.006635266821831465,0.02961256634444001,0.03585258927196264,0.05390631552785649,0.21015165746212006,0.0,0.0,0.16048177083333334,0.13303629557291666,0.70648193359375,False
M2_CONFIDENCE_EQ2,128,653455.603,181,12,34725,0.70648193359375,0.0061377123929560184,0.024518498405814174,0.03154373317956924,0.0392426684498787,0.06025192514061928,0.0,0.0,0.16048177083333334,0.13303629557291666,0.70648193359375,False
M0_RAW_POSITIVE,129,653455.903,182,12,49152,1.0,0.00785233499482274,0.028598485700786113,0.0393777959048748,0.06145824868232005,0.23325791954994202,0.0,0.0,0.01336669921875,0.08856201171875,0.8980712890625,False
M1_CONFIDENCE_GE1,129,653455.903,182,12,48495,0.98663330078125,0.0077817183919250965,0.027663639932870857,0.03835156932473181,0.060161371976137135,0.20830005407333374,0.0,0.0,0.01336669921875,0.08856201171875,0.8980712890625,False
M2_CONFIDENCE_EQ2,129,653455.903,182,12,44142,0.8980712890625,0.0074029783718287945,0.024385821260511874,0.0351904483512044,0.05391361624002438,0.08899515122175217,0.0,0.0,0.01336669921875,0.08856201171875,0.8980712890625,False
M0_RAW_POSITIVE,130,653456.103,183,12,49152,1.0,0.007892449386417866,0.021492644026875497,0.03112139236181974,0.0835530813783407,0.22194403409957886,0.0,0.0,0.038411458333333336,0.11710611979166667,0.844482421875,False
M1_CONFIDENCE_GE1,130,653456.103,183,12,47264,0.9615885416666666,0.007738520158454776,0.01974770519882441,0.025372531078755856,0.05659788016229881,0.1839875876903534,0.0,0.0,0.038411458333333336,0.11710611979166667,0.844482421875,False
M2_CONFIDENCE_EQ2,130,653456.103,183,12,41508,0.844482421875,0.007291177054867148,0.016878242231905462,0.021404287964105616,0.032043440639972685,0.08010764420032501,0.0,0.0,0.038411458333333336,0.11710611979166667,0.844482421875,False
M0_RAW_POSITIVE,131,653456.303,184,12,49152,1.0,0.008380439132452011,0.027157396636903287,0.04391296468675133,0.12897755369543953,0.2753596603870392,0.0,0.0,0.04864501953125,0.08921305338541667,0.8621419270833334,False
M1_CONFIDENCE_GE1,131,653456.303,184,12,46761,0.95135498046875,0.008064261637628078,0.023662585765123367,0.03192540630698204,0.05881647840142258,0.1349729597568512,0.0,0.0,0.04864501953125,0.08921305338541667,0.8621419270833334,False
M2_CONFIDENCE_EQ2,131,653456.303,184,12,42376,0.8621419270833334,0.00758001278154552,0.02058966178447008,0.02538318745791912,0.042566060088574886,0.10827480256557465,0.0,0.0,0.04864501953125,0.08921305338541667,0.8621419270833334,False
M0_RAW_POSITIVE,132,653456.503,185,12,49152,1.0,0.008624651469290257,0.03434788957238198,0.05988465715199691,0.15809206888079638,0.4202980399131775,0.0015869140625,0.0,0.07454427083333333,0.076416015625,0.8490397135416666,False
M1_CONFIDENCE_GE1,132,653456.503,185,12,45488,0.9254557291666666,0.007894293870776892,0.02715210914611818,0.043157645128667405,0.14836600899696278,0.4003329277038574,0.0006814984171649666,0.0,0.07454427083333333,0.076416015625,0.8490397135416666,False
M2_CONFIDENCE_EQ2,132,653456.503,185,12,41732,0.8490397135416666,0.007217820268124342,0.02119329143315554,0.028065406903624524,0.061870045624673596,0.18056081235408783,0.0,0.0,0.07454427083333333,0.076416015625,0.8490397135416666,False
M0_RAW_POSITIVE,133,653456.703,186,12,49152,1.0,0.008773594163358212,0.056688939779996915,0.10069945119321344,0.23749945074319828,0.4642737805843353,0.004740397135416667,0.0,0.09781901041666667,0.08542887369791667,0.8167521158854166,False
M1_CONFIDENCE_GE1,133,653456.703,186,12,44344,0.9021809895833334,0.008089115843176842,0.028990806639194518,0.05342378988862037,0.11201906323432921,0.44795307517051697,0.00024806061699440737,0.0,0.09781901041666667,0.08542887369791667,0.8167521158854166,False
M2_CONFIDENCE_EQ2,133,653456.703,186,12,40145,0.8167521158854166,0.007557443808764219,0.019787080585956573,0.02899811677634713,0.07546855390071842,0.15148985385894775,0.0,0.0,0.09781901041666667,0.08542887369791667,0.8167521158854166,False
M0_RAW_POSITIVE,134,653457.003,187,12,49152,1.0,0.01129443058744073,0.11146758124232306,0.18003668934106823,0.30921977400779704,0.5368727445602417,0.011983235677083334,7.605574886391725e-05,0.11092122395833333,0.11553955078125,0.7735392252604166,False
M1_CONFIDENCE_GE1,134,653457.003,187,12,43700,0.8890787760416666,0.010310022160410881,0.03999000005424022,0.07553426139056665,0.17275527641177213,0.41488295793533325,0.0015789473684210526,0.0,0.11092122395833333,0.11553955078125,0.7735392252604166,False
M2_CONFIDENCE_EQ2,134,653457.003,187,12,38021,0.7735392252604166,0.00957304798066616,0.020961793139576912,0.03181563317775726,0.06674031466245656,0.12431900948286057,0.0,0.0,0.11092122395833333,0.11553955078125,0.7735392252604166,False
M0_RAW_POSITIVE,135,653457.203,188,12,49152,1.0,0.013840150088071823,0.10925158634781842,0.17764736786484706,0.2981698104739188,0.40781980752944946,0.009602864583333334,0.0,0.12786865234375,0.14178466796875,0.7303466796875,False
M1_CONFIDENCE_GE1,135,653457.203,188,12,42867,0.87213134765625,0.01182185485959053,0.06537626683712008,0.13857695907354337,0.2837425577640529,0.3685044050216675,0.0071150302097184315,0.0,0.12786865234375,0.14178466796875,0.7303466796875,False
M2_CONFIDENCE_EQ2,135,653457.203,188,12,35898,0.7303466796875,0.010044794529676437,0.03237492442131042,0.05242530256509783,0.20293124362826293,0.3671892285346985,0.004011365535684439,0.0,0.12786865234375,0.14178466796875,0.7303466796875,False
M0_RAW_POSITIVE,136,653457.403,189,12,49152,1.0,0.01777530275285244,0.0992546632885933,0.16723750382661803,0.28062801688909517,0.5899999737739563,0.006815592447916667,0.00019013937215979314,0.12290445963541667,0.19093831380208334,0.6861572265625,False
M1_CONFIDENCE_GE1,136,653457.403,189,12,43111,0.8770955403645834,0.015516367740929127,0.05394154414534569,0.08652118220925331,0.20432943850755714,0.34899845719337463,0.0016005195889680127,0.0,0.12290445963541667,0.19093831380208334,0.6861572265625,False
M2_CONFIDENCE_EQ2,136,653457.403,189,12,33726,0.6861572265625,0.013303151819854975,0.03400243818759918,0.04436116199940443,0.09792931005358696,0.2502903342247009,0.0,0.0,0.12290445963541667,0.19093831380208334,0.6861572265625,False
M0_RAW_POSITIVE,137,653457.603,190,12,49152,1.0,0.020106682553887367,0.09882834032177931,0.19780916273593876,0.39105624616145895,0.8255064487457275,0.017659505208333332,0.0028140627079649384,0.12119547526041667,0.14152018229166666,0.7372843424479166,False
M1_CONFIDENCE_GE1,137,653457.603,190,12,43195,0.8788045247395834,0.018199438229203224,0.0584938533604145,0.07195509970188133,0.20652429044246587,0.4287106394767761,0.0011112397268202337,0.0,0.12119547526041667,0.14152018229166666,0.7372843424479166,False
M2_CONFIDENCE_EQ2,137,653457.603,190,12,36239,0.7372843424479166,0.01690509356558323,0.04796020537614822,0.06046470515429973,0.07246844857931152,0.20062848925590515,0.0,0.0,0.12119547526041667,0.14152018229166666,0.7372843424479166,False
M0_RAW_POSITIVE,138,653457.902,191,12,49152,1.0,0.018535208888351917,0.07335925847291953,0.13321518078446346,0.4067346781492228,0.6694966554641724,0.023396809895833332,0.002738006959101021,0.14158121744791666,0.055623372395833336,0.80279541015625,False
M1_CONFIDENCE_GE1,138,653457.902,191,12,42193,0.8584187825520834,0.016725780442357063,0.04636065289378167,0.06119978427886964,0.07868628740310674,0.34087133407592773,0.00014220368307539164,0.0,0.14158121744791666,0.055623372395833336,0.80279541015625,False
M2_CONFIDENCE_EQ2,138,653457.902,191,12,39459,0.80279541015625,0.01612350344657898,0.04343206733465198,0.05777678862214088,0.0756908297538757,0.10588474571704865,0.0,0.0,0.14158121744791666,0.055623372395833336,0.80279541015625,False
M0_RAW_POSITIVE,139,653458.502,192,12,49152,1.0,0.020097270607948303,0.07121156901121142,0.12258648537099343,0.3953841552138317,0.6781752109527588,0.0155029296875,0.0035460992907801418,0.14530436197916666,0.07346598307291667,0.7812296549479166,False
M1_CONFIDENCE_GE1,139,653458.502,192,12,42010,0.8546956380208334,0.01866136956959963,0.05118289813399314,0.06188376955687997,0.08074292317032812,0.1742292195558548,0.0,0.0,0.14530436197916666,0.07346598307291667,0.7812296549479166,False
M2_CONFIDENCE_EQ2,139,653458.502,192,12,38399,0.7812296549479166,0.018887603655457497,0.051675766706466675,0.06160291731357574,0.07759101018309592,0.13584376871585846,0.0,0.0,0.14530436197916666,0.07346598307291667,0.7812296549479166,False
M0_RAW_POSITIVE,140,653458.702,193,12,49152,1.0,0.02113643568009138,0.06995588913559914,0.12375079393386822,0.4372561109066009,0.7024843692779541,0.021647135416666668,0.002852090582396897,0.09952799479166667,0.12721761067708334,0.77325439453125,False
M1_CONFIDENCE_GE1,140,653458.702,193,12,44260,0.9004720052083334,0.020157257094979286,0.05365846715867519,0.06823813132941722,0.10369028970599149,0.5501969456672668,9.03750564844103e-05,0.0,0.09952799479166667,0.12721761067708334,0.77325439453125,False
M2_CONFIDENCE_EQ2,140,653458.702,193,12,38007,0.77325439453125,0.01966155134141445,0.04583827406167984,0.06209066472947594,0.07415830284357072,0.13817881047725677,0.0,0.0,0.09952799479166667,0.12721761067708334,0.77325439453125,False
M0_RAW_POSITIVE,141,653458.902,194,12,49152,1.0,0.016080303117632866,0.0974600337445736,0.20181775391101836,0.4178719949722287,0.6890984773635864,0.024434407552083332,0.002823569676572928,0.17869059244791666,0.12833658854166666,0.6929728190104166,False
M1_CONFIDENCE_GE1,141,653458.902,194,12,40369,0.8213094075520834,0.014324469491839409,0.03391388580203058,0.05054673478007315,0.11552349328994743,0.31158366799354553,0.00014862889841214794,0.0,0.17869059244791666,0.12833658854166666,0.6929728190104166,False
M2_CONFIDENCE_EQ2,141,653458.902,194,12,34061,0.6929728190104166,0.013678736984729767,0.026519514620304108,0.034816570580005646,0.0585229754447938,0.14612942934036255,0.0,0.0,0.17869059244791666,0.12833658854166666,0.6929728190104166,False
M0_RAW_POSITIVE,142,653459.102,195,12,49152,1.0,0.012308962177485228,0.05670868866145613,0.12223449274897549,0.2572049251198768,0.4416157901287079,0.0052490234375,0.0,0.13808186848958334,0.10963948567708333,0.7522786458333334,False
M1_CONFIDENCE_GE1,142,653459.102,195,12,42365,0.8619181315104166,0.011352764442563057,0.026555592939257605,0.044363208115100854,0.12747863709926607,0.39758628606796265,0.0002596482945827924,0.0,0.13808186848958334,0.10963948567708333,0.7522786458333334,False
M2_CONFIDENCE_EQ2,142,653459.102,195,12,36976,0.7522786458333334,0.010917721781879663,0.02227819338440895,0.028865606524050236,0.05603843089193106,0.1881026029586792,0.0,0.0,0.13808186848958334,0.10963948567708333,0.7522786458333334,False
M0_RAW_POSITIVE,143,653459.302,196,12,49152,1.0,0.010410872753709555,0.034603461995720876,0.08048856705427165,0.21290225774049712,0.4178798794746399,0.0045166015625,0.0,0.06559244791666667,0.09814453125,0.8362630208333334,False
M1_CONFIDENCE_GE1,143,653459.302,196,12,45928,0.9344075520833334,0.009613235015422106,0.025365266203880313,0.04066813439130786,0.11157137118279964,0.38698673248291016,0.0002830517331475353,0.0,0.06559244791666667,0.09814453125,0.8362630208333334,False
M2_CONFIDENCE_EQ2,143,653459.302,196,12,41104,0.8362630208333334,0.009104682132601738,0.021015433035790933,0.028366246260702593,0.05806188609451057,0.36363279819488525,2.4328532502919423e-05,0.0,0.06559244791666667,0.09814453125,0.8362630208333334,False
M0_RAW_POSITIVE,144,653459.602,197,12,49152,1.0,0.008230083156377077,0.027712671644985677,0.04055918101221319,0.10357116714119875,0.38275793194770813,0.0003458658854166667,0.0,0.024332682291666668,0.07047526041666667,0.9051920572916666,False
M1_CONFIDENCE_GE1,144,653459.602,197,12,47956,0.9756673177083334,0.008106277324259281,0.027276759035885334,0.039708894677460194,0.10051979571580882,0.3728382885456085,0.0003127867211610643,0.0,0.024332682291666668,0.07047526041666667,0.9051920572916666,False
M2_CONFIDENCE_EQ2,144,653459.602,197,12,44492,0.9051920572916666,0.007954675238579512,0.025633460842072964,0.03401172682642936,0.061397200711071444,0.3249056935310364,2.2475950732715994e-05,0.0,0.024332682291666668,0.07047526041666667,0.9051920572916666,False
M0_RAW_POSITIVE,145,653459.902,198,12,49152,1.0,0.008920241612941027,0.030790247768163692,0.05365857370197771,0.16325914755463591,0.40614113211631775,0.0003255208333333333,0.0,0.006632486979166667,0.051493326822916664,0.9418741861979166,False
M1_CONFIDENCE_GE1,145,653459.902,198,12,48826,0.9933675130208334,0.008881956338882446,0.02994453441351652,0.05147203151136637,0.16304365172982216,0.40614113211631775,0.0003276942612542498,0.0,0.006632486979166667,0.051493326822916664,0.9418741861979166,False
M2_CONFIDENCE_EQ2,145,653459.902,198,12,46295,0.9418741861979166,0.008601319044828415,0.025421807542443275,0.041049964725971215,0.16009074121713626,0.1963486522436142,0.0,0.0,0.006632486979166667,0.051493326822916664,0.9418741861979166,False
M0_RAW_POSITIVE,146,653460.202,199,12,49152,1.0,0.008031482808291912,0.023666922189295295,0.03512417897582054,0.0668737512826918,0.37666913866996765,0.00010172526041666667,0.0,0.007486979166666667,0.0533447265625,0.9391682942708334,False
M1_CONFIDENCE_GE1,146,653460.202,199,12,48784,0.9925130208333334,0.00798073224723339,0.023164038732647912,0.034049382992088775,0.06277446784079072,0.37666913866996765,0.00010249262053132174,0.0,0.007486979166666667,0.0533447265625,0.9391682942708334,False
M2_CONFIDENCE_EQ2,146,653460.202,199,12,46162,0.9391682942708334,0.0076919361017644405,0.02118288688361645,0.030199279170483293,0.05187731780111789,0.08141341060400009,0.0,0.0,0.007486979166666667,0.0533447265625,0.9391682942708334,False
M0_RAW_POSITIVE,147,653460.401,200,12,49152,1.0,0.00980249885469675,0.024982506223022945,0.03669242858886719,0.057763620279729304,0.35617795586586,0.00014241536458333334,0.0,0.021464029947916668,0.050516764322916664,0.9280192057291666,False
M1_CONFIDENCE_GE1,147,653460.401,200,12,48097,0.9785359700520834,0.009743398055434227,0.024598081782460212,0.036763570457696876,0.0572814251482487,0.33597156405448914,0.00010395658772896438,0.0,0.021464029947916668,0.050516764322916664,0.9280192057291666,False
M2_CONFIDENCE_EQ2,147,653460.401,200,12,45614,0.9280192057291666,0.009628397412598133,0.02315387018024923,0.03519081491976976,0.049984673410654115,0.1369476169347763,0.0,0.0,0.021464029947916668,0.050516764322916664,0.9280192057291666,False
M0_RAW_POSITIVE,148,653460.701,201,12,49152,1.0,0.009695756249129772,0.024768149107694627,0.03651428092271089,0.04996244080364701,0.2630635201931,0.0,0.0,0.00048828125,0.03009033203125,0.96942138671875,False
M1_CONFIDENCE_GE1,148,653460.701,201,12,49128,0.99951171875,0.009694483131170273,0.024752303771674637,0.036480653844773774,0.04968883316963934,0.25287720561027527,0.0,0.0,0.00048828125,0.03009033203125,0.96942138671875,False
M2_CONFIDENCE_EQ2,148,653460.701,201,12,47649,0.96942138671875,0.009566047228872776,0.022775659337639843,0.0348498485982418,0.04529194876551625,0.0767602026462555,0.0,0.0,0.00048828125,0.03009033203125,0.96942138671875,False
M0_RAW_POSITIVE,149,653460.901,202,12,49152,1.0,0.01004039216786623,0.021758960932493212,0.029043551068752997,0.054688167683780126,0.12929098308086395,0.0,0.0,0.0016886393229166667,0.0247802734375,0.9735310872395834,False
M1_CONFIDENCE_GE1,149,653460.901,202,12,49069,0.9983113606770834,0.010024260729551315,0.021749264001846316,0.028945685550570466,0.054317136555910084,0.12929098308086395,0.0,0.0,0.0016886393229166667,0.0247802734375,0.9735310872395834,False
M2_CONFIDENCE_EQ2,149,653460.901,202,12,47851,0.9735310872395834,0.009878144599497318,0.021261248737573624,0.027330048382282257,0.05025196075439453,0.12929098308086395,0.0,0.0,0.0016886393229166667,0.0247802734375,0.9735310872395834,False
M0_RAW_POSITIVE,150,653461.101,203,12,49152,1.0,0.008930988609790802,0.019108263403177263,0.026380789000540965,0.049421154558658545,0.13481050729751587,0.0,0.0,0.0,0.025797526041666668,0.9742024739583334,False
M1_CONFIDENCE_GE1,150,653461.101,203,12,49152,1.0,0.008930988609790802,0.019108263403177263,0.026380789000540965,0.049421154558658545,0.13481050729751587,0.0,0.0,0.0,0.025797526041666668,0.9742024739583334,False
M2_CONFIDENCE_EQ2,150,653461.101,203,12,47884,0.9742024739583334,0.008759007789194584,0.018237279541790493,0.023414619173854585,0.044086028039455376,0.13481050729751587,0.0,0.0,0.0,0.025797526041666668,0.9742024739583334,False
M0_RAW_POSITIVE,151,653461.301,204,12,49152,1.0,0.009683157783001661,0.022682724893093115,0.03270806930959224,0.07342279821634291,0.15218205749988556,0.0,0.0,0.06439208984375,0.035013834635416664,0.9005940755208334,False
M1_CONFIDENCE_GE1,151,653461.301,204,12,45987,0.93560791015625,0.009361897595226765,0.021031918004155162,0.026378427259623964,0.04595541641116138,0.13015642762184143,0.0,0.0,0.06439208984375,0.035013834635416664,0.9005940755208334,False
M2_CONFIDENCE_EQ2,151,653461.301,204,12,44266,0.9005940755208334,0.009248438756912947,0.020647358149290085,0.025163790211081505,0.0394923776388168,0.13015642762184143,0.0,0.0,0.06439208984375,0.035013834635416664,0.9005940755208334,False
M0_RAW_POSITIVE,152,653461.401,205,12,49152,1.0,0.01055541355162859,0.025561494566500188,0.03244586028158665,0.043400017023086455,0.1363382488489151,0.0,0.0,0.033711751302083336,0.026448567708333332,0.9398396809895834,False
M1_CONFIDENCE_GE1,152,653461.401,205,12,47495,0.9662882486979166,0.010416265577077866,0.024800962582230558,0.03186064101755618,0.040734334066510156,0.09705448895692825,0.0,0.0,0.033711751302083336,0.026448567708333332,0.9398396809895834,False
M2_CONFIDENCE_EQ2,152,653461.401,205,12,46195,0.9398396809895834,0.010404779575765133,0.024468541890382764,0.03152435831725597,0.03975278660655022,0.07584535330533981,0.0,0.0,0.033711751302083336,0.026448567708333332,0.9398396809895834,False
M0_RAW_POSITIVE,153,653461.601,206,12,49152,1.0,0.010770110879093409,0.029260186478495598,0.035834292136132706,0.04691978015005588,0.31958991289138794,2.0345052083333332e-05,0.0,0.01177978515625,0.0361328125,0.95208740234375,False
M1_CONFIDENCE_GE1,153,653461.601,206,12,48573,0.98822021484375,0.01064198650419712,0.028924512863159186,0.03553002029657364,0.045487156808376304,0.31958991289138794,2.058756922570152e-05,0.0,0.01177978515625,0.0361328125,0.95208740234375,False
M2_CONFIDENCE_EQ2,153,653461.601,206,12,46797,0.95208740234375,0.01053531188517809,0.028678243607282654,0.03522903025150299,0.04455182492733002,0.08742213249206543,0.0,0.0,0.01177978515625,0.0361328125,0.95208740234375,False
M0_RAW_POSITIVE,154,653461.801,207,12,49152,1.0,0.009091589599847794,0.032968421652913096,0.039634762704372405,0.04953560397028922,0.2546001970767975,0.0,0.0,0.025390625,0.036376953125,0.938232421875,False
M1_CONFIDENCE_GE1,154,653461.801,207,12,47904,0.974609375,0.008993393741548061,0.03275228776037696,0.03946808967739343,0.049066894911229626,0.2546001970767975,0.0,0.0,0.025390625,0.036376953125,0.938232421875,False
M2_CONFIDENCE_EQ2,154,653461.801,207,12,46116,0.938232421875,0.008978195488452911,0.032745977863669395,0.03925023972988129,0.048000322841107834,0.09182213246822357,0.0,0.0,0.025390625,0.036376953125,0.938232421875,False
M0_RAW_POSITIVE,155,653462.001,208,12,49152,1.0,0.012311683502048254,0.03775447122752667,0.04540682565420866,0.10279605805873868,0.25038743019104004,0.0,0.0,0.0208740234375,0.035359700520833336,0.9437662760416666,False
M1_CONFIDENCE_GE1,155,653462.001,208,12,48126,0.9791259765625,0.01214553602039814,0.036434391513466835,0.04291862528771162,0.059459990821778774,0.25038743019104004,0.0,0.0,0.0208740234375,0.035359700520833336,0.9437662760416666,False
M2_CONFIDENCE_EQ2,155,653462.001,208,12,46388,0.9437662760416666,0.012049679178744555,0.03578811809420586,0.04189356043934822,0.05371391296386709,0.09756295382976532,0.0,0.0,0.0208740234375,0.035359700520833336,0.9437662760416666,False
M0_RAW_POSITIVE,156,653462.201,209,12,49152,1.0,0.01581098698079586,0.04722519777715206,0.06202385053038596,0.0880968782305717,0.19397908449172974,0.0,0.0,0.013407389322916666,0.04144287109375,0.9451497395833334,False
M1_CONFIDENCE_GE1,156,653462.201,209,12,48493,0.9865926106770834,0.01570184901356697,0.045645561069250135,0.06007928177714349,0.08336415380239494,0.19397908449172974,0.0,0.0,0.013407389322916666,0.04144287109375,0.9451497395833334,False
M2_CONFIDENCE_EQ2,156,653462.201,209,12,46456,0.9451497395833334,0.015590010676532984,0.04225469380617142,0.057222227565944195,0.07586603015661236,0.10882784426212311,0.0,0.0,0.013407389322916666,0.04144287109375,0.9451497395833334,False
M0_RAW_POSITIVE,157,653462.401,210,12,49152,1.0,0.013283270876854658,0.038097234442830086,0.06441478691995138,0.11742464907467354,0.1787777841091156,0.0,0.0,0.029032389322916668,0.06292724609375,0.9080403645833334,False
M1_CONFIDENCE_GE1,157,653462.401,210,12,47725,0.9709676106770834,0.013215849176049232,0.034797579795122144,0.04949257597327226,0.10785680711269394,0.1787777841091156,0.0,0.0,0.029032389322916668,0.06292724609375,0.9080403645833334,False
M2_CONFIDENCE_EQ2,157,653462.401,210,12,44632,0.9080403645833334,0.013091209344565868,0.03055913299322129,0.04072290286421776,0.07501569643616682,0.12378014624118805,0.0,0.0,0.029032389322916668,0.06292724609375,0.9080403645833334,False
M0_RAW_POSITIVE,158,653462.601,211,12,49152,1.0,0.013216680381447077,0.03936387859284878,0.05779335517436255,0.1254064285755156,0.6744310855865479,0.0016276041666666667,0.0006559808339512863,0.08237711588541667,0.07814534505208333,0.8394775390625,False
M1_CONFIDENCE_GE1,158,653462.601,211,12,45103,0.9176228841145834,0.012749255634844303,0.029725201055407525,0.04055004790425303,0.07024129837751392,0.15825912356376648,0.0,0.0,0.08237711588541667,0.07814534505208333,0.8394775390625,False
M2_CONFIDENCE_EQ2,158,653462.601,211,12,41262,0.8394775390625,0.012438662350177765,0.02532776407897473,0.03325773775577544,0.05422537364065647,0.09642964601516724,0.0,0.0,0.08237711588541667,0.07814534505208333,0.8394775390625,False
M0_RAW_POSITIVE,159,653462.800,212,12,49152,1.0,0.010798708070069551,0.051156499609351175,0.07495870254933827,0.11142516516149042,0.15941481292247772,0.0,0.0,0.039103190104166664,0.09674072265625,0.8641560872395834,False
M1_CONFIDENCE_GE1,159,653462.800,212,12,47230,0.9608968098958334,0.010297367814928293,0.04707466922700405,0.07021419890224927,0.10990316838026046,0.15941481292247772,0.0,0.0,0.039103190104166664,0.09674072265625,0.8641560872395834,False
M2_CONFIDENCE_EQ2,159,653462.800,212,12,42475,0.8641560872395834,0.009089150466024876,0.03886148408055305,0.05597222074866294,0.10246670693159124,0.15808916091918945,0.0,0.0,0.039103190104166664,0.09674072265625,0.8641560872395834,False
M0_RAW_POSITIVE,160,653463.000,213,12,49152,1.0,0.01240122877061367,0.049238621070981044,0.07102034613490103,0.11407309919595683,0.36903730034828186,0.0011189778645833333,0.0,0.0595703125,0.11598714192708333,0.8244425455729166,False
M1_CONFIDENCE_GE1,160,653463.000,213,12,46224,0.9404296875,0.01135334838181734,0.04185520410537721,0.05746787097305059,0.09288980342447753,0.2392496019601822,0.0,0.0,0.0595703125,0.11598714192708333,0.8244425455729166,False
M2_CONFIDENCE_EQ2,160,653463.000,213,12,40523,0.8244425455729166,0.010028071701526642,0.03431738018989564,0.04616687223315239,0.08206438958644866,0.15102925896644592,0.0,0.0,0.0595703125,0.11598714192708333,0.8244425455729166,False
M0_RAW_POSITIVE,161,653463.200,214,12,49152,1.0,0.01279002707451582,0.05573094189167023,0.07989155054092403,0.15576541095972052,0.505324125289917,0.004353841145833333,0.00013309756051185518,0.06876627604166667,0.13930257161458334,0.79193115234375,False
M1_CONFIDENCE_GE1,161,653463.200,214,12,45772,0.9312337239583334,0.012292352505028248,0.05028119608759883,0.06803076006472107,0.12817268237471582,0.16405519843101501,0.0,0.0,0.06876627604166667,0.13930257161458334,0.79193115234375,False
M2_CONFIDENCE_EQ2,161,653463.200,214,12,38925,0.79193115234375,0.011591167189180851,0.04232330545783041,0.06128509193658822,0.10869966834783562,0.16405519843101501,0.0,0.0,0.06876627604166667,0.13930257161458334,0.79193115234375,False
M0_RAW_POSITIVE,162,653463.500,215,12,49152,1.0,0.014193558599799871,0.05706256218254566,0.07860650718212127,0.14694327712058958,0.3905898928642273,0.0032755533854166665,0.0,0.045003255208333336,0.16078694661458334,0.7942097981770834,False
M1_CONFIDENCE_GE1,162,653463.500,215,12,46940,0.9549967447916666,0.013666019309312105,0.05279685147106647,0.07108953334391116,0.11107890225946906,0.20602500438690186,0.0,0.0,0.045003255208333336,0.16078694661458334,0.7942097981770834,False
M2_CONFIDENCE_EQ2,162,653463.500,215,12,39037,0.7942097981770834,0.012707159854471684,0.042774563282728224,0.059543754160404194,0.10160442024469374,0.17461681365966797,0.0,0.0,0.045003255208333336,0.16078694661458334,0.7942097981770834,False
M0_RAW_POSITIVE,163,653463.700,216,12,49152,1.0,0.015149028040468693,0.055305885896086704,0.07568993456661695,0.1137014745175837,0.17256098985671997,0.0,0.0,0.021464029947916668,0.1185302734375,0.8600056966145834,False
M1_CONFIDENCE_GE1,163,653463.700,216,12,48097,0.9785359700520834,0.014916128478944302,0.05471010431647302,0.07517394572496412,0.11277758121490479,0.17256098985671997,0.0,0.0,0.021464029947916668,0.1185302734375,0.8600056966145834,False
M2_CONFIDENCE_EQ2,163,653463.700,216,12,42271,0.8600056966145834,0.013661244884133339,0.048066046088933945,0.06513164192438126,0.09637562632560732,0.17256098985671997,0.0,0.0,0.021464029947916668,0.1185302734375,0.8600056966145834,False
M0_RAW_POSITIVE,164,653463.900,217,12,49152,1.0,0.01794456411153078,0.07272808700799945,0.12230227291584007,1.4286034607887268,1.6341443061828613,0.035176595052083336,0.015306219458863346,0.21541341145833334,0.15138753255208334,0.6331990559895834,False
M1_CONFIDENCE_GE1,164,653463.900,217,12,38564,0.7845865885416666,0.014160745777189732,0.04870197735726837,0.0683873303234577,0.11498985506594193,0.16935327649116516,0.0,0.0,0.21541341145833334,0.15138753255208334,0.6331990559895834,False
M2_CONFIDENCE_EQ2,164,653463.900,217,12,31123,0.6331990559895834,0.012193151749670506,0.042873446643352506,0.05848293192684649,0.09795295506715769,0.15473948419094086,0.0,0.0,0.21541341145833334,0.15138753255208334,0.6331990559895834,False
M0_RAW_POSITIVE,165,653464.100,218,12,49152,1.0,0.014720608480274677,0.08684675544500355,0.371578812599181,1.753688753843307,1.8821477890014648,0.05316162109375,0.021932576578632137,0.11942545572916667,0.14310709635416666,0.7374674479166666,False
M1_CONFIDENCE_GE1,165,653464.100,218,12,43282,0.8805745442708334,0.012868361081928015,0.04177878573536874,0.06120054759085173,0.11582956790924072,0.1851949244737625,0.0,0.0,0.11942545572916667,0.14310709635416666,0.7374674479166666,False
M2_CONFIDENCE_EQ2,165,653464.100,218,12,36248,0.7374674479166666,0.011709414888173342,0.03412005417048931,0.047145138494670405,0.07995631858706473,0.1851949244737625,0.0,0.0,0.11942545572916667,0.14310709635416666,0.7374674479166666,False
M0_RAW_POSITIVE,166,653464.300,219,12,49152,1.0,0.013294239062815905,0.051163025572896016,0.08017792813479897,0.24643262028694143,1.5321654081344604,0.009236653645833334,0.0039453919723157075,0.07926432291666667,0.16868082682291666,0.7520548502604166,False
M1_CONFIDENCE_GE1,166,653464.300,219,12,45256,0.9207356770833334,0.012227308005094528,0.04152116738259792,0.060199882835149765,0.10115296654403197,0.17914193868637085,0.0,0.0,0.07926432291666667,0.16868082682291666,0.7520548502604166,False
M2_CONFIDENCE_EQ2,166,653464.300,219,12,36965,0.7520548502604166,0.010703674517571926,0.03158396705985069,0.04308408051729194,0.07863783717155458,0.17914193868637085,0.0,0.0,0.07926432291666667,0.16868082682291666,0.7520548502604166,False
M0_RAW_POSITIVE,167,653464.500,220,12,49152,1.0,0.012452343944460154,0.037990965694189076,0.054196164943277815,0.07938035152852531,0.16141211986541748,0.0,0.0,0.0106201171875,0.08343505859375,0.90594482421875,False
M1_CONFIDENCE_GE1,167,653464.500,220,12,48630,0.9893798828125,0.012321645393967628,0.03726703114807606,0.053230192326009264,0.07834496714174748,0.16141211986541748,0.0,0.0,0.0106201171875,0.08343505859375,0.90594482421875,False
M2_CONFIDENCE_EQ2,167,653464.500,220,12,44529,0.90594482421875,0.011720321141183376,0.03253842294216158,0.047995546460151674,0.07362452536821366,0.16141211986541748,0.0,0.0,0.0106201171875,0.08343505859375,0.90594482421875,False
M0_RAW_POSITIVE,168,653464.700,221,12,49152,1.0,0.012873395811766386,0.051796023175120366,0.06606702916324138,0.09435182787477968,0.1760001927614212,0.0,0.0,0.01531982421875,0.08601888020833333,0.8986612955729166,False
M1_CONFIDENCE_GE1,168,653464.700,221,12,48399,0.98468017578125,0.012780954129993916,0.05110235363245014,0.06587427258491516,0.09413914129137978,0.1760001927614212,0.0,0.0,0.01531982421875,0.08601888020833333,0.8986612955729166,False
M2_CONFIDENCE_EQ2,168,653464.700,221,12,44171,0.8986612955729166,0.01245645247399807,0.04986368864774704,0.06525998190045357,0.08952091559767728,0.1668378710746765,0.0,0.0,0.01531982421875,0.08601888020833333,0.8986612955729166,False
M0_RAW_POSITIVE,169,653464.900,222,12,49152,1.0,0.011485627386718988,0.058083983510732656,0.0697106674313545,0.09540167383849614,0.22021986544132233,0.0,0.0,0.012308756510416666,0.07987467447916667,0.9078165690104166,False
M1_CONFIDENCE_GE1,169,653464.900,222,12,48547,0.9876912434895834,0.011368687264621258,0.057571071386337304,0.0692537114024162,0.09340001598000533,0.14747829735279083,0.0,0.0,0.012308756510416666,0.07987467447916667,0.9078165690104166,False
M2_CONFIDENCE_EQ2,169,653464.900,222,12,44621,0.9078165690104166,0.010844836011528969,0.055843841284513474,0.06719010323286057,0.08714409321546569,0.13278205692768097,0.0,0.0,0.012308756510416666,0.07987467447916667,0.9078165690104166,False
M0_RAW_POSITIVE,170,653465.200,223,12,49152,1.0,0.009331002831459045,0.05380516052246094,0.06501912288367745,0.07789509892463672,0.1824425607919693,0.0,0.0,0.008565266927083334,0.046793619791666664,0.94464111328125,False
M1_CONFIDENCE_GE1,170,653465.200,223,12,48731,0.9914347330729166,0.009284230880439281,0.05331721901893616,0.06413614749908447,0.07154009491205215,0.15175089240074158,0.0,0.0,0.008565266927083334,0.046793619791666664,0.94464111328125,False
M2_CONFIDENCE_EQ2,170,653465.200,223,12,46431,0.94464111328125,0.00907784141600132,0.05173138901591301,0.06236202083528042,0.07017342001199722,0.10463380813598633,0.0,0.0,0.008565266927083334,0.046793619791666664,0.94464111328125,False
M0_RAW_POSITIVE,171,653465.499,224,12,49152,1.0,0.011080842465162277,0.06138294860720635,0.06722841374576091,0.11968709640204903,0.25876063108444214,0.0,0.0,0.057637532552083336,0.07847086588541667,0.8638916015625,False
M1_CONFIDENCE_GE1,171,653465.499,224,12,46319,0.9423624674479166,0.01042127050459385,0.05751231014728551,0.06487965509295464,0.08539419919252396,0.1337759643793106,0.0,0.0,0.057637532552083336,0.07847086588541667,0.8638916015625,False
M2_CONFIDENCE_EQ2,171,653465.499,224,12,42462,0.8638916015625,0.010235392488539219,0.05690328367054463,0.06447145380079745,0.07687086939811706,0.13229325413703918,0.0,0.0,0.057637532552083336,0.07847086588541667,0.8638916015625,False
M0_RAW_POSITIVE,172,653465.699,225,12,49152,1.0,0.01702288258820772,0.07110022827982904,0.10371184796094884,0.2103861625492572,0.3751504719257355,0.0040283203125,0.0,0.17612711588541666,0.10243733723958333,0.721435546875,False
M1_CONFIDENCE_GE1,172,653465.699,225,12,40495,0.8238728841145834,0.014165190048515797,0.0626554697751999,0.06773563176393507,0.11133309379219991,0.1765577644109726,0.0,0.0,0.17612711588541666,0.10243733723958333,0.721435546875,False
M2_CONFIDENCE_EQ2,172,653465.699,225,12,35460,0.721435546875,0.012957850936800241,0.060036151111125945,0.06501021608710289,0.07751799404621104,0.13753634691238403,0.0,0.0,0.17612711588541666,0.10243733723958333,0.721435546875,False
M0_RAW_POSITIVE,173,653465.799,226,12,49152,1.0,0.022721154615283012,0.09992008134722713,0.2229877531528469,0.443168540596962,0.5360673666000366,0.038065592447916664,0.0013499895423345312,0.18564860026041666,0.11446126302083333,0.69989013671875,False
M1_CONFIDENCE_GE1,173,653465.799,226,12,40027,0.8143513997395834,0.01787051558494568,0.06208069697022439,0.07404409274458879,0.10758172437548631,0.23946289718151093,0.0,0.0,0.18564860026041666,0.11446126302083333,0.69989013671875,False
M2_CONFIDENCE_EQ2,173,653465.799,226,12,34401,0.69989013671875,0.01650257594883442,0.060507502406835556,0.06493214517831802,0.09555590897798538,0.14441698789596558,0.0,0.0,0.18564860026041666,0.11446126302083333,0.69989013671875,False
M0_RAW_POSITIVE,174,653465.899,227,12,49152,1.0,0.030585110187530518,0.3274139672517778,0.46799743324518106,0.75063510119915,0.8560850024223328,0.11509195963541667,0.022103702013575952,0.3345540364583333,0.13993326822916666,0.5255126953125,False
M1_CONFIDENCE_GE1,174,653465.899,227,12,32708,0.6654459635416666,0.01840430684387684,0.07156694754958152,0.09316235519945613,0.15638598203659065,0.4214014410972595,0.0018038400391341568,0.0,0.3345540364583333,0.13993326822916666,0.5255126953125,False
M2_CONFIDENCE_EQ2,174,653465.899,227,12,25830,0.5255126953125,0.015193942468613386,0.06488605067133904,0.07174157761037349,0.10521642945706838,0.15175214409828186,0.0,0.0,0.3345540364583333,0.13993326822916666,0.5255126953125,False
M0_RAW_POSITIVE,175,653466.099,228,12,49152,1.0,0.03272974491119385,0.26236895024776463,0.3610599279403685,0.5784693092107771,0.7769038677215576,0.07729085286458333,0.009849219477877284,0.43017578125,0.2078857421875,0.3619384765625,False
M1_CONFIDENCE_GE1,175,653466.099,228,12,28008,0.56982421875,0.023772702552378178,0.07602194696664809,0.09750838577747341,0.15729862108826642,0.4235948622226715,0.0034632962010854042,0.0,0.43017578125,0.2078857421875,0.3619384765625,False
M2_CONFIDENCE_EQ2,175,653466.099,228,12,17790,0.3619384765625,0.020117007195949554,0.05770776681602001,0.07160997688770293,0.0956105928122998,0.1395307034254074,0.0,0.0,0.43017578125,0.2078857421875,0.3619384765625,False
M0_RAW_POSITIVE,176,653466.299,229,12,49152,1.0,0.034576281905174255,0.18990966230630876,0.2837493702769279,0.4138598462939261,0.7241411209106445,0.042928059895833336,0.002015477344893807,0.3353474934895833,0.19386800130208334,0.4707845052083333,False
M1_CONFIDENCE_GE1,176,653466.299,229,12,32669,0.6646525065104166,0.02539500966668129,0.0867741659283638,0.11454264670610424,0.2021551728248596,0.41412436962127686,0.00440784841899048,0.0,0.3353474934895833,0.19386800130208334,0.4707845052083333,False
M2_CONFIDENCE_EQ2,176,653466.299,229,12,23140,0.4707845052083333,0.021952135488390923,0.052259880676865586,0.0782852370291948,0.11946416758000868,0.1898079514503479,0.0,0.0,0.3353474934895833,0.19386800130208334,0.4707845052083333,False
M0_RAW_POSITIVE,177,653466.499,230,12,49152,1.0,0.022987455129623413,0.10845414102077484,0.1774700410664081,0.5567940181493753,0.8325623869895935,0.031575520833333336,0.006303120187097142,0.21103922526041666,0.15159098307291666,0.6373697916666666,False
M1_CONFIDENCE_GE1,177,653466.499,230,12,38779,0.7889607747395834,0.02150130830705166,0.08394654095172883,0.10294708386063575,0.12647071808576585,0.3027302622795105,2.5787152840454884e-05,0.0,0.21103922526041666,0.15159098307291666,0.6373697916666666,False
M2_CONFIDENCE_EQ2,177,653466.499,230,12,31328,0.6373697916666666,0.021980591118335724,0.08428296595811843,0.10197817459702492,0.11924689337611198,0.18186987936496735,0.0,0.0,0.21103922526041666,0.15159098307291666,0.6373697916666666,False
M0_RAW_POSITIVE,178,653466.699,231,12,49152,1.0,0.014141523744910955,0.08416450023651127,0.11285265311598766,0.44561175107955875,0.8954149484634399,0.021402994791666668,0.0029566672370847833,0.12721761067708334,0.09586588541666667,0.77691650390625,False
M1_CONFIDENCE_GE1,178,653466.699,231,12,42899,0.8727823893229166,0.013550874777138233,0.05769758522510531,0.08644074946641922,0.10900981098413468,0.1605733335018158,0.0,0.0,0.12721761067708334,0.09586588541666667,0.77691650390625,False
M2_CONFIDENCE_EQ2,178,653466.699,231,12,38187,0.77691650390625,0.012873795814812183,0.0555230811238289,0.08703591004014014,0.10871237576007843,0.15443694591522217,0.0,0.0,0.12721761067708334,0.09586588541666667,0.77691650390625,False
M0_RAW_POSITIVE,179,653467.299,232,12,49152,1.0,0.01696490589529276,0.11460783928632742,0.3143031001090999,0.6044589382410048,0.9592164754867554,0.052652994791666664,0.009459433764949707,0.2373046875,0.12392171223958333,0.6387736002604166,False
M1_CONFIDENCE_GE1,179,653467.299,232,12,37488,0.7626953125,0.01344108022749424,0.06537212431430818,0.08707425780594351,0.10955898277461526,0.14173489809036255,0.0,0.0,0.2373046875,0.12392171223958333,0.6387736002604166,False
M2_CONFIDENCE_EQ2,179,653467.299,232,12,31397,0.6387736002604166,0.012770697474479675,0.0611112490296364,0.08747218549251554,0.1094555762410164,0.14173489809036255,0.0,0.0,0.2373046875,0.12392171223958333,0.6387736002604166,False
M0_RAW_POSITIVE,180,653467.499,233,12,49152,1.0,0.026447394862771034,0.1490766912698746,0.5901616752147671,0.9312517076730727,1.098106861114502,0.07379150390625,0.027151902344418458,0.30108642578125,0.20456949869791666,0.4943440755208333,False
M1_CONFIDENCE_GE1,180,653467.499,233,12,34353,0.69891357421875,0.022473948076367378,0.07428786754608155,0.1078564018011093,0.12121089756488804,0.5059303641319275,0.0010188338718598085,0.0,0.30108642578125,0.20456949869791666,0.4943440755208333,False
M2_CONFIDENCE_EQ2,180,653467.499,233,12,24298,0.4943440755208333,0.02218246180564165,0.07987449318170542,0.11122613400220867,0.12146679006516932,0.1380406767129898,0.0,0.0,0.30108642578125,0.20456949869791666,0.4943440755208333,False
M0_RAW_POSITIVE,181,653467.599,234,12,49152,1.0,0.028634343296289444,0.1552937433123589,0.24748354852199542,0.38257954150438295,0.8543298244476318,0.030558268229166668,0.0009792177666229345,0.4006551106770833,0.2626749674479167,0.336669921875,False
M1_CONFIDENCE_GE1,181,653467.599,234,12,29459,0.5993448893229166,0.02028409205377102,0.06642879098653794,0.08384859189391118,0.13485291481018058,0.22264930605888367,0.0,0.0,0.4006551106770833,0.2626749674479167,0.336669921875,False
M2_CONFIDENCE_EQ2,181,653467.599,234,12,16548,0.336669921875,0.017143670469522476,0.050499718263745316,0.060592958517372585,0.0880661475658419,0.14725656807422638,0.0,0.0,0.4006551106770833,0.2626749674479167,0.336669921875,False
M0_RAW_POSITIVE,182,653467.698,235,12,49152,1.0,0.046938611194491386,0.3609961688518525,0.5216421008110035,0.8427550107240677,0.9590728878974915,0.129150390625,0.026724088757058923,0.5556437174479166,0.15816243489583334,0.28619384765625,False
M1_CONFIDENCE_GE1,182,653467.698,235,12,21841,0.4443562825520833,0.022973665967583656,0.0715065523982048,0.08483785390853882,0.1224610328674316,0.20257675647735596,0.0,0.0,0.5556437174479166,0.15816243489583334,0.28619384765625,False
M2_CONFIDENCE_EQ2,182,653467.698,235,12,14067,0.28619384765625,0.020113345235586166,0.06330275982618332,0.0742220714688301,0.0961654454469681,0.12773768603801727,0.0,0.0,0.5556437174479166,0.15816243489583334,0.28619384765625,False
M0_RAW_POSITIVE,183,653467.798,236,12,49152,1.0,0.03609118424355984,0.3332458794116976,0.5538619667291641,0.7872579503059386,0.9835537672042847,0.10589599609375,0.03337896678265168,0.2922159830729167,0.20564778645833334,0.50213623046875,False
M1_CONFIDENCE_GE1,183,653467.798,236,12,34789,0.7077840169270834,0.025665998458862305,0.06053393855690957,0.08352685272693632,0.2649924015998911,0.6737809777259827,0.009399522837678576,0.0,0.2922159830729167,0.20564778645833334,0.50213623046875,False
M2_CONFIDENCE_EQ2,183,653467.798,236,12,24681,0.50213623046875,0.023518815636634827,0.0555623434484005,0.05956314876675606,0.08333467990160007,0.13312922418117523,0.0,0.0,0.2922159830729167,0.20564778645833334,0.50213623046875,False
M0_RAW_POSITIVE,184,653467.898,237,12,49152,1.0,0.02234423067420721,0.19633483588695533,0.3154872432351112,0.3989497524499892,0.524627685546875,0.05767822265625,0.0004087996501435552,0.3073933919270833,0.1702880859375,0.5223185221354166,False
M1_CONFIDENCE_GE1,184,653467.898,237,12,34043,0.6926066080729166,0.015565702691674232,0.05115605667233467,0.057776220142841284,0.09876959756016733,0.25894540548324585,0.0,0.0,0.3073933919270833,0.1702880859375,0.5223185221354166,False
M2_CONFIDENCE_EQ2,184,653467.898,237,12,25673,0.5223185221354166,0.01440509594976902,0.04975291937589645,0.053265703469514834,0.07581137359142301,0.1260731965303421,0.0,0.0,0.3073933919270833,0.1702880859375,0.5223185221354166,False
M0_RAW_POSITIVE,185,653467.998,238,12,49152,1.0,0.014238080475479364,0.06139846928417684,0.13451678752899157,0.30962741166353225,0.3926027715206146,0.011861165364583334,0.0,0.15606689453125,0.14845784505208334,0.6954752604166666,False
M1_CONFIDENCE_GE1,185,653467.998,238,12,41481,0.84393310546875,0.011931877583265305,0.048221416771411896,0.05581339821219444,0.09938039034605024,0.2501368820667267,0.0,0.0,0.15606689453125,0.14845784505208334,0.6954752604166666,False
M2_CONFIDENCE_EQ2,185,653467.998,238,12,34184,0.6954752604166666,0.010857108514755964,0.045362285897135736,0.052367388457059856,0.06130914773792027,0.16848963499069214,0.0,0.0,0.15606689453125,0.14845784505208334,0.6954752604166666,False
M0_RAW_POSITIVE,186,653468.198,239,12,49152,1.0,0.010561198927462101,0.03954654335975647,0.04752118792384861,0.0564606164768338,0.1181858703494072,0.0,0.0,0.0531005859375,0.0391845703125,0.90771484375,False
M1_CONFIDENCE_GE1,186,653468.198,239,12,46542,0.9468994140625,0.009972989093512297,0.0400787428021431,0.047943770140409465,0.056733209267258645,0.1181858703494072,0.0,0.0,0.0531005859375,0.0391845703125,0.90771484375,False
M2_CONFIDENCE_EQ2,186,653468.198,239,12,44616,0.90771484375,0.009695666376501322,0.0399039201438427,0.047754816710948944,0.05590584781020879,0.1181858703494072,0.0,0.0,0.0531005859375,0.0391845703125,0.90771484375,False
M0_RAW_POSITIVE,187,653468.398,240,12,49152,1.0,0.007815300486981869,0.028532386012375368,0.0358702789992094,0.043859838172793375,0.09082180261611938,0.0,0.0,0.025309244791666668,0.029398600260416668,0.9452921549479166,False
M1_CONFIDENCE_GE1,187,653468.398,240,12,47908,0.9746907552083334,0.007646039593964815,0.028036466427147397,0.03555702306330205,0.04380049053579569,0.09082180261611938,0.0,0.0,0.025309244791666668,0.029398600260416668,0.9452921549479166,False
M2_CONFIDENCE_EQ2,187,653468.398,240,12,46463,0.9452921549479166,0.007493038196116686,0.02751942314207555,0.03530416414141655,0.04335991688072679,0.0765569806098938,0.0,0.0,0.025309244791666668,0.029398600260416668,0.9452921549479166,False
M0_RAW_POSITIVE,188,653468.898,241,12,49152,1.0,0.011811412870883942,0.028397014178335688,0.039361922629177565,0.05961838372051716,0.0980641320347786,0.0,0.0,0.07672119140625,0.025146484375,0.89813232421875,False
M1_CONFIDENCE_GE1,188,653468.898,241,12,45381,0.92327880859375,0.011462022550404072,0.024038543924689293,0.03146188706159592,0.042100112885236685,0.053027376532554626,0.0,0.0,0.07672119140625,0.025146484375,0.89813232421875,False
M2_CONFIDENCE_EQ2,188,653468.898,241,12,44145,0.89813232421875,0.0113981356844306,0.023570703715085982,0.0298563029617071,0.040333134680986364,0.05003415048122406,0.0,0.0,0.07672119140625,0.025146484375,0.89813232421875,False
M0_RAW_POSITIVE,189,653469.098,242,12,49152,1.0,0.017305814661085606,0.06924136579036716,0.12622559815645207,0.2857271072268486,0.3968369960784912,0.00732421875,0.0,0.12068684895833333,0.06878662109375,0.8105265299479166,False
M1_CONFIDENCE_GE1,189,653469.098,242,12,43220,0.8793131510416666,0.015722290612757206,0.03915497176349163,0.04725089818239212,0.09315699301660048,0.14214922487735748,0.0,0.0,0.12068684895833333,0.06878662109375,0.8105265299479166,False
M2_CONFIDENCE_EQ2,189,653469.098,242,12,39839,0.8105265299479166,0.01512887142598629,0.03454403430223465,0.04072589837014675,0.04845313258469108,0.12954692542552948,0.0,0.0,0.12068684895833333,0.06878662109375,0.8105265299479166,False
M0_RAW_POSITIVE,190,653469.298,243,12,49152,1.0,0.01781523134559393,0.10138119980692865,0.1959091462194919,0.2960571181774132,0.42527511715888977,0.009073893229166666,0.0,0.19362386067708334,0.13161214192708334,0.6747639973958334,False
M1_CONFIDENCE_GE1,190,653469.298,243,12,39635,0.8063761393229166,0.013904192484915257,0.048474358022212984,0.05895606800913809,0.1290667083859443,0.23835673928260803,0.0,0.0,0.19362386067708334,0.13161214192708334,0.6747639973958334,False
M2_CONFIDENCE_EQ2,190,653469.298,243,12,33166,0.6747639973958334,0.011968362610787153,0.04507899843156338,0.04930425714701414,0.06109935007989403,0.11139548569917679,0.0,0.0,0.19362386067708334,0.13161214192708334,0.6747639973958334,False
M0_RAW_POSITIVE,191,653469.498,244,12,49152,1.0,0.026863724924623966,0.10949744209647182,0.19214826524257644,0.6388914215564714,0.8341405391693115,0.025126139322916668,0.006436217747608997,0.21946207682291666,0.3278605143229167,0.4526774088541667,False
M1_CONFIDENCE_GE1,191,653469.498,244,12,38365,0.7805379231770834,0.02100120112299919,0.06614982485771179,0.08448860198259353,0.11850850135087974,0.1933126151561737,0.0,0.0,0.21946207682291666,0.3278605143229167,0.4526774088541667,False
M2_CONFIDENCE_EQ2,191,653469.498,244,12,22250,0.4526774088541667,0.013143609277904034,0.055607762932777416,0.059861029870808116,0.07921814367175048,0.11914718151092529,0.0,0.0,0.21946207682291666,0.3278605143229167,0.4526774088541667,False
M0_RAW_POSITIVE,192,653469.698,245,12,49152,1.0,0.03108943346887827,0.13778858929872517,0.21904745995998376,0.5432190078496932,0.6712179780006409,0.037556966145833336,0.0070351567699123456,0.2961629231770833,0.4567057291666667,0.24713134765625,False
M1_CONFIDENCE_GE1,192,653469.698,245,12,34595,0.7038370768229166,0.020654218271374702,0.08227284848690042,0.10652951747179003,0.15993674665689459,0.26168349385261536,0.0,0.0,0.2961629231770833,0.4567057291666667,0.24713134765625,False
M2_CONFIDENCE_EQ2,192,653469.698,245,12,12147,0.24713134765625,0.0082972701638937,0.026013828441500658,0.038145439326763085,0.050572955906391076,0.1359909474849701,0.0,0.0,0.2961629231770833,0.4567057291666667,0.24713134765625,False
M0_RAW_POSITIVE,193,653469.998,246,12,49152,1.0,0.02291810419410467,0.1290526553988457,0.177862650901079,0.27370073348283763,0.43423399329185486,0.005777994791666667,0.0,0.24041748046875,0.37872314453125,0.380859375,False
M1_CONFIDENCE_GE1,193,653469.998,246,12,37335,0.75958251953125,0.014691701158881187,0.09925078898668287,0.13458859324455255,0.21974564254283896,0.3088991045951843,8.035355564483728e-05,0.0,0.24041748046875,0.37872314453125,0.380859375,False
M2_CONFIDENCE_EQ2,193,653469.998,246,12,18720,0.380859375,0.006818725960329175,0.020408849418163306,0.03258753139525645,0.07798847533762467,0.16058479249477386,0.0,0.0,0.24041748046875,0.37872314453125,0.380859375,False
M0_RAW_POSITIVE,194,653470.297,247,12,49152,1.0,0.014038132969290018,0.07648655623197556,0.10124091878533359,0.18069403514266,0.4275362491607666,0.003926595052083333,0.0,0.10972086588541667,0.23746744791666666,0.6528116861979166,False
M1_CONFIDENCE_GE1,194,653470.297,247,12,43759,0.8902791341145834,0.0127046974375844,0.06176590174436576,0.07953678518533706,0.11680156305432311,0.2268093079328537,0.0,0.0,0.10972086588541667,0.23746744791666666,0.6528116861979166,False
M2_CONFIDENCE_EQ2,194,653470.297,247,12,32087,0.6528116861979166,0.010992380790412426,0.029007288068532953,0.05677036084234714,0.07668058738112447,0.11509203165769577,0.0,0.0,0.10972086588541667,0.23746744791666666,0.6528116861979166,False
M0_RAW_POSITIVE,195,653470.597,248,12,49152,1.0,0.011674677021801472,0.05592505484819412,0.08899855613708489,0.45151160329580253,0.5673565864562988,0.022359212239583332,0.0024242769950373623,0.10567220052083333,0.10982259114583333,0.7845052083333334,False
M1_CONFIDENCE_GE1,195,653470.597,248,12,43958,0.8943277994791666,0.010574472602456808,0.03234148882329464,0.05463508348912002,0.08083660803735258,0.5297625064849854,0.00027298785204058417,0.0,0.10567220052083333,0.10982259114583333,0.7845052083333334,False
M2_CONFIDENCE_EQ2,195,653470.597,248,12,38560,0.7845052083333334,0.009753058198839426,0.02646867353469133,0.04154390580952163,0.06321788027882576,0.10509306192398071,0.0,0.0,0.10567220052083333,0.10982259114583333,0.7845052083333334,False
M0_RAW_POSITIVE,196,653470.897,249,12,49152,1.0,0.008299064822494984,0.01788550857454539,0.02502255886793136,0.05938499212265011,0.1219252347946167,0.0,0.0,0.0023193359375,0.01019287109375,0.98748779296875,False
M1_CONFIDENCE_GE1,196,653470.897,249,12,49038,0.9976806640625,0.00831952365115285,0.01790107544511557,0.02504497952759267,0.05942734230309711,0.1219252347946167,0.0,0.0,0.0023193359375,0.01019287109375,0.98748779296875,False
M2_CONFIDENCE_EQ2,196,653470.897,249,12,48537,0.98748779296875,0.008346986956894398,0.017863739281892776,0.024938674643635743,0.05953908428549766,0.10967893153429031,0.0,0.0,0.0023193359375,0.01019287109375,0.98748779296875,False
M0_RAW_POSITIVE,197,653471.197,250,12,49152,1.0,0.00640208157710731,0.022426471114158634,0.03679332733154296,0.06054728474467991,0.11298829317092896,0.0,0.0,0.013753255208333334,0.027933756510416668,0.95831298828125,False
M1_CONFIDENCE_GE1,197,653471.197,250,12,48476,0.9862467447916666,0.006287738913670182,0.02133292704820633,0.03516377415508032,0.056181986816227436,0.11298829317092896,0.0,0.0,0.013753255208333334,0.027933756510416668,0.95831298828125,False
M2_CONFIDENCE_EQ2,197,653471.197,250,12,47103,0.95831298828125,0.006157114170491695,0.020396900177001957,0.03192776963114739,0.050884455516934456,0.11298829317092896,0.0,0.0,0.013753255208333334,0.027933756510416668,0.95831298828125,False
M0_RAW_POSITIVE,198,653471.597,251,12,49152,1.0,0.0051169367507100105,0.01667797323316336,0.028910218738019324,0.06182910654693829,0.16312956809997559,0.0,0.0,0.0029296875,0.020365397135416668,0.9767049153645834,False
M1_CONFIDENCE_GE1,198,653471.597,251,12,49008,0.9970703125,0.005104285664856434,0.016608408465981488,0.028813737723976385,0.06121130783110858,0.12519575655460358,0.0,0.0,0.0029296875,0.020365397135416668,0.9767049153645834,False
M2_CONFIDENCE_EQ2,198,653471.597,251,12,48007,0.9767049153645834,0.005010975059121847,0.015804060548543945,0.025492217950522842,0.05487124092876924,0.12402626872062683,0.0,0.0,0.0029296875,0.020365397135416668,0.9767049153645834,False
M0_RAW_POSITIVE,199,653471.897,252,12,49152,1.0,0.00739864818751812,0.02137678507715464,0.041364499554038016,0.0694847136735916,0.20411822199821472,0.0,0.0,0.005696614583333333,0.03106689453125,0.9632364908854166,False
M1_CONFIDENCE_GE1,199,653471.897,252,12,48872,0.9943033854166666,0.007369312457740307,0.020685643516480945,0.04007094744592895,0.06717879824340346,0.20411822199821472,0.0,0.0,0.005696614583333333,0.03106689453125,0.9632364908854166,False
M2_CONFIDENCE_EQ2,199,653471.897,252,12,47345,0.9632364908854166,0.0072613549418747425,0.019003982841968532,0.035859262198209646,0.056580170392990015,0.11423459649085999,0.0,0.0,0.005696614583333333,0.03106689453125,0.9632364908854166,False
M0_RAW_POSITIVE,200,653472.097,253,12,49152,1.0,0.01000965153798461,0.03594688177108765,0.05051862057298419,0.07729065924882886,0.12121528387069702,0.0,0.0,0.031087239583333332,0.0733642578125,0.8955485026041666,False
M1_CONFIDENCE_GE1,200,653472.097,253,12,47624,0.9689127604166666,0.009892277885228395,0.034963414072990424,0.050475175864994525,0.07743929900228973,0.12121528387069702,0.0,0.0,0.031087239583333332,0.0733642578125,0.8955485026041666,False
M2_CONFIDENCE_EQ2,200,653472.097,253,12,44018,0.8955485026041666,0.009575963485985994,0.029707935079932263,0.04773608669638635,0.07284589856863032,0.11214250326156616,0.0,0.0,0.031087239583333332,0.0733642578125,0.8955485026041666,False
M0_RAW_POSITIVE,201,653472.297,254,12,49152,1.0,0.013537558726966381,0.06397720128297808,0.08631829358637333,0.124947971627116,0.39530783891677856,0.000244140625,0.0,0.07161458333333333,0.2677001953125,0.6606852213541666,False
M1_CONFIDENCE_GE1,201,653472.297,254,12,45632,0.9283854166666666,0.012761086225509644,0.05727071687579156,0.07647040523588657,0.107579525411129,0.24428017437458038,0.0,0.0,0.07161458333333333,0.2677001953125,0.6606852213541666,False
M2_CONFIDENCE_EQ2,201,653472.297,254,12,32474,0.6606852213541666,0.010211637243628502,0.03036953005939723,0.05074331723153591,0.08201780304312707,0.14485985040664673,0.0,0.0,0.07161458333333333,0.2677001953125,0.6606852213541666,False
M0_RAW_POSITIVE,202,653472.497,255,12,49152,1.0,0.014025776647031307,0.06082243025302887,0.0829074304550886,0.1437186735868453,0.20238670706748962,0.0,0.0,0.07568359375,0.4154256184895833,0.5088907877604166,False
M1_CONFIDENCE_GE1,202,653472.497,255,12,45432,0.92431640625,0.013392718508839607,0.05663234256207944,0.08057880327105518,0.14283652365207677,0.19894099235534668,0.0,0.0,0.07568359375,0.4154256184895833,0.5088907877604166,False
M2_CONFIDENCE_EQ2,202,653472.497,255,12,25013,0.5088907877604166,0.009814689867198467,0.020741182193160054,0.028740605339407914,0.04201419755816462,0.15863759815692902,0.0,0.0,0.07568359375,0.4154256184895833,0.5088907877604166,False
M0_RAW_POSITIVE,203,653472.696,256,12,49152,1.0,0.019216621294617653,0.0667839013040066,0.08154960833489894,0.11207821220159528,0.2122485488653183,0.0,0.0,0.15610758463541666,0.4867757161458333,0.35711669921875,False
M1_CONFIDENCE_GE1,203,653472.696,256,12,41479,0.8438924153645834,0.016606401652097702,0.06410236954689028,0.07960581630468366,0.110516375154257,0.20383420586585999,0.0,0.0,0.15610758463541666,0.4867757161458333,0.35711669921875,False
M2_CONFIDENCE_EQ2,203,653472.696,256,12,17553,0.35711669921875,0.009122497402131557,0.0297239787876606,0.04471125081181501,0.06789781033992766,0.10248769074678421,0.0,0.0,0.15610758463541666,0.4867757161458333,0.35711669921875,False
M0_RAW_POSITIVE,204,653472.896,257,12,49152,1.0,0.010604068636894226,0.055572473630309115,0.07211722582578659,0.11936991378664966,0.23052643239498138,0.0,0.0,0.08192952473958333,0.22462972005208334,0.6934407552083334,False
M1_CONFIDENCE_GE1,204,653472.896,257,12,45125,0.9180704752604166,0.009907461702823639,0.05469227284193039,0.07134899348020549,0.11986435115337375,0.22149275243282318,0.0,0.0,0.08192952473958333,0.22462972005208334,0.6934407552083334,False
M2_CONFIDENCE_EQ2,204,653472.896,257,12,34084,0.6934407552083334,0.007769520860165358,0.034333334118127834,0.050168083980679505,0.08084112837910626,0.14609874784946442,0.0,0.0,0.08192952473958333,0.22462972005208334,0.6934407552083334,False
M0_RAW_POSITIVE,205,653473.096,258,12,49152,1.0,0.006865888135507703,0.039447256550192836,0.055652311630547006,0.09510647945106028,0.19476839900016785,0.0,0.0,0.036417643229166664,0.143798828125,0.8197835286458334,False
M1_CONFIDENCE_GE1,205,653473.096,258,12,47362,0.9635823567708334,0.006742714671418071,0.03863033950328827,0.054726327583193755,0.0928729387372732,0.18533210456371307,0.0,0.0,0.036417643229166664,0.143798828125,0.8197835286458334,False
M2_CONFIDENCE_EQ2,205,653473.096,258,12,40294,0.8197835286458334,0.0056041330099105835,0.024813923612236978,0.0354814939200878,0.055239981673657894,0.11112195253372192,0.0,0.0,0.036417643229166664,0.143798828125,0.8197835286458334,False
M0_RAW_POSITIVE,206,653473.296,259,12,49152,1.0,0.00773103884421289,0.02550218626856804,0.03726791515946387,0.08119096748530863,0.14087295532226562,0.0,0.0,0.016215006510416668,0.07692464192708333,0.9068603515625,False
M1_CONFIDENCE_GE1,206,653473.296,259,12,48355,0.9837849934895834,0.007605995982885361,0.025022973120212552,0.036384156718850084,0.08015408515930171,0.14087295532226562,0.0,0.0,0.016215006510416668,0.07692464192708333,0.9068603515625,False
M2_CONFIDENCE_EQ2,206,653473.296,259,12,44574,0.9068603515625,0.007099954877048731,0.021574466861784505,0.029986841324716802,0.04683609642088406,0.11273611336946487,0.0,0.0,0.016215006510416668,0.07692464192708333,0.9068603515625,False
M0_RAW_POSITIVE,207,653473.496,260,12,49152,1.0,0.010585917625576258,0.020396005734801295,0.02666501346975565,0.039183035939931866,0.13234052062034607,0.0,0.0,0.0021565755208333335,0.0252685546875,0.9725748697916666,False
M1_CONFIDENCE_GE1,207,653473.496,260,12,49046,0.9978434244791666,0.010599837638437748,0.020406530238687992,0.026672895532101393,0.03918316736817361,0.13234052062034607,0.0,0.0,0.0021565755208333335,0.0252685546875,0.9725748697916666,False
M2_CONFIDENCE_EQ2,207,653473.496,260,12,47804,0.9725748697916666,0.010638669598847628,0.02011388409882784,0.026135273836553095,0.03636058893054725,0.12252460420131683,0.0,0.0,0.0021565755208333335,0.0252685546875,0.9725748697916666,False
M0_RAW_POSITIVE,208,653473.696,261,12,49152,1.0,0.010970490518957376,0.02137522716075182,0.024019157886505122,0.04019437264651052,0.12744809687137604,0.0,0.0,0.0,0.01318359375,0.98681640625,False
M1_CONFIDENCE_GE1,208,653473.696,261,12,49152,1.0,0.010970490518957376,0.02137522716075182,0.024019157886505122,0.04019437264651052,0.12744809687137604,0.0,0.0,0.0,0.01318359375,0.98681640625,False
M2_CONFIDENCE_EQ2,208,653473.696,261,12,48504,0.98681640625,0.010914967395365238,0.021117981709539893,0.023693950008600948,0.03441231064498429,0.12121704965829849,0.0,0.0,0.0,0.01318359375,0.98681640625,False
M0_RAW_POSITIVE,209,653473.896,262,12,49152,1.0,0.012331757694482803,0.02047968301922083,0.022980826254934066,0.04337620053440332,0.11951132118701935,0.0,0.0,4.0690104166666664e-05,0.013142903645833334,0.98681640625,False
M1_CONFIDENCE_GE1,209,653473.896,262,12,49150,0.9999593098958334,0.012331757694482803,0.020479431189596654,0.022978886682540167,0.04332790065556784,0.11951132118701935,0.0,0.0,4.0690104166666664e-05,0.013142903645833334,0.98681640625,False
M2_CONFIDENCE_EQ2,209,653473.896,262,12,48504,0.98681640625,0.01228137081488967,0.020290110632777216,0.02268219133839011,0.03376609321683651,0.11951132118701935,0.0,0.0,4.0690104166666664e-05,0.013142903645833334,0.98681640625,False
M0_RAW_POSITIVE,210,653474.296,263,12,49152,1.0,0.014663843903690577,0.02547040991485119,0.027997205220162868,0.04349548779427994,0.1350828856229782,0.0,0.0,0.015238444010416666,0.028849283854166668,0.9559122721354166,False
M1_CONFIDENCE_GE1,210,653474.296,263,12,48403,0.9847615559895834,0.014603792689740658,0.02535745650529862,0.027921092137694357,0.04245852246880534,0.1302259862422943,0.0,0.0,0.015238444010416666,0.028849283854166668,0.9559122721354166,False
M2_CONFIDENCE_EQ2,210,653474.296,263,12,46985,0.9559122721354166,0.014400930143892765,0.0247792512178421,0.027238161861896506,0.0370023269951342,0.12866497039794922,0.0,0.0,0.015238444010416666,0.028849283854166668,0.9559122721354166,False
M0_RAW_POSITIVE,211,653474.596,264,12,49152,1.0,0.015521342866122723,0.027127568423748017,0.03033618060871957,0.0428698786720633,0.12019742280244827,0.0,0.0,0.00311279296875,0.020589192708333332,0.9762980143229166,False
M1_CONFIDENCE_GE1,211,653474.596,264,12,48999,0.99688720703125,0.015497482381761074,0.027090764418244363,0.030345363356173036,0.042900031208991954,0.12019742280244827,0.0,0.0,0.00311279296875,0.020589192708333332,0.9762980143229166,False
M2_CONFIDENCE_EQ2,211,653474.596,264,12,47987,0.9762980143229166,0.015379218384623528,0.026905412971973422,0.03010151647031307,0.04021824225783347,0.12019742280244827,0.0,0.0,0.00311279296875,0.020589192708333332,0.9762980143229166,False
M0_RAW_POSITIVE,212,653474.896,265,12,49152,1.0,0.010758615098893642,0.020977278985083104,0.023491578362882137,0.03150644101202488,0.11629484593868256,0.0,0.0,0.011311848958333334,0.01959228515625,0.9690958658854166,False
M1_CONFIDENCE_GE1,212,653474.896,265,12,48596,0.9886881510416666,0.010717543307691813,0.020909802056849003,0.023434752598404884,0.03156179804354912,0.11629484593868256,0.0,0.0,0.011311848958333334,0.01959228515625,0.9690958658854166,False
M2_CONFIDENCE_EQ2,212,653474.896,265,12,47633,0.9690958658854166,0.010629571042954922,0.020736512541770936,0.023248283192515373,0.028852927833795547,0.11629484593868256,0.0,0.0,0.011311848958333334,0.01959228515625,0.9690958658854166,False
M0_RAW_POSITIVE,213,653475.195,266,12,49152,1.0,0.009649527724832296,0.01703482624143362,0.019705177843570707,0.022321100644767274,0.10019046068191528,0.0,0.0,0.0,0.0037638346354166665,0.9962361653645834,False
M1_CONFIDENCE_GE1,213,653475.195,266,12,49152,1.0,0.009649527724832296,0.01703482624143362,0.019705177843570707,0.022321100644767274,0.10019046068191528,0.0,0.0,0.0,0.0037638346354166665,0.9962361653645834,False
M2_CONFIDENCE_EQ2,213,653475.195,266,12,48967,0.9962361653645834,0.009643512777984142,0.017001407966017724,0.019616680033504957,0.022086876817047588,0.0672118067741394,0.0,0.0,0.0,0.0037638346354166665,0.9962361653645834,False
