trial_id,route_index,route_id,method,subset,length_stratum,clearance_stratum,status,status_subtype,success,mesh_collision,steps,map_blocked_zero_step,direct_route_map_cg,final_goal_distance_m,progress_m,minimum_mesh_clearance_m,minimum_executed_map_cg_m,qp_infeasible_count,observed_discrete_violation_count,recovery_trigger_count,recovery_success_count,recovery_failed_count,candidate_count_mean,active_constraints_mean,forced_candidate_count_mean,risk_fallback_count,mesh_oracle_controller_input_count,post_qp_clip_count,infeasible_fallback_to_u_des_count,map_mutation_count,controller_tuning_count,controller_p95_s,wall_seconds,identity_sha256
000_M0_BOUNDED_SAFER_8f0977d300d1,0,8f0977d300d1500f616cbdf672c46986622e84ce42ea1cc643ca7c9344c40789,M0_BOUNDED_SAFER,diagnostic,SHORT,TIGHT,SUCCESS,STOPPED_GOAL,True,False,198,False,0.037354875316072594,0.018654749939551764,0.74325123788502,0.06783050615882655,0.037357201424639,0,0,0,0,0,502.8484848484849,502.8484848484849,0.0,0,0,0,0,0,0,0.004110010399017483,7.176378421019763,902a699e52ca03de7f03d25b1d93c72f9b7b8afc263c1d123c1618e96811ba6b
000_M1_BOUNDED_RISK_AWARE_V1_8f0977d300d1,0,8f0977d300d1500f616cbdf672c46986622e84ce42ea1cc643ca7c9344c40789,M1_BOUNDED_RISK_AWARE_V1,diagnostic,SHORT,TIGHT,SUCCESS,STOPPED_GOAL,True,False,198,False,0.037354875316072594,0.018650454335483724,0.743255533489088,0.06783074152554483,0.03735721166154382,0,0,0,0,0,2000.0,2000.0,4.848484848484849,0,0,0,0,0,0,0.042232355242595075,13.160855766036548,902a699e52ca03de7f03d25b1d93c72f9b7b8afc263c1d123c1618e96811ba6b
000_M2_FAS_START_SAFE_8f0977d300d1,0,8f0977d300d1500f616cbdf672c46986622e84ce42ea1cc643ca7c9344c40789,M2_FAS_START_SAFE,diagnostic,SHORT,TIGHT,SUCCESS,STOPPED_GOAL,True,False,198,False,0.037354875316072594,0.018650454335483724,0.743255533489088,0.06783074152554483,0.03735721166154382,0,0,0,0,0,2000.0,2000.0,4.848484848484849,0,0,0,0,0,0,0.04174211038625799,13.966679926030338,902a699e52ca03de7f03d25b1d93c72f9b7b8afc263c1d123c1618e96811ba6b
000_M3_FAS_START_SAFE_DISCRETE_8f0977d300d1,0,8f0977d300d1500f616cbdf672c46986622e84ce42ea1cc643ca7c9344c40789,M3_FAS_START_SAFE_DISCRETE,diagnostic,SHORT,TIGHT,SUCCESS,STOPPED_GOAL,True,False,198,False,0.037354875316072594,0.018650454335483724,0.743255533489088,0.06783074152554483,0.03735721166154382,0,0,0,0,0,2000.0,2000.0,4.848484848484849,0,0,0,0,0,0,0.041781071783043446,13.18804239993915,902a699e52ca03de7f03d25b1d93c72f9b7b8afc263c1d123c1618e96811ba6b
000_M4_FAS_START_SAFE_DISCRETE_RECOVERY_8f0977d300d1,0,8f0977d300d1500f616cbdf672c46986622e84ce42ea1cc643ca7c9344c40789,M4_FAS_START_SAFE_DISCRETE_RECOVERY,diagnostic,SHORT,TIGHT,SUCCESS,STOPPED_GOAL,True,False,198,False,0.037354875316072594,0.018650454335483724,0.743255533489088,0.06783074152554483,0.03735721166154382,0,0,0,0,0,2000.0,2000.0,4.848484848484849,0,0,0,0,0,0,0.04121791906654834,48.577483837958425,902a699e52ca03de7f03d25b1d93c72f9b7b8afc263c1d123c1618e96811ba6b
001_M0_BOUNDED_SAFER_496c2538d150,1,496c2538d1509209e2c2e8b2a96bd088f95596ee202c0bf3c547698ebe49ac52,M0_BOUNDED_SAFER,diagnostic,MEDIUM,TIGHT,SUCCESS,STOPPED_GOAL,True,False,232,False,0.024277911995594925,0.027573560410975202,0.9820466252596269,0.058648213680628,0.022259037594235115,0,0,0,0,0,395.41379310344826,395.41379310344826,0.0,0,0,0,0,0,0,0.009285698953317477,7.24876391410362,902a699e52ca03de7f03d25b1d93c72f9b7b8afc263c1d123c1618e96811ba6b
001_M1_BOUNDED_RISK_AWARE_V1_496c2538d150,1,496c2538d1509209e2c2e8b2a96bd088f95596ee202c0bf3c547698ebe49ac52,M1_BOUNDED_RISK_AWARE_V1,diagnostic,MEDIUM,TIGHT,SUCCESS,STOPPED_GOAL,True,False,232,False,0.024277911995594925,0.027574768453157608,0.9820454172174445,0.05864785145533455,0.022258769961218394,0,0,0,0,0,2000.0,2000.0,30.20258620689655,0,0,0,0,0,0,0.04125228091725148,15.323586378945038,902a699e52ca03de7f03d25b1d93c72f9b7b8afc263c1d123c1618e96811ba6b
001_M2_FAS_START_SAFE_496c2538d150,1,496c2538d1509209e2c2e8b2a96bd088f95596ee202c0bf3c547698ebe49ac52,M2_FAS_START_SAFE,diagnostic,MEDIUM,TIGHT,SUCCESS,STOPPED_GOAL,True,False,232,False,0.024277911995594925,0.027574768453157608,0.9820454172174445,0.05864785145533455,0.022258769961218394,0,0,0,0,0,2000.0,2000.0,30.20258620689655,0,0,0,0,0,0,0.04142302145482972,14.417918459977955,902a699e52ca03de7f03d25b1d93c72f9b7b8afc263c1d123c1618e96811ba6b
001_M3_FAS_START_SAFE_DISCRETE_496c2538d150,1,496c2538d1509209e2c2e8b2a96bd088f95596ee202c0bf3c547698ebe49ac52,M3_FAS_START_SAFE_DISCRETE,diagnostic,MEDIUM,TIGHT,SUCCESS,STOPPED_GOAL,True,False,232,False,0.024277911995594925,0.027574768453157608,0.9820454172174445,0.05864785145533455,0.022258769961218394,0,0,0,0,0,2000.0,2000.0,30.20258620689655,0,0,0,0,0,0,0.041873654950177294,14.594778931932524,902a699e52ca03de7f03d25b1d93c72f9b7b8afc263c1d123c1618e96811ba6b
001_M4_FAS_START_SAFE_DISCRETE_RECOVERY_496c2538d150,1,496c2538d1509209e2c2e8b2a96bd088f95596ee202c0bf3c547698ebe49ac52,M4_FAS_START_SAFE_DISCRETE_RECOVERY,diagnostic,MEDIUM,TIGHT,SUCCESS,STOPPED_GOAL,True,False,232,False,0.024277911995594925,0.027574768453157608,0.9820454172174445,0.05864785145533455,0.022258769961218394,0,0,0,0,0,2000.0,2000.0,30.20258620689655,0,0,0,0,0,0,0.039913627441274004,55.95907693100162,902a699e52ca03de7f03d25b1d93c72f9b7b8afc263c1d123c1618e96811ba6b
002_M0_BOUNDED_SAFER_038a7f5b22b1,2,038a7f5b22b1564f863904370f3269f6d5635af79587d8fb6be33cf0e0258b5e,M0_BOUNDED_SAFER,diagnostic,LONG,TIGHT,SUCCESS,STOPPED_GOAL,True,False,298,False,0.0391742439352267,0.01696328646345464,1.3453981966109982,0.06783050615882655,0.037357201424639,0,0,0,0,0,263.0872483221477,263.0872483221477,0.0,0,0,0,0,0,0,0.004100476508028805,7.390164484968409,902a699e52ca03de7f03d25b1d93c72f9b7b8afc263c1d123c1618e96811ba6b
002_M1_BOUNDED_RISK_AWARE_V1_038a7f5b22b1,2,038a7f5b22b1564f863904370f3269f6d5635af79587d8fb6be33cf0e0258b5e,M1_BOUNDED_RISK_AWARE_V1,diagnostic,LONG,TIGHT,SUCCESS,STOPPED_GOAL,True,False,298,False,0.0391742439352267,0.016965847664395652,1.3453956354100571,0.06783074152554483,0.03735721166154382,0,0,0,0,0,2000.0,2000.0,3.221476510067114,0,0,0,0,0,0,0.041493631561752405,16.93465606996324,902a699e52ca03de7f03d25b1d93c72f9b7b8afc263c1d123c1618e96811ba6b
002_M2_FAS_START_SAFE_038a7f5b22b1,2,038a7f5b22b1564f863904370f3269f6d5635af79587d8fb6be33cf0e0258b5e,M2_FAS_START_SAFE,diagnostic,LONG,TIGHT,SUCCESS,STOPPED_GOAL,True,False,298,False,0.0391742439352267,0.016965847664395652,1.3453956354100571,0.06783074152554483,0.03735721166154382,0,0,0,0,0,2000.0,2000.0,3.221476510067114,0,0,0,0,0,0,0.04136895731207914,16.800315128988586,902a699e52ca03de7f03d25b1d93c72f9b7b8afc263c1d123c1618e96811ba6b
002_M3_FAS_START_SAFE_DISCRETE_038a7f5b22b1,2,038a7f5b22b1564f863904370f3269f6d5635af79587d8fb6be33cf0e0258b5e,M3_FAS_START_SAFE_DISCRETE,diagnostic,LONG,TIGHT,SUCCESS,STOPPED_GOAL,True,False,298,False,0.0391742439352267,0.016965847664395652,1.3453956354100571,0.06783074152554483,0.03735721166154382,0,0,0,0,0,2000.0,2000.0,3.221476510067114,0,0,0,0,0,0,0.04122403671499342,17.08976308896672,902a699e52ca03de7f03d25b1d93c72f9b7b8afc263c1d123c1618e96811ba6b
002_M4_FAS_START_SAFE_DISCRETE_RECOVERY_038a7f5b22b1,2,038a7f5b22b1564f863904370f3269f6d5635af79587d8fb6be33cf0e0258b5e,M4_FAS_START_SAFE_DISCRETE_RECOVERY,diagnostic,LONG,TIGHT,SUCCESS,STOPPED_GOAL,True,False,298,False,0.0391742439352267,0.016965847664395652,1.3453956354100571,0.06783074152554483,0.03735721166154382,0,0,0,0,0,2000.0,2000.0,3.221476510067114,0,0,0,0,0,0,0.04078632250311784,71.63188801298384,902a699e52ca03de7f03d25b1d93c72f9b7b8afc263c1d123c1618e96811ba6b
003_M0_BOUNDED_SAFER_086efc751cec,3,086efc751cec69b43a7eab59b843627e8e64871b249201cbfcd484b0057572ee,M0_BOUNDED_SAFER,diagnostic,SHORT,MODERATE,SUCCESS,STOPPED_GOAL,True,False,203,False,0.15009952043428001,0.015694285860799306,0.6582487181712144,0.13471476768202062,0.0956574129107313,0,0,0,0,0,181.67980295566502,181.67980295566502,0.0,0,0,0,0,0,0,0.0025537948124110697,6.887946730013937,902a699e52ca03de7f03d25b1d93c72f9b7b8afc263c1d123c1618e96811ba6b
003_M1_BOUNDED_RISK_AWARE_V1_086efc751cec,3,086efc751cec69b43a7eab59b843627e8e64871b249201cbfcd484b0057572ee,M1_BOUNDED_RISK_AWARE_V1,diagnostic,SHORT,MODERATE,SUCCESS,STOPPED_GOAL,True,False,203,False,0.15009952043428001,0.015696774602101077,0.6582462294299127,0.1347148772630855,0.09565758320504023,0,0,0,0,0,2000.0,2000.0,0.03940886699507389,0,0,0,0,0,0,0.03773405901156366,13.373290427029133,902a699e52ca03de7f03d25b1d93c72f9b7b8afc263c1d123c1618e96811ba6b
003_M2_FAS_START_SAFE_086efc751cec,3,086efc751cec69b43a7eab59b843627e8e64871b249201cbfcd484b0057572ee,M2_FAS_START_SAFE,diagnostic,SHORT,MODERATE,SUCCESS,STOPPED_GOAL,True,False,203,False,0.15009952043428001,0.015696774602101077,0.6582462294299127,0.1347148772630855,0.09565758320504023,0,0,0,0,0,2000.0,2000.0,0.03940886699507389,0,0,0,0,0,0,0.03764136716490611,13.763959049014375,902a699e52ca03de7f03d25b1d93c72f9b7b8afc263c1d123c1618e96811ba6b
003_M3_FAS_START_SAFE_DISCRETE_086efc751cec,3,086efc751cec69b43a7eab59b843627e8e64871b249201cbfcd484b0057572ee,M3_FAS_START_SAFE_DISCRETE,diagnostic,SHORT,MODERATE,SUCCESS,STOPPED_GOAL,True,False,203,False,0.15009952043428001,0.015696774602101077,0.6582462294299127,0.1347148772630855,0.09565758320504023,0,0,0,0,0,2000.0,2000.0,0.03940886699507389,0,0,0,0,0,0,0.038258393621072175,13.795854029012844,902a699e52ca03de7f03d25b1d93c72f9b7b8afc263c1d123c1618e96811ba6b
003_M4_FAS_START_SAFE_DISCRETE_RECOVERY_086efc751cec,3,086efc751cec69b43a7eab59b843627e8e64871b249201cbfcd484b0057572ee,M4_FAS_START_SAFE_DISCRETE_RECOVERY,diagnostic,SHORT,MODERATE,SUCCESS,STOPPED_GOAL,True,False,203,False,0.15009952043428001,0.015696774602101077,0.6582462294299127,0.1347148772630855,0.09565758320504023,0,0,0,0,0,2000.0,2000.0,0.03940886699507389,0,0,0,0,0,0,0.03747284185374155,48.48789976199623,902a699e52ca03de7f03d25b1d93c72f9b7b8afc263c1d123c1618e96811ba6b
004_M0_BOUNDED_SAFER_0be301a2124e,4,0be301a2124e929472389a837c43e459a24574183af2dfd1bdaa44fbaf494e10,M0_BOUNDED_SAFER,diagnostic,MEDIUM,MODERATE,SUCCESS,STOPPED_GOAL,True,False,275,False,0.046613305745201006,0.015880382773066637,1.0171678414687944,0.07723499767750153,0.042717135906785525,0,0,0,0,0,346.94545454545454,346.94545454545454,0.0,0,0,0,0,0,0,0.00513366749510169,8.397843893966638,902a699e52ca03de7f03d25b1d93c72f9b7b8afc263c1d123c1618e96811ba6b
004_M1_BOUNDED_RISK_AWARE_V1_0be301a2124e,4,0be301a2124e929472389a837c43e459a24574183af2dfd1bdaa44fbaf494e10,M1_BOUNDED_RISK_AWARE_V1,diagnostic,MEDIUM,MODERATE,SUCCESS,STOPPED_GOAL,True,False,275,False,0.046613305745201006,0.015878211560178376,1.0171700126816827,0.07723499846031576,0.042717120399036634,0,0,0,0,0,2000.0,2000.0,7.1054545454545455,0,0,0,0,0,0,0.040387668984476474,16.329609027015977,902a699e52ca03de7f03d25b1d93c72f9b7b8afc263c1d123c1618e96811ba6b
004_M2_FAS_START_SAFE_0be301a2124e,4,0be301a2124e929472389a837c43e459a24574183af2dfd1bdaa44fbaf494e10,M2_FAS_START_SAFE,diagnostic,MEDIUM,MODERATE,SUCCESS,STOPPED_GOAL,True,False,275,False,0.046613305745201006,0.015878211560178376,1.0171700126816827,0.07723499846031576,0.042717120399036634,0,0,0,0,0,2000.0,2000.0,7.1054545454545455,0,0,0,0,0,0,0.04092969170305878,16.822919641039334,902a699e52ca03de7f03d25b1d93c72f9b7b8afc263c1d123c1618e96811ba6b
004_M3_FAS_START_SAFE_DISCRETE_0be301a2124e,4,0be301a2124e929472389a837c43e459a24574183af2dfd1bdaa44fbaf494e10,M3_FAS_START_SAFE_DISCRETE,diagnostic,MEDIUM,MODERATE,SUCCESS,STOPPED_GOAL,True,False,275,False,0.046613305745201006,0.015878211560178376,1.0171700126816827,0.07723499846031576,0.042717120399036634,0,0,0,0,0,2000.0,2000.0,7.1054545454545455,0,0,0,0,0,0,0.04061471254099161,17.011349081993103,902a699e52ca03de7f03d25b1d93c72f9b7b8afc263c1d123c1618e96811ba6b
004_M4_FAS_START_SAFE_DISCRETE_RECOVERY_0be301a2124e,4,0be301a2124e929472389a837c43e459a24574183af2dfd1bdaa44fbaf494e10,M4_FAS_START_SAFE_DISCRETE_RECOVERY,diagnostic,MEDIUM,MODERATE,SUCCESS,STOPPED_GOAL,True,False,275,False,0.046613305745201006,0.015878211560178376,1.0171700126816827,0.07723499846031576,0.042717120399036634,0,0,0,0,0,2000.0,2000.0,7.1054545454545455,0,0,0,0,0,0,0.03995177156757564,68.25024566904176,902a699e52ca03de7f03d25b1d93c72f9b7b8afc263c1d123c1618e96811ba6b
005_M0_BOUNDED_SAFER_07c803730c3d,5,07c803730c3d9b012732b71cf71ccb37f613ef364833f0cae7db247ec34c70fb,M0_BOUNDED_SAFER,diagnostic,LONG,MODERATE,SUCCESS,STOPPED_GOAL,True,False,409,False,0.08781458519172655,0.015573284931392907,1.8239297282990141,0.11421180795401903,0.07885171697657672,0,0,0,0,0,337.21026894865525,337.21026894865525,0.0,0,0,0,0,0,0,0.0041839242679998275,7.619071400957182,902a699e52ca03de7f03d25b1d93c72f9b7b8afc263c1d123c1618e96811ba6b
005_M1_BOUNDED_RISK_AWARE_V1_07c803730c3d,5,07c803730c3d9b012732b71cf71ccb37f613ef364833f0cae7db247ec34c70fb,M1_BOUNDED_RISK_AWARE_V1,diagnostic,LONG,MODERATE,SUCCESS,STOPPED_GOAL,True,False,409,False,0.08781458519172655,0.015574355641012796,1.8239286575893943,0.11421172013304456,0.07885157113858071,0,0,0,0,0,2000.0,2000.0,0.3276283618581907,0,0,0,0,0,0,0.04403393862303346,21.659919503028505,902a699e52ca03de7f03d25b1d93c72f9b7b8afc263c1d123c1618e96811ba6b
005_M2_FAS_START_SAFE_07c803730c3d,5,07c803730c3d9b012732b71cf71ccb37f613ef364833f0cae7db247ec34c70fb,M2_FAS_START_SAFE,diagnostic,LONG,MODERATE,SUCCESS,STOPPED_GOAL,True,False,409,False,0.08781458519172655,0.015574355641012796,1.8239286575893943,0.11421172013304456,0.07885157113858071,0,0,0,0,0,2000.0,2000.0,0.3276283618581907,0,0,0,0,0,0,0.04208696177229285,22.97941158991307,902a699e52ca03de7f03d25b1d93c72f9b7b8afc263c1d123c1618e96811ba6b
005_M3_FAS_START_SAFE_DISCRETE_07c803730c3d,5,07c803730c3d9b012732b71cf71ccb37f613ef364833f0cae7db247ec34c70fb,M3_FAS_START_SAFE_DISCRETE,diagnostic,LONG,MODERATE,SUCCESS,STOPPED_GOAL,True,False,409,False,0.08781458519172655,0.015574355641012796,1.8239286575893943,0.11421172013304456,0.07885157113858071,0,0,0,0,0,2000.0,2000.0,0.3276283618581907,0,0,0,0,0,0,0.04159984004218131,21.072019125102088,902a699e52ca03de7f03d25b1d93c72f9b7b8afc263c1d123c1618e96811ba6b
005_M4_FAS_START_SAFE_DISCRETE_RECOVERY_07c803730c3d,5,07c803730c3d9b012732b71cf71ccb37f613ef364833f0cae7db247ec34c70fb,M4_FAS_START_SAFE_DISCRETE_RECOVERY,diagnostic,LONG,MODERATE,SUCCESS,STOPPED_GOAL,True,False,409,False,0.08781458519172655,0.015574355641012796,1.8239286575893943,0.11421172013304456,0.07885157113858071,0,0,0,0,0,2000.0,2000.0,0.3276283618581907,0,0,0,0,0,0,0.04128958419896662,95.17975498607848,902a699e52ca03de7f03d25b1d93c72f9b7b8afc263c1d123c1618e96811ba6b
006_M0_BOUNDED_SAFER_0df9f0c5903f,6,0df9f0c5903f650995cfd28f8ed86270f8888f97ded6beeee496635bbfb29407,M0_BOUNDED_SAFER,diagnostic,SHORT,OPEN,SUCCESS,STOPPED_GOAL,True,False,190,False,0.39007242089772864,0.016140623071713944,0.6388276083592798,0.42072822788641784,0.38219577263397975,0,0,0,0,0,0.0,0.0,0.0,0,0,0,0,0,0,0.00129177559283562,7.105131925083697,902a699e52ca03de7f03d25b1d93c72f9b7b8afc263c1d123c1618e96811ba6b
006_M1_BOUNDED_RISK_AWARE_V1_0df9f0c5903f,6,0df9f0c5903f650995cfd28f8ed86270f8888f97ded6beeee496635bbfb29407,M1_BOUNDED_RISK_AWARE_V1,diagnostic,SHORT,OPEN,SUCCESS,STOPPED_GOAL,True,False,190,False,0.39007242089772864,0.016143137041023468,0.6388250943899703,0.42072823500399104,0.3821958009804458,0,0,0,0,0,2000.0,2000.0,0.0,0,0,0,0,0,0,0.04028792749159037,12.610540190013126,902a699e52ca03de7f03d25b1d93c72f9b7b8afc263c1d123c1618e96811ba6b
006_M2_FAS_START_SAFE_0df9f0c5903f,6,0df9f0c5903f650995cfd28f8ed86270f8888f97ded6beeee496635bbfb29407,M2_FAS_START_SAFE,diagnostic,SHORT,OPEN,SUCCESS,STOPPED_GOAL,True,False,190,False,0.39007242089772864,0.016143137041023468,0.6388250943899703,0.42072823500399104,0.3821958009804458,0,0,0,0,0,2000.0,2000.0,0.0,0,0,0,0,0,0,0.04039547466672957,13.16968782490585,902a699e52ca03de7f03d25b1d93c72f9b7b8afc263c1d123c1618e96811ba6b
006_M3_FAS_START_SAFE_DISCRETE_0df9f0c5903f,6,0df9f0c5903f650995cfd28f8ed86270f8888f97ded6beeee496635bbfb29407,M3_FAS_START_SAFE_DISCRETE,diagnostic,SHORT,OPEN,SUCCESS,STOPPED_GOAL,True,False,190,False,0.39007242089772864,0.016143137041023468,0.6388250943899703,0.42072823500399104,0.3821958009804458,0,0,0,0,0,2000.0,2000.0,0.0,0,0,0,0,0,0,0.040980011830106376,13.151063195080496,902a699e52ca03de7f03d25b1d93c72f9b7b8afc263c1d123c1618e96811ba6b
006_M4_FAS_START_SAFE_DISCRETE_RECOVERY_0df9f0c5903f,6,0df9f0c5903f650995cfd28f8ed86270f8888f97ded6beeee496635bbfb29407,M4_FAS_START_SAFE_DISCRETE_RECOVERY,diagnostic,SHORT,OPEN,SUCCESS,STOPPED_GOAL,True,False,190,False,0.39007242089772864,0.016143137041023468,0.6388250943899703,0.42072823500399104,0.3821958009804458,0,0,0,0,0,2000.0,2000.0,0.0,0,0,0,0,0,0,0.041056538559496404,46.0138273750199,902a699e52ca03de7f03d25b1d93c72f9b7b8afc263c1d123c1618e96811ba6b
007_M0_BOUNDED_SAFER_04b13194c4fb,7,04b13194c4fbed8933f35646b0da45a48c35db555722b1a3104717c9877adc74,M0_BOUNDED_SAFER,diagnostic,MEDIUM,OPEN,SUCCESS,STOPPED_GOAL,True,False,260,False,1.0742963319353889,0.01633184900180183,1.058550732564438,1.0634083386842148,1.0305151725328365,0,0,0,0,0,0.0,0.0,0.0,0,0,0,0,0,0,0.000579748599557206,7.766856015077792,902a699e52ca03de7f03d25b1d93c72f9b7b8afc263c1d123c1618e96811ba6b
007_M1_BOUNDED_RISK_AWARE_V1_04b13194c4fb,7,04b13194c4fbed8933f35646b0da45a48c35db555722b1a3104717c9877adc74,M1_BOUNDED_RISK_AWARE_V1,diagnostic,MEDIUM,OPEN,SUCCESS,STOPPED_GOAL,True,False,260,False,1.0742963319353889,0.016334658832723628,1.0585479227335164,1.063407149982648,1.0305140076825936,0,0,0,0,0,2000.0,2000.0,0.0,0,0,0,0,0,0,0.03522003871039488,15.283893120940775,902a699e52ca03de7f03d25b1d93c72f9b7b8afc263c1d123c1618e96811ba6b
007_M2_FAS_START_SAFE_04b13194c4fb,7,04b13194c4fbed8933f35646b0da45a48c35db555722b1a3104717c9877adc74,M2_FAS_START_SAFE,diagnostic,MEDIUM,OPEN,SUCCESS,STOPPED_GOAL,True,False,260,False,1.0742963319353889,0.016334658832723628,1.0585479227335164,1.063407149982648,1.0305140076825936,0,0,0,0,0,2000.0,2000.0,0.0,0,0,0,0,0,0,0.035265147424070165,15.204813309013844,902a699e52ca03de7f03d25b1d93c72f9b7b8afc263c1d123c1618e96811ba6b
007_M3_FAS_START_SAFE_DISCRETE_04b13194c4fb,7,04b13194c4fbed8933f35646b0da45a48c35db555722b1a3104717c9877adc74,M3_FAS_START_SAFE_DISCRETE,diagnostic,MEDIUM,OPEN,SUCCESS,STOPPED_GOAL,True,False,260,False,1.0742963319353889,0.016334658832723628,1.0585479227335164,1.063407149982648,1.0305140076825936,0,0,0,0,0,2000.0,2000.0,0.0,0,0,0,0,0,0,0.035148474632296714,15.837016834993847,902a699e52ca03de7f03d25b1d93c72f9b7b8afc263c1d123c1618e96811ba6b
007_M4_FAS_START_SAFE_DISCRETE_RECOVERY_04b13194c4fb,7,04b13194c4fbed8933f35646b0da45a48c35db555722b1a3104717c9877adc74,M4_FAS_START_SAFE_DISCRETE_RECOVERY,diagnostic,MEDIUM,OPEN,SUCCESS,STOPPED_GOAL,True,False,260,False,1.0742963319353889,0.016334658832723628,1.0585479227335164,1.063407149982648,1.0305140076825936,0,0,0,0,0,2000.0,2000.0,0.0,0,0,0,0,0,0,0.03476783543592319,60.24999556702096,902a699e52ca03de7f03d25b1d93c72f9b7b8afc263c1d123c1618e96811ba6b
008_M0_BOUNDED_SAFER_01164d7c3f46,8,01164d7c3f46771bd5c8fbc8967d84db00693c922725e110efa82af34abb332d,M0_BOUNDED_SAFER,diagnostic,LONG,OPEN,SUCCESS,STOPPED_GOAL,True,False,378,False,0.1786187306616084,0.015238254563609485,1.5507302094965272,0.21289233970894247,0.1786187306616084,0,0,0,0,0,107.18783068783068,107.18783068783068,0.0,0,0,0,0,0,0,0.0019840828143060187,7.573819843004458,902a699e52ca03de7f03d25b1d93c72f9b7b8afc263c1d123c1618e96811ba6b
008_M1_BOUNDED_RISK_AWARE_V1_01164d7c3f46,8,01164d7c3f46771bd5c8fbc8967d84db00693c922725e110efa82af34abb332d,M1_BOUNDED_RISK_AWARE_V1,diagnostic,LONG,OPEN,SUCCESS,STOPPED_GOAL,True,False,378,False,0.1786187306616084,0.015245632433040604,1.550722831627096,0.21289233970894247,0.1786187306616084,0,0,0,0,0,2000.0,2000.0,0.0,0,0,0,0,0,0,0.0409124773577787,20.204732034006156,902a699e52ca03de7f03d25b1d93c72f9b7b8afc263c1d123c1618e96811ba6b
008_M2_FAS_START_SAFE_01164d7c3f46,8,01164d7c3f46771bd5c8fbc8967d84db00693c922725e110efa82af34abb332d,M2_FAS_START_SAFE,diagnostic,LONG,OPEN,SUCCESS,STOPPED_GOAL,True,False,378,False,0.1786187306616084,0.015245632433040604,1.550722831627096,0.21289233970894247,0.1786187306616084,0,0,0,0,0,2000.0,2000.0,0.0,0,0,0,0,0,0,0.041876920778304336,20.36614307400305,902a699e52ca03de7f03d25b1d93c72f9b7b8afc263c1d123c1618e96811ba6b
008_M3_FAS_START_SAFE_DISCRETE_01164d7c3f46,8,01164d7c3f46771bd5c8fbc8967d84db00693c922725e110efa82af34abb332d,M3_FAS_START_SAFE_DISCRETE,diagnostic,LONG,OPEN,SUCCESS,STOPPED_GOAL,True,False,378,False,0.1786187306616084,0.015245632433040604,1.550722831627096,0.21289233970894247,0.1786187306616084,0,0,0,0,0,2000.0,2000.0,0.0,0,0,0,0,0,0,0.041188322531525046,20.343294725986198,902a699e52ca03de7f03d25b1d93c72f9b7b8afc263c1d123c1618e96811ba6b
008_M4_FAS_START_SAFE_DISCRETE_RECOVERY_01164d7c3f46,8,01164d7c3f46771bd5c8fbc8967d84db00693c922725e110efa82af34abb332d,M4_FAS_START_SAFE_DISCRETE_RECOVERY,diagnostic,LONG,OPEN,SUCCESS,STOPPED_GOAL,True,False,378,False,0.1786187306616084,0.015245632433040604,1.550722831627096,0.21289233970894247,0.1786187306616084,0,0,0,0,0,2000.0,2000.0,0.0,0,0,0,0,0,0,0.040981675701914355,90.03854339104146,902a699e52ca03de7f03d25b1d93c72f9b7b8afc263c1d123c1618e96811ba6b
009_M0_BOUNDED_SAFER_ea21c8a1f51a,9,ea21c8a1f51a67e852872b7ad20fa98a56f06b5a2df7c75c8d77e94df28aab0b,M0_BOUNDED_SAFER,diagnostic,SHORT,TIGHT,SUCCESS,STOPPED_GOAL,True,False,158,False,0.022615949785591727,0.01766292334183476,0.4388944425940002,0.051719782293037475,0.014252017159096964,0,0,0,0,0,761.746835443038,761.746835443038,0.0,0,0,0,0,0,0,0.009901577146956698,7.210652282927185,902a699e52ca03de7f03d25b1d93c72f9b7b8afc263c1d123c1618e96811ba6b
009_M1_BOUNDED_RISK_AWARE_V1_ea21c8a1f51a,9,ea21c8a1f51a67e852872b7ad20fa98a56f06b5a2df7c75c8d77e94df28aab0b,M1_BOUNDED_RISK_AWARE_V1,diagnostic,SHORT,TIGHT,SUCCESS,STOPPED_GOAL,True,False,158,False,0.022615949785591727,0.017663770686307076,0.43889359524952787,0.05171977063920832,0.014252016857543737,0,0,0,0,0,2000.0,2000.0,72.31012658227849,0,0,0,0,0,0,0.04135100686689839,13.0851348079741,902a699e52ca03de7f03d25b1d93c72f9b7b8afc263c1d123c1618e96811ba6b
009_M2_FAS_START_SAFE_ea21c8a1f51a,9,ea21c8a1f51a67e852872b7ad20fa98a56f06b5a2df7c75c8d77e94df28aab0b,M2_FAS_START_SAFE,diagnostic,SHORT,TIGHT,SUCCESS,STOPPED_GOAL,True,False,158,False,0.022615949785591727,0.017663770686307076,0.43889359524952787,0.05171977063920832,0.014252016857543737,0,0,0,0,0,2000.0,2000.0,72.31012658227849,0,0,0,0,0,0,0.04241802061442286,12.579647919978015,902a699e52ca03de7f03d25b1d93c72f9b7b8afc263c1d123c1618e96811ba6b
009_M3_FAS_START_SAFE_DISCRETE_ea21c8a1f51a,9,ea21c8a1f51a67e852872b7ad20fa98a56f06b5a2df7c75c8d77e94df28aab0b,M3_FAS_START_SAFE_DISCRETE,diagnostic,SHORT,TIGHT,SUCCESS,STOPPED_GOAL,True,False,158,False,0.022615949785591727,0.017663770686307076,0.43889359524952787,0.05171977063920832,0.014252016857543737,0,0,0,0,0,2000.0,2000.0,72.31012658227849,0,0,0,0,0,0,0.04201173051260412,12.363887373940088,902a699e52ca03de7f03d25b1d93c72f9b7b8afc263c1d123c1618e96811ba6b
009_M4_FAS_START_SAFE_DISCRETE_RECOVERY_ea21c8a1f51a,9,ea21c8a1f51a67e852872b7ad20fa98a56f06b5a2df7c75c8d77e94df28aab0b,M4_FAS_START_SAFE_DISCRETE_RECOVERY,diagnostic,SHORT,TIGHT,SUCCESS,STOPPED_GOAL,True,False,154,False,0.022615949785591727,0.018586220526954543,0.43797114540888044,0.0567318943136397,0.020416597748610515,0,0,6,6,0,2000.0,2000.0,69.0,0,0,0,0,0,0,0.042104836623184386,70.13760479609482,902a699e52ca03de7f03d25b1d93c72f9b7b8afc263c1d123c1618e96811ba6b
010_M0_BOUNDED_SAFER_59205b951602,10,59205b951602868c7f58dd716a8592addfb4a5caa797d81d2d868f885fa56dd1,M0_BOUNDED_SAFER,diagnostic,MEDIUM,TIGHT,SUCCESS,STOPPED_GOAL,True,False,221,False,0.02080696955675515,0.020932260275453096,1.1707289912297725,0.05607130949687539,0.019952998431789326,0,0,0,0,0,283.2262443438914,283.2262443438914,0.0,0,0,0,0,0,0,0.006331348908133805,7.654086898081005,902a699e52ca03de7f03d25b1d93c72f9b7b8afc263c1d123c1618e96811ba6b
010_M1_BOUNDED_RISK_AWARE_V1_59205b951602,10,59205b951602868c7f58dd716a8592addfb4a5caa797d81d2d868f885fa56dd1,M1_BOUNDED_RISK_AWARE_V1,diagnostic,MEDIUM,TIGHT,SUCCESS,STOPPED_GOAL,True,False,221,False,0.02080696955675515,0.020931188778573945,1.1707300627266517,0.05607149019578947,0.019953359267457033,0,0,0,0,0,2000.0,2000.0,11.710407239819004,0,0,0,0,0,0,0.03958962298929691,14.268513491959311,902a699e52ca03de7f03d25b1d93c72f9b7b8afc263c1d123c1618e96811ba6b
010_M2_FAS_START_SAFE_59205b951602,10,59205b951602868c7f58dd716a8592addfb4a5caa797d81d2d868f885fa56dd1,M2_FAS_START_SAFE,diagnostic,MEDIUM,TIGHT,SUCCESS,STOPPED_GOAL,True,False,221,False,0.02080696955675515,0.020931188778573945,1.1707300627266517,0.05607149019578947,0.019953359267457033,0,0,0,0,0,2000.0,2000.0,11.710407239819004,0,0,0,0,0,0,0.0397652949905023,14.018248824053444,902a699e52ca03de7f03d25b1d93c72f9b7b8afc263c1d123c1618e96811ba6b
010_M3_FAS_START_SAFE_DISCRETE_59205b951602,10,59205b951602868c7f58dd716a8592addfb4a5caa797d81d2d868f885fa56dd1,M3_FAS_START_SAFE_DISCRETE,diagnostic,MEDIUM,TIGHT,SUCCESS,STOPPED_GOAL,True,False,221,False,0.02080696955675515,0.020931188778573945,1.1707300627266517,0.05607149019578947,0.019953359267457033,0,0,0,0,0,2000.0,2000.0,11.710407239819004,0,0,0,0,0,0,0.039847798994742334,15.34042469796259,902a699e52ca03de7f03d25b1d93c72f9b7b8afc263c1d123c1618e96811ba6b
010_M4_FAS_START_SAFE_DISCRETE_RECOVERY_59205b951602,10,59205b951602868c7f58dd716a8592addfb4a5caa797d81d2d868f885fa56dd1,M4_FAS_START_SAFE_DISCRETE_RECOVERY,diagnostic,MEDIUM,TIGHT,SUCCESS,STOPPED_GOAL,True,False,220,False,0.02080696955675515,0.019916728563461647,1.171744522941764,0.05822192133856591,0.022160218788210784,0,0,2,2,0,2000.0,2000.0,11.977272727272727,0,0,0,0,0,0,0.0394711046363227,64.33412841707468,902a699e52ca03de7f03d25b1d93c72f9b7b8afc263c1d123c1618e96811ba6b
011_M0_BOUNDED_SAFER_2f2b84c03dfb,11,2f2b84c03dfbff870b5817cb3005b7c244c210071644e04a0737b881a566c687,M0_BOUNDED_SAFER,diagnostic,LONG,TIGHT,SUCCESS,STOPPED_GOAL,True,False,346,False,0.04468536426356001,0.016253998565521368,1.4375087189743403,0.06382772792695574,0.03471300409086664,0,0,0,0,0,316.23410404624275,316.23410404624275,0.0,0,0,0,0,0,0,0.004010642500361428,8.102324906969443,902a699e52ca03de7f03d25b1d93c72f9b7b8afc263c1d123c1618e96811ba6b
011_M1_BOUNDED_RISK_AWARE_V1_2f2b84c03dfb,11,2f2b84c03dfbff870b5817cb3005b7c244c210071644e04a0737b881a566c687,M1_BOUNDED_RISK_AWARE_V1,diagnostic,LONG,TIGHT,SUCCESS,STOPPED_GOAL,True,False,346,False,0.04468536426356001,0.016254612092429344,1.4375081054474323,0.06382824286947109,0.03471344646910182,0,0,0,0,0,2000.0,2000.0,13.786127167630058,0,0,0,0,0,0,0.04065279150381684,18.624047584016807,902a699e52ca03de7f03d25b1d93c72f9b7b8afc263c1d123c1618e96811ba6b
011_M2_FAS_START_SAFE_2f2b84c03dfb,11,2f2b84c03dfbff870b5817cb3005b7c244c210071644e04a0737b881a566c687,M2_FAS_START_SAFE,diagnostic,LONG,TIGHT,SUCCESS,STOPPED_GOAL,True,False,346,False,0.04468536426356001,0.016254612092429344,1.4375081054474323,0.06382824286947109,0.03471344646910182,0,0,0,0,0,2000.0,2000.0,13.786127167630058,0,0,0,0,0,0,0.04143502202350646,19.252717824070714,902a699e52ca03de7f03d25b1d93c72f9b7b8afc263c1d123c1618e96811ba6b
011_M3_FAS_START_SAFE_DISCRETE_2f2b84c03dfb,11,2f2b84c03dfbff870b5817cb3005b7c244c210071644e04a0737b881a566c687,M3_FAS_START_SAFE_DISCRETE,diagnostic,LONG,TIGHT,SUCCESS,STOPPED_GOAL,True,False,346,False,0.04468536426356001,0.016254612092429344,1.4375081054474323,0.06382824286947109,0.03471344646910182,0,0,0,0,0,2000.0,2000.0,13.786127167630058,0,0,0,0,0,0,0.04048841126495972,18.58120073704049,902a699e52ca03de7f03d25b1d93c72f9b7b8afc263c1d123c1618e96811ba6b
011_M4_FAS_START_SAFE_DISCRETE_RECOVERY_2f2b84c03dfb,11,2f2b84c03dfbff870b5817cb3005b7c244c210071644e04a0737b881a566c687,M4_FAS_START_SAFE_DISCRETE_RECOVERY,diagnostic,LONG,TIGHT,SUCCESS,STOPPED_GOAL,True,False,346,False,0.04468536426356001,0.016254612092429344,1.4375081054474323,0.06382824286947109,0.03471344646910182,0,0,0,0,0,2000.0,2000.0,13.786127167630058,0,0,0,0,0,0,0.04014950443524867,79.41565444506705,902a699e52ca03de7f03d25b1d93c72f9b7b8afc263c1d123c1618e96811ba6b
012_M0_BOUNDED_SAFER_0bdcd73c80ea,12,0bdcd73c80eaa7073d7a6e5a906ff1626ee0cced289d2468907e286dcda5a8e4,M0_BOUNDED_SAFER,diagnostic,SHORT,MODERATE,SUCCESS,STOPPED_GOAL,True,False,154,False,0.07518944890711887,0.0202311786746722,0.49082991883930555,0.10937428720532391,0.07518944890711887,0,0,0,0,0,169.74025974025975,169.74025974025975,0.0,0,0,0,0,0,0,0.003038539085537195,7.172041977988556,902a699e52ca03de7f03d25b1d93c72f9b7b8afc263c1d123c1618e96811ba6b
012_M1_BOUNDED_RISK_AWARE_V1_0bdcd73c80ea,12,0bdcd73c80eaa7073d7a6e5a906ff1626ee0cced289d2468907e286dcda5a8e4,M1_BOUNDED_RISK_AWARE_V1,diagnostic,SHORT,MODERATE,SUCCESS,STOPPED_GOAL,True,False,154,False,0.07518944890711887,0.02023443171601519,0.4908266657979626,0.10937428720532391,0.07518944890711887,0,0,0,0,0,2000.0,2000.0,0.0,0,0,0,0,0,0,0.04000368167180568,12.084849640959874,902a699e52ca03de7f03d25b1d93c72f9b7b8afc263c1d123c1618e96811ba6b
012_M2_FAS_START_SAFE_0bdcd73c80ea,12,0bdcd73c80eaa7073d7a6e5a906ff1626ee0cced289d2468907e286dcda5a8e4,M2_FAS_START_SAFE,diagnostic,SHORT,MODERATE,SUCCESS,STOPPED_GOAL,True,False,154,False,0.07518944890711887,0.02023443171601519,0.4908266657979626,0.10937428720532391,0.07518944890711887,0,0,0,0,0,2000.0,2000.0,0.0,0,0,0,0,0,0,0.04022134565748274,12.233734849956818,902a699e52ca03de7f03d25b1d93c72f9b7b8afc263c1d123c1618e96811ba6b
012_M3_FAS_START_SAFE_DISCRETE_0bdcd73c80ea,12,0bdcd73c80eaa7073d7a6e5a906ff1626ee0cced289d2468907e286dcda5a8e4,M3_FAS_START_SAFE_DISCRETE,diagnostic,SHORT,MODERATE,SUCCESS,STOPPED_GOAL,True,False,154,False,0.07518944890711887,0.02023443171601519,0.4908266657979626,0.10937428720532391,0.07518944890711887,0,0,0,0,0,2000.0,2000.0,0.0,0,0,0,0,0,0,0.040008175163529815,11.763406565994956,902a699e52ca03de7f03d25b1d93c72f9b7b8afc263c1d123c1618e96811ba6b
012_M4_FAS_START_SAFE_DISCRETE_RECOVERY_0bdcd73c80ea,12,0bdcd73c80eaa7073d7a6e5a906ff1626ee0cced289d2468907e286dcda5a8e4,M4_FAS_START_SAFE_DISCRETE_RECOVERY,diagnostic,SHORT,MODERATE,SUCCESS,STOPPED_GOAL,True,False,154,False,0.07518944890711887,0.02023443171601519,0.4908266657979626,0.10937428720532391,0.07518944890711887,0,0,0,0,0,2000.0,2000.0,0.0,0,0,0,0,0,0,0.03981755976565182,39.60523953998927,902a699e52ca03de7f03d25b1d93c72f9b7b8afc263c1d123c1618e96811ba6b
013_M0_BOUNDED_SAFER_14f0ff4c46b7,13,14f0ff4c46b70aed2de567ade89736a579b702b418588683b2b99e4430533474,M0_BOUNDED_SAFER,diagnostic,MEDIUM,MODERATE,SUCCESS,STOPPED_GOAL,True,False,232,False,0.1301543659715357,0.01644766844916149,0.91188667133067,0.14123964489374055,0.10656940549982369,0,0,0,0,0,99.42672413793103,99.42672413793103,0.0,0,0,0,0,0,0,0.002213356492575258,7.012831520056352,902a699e52ca03de7f03d25b1d93c72f9b7b8afc263c1d123c1618e96811ba6b
013_M1_BOUNDED_RISK_AWARE_V1_14f0ff4c46b7,13,14f0ff4c46b70aed2de567ade89736a579b702b418588683b2b99e4430533474,M1_BOUNDED_RISK_AWARE_V1,diagnostic,MEDIUM,MODERATE,SUCCESS,STOPPED_GOAL,True,False,232,False,0.1301543659715357,0.016447880584029743,0.9118864591958017,0.14124204953551767,0.10657214418806515,0,0,0,0,0,2000.0,2000.0,0.0,0,0,0,0,0,0,0.03895799963502213,14.921677501988597,902a699e52ca03de7f03d25b1d93c72f9b7b8afc263c1d123c1618e96811ba6b
013_M2_FAS_START_SAFE_14f0ff4c46b7,13,14f0ff4c46b70aed2de567ade89736a579b702b418588683b2b99e4430533474,M2_FAS_START_SAFE,diagnostic,MEDIUM,MODERATE,SUCCESS,STOPPED_GOAL,True,False,232,False,0.1301543659715357,0.016447880584029743,0.9118864591958017,0.14124204953551767,0.10657214418806515,0,0,0,0,0,2000.0,2000.0,0.0,0,0,0,0,0,0,0.03956401367904618,15.063715467927977,902a699e52ca03de7f03d25b1d93c72f9b7b8afc263c1d123c1618e96811ba6b
013_M3_FAS_START_SAFE_DISCRETE_14f0ff4c46b7,13,14f0ff4c46b70aed2de567ade89736a579b702b418588683b2b99e4430533474,M3_FAS_START_SAFE_DISCRETE,diagnostic,MEDIUM,MODERATE,SUCCESS,STOPPED_GOAL,True,False,232,False,0.1301543659715357,0.016447880584029743,0.9118864591958017,0.14124204953551767,0.10657214418806515,0,0,0,0,0,2000.0,2000.0,0.0,0,0,0,0,0,0,0.03915314911864698,15.339935521944426,902a699e52ca03de7f03d25b1d93c72f9b7b8afc263c1d123c1618e96811ba6b
013_M4_FAS_START_SAFE_DISCRETE_RECOVERY_14f0ff4c46b7,13,14f0ff4c46b70aed2de567ade89736a579b702b418588683b2b99e4430533474,M4_FAS_START_SAFE_DISCRETE_RECOVERY,diagnostic,MEDIUM,MODERATE,SUCCESS,STOPPED_GOAL,True,False,232,False,0.1301543659715357,0.016447880584029743,0.9118864591958017,0.14124204953551767,0.10657214418806515,0,0,0,0,0,2000.0,2000.0,0.0,0,0,0,0,0,0,0.03844091341597959,55.18485215003602,902a699e52ca03de7f03d25b1d93c72f9b7b8afc263c1d123c1618e96811ba6b
014_M0_BOUNDED_SAFER_0b81af4f7998,14,0b81af4f799894ef119602263505785e54119311653cb5732e264a6fbbe24e25,M0_BOUNDED_SAFER,diagnostic,LONG,MODERATE,SUCCESS,STOPPED_GOAL,True,False,455,False,0.12781425069439303,0.015636438444488338,1.9385941190392826,0.15476771050476287,0.12727831418100352,0,0,0,0,0,512.6285714285714,512.6285714285714,0.0,0,0,0,0,0,0,0.0033793320180848237,7.985194642911665,902a699e52ca03de7f03d25b1d93c72f9b7b8afc263c1d123c1618e96811ba6b
014_M1_BOUNDED_RISK_AWARE_V1_0b81af4f7998,14,0b81af4f799894ef119602263505785e54119311653cb5732e264a6fbbe24e25,M1_BOUNDED_RISK_AWARE_V1,diagnostic,LONG,MODERATE,SUCCESS,STOPPED_GOAL,True,False,455,False,0.12781425069439303,0.015634707157039875,1.9385958503267309,0.15476771250669083,0.12727922458812121,0,0,0,0,0,2000.0,2000.0,0.0,0,0,0,0,0,0,0.04268862089375031,23.481408537947573,902a699e52ca03de7f03d25b1d93c72f9b7b8afc263c1d123c1618e96811ba6b
014_M2_FAS_START_SAFE_0b81af4f7998,14,0b81af4f799894ef119602263505785e54119311653cb5732e264a6fbbe24e25,M2_FAS_START_SAFE,diagnostic,LONG,MODERATE,SUCCESS,STOPPED_GOAL,True,False,455,False,0.12781425069439303,0.015634707157039875,1.9385958503267309,0.15476771250669083,0.12727922458812121,0,0,0,0,0,2000.0,2000.0,0.0,0,0,0,0,0,0,0.04219593567540869,23.753948517958634,902a699e52ca03de7f03d25b1d93c72f9b7b8afc263c1d123c1618e96811ba6b
014_M3_FAS_START_SAFE_DISCRETE_0b81af4f7998,14,0b81af4f799894ef119602263505785e54119311653cb5732e264a6fbbe24e25,M3_FAS_START_SAFE_DISCRETE,diagnostic,LONG,MODERATE,SUCCESS,STOPPED_GOAL,True,False,455,False,0.12781425069439303,0.015634707157039875,1.9385958503267309,0.15476771250669083,0.12727922458812121,0,0,0,0,0,2000.0,2000.0,0.0,0,0,0,0,0,0,0.04268088924000039,24.011384011944756,902a699e52ca03de7f03d25b1d93c72f9b7b8afc263c1d123c1618e96811ba6b
014_M4_FAS_START_SAFE_DISCRETE_RECOVERY_0b81af4f7998,14,0b81af4f799894ef119602263505785e54119311653cb5732e264a6fbbe24e25,M4_FAS_START_SAFE_DISCRETE_RECOVERY,diagnostic,LONG,MODERATE,SUCCESS,STOPPED_GOAL,True,False,455,False,0.12781425069439303,0.015634707157039875,1.9385958503267309,0.15476771250669083,0.12727922458812121,0,0,0,0,0,2000.0,2000.0,0.0,0,0,0,0,0,0,0.041977562999818474,106.9518519109115,902a699e52ca03de7f03d25b1d93c72f9b7b8afc263c1d123c1618e96811ba6b
015_M0_BOUNDED_SAFER_0e8735d32cf6,15,0e8735d32cf620a4596fc3574f763e69da78d5a0757458bf21c4f9ec4ece19ca,M0_BOUNDED_SAFER,diagnostic,SHORT,OPEN,SUCCESS,STOPPED_GOAL,True,False,156,False,0.3497675676378661,0.011665660783303318,0.40079387104981223,0.38819408091080054,0.3497675676378661,0,0,0,0,0,0.0,0.0,0.0,0,0,0,0,0,0,0.0006411138165276498,8.68217773293145,902a699e52ca03de7f03d25b1d93c72f9b7b8afc263c1d123c1618e96811ba6b
015_M1_BOUNDED_RISK_AWARE_V1_0e8735d32cf6,15,0e8735d32cf620a4596fc3574f763e69da78d5a0757458bf21c4f9ec4ece19ca,M1_BOUNDED_RISK_AWARE_V1,diagnostic,SHORT,OPEN,SUCCESS,STOPPED_GOAL,True,False,156,False,0.3497675676378661,0.011663355971084968,0.4007961758620306,0.38819408091080054,0.3497675676378661,0,0,0,0,0,2000.0,2000.0,0.0,0,0,0,0,0,0,0.040361351770116016,11.673585298005491,902a699e52ca03de7f03d25b1d93c72f9b7b8afc263c1d123c1618e96811ba6b
015_M2_FAS_START_SAFE_0e8735d32cf6,15,0e8735d32cf620a4596fc3574f763e69da78d5a0757458bf21c4f9ec4ece19ca,M2_FAS_START_SAFE,diagnostic,SHORT,OPEN,SUCCESS,STOPPED_GOAL,True,False,156,False,0.3497675676378661,0.011663355971084968,0.4007961758620306,0.38819408091080054,0.3497675676378661,0,0,0,0,0,2000.0,2000.0,0.0,0,0,0,0,0,0,0.039917382469866425,11.914625790086575,902a699e52ca03de7f03d25b1d93c72f9b7b8afc263c1d123c1618e96811ba6b
015_M3_FAS_START_SAFE_DISCRETE_0e8735d32cf6,15,0e8735d32cf620a4596fc3574f763e69da78d5a0757458bf21c4f9ec4ece19ca,M3_FAS_START_SAFE_DISCRETE,diagnostic,SHORT,OPEN,SUCCESS,STOPPED_GOAL,True,False,156,False,0.3497675676378661,0.011663355971084968,0.4007961758620306,0.38819408091080054,0.3497675676378661,0,0,0,0,0,2000.0,2000.0,0.0,0,0,0,0,0,0,0.04064159648260102,11.893048563972116,902a699e52ca03de7f03d25b1d93c72f9b7b8afc263c1d123c1618e96811ba6b
015_M4_FAS_START_SAFE_DISCRETE_RECOVERY_0e8735d32cf6,15,0e8735d32cf620a4596fc3574f763e69da78d5a0757458bf21c4f9ec4ece19ca,M4_FAS_START_SAFE_DISCRETE_RECOVERY,diagnostic,SHORT,OPEN,SUCCESS,STOPPED_GOAL,True,False,156,False,0.3497675676378661,0.011663355971084968,0.4007961758620306,0.38819408091080054,0.3497675676378661,0,0,0,0,0,2000.0,2000.0,0.0,0,0,0,0,0,0,0.0396352672833018,40.46348268492147,902a699e52ca03de7f03d25b1d93c72f9b7b8afc263c1d123c1618e96811ba6b
016_M0_BOUNDED_SAFER_08bace72c40c,16,08bace72c40c98e696d182b5fc6affd1439330451d09be4986c007a2c0b349ec,M0_BOUNDED_SAFER,diagnostic,MEDIUM,OPEN,SUCCESS,STOPPED_GOAL,True,False,223,False,0.3901030738632547,0.025668192540005137,1.0504439288668281,0.42813067483639444,0.39097959810569904,0,0,0,0,0,0.0,0.0,0.0,0,0,0,0,0,0,0.0012812629691325128,7.279581897077151,902a699e52ca03de7f03d25b1d93c72f9b7b8afc263c1d123c1618e96811ba6b
016_M1_BOUNDED_RISK_AWARE_V1_08bace72c40c,16,08bace72c40c98e696d182b5fc6affd1439330451d09be4986c007a2c0b349ec,M1_BOUNDED_RISK_AWARE_V1,diagnostic,MEDIUM,OPEN,SUCCESS,STOPPED_GOAL,True,False,223,False,0.3901030738632547,0.025669915788745473,1.0504422056180878,0.4281304790357917,0.3909794750364278,0,0,0,0,0,2000.0,2000.0,0.0,0,0,0,0,0,0,0.03996235544327645,14.071000515017658,902a699e52ca03de7f03d25b1d93c72f9b7b8afc263c1d123c1618e96811ba6b
016_M2_FAS_START_SAFE_08bace72c40c,16,08bace72c40c98e696d182b5fc6affd1439330451d09be4986c007a2c0b349ec,M2_FAS_START_SAFE,diagnostic,MEDIUM,OPEN,SUCCESS,STOPPED_GOAL,True,False,223,False,0.3901030738632547,0.025669915788745473,1.0504422056180878,0.4281304790357917,0.3909794750364278,0,0,0,0,0,2000.0,2000.0,0.0,0,0,0,0,0,0,0.039062789978925136,14.956451617996208,902a699e52ca03de7f03d25b1d93c72f9b7b8afc263c1d123c1618e96811ba6b
016_M3_FAS_START_SAFE_DISCRETE_08bace72c40c,16,08bace72c40c98e696d182b5fc6affd1439330451d09be4986c007a2c0b349ec,M3_FAS_START_SAFE_DISCRETE,diagnostic,MEDIUM,OPEN,SUCCESS,STOPPED_GOAL,True,False,223,False,0.3901030738632547,0.025669915788745473,1.0504422056180878,0.4281304790357917,0.3909794750364278,0,0,0,0,0,2000.0,2000.0,0.0,0,0,0,0,0,0,0.039860077947378135,14.077908565057442,902a699e52ca03de7f03d25b1d93c72f9b7b8afc263c1d123c1618e96811ba6b
016_M4_FAS_START_SAFE_DISCRETE_RECOVERY_08bace72c40c,16,08bace72c40c98e696d182b5fc6affd1439330451d09be4986c007a2c0b349ec,M4_FAS_START_SAFE_DISCRETE_RECOVERY,diagnostic,MEDIUM,OPEN,SUCCESS,STOPPED_GOAL,True,False,223,False,0.3901030738632547,0.025669915788745473,1.0504422056180878,0.4281304790357917,0.3909794750364278,0,0,0,0,0,2000.0,2000.0,0.0,0,0,0,0,0,0,0.04042103328974915,52.50831351906527,902a699e52ca03de7f03d25b1d93c72f9b7b8afc263c1d123c1618e96811ba6b
017_M0_BOUNDED_SAFER_07710ac4ace3,17,07710ac4ace3bc277818ac52a94d1563c020f4677868b3931e725b1edcfb3650,M0_BOUNDED_SAFER,diagnostic,LONG,OPEN,SUCCESS,STOPPED_GOAL,True,False,408,False,0.3447355432986038,0.015174503169521979,1.686616478097803,0.385714805785521,0.3564575261824854,0,0,0,0,0,0.0,0.0,0.0,0,0,0,0,0,0,0.001236191758653149,7.1042193149914965,902a699e52ca03de7f03d25b1d93c72f9b7b8afc263c1d123c1618e96811ba6b
017_M1_BOUNDED_RISK_AWARE_V1_07710ac4ace3,17,07710ac4ace3bc277818ac52a94d1563c020f4677868b3931e725b1edcfb3650,M1_BOUNDED_RISK_AWARE_V1,diagnostic,LONG,OPEN,SUCCESS,STOPPED_GOAL,True,False,408,False,0.3447355432986038,0.015187174772957796,1.6866038064943674,0.3857148130710589,0.3564575318429992,0,0,0,0,0,2000.0,2000.0,0.0,0,0,0,0,0,0,0.04177708157221786,21.380139903048985,902a699e52ca03de7f03d25b1d93c72f9b7b8afc263c1d123c1618e96811ba6b
017_M2_FAS_START_SAFE_07710ac4ace3,17,07710ac4ace3bc277818ac52a94d1563c020f4677868b3931e725b1edcfb3650,M2_FAS_START_SAFE,diagnostic,LONG,OPEN,SUCCESS,STOPPED_GOAL,True,False,408,False,0.3447355432986038,0.015187174772957796,1.6866038064943674,0.3857148130710589,0.3564575318429992,0,0,0,0,0,2000.0,2000.0,0.0,0,0,0,0,0,0,0.04115655301720835,21.79284025495872,902a699e52ca03de7f03d25b1d93c72f9b7b8afc263c1d123c1618e96811ba6b
017_M3_FAS_START_SAFE_DISCRETE_07710ac4ace3,17,07710ac4ace3bc277818ac52a94d1563c020f4677868b3931e725b1edcfb3650,M3_FAS_START_SAFE_DISCRETE,diagnostic,LONG,OPEN,SUCCESS,STOPPED_GOAL,True,False,408,False,0.3447355432986038,0.015187174772957796,1.6866038064943674,0.3857148130710589,0.3564575318429992,0,0,0,0,0,2000.0,2000.0,0.0,0,0,0,0,0,0,0.04194214707240462,21.53063994506374,902a699e52ca03de7f03d25b1d93c72f9b7b8afc263c1d123c1618e96811ba6b
017_M4_FAS_START_SAFE_DISCRETE_RECOVERY_07710ac4ace3,17,07710ac4ace3bc277818ac52a94d1563c020f4677868b3931e725b1edcfb3650,M4_FAS_START_SAFE_DISCRETE_RECOVERY,diagnostic,LONG,OPEN,SUCCESS,STOPPED_GOAL,True,False,408,False,0.3447355432986038,0.015187174772957796,1.6866038064943674,0.3857148130710589,0.3564575318429992,0,0,0,0,0,2000.0,2000.0,0.0,0,0,0,0,0,0,0.04067070534219965,94.7652418849757,902a699e52ca03de7f03d25b1d93c72f9b7b8afc263c1d123c1618e96811ba6b
018_M0_BOUNDED_SAFER_f545d18c22d7,18,f545d18c22d7f7fc8f4400486f1b8602d459690ca38049cdf17960e092bfd65a,M0_BOUNDED_SAFER,diagnostic,SHORT,TIGHT,SUCCESS,STOPPED_GOAL,True,False,177,False,0.04468536426356001,0.020609884830535375,0.6429747557802478,0.07890097714916253,0.04468536426356001,0,0,0,0,0,136.19209039548022,136.19209039548022,0.0,0,0,0,0,0,0,0.0031496277777478096,6.844744308036752,902a699e52ca03de7f03d25b1d93c72f9b7b8afc263c1d123c1618e96811ba6b
018_M1_BOUNDED_RISK_AWARE_V1_f545d18c22d7,18,f545d18c22d7f7fc8f4400486f1b8602d459690ca38049cdf17960e092bfd65a,M1_BOUNDED_RISK_AWARE_V1,diagnostic,SHORT,TIGHT,SUCCESS,STOPPED_GOAL,True,False,177,False,0.04468536426356001,0.020609578043803846,0.6429750625669793,0.07890097714916253,0.04468536426356001,0,0,0,0,0,2000.0,2000.0,0.0,0,0,0,0,0,0,0.03656690220814198,12.632221019943245,902a699e52ca03de7f03d25b1d93c72f9b7b8afc263c1d123c1618e96811ba6b
018_M2_FAS_START_SAFE_f545d18c22d7,18,f545d18c22d7f7fc8f4400486f1b8602d459690ca38049cdf17960e092bfd65a,M2_FAS_START_SAFE,diagnostic,SHORT,TIGHT,SUCCESS,STOPPED_GOAL,True,False,177,False,0.04468536426356001,0.020609578043803846,0.6429750625669793,0.07890097714916253,0.04468536426356001,0,0,0,0,0,2000.0,2000.0,0.0,0,0,0,0,0,0,0.03734476298559457,11.919723909930326,902a699e52ca03de7f03d25b1d93c72f9b7b8afc263c1d123c1618e96811ba6b
018_M3_FAS_START_SAFE_DISCRETE_f545d18c22d7,18,f545d18c22d7f7fc8f4400486f1b8602d459690ca38049cdf17960e092bfd65a,M3_FAS_START_SAFE_DISCRETE,diagnostic,SHORT,TIGHT,SUCCESS,STOPPED_GOAL,True,False,177,False,0.04468536426356001,0.020609578043803846,0.6429750625669793,0.07890097714916253,0.04468536426356001,0,0,0,0,0,2000.0,2000.0,0.0,0,0,0,0,0,0,0.03784166080877185,11.95751689991448,902a699e52ca03de7f03d25b1d93c72f9b7b8afc263c1d123c1618e96811ba6b
018_M4_FAS_START_SAFE_DISCRETE_RECOVERY_f545d18c22d7,18,f545d18c22d7f7fc8f4400486f1b8602d459690ca38049cdf17960e092bfd65a,M4_FAS_START_SAFE_DISCRETE_RECOVERY,diagnostic,SHORT,TIGHT,SUCCESS,STOPPED_GOAL,True,False,177,False,0.04468536426356001,0.020609578043803846,0.6429750625669793,0.07890097714916253,0.04468536426356001,0,0,0,0,0,2000.0,2000.0,0.0,0,0,0,0,0,0,0.03685253979638218,41.143210094072856,902a699e52ca03de7f03d25b1d93c72f9b7b8afc263c1d123c1618e96811ba6b
019_M0_BOUNDED_SAFER_95d228b3d86e,19,95d228b3d86e156b16dc9c820e3c960f2e3a8682ad7a55787a22225e6886e387,M0_BOUNDED_SAFER,diagnostic,MEDIUM,TIGHT,SUCCESS,STOPPED_GOAL,True,False,257,False,0.02080696955675515,0.01616569357386518,1.0615972857872715,0.055321210420708505,0.02080696955675515,0,0,0,0,0,230.0544747081712,230.0544747081712,0.0,0,0,0,0,0,0,0.005516115203499794,7.1694791270419955,902a699e52ca03de7f03d25b1d93c72f9b7b8afc263c1d123c1618e96811ba6b
019_M1_BOUNDED_RISK_AWARE_V1_95d228b3d86e,19,95d228b3d86e156b16dc9c820e3c960f2e3a8682ad7a55787a22225e6886e387,M1_BOUNDED_RISK_AWARE_V1,diagnostic,MEDIUM,TIGHT,SUCCESS,STOPPED_GOAL,True,False,257,False,0.02080696955675515,0.016169030698833183,1.0615939486623036,0.055321210420708505,0.02080696955675515,0,0,0,0,0,2000.0,2000.0,0.0,0,0,0,0,0,0,0.043696510163135825,16.30684144992847,902a699e52ca03de7f03d25b1d93c72f9b7b8afc263c1d123c1618e96811ba6b
019_M2_FAS_START_SAFE_95d228b3d86e,19,95d228b3d86e156b16dc9c820e3c960f2e3a8682ad7a55787a22225e6886e387,M2_FAS_START_SAFE,diagnostic,MEDIUM,TIGHT,SUCCESS,STOPPED_GOAL,True,False,257,False,0.02080696955675515,0.016169030698833183,1.0615939486623036,0.055321210420708505,0.02080696955675515,0,0,0,0,0,2000.0,2000.0,0.0,0,0,0,0,0,0,0.0435196518432349,15.998708985047415,902a699e52ca03de7f03d25b1d93c72f9b7b8afc263c1d123c1618e96811ba6b
019_M3_FAS_START_SAFE_DISCRETE_95d228b3d86e,19,95d228b3d86e156b16dc9c820e3c960f2e3a8682ad7a55787a22225e6886e387,M3_FAS_START_SAFE_DISCRETE,diagnostic,MEDIUM,TIGHT,SUCCESS,STOPPED_GOAL,True,False,257,False,0.02080696955675515,0.016169030698833183,1.0615939486623036,0.055321210420708505,0.02080696955675515,0,0,0,0,0,2000.0,2000.0,0.0,0,0,0,0,0,0,0.043235589959658684,15.883634609053843,902a699e52ca03de7f03d25b1d93c72f9b7b8afc263c1d123c1618e96811ba6b
019_M4_FAS_START_SAFE_DISCRETE_RECOVERY_95d228b3d86e,19,95d228b3d86e156b16dc9c820e3c960f2e3a8682ad7a55787a22225e6886e387,M4_FAS_START_SAFE_DISCRETE_RECOVERY,diagnostic,MEDIUM,TIGHT,SUCCESS,STOPPED_GOAL,True,False,257,False,0.02080696955675515,0.016169030698833183,1.0615939486623036,0.055321210420708505,0.02080696955675515,0,0,0,0,0,2000.0,2000.0,0.0,0,0,0,0,0,0,0.042731656786054374,64.61369893490337,902a699e52ca03de7f03d25b1d93c72f9b7b8afc263c1d123c1618e96811ba6b
020_M0_BOUNDED_SAFER_3c19a4bf5ec3,20,3c19a4bf5ec3f1fa49e30064252748712678a1dd1789fa3a13932eb142dd4c6e,M0_BOUNDED_SAFER,formal,LONG,TIGHT,MAP_GEOMETRY_BLOCKED,DIRECT_SEGMENT_FINE_MAP_BLOCKED,,,0,True,-0.0069959544896362885,,,,,0,0,0,,,,,,,0,0,0,0,0,,,902a699e52ca03de7f03d25b1d93c72f9b7b8afc263c1d123c1618e96811ba6b
020_M1_BOUNDED_RISK_AWARE_V1_3c19a4bf5ec3,20,3c19a4bf5ec3f1fa49e30064252748712678a1dd1789fa3a13932eb142dd4c6e,M1_BOUNDED_RISK_AWARE_V1,formal,LONG,TIGHT,MAP_GEOMETRY_BLOCKED,DIRECT_SEGMENT_FINE_MAP_BLOCKED,,,0,True,-0.0069959544896362885,,,,,0,0,0,,,,,,,0,0,0,0,0,,,902a699e52ca03de7f03d25b1d93c72f9b7b8afc263c1d123c1618e96811ba6b
020_M2_FAS_START_SAFE_3c19a4bf5ec3,20,3c19a4bf5ec3f1fa49e30064252748712678a1dd1789fa3a13932eb142dd4c6e,M2_FAS_START_SAFE,formal,LONG,TIGHT,MAP_GEOMETRY_BLOCKED,DIRECT_SEGMENT_FINE_MAP_BLOCKED,,,0,True,-0.0069959544896362885,,,,,0,0,0,,,,,,,0,0,0,0,0,,,902a699e52ca03de7f03d25b1d93c72f9b7b8afc263c1d123c1618e96811ba6b
020_M3_FAS_START_SAFE_DISCRETE_3c19a4bf5ec3,20,3c19a4bf5ec3f1fa49e30064252748712678a1dd1789fa3a13932eb142dd4c6e,M3_FAS_START_SAFE_DISCRETE,formal,LONG,TIGHT,MAP_GEOMETRY_BLOCKED,DIRECT_SEGMENT_FINE_MAP_BLOCKED,,,0,True,-0.0069959544896362885,,,,,0,0,0,,,,,,,0,0,0,0,0,,,902a699e52ca03de7f03d25b1d93c72f9b7b8afc263c1d123c1618e96811ba6b
020_M4_FAS_START_SAFE_DISCRETE_RECOVERY_3c19a4bf5ec3,20,3c19a4bf5ec3f1fa49e30064252748712678a1dd1789fa3a13932eb142dd4c6e,M4_FAS_START_SAFE_DISCRETE_RECOVERY,formal,LONG,TIGHT,MAP_GEOMETRY_BLOCKED,DIRECT_SEGMENT_FINE_MAP_BLOCKED,,,0,True,-0.0069959544896362885,,,,,0,0,0,,,,,,,0,0,0,0,0,,,902a699e52ca03de7f03d25b1d93c72f9b7b8afc263c1d123c1618e96811ba6b
021_M0_BOUNDED_SAFER_34ab9242d256,21,34ab9242d256f26919370e379a89971aae1c329beb2fb61b23193b9367a53beb,M0_BOUNDED_SAFER,formal,SHORT,MODERATE,SUCCESS,STOPPED_GOAL,True,False,192,False,0.07259708765305703,0.015606124978494649,0.6226839724721412,0.10671561758683931,0.07259708765305703,0,0,0,0,0,177.08333333333334,177.08333333333334,0.0,0,0,0,0,0,0,0.0029768577835056916,6.84259428200312,902a699e52ca03de7f03d25b1d93c72f9b7b8afc263c1d123c1618e96811ba6b
021_M1_BOUNDED_RISK_AWARE_V1_34ab9242d256,21,34ab9242d256f26919370e379a89971aae1c329beb2fb61b23193b9367a53beb,M1_BOUNDED_RISK_AWARE_V1,formal,SHORT,MODERATE,SUCCESS,STOPPED_GOAL,True,False,192,False,0.07259708765305703,0.015604964720784457,0.6226851327298515,0.10671561758683931,0.07259708765305703,0,0,0,0,0,2000.0,2000.0,0.0,0,0,0,0,0,0,0.04094144557602703,12.89894110406749,902a699e52ca03de7f03d25b1d93c72f9b7b8afc263c1d123c1618e96811ba6b
021_M2_FAS_START_SAFE_34ab9242d256,21,34ab9242d256f26919370e379a89971aae1c329beb2fb61b23193b9367a53beb,M2_FAS_START_SAFE,formal,SHORT,MODERATE,SUCCESS,STOPPED_GOAL,True,False,192,False,0.07259708765305703,0.015604964720784457,0.6226851327298515,0.10671561758683931,0.07259708765305703,0,0,0,0,0,2000.0,2000.0,0.0,0,0,0,0,0,0,0.04109004630008712,12.974405817920342,902a699e52ca03de7f03d25b1d93c72f9b7b8afc263c1d123c1618e96811ba6b
021_M3_FAS_START_SAFE_DISCRETE_34ab9242d256,21,34ab9242d256f26919370e379a89971aae1c329beb2fb61b23193b9367a53beb,M3_FAS_START_SAFE_DISCRETE,formal,SHORT,MODERATE,SUCCESS,STOPPED_GOAL,True,False,192,False,0.07259708765305703,0.015604964720784457,0.6226851327298515,0.10671561758683931,0.07259708765305703,0,0,0,0,0,2000.0,2000.0,0.0,0,0,0,0,0,0,0.04112863111658953,14.130480305990204,902a699e52ca03de7f03d25b1d93c72f9b7b8afc263c1d123c1618e96811ba6b
021_M4_FAS_START_SAFE_DISCRETE_RECOVERY_34ab9242d256,21,34ab9242d256f26919370e379a89971aae1c329beb2fb61b23193b9367a53beb,M4_FAS_START_SAFE_DISCRETE_RECOVERY,formal,SHORT,MODERATE,SUCCESS,STOPPED_GOAL,True,False,192,False,0.07259708765305703,0.015604964720784457,0.6226851327298515,0.10671561758683931,0.07259708765305703,0,0,0,0,0,2000.0,2000.0,0.0,0,0,0,0,0,0,0.04088752645766362,47.43796915898565,902a699e52ca03de7f03d25b1d93c72f9b7b8afc263c1d123c1618e96811ba6b
022_M0_BOUNDED_SAFER_18eea0da4818,22,18eea0da48189a0caf47084b93903084866188164b58acc500ca6868b728e16a,M0_BOUNDED_SAFER,formal,MEDIUM,MODERATE,SUCCESS,STOPPED_GOAL,True,False,224,False,0.09896762722643679,0.01644508258482022,0.8222231275958325,0.12160364989923222,0.09896762722643679,0,0,0,0,0,97.48660714285714,97.48660714285714,0.0,0,0,0,0,0,0,0.002819160127546638,7.056943840929307,902a699e52ca03de7f03d25b1d93c72f9b7b8afc263c1d123c1618e96811ba6b
022_M1_BOUNDED_RISK_AWARE_V1_18eea0da4818,22,18eea0da48189a0caf47084b93903084866188164b58acc500ca6868b728e16a,M1_BOUNDED_RISK_AWARE_V1,formal,MEDIUM,MODERATE,SUCCESS,STOPPED_GOAL,True,False,224,False,0.09896762722643679,0.016447167509846046,0.8222210426708066,0.12160364989923222,0.09896762722643679,0,0,0,0,0,2000.0,2000.0,0.0,0,0,0,0,0,0,0.03861044546938501,13.745986410067417,902a699e52ca03de7f03d25b1d93c72f9b7b8afc263c1d123c1618e96811ba6b
022_M2_FAS_START_SAFE_18eea0da4818,22,18eea0da48189a0caf47084b93903084866188164b58acc500ca6868b728e16a,M2_FAS_START_SAFE,formal,MEDIUM,MODERATE,SUCCESS,STOPPED_GOAL,True,False,224,False,0.09896762722643679,0.016447167509846046,0.8222210426708066,0.12160364989923222,0.09896762722643679,0,0,0,0,0,2000.0,2000.0,0.0,0,0,0,0,0,0,0.03848954158602282,14.941613979986869,902a699e52ca03de7f03d25b1d93c72f9b7b8afc263c1d123c1618e96811ba6b
022_M3_FAS_START_SAFE_DISCRETE_18eea0da4818,22,18eea0da48189a0caf47084b93903084866188164b58acc500ca6868b728e16a,M3_FAS_START_SAFE_DISCRETE,formal,MEDIUM,MODERATE,SUCCESS,STOPPED_GOAL,True,False,224,False,0.09896762722643679,0.016447167509846046,0.8222210426708066,0.12160364989923222,0.09896762722643679,0,0,0,0,0,2000.0,2000.0,0.0,0,0,0,0,0,0,0.03872834324720316,14.214040206978098,902a699e52ca03de7f03d25b1d93c72f9b7b8afc263c1d123c1618e96811ba6b
022_M4_FAS_START_SAFE_DISCRETE_RECOVERY_18eea0da4818,22,18eea0da48189a0caf47084b93903084866188164b58acc500ca6868b728e16a,M4_FAS_START_SAFE_DISCRETE_RECOVERY,formal,MEDIUM,MODERATE,SUCCESS,STOPPED_GOAL,True,False,224,False,0.09896762722643679,0.016447167509846046,0.8222210426708066,0.12160364989923222,0.09896762722643679,0,0,0,0,0,2000.0,2000.0,0.0,0,0,0,0,0,0,0.03798169130459428,53.398905445006676,902a699e52ca03de7f03d25b1d93c72f9b7b8afc263c1d123c1618e96811ba6b
023_M0_BOUNDED_SAFER_0fdd4e9ef19b,23,0fdd4e9ef19bd32957bd480678febef0d5cd94126d0838b91d6ed38bae2e7535,M0_BOUNDED_SAFER,formal,LONG,MODERATE,SUCCESS,STOPPED_GOAL,True,False,399,False,0.05430761181518878,0.016133684022359658,1.6319936924689977,0.07083379692935388,0.052179561546771114,0,0,0,0,0,801.4786967418546,801.4786967418546,0.0,0,0,0,0,0,0,0.004835198877844959,9.609346896992065,902a699e52ca03de7f03d25b1d93c72f9b7b8afc263c1d123c1618e96811ba6b
023_M1_BOUNDED_RISK_AWARE_V1_0fdd4e9ef19b,23,0fdd4e9ef19bd32957bd480678febef0d5cd94126d0838b91d6ed38bae2e7535,M1_BOUNDED_RISK_AWARE_V1,formal,LONG,MODERATE,SUCCESS,STOPPED_GOAL,True,False,399,False,0.05430761181518878,0.016131668077491754,1.6319957084138657,0.07083384348261745,0.05217978480080335,0,0,0,0,0,2000.0,2000.0,71.06516290726817,0,0,0,0,0,0,0.04084834440145641,21.688088132999837,902a699e52ca03de7f03d25b1d93c72f9b7b8afc263c1d123c1618e96811ba6b
023_M2_FAS_START_SAFE_0fdd4e9ef19b,23,0fdd4e9ef19bd32957bd480678febef0d5cd94126d0838b91d6ed38bae2e7535,M2_FAS_START_SAFE,formal,LONG,MODERATE,SUCCESS,STOPPED_GOAL,True,False,399,False,0.05430761181518878,0.016131668077491754,1.6319957084138657,0.07083384348261745,0.05217978480080335,0,0,0,0,0,2000.0,2000.0,71.06516290726817,0,0,0,0,0,0,0.04065073133679107,21.264077074010856,902a699e52ca03de7f03d25b1d93c72f9b7b8afc263c1d123c1618e96811ba6b
023_M3_FAS_START_SAFE_DISCRETE_0fdd4e9ef19b,23,0fdd4e9ef19bd32957bd480678febef0d5cd94126d0838b91d6ed38bae2e7535,M3_FAS_START_SAFE_DISCRETE,formal,LONG,MODERATE,SUCCESS,STOPPED_GOAL,True,False,399,False,0.05430761181518878,0.016131668077491754,1.6319957084138657,0.07083384348261745,0.05217978480080335,0,0,0,0,0,2000.0,2000.0,71.06516290726817,0,0,0,0,0,0,0.0405708089005202,21.105938373017125,902a699e52ca03de7f03d25b1d93c72f9b7b8afc263c1d123c1618e96811ba6b
023_M4_FAS_START_SAFE_DISCRETE_RECOVERY_0fdd4e9ef19b,23,0fdd4e9ef19bd32957bd480678febef0d5cd94126d0838b91d6ed38bae2e7535,M4_FAS_START_SAFE_DISCRETE_RECOVERY,formal,LONG,MODERATE,SUCCESS,STOPPED_GOAL,True,False,399,False,0.05430761181518878,0.016131668077491754,1.6319957084138657,0.07083384348261745,0.05217978480080335,0,0,0,0,0,2000.0,2000.0,71.06516290726817,0,0,0,0,0,0,0.04009295096620917,95.37119268707465,902a699e52ca03de7f03d25b1d93c72f9b7b8afc263c1d123c1618e96811ba6b
024_M0_BOUNDED_SAFER_11d0b6f31db8,24,11d0b6f31db809811ef8d97e8f1ab7817cedab37d027115100976edae58fea13,M0_BOUNDED_SAFER,formal,SHORT,OPEN,SUCCESS,STOPPED_GOAL,True,False,137,False,0.5034080036181955,0.024698932161837026,0.4530285670175437,0.5361044093448876,0.5034080036181955,0,0,0,0,0,0.0,0.0,0.0,0,0,0,0,0,0,0.0005845461972057819,7.539912724052556,902a699e52ca03de7f03d25b1d93c72f9b7b8afc263c1d123c1618e96811ba6b
024_M1_BOUNDED_RISK_AWARE_V1_11d0b6f31db8,24,11d0b6f31db809811ef8d97e8f1ab7817cedab37d027115100976edae58fea13,M1_BOUNDED_RISK_AWARE_V1,formal,SHORT,OPEN,SUCCESS,STOPPED_GOAL,True,False,137,False,0.5034080036181955,0.024701330006546864,0.4530261691728339,0.5361044093448876,0.5034080036181955,0,0,0,0,0,2000.0,2000.0,0.0,0,0,0,0,0,0,0.04390080256853252,11.418671363964677,902a699e52ca03de7f03d25b1d93c72f9b7b8afc263c1d123c1618e96811ba6b
024_M2_FAS_START_SAFE_11d0b6f31db8,24,11d0b6f31db809811ef8d97e8f1ab7817cedab37d027115100976edae58fea13,M2_FAS_START_SAFE,formal,SHORT,OPEN,SUCCESS,STOPPED_GOAL,True,False,137,False,0.5034080036181955,0.024701330006546864,0.4530261691728339,0.5361044093448876,0.5034080036181955,0,0,0,0,0,2000.0,2000.0,0.0,0,0,0,0,0,0,0.04375638742931187,12.271101178019308,902a699e52ca03de7f03d25b1d93c72f9b7b8afc263c1d123c1618e96811ba6b
024_M3_FAS_START_SAFE_DISCRETE_11d0b6f31db8,24,11d0b6f31db809811ef8d97e8f1ab7817cedab37d027115100976edae58fea13,M3_FAS_START_SAFE_DISCRETE,formal,SHORT,OPEN,SUCCESS,STOPPED_GOAL,True,False,137,False,0.5034080036181955,0.024701330006546864,0.4530261691728339,0.5361044093448876,0.5034080036181955,0,0,0,0,0,2000.0,2000.0,0.0,0,0,0,0,0,0,0.04337272399570793,11.632743027992547,902a699e52ca03de7f03d25b1d93c72f9b7b8afc263c1d123c1618e96811ba6b
024_M4_FAS_START_SAFE_DISCRETE_RECOVERY_11d0b6f31db8,24,11d0b6f31db809811ef8d97e8f1ab7817cedab37d027115100976edae58fea13,M4_FAS_START_SAFE_DISCRETE_RECOVERY,formal,SHORT,OPEN,SUCCESS,STOPPED_GOAL,True,False,137,False,0.5034080036181955,0.024701330006546864,0.4530261691728339,0.5361044093448876,0.5034080036181955,0,0,0,0,0,2000.0,2000.0,0.0,0,0,0,0,0,0,0.0436363642802462,38.78146241395734,902a699e52ca03de7f03d25b1d93c72f9b7b8afc263c1d123c1618e96811ba6b
025_M0_BOUNDED_SAFER_0a89be12c8c4,25,0a89be12c8c473e7eac3bd2b75dd0d1424e83d4bd5f820f0c73650f898d773a0,M0_BOUNDED_SAFER,formal,MEDIUM,OPEN,SUCCESS,STOPPED_GOAL,True,False,242,False,0.4597300495336475,0.01532913074364699,0.8533943697045876,0.5017647006950092,0.4657945541188836,0,0,0,0,0,0.0,0.0,0.0,0,0,0,0,0,0,0.0012060259468853474,6.768085687072016,902a699e52ca03de7f03d25b1d93c72f9b7b8afc263c1d123c1618e96811ba6b
025_M1_BOUNDED_RISK_AWARE_V1_0a89be12c8c4,25,0a89be12c8c473e7eac3bd2b75dd0d1424e83d4bd5f820f0c73650f898d773a0,M1_BOUNDED_RISK_AWARE_V1,formal,MEDIUM,OPEN,SUCCESS,STOPPED_GOAL,True,False,242,False,0.4597300495336475,0.015331029994585223,0.8533924704536493,0.5017647343860024,0.46579455399495784,0,0,0,0,0,2000.0,2000.0,0.0,0,0,0,0,0,0,0.03668614311609417,14.775580080924556,902a699e52ca03de7f03d25b1d93c72f9b7b8afc263c1d123c1618e96811ba6b
025_M2_FAS_START_SAFE_0a89be12c8c4,25,0a89be12c8c473e7eac3bd2b75dd0d1424e83d4bd5f820f0c73650f898d773a0,M2_FAS_START_SAFE,formal,MEDIUM,OPEN,SUCCESS,STOPPED_GOAL,True,False,242,False,0.4597300495336475,0.015331029994585223,0.8533924704536493,0.5017647343860024,0.46579455399495784,0,0,0,0,0,2000.0,2000.0,0.0,0,0,0,0,0,0,0.036901238240534436,14.935262563987635,902a699e52ca03de7f03d25b1d93c72f9b7b8afc263c1d123c1618e96811ba6b
025_M3_FAS_START_SAFE_DISCRETE_0a89be12c8c4,25,0a89be12c8c473e7eac3bd2b75dd0d1424e83d4bd5f820f0c73650f898d773a0,M3_FAS_START_SAFE_DISCRETE,formal,MEDIUM,OPEN,SUCCESS,STOPPED_GOAL,True,False,242,False,0.4597300495336475,0.015331029994585223,0.8533924704536493,0.5017647343860024,0.46579455399495784,0,0,0,0,0,2000.0,2000.0,0.0,0,0,0,0,0,0,0.03692673009354621,14.44432454102207,902a699e52ca03de7f03d25b1d93c72f9b7b8afc263c1d123c1618e96811ba6b
025_M4_FAS_START_SAFE_DISCRETE_RECOVERY_0a89be12c8c4,25,0a89be12c8c473e7eac3bd2b75dd0d1424e83d4bd5f820f0c73650f898d773a0,M4_FAS_START_SAFE_DISCRETE_RECOVERY,formal,MEDIUM,OPEN,SUCCESS,STOPPED_GOAL,True,False,242,False,0.4597300495336475,0.015331029994585223,0.8533924704536493,0.5017647343860024,0.46579455399495784,0,0,0,0,0,2000.0,2000.0,0.0,0,0,0,0,0,0,0.03676029857015237,54.02887985506095,902a699e52ca03de7f03d25b1d93c72f9b7b8afc263c1d123c1618e96811ba6b
026_M0_BOUNDED_SAFER_0781d7b0bd2c,26,0781d7b0bd2c7f9c9ce552a41649885d9a6ac89ea44fefa24f4b7f6fc9556a55,M0_BOUNDED_SAFER,formal,LONG,OPEN,SUCCESS,STOPPED_GOAL,True,False,374,False,0.3078148902599772,0.016155637591845573,1.864307431722124,0.3364286814292248,0.30991666035782583,0,0,0,0,0,0.0,0.0,0.0,0,0,0,0,0,0,0.00122754568583332,7.7179930249694735,902a699e52ca03de7f03d25b1d93c72f9b7b8afc263c1d123c1618e96811ba6b
026_M1_BOUNDED_RISK_AWARE_V1_0781d7b0bd2c,26,0781d7b0bd2c7f9c9ce552a41649885d9a6ac89ea44fefa24f4b7f6fc9556a55,M1_BOUNDED_RISK_AWARE_V1,formal,LONG,OPEN,SUCCESS,STOPPED_GOAL,True,False,374,False,0.3078148902599772,0.016161304240798136,1.8643017650731712,0.3364286814292248,0.30991666035782583,0,0,0,0,0,2000.0,2000.0,0.0,0,0,0,0,0,0,0.03905150037608109,19.983251027064398,902a699e52ca03de7f03d25b1d93c72f9b7b8afc263c1d123c1618e96811ba6b
026_M2_FAS_START_SAFE_0781d7b0bd2c,26,0781d7b0bd2c7f9c9ce552a41649885d9a6ac89ea44fefa24f4b7f6fc9556a55,M2_FAS_START_SAFE,formal,LONG,OPEN,SUCCESS,STOPPED_GOAL,True,False,374,False,0.3078148902599772,0.016161304240798136,1.8643017650731712,0.3364286814292248,0.30991666035782583,0,0,0,0,0,2000.0,2000.0,0.0,0,0,0,0,0,0,0.03986485204659401,20.051930597051978,902a699e52ca03de7f03d25b1d93c72f9b7b8afc263c1d123c1618e96811ba6b
026_M3_FAS_START_SAFE_DISCRETE_0781d7b0bd2c,26,0781d7b0bd2c7f9c9ce552a41649885d9a6ac89ea44fefa24f4b7f6fc9556a55,M3_FAS_START_SAFE_DISCRETE,formal,LONG,OPEN,SUCCESS,STOPPED_GOAL,True,False,374,False,0.3078148902599772,0.016161304240798136,1.8643017650731712,0.3364286814292248,0.30991666035782583,0,0,0,0,0,2000.0,2000.0,0.0,0,0,0,0,0,0,0.039317921036854386,20.992753184051253,902a699e52ca03de7f03d25b1d93c72f9b7b8afc263c1d123c1618e96811ba6b
026_M4_FAS_START_SAFE_DISCRETE_RECOVERY_0781d7b0bd2c,26,0781d7b0bd2c7f9c9ce552a41649885d9a6ac89ea44fefa24f4b7f6fc9556a55,M4_FAS_START_SAFE_DISCRETE_RECOVERY,formal,LONG,OPEN,SUCCESS,STOPPED_GOAL,True,False,374,False,0.3078148902599772,0.016161304240798136,1.8643017650731712,0.3364286814292248,0.30991666035782583,0,0,0,0,0,2000.0,2000.0,0.0,0,0,0,0,0,0,0.039537354873027654,87.8244430590421,902a699e52ca03de7f03d25b1d93c72f9b7b8afc263c1d123c1618e96811ba6b
027_M0_BOUNDED_SAFER_9e6b523bc87f,27,9e6b523bc87f20f990a1adb7b75d778811eaea3ea037f87924690c3ecad8e715,M0_BOUNDED_SAFER,formal,MEDIUM,TIGHT,SUCCESS,STOPPED_GOAL,True,False,181,False,0.02080696955675515,0.02016606228334996,0.823495777529623,0.05542412432838992,0.01936324436132192,0,0,0,0,0,328.1160220994475,328.1160220994475,0.0,0,0,0,0,0,0,0.005870099063031375,7.347263960982673,902a699e52ca03de7f03d25b1d93c72f9b7b8afc263c1d123c1618e96811ba6b
027_M1_BOUNDED_RISK_AWARE_V1_9e6b523bc87f,27,9e6b523bc87f20f990a1adb7b75d778811eaea3ea037f87924690c3ecad8e715,M1_BOUNDED_RISK_AWARE_V1,formal,MEDIUM,TIGHT,SUCCESS,STOPPED_GOAL,True,False,181,False,0.02080696955675515,0.02016702396720203,0.8234948158457709,0.055423478111067265,0.019362544470039406,0,0,0,0,0,2000.0,2000.0,12.425414364640885,0,0,0,0,0,0,0.03936591790989041,13.480285917990841,902a699e52ca03de7f03d25b1d93c72f9b7b8afc263c1d123c1618e96811ba6b
027_M2_FAS_START_SAFE_9e6b523bc87f,27,9e6b523bc87f20f990a1adb7b75d778811eaea3ea037f87924690c3ecad8e715,M2_FAS_START_SAFE,formal,MEDIUM,TIGHT,SUCCESS,STOPPED_GOAL,True,False,181,False,0.02080696955675515,0.02016702396720203,0.8234948158457709,0.055423478111067265,0.019362544470039406,0,0,0,0,0,2000.0,2000.0,12.425414364640885,0,0,0,0,0,0,0.03899526398163289,12.965823834994808,902a699e52ca03de7f03d25b1d93c72f9b7b8afc263c1d123c1618e96811ba6b
027_M3_FAS_START_SAFE_DISCRETE_9e6b523bc87f,27,9e6b523bc87f20f990a1adb7b75d778811eaea3ea037f87924690c3ecad8e715,M3_FAS_START_SAFE_DISCRETE,formal,MEDIUM,TIGHT,SUCCESS,STOPPED_GOAL,True,False,181,False,0.02080696955675515,0.02016702396720203,0.8234948158457709,0.055423478111067265,0.019362544470039406,0,0,0,0,0,2000.0,2000.0,12.425414364640885,0,0,0,0,0,0,0.038603913970291615,14.147774821030907,902a699e52ca03de7f03d25b1d93c72f9b7b8afc263c1d123c1618e96811ba6b
027_M4_FAS_START_SAFE_DISCRETE_RECOVERY_9e6b523bc87f,27,9e6b523bc87f20f990a1adb7b75d778811eaea3ea037f87924690c3ecad8e715,M4_FAS_START_SAFE_DISCRETE_RECOVERY,formal,MEDIUM,TIGHT,SUCCESS,STOPPED_GOAL,True,False,180,False,0.02080696955675515,0.01929469796751287,0.8243671418454601,0.05781732851376567,0.02188254013976776,0,0,2,2,0,2000.0,2000.0,12.744444444444444,0,0,0,0,0,0,0.03893556526163593,54.03927109297365,902a699e52ca03de7f03d25b1d93c72f9b7b8afc263c1d123c1618e96811ba6b
028_M0_BOUNDED_SAFER_5c5ca0eefaa6,28,5c5ca0eefaa613da8c16f813fc8e9baf998404c971f1d90e82c8614b7adebbe7,M0_BOUNDED_SAFER,formal,LONG,TIGHT,SUCCESS,STOPPED_GOAL,True,False,363,False,0.013711145099864153,0.014101202369624841,1.3153314590175376,0.0377346531174553,0.0035697577192974894,0,0,0,0,0,548.0909090909091,548.0909090909091,0.0,0,0,0,0,0,0,0.006292096537072211,8.126543928985484,902a699e52ca03de7f03d25b1d93c72f9b7b8afc263c1d123c1618e96811ba6b
028_M1_BOUNDED_RISK_AWARE_V1_5c5ca0eefaa6,28,5c5ca0eefaa613da8c16f813fc8e9baf998404c971f1d90e82c8614b7adebbe7,M1_BOUNDED_RISK_AWARE_V1,formal,LONG,TIGHT,SUCCESS,STOPPED_GOAL,True,False,363,False,0.013711145099864153,0.014098969550301826,1.3153336918368606,0.03773434632174366,0.0035695707858666714,0,0,0,0,0,2000.0,2000.0,50.382920110192835,0,0,0,0,0,0,0.03937647339189425,19.076419776072726,902a699e52ca03de7f03d25b1d93c72f9b7b8afc263c1d123c1618e96811ba6b
028_M2_FAS_START_SAFE_5c5ca0eefaa6,28,5c5ca0eefaa613da8c16f813fc8e9baf998404c971f1d90e82c8614b7adebbe7,M2_FAS_START_SAFE,formal,LONG,TIGHT,SUCCESS,STOPPED_GOAL,True,False,363,False,0.013711145099864153,0.014098969550301826,1.3153336918368606,0.03773434632174366,0.0035695707858666714,0,0,0,0,0,2000.0,2000.0,50.382920110192835,0,0,0,0,0,0,0.03938833010615781,18.924980734009296,902a699e52ca03de7f03d25b1d93c72f9b7b8afc263c1d123c1618e96811ba6b
028_M3_FAS_START_SAFE_DISCRETE_5c5ca0eefaa6,28,5c5ca0eefaa613da8c16f813fc8e9baf998404c971f1d90e82c8614b7adebbe7,M3_FAS_START_SAFE_DISCRETE,formal,LONG,TIGHT,SUCCESS,STOPPED_GOAL,True,False,363,False,0.013711145099864153,0.014098969550301826,1.3153336918368606,0.03773434632174366,0.0035695707858666714,0,0,0,0,0,2000.0,2000.0,50.382920110192835,0,0,0,0,0,0,0.03946726568974555,19.94984914106317,902a699e52ca03de7f03d25b1d93c72f9b7b8afc263c1d123c1618e96811ba6b
028_M4_FAS_START_SAFE_DISCRETE_RECOVERY_5c5ca0eefaa6,28,5c5ca0eefaa613da8c16f813fc8e9baf998404c971f1d90e82c8614b7adebbe7,M4_FAS_START_SAFE_DISCRETE_RECOVERY,formal,LONG,TIGHT,SUCCESS,STOPPED_GOAL,True,False,386,False,0.013711145099864153,0.014198404663960145,1.3152342567232023,0.052415058639652956,0.02064152553518625,0,0,30,30,0,2000.0,2000.0,47.634715025906736,0,0,0,0,0,0,0.03838303542579524,235.73817141202744,902a699e52ca03de7f03d25b1d93c72f9b7b8afc263c1d123c1618e96811ba6b
029_M0_BOUNDED_SAFER_3f0738fc8daf,29,3f0738fc8daf035bfd82019943bb79fe976f78b3ce66ed3e56cb93a0b34e0e5c,M0_BOUNDED_SAFER,formal,SHORT,MODERATE,SUCCESS,STOPPED_GOAL,True,False,166,False,0.09428592813444062,0.019667765885886947,0.5639198757716141,0.13222442990526656,0.09428592813444062,0,0,0,0,0,130.09036144578315,130.09036144578315,0.0,0,0,0,0,0,0,0.0028429927479010075,7.361273808055557,902a699e52ca03de7f03d25b1d93c72f9b7b8afc263c1d123c1618e96811ba6b
029_M1_BOUNDED_RISK_AWARE_V1_3f0738fc8daf,29,3f0738fc8daf035bfd82019943bb79fe976f78b3ce66ed3e56cb93a0b34e0e5c,M1_BOUNDED_RISK_AWARE_V1,formal,SHORT,MODERATE,SUCCESS,STOPPED_GOAL,True,False,166,False,0.09428592813444062,0.019671421951759548,0.5639162197057415,0.13222442990526656,0.09428592813444062,0,0,0,0,0,2000.0,2000.0,0.0,0,0,0,0,0,0,0.03702641878044233,11.447696584975347,902a699e52ca03de7f03d25b1d93c72f9b7b8afc263c1d123c1618e96811ba6b
029_M2_FAS_START_SAFE_3f0738fc8daf,29,3f0738fc8daf035bfd82019943bb79fe976f78b3ce66ed3e56cb93a0b34e0e5c,M2_FAS_START_SAFE,formal,SHORT,MODERATE,SUCCESS,STOPPED_GOAL,True,False,166,False,0.09428592813444062,0.019671421951759548,0.5639162197057415,0.13222442990526656,0.09428592813444062,0,0,0,0,0,2000.0,2000.0,0.0,0,0,0,0,0,0,0.036948406806914136,11.771452145068906,902a699e52ca03de7f03d25b1d93c72f9b7b8afc263c1d123c1618e96811ba6b
029_M3_FAS_START_SAFE_DISCRETE_3f0738fc8daf,29,3f0738fc8daf035bfd82019943bb79fe976f78b3ce66ed3e56cb93a0b34e0e5c,M3_FAS_START_SAFE_DISCRETE,formal,SHORT,MODERATE,SUCCESS,STOPPED_GOAL,True,False,166,False,0.09428592813444062,0.019671421951759548,0.5639162197057415,0.13222442990526656,0.09428592813444062,0,0,0,0,0,2000.0,2000.0,0.0,0,0,0,0,0,0,0.0370896217355039,12.62832359794993,902a699e52ca03de7f03d25b1d93c72f9b7b8afc263c1d123c1618e96811ba6b
029_M4_FAS_START_SAFE_DISCRETE_RECOVERY_3f0738fc8daf,29,3f0738fc8daf035bfd82019943bb79fe976f78b3ce66ed3e56cb93a0b34e0e5c,M4_FAS_START_SAFE_DISCRETE_RECOVERY,formal,SHORT,MODERATE,SUCCESS,STOPPED_GOAL,True,False,166,False,0.09428592813444062,0.019671421951759548,0.5639162197057415,0.13222442990526656,0.09428592813444062,0,0,0,0,0,2000.0,2000.0,0.0,0,0,0,0,0,0,0.036750239960383624,38.80005138705019,902a699e52ca03de7f03d25b1d93c72f9b7b8afc263c1d123c1618e96811ba6b
030_M0_BOUNDED_SAFER_221abab8ec1e,30,221abab8ec1ef70ae41355b0cfffe1eae74d295b4e83d42ec87a2eabd04e1b53,M0_BOUNDED_SAFER,formal,MEDIUM,MODERATE,SUCCESS,STOPPED_GOAL,True,False,285,False,0.15772244505048236,0.016140189116867817,1.0791595456828147,0.19441944549977927,0.15772244505048236,0,0,0,0,0,27.49473684210526,27.49473684210526,0.0,0,0,0,0,0,0,0.0038430197862908246,6.9728620069799945,902a699e52ca03de7f03d25b1d93c72f9b7b8afc263c1d123c1618e96811ba6b
030_M1_BOUNDED_RISK_AWARE_V1_221abab8ec1e,30,221abab8ec1ef70ae41355b0cfffe1eae74d295b4e83d42ec87a2eabd04e1b53,M1_BOUNDED_RISK_AWARE_V1,formal,MEDIUM,MODERATE,SUCCESS,STOPPED_GOAL,True,False,285,False,0.15772244505048236,0.016141459563365882,1.0791582752363165,0.19441944549977927,0.15772244505048236,0,0,0,0,0,2000.0,2000.0,0.0,0,0,0,0,0,0,0.039831892820075154,17.377792162937112,902a699e52ca03de7f03d25b1d93c72f9b7b8afc263c1d123c1618e96811ba6b
030_M2_FAS_START_SAFE_221abab8ec1e,30,221abab8ec1ef70ae41355b0cfffe1eae74d295b4e83d42ec87a2eabd04e1b53,M2_FAS_START_SAFE,formal,MEDIUM,MODERATE,SUCCESS,STOPPED_GOAL,True,False,285,False,0.15772244505048236,0.016141459563365882,1.0791582752363165,0.19441944549977927,0.15772244505048236,0,0,0,0,0,2000.0,2000.0,0.0,0,0,0,0,0,0,0.04033010862767697,16.849813821958378,902a699e52ca03de7f03d25b1d93c72f9b7b8afc263c1d123c1618e96811ba6b
030_M3_FAS_START_SAFE_DISCRETE_221abab8ec1e,30,221abab8ec1ef70ae41355b0cfffe1eae74d295b4e83d42ec87a2eabd04e1b53,M3_FAS_START_SAFE_DISCRETE,formal,MEDIUM,MODERATE,SUCCESS,STOPPED_GOAL,True,False,285,False,0.15772244505048236,0.016141459563365882,1.0791582752363165,0.19441944549977927,0.15772244505048236,0,0,0,0,0,2000.0,2000.0,0.0,0,0,0,0,0,0,0.040113306627608834,16.55331000906881,902a699e52ca03de7f03d25b1d93c72f9b7b8afc263c1d123c1618e96811ba6b
030_M4_FAS_START_SAFE_DISCRETE_RECOVERY_221abab8ec1e,30,221abab8ec1ef70ae41355b0cfffe1eae74d295b4e83d42ec87a2eabd04e1b53,M4_FAS_START_SAFE_DISCRETE_RECOVERY,formal,MEDIUM,MODERATE,SUCCESS,STOPPED_GOAL,True,False,285,False,0.15772244505048236,0.016141459563365882,1.0791582752363165,0.19441944549977927,0.15772244505048236,0,0,0,0,0,2000.0,2000.0,0.0,0,0,0,0,0,0,0.04025237881578505,68.76006073399913,902a699e52ca03de7f03d25b1d93c72f9b7b8afc263c1d123c1618e96811ba6b
031_M0_BOUNDED_SAFER_13c5e0913ab2,31,13c5e0913ab2da551bb3762bfe9ccb6e7ddca7110d92b79b1ff3531699eb89ac,M0_BOUNDED_SAFER,formal,LONG,MODERATE,SUCCESS,STOPPED_GOAL,True,False,314,False,0.12781437068883514,0.01560891402916752,1.2381290813638168,0.15104864108816288,0.11225256569547379,0,0,0,0,0,609.9617834394904,609.9617834394904,0.0,0,0,0,0,0,0,0.0034903076011687482,8.702225168934092,902a699e52ca03de7f03d25b1d93c72f9b7b8afc263c1d123c1618e96811ba6b
031_M1_BOUNDED_RISK_AWARE_V1_13c5e0913ab2,31,13c5e0913ab2da551bb3762bfe9ccb6e7ddca7110d92b79b1ff3531699eb89ac,M1_BOUNDED_RISK_AWARE_V1,formal,LONG,MODERATE,SUCCESS,STOPPED_GOAL,True,False,314,False,0.12781437068883514,0.015612006192536802,1.2381259892004475,0.15104898671544473,0.11225286112030353,0,0,0,0,0,2000.0,2000.0,0.0,0,0,0,0,0,0,0.042799199366709215,18.217402287991717,902a699e52ca03de7f03d25b1d93c72f9b7b8afc263c1d123c1618e96811ba6b
031_M2_FAS_START_SAFE_13c5e0913ab2,31,13c5e0913ab2da551bb3762bfe9ccb6e7ddca7110d92b79b1ff3531699eb89ac,M2_FAS_START_SAFE,formal,LONG,MODERATE,SUCCESS,STOPPED_GOAL,True,False,314,False,0.12781437068883514,0.015612006192536802,1.2381259892004475,0.15104898671544473,0.11225286112030353,0,0,0,0,0,2000.0,2000.0,0.0,0,0,0,0,0,0,0.04239437144715339,18.707170255947858,902a699e52ca03de7f03d25b1d93c72f9b7b8afc263c1d123c1618e96811ba6b
031_M3_FAS_START_SAFE_DISCRETE_13c5e0913ab2,31,13c5e0913ab2da551bb3762bfe9ccb6e7ddca7110d92b79b1ff3531699eb89ac,M3_FAS_START_SAFE_DISCRETE,formal,LONG,MODERATE,SUCCESS,STOPPED_GOAL,True,False,314,False,0.12781437068883514,0.015612006192536802,1.2381259892004475,0.15104898671544473,0.11225286112030353,0,0,0,0,0,2000.0,2000.0,0.0,0,0,0,0,0,0,0.04256931422860361,18.049882640945725,902a699e52ca03de7f03d25b1d93c72f9b7b8afc263c1d123c1618e96811ba6b
031_M4_FAS_START_SAFE_DISCRETE_RECOVERY_13c5e0913ab2,31,13c5e0913ab2da551bb3762bfe9ccb6e7ddca7110d92b79b1ff3531699eb89ac,M4_FAS_START_SAFE_DISCRETE_RECOVERY,formal,LONG,MODERATE,SUCCESS,STOPPED_GOAL,True,False,314,False,0.12781437068883514,0.015612006192536802,1.2381259892004475,0.15104898671544473,0.11225286112030353,0,0,0,0,0,2000.0,2000.0,0.0,0,0,0,0,0,0,0.0424436799774412,76.7310091110412,902a699e52ca03de7f03d25b1d93c72f9b7b8afc263c1d123c1618e96811ba6b
032_M0_BOUNDED_SAFER_15c4e0d6905a,32,15c4e0d6905a2f072fe6e80c01dcffa06af0ca00bbc55a944b7ad2d2d80cd1c4,M0_BOUNDED_SAFER,formal,SHORT,OPEN,SUCCESS,STOPPED_GOAL,True,False,226,False,1.2491164788756393,0.01618050831264859,0.7823105786520949,1.2841195015864528,1.2491164788756393,0,0,0,0,0,0.0,0.0,0.0,0,0,0,0,0,0,0.0005931047780904919,7.925378338084556,902a699e52ca03de7f03d25b1d93c72f9b7b8afc263c1d123c1618e96811ba6b
032_M1_BOUNDED_RISK_AWARE_V1_15c4e0d6905a,32,15c4e0d6905a2f072fe6e80c01dcffa06af0ca00bbc55a944b7ad2d2d80cd1c4,M1_BOUNDED_RISK_AWARE_V1,formal,SHORT,OPEN,SUCCESS,STOPPED_GOAL,True,False,226,False,1.2491164788756393,0.016183199631497183,0.7823078873332463,1.2841195015864528,1.2491164788756393,0,0,0,0,0,2000.0,2000.0,0.0,0,0,0,0,0,0,0.038229096768191084,14.225031073903665,902a699e52ca03de7f03d25b1d93c72f9b7b8afc263c1d123c1618e96811ba6b
032_M2_FAS_START_SAFE_15c4e0d6905a,32,15c4e0d6905a2f072fe6e80c01dcffa06af0ca00bbc55a944b7ad2d2d80cd1c4,M2_FAS_START_SAFE,formal,SHORT,OPEN,SUCCESS,STOPPED_GOAL,True,False,226,False,1.2491164788756393,0.016183199631497183,0.7823078873332463,1.2841195015864528,1.2491164788756393,0,0,0,0,0,2000.0,2000.0,0.0,0,0,0,0,0,0,0.03805655054748058,14.286276701954193,902a699e52ca03de7f03d25b1d93c72f9b7b8afc263c1d123c1618e96811ba6b
032_M3_FAS_START_SAFE_DISCRETE_15c4e0d6905a,32,15c4e0d6905a2f072fe6e80c01dcffa06af0ca00bbc55a944b7ad2d2d80cd1c4,M3_FAS_START_SAFE_DISCRETE,formal,SHORT,OPEN,SUCCESS,STOPPED_GOAL,True,False,226,False,1.2491164788756393,0.016183199631497183,0.7823078873332463,1.2841195015864528,1.2491164788756393,0,0,0,0,0,2000.0,2000.0,0.0,0,0,0,0,0,0,0.03808001847937703,15.129657728946768,902a699e52ca03de7f03d25b1d93c72f9b7b8afc263c1d123c1618e96811ba6b
032_M4_FAS_START_SAFE_DISCRETE_RECOVERY_15c4e0d6905a,32,15c4e0d6905a2f072fe6e80c01dcffa06af0ca00bbc55a944b7ad2d2d80cd1c4,M4_FAS_START_SAFE_DISCRETE_RECOVERY,formal,SHORT,OPEN,SUCCESS,STOPPED_GOAL,True,False,226,False,1.2491164788756393,0.016183199631497183,0.7823078873332463,1.2841195015864528,1.2491164788756393,0,0,0,0,0,2000.0,2000.0,0.0,0,0,0,0,0,0,0.03757700524874963,55.19185154594015,902a699e52ca03de7f03d25b1d93c72f9b7b8afc263c1d123c1618e96811ba6b
033_M0_BOUNDED_SAFER_113710adae02,33,113710adae02c83cad2bc1ac360af83e509133c3e8862d9e6d30a4f625518230,M0_BOUNDED_SAFER,formal,MEDIUM,OPEN,SUCCESS,STOPPED_GOAL,True,False,226,False,0.35807683592713513,0.018713539585277675,0.9444409851374191,0.3952756945627365,0.3512589189190123,0,0,0,0,0,0.0,0.0,0.0,0,0,0,0,0,0,0.0005851030291523784,7.666693196981214,902a699e52ca03de7f03d25b1d93c72f9b7b8afc263c1d123c1618e96811ba6b
033_M1_BOUNDED_RISK_AWARE_V1_113710adae02,33,113710adae02c83cad2bc1ac360af83e509133c3e8862d9e6d30a4f625518230,M1_BOUNDED_RISK_AWARE_V1,formal,MEDIUM,OPEN,SUCCESS,STOPPED_GOAL,True,False,226,False,0.35807683592713513,0.01871538943454432,0.9444391352881525,0.39527613177211285,0.3512593701343817,0,0,0,0,0,2000.0,2000.0,0.0,0,0,0,0,0,0,0.0395212882431224,14.785028401995078,902a699e52ca03de7f03d25b1d93c72f9b7b8afc263c1d123c1618e96811ba6b
033_M2_FAS_START_SAFE_113710adae02,33,113710adae02c83cad2bc1ac360af83e509133c3e8862d9e6d30a4f625518230,M2_FAS_START_SAFE,formal,MEDIUM,OPEN,SUCCESS,STOPPED_GOAL,True,False,226,False,0.35807683592713513,0.01871538943454432,0.9444391352881525,0.39527613177211285,0.3512593701343817,0,0,0,0,0,2000.0,2000.0,0.0,0,0,0,0,0,0,0.03905211456003599,14.466687506996095,902a699e52ca03de7f03d25b1d93c72f9b7b8afc263c1d123c1618e96811ba6b
033_M3_FAS_START_SAFE_DISCRETE_113710adae02,33,113710adae02c83cad2bc1ac360af83e509133c3e8862d9e6d30a4f625518230,M3_FAS_START_SAFE_DISCRETE,formal,MEDIUM,OPEN,SUCCESS,STOPPED_GOAL,True,False,226,False,0.35807683592713513,0.01871538943454432,0.9444391352881525,0.39527613177211285,0.3512593701343817,0,0,0,0,0,2000.0,2000.0,0.0,0,0,0,0,0,0,0.03906868354533799,14.427429225994274,902a699e52ca03de7f03d25b1d93c72f9b7b8afc263c1d123c1618e96811ba6b
033_M4_FAS_START_SAFE_DISCRETE_RECOVERY_113710adae02,33,113710adae02c83cad2bc1ac360af83e509133c3e8862d9e6d30a4f625518230,M4_FAS_START_SAFE_DISCRETE_RECOVERY,formal,MEDIUM,OPEN,SUCCESS,STOPPED_GOAL,True,False,226,False,0.35807683592713513,0.01871538943454432,0.9444391352881525,0.39527613177211285,0.3512593701343817,0,0,0,0,0,2000.0,2000.0,0.0,0,0,0,0,0,0,0.03903654430177994,55.56480511801783,902a699e52ca03de7f03d25b1d93c72f9b7b8afc263c1d123c1618e96811ba6b
034_M0_BOUNDED_SAFER_0907f27a8fd8,34,0907f27a8fd8b115803bb6af820ff8331acd547d09dcc68969b11d2281e63062,M0_BOUNDED_SAFER,formal,LONG,OPEN,SUCCESS,STOPPED_GOAL,True,False,407,False,0.2078146544858863,0.01637575957117915,1.9619400746707838,0.21714379720272867,0.181415315043757,0,0,0,0,0,95.66339066339066,95.66339066339066,0.0,0,0,0,0,0,0,0.0016815986251458525,7.558041178039275,902a699e52ca03de7f03d25b1d93c72f9b7b8afc263c1d123c1618e96811ba6b
034_M1_BOUNDED_RISK_AWARE_V1_0907f27a8fd8,34,0907f27a8fd8b115803bb6af820ff8331acd547d09dcc68969b11d2281e63062,M1_BOUNDED_RISK_AWARE_V1,formal,LONG,OPEN,SUCCESS,STOPPED_GOAL,True,False,407,False,0.2078146544858863,0.0163796315426203,1.9619362026993425,0.21714385440371511,0.1814154056439012,0,0,0,0,0,2000.0,2000.0,0.0,0,0,0,0,0,0,0.04251866530394181,21.342594968969934,902a699e52ca03de7f03d25b1d93c72f9b7b8afc263c1d123c1618e96811ba6b
034_M2_FAS_START_SAFE_0907f27a8fd8,34,0907f27a8fd8b115803bb6af820ff8331acd547d09dcc68969b11d2281e63062,M2_FAS_START_SAFE,formal,LONG,OPEN,SUCCESS,STOPPED_GOAL,True,False,407,False,0.2078146544858863,0.0163796315426203,1.9619362026993425,0.21714385440371511,0.1814154056439012,0,0,0,0,0,2000.0,2000.0,0.0,0,0,0,0,0,0,0.042822557617910206,22.40178489603568,902a699e52ca03de7f03d25b1d93c72f9b7b8afc263c1d123c1618e96811ba6b
034_M3_FAS_START_SAFE_DISCRETE_0907f27a8fd8,34,0907f27a8fd8b115803bb6af820ff8331acd547d09dcc68969b11d2281e63062,M3_FAS_START_SAFE_DISCRETE,formal,LONG,OPEN,SUCCESS,STOPPED_GOAL,True,False,407,False,0.2078146544858863,0.0163796315426203,1.9619362026993425,0.21714385440371511,0.1814154056439012,0,0,0,0,0,2000.0,2000.0,0.0,0,0,0,0,0,0,0.04220865046372637,21.35706848697737,902a699e52ca03de7f03d25b1d93c72f9b7b8afc263c1d123c1618e96811ba6b
034_M4_FAS_START_SAFE_DISCRETE_RECOVERY_0907f27a8fd8,34,0907f27a8fd8b115803bb6af820ff8331acd547d09dcc68969b11d2281e63062,M4_FAS_START_SAFE_DISCRETE_RECOVERY,formal,LONG,OPEN,SUCCESS,STOPPED_GOAL,True,False,407,False,0.2078146544858863,0.0163796315426203,1.9619362026993425,0.21714385440371511,0.1814154056439012,0,0,0,0,0,2000.0,2000.0,0.0,0,0,0,0,0,0,0.04125914142932742,94.96963970304932,902a699e52ca03de7f03d25b1d93c72f9b7b8afc263c1d123c1618e96811ba6b
035_M0_BOUNDED_SAFER_66c6644390b1,35,66c6644390b144fe6fa1e4c1a472952ded5cc05e1881cd52447f67af6c65995a,M0_BOUNDED_SAFER,formal,LONG,TIGHT,SUCCESS,STOPPED_GOAL,True,False,333,False,0.02080696955675515,0.021861273360780833,1.9532665629127013,0.05611197324052819,0.019839874675713798,0,0,0,0,0,200.38738738738738,200.38738738738738,0.0,0,0,0,0,0,0,0.00559412280563265,7.211752668023109,902a699e52ca03de7f03d25b1d93c72f9b7b8afc263c1d123c1618e96811ba6b
035_M1_BOUNDED_RISK_AWARE_V1_66c6644390b1,35,66c6644390b144fe6fa1e4c1a472952ded5cc05e1881cd52447f67af6c65995a,M1_BOUNDED_RISK_AWARE_V1,formal,LONG,TIGHT,SUCCESS,STOPPED_GOAL,True,False,333,False,0.02080696955675515,0.021858464818623746,1.9532693714548583,0.056114509890070635,0.01984238218056894,0,0,0,0,0,2000.0,2000.0,7.8558558558558556,0,0,0,0,0,0,0.03981348539236933,18.999301446019672,902a699e52ca03de7f03d25b1d93c72f9b7b8afc263c1d123c1618e96811ba6b
035_M2_FAS_START_SAFE_66c6644390b1,35,66c6644390b144fe6fa1e4c1a472952ded5cc05e1881cd52447f67af6c65995a,M2_FAS_START_SAFE,formal,LONG,TIGHT,SUCCESS,STOPPED_GOAL,True,False,333,False,0.02080696955675515,0.021858464818623746,1.9532693714548583,0.056114509890070635,0.01984238218056894,0,0,0,0,0,2000.0,2000.0,7.8558558558558556,0,0,0,0,0,0,0.0409754894208163,18.029196148039773,902a699e52ca03de7f03d25b1d93c72f9b7b8afc263c1d123c1618e96811ba6b
035_M3_FAS_START_SAFE_DISCRETE_66c6644390b1,35,66c6644390b144fe6fa1e4c1a472952ded5cc05e1881cd52447f67af6c65995a,M3_FAS_START_SAFE_DISCRETE,formal,LONG,TIGHT,SUCCESS,STOPPED_GOAL,True,False,333,False,0.02080696955675515,0.021858464818623746,1.9532693714548583,0.056114509890070635,0.01984238218056894,0,0,0,0,0,2000.0,2000.0,7.8558558558558556,0,0,0,0,0,0,0.04071548962965608,18.347925153910182,902a699e52ca03de7f03d25b1d93c72f9b7b8afc263c1d123c1618e96811ba6b
035_M4_FAS_START_SAFE_DISCRETE_RECOVERY_66c6644390b1,35,66c6644390b144fe6fa1e4c1a472952ded5cc05e1881cd52447f67af6c65995a,M4_FAS_START_SAFE_DISCRETE_RECOVERY,formal,LONG,TIGHT,SUCCESS,STOPPED_GOAL,True,False,332,False,0.02080696955675515,0.021081393323195557,1.9540464429502866,0.058302841276883954,0.022136702282999493,0,0,2,2,0,2000.0,2000.0,7.993975903614458,0,0,0,0,0,0,0.039498085167724635,90.123390478082,902a699e52ca03de7f03d25b1d93c72f9b7b8afc263c1d123c1618e96811ba6b
036_M0_BOUNDED_SAFER_77b24f099569,36,77b24f099569cb519b6e91fd456d850f77f7017d0ea945d6e46863a30e9af38d,M0_BOUNDED_SAFER,formal,SHORT,MODERATE,SUCCESS,STOPPED_GOAL,True,False,164,False,0.06888619105251756,0.021700049381921167,0.6501619460060428,0.07729099982382343,0.04722784660231985,0,0,0,0,0,149.53048780487805,149.53048780487805,0.0,0,0,0,0,0,0,0.003942413866752758,7.529799162992276,902a699e52ca03de7f03d25b1d93c72f9b7b8afc263c1d123c1618e96811ba6b
036_M1_BOUNDED_RISK_AWARE_V1_77b24f099569,36,77b24f099569cb519b6e91fd456d850f77f7017d0ea945d6e46863a30e9af38d,M1_BOUNDED_RISK_AWARE_V1,formal,SHORT,MODERATE,SUCCESS,STOPPED_GOAL,True,False,164,False,0.06888619105251756,0.021700816020196346,0.6501611793677676,0.07729023736740984,0.04722708129871353,0,0,0,0,0,2000.0,2000.0,3.0792682926829267,0,0,0,0,0,0,0.03953921747161075,12.965334716951475,902a699e52ca03de7f03d25b1d93c72f9b7b8afc263c1d123c1618e96811ba6b
036_M2_FAS_START_SAFE_77b24f099569,36,77b24f099569cb519b6e91fd456d850f77f7017d0ea945d6e46863a30e9af38d,M2_FAS_START_SAFE,formal,SHORT,MODERATE,SUCCESS,STOPPED_GOAL,True,False,164,False,0.06888619105251756,0.021700816020196346,0.6501611793677676,0.07729023736740984,0.04722708129871353,0,0,0,0,0,2000.0,2000.0,3.0792682926829267,0,0,0,0,0,0,0.03974666084395721,12.240947867045179,902a699e52ca03de7f03d25b1d93c72f9b7b8afc263c1d123c1618e96811ba6b
036_M3_FAS_START_SAFE_DISCRETE_77b24f099569,36,77b24f099569cb519b6e91fd456d850f77f7017d0ea945d6e46863a30e9af38d,M3_FAS_START_SAFE_DISCRETE,formal,SHORT,MODERATE,SUCCESS,STOPPED_GOAL,True,False,164,False,0.06888619105251756,0.021700816020196346,0.6501611793677676,0.07729023736740984,0.04722708129871353,0,0,0,0,0,2000.0,2000.0,3.0792682926829267,0,0,0,0,0,0,0.039882869878783825,13.829812066047452,902a699e52ca03de7f03d25b1d93c72f9b7b8afc263c1d123c1618e96811ba6b
036_M4_FAS_START_SAFE_DISCRETE_RECOVERY_77b24f099569,36,77b24f099569cb519b6e91fd456d850f77f7017d0ea945d6e46863a30e9af38d,M4_FAS_START_SAFE_DISCRETE_RECOVERY,formal,SHORT,MODERATE,SUCCESS,STOPPED_GOAL,True,False,164,False,0.06888619105251756,0.021700816020196346,0.6501611793677676,0.07729023736740984,0.04722708129871353,0,0,0,0,0,2000.0,2000.0,3.0792682926829267,0,0,0,0,0,0,0.0393469606526196,43.187740902998485,902a699e52ca03de7f03d25b1d93c72f9b7b8afc263c1d123c1618e96811ba6b
037_M0_BOUNDED_SAFER_229d16b4fd6f,37,229d16b4fd6f1cdbece19ce69f51f358dbf6bfcefd20d16ffe4295142feb32a6,M0_BOUNDED_SAFER,formal,MEDIUM,MODERATE,SUCCESS,STOPPED_GOAL,True,False,240,False,0.16783050953233156,0.016005743894787986,0.8444341879698983,0.19740813822737666,0.16737377411806822,0,0,0,0,0,196.33333333333334,196.33333333333334,0.0,0,0,0,0,0,0,0.002221044834004715,7.433960628928617,902a699e52ca03de7f03d25b1d93c72f9b7b8afc263c1d123c1618e96811ba6b
037_M1_BOUNDED_RISK_AWARE_V1_229d16b4fd6f,37,229d16b4fd6f1cdbece19ce69f51f358dbf6bfcefd20d16ffe4295142feb32a6,M1_BOUNDED_RISK_AWARE_V1,formal,MEDIUM,MODERATE,SUCCESS,STOPPED_GOAL,True,False,240,False,0.16783050953233156,0.01600624906470031,0.8444336827999861,0.1974080025182621,0.16737332364683746,0,0,0,0,0,2000.0,2000.0,0.0,0,0,0,0,0,0,0.04337028684094548,15.570021457970142,902a699e52ca03de7f03d25b1d93c72f9b7b8afc263c1d123c1618e96811ba6b
037_M2_FAS_START_SAFE_229d16b4fd6f,37,229d16b4fd6f1cdbece19ce69f51f358dbf6bfcefd20d16ffe4295142feb32a6,M2_FAS_START_SAFE,formal,MEDIUM,MODERATE,SUCCESS,STOPPED_GOAL,True,False,240,False,0.16783050953233156,0.01600624906470031,0.8444336827999861,0.1974080025182621,0.16737332364683746,0,0,0,0,0,2000.0,2000.0,0.0,0,0,0,0,0,0,0.043097412993665776,14.559343568980694,902a699e52ca03de7f03d25b1d93c72f9b7b8afc263c1d123c1618e96811ba6b
037_M3_FAS_START_SAFE_DISCRETE_229d16b4fd6f,37,229d16b4fd6f1cdbece19ce69f51f358dbf6bfcefd20d16ffe4295142feb32a6,M3_FAS_START_SAFE_DISCRETE,formal,MEDIUM,MODERATE,SUCCESS,STOPPED_GOAL,True,False,240,False,0.16783050953233156,0.01600624906470031,0.8444336827999861,0.1974080025182621,0.16737332364683746,0,0,0,0,0,2000.0,2000.0,0.0,0,0,0,0,0,0,0.0430146116996184,15.274523917934857,902a699e52ca03de7f03d25b1d93c72f9b7b8afc263c1d123c1618e96811ba6b
037_M4_FAS_START_SAFE_DISCRETE_RECOVERY_229d16b4fd6f,37,229d16b4fd6f1cdbece19ce69f51f358dbf6bfcefd20d16ffe4295142feb32a6,M4_FAS_START_SAFE_DISCRETE_RECOVERY,formal,MEDIUM,MODERATE,SUCCESS,STOPPED_GOAL,True,False,240,False,0.16783050953233156,0.01600624906470031,0.8444336827999861,0.1974080025182621,0.16737332364683746,0,0,0,0,0,2000.0,2000.0,0.0,0,0,0,0,0,0,0.04254810404381714,59.86399242596235,902a699e52ca03de7f03d25b1d93c72f9b7b8afc263c1d123c1618e96811ba6b
038_M0_BOUNDED_SAFER_257d58a697a8,38,257d58a697a85e3f76d5e2d0ca9fa7df2c92cd2ef6bf7f54d33620b920cc7e7a,M0_BOUNDED_SAFER,formal,LONG,MODERATE,SUCCESS,STOPPED_GOAL,True,False,359,False,0.067817195051386,0.015910980423998754,1.4620554106729677,0.08902986724644574,0.06781476560317437,0,0,0,0,0,386.56545961002786,386.56545961002786,0.0,0,0,0,0,0,0,0.00412052683532238,7.837514852057211,902a699e52ca03de7f03d25b1d93c72f9b7b8afc263c1d123c1618e96811ba6b
038_M1_BOUNDED_RISK_AWARE_V1_257d58a697a8,38,257d58a697a85e3f76d5e2d0ca9fa7df2c92cd2ef6bf7f54d33620b920cc7e7a,M1_BOUNDED_RISK_AWARE_V1,formal,LONG,MODERATE,SUCCESS,STOPPED_GOAL,True,False,359,False,0.067817195051386,0.0159179193541239,1.4620484717428426,0.08903001618352438,0.06781476469456413,0,0,0,0,0,2000.0,2000.0,1.0557103064066853,0,0,0,0,0,0,0.04293030141852795,20.766700748936273,902a699e52ca03de7f03d25b1d93c72f9b7b8afc263c1d123c1618e96811ba6b
038_M2_FAS_START_SAFE_257d58a697a8,38,257d58a697a85e3f76d5e2d0ca9fa7df2c92cd2ef6bf7f54d33620b920cc7e7a,M2_FAS_START_SAFE,formal,LONG,MODERATE,SUCCESS,STOPPED_GOAL,True,False,359,False,0.067817195051386,0.0159179193541239,1.4620484717428426,0.08903001618352438,0.06781476469456413,0,0,0,0,0,2000.0,2000.0,1.0557103064066853,0,0,0,0,0,0,0.04154441724531353,19.708871308946982,902a699e52ca03de7f03d25b1d93c72f9b7b8afc263c1d123c1618e96811ba6b
038_M3_FAS_START_SAFE_DISCRETE_257d58a697a8,38,257d58a697a85e3f76d5e2d0ca9fa7df2c92cd2ef6bf7f54d33620b920cc7e7a,M3_FAS_START_SAFE_DISCRETE,formal,LONG,MODERATE,SUCCESS,STOPPED_GOAL,True,False,359,False,0.067817195051386,0.0159179193541239,1.4620484717428426,0.08903001618352438,0.06781476469456413,0,0,0,0,0,2000.0,2000.0,1.0557103064066853,0,0,0,0,0,0,0.04216747096506879,20.858877451973967,902a699e52ca03de7f03d25b1d93c72f9b7b8afc263c1d123c1618e96811ba6b
038_M4_FAS_START_SAFE_DISCRETE_RECOVERY_257d58a697a8,38,257d58a697a85e3f76d5e2d0ca9fa7df2c92cd2ef6bf7f54d33620b920cc7e7a,M4_FAS_START_SAFE_DISCRETE_RECOVERY,formal,LONG,MODERATE,SUCCESS,STOPPED_GOAL,True,False,359,False,0.067817195051386,0.0159179193541239,1.4620484717428426,0.08903001618352438,0.06781476469456413,0,0,0,0,0,2000.0,2000.0,1.0557103064066853,0,0,0,0,0,0,0.04121282562846317,86.70641748397611,902a699e52ca03de7f03d25b1d93c72f9b7b8afc263c1d123c1618e96811ba6b
039_M0_BOUNDED_SAFER_239eb27dff15,39,239eb27dff157535166d2a52cc3b5398d0e5a0b1e8f977a22d5b92d7cea37288,M0_BOUNDED_SAFER,formal,SHORT,OPEN,SUCCESS,STOPPED_GOAL,True,False,184,False,0.30991666035782583,0.019973191841068477,0.6735542435787177,0.3112186733717567,0.2820445365792913,0,0,0,0,0,0.0,0.0,0.0,0,0,0,0,0,0,0.0005787660600617528,6.771072117961012,902a699e52ca03de7f03d25b1d93c72f9b7b8afc263c1d123c1618e96811ba6b
039_M1_BOUNDED_RISK_AWARE_V1_239eb27dff15,39,239eb27dff157535166d2a52cc3b5398d0e5a0b1e8f977a22d5b92d7cea37288,M1_BOUNDED_RISK_AWARE_V1,formal,SHORT,OPEN,SUCCESS,STOPPED_GOAL,True,False,184,False,0.30991666035782583,0.019974281365200245,0.6735531540545859,0.31122053273083583,0.28204634332435863,0,0,0,0,0,2000.0,2000.0,0.0,0,0,0,0,0,0,0.040363338764291254,12.421540671028197,902a699e52ca03de7f03d25b1d93c72f9b7b8afc263c1d123c1618e96811ba6b
039_M2_FAS_START_SAFE_239eb27dff15,39,239eb27dff157535166d2a52cc3b5398d0e5a0b1e8f977a22d5b92d7cea37288,M2_FAS_START_SAFE,formal,SHORT,OPEN,SUCCESS,STOPPED_GOAL,True,False,184,False,0.30991666035782583,0.019974281365200245,0.6735531540545859,0.31122053273083583,0.28204634332435863,0,0,0,0,0,2000.0,2000.0,0.0,0,0,0,0,0,0,0.040342911414336415,12.699565590010025,902a699e52ca03de7f03d25b1d93c72f9b7b8afc263c1d123c1618e96811ba6b
039_M3_FAS_START_SAFE_DISCRETE_239eb27dff15,39,239eb27dff157535166d2a52cc3b5398d0e5a0b1e8f977a22d5b92d7cea37288,M3_FAS_START_SAFE_DISCRETE,formal,SHORT,OPEN,SUCCESS,STOPPED_GOAL,True,False,184,False,0.30991666035782583,0.019974281365200245,0.6735531540545859,0.31122053273083583,0.28204634332435863,0,0,0,0,0,2000.0,2000.0,0.0,0,0,0,0,0,0,0.040416756662307304,12.786083330051042,902a699e52ca03de7f03d25b1d93c72f9b7b8afc263c1d123c1618e96811ba6b
039_M4_FAS_START_SAFE_DISCRETE_RECOVERY_239eb27dff15,39,239eb27dff157535166d2a52cc3b5398d0e5a0b1e8f977a22d5b92d7cea37288,M4_FAS_START_SAFE_DISCRETE_RECOVERY,formal,SHORT,OPEN,SUCCESS,STOPPED_GOAL,True,False,184,False,0.30991666035782583,0.019974281365200245,0.6735531540545859,0.31122053273083583,0.28204634332435863,0,0,0,0,0,2000.0,2000.0,0.0,0,0,0,0,0,0,0.04056782600819133,45.36876734998077,902a699e52ca03de7f03d25b1d93c72f9b7b8afc263c1d123c1618e96811ba6b
040_M0_BOUNDED_SAFER_1329d4fb7f20,40,1329d4fb7f202c846677e868e89cf1fd93b454edd0f5c486de1bb5befd808e90,M0_BOUNDED_SAFER,formal,MEDIUM,OPEN,SUCCESS,STOPPED_GOAL,True,False,277,False,0.3187038879968701,0.015338302877252954,1.027488185776713,0.3556466764006341,0.31904931258551117,0,0,0,0,0,0.0,0.0,0.0,0,0,0,0,0,0,0.0013130144216120243,6.988232390023768,902a699e52ca03de7f03d25b1d93c72f9b7b8afc263c1d123c1618e96811ba6b
040_M1_BOUNDED_RISK_AWARE_V1_1329d4fb7f20,40,1329d4fb7f202c846677e868e89cf1fd93b454edd0f5c486de1bb5befd808e90,M1_BOUNDED_RISK_AWARE_V1,formal,MEDIUM,OPEN,SUCCESS,STOPPED_GOAL,True,False,277,False,0.3187038879968701,0.015342643517388517,1.0274838451365775,0.355646676717827,0.3190493127580112,0,0,0,0,0,2000.0,2000.0,0.0,0,0,0,0,0,0,0.03857085157651454,15.85393230698537,902a699e52ca03de7f03d25b1d93c72f9b7b8afc263c1d123c1618e96811ba6b
040_M2_FAS_START_SAFE_1329d4fb7f20,40,1329d4fb7f202c846677e868e89cf1fd93b454edd0f5c486de1bb5befd808e90,M2_FAS_START_SAFE,formal,MEDIUM,OPEN,SUCCESS,STOPPED_GOAL,True,False,277,False,0.3187038879968701,0.015342643517388517,1.0274838451365775,0.355646676717827,0.3190493127580112,0,0,0,0,0,2000.0,2000.0,0.0,0,0,0,0,0,0,0.03896054208744317,16.184524443000555,902a699e52ca03de7f03d25b1d93c72f9b7b8afc263c1d123c1618e96811ba6b
040_M3_FAS_START_SAFE_DISCRETE_1329d4fb7f20,40,1329d4fb7f202c846677e868e89cf1fd93b454edd0f5c486de1bb5befd808e90,M3_FAS_START_SAFE_DISCRETE,formal,MEDIUM,OPEN,SUCCESS,STOPPED_GOAL,True,False,277,False,0.3187038879968701,0.015342643517388517,1.0274838451365775,0.355646676717827,0.3190493127580112,0,0,0,0,0,2000.0,2000.0,0.0,0,0,0,0,0,0,0.03900186142418534,16.06432278000284,902a699e52ca03de7f03d25b1d93c72f9b7b8afc263c1d123c1618e96811ba6b
040_M4_FAS_START_SAFE_DISCRETE_RECOVERY_1329d4fb7f20,40,1329d4fb7f202c846677e868e89cf1fd93b454edd0f5c486de1bb5befd808e90,M4_FAS_START_SAFE_DISCRETE_RECOVERY,formal,MEDIUM,OPEN,SUCCESS,STOPPED_GOAL,True,False,277,False,0.3187038879968701,0.015342643517388517,1.0274838451365775,0.355646676717827,0.3190493127580112,0,0,0,0,0,2000.0,2000.0,0.0,0,0,0,0,0,0,0.0380571594228968,63.637886645970866,902a699e52ca03de7f03d25b1d93c72f9b7b8afc263c1d123c1618e96811ba6b
041_M0_BOUNDED_SAFER_1035d7667fbb,41,1035d7667fbb7d9c82274269a15b04730074bd2eea7711639e00fa418e06fcf1,M0_BOUNDED_SAFER,formal,LONG,OPEN,SUCCESS,STOPPED_GOAL,True,False,364,False,0.28306730103765176,0.016655935890028815,1.7279951679000896,0.30943877662119335,0.28233023491141584,0,0,0,0,0,0.0,0.0,0.0,0,0,0,0,0,0,0.0012743690051138401,7.311828639940359,902a699e52ca03de7f03d25b1d93c72f9b7b8afc263c1d123c1618e96811ba6b
041_M1_BOUNDED_RISK_AWARE_V1_1035d7667fbb,41,1035d7667fbb7d9c82274269a15b04730074bd2eea7711639e00fa418e06fcf1,M1_BOUNDED_RISK_AWARE_V1,formal,LONG,OPEN,SUCCESS,STOPPED_GOAL,True,False,364,False,0.28306730103765176,0.01665724561689181,1.7279938581732266,0.3094370915504375,0.2823290721080217,0,0,0,0,0,2000.0,2000.0,0.0,0,0,0,0,0,0,0.039237351884366944,19.39569900301285,902a699e52ca03de7f03d25b1d93c72f9b7b8afc263c1d123c1618e96811ba6b
041_M2_FAS_START_SAFE_1035d7667fbb,41,1035d7667fbb7d9c82274269a15b04730074bd2eea7711639e00fa418e06fcf1,M2_FAS_START_SAFE,formal,LONG,OPEN,SUCCESS,STOPPED_GOAL,True,False,364,False,0.28306730103765176,0.01665724561689181,1.7279938581732266,0.3094370915504375,0.2823290721080217,0,0,0,0,0,2000.0,2000.0,0.0,0,0,0,0,0,0,0.03908669133670628,19.212561180931516,902a699e52ca03de7f03d25b1d93c72f9b7b8afc263c1d123c1618e96811ba6b
041_M3_FAS_START_SAFE_DISCRETE_1035d7667fbb,41,1035d7667fbb7d9c82274269a15b04730074bd2eea7711639e00fa418e06fcf1,M3_FAS_START_SAFE_DISCRETE,formal,LONG,OPEN,SUCCESS,STOPPED_GOAL,True,False,364,False,0.28306730103765176,0.01665724561689181,1.7279938581732266,0.3094370915504375,0.2823290721080217,0,0,0,0,0,2000.0,2000.0,0.0,0,0,0,0,0,0,0.03956931181601248,20.27872048295103,902a699e52ca03de7f03d25b1d93c72f9b7b8afc263c1d123c1618e96811ba6b
041_M4_FAS_START_SAFE_DISCRETE_RECOVERY_1035d7667fbb,41,1035d7667fbb7d9c82274269a15b04730074bd2eea7711639e00fa418e06fcf1,M4_FAS_START_SAFE_DISCRETE_RECOVERY,formal,LONG,OPEN,SUCCESS,STOPPED_GOAL,True,False,364,False,0.28306730103765176,0.01665724561689181,1.7279938581732266,0.3094370915504375,0.2823290721080217,0,0,0,0,0,2000.0,2000.0,0.0,0,0,0,0,0,0,0.038551012537209314,83.77997909998521,902a699e52ca03de7f03d25b1d93c72f9b7b8afc263c1d123c1618e96811ba6b
042_M0_BOUNDED_SAFER_6f7c7b670e61,42,6f7c7b670e612401a1dfc9fdcd248c36485d92dd5ae40376130ecee2f35ce3be,M0_BOUNDED_SAFER,formal,LONG,TIGHT,SUCCESS,STOPPED_GOAL,True,False,384,False,0.03734467522649704,0.015255043505510525,1.8579773209572497,0.06783050615882655,0.037357201424639,0,0,0,0,0,204.16666666666666,204.16666666666666,0.0,0,0,0,0,0,0,0.0040928477130364625,7.739550665952265,902a699e52ca03de7f03d25b1d93c72f9b7b8afc263c1d123c1618e96811ba6b
042_M1_BOUNDED_RISK_AWARE_V1_6f7c7b670e61,42,6f7c7b670e612401a1dfc9fdcd248c36485d92dd5ae40376130ecee2f35ce3be,M1_BOUNDED_RISK_AWARE_V1,formal,LONG,TIGHT,SUCCESS,STOPPED_GOAL,True,False,384,False,0.03734467522649704,0.01525787283660575,1.8579744916261545,0.06783074152554483,0.03735721166154382,0,0,0,0,0,2000.0,2000.0,2.5,0,0,0,0,0,0,0.04086965688620694,20.596950881066732,902a699e52ca03de7f03d25b1d93c72f9b7b8afc263c1d123c1618e96811ba6b
042_M2_FAS_START_SAFE_6f7c7b670e61,42,6f7c7b670e612401a1dfc9fdcd248c36485d92dd5ae40376130ecee2f35ce3be,M2_FAS_START_SAFE,formal,LONG,TIGHT,SUCCESS,STOPPED_GOAL,True,False,384,False,0.03734467522649704,0.01525787283660575,1.8579744916261545,0.06783074152554483,0.03735721166154382,0,0,0,0,0,2000.0,2000.0,2.5,0,0,0,0,0,0,0.0409040063386783,21.431743889930658,902a699e52ca03de7f03d25b1d93c72f9b7b8afc263c1d123c1618e96811ba6b
042_M3_FAS_START_SAFE_DISCRETE_6f7c7b670e61,42,6f7c7b670e612401a1dfc9fdcd248c36485d92dd5ae40376130ecee2f35ce3be,M3_FAS_START_SAFE_DISCRETE,formal,LONG,TIGHT,SUCCESS,STOPPED_GOAL,True,False,384,False,0.03734467522649704,0.01525787283660575,1.8579744916261545,0.06783074152554483,0.03735721166154382,0,0,0,0,0,2000.0,2000.0,2.5,0,0,0,0,0,0,0.041186008078511804,20.32043535693083,902a699e52ca03de7f03d25b1d93c72f9b7b8afc263c1d123c1618e96811ba6b
042_M4_FAS_START_SAFE_DISCRETE_RECOVERY_6f7c7b670e61,42,6f7c7b670e612401a1dfc9fdcd248c36485d92dd5ae40376130ecee2f35ce3be,M4_FAS_START_SAFE_DISCRETE_RECOVERY,formal,LONG,TIGHT,SUCCESS,STOPPED_GOAL,True,False,384,False,0.03734467522649704,0.01525787283660575,1.8579744916261545,0.06783074152554483,0.03735721166154382,0,0,0,0,0,2000.0,2000.0,2.5,0,0,0,0,0,0,0.04052253182162531,89.3923677309649,902a699e52ca03de7f03d25b1d93c72f9b7b8afc263c1d123c1618e96811ba6b
043_M0_BOUNDED_SAFER_9b7e512a4b7f,43,9b7e512a4b7f9512488323c4e33452e002a5f8752a8c38af5af9017727f30e7a,M0_BOUNDED_SAFER,formal,SHORT,MODERATE,SUCCESS,STOPPED_GOAL,True,False,175,False,0.15772244505048236,0.019244804078509006,0.6336583343121712,0.1509818507987772,0.11600840702442408,0,0,0,0,0,182.90285714285713,182.90285714285713,0.0,0,0,0,0,0,0,0.0029780792887322606,7.634827830013819,902a699e52ca03de7f03d25b1d93c72f9b7b8afc263c1d123c1618e96811ba6b
043_M1_BOUNDED_RISK_AWARE_V1_9b7e512a4b7f,43,9b7e512a4b7f9512488323c4e33452e002a5f8752a8c38af5af9017727f30e7a,M1_BOUNDED_RISK_AWARE_V1,formal,SHORT,MODERATE,SUCCESS,STOPPED_GOAL,True,False,175,False,0.15772244505048236,0.01924713403801464,0.6336560043526657,0.15098256794125045,0.11600932081428852,0,0,0,0,0,2000.0,2000.0,0.0,0,0,0,0,0,0,0.043104187655262645,12.613672365085222,902a699e52ca03de7f03d25b1d93c72f9b7b8afc263c1d123c1618e96811ba6b
043_M2_FAS_START_SAFE_9b7e512a4b7f,43,9b7e512a4b7f9512488323c4e33452e002a5f8752a8c38af5af9017727f30e7a,M2_FAS_START_SAFE,formal,SHORT,MODERATE,SUCCESS,STOPPED_GOAL,True,False,175,False,0.15772244505048236,0.01924713403801464,0.6336560043526657,0.15098256794125045,0.11600932081428852,0,0,0,0,0,2000.0,2000.0,0.0,0,0,0,0,0,0,0.042787241167388856,12.62215395399835,902a699e52ca03de7f03d25b1d93c72f9b7b8afc263c1d123c1618e96811ba6b
043_M3_FAS_START_SAFE_DISCRETE_9b7e512a4b7f,43,9b7e512a4b7f9512488323c4e33452e002a5f8752a8c38af5af9017727f30e7a,M3_FAS_START_SAFE_DISCRETE,formal,SHORT,MODERATE,SUCCESS,STOPPED_GOAL,True,False,175,False,0.15772244505048236,0.01924713403801464,0.6336560043526657,0.15098256794125045,0.11600932081428852,0,0,0,0,0,2000.0,2000.0,0.0,0,0,0,0,0,0,0.0423014921718277,12.598959196009673,902a699e52ca03de7f03d25b1d93c72f9b7b8afc263c1d123c1618e96811ba6b
043_M4_FAS_START_SAFE_DISCRETE_RECOVERY_9b7e512a4b7f,43,9b7e512a4b7f9512488323c4e33452e002a5f8752a8c38af5af9017727f30e7a,M4_FAS_START_SAFE_DISCRETE_RECOVERY,formal,SHORT,MODERATE,SUCCESS,STOPPED_GOAL,True,False,175,False,0.15772244505048236,0.01924713403801464,0.6336560043526657,0.15098256794125045,0.11600932081428852,0,0,0,0,0,2000.0,2000.0,0.0,0,0,0,0,0,0,0.04279062037821859,45.214534535072744,902a699e52ca03de7f03d25b1d93c72f9b7b8afc263c1d123c1618e96811ba6b
044_M0_BOUNDED_SAFER_22e3e34e9f61,44,22e3e34e9f61d643c9447f2dece310e86bfaca9596128228d89c60e5bea78158,M0_BOUNDED_SAFER,formal,MEDIUM,MODERATE,SUCCESS,STOPPED_GOAL,True,False,255,False,0.15772244505048236,0.015981535253488166,1.0431557265571987,0.19441944549977927,0.15772244505048236,0,0,0,0,0,30.729411764705883,30.729411764705883,0.0,0,0,0,0,0,0,0.00394888378214091,7.45840684697032,902a699e52ca03de7f03d25b1d93c72f9b7b8afc263c1d123c1618e96811ba6b
044_M1_BOUNDED_RISK_AWARE_V1_22e3e34e9f61,44,22e3e34e9f61d643c9447f2dece310e86bfaca9596128228d89c60e5bea78158,M1_BOUNDED_RISK_AWARE_V1,formal,MEDIUM,MODERATE,SUCCESS,STOPPED_GOAL,True,False,255,False,0.15772244505048236,0.015986550745741714,1.0431507110649452,0.19441944549977927,0.15772244505048236,0,0,0,0,0,2000.0,2000.0,0.0,0,0,0,0,0,0,0.03969067046418786,15.37617688102182,902a699e52ca03de7f03d25b1d93c72f9b7b8afc263c1d123c1618e96811ba6b
044_M2_FAS_START_SAFE_22e3e34e9f61,44,22e3e34e9f61d643c9447f2dece310e86bfaca9596128228d89c60e5bea78158,M2_FAS_START_SAFE,formal,MEDIUM,MODERATE,SUCCESS,STOPPED_GOAL,True,False,255,False,0.15772244505048236,0.015986550745741714,1.0431507110649452,0.19441944549977927,0.15772244505048236,0,0,0,0,0,2000.0,2000.0,0.0,0,0,0,0,0,0,0.03939458968816324,16.494790637050755,902a699e52ca03de7f03d25b1d93c72f9b7b8afc263c1d123c1618e96811ba6b
044_M3_FAS_START_SAFE_DISCRETE_22e3e34e9f61,44,22e3e34e9f61d643c9447f2dece310e86bfaca9596128228d89c60e5bea78158,M3_FAS_START_SAFE_DISCRETE,formal,MEDIUM,MODERATE,SUCCESS,STOPPED_GOAL,True,False,255,False,0.15772244505048236,0.015986550745741714,1.0431507110649452,0.19441944549977927,0.15772244505048236,0,0,0,0,0,2000.0,2000.0,0.0,0,0,0,0,0,0,0.040083701629191636,15.628176538972184,902a699e52ca03de7f03d25b1d93c72f9b7b8afc263c1d123c1618e96811ba6b
044_M4_FAS_START_SAFE_DISCRETE_RECOVERY_22e3e34e9f61,44,22e3e34e9f61d643c9447f2dece310e86bfaca9596128228d89c60e5bea78158,M4_FAS_START_SAFE_DISCRETE_RECOVERY,formal,MEDIUM,MODERATE,SUCCESS,STOPPED_GOAL,True,False,255,False,0.15772244505048236,0.015986550745741714,1.0431507110649452,0.19441944549977927,0.15772244505048236,0,0,0,0,0,2000.0,2000.0,0.0,0,0,0,0,0,0,0.038875317934434855,62.55316487897653,902a699e52ca03de7f03d25b1d93c72f9b7b8afc263c1d123c1618e96811ba6b
045_M0_BOUNDED_SAFER_2b8a84790ac8,45,2b8a84790ac8b7db2092402b839385e02facefdd1c949b430886ca205ef8e751,M0_BOUNDED_SAFER,formal,LONG,MODERATE,SUCCESS,STOPPED_GOAL,True,False,340,False,0.07518944890711887,0.015503360750465595,1.3452426906275983,0.10937428720532391,0.07518944890711887,0,0,0,0,0,77.13235294117646,77.13235294117646,0.0,0,0,0,0,0,0,0.0027196387120056904,7.886659785057418,902a699e52ca03de7f03d25b1d93c72f9b7b8afc263c1d123c1618e96811ba6b
045_M1_BOUNDED_RISK_AWARE_V1_2b8a84790ac8,45,2b8a84790ac8b7db2092402b839385e02facefdd1c949b430886ca205ef8e751,M1_BOUNDED_RISK_AWARE_V1,formal,LONG,MODERATE,SUCCESS,STOPPED_GOAL,True,False,340,False,0.07518944890711887,0.015509364500340373,1.3452366868777235,0.10937428720532391,0.07518944890711887,0,0,0,0,0,2000.0,2000.0,0.0,0,0,0,0,0,0,0.04120218346361071,19.031351102050394,902a699e52ca03de7f03d25b1d93c72f9b7b8afc263c1d123c1618e96811ba6b
045_M2_FAS_START_SAFE_2b8a84790ac8,45,2b8a84790ac8b7db2092402b839385e02facefdd1c949b430886ca205ef8e751,M2_FAS_START_SAFE,formal,LONG,MODERATE,SUCCESS,STOPPED_GOAL,True,False,340,False,0.07518944890711887,0.015509364500340373,1.3452366868777235,0.10937428720532391,0.07518944890711887,0,0,0,0,0,2000.0,2000.0,0.0,0,0,0,0,0,0,0.04135470928158611,20.092583128949627,902a699e52ca03de7f03d25b1d93c72f9b7b8afc263c1d123c1618e96811ba6b
045_M3_FAS_START_SAFE_DISCRETE_2b8a84790ac8,45,2b8a84790ac8b7db2092402b839385e02facefdd1c949b430886ca205ef8e751,M3_FAS_START_SAFE_DISCRETE,formal,LONG,MODERATE,SUCCESS,STOPPED_GOAL,True,False,340,False,0.07518944890711887,0.015509364500340373,1.3452366868777235,0.10937428720532391,0.07518944890711887,0,0,0,0,0,2000.0,2000.0,0.0,0,0,0,0,0,0,0.04130661421804689,19.047227928065695,902a699e52ca03de7f03d25b1d93c72f9b7b8afc263c1d123c1618e96811ba6b
045_M4_FAS_START_SAFE_DISCRETE_RECOVERY_2b8a84790ac8,45,2b8a84790ac8b7db2092402b839385e02facefdd1c949b430886ca205ef8e751,M4_FAS_START_SAFE_DISCRETE_RECOVERY,formal,LONG,MODERATE,SUCCESS,STOPPED_GOAL,True,False,340,False,0.07518944890711887,0.015509364500340373,1.3452366868777235,0.10937428720532391,0.07518944890711887,0,0,0,0,0,2000.0,2000.0,0.0,0,0,0,0,0,0,0.0404274495842401,82.15019109402783,902a699e52ca03de7f03d25b1d93c72f9b7b8afc263c1d123c1618e96811ba6b
046_M0_BOUNDED_SAFER_32788cc8199d,46,32788cc8199d556786c95ff94e52e81764e7015aed9f4462d03d1f23337ecc1f,M0_BOUNDED_SAFER,formal,SHORT,OPEN,SUCCESS,STOPPED_GOAL,True,False,139,False,0.3201950087866837,0.01932946515091953,0.39522145689115995,0.3430918719939051,0.3201950087866837,0,0,0,0,0,0.0,0.0,0.0,0,0,0,0,0,0,0.0006176300928927958,7.036742798984051,902a699e52ca03de7f03d25b1d93c72f9b7b8afc263c1d123c1618e96811ba6b
046_M1_BOUNDED_RISK_AWARE_V1_32788cc8199d,46,32788cc8199d556786c95ff94e52e81764e7015aed9f4462d03d1f23337ecc1f,M1_BOUNDED_RISK_AWARE_V1,formal,SHORT,OPEN,SUCCESS,STOPPED_GOAL,True,False,139,False,0.3201950087866837,0.01933510481870276,0.39521581722337673,0.3430918719939051,0.3201950087866837,0,0,0,0,0,2000.0,2000.0,0.0,0,0,0,0,0,0,0.03341593460645527,10.005841796053573,902a699e52ca03de7f03d25b1d93c72f9b7b8afc263c1d123c1618e96811ba6b
046_M2_FAS_START_SAFE_32788cc8199d,46,32788cc8199d556786c95ff94e52e81764e7015aed9f4462d03d1f23337ecc1f,M2_FAS_START_SAFE,formal,SHORT,OPEN,SUCCESS,STOPPED_GOAL,True,False,139,False,0.3201950087866837,0.01933510481870276,0.39521581722337673,0.3430918719939051,0.3201950087866837,0,0,0,0,0,2000.0,2000.0,0.0,0,0,0,0,0,0,0.041562933276873076,11.966062451014295,902a699e52ca03de7f03d25b1d93c72f9b7b8afc263c1d123c1618e96811ba6b
046_M3_FAS_START_SAFE_DISCRETE_32788cc8199d,46,32788cc8199d556786c95ff94e52e81764e7015aed9f4462d03d1f23337ecc1f,M3_FAS_START_SAFE_DISCRETE,formal,SHORT,OPEN,SUCCESS,STOPPED_GOAL,True,False,139,False,0.3201950087866837,0.01933510481870276,0.39521581722337673,0.3430918719939051,0.3201950087866837,0,0,0,0,0,2000.0,2000.0,0.0,0,0,0,0,0,0,0.041362954664509746,11.17529563291464,902a699e52ca03de7f03d25b1d93c72f9b7b8afc263c1d123c1618e96811ba6b
046_M4_FAS_START_SAFE_DISCRETE_RECOVERY_32788cc8199d,46,32788cc8199d556786c95ff94e52e81764e7015aed9f4462d03d1f23337ecc1f,M4_FAS_START_SAFE_DISCRETE_RECOVERY,formal,SHORT,OPEN,SUCCESS,STOPPED_GOAL,True,False,139,False,0.3201950087866837,0.01933510481870276,0.39521581722337673,0.3430918719939051,0.3201950087866837,0,0,0,0,0,2000.0,2000.0,0.0,0,0,0,0,0,0,0.04131876028841361,35.964662878075615,902a699e52ca03de7f03d25b1d93c72f9b7b8afc263c1d123c1618e96811ba6b
047_M0_BOUNDED_SAFER_1525c9109c3b,47,1525c9109c3b1f6524005faabdf08aebfabaadedbe7a9098f9cd9fb780a1a2de,M0_BOUNDED_SAFER,formal,MEDIUM,OPEN,SUCCESS,STOPPED_GOAL,True,False,283,False,0.3497675676378661,0.015433482521706185,1.171713183931305,0.38375382628747634,0.3479762851922368,0,0,0,0,0,0.0,0.0,0.0,0,0,0,0,0,0,0.0011129891616292297,6.447259620996192,902a699e52ca03de7f03d25b1d93c72f9b7b8afc263c1d123c1618e96811ba6b
047_M1_BOUNDED_RISK_AWARE_V1_1525c9109c3b,47,1525c9109c3b1f6524005faabdf08aebfabaadedbe7a9098f9cd9fb780a1a2de,M1_BOUNDED_RISK_AWARE_V1,formal,MEDIUM,OPEN,SUCCESS,STOPPED_GOAL,True,False,283,False,0.3497675676378661,0.015436609033573679,1.1717100574194377,0.38375392689030885,0.3479763222290748,0,0,0,0,0,2000.0,2000.0,0.0,0,0,0,0,0,0,0.04064527235459536,14.8585429280065,902a699e52ca03de7f03d25b1d93c72f9b7b8afc263c1d123c1618e96811ba6b
047_M2_FAS_START_SAFE_1525c9109c3b,47,1525c9109c3b1f6524005faabdf08aebfabaadedbe7a9098f9cd9fb780a1a2de,M2_FAS_START_SAFE,formal,MEDIUM,OPEN,SUCCESS,STOPPED_GOAL,True,False,283,False,0.3497675676378661,0.015436609033573679,1.1717100574194377,0.38375392689030885,0.3479763222290748,0,0,0,0,0,2000.0,2000.0,0.0,0,0,0,0,0,0,0.040541995887178925,15.27492966700811,902a699e52ca03de7f03d25b1d93c72f9b7b8afc263c1d123c1618e96811ba6b
047_M3_FAS_START_SAFE_DISCRETE_1525c9109c3b,47,1525c9109c3b1f6524005faabdf08aebfabaadedbe7a9098f9cd9fb780a1a2de,M3_FAS_START_SAFE_DISCRETE,formal,MEDIUM,OPEN,SUCCESS,STOPPED_GOAL,True,False,283,False,0.3497675676378661,0.015436609033573679,1.1717100574194377,0.38375392689030885,0.3479763222290748,0,0,0,0,0,2000.0,2000.0,0.0,0,0,0,0,0,0,0.04197635061573237,17.25019626901485,902a699e52ca03de7f03d25b1d93c72f9b7b8afc263c1d123c1618e96811ba6b
047_M4_FAS_START_SAFE_DISCRETE_RECOVERY_1525c9109c3b,47,1525c9109c3b1f6524005faabdf08aebfabaadedbe7a9098f9cd9fb780a1a2de,M4_FAS_START_SAFE_DISCRETE_RECOVERY,formal,MEDIUM,OPEN,SUCCESS,STOPPED_GOAL,True,False,283,False,0.3497675676378661,0.015436609033573679,1.1717100574194377,0.38375392689030885,0.3479763222290748,0,0,0,0,0,2000.0,2000.0,0.0,0,0,0,0,0,0,0.03997626545606181,63.54363299300894,902a699e52ca03de7f03d25b1d93c72f9b7b8afc263c1d123c1618e96811ba6b
048_M0_BOUNDED_SAFER_1813eabeb1cc,48,1813eabeb1cc79212a44d3612d3755c4c7a09d320e74ae3b34424c5228e0929c,M0_BOUNDED_SAFER,formal,LONG,OPEN,SUCCESS,STOPPED_GOAL,True,False,323,False,0.5815890920335477,0.01629041344440512,1.2835204461013523,0.6187654104655104,0.5815890920335477,0,0,0,0,0,0.0,0.0,0.0,0,0,0,0,0,0,0.00069585278397426,8.034553224104457,902a699e52ca03de7f03d25b1d93c72f9b7b8afc263c1d123c1618e96811ba6b
048_M1_BOUNDED_RISK_AWARE_V1_1813eabeb1cc,48,1813eabeb1cc79212a44d3612d3755c4c7a09d320e74ae3b34424c5228e0929c,M1_BOUNDED_RISK_AWARE_V1,formal,LONG,OPEN,SUCCESS,STOPPED_GOAL,True,False,323,False,0.5815890920335477,0.016298987807816714,1.2835118717379406,0.6187654104655104,0.5815890920335477,0,0,0,0,0,2000.0,2000.0,0.0,0,0,0,0,0,0,0.0355004501529038,17.227742264978588,902a699e52ca03de7f03d25b1d93c72f9b7b8afc263c1d123c1618e96811ba6b
048_M2_FAS_START_SAFE_1813eabeb1cc,48,1813eabeb1cc79212a44d3612d3755c4c7a09d320e74ae3b34424c5228e0929c,M2_FAS_START_SAFE,formal,LONG,OPEN,SUCCESS,STOPPED_GOAL,True,False,323,False,0.5815890920335477,0.016298987807816714,1.2835118717379406,0.6187654104655104,0.5815890920335477,0,0,0,0,0,2000.0,2000.0,0.0,0,0,0,0,0,0,0.03573237634263932,17.48964637191966,902a699e52ca03de7f03d25b1d93c72f9b7b8afc263c1d123c1618e96811ba6b
048_M3_FAS_START_SAFE_DISCRETE_1813eabeb1cc,48,1813eabeb1cc79212a44d3612d3755c4c7a09d320e74ae3b34424c5228e0929c,M3_FAS_START_SAFE_DISCRETE,formal,LONG,OPEN,SUCCESS,STOPPED_GOAL,True,False,323,False,0.5815890920335477,0.016298987807816714,1.2835118717379406,0.6187654104655104,0.5815890920335477,0,0,0,0,0,2000.0,2000.0,0.0,0,0,0,0,0,0,0.03418520902050659,14.907643001992255,902a699e52ca03de7f03d25b1d93c72f9b7b8afc263c1d123c1618e96811ba6b
048_M4_FAS_START_SAFE_DISCRETE_RECOVERY_1813eabeb1cc,48,1813eabeb1cc79212a44d3612d3755c4c7a09d320e74ae3b34424c5228e0929c,M4_FAS_START_SAFE_DISCRETE_RECOVERY,formal,LONG,OPEN,SUCCESS,STOPPED_GOAL,True,False,323,False,0.5815890920335477,0.016298987807816714,1.2835118717379406,0.6187654104655104,0.5815890920335477,0,0,0,0,0,2000.0,2000.0,0.0,0,0,0,0,0,0,0.035670799948275086,69.95770508702844,902a699e52ca03de7f03d25b1d93c72f9b7b8afc263c1d123c1618e96811ba6b
049_M0_BOUNDED_SAFER_b661c3f45774,49,b661c3f4577477dbb655196dc24c7e099391d02339aeccf48b9648c1185005ed,M0_BOUNDED_SAFER,formal,LONG,TIGHT,SUCCESS,STOPPED_GOAL,True,False,336,False,0.02080696955675515,0.0131233747192127,1.530840602440942,0.045192146155825424,0.01658563106119232,0,0,0,0,0,522.610119047619,522.610119047619,0.0,0,0,0,0,0,0,0.006257597444346175,7.189034199924208,902a699e52ca03de7f03d25b1d93c72f9b7b8afc263c1d123c1618e96811ba6b
049_M1_BOUNDED_RISK_AWARE_V1_b661c3f45774,49,b661c3f4577477dbb655196dc24c7e099391d02339aeccf48b9648c1185005ed,M1_BOUNDED_RISK_AWARE_V1,formal,LONG,TIGHT,SUCCESS,STOPPED_GOAL,True,False,336,False,0.02080696955675515,0.013122403865877798,1.530841573294277,0.045191979380980185,0.01658548535478227,0,0,0,0,0,2000.0,2000.0,31.845238095238095,0,0,0,0,0,0,0.03975349126267247,17.645247203996405,902a699e52ca03de7f03d25b1d93c72f9b7b8afc263c1d123c1618e96811ba6b
049_M2_FAS_START_SAFE_b661c3f45774,49,b661c3f4577477dbb655196dc24c7e099391d02339aeccf48b9648c1185005ed,M2_FAS_START_SAFE,formal,LONG,TIGHT,SUCCESS,STOPPED_GOAL,True,False,336,False,0.02080696955675515,0.013122403865877798,1.530841573294277,0.045191979380980185,0.01658548535478227,0,0,0,0,0,2000.0,2000.0,31.845238095238095,0,0,0,0,0,0,0.03833646376733668,15.539023453951813,902a699e52ca03de7f03d25b1d93c72f9b7b8afc263c1d123c1618e96811ba6b
049_M3_FAS_START_SAFE_DISCRETE_b661c3f45774,49,b661c3f4577477dbb655196dc24c7e099391d02339aeccf48b9648c1185005ed,M3_FAS_START_SAFE_DISCRETE,formal,LONG,TIGHT,SUCCESS,STOPPED_GOAL,True,False,336,False,0.02080696955675515,0.013122403865877798,1.530841573294277,0.045191979380980185,0.01658548535478227,0,0,0,0,0,2000.0,2000.0,31.845238095238095,0,0,0,0,0,0,0.039825295214541256,18.592046731035225,902a699e52ca03de7f03d25b1d93c72f9b7b8afc263c1d123c1618e96811ba6b
049_M4_FAS_START_SAFE_DISCRETE_RECOVERY_b661c3f45774,49,b661c3f4577477dbb655196dc24c7e099391d02339aeccf48b9648c1185005ed,M4_FAS_START_SAFE_DISCRETE_RECOVERY,formal,LONG,TIGHT,SUCCESS,STOPPED_GOAL,True,False,335,False,0.02080696955675515,0.013506980504691136,1.5304569966554635,0.049162529515368675,0.02039312634237167,0,0,3,3,0,2000.0,2000.0,33.017910447761196,0,0,0,0,0,0,0.039459961850661786,92.1395638009999,902a699e52ca03de7f03d25b1d93c72f9b7b8afc263c1d123c1618e96811ba6b
050_M0_BOUNDED_SAFER_af2a04cad759,50,af2a04cad7597800b8c6de29519e90a3e12a9403f1e39f8e02a6b5af8b45d53f,M0_BOUNDED_SAFER,formal,SHORT,MODERATE,SUCCESS,STOPPED_GOAL,True,False,175,False,0.1301543659715357,0.020540350536887943,0.6237722208094758,0.16359585986594274,0.1301543659715357,0,0,0,0,0,55.17142857142857,55.17142857142857,0.0,0,0,0,0,0,0,0.0016616338980384169,6.632017312105745,902a699e52ca03de7f03d25b1d93c72f9b7b8afc263c1d123c1618e96811ba6b
050_M1_BOUNDED_RISK_AWARE_V1_af2a04cad759,50,af2a04cad7597800b8c6de29519e90a3e12a9403f1e39f8e02a6b5af8b45d53f,M1_BOUNDED_RISK_AWARE_V1,formal,SHORT,MODERATE,SUCCESS,STOPPED_GOAL,True,False,175,False,0.1301543659715357,0.02054114394853822,0.6237714273978255,0.16359585986594274,0.1301543659715357,0,0,0,0,0,2000.0,2000.0,0.0,0,0,0,0,0,0,0.03241810248000547,9.278840141021647,902a699e52ca03de7f03d25b1d93c72f9b7b8afc263c1d123c1618e96811ba6b
050_M2_FAS_START_SAFE_af2a04cad759,50,af2a04cad7597800b8c6de29519e90a3e12a9403f1e39f8e02a6b5af8b45d53f,M2_FAS_START_SAFE,formal,SHORT,MODERATE,SUCCESS,STOPPED_GOAL,True,False,175,False,0.1301543659715357,0.02054114394853822,0.6237714273978255,0.16359585986594274,0.1301543659715357,0,0,0,0,0,2000.0,2000.0,0.0,0,0,0,0,0,0,0.03963215936673804,10.831594537943602,902a699e52ca03de7f03d25b1d93c72f9b7b8afc263c1d123c1618e96811ba6b
050_M3_FAS_START_SAFE_DISCRETE_af2a04cad759,50,af2a04cad7597800b8c6de29519e90a3e12a9403f1e39f8e02a6b5af8b45d53f,M3_FAS_START_SAFE_DISCRETE,formal,SHORT,MODERATE,SUCCESS,STOPPED_GOAL,True,False,175,False,0.1301543659715357,0.02054114394853822,0.6237714273978255,0.16359585986594274,0.1301543659715357,0,0,0,0,0,2000.0,2000.0,0.0,0,0,0,0,0,0,0.06389203136786818,13.517186561017297,902a699e52ca03de7f03d25b1d93c72f9b7b8afc263c1d123c1618e96811ba6b
050_M4_FAS_START_SAFE_DISCRETE_RECOVERY_af2a04cad759,50,af2a04cad7597800b8c6de29519e90a3e12a9403f1e39f8e02a6b5af8b45d53f,M4_FAS_START_SAFE_DISCRETE_RECOVERY,formal,SHORT,MODERATE,SUCCESS,STOPPED_GOAL,True,False,175,False,0.1301543659715357,0.02054114394853822,0.6237714273978255,0.16359585986594274,0.1301543659715357,0,0,0,0,0,2000.0,2000.0,0.0,0,0,0,0,0,0,0.04056128351949155,44.13907983596437,902a699e52ca03de7f03d25b1d93c72f9b7b8afc263c1d123c1618e96811ba6b
051_M0_BOUNDED_SAFER_240000ef3c09,51,240000ef3c09446ad394265d3dd2cefe1bbdb7b132666088d0bd9d1bc1e625d5,M0_BOUNDED_SAFER,formal,MEDIUM,MODERATE,SUCCESS,STOPPED_GOAL,True,False,281,False,0.04747784021773738,0.016070632129598535,1.0826102622867289,0.08173771501655316,0.04747784021773738,0,0,0,0,0,208.92170818505338,208.92170818505338,0.0,0,0,0,0,0,0,0.003910454106517136,6.784908963018097,902a699e52ca03de7f03d25b1d93c72f9b7b8afc263c1d123c1618e96811ba6b
051_M1_BOUNDED_RISK_AWARE_V1_240000ef3c09,51,240000ef3c09446ad394265d3dd2cefe1bbdb7b132666088d0bd9d1bc1e625d5,M1_BOUNDED_RISK_AWARE_V1,formal,MEDIUM,MODERATE,SUCCESS,STOPPED_GOAL,True,False,281,False,0.04747784021773738,0.016071391430597465,1.0826095029857299,0.08173771501655316,0.04747784021773738,0,0,0,0,0,2000.0,2000.0,0.02491103202846975,0,0,0,0,0,0,0.05401457299012691,17.056436834973283,902a699e52ca03de7f03d25b1d93c72f9b7b8afc263c1d123c1618e96811ba6b
051_M2_FAS_START_SAFE_240000ef3c09,51,240000ef3c09446ad394265d3dd2cefe1bbdb7b132666088d0bd9d1bc1e625d5,M2_FAS_START_SAFE,formal,MEDIUM,MODERATE,SUCCESS,STOPPED_GOAL,True,False,281,False,0.04747784021773738,0.016071391430597465,1.0826095029857299,0.08173771501655316,0.04747784021773738,0,0,0,0,0,2000.0,2000.0,0.02491103202846975,0,0,0,0,0,0,0.04178899200633168,14.349772861925885,902a699e52ca03de7f03d25b1d93c72f9b7b8afc263c1d123c1618e96811ba6b
051_M3_FAS_START_SAFE_DISCRETE_240000ef3c09,51,240000ef3c09446ad394265d3dd2cefe1bbdb7b132666088d0bd9d1bc1e625d5,M3_FAS_START_SAFE_DISCRETE,formal,MEDIUM,MODERATE,SUCCESS,STOPPED_GOAL,True,False,281,False,0.04747784021773738,0.016071391430597465,1.0826095029857299,0.08173771501655316,0.04747784021773738,0,0,0,0,0,2000.0,2000.0,0.02491103202846975,0,0,0,0,0,0,0.04181480291299522,15.945014068041928,902a699e52ca03de7f03d25b1d93c72f9b7b8afc263c1d123c1618e96811ba6b
051_M4_FAS_START_SAFE_DISCRETE_RECOVERY_240000ef3c09,51,240000ef3c09446ad394265d3dd2cefe1bbdb7b132666088d0bd9d1bc1e625d5,M4_FAS_START_SAFE_DISCRETE_RECOVERY,formal,MEDIUM,MODERATE,SUCCESS,STOPPED_GOAL,True,False,281,False,0.04747784021773738,0.016071391430597465,1.0826095029857299,0.08173771501655316,0.04747784021773738,0,0,0,0,0,2000.0,2000.0,0.02491103202846975,0,0,0,0,0,0,0.04115605494007468,67.83181437395979,902a699e52ca03de7f03d25b1d93c72f9b7b8afc263c1d123c1618e96811ba6b
052_M0_BOUNDED_SAFER_2f9bc7e76e81,52,2f9bc7e76e813aad0423fa01f08059ae3d3c87d6b452ff22da0cd46ce3d910c3,M0_BOUNDED_SAFER,formal,LONG,MODERATE,SUCCESS,STOPPED_GOAL,True,False,282,False,0.1301543659715357,0.026052525589169685,1.4659318054677093,0.16359585986594274,0.1301543659715357,0,0,0,0,0,22.407801418439718,22.407801418439718,0.0,0,0,0,0,0,0,0.001399358664639294,6.439831778057851,902a699e52ca03de7f03d25b1d93c72f9b7b8afc263c1d123c1618e96811ba6b
052_M1_BOUNDED_RISK_AWARE_V1_2f9bc7e76e81,52,2f9bc7e76e813aad0423fa01f08059ae3d3c87d6b452ff22da0cd46ce3d910c3,M1_BOUNDED_RISK_AWARE_V1,formal,LONG,MODERATE,SUCCESS,STOPPED_GOAL,True,False,282,False,0.1301543659715357,0.02605391342803216,1.4659304176288468,0.16359585986594274,0.1301543659715357,0,0,0,0,0,2000.0,2000.0,0.0,0,0,0,0,0,0,0.03880640613497234,13.559683840954676,902a699e52ca03de7f03d25b1d93c72f9b7b8afc263c1d123c1618e96811ba6b
052_M2_FAS_START_SAFE_2f9bc7e76e81,52,2f9bc7e76e813aad0423fa01f08059ae3d3c87d6b452ff22da0cd46ce3d910c3,M2_FAS_START_SAFE,formal,LONG,MODERATE,SUCCESS,STOPPED_GOAL,True,False,282,False,0.1301543659715357,0.02605391342803216,1.4659304176288468,0.16359585986594274,0.1301543659715357,0,0,0,0,0,2000.0,2000.0,0.0,0,0,0,0,0,0,0.03713756696670316,13.503431506920606,902a699e52ca03de7f03d25b1d93c72f9b7b8afc263c1d123c1618e96811ba6b
052_M3_FAS_START_SAFE_DISCRETE_2f9bc7e76e81,52,2f9bc7e76e813aad0423fa01f08059ae3d3c87d6b452ff22da0cd46ce3d910c3,M3_FAS_START_SAFE_DISCRETE,formal,LONG,MODERATE,SUCCESS,STOPPED_GOAL,True,False,282,False,0.1301543659715357,0.02605391342803216,1.4659304176288468,0.16359585986594274,0.1301543659715357,0,0,0,0,0,2000.0,2000.0,0.0,0,0,0,0,0,0,0.037626205862034114,14.648844023933634,902a699e52ca03de7f03d25b1d93c72f9b7b8afc263c1d123c1618e96811ba6b
052_M4_FAS_START_SAFE_DISCRETE_RECOVERY_2f9bc7e76e81,52,2f9bc7e76e813aad0423fa01f08059ae3d3c87d6b452ff22da0cd46ce3d910c3,M4_FAS_START_SAFE_DISCRETE_RECOVERY,formal,LONG,MODERATE,SUCCESS,STOPPED_GOAL,True,False,282,False,0.1301543659715357,0.02605391342803216,1.4659304176288468,0.16359585986594274,0.1301543659715357,0,0,0,0,0,2000.0,2000.0,0.0,0,0,0,0,0,0,0.03986144803930074,64.64788939303253,902a699e52ca03de7f03d25b1d93c72f9b7b8afc263c1d123c1618e96811ba6b
053_M0_BOUNDED_SAFER_34cc2ec67a90,53,34cc2ec67a90ee83bf60718fcef06d32b4448f7e75bfb60760070d94f792cef1,M0_BOUNDED_SAFER,formal,SHORT,OPEN,SUCCESS,STOPPED_GOAL,True,False,144,False,0.582058695328862,0.0256325160213195,0.48194681005520107,0.6197304736452005,0.582058695328862,0,0,0,0,0,0.0,0.0,0.0,0,0,0,0,0,0,0.0011100132076535373,6.884573925053701,902a699e52ca03de7f03d25b1d93c72f9b7b8afc263c1d123c1618e96811ba6b
053_M1_BOUNDED_RISK_AWARE_V1_34cc2ec67a90,53,34cc2ec67a90ee83bf60718fcef06d32b4448f7e75bfb60760070d94f792cef1,M1_BOUNDED_RISK_AWARE_V1,formal,SHORT,OPEN,SUCCESS,STOPPED_GOAL,True,False,144,False,0.582058695328862,0.025631466552152177,0.48194785952436836,0.6197304736452005,0.582058695328862,0,0,0,0,0,2000.0,2000.0,0.0,0,0,0,0,0,0,0.041471436951542276,11.088942444999702,902a699e52ca03de7f03d25b1d93c72f9b7b8afc263c1d123c1618e96811ba6b
053_M2_FAS_START_SAFE_34cc2ec67a90,53,34cc2ec67a90ee83bf60718fcef06d32b4448f7e75bfb60760070d94f792cef1,M2_FAS_START_SAFE,formal,SHORT,OPEN,SUCCESS,STOPPED_GOAL,True,False,144,False,0.582058695328862,0.025631466552152177,0.48194785952436836,0.6197304736452005,0.582058695328862,0,0,0,0,0,2000.0,2000.0,0.0,0,0,0,0,0,0,0.04274460891028866,12.530596019001678,902a699e52ca03de7f03d25b1d93c72f9b7b8afc263c1d123c1618e96811ba6b
053_M3_FAS_START_SAFE_DISCRETE_34cc2ec67a90,53,34cc2ec67a90ee83bf60718fcef06d32b4448f7e75bfb60760070d94f792cef1,M3_FAS_START_SAFE_DISCRETE,formal,SHORT,OPEN,SUCCESS,STOPPED_GOAL,True,False,144,False,0.582058695328862,0.025631466552152177,0.48194785952436836,0.6197304736452005,0.582058695328862,0,0,0,0,0,2000.0,2000.0,0.0,0,0,0,0,0,0,0.020744157349690796,9.965777745004743,902a699e52ca03de7f03d25b1d93c72f9b7b8afc263c1d123c1618e96811ba6b
053_M4_FAS_START_SAFE_DISCRETE_RECOVERY_34cc2ec67a90,53,34cc2ec67a90ee83bf60718fcef06d32b4448f7e75bfb60760070d94f792cef1,M4_FAS_START_SAFE_DISCRETE_RECOVERY,formal,SHORT,OPEN,SUCCESS,STOPPED_GOAL,True,False,144,False,0.582058695328862,0.025631466552152177,0.48194785952436836,0.6197304736452005,0.582058695328862,0,0,0,0,0,2000.0,2000.0,0.0,0,0,0,0,0,0,0.042407198389992115,40.66910239006393,902a699e52ca03de7f03d25b1d93c72f9b7b8afc263c1d123c1618e96811ba6b
054_M0_BOUNDED_SAFER_1db63ced1a87,54,1db63ced1a875e5e42f6ddf2c3cf32927d4bb8c645401c666a1b4266e17a97d4,M0_BOUNDED_SAFER,formal,MEDIUM,OPEN,SUCCESS,STOPPED_GOAL,True,False,218,False,0.30682484498141227,0.017275921225665597,0.8576024454315981,0.3404266304992839,0.30682484498141227,0,0,0,0,0,0.0,0.0,0.0,0,0,0,0,0,0,0.000632362940814346,6.936290142941289,902a699e52ca03de7f03d25b1d93c72f9b7b8afc263c1d123c1618e96811ba6b
054_M1_BOUNDED_RISK_AWARE_V1_1db63ced1a87,54,1db63ced1a875e5e42f6ddf2c3cf32927d4bb8c645401c666a1b4266e17a97d4,M1_BOUNDED_RISK_AWARE_V1,formal,MEDIUM,OPEN,SUCCESS,STOPPED_GOAL,True,False,218,False,0.30682484498141227,0.017280260395525333,0.8575981062617384,0.3404266304992839,0.30682484498141227,0,0,0,0,0,2000.0,2000.0,0.0,0,0,0,0,0,0,0.04072035072604194,10.641462541068904,902a699e52ca03de7f03d25b1d93c72f9b7b8afc263c1d123c1618e96811ba6b
054_M2_FAS_START_SAFE_1db63ced1a87,54,1db63ced1a875e5e42f6ddf2c3cf32927d4bb8c645401c666a1b4266e17a97d4,M2_FAS_START_SAFE,formal,MEDIUM,OPEN,SUCCESS,STOPPED_GOAL,True,False,218,False,0.30682484498141227,0.017280260395525333,0.8575981062617384,0.3404266304992839,0.30682484498141227,0,0,0,0,0,2000.0,2000.0,0.0,0,0,0,0,0,0,0.040733229438774284,12.623023380991071,902a699e52ca03de7f03d25b1d93c72f9b7b8afc263c1d123c1618e96811ba6b
054_M3_FAS_START_SAFE_DISCRETE_1db63ced1a87,54,1db63ced1a875e5e42f6ddf2c3cf32927d4bb8c645401c666a1b4266e17a97d4,M3_FAS_START_SAFE_DISCRETE,formal,MEDIUM,OPEN,SUCCESS,STOPPED_GOAL,True,False,218,False,0.30682484498141227,0.017280260395525333,0.8575981062617384,0.3404266304992839,0.30682484498141227,0,0,0,0,0,2000.0,2000.0,0.0,0,0,0,0,0,0,0.04049029280431569,12.256083472981118,902a699e52ca03de7f03d25b1d93c72f9b7b8afc263c1d123c1618e96811ba6b
054_M4_FAS_START_SAFE_DISCRETE_RECOVERY_1db63ced1a87,54,1db63ced1a875e5e42f6ddf2c3cf32927d4bb8c645401c666a1b4266e17a97d4,M4_FAS_START_SAFE_DISCRETE_RECOVERY,formal,MEDIUM,OPEN,SUCCESS,STOPPED_GOAL,True,False,218,False,0.30682484498141227,0.017280260395525333,0.8575981062617384,0.3404266304992839,0.30682484498141227,0,0,0,0,0,2000.0,2000.0,0.0,0,0,0,0,0,0,0.04081556195742451,52.32387247704901,902a699e52ca03de7f03d25b1d93c72f9b7b8afc263c1d123c1618e96811ba6b
055_M0_BOUNDED_SAFER_181dfc2704ef,55,181dfc2704ef3a9fde89830a3695887a3c29ec5ca732682ec2654195940b2bdf,M0_BOUNDED_SAFER,formal,LONG,OPEN,SUCCESS,STOPPED_GOAL,True,False,367,False,0.2858085332074325,0.015694494358289266,1.5262761603691213,0.3305059657170607,0.30290515045134414,0,0,0,0,0,0.0,0.0,0.0,0,0,0,0,0,0,0.000664258433971554,6.882075445028022,902a699e52ca03de7f03d25b1d93c72f9b7b8afc263c1d123c1618e96811ba6b
055_M1_BOUNDED_RISK_AWARE_V1_181dfc2704ef,55,181dfc2704ef3a9fde89830a3695887a3c29ec5ca732682ec2654195940b2bdf,M1_BOUNDED_RISK_AWARE_V1,formal,LONG,OPEN,SUCCESS,STOPPED_GOAL,True,False,367,False,0.2858085332074325,0.0157008208115434,1.5262698339158671,0.3305059883840179,0.302905186971152,0,0,0,0,0,2000.0,2000.0,0.0,0,0,0,0,0,0,0.039978376182261854,19.28602362202946,902a699e52ca03de7f03d25b1d93c72f9b7b8afc263c1d123c1618e96811ba6b
055_M2_FAS_START_SAFE_181dfc2704ef,55,181dfc2704ef3a9fde89830a3695887a3c29ec5ca732682ec2654195940b2bdf,M2_FAS_START_SAFE,formal,LONG,OPEN,SUCCESS,STOPPED_GOAL,True,False,367,False,0.2858085332074325,0.0157008208115434,1.5262698339158671,0.3305059883840179,0.302905186971152,0,0,0,0,0,2000.0,2000.0,0.0,0,0,0,0,0,0,0.039837858220562336,17.76505304395687,902a699e52ca03de7f03d25b1d93c72f9b7b8afc263c1d123c1618e96811ba6b
055_M3_FAS_START_SAFE_DISCRETE_181dfc2704ef,55,181dfc2704ef3a9fde89830a3695887a3c29ec5ca732682ec2654195940b2bdf,M3_FAS_START_SAFE_DISCRETE,formal,LONG,OPEN,SUCCESS,STOPPED_GOAL,True,False,367,False,0.2858085332074325,0.0157008208115434,1.5262698339158671,0.3305059883840179,0.302905186971152,0,0,0,0,0,2000.0,2000.0,0.0,0,0,0,0,0,0,0.03846976642962545,16.260668296017684,902a699e52ca03de7f03d25b1d93c72f9b7b8afc263c1d123c1618e96811ba6b
055_M4_FAS_START_SAFE_DISCRETE_RECOVERY_181dfc2704ef,55,181dfc2704ef3a9fde89830a3695887a3c29ec5ca732682ec2654195940b2bdf,M4_FAS_START_SAFE_DISCRETE_RECOVERY,formal,LONG,OPEN,SUCCESS,STOPPED_GOAL,True,False,367,False,0.2858085332074325,0.0157008208115434,1.5262698339158671,0.3305059883840179,0.302905186971152,0,0,0,0,0,2000.0,2000.0,0.0,0,0,0,0,0,0,0.039361234707757826,80.21290835808031,902a699e52ca03de7f03d25b1d93c72f9b7b8afc263c1d123c1618e96811ba6b
056_M0_BOUNDED_SAFER_c9325498b58a,56,c9325498b58adca0b07d82ae65919dd6a8103edaa5031d4b38340863bf3d28ce,M0_BOUNDED_SAFER,formal,LONG,TIGHT,SUCCESS,STOPPED_GOAL,True,False,358,False,0.02080696955675515,0.015826392675430605,1.5550398431272887,0.055321210420708505,0.02080696955675515,0,0,0,0,0,199.22625698324023,199.22625698324023,0.0,0,0,0,0,0,0,0.005254810483893379,7.225499421940185,902a699e52ca03de7f03d25b1d93c72f9b7b8afc263c1d123c1618e96811ba6b
056_M1_BOUNDED_RISK_AWARE_V1_c9325498b58a,56,c9325498b58adca0b07d82ae65919dd6a8103edaa5031d4b38340863bf3d28ce,M1_BOUNDED_RISK_AWARE_V1,formal,LONG,TIGHT,SUCCESS,STOPPED_GOAL,True,False,358,False,0.02080696955675515,0.01583040294338277,1.5550358328593366,0.055321210420708505,0.02080696955675515,0,0,0,0,0,2000.0,2000.0,0.0,0,0,0,0,0,0,0.04074299547937698,19.437791684060358,902a699e52ca03de7f03d25b1d93c72f9b7b8afc263c1d123c1618e96811ba6b
056_M2_FAS_START_SAFE_c9325498b58a,56,c9325498b58adca0b07d82ae65919dd6a8103edaa5031d4b38340863bf3d28ce,M2_FAS_START_SAFE,formal,LONG,TIGHT,SUCCESS,STOPPED_GOAL,True,False,358,False,0.02080696955675515,0.01583040294338277,1.5550358328593366,0.055321210420708505,0.02080696955675515,0,0,0,0,0,2000.0,2000.0,0.0,0,0,0,0,0,0,0.04119880813523195,17.04794523702003,902a699e52ca03de7f03d25b1d93c72f9b7b8afc263c1d123c1618e96811ba6b
056_M3_FAS_START_SAFE_DISCRETE_c9325498b58a,56,c9325498b58adca0b07d82ae65919dd6a8103edaa5031d4b38340863bf3d28ce,M3_FAS_START_SAFE_DISCRETE,formal,LONG,TIGHT,SUCCESS,STOPPED_GOAL,True,False,358,False,0.02080696955675515,0.01583040294338277,1.5550358328593366,0.055321210420708505,0.02080696955675515,0,0,0,0,0,2000.0,2000.0,0.0,0,0,0,0,0,0,0.03752073514624499,16.503403918002732,902a699e52ca03de7f03d25b1d93c72f9b7b8afc263c1d123c1618e96811ba6b
056_M4_FAS_START_SAFE_DISCRETE_RECOVERY_c9325498b58a,56,c9325498b58adca0b07d82ae65919dd6a8103edaa5031d4b38340863bf3d28ce,M4_FAS_START_SAFE_DISCRETE_RECOVERY,formal,LONG,TIGHT,SUCCESS,STOPPED_GOAL,True,False,358,False,0.02080696955675515,0.01583040294338277,1.5550358328593366,0.055321210420708505,0.02080696955675515,0,0,0,0,0,2000.0,2000.0,0.0,0,0,0,0,0,0,0.04156055034836754,81.14283301704563,902a699e52ca03de7f03d25b1d93c72f9b7b8afc263c1d123c1618e96811ba6b
057_M0_BOUNDED_SAFER_cb494d07b1e7,57,cb494d07b1e7ecf1c68d05272d29c70ecb8b111836095069370ae5641e8b3699,M0_BOUNDED_SAFER,formal,SHORT,MODERATE,SUCCESS,STOPPED_GOAL,True,False,214,False,0.15592399140168037,0.016406514365055525,0.7153756330596917,0.1942480265571591,0.15592399140168037,0,0,0,0,0,29.985981308411215,29.985981308411215,0.0,0,0,0,0,0,0,0.001597886945819482,6.3336474190000445,902a699e52ca03de7f03d25b1d93c72f9b7b8afc263c1d123c1618e96811ba6b
057_M1_BOUNDED_RISK_AWARE_V1_cb494d07b1e7,57,cb494d07b1e7ecf1c68d05272d29c70ecb8b111836095069370ae5641e8b3699,M1_BOUNDED_RISK_AWARE_V1,formal,SHORT,MODERATE,SUCCESS,STOPPED_GOAL,True,False,214,False,0.15592399140168037,0.016409395312218727,0.7153727521125285,0.1942480265571591,0.15592399140168037,0,0,0,0,0,2000.0,2000.0,0.0,0,0,0,0,0,0,0.039061357156606386,11.824693591916002,902a699e52ca03de7f03d25b1d93c72f9b7b8afc263c1d123c1618e96811ba6b
057_M2_FAS_START_SAFE_cb494d07b1e7,57,cb494d07b1e7ecf1c68d05272d29c70ecb8b111836095069370ae5641e8b3699,M2_FAS_START_SAFE,formal,SHORT,MODERATE,SUCCESS,STOPPED_GOAL,True,False,214,False,0.15592399140168037,0.016409395312218727,0.7153727521125285,0.1942480265571591,0.15592399140168037,0,0,0,0,0,2000.0,2000.0,0.0,0,0,0,0,0,0,0.040235169464722276,13.864885877002962,902a699e52ca03de7f03d25b1d93c72f9b7b8afc263c1d123c1618e96811ba6b
057_M3_FAS_START_SAFE_DISCRETE_cb494d07b1e7,57,cb494d07b1e7ecf1c68d05272d29c70ecb8b111836095069370ae5641e8b3699,M3_FAS_START_SAFE_DISCRETE,formal,SHORT,MODERATE,SUCCESS,STOPPED_GOAL,True,False,214,False,0.15592399140168037,0.016409395312218727,0.7153727521125285,0.1942480265571591,0.15592399140168037,0,0,0,0,0,2000.0,2000.0,0.0,0,0,0,0,0,0,0.04059331949101761,14.747910977108404,902a699e52ca03de7f03d25b1d93c72f9b7b8afc263c1d123c1618e96811ba6b
057_M4_FAS_START_SAFE_DISCRETE_RECOVERY_cb494d07b1e7,57,cb494d07b1e7ecf1c68d05272d29c70ecb8b111836095069370ae5641e8b3699,M4_FAS_START_SAFE_DISCRETE_RECOVERY,formal,SHORT,MODERATE,SUCCESS,STOPPED_GOAL,True,False,214,False,0.15592399140168037,0.016409395312218727,0.7153727521125285,0.1942480265571591,0.15592399140168037,0,0,0,0,0,2000.0,2000.0,0.0,0,0,0,0,0,0,0.0408460829872638,53.05010110302828,902a699e52ca03de7f03d25b1d93c72f9b7b8afc263c1d123c1618e96811ba6b
058_M0_BOUNDED_SAFER_4ce633f21ec1,58,4ce633f21ec1bb35a2fb32c7c2ce53c71ae0f7cfe3de4a0a95bab2dced357d25,M0_BOUNDED_SAFER,formal,MEDIUM,MODERATE,SUCCESS,STOPPED_GOAL,True,False,251,False,0.1301543659715357,0.016862575087752702,1.0137160550123612,0.16359585986594274,0.1301543659715357,0,0,0,0,0,38.46613545816733,38.46613545816733,0.0,0,0,0,0,0,0,0.0016248890315182507,6.554197537014261,902a699e52ca03de7f03d25b1d93c72f9b7b8afc263c1d123c1618e96811ba6b
058_M1_BOUNDED_RISK_AWARE_V1_4ce633f21ec1,58,4ce633f21ec1bb35a2fb32c7c2ce53c71ae0f7cfe3de4a0a95bab2dced357d25,M1_BOUNDED_RISK_AWARE_V1,formal,MEDIUM,MODERATE,SUCCESS,STOPPED_GOAL,True,False,251,False,0.1301543659715357,0.016862990847936302,1.0137156392521776,0.16359585986594274,0.1301543659715357,0,0,0,0,0,2000.0,2000.0,0.0,0,0,0,0,0,0,0.039166590897366405,11.679261010023765,902a699e52ca03de7f03d25b1d93c72f9b7b8afc263c1d123c1618e96811ba6b
058_M2_FAS_START_SAFE_4ce633f21ec1,58,4ce633f21ec1bb35a2fb32c7c2ce53c71ae0f7cfe3de4a0a95bab2dced357d25,M2_FAS_START_SAFE,formal,MEDIUM,MODERATE,SUCCESS,STOPPED_GOAL,True,False,251,False,0.1301543659715357,0.016862990847936302,1.0137156392521776,0.16359585986594274,0.1301543659715357,0,0,0,0,0,2000.0,2000.0,0.0,0,0,0,0,0,0,0.03564953850582242,11.759399250033312,902a699e52ca03de7f03d25b1d93c72f9b7b8afc263c1d123c1618e96811ba6b
058_M3_FAS_START_SAFE_DISCRETE_4ce633f21ec1,58,4ce633f21ec1bb35a2fb32c7c2ce53c71ae0f7cfe3de4a0a95bab2dced357d25,M3_FAS_START_SAFE_DISCRETE,formal,MEDIUM,MODERATE,SUCCESS,STOPPED_GOAL,True,False,251,False,0.1301543659715357,0.016862990847936302,1.0137156392521776,0.16359585986594274,0.1301543659715357,0,0,0,0,0,2000.0,2000.0,0.0,0,0,0,0,0,0,0.03830240498064086,13.429083687020466,902a699e52ca03de7f03d25b1d93c72f9b7b8afc263c1d123c1618e96811ba6b
058_M4_FAS_START_SAFE_DISCRETE_RECOVERY_4ce633f21ec1,58,4ce633f21ec1bb35a2fb32c7c2ce53c71ae0f7cfe3de4a0a95bab2dced357d25,M4_FAS_START_SAFE_DISCRETE_RECOVERY,formal,MEDIUM,MODERATE,SUCCESS,STOPPED_GOAL,True,False,251,False,0.1301543659715357,0.016862990847936302,1.0137156392521776,0.16359585986594274,0.1301543659715357,0,0,0,0,0,2000.0,2000.0,0.0,0,0,0,0,0,0,0.039029346487950534,60.13909805496223,902a699e52ca03de7f03d25b1d93c72f9b7b8afc263c1d123c1618e96811ba6b
059_M0_BOUNDED_SAFER_3280ab607e3a,59,3280ab607e3ac01d9dbd7a8c64776f1fd58055291c95e20641a94f4c36a7ceec,M0_BOUNDED_SAFER,formal,LONG,MODERATE,SUCCESS,STOPPED_GOAL,True,False,343,False,0.0954635082320531,0.016407463942046806,1.3743261299546148,0.1273846336714059,0.0954635082320531,0,0,0,0,0,120.03206997084548,120.03206997084548,0.0,0,0,0,0,0,0,0.004787758714519441,6.6478610100457445,902a699e52ca03de7f03d25b1d93c72f9b7b8afc263c1d123c1618e96811ba6b
059_M1_BOUNDED_RISK_AWARE_V1_3280ab607e3a,59,3280ab607e3ac01d9dbd7a8c64776f1fd58055291c95e20641a94f4c36a7ceec,M1_BOUNDED_RISK_AWARE_V1,formal,LONG,MODERATE,SUCCESS,STOPPED_GOAL,True,False,343,False,0.0954635082320531,0.016412552252682393,1.3743210416439793,0.1273846336714059,0.0954635082320531,0,0,0,0,0,2000.0,2000.0,0.0,0,0,0,0,0,0,0.038215496880002316,17.049376832903363,902a699e52ca03de7f03d25b1d93c72f9b7b8afc263c1d123c1618e96811ba6b
059_M2_FAS_START_SAFE_3280ab607e3a,59,3280ab607e3ac01d9dbd7a8c64776f1fd58055291c95e20641a94f4c36a7ceec,M2_FAS_START_SAFE,formal,LONG,MODERATE,SUCCESS,STOPPED_GOAL,True,False,343,False,0.0954635082320531,0.016412552252682393,1.3743210416439793,0.1273846336714059,0.0954635082320531,0,0,0,0,0,2000.0,2000.0,0.0,0,0,0,0,0,0,0.036813639558386055,15.194926460972056,902a699e52ca03de7f03d25b1d93c72f9b7b8afc263c1d123c1618e96811ba6b
059_M3_FAS_START_SAFE_DISCRETE_3280ab607e3a,59,3280ab607e3ac01d9dbd7a8c64776f1fd58055291c95e20641a94f4c36a7ceec,M3_FAS_START_SAFE_DISCRETE,formal,LONG,MODERATE,SUCCESS,STOPPED_GOAL,True,False,343,False,0.0954635082320531,0.016412552252682393,1.3743210416439793,0.1273846336714059,0.0954635082320531,0,0,0,0,0,2000.0,2000.0,0.0,0,0,0,0,0,0,0.037791401916183534,18.382936488022096,902a699e52ca03de7f03d25b1d93c72f9b7b8afc263c1d123c1618e96811ba6b
059_M4_FAS_START_SAFE_DISCRETE_RECOVERY_3280ab607e3a,59,3280ab607e3ac01d9dbd7a8c64776f1fd58055291c95e20641a94f4c36a7ceec,M4_FAS_START_SAFE_DISCRETE_RECOVERY,formal,LONG,MODERATE,SUCCESS,STOPPED_GOAL,True,False,343,False,0.0954635082320531,0.016412552252682393,1.3743210416439793,0.1273846336714059,0.0954635082320531,0,0,0,0,0,2000.0,2000.0,0.0,0,0,0,0,0,0,0.037225975829642266,76.94796668807976,902a699e52ca03de7f03d25b1d93c72f9b7b8afc263c1d123c1618e96811ba6b
060_M0_BOUNDED_SAFER_3c07f7338157,60,3c07f73381579a2eae6b95f5e2294fc648a1220ae9083b055be1194c0806da81,M0_BOUNDED_SAFER,formal,SHORT,OPEN,SUCCESS,STOPPED_GOAL,True,False,174,False,0.29656896932779153,0.01614079662705221,0.5258141465808347,0.3295301270818576,0.29366079410484813,0,0,0,0,0,0.0,0.0,0.0,0,0,0,0,0,0,0.000637664133682847,7.32268259790726,902a699e52ca03de7f03d25b1d93c72f9b7b8afc263c1d123c1618e96811ba6b
060_M1_BOUNDED_RISK_AWARE_V1_3c07f7338157,60,3c07f73381579a2eae6b95f5e2294fc648a1220ae9083b055be1194c0806da81,M1_BOUNDED_RISK_AWARE_V1,formal,SHORT,OPEN,SUCCESS,STOPPED_GOAL,True,False,174,False,0.29656896932779153,0.016142765319811916,0.525812177888075,0.3295302445224252,0.29366097169071603,0,0,0,0,0,2000.0,2000.0,0.0,0,0,0,0,0,0,0.018889371346449475,9.74922760692425,902a699e52ca03de7f03d25b1d93c72f9b7b8afc263c1d123c1618e96811ba6b
060_M2_FAS_START_SAFE_3c07f7338157,60,3c07f73381579a2eae6b95f5e2294fc648a1220ae9083b055be1194c0806da81,M2_FAS_START_SAFE,formal,SHORT,OPEN,SUCCESS,STOPPED_GOAL,True,False,174,False,0.29656896932779153,0.016142765319811916,0.525812177888075,0.3295302445224252,0.29366097169071603,0,0,0,0,0,2000.0,2000.0,0.0,0,0,0,0,0,0,0.03989986446686089,12.960854187025689,902a699e52ca03de7f03d25b1d93c72f9b7b8afc263c1d123c1618e96811ba6b
060_M3_FAS_START_SAFE_DISCRETE_3c07f7338157,60,3c07f73381579a2eae6b95f5e2294fc648a1220ae9083b055be1194c0806da81,M3_FAS_START_SAFE_DISCRETE,formal,SHORT,OPEN,SUCCESS,STOPPED_GOAL,True,False,174,False,0.29656896932779153,0.016142765319811916,0.525812177888075,0.3295302445224252,0.29366097169071603,0,0,0,0,0,2000.0,2000.0,0.0,0,0,0,0,0,0,0.03849239358096383,9.610477444948629,902a699e52ca03de7f03d25b1d93c72f9b7b8afc263c1d123c1618e96811ba6b
060_M4_FAS_START_SAFE_DISCRETE_RECOVERY_3c07f7338157,60,3c07f73381579a2eae6b95f5e2294fc648a1220ae9083b055be1194c0806da81,M4_FAS_START_SAFE_DISCRETE_RECOVERY,formal,SHORT,OPEN,SUCCESS,STOPPED_GOAL,True,False,174,False,0.29656896932779153,0.016142765319811916,0.525812177888075,0.3295302445224252,0.29366097169071603,0,0,0,0,0,2000.0,2000.0,0.0,0,0,0,0,0,0,0.04014328140765429,43.7123086679494,902a699e52ca03de7f03d25b1d93c72f9b7b8afc263c1d123c1618e96811ba6b
061_M0_BOUNDED_SAFER_1fced88e9298,61,1fced88e92987a88664578c2bda20412c373cb450b9e2575aad9c46f0b38dd94,M0_BOUNDED_SAFER,formal,MEDIUM,OPEN,SUCCESS,STOPPED_GOAL,True,False,246,False,0.3078142873841092,0.01997187357932919,1.1360247935677081,0.3441952525168709,0.3092663441449319,0,0,0,0,0,0.0,0.0,0.0,0,0,0,0,0,0,0.0007068005215842277,6.990691679064184,902a699e52ca03de7f03d25b1d93c72f9b7b8afc263c1d123c1618e96811ba6b
061_M1_BOUNDED_RISK_AWARE_V1_1fced88e9298,61,1fced88e92987a88664578c2bda20412c373cb450b9e2575aad9c46f0b38dd94,M1_BOUNDED_RISK_AWARE_V1,formal,MEDIUM,OPEN,SUCCESS,STOPPED_GOAL,True,False,246,False,0.3078142873841092,0.019973115576440065,1.1360235515705974,0.34419513709927363,0.3092662773404258,0,0,0,0,0,2000.0,2000.0,0.0,0,0,0,0,0,0,0.040697343210922554,15.88642259198241,902a699e52ca03de7f03d25b1d93c72f9b7b8afc263c1d123c1618e96811ba6b
061_M2_FAS_START_SAFE_1fced88e9298,61,1fced88e92987a88664578c2bda20412c373cb450b9e2575aad9c46f0b38dd94,M2_FAS_START_SAFE,formal,MEDIUM,OPEN,SUCCESS,STOPPED_GOAL,True,False,246,False,0.3078142873841092,0.019973115576440065,1.1360235515705974,0.34419513709927363,0.3092662773404258,0,0,0,0,0,2000.0,2000.0,0.0,0,0,0,0,0,0,0.04056539974408224,15.107677955995314,902a699e52ca03de7f03d25b1d93c72f9b7b8afc263c1d123c1618e96811ba6b
061_M3_FAS_START_SAFE_DISCRETE_1fced88e9298,61,1fced88e92987a88664578c2bda20412c373cb450b9e2575aad9c46f0b38dd94,M3_FAS_START_SAFE_DISCRETE,formal,MEDIUM,OPEN,SUCCESS,STOPPED_GOAL,True,False,246,False,0.3078142873841092,0.019973115576440065,1.1360235515705974,0.34419513709927363,0.3092662773404258,0,0,0,0,0,2000.0,2000.0,0.0,0,0,0,0,0,0,0.04038454848341644,15.49111650895793,902a699e52ca03de7f03d25b1d93c72f9b7b8afc263c1d123c1618e96811ba6b
061_M4_FAS_START_SAFE_DISCRETE_RECOVERY_1fced88e9298,61,1fced88e92987a88664578c2bda20412c373cb450b9e2575aad9c46f0b38dd94,M4_FAS_START_SAFE_DISCRETE_RECOVERY,formal,MEDIUM,OPEN,SUCCESS,STOPPED_GOAL,True,False,246,False,0.3078142873841092,0.019973115576440065,1.1360235515705974,0.34419513709927363,0.3092662773404258,0,0,0,0,0,2000.0,2000.0,0.0,0,0,0,0,0,0,0.03981178003596142,58.91276456892956,902a699e52ca03de7f03d25b1d93c72f9b7b8afc263c1d123c1618e96811ba6b
062_M0_BOUNDED_SAFER_1b572387058d,62,1b572387058deb9cefb9a7a8c588e93f7dbe3df06f2a9646cc45e6c82a3f17a8,M0_BOUNDED_SAFER,formal,LONG,OPEN,SUCCESS,STOPPED_GOAL,True,False,371,False,0.3930354702594183,0.015950019517057157,1.4946621615643751,0.42903843986807777,0.3930354702594183,0,0,0,0,0,0.0,0.0,0.0,0,0,0,0,0,0,0.0011799719068221748,6.6260406519286335,902a699e52ca03de7f03d25b1d93c72f9b7b8afc263c1d123c1618e96811ba6b
062_M1_BOUNDED_RISK_AWARE_V1_1b572387058d,62,1b572387058deb9cefb9a7a8c588e93f7dbe3df06f2a9646cc45e6c82a3f17a8,M1_BOUNDED_RISK_AWARE_V1,formal,LONG,OPEN,SUCCESS,STOPPED_GOAL,True,False,371,False,0.3930354702594183,0.015954601558553095,1.4946575795228794,0.42903843986807777,0.3930354702594183,0,0,0,0,0,2000.0,2000.0,0.0,0,0,0,0,0,0,0.03912929998477921,19.4159289119998,902a699e52ca03de7f03d25b1d93c72f9b7b8afc263c1d123c1618e96811ba6b
062_M2_FAS_START_SAFE_1b572387058d,62,1b572387058deb9cefb9a7a8c588e93f7dbe3df06f2a9646cc45e6c82a3f17a8,M2_FAS_START_SAFE,formal,LONG,OPEN,SUCCESS,STOPPED_GOAL,True,False,371,False,0.3930354702594183,0.015954601558553095,1.4946575795228794,0.42903843986807777,0.3930354702594183,0,0,0,0,0,2000.0,2000.0,0.0,0,0,0,0,0,0,0.038335212506353855,19.799192046979442,902a699e52ca03de7f03d25b1d93c72f9b7b8afc263c1d123c1618e96811ba6b
062_M3_FAS_START_SAFE_DISCRETE_1b572387058d,62,1b572387058deb9cefb9a7a8c588e93f7dbe3df06f2a9646cc45e6c82a3f17a8,M3_FAS_START_SAFE_DISCRETE,formal,LONG,OPEN,SUCCESS,STOPPED_GOAL,True,False,371,False,0.3930354702594183,0.015954601558553095,1.4946575795228794,0.42903843986807777,0.3930354702594183,0,0,0,0,0,2000.0,2000.0,0.0,0,0,0,0,0,0,0.038545923482161015,16.66714143799618,902a699e52ca03de7f03d25b1d93c72f9b7b8afc263c1d123c1618e96811ba6b
062_M4_FAS_START_SAFE_DISCRETE_RECOVERY_1b572387058d,62,1b572387058deb9cefb9a7a8c588e93f7dbe3df06f2a9646cc45e6c82a3f17a8,M4_FAS_START_SAFE_DISCRETE_RECOVERY,formal,LONG,OPEN,SUCCESS,STOPPED_GOAL,True,False,371,False,0.3930354702594183,0.015954601558553095,1.4946575795228794,0.42903843986807777,0.3930354702594183,0,0,0,0,0,2000.0,2000.0,0.0,0,0,0,0,0,0,0.037966344447340816,83.94138495798688,902a699e52ca03de7f03d25b1d93c72f9b7b8afc263c1d123c1618e96811ba6b
063_M0_BOUNDED_SAFER_cfad7da2d1df,63,cfad7da2d1df846c43cab7ce7e3c41418edbc6016c98707576c6ae6c21e1e224,M0_BOUNDED_SAFER,formal,SHORT,MODERATE,SUCCESS,STOPPED_GOAL,True,False,129,False,0.09896762722643679,0.02479957530112445,0.3927353305332246,0.07819415258186699,0.05642800014544358,0,0,0,0,0,377.13953488372096,377.13953488372096,0.0,0,0,0,0,0,0,0.004809775808826089,7.126691225916147,902a699e52ca03de7f03d25b1d93c72f9b7b8afc263c1d123c1618e96811ba6b
063_M1_BOUNDED_RISK_AWARE_V1_cfad7da2d1df,63,cfad7da2d1df846c43cab7ce7e3c41418edbc6016c98707576c6ae6c21e1e224,M1_BOUNDED_RISK_AWARE_V1,formal,SHORT,MODERATE,SUCCESS,STOPPED_GOAL,True,False,129,False,0.09896762722643679,0.02480693402593344,0.3927279718084157,0.07820599297904551,0.05644160552443339,0,0,0,0,0,2000.0,2000.0,2.798449612403101,0,0,0,0,0,0,0.03696536077186465,9.098869074950926,902a699e52ca03de7f03d25b1d93c72f9b7b8afc263c1d123c1618e96811ba6b
063_M2_FAS_START_SAFE_cfad7da2d1df,63,cfad7da2d1df846c43cab7ce7e3c41418edbc6016c98707576c6ae6c21e1e224,M2_FAS_START_SAFE,formal,SHORT,MODERATE,SUCCESS,STOPPED_GOAL,True,False,129,False,0.09896762722643679,0.02480693402593344,0.3927279718084157,0.07820599297904551,0.05644160552443339,0,0,0,0,0,2000.0,2000.0,2.798449612403101,0,0,0,0,0,0,0.01840961235575378,8.392923144972883,902a699e52ca03de7f03d25b1d93c72f9b7b8afc263c1d123c1618e96811ba6b
063_M3_FAS_START_SAFE_DISCRETE_cfad7da2d1df,63,cfad7da2d1df846c43cab7ce7e3c41418edbc6016c98707576c6ae6c21e1e224,M3_FAS_START_SAFE_DISCRETE,formal,SHORT,MODERATE,SUCCESS,STOPPED_GOAL,True,False,129,False,0.09896762722643679,0.02480693402593344,0.3927279718084157,0.07820599297904551,0.05644160552443339,0,0,0,0,0,2000.0,2000.0,2.798449612403101,0,0,0,0,0,0,0.03933880815748124,10.460099806077778,902a699e52ca03de7f03d25b1d93c72f9b7b8afc263c1d123c1618e96811ba6b
063_M4_FAS_START_SAFE_DISCRETE_RECOVERY_cfad7da2d1df,63,cfad7da2d1df846c43cab7ce7e3c41418edbc6016c98707576c6ae6c21e1e224,M4_FAS_START_SAFE_DISCRETE_RECOVERY,formal,SHORT,MODERATE,SUCCESS,STOPPED_GOAL,True,False,129,False,0.09896762722643679,0.02480693402593344,0.3927279718084157,0.07820599297904551,0.05644160552443339,0,0,0,0,0,2000.0,2000.0,2.798449612403101,0,0,0,0,0,0,0.039575697365216905,32.480384320020676,902a699e52ca03de7f03d25b1d93c72f9b7b8afc263c1d123c1618e96811ba6b
064_M0_BOUNDED_SAFER_5557aa7a6dd7,64,5557aa7a6dd77d4ab417c77ae9471c1a54c9c0e5773f2be91f068bd0cd8e232f,M0_BOUNDED_SAFER,formal,MEDIUM,MODERATE,SUCCESS,STOPPED_GOAL,True,False,222,False,0.0954635082320531,0.016408487463361918,0.8924285346585237,0.08872024486977431,0.05340603957494089,0,0,0,0,0,582.5855855855856,582.5855855855856,0.0,0,0,0,0,0,0,0.0063610003737267105,7.538689385983162,902a699e52ca03de7f03d25b1d93c72f9b7b8afc263c1d123c1618e96811ba6b
064_M1_BOUNDED_RISK_AWARE_V1_5557aa7a6dd7,64,5557aa7a6dd77d4ab417c77ae9471c1a54c9c0e5773f2be91f068bd0cd8e232f,M1_BOUNDED_RISK_AWARE_V1,formal,MEDIUM,MODERATE,SUCCESS,STOPPED_GOAL,True,False,222,False,0.0954635082320531,0.016407170648045175,0.8924298514738404,0.08872203574727411,0.05340368397453504,0,0,0,0,0,2000.0,2000.0,11.13963963963964,0,0,0,0,0,0,0.0415505058830604,12.58323801390361,902a699e52ca03de7f03d25b1d93c72f9b7b8afc263c1d123c1618e96811ba6b
064_M2_FAS_START_SAFE_5557aa7a6dd7,64,5557aa7a6dd77d4ab417c77ae9471c1a54c9c0e5773f2be91f068bd0cd8e232f,M2_FAS_START_SAFE,formal,MEDIUM,MODERATE,SUCCESS,STOPPED_GOAL,True,False,222,False,0.0954635082320531,0.016407170648045175,0.8924298514738404,0.08872203574727411,0.05340368397453504,0,0,0,0,0,2000.0,2000.0,11.13963963963964,0,0,0,0,0,0,0.04149866906227544,13.757069210056216,902a699e52ca03de7f03d25b1d93c72f9b7b8afc263c1d123c1618e96811ba6b
064_M3_FAS_START_SAFE_DISCRETE_5557aa7a6dd7,64,5557aa7a6dd77d4ab417c77ae9471c1a54c9c0e5773f2be91f068bd0cd8e232f,M3_FAS_START_SAFE_DISCRETE,formal,MEDIUM,MODERATE,SUCCESS,STOPPED_GOAL,True,False,222,False,0.0954635082320531,0.016407170648045175,0.8924298514738404,0.08872203574727411,0.05340368397453504,0,0,0,0,0,2000.0,2000.0,11.13963963963964,0,0,0,0,0,0,0.04153517243103124,13.94911090307869,902a699e52ca03de7f03d25b1d93c72f9b7b8afc263c1d123c1618e96811ba6b
064_M4_FAS_START_SAFE_DISCRETE_RECOVERY_5557aa7a6dd7,64,5557aa7a6dd77d4ab417c77ae9471c1a54c9c0e5773f2be91f068bd0cd8e232f,M4_FAS_START_SAFE_DISCRETE_RECOVERY,formal,MEDIUM,MODERATE,SUCCESS,STOPPED_GOAL,True,False,222,False,0.0954635082320531,0.016407170648045175,0.8924298514738404,0.08872203574727411,0.05340368397453504,0,0,0,0,0,2000.0,2000.0,11.13963963963964,0,0,0,0,0,0,0.04151088536600582,51.193872238043696,902a699e52ca03de7f03d25b1d93c72f9b7b8afc263c1d123c1618e96811ba6b
065_M0_BOUNDED_SAFER_3391aa6c28de,65,3391aa6c28de8ec23b46fe2940e0e1ef0da7f9e195d7c81e6bf19db614f6b303,M0_BOUNDED_SAFER,formal,LONG,MODERATE,SUCCESS,STOPPED_GOAL,True,False,334,False,0.07259708765305703,0.015525652771093088,1.31170006276802,0.10671561758683931,0.07259708765305703,0,0,0,0,0,79.88323353293413,79.88323353293413,0.0,0,0,0,0,0,0,0.0028562386985868204,7.106105259968899,902a699e52ca03de7f03d25b1d93c72f9b7b8afc263c1d123c1618e96811ba6b
065_M1_BOUNDED_RISK_AWARE_V1_3391aa6c28de,65,3391aa6c28de8ec23b46fe2940e0e1ef0da7f9e195d7c81e6bf19db614f6b303,M1_BOUNDED_RISK_AWARE_V1,formal,LONG,MODERATE,SUCCESS,STOPPED_GOAL,True,False,334,False,0.07259708765305703,0.015530328934927508,1.3116953866041856,0.10671561758683931,0.07259708765305703,0,0,0,0,0,2000.0,2000.0,0.0,0,0,0,0,0,0,0.04016479025012813,15.830891218036413,902a699e52ca03de7f03d25b1d93c72f9b7b8afc263c1d123c1618e96811ba6b
065_M2_FAS_START_SAFE_3391aa6c28de,65,3391aa6c28de8ec23b46fe2940e0e1ef0da7f9e195d7c81e6bf19db614f6b303,M2_FAS_START_SAFE,formal,LONG,MODERATE,SUCCESS,STOPPED_GOAL,True,False,334,False,0.07259708765305703,0.015530328934927508,1.3116953866041856,0.10671561758683931,0.07259708765305703,0,0,0,0,0,2000.0,2000.0,0.0,0,0,0,0,0,0,0.03930018228129484,18.295610266039148,902a699e52ca03de7f03d25b1d93c72f9b7b8afc263c1d123c1618e96811ba6b
065_M3_FAS_START_SAFE_DISCRETE_3391aa6c28de,65,3391aa6c28de8ec23b46fe2940e0e1ef0da7f9e195d7c81e6bf19db614f6b303,M3_FAS_START_SAFE_DISCRETE,formal,LONG,MODERATE,SUCCESS,STOPPED_GOAL,True,False,334,False,0.07259708765305703,0.015530328934927508,1.3116953866041856,0.10671561758683931,0.07259708765305703,0,0,0,0,0,2000.0,2000.0,0.0,0,0,0,0,0,0,0.03943380764103494,18.29330826504156,902a699e52ca03de7f03d25b1d93c72f9b7b8afc263c1d123c1618e96811ba6b
065_M4_FAS_START_SAFE_DISCRETE_RECOVERY_3391aa6c28de,65,3391aa6c28de8ec23b46fe2940e0e1ef0da7f9e195d7c81e6bf19db614f6b303,M4_FAS_START_SAFE_DISCRETE_RECOVERY,formal,LONG,MODERATE,SUCCESS,STOPPED_GOAL,True,False,334,False,0.07259708765305703,0.015530328934927508,1.3116953866041856,0.10671561758683931,0.07259708765305703,0,0,0,0,0,2000.0,2000.0,0.0,0,0,0,0,0,0,0.03926189190824516,76.16001148393843,902a699e52ca03de7f03d25b1d93c72f9b7b8afc263c1d123c1618e96811ba6b
066_M0_BOUNDED_SAFER_3de4ba70a0a7,66,3de4ba70a0a77e5705e8f3ce4d73efe4a983c049e0ea6ae4c887199d33604abe,M0_BOUNDED_SAFER,formal,SHORT,OPEN,SUCCESS,STOPPED_GOAL,True,False,184,False,0.4376777397395193,0.01615416802566491,0.5596658769935955,0.4569156156249,0.42190329234590107,0,0,0,0,0,0.0,0.0,0.0,0,0,0,0,0,0,0.0011749555356800555,6.85658237489406,902a699e52ca03de7f03d25b1d93c72f9b7b8afc263c1d123c1618e96811ba6b
066_M1_BOUNDED_RISK_AWARE_V1_3de4ba70a0a7,66,3de4ba70a0a77e5705e8f3ce4d73efe4a983c049e0ea6ae4c887199d33604abe,M1_BOUNDED_RISK_AWARE_V1,formal,SHORT,OPEN,SUCCESS,STOPPED_GOAL,True,False,184,False,0.4376777397395193,0.016155448100259664,0.5596645969190007,0.45691560286843913,0.4219032795724412,0,0,0,0,0,2000.0,2000.0,0.0,0,0,0,0,0,0,0.037194033025298265,13.25900940503925,902a699e52ca03de7f03d25b1d93c72f9b7b8afc263c1d123c1618e96811ba6b
066_M2_FAS_START_SAFE_3de4ba70a0a7,66,3de4ba70a0a77e5705e8f3ce4d73efe4a983c049e0ea6ae4c887199d33604abe,M2_FAS_START_SAFE,formal,SHORT,OPEN,SUCCESS,STOPPED_GOAL,True,False,184,False,0.4376777397395193,0.016155448100259664,0.5596645969190007,0.45691560286843913,0.4219032795724412,0,0,0,0,0,2000.0,2000.0,0.0,0,0,0,0,0,0,0.037602219433756544,11.951291267992929,902a699e52ca03de7f03d25b1d93c72f9b7b8afc263c1d123c1618e96811ba6b
066_M3_FAS_START_SAFE_DISCRETE_3de4ba70a0a7,66,3de4ba70a0a77e5705e8f3ce4d73efe4a983c049e0ea6ae4c887199d33604abe,M3_FAS_START_SAFE_DISCRETE,formal,SHORT,OPEN,SUCCESS,STOPPED_GOAL,True,False,184,False,0.4376777397395193,0.016155448100259664,0.5596645969190007,0.45691560286843913,0.4219032795724412,0,0,0,0,0,2000.0,2000.0,0.0,0,0,0,0,0,0,0.037005550833418964,9.869391538901255,902a699e52ca03de7f03d25b1d93c72f9b7b8afc263c1d123c1618e96811ba6b
066_M4_FAS_START_SAFE_DISCRETE_RECOVERY_3de4ba70a0a7,66,3de4ba70a0a77e5705e8f3ce4d73efe4a983c049e0ea6ae4c887199d33604abe,M4_FAS_START_SAFE_DISCRETE_RECOVERY,formal,SHORT,OPEN,SUCCESS,STOPPED_GOAL,True,False,184,False,0.4376777397395193,0.016155448100259664,0.5596645969190007,0.45691560286843913,0.4219032795724412,0,0,0,0,0,2000.0,2000.0,0.0,0,0,0,0,0,0,0.037926772673381494,42.746510835015215,902a699e52ca03de7f03d25b1d93c72f9b7b8afc263c1d123c1618e96811ba6b
067_M0_BOUNDED_SAFER_2c18d925e497,67,2c18d925e497ea18183af63dbd7ef0942eb142efa422cd68e0ebab26bdf2912f,M0_BOUNDED_SAFER,formal,MEDIUM,OPEN,SUCCESS,STOPPED_GOAL,True,False,221,False,0.3557272347156327,0.017994174682173146,0.8909223425197338,0.3889170134392198,0.3662359982926626,0,0,0,0,0,0.0,0.0,0.0,0,0,0,0,0,0,0.0011516899103298783,6.406696337042376,902a699e52ca03de7f03d25b1d93c72f9b7b8afc263c1d123c1618e96811ba6b
067_M1_BOUNDED_RISK_AWARE_V1_2c18d925e497,67,2c18d925e497ea18183af63dbd7ef0942eb142efa422cd68e0ebab26bdf2912f,M1_BOUNDED_RISK_AWARE_V1,formal,MEDIUM,OPEN,SUCCESS,STOPPED_GOAL,True,False,221,False,0.3557272347156327,0.017993364692926755,0.8909231525089801,0.3889170347674825,0.36623570756674995,0,0,0,0,0,2000.0,2000.0,0.0,0,0,0,0,0,0,0.03916261799167842,14.34571158606559,902a699e52ca03de7f03d25b1d93c72f9b7b8afc263c1d123c1618e96811ba6b
067_M2_FAS_START_SAFE_2c18d925e497,67,2c18d925e497ea18183af63dbd7ef0942eb142efa422cd68e0ebab26bdf2912f,M2_FAS_START_SAFE,formal,MEDIUM,OPEN,SUCCESS,STOPPED_GOAL,True,False,221,False,0.3557272347156327,0.017993364692926755,0.8909231525089801,0.3889170347674825,0.36623570756674995,0,0,0,0,0,2000.0,2000.0,0.0,0,0,0,0,0,0,0.038925571949221194,13.776575522962958,902a699e52ca03de7f03d25b1d93c72f9b7b8afc263c1d123c1618e96811ba6b
067_M3_FAS_START_SAFE_DISCRETE_2c18d925e497,67,2c18d925e497ea18183af63dbd7ef0942eb142efa422cd68e0ebab26bdf2912f,M3_FAS_START_SAFE_DISCRETE,formal,MEDIUM,OPEN,SUCCESS,STOPPED_GOAL,True,False,221,False,0.3557272347156327,0.017993364692926755,0.8909231525089801,0.3889170347674825,0.36623570756674995,0,0,0,0,0,2000.0,2000.0,0.0,0,0,0,0,0,0,0.01817771198693663,9.846273598028347,902a699e52ca03de7f03d25b1d93c72f9b7b8afc263c1d123c1618e96811ba6b
067_M4_FAS_START_SAFE_DISCRETE_RECOVERY_2c18d925e497,67,2c18d925e497ea18183af63dbd7ef0942eb142efa422cd68e0ebab26bdf2912f,M4_FAS_START_SAFE_DISCRETE_RECOVERY,formal,MEDIUM,OPEN,SUCCESS,STOPPED_GOAL,True,False,221,False,0.3557272347156327,0.017993364692926755,0.8909231525089801,0.3889170347674825,0.36623570756674995,0,0,0,0,0,2000.0,2000.0,0.0,0,0,0,0,0,0,0.03815812501125038,48.664444549009204,902a699e52ca03de7f03d25b1d93c72f9b7b8afc263c1d123c1618e96811ba6b
068_M0_BOUNDED_SAFER_215353a63210,68,215353a632104702b29ff94598f19633acf61ba3a71ffd367b4be97e0940d479,M0_BOUNDED_SAFER,formal,LONG,OPEN,SUCCESS,STOPPED_GOAL,True,False,382,False,0.35650233100348416,0.015906046946613708,1.611641439980624,0.3862526254057109,0.35650233100348416,0,0,0,0,0,0.0,0.0,0.0,0,0,0,0,0,0,0.0006734197144396603,6.9870760180056095,902a699e52ca03de7f03d25b1d93c72f9b7b8afc263c1d123c1618e96811ba6b
068_M1_BOUNDED_RISK_AWARE_V1_215353a63210,68,215353a632104702b29ff94598f19633acf61ba3a71ffd367b4be97e0940d479,M1_BOUNDED_RISK_AWARE_V1,formal,LONG,OPEN,SUCCESS,STOPPED_GOAL,True,False,382,False,0.35650233100348416,0.015910759730295473,1.6116367271969423,0.3862526254057109,0.35650233100348416,0,0,0,0,0,2000.0,2000.0,0.0,0,0,0,0,0,0,0.041344255243893714,19.863915108027868,902a699e52ca03de7f03d25b1d93c72f9b7b8afc263c1d123c1618e96811ba6b
068_M2_FAS_START_SAFE_215353a63210,68,215353a632104702b29ff94598f19633acf61ba3a71ffd367b4be97e0940d479,M2_FAS_START_SAFE,formal,LONG,OPEN,SUCCESS,STOPPED_GOAL,True,False,382,False,0.35650233100348416,0.015910759730295473,1.6116367271969423,0.3862526254057109,0.35650233100348416,0,0,0,0,0,2000.0,2000.0,0.0,0,0,0,0,0,0,0.040524561889469624,20.65390795399435,902a699e52ca03de7f03d25b1d93c72f9b7b8afc263c1d123c1618e96811ba6b
068_M3_FAS_START_SAFE_DISCRETE_215353a63210,68,215353a632104702b29ff94598f19633acf61ba3a71ffd367b4be97e0940d479,M3_FAS_START_SAFE_DISCRETE,formal,LONG,OPEN,SUCCESS,STOPPED_GOAL,True,False,382,False,0.35650233100348416,0.015910759730295473,1.6116367271969423,0.3862526254057109,0.35650233100348416,0,0,0,0,0,2000.0,2000.0,0.0,0,0,0,0,0,0,0.04001761730760336,17.79964074806776,902a699e52ca03de7f03d25b1d93c72f9b7b8afc263c1d123c1618e96811ba6b
068_M4_FAS_START_SAFE_DISCRETE_RECOVERY_215353a63210,68,215353a632104702b29ff94598f19633acf61ba3a71ffd367b4be97e0940d479,M4_FAS_START_SAFE_DISCRETE_RECOVERY,formal,LONG,OPEN,SUCCESS,STOPPED_GOAL,True,False,382,False,0.35650233100348416,0.015910759730295473,1.6116367271969423,0.3862526254057109,0.35650233100348416,0,0,0,0,0,2000.0,2000.0,0.0,0,0,0,0,0,0,0.04033858863986097,87.42734466004185,902a699e52ca03de7f03d25b1d93c72f9b7b8afc263c1d123c1618e96811ba6b
069_M0_BOUNDED_SAFER_d26f9b6ee47f,69,d26f9b6ee47f8e0e8e7d2407f51e41d32d67b328a0240cae877e4dce0513b8b3,M0_BOUNDED_SAFER,formal,SHORT,MODERATE,SUCCESS,STOPPED_GOAL,True,False,154,False,0.06888619105251756,0.01635684336223344,0.5092806391199097,0.07948182466922804,0.0498594064071628,0,0,0,0,0,529.2142857142857,529.2142857142857,0.0,0,0,0,0,0,0,0.004796688025817275,6.6420120489783585,902a699e52ca03de7f03d25b1d93c72f9b7b8afc263c1d123c1618e96811ba6b
069_M1_BOUNDED_RISK_AWARE_V1_d26f9b6ee47f,69,d26f9b6ee47f8e0e8e7d2407f51e41d32d67b328a0240cae877e4dce0513b8b3,M1_BOUNDED_RISK_AWARE_V1,formal,SHORT,MODERATE,SUCCESS,STOPPED_GOAL,True,False,154,False,0.06888619105251756,0.016357290665483543,0.5092801918166596,0.07948132721337403,0.049858907682664516,0,0,0,0,0,2000.0,2000.0,16.474025974025974,0,0,0,0,0,0,0.029800026078009977,9.11803333403077,902a699e52ca03de7f03d25b1d93c72f9b7b8afc263c1d123c1618e96811ba6b
069_M2_FAS_START_SAFE_d26f9b6ee47f,69,d26f9b6ee47f8e0e8e7d2407f51e41d32d67b328a0240cae877e4dce0513b8b3,M2_FAS_START_SAFE,formal,SHORT,MODERATE,SUCCESS,STOPPED_GOAL,True,False,154,False,0.06888619105251756,0.016357290665483543,0.5092801918166596,0.07948132721337403,0.049858907682664516,0,0,0,0,0,2000.0,2000.0,16.474025974025974,0,0,0,0,0,0,0.019747917988570406,9.312351581989788,902a699e52ca03de7f03d25b1d93c72f9b7b8afc263c1d123c1618e96811ba6b
069_M3_FAS_START_SAFE_DISCRETE_d26f9b6ee47f,69,d26f9b6ee47f8e0e8e7d2407f51e41d32d67b328a0240cae877e4dce0513b8b3,M3_FAS_START_SAFE_DISCRETE,formal,SHORT,MODERATE,SUCCESS,STOPPED_GOAL,True,False,154,False,0.06888619105251756,0.016357290665483543,0.5092801918166596,0.07948132721337403,0.049858907682664516,0,0,0,0,0,2000.0,2000.0,16.474025974025974,0,0,0,0,0,0,0.04269667303888127,10.332744816085324,902a699e52ca03de7f03d25b1d93c72f9b7b8afc263c1d123c1618e96811ba6b
069_M4_FAS_START_SAFE_DISCRETE_RECOVERY_d26f9b6ee47f,69,d26f9b6ee47f8e0e8e7d2407f51e41d32d67b328a0240cae877e4dce0513b8b3,M4_FAS_START_SAFE_DISCRETE_RECOVERY,formal,SHORT,MODERATE,SUCCESS,STOPPED_GOAL,True,False,154,False,0.06888619105251756,0.016357290665483543,0.5092801918166596,0.07948132721337403,0.049858907682664516,0,0,0,0,0,2000.0,2000.0,16.474025974025974,0,0,0,0,0,0,0.042979345400817694,39.526336693088524,902a699e52ca03de7f03d25b1d93c72f9b7b8afc263c1d123c1618e96811ba6b
070_M0_BOUNDED_SAFER_56c1f559d1d4,70,56c1f559d1d4e0677eb2aee2737ae42281bd17d595144dd823c46a11ea6df79f,M0_BOUNDED_SAFER,formal,MEDIUM,MODERATE,SUCCESS,STOPPED_GOAL,True,False,192,False,0.15592399140168037,0.025351305920869118,0.8107154512842696,0.1942480265571591,0.15592399140168037,0,0,0,0,0,33.40625,33.40625,0.0,0,0,0,0,0,0,0.0016022492724005126,6.174500536988489,902a699e52ca03de7f03d25b1d93c72f9b7b8afc263c1d123c1618e96811ba6b
070_M1_BOUNDED_RISK_AWARE_V1_56c1f559d1d4,70,56c1f559d1d4e0677eb2aee2737ae42281bd17d595144dd823c46a11ea6df79f,M1_BOUNDED_RISK_AWARE_V1,formal,MEDIUM,MODERATE,SUCCESS,STOPPED_GOAL,True,False,192,False,0.15592399140168037,0.02534596476603206,0.8107207924391067,0.1942480265571591,0.15592399140168037,0,0,0,0,0,2000.0,2000.0,0.0,0,0,0,0,0,0,0.039848014764720566,13.57063064398244,902a699e52ca03de7f03d25b1d93c72f9b7b8afc263c1d123c1618e96811ba6b
070_M2_FAS_START_SAFE_56c1f559d1d4,70,56c1f559d1d4e0677eb2aee2737ae42281bd17d595144dd823c46a11ea6df79f,M2_FAS_START_SAFE,formal,MEDIUM,MODERATE,SUCCESS,STOPPED_GOAL,True,False,192,False,0.15592399140168037,0.02534596476603206,0.8107207924391067,0.1942480265571591,0.15592399140168037,0,0,0,0,0,2000.0,2000.0,0.0,0,0,0,0,0,0,0.03966429578140377,12.89580440800637,902a699e52ca03de7f03d25b1d93c72f9b7b8afc263c1d123c1618e96811ba6b
070_M3_FAS_START_SAFE_DISCRETE_56c1f559d1d4,70,56c1f559d1d4e0677eb2aee2737ae42281bd17d595144dd823c46a11ea6df79f,M3_FAS_START_SAFE_DISCRETE,formal,MEDIUM,MODERATE,SUCCESS,STOPPED_GOAL,True,False,192,False,0.15592399140168037,0.02534596476603206,0.8107207924391067,0.1942480265571591,0.15592399140168037,0,0,0,0,0,2000.0,2000.0,0.0,0,0,0,0,0,0,0.039252155291615055,11.221042102086358,902a699e52ca03de7f03d25b1d93c72f9b7b8afc263c1d123c1618e96811ba6b
070_M4_FAS_START_SAFE_DISCRETE_RECOVERY_56c1f559d1d4,70,56c1f559d1d4e0677eb2aee2737ae42281bd17d595144dd823c46a11ea6df79f,M4_FAS_START_SAFE_DISCRETE_RECOVERY,formal,MEDIUM,MODERATE,SUCCESS,STOPPED_GOAL,True,False,192,False,0.15592399140168037,0.02534596476603206,0.8107207924391067,0.1942480265571591,0.15592399140168037,0,0,0,0,0,2000.0,2000.0,0.0,0,0,0,0,0,0,0.03959431785042397,46.51324624707922,902a699e52ca03de7f03d25b1d93c72f9b7b8afc263c1d123c1618e96811ba6b
071_M0_BOUNDED_SAFER_342fc8572659,71,342fc857265985066b76b16c95cbb9611f9bb69dbca0e398c7f0a69aaef5025b,M0_BOUNDED_SAFER,formal,LONG,MODERATE,SUCCESS,STOPPED_GOAL,True,False,347,False,0.12782143754057532,0.015899085720120356,1.648387740619064,0.15849928184802384,0.12781447849147318,0,0,0,0,0,156.80691642651297,156.80691642651297,0.0,0,0,0,0,0,0,0.0032006993540562682,6.701813883031718,902a699e52ca03de7f03d25b1d93c72f9b7b8afc263c1d123c1618e96811ba6b
071_M1_BOUNDED_RISK_AWARE_V1_342fc8572659,71,342fc857265985066b76b16c95cbb9611f9bb69dbca0e398c7f0a69aaef5025b,M1_BOUNDED_RISK_AWARE_V1,formal,LONG,MODERATE,SUCCESS,STOPPED_GOAL,True,False,347,False,0.12782143754057532,0.015902771896647676,1.6483840544425368,0.15849928184802384,0.1278144754612148,0,0,0,0,0,2000.0,2000.0,0.0,0,0,0,0,0,0,0.03938270669896156,17.726388068986125,902a699e52ca03de7f03d25b1d93c72f9b7b8afc263c1d123c1618e96811ba6b
071_M2_FAS_START_SAFE_342fc8572659,71,342fc857265985066b76b16c95cbb9611f9bb69dbca0e398c7f0a69aaef5025b,M2_FAS_START_SAFE,formal,LONG,MODERATE,SUCCESS,STOPPED_GOAL,True,False,347,False,0.12782143754057532,0.015902771896647676,1.6483840544425368,0.15849928184802384,0.1278144754612148,0,0,0,0,0,2000.0,2000.0,0.0,0,0,0,0,0,0,0.039060486864764245,18.93957646691706,902a699e52ca03de7f03d25b1d93c72f9b7b8afc263c1d123c1618e96811ba6b
071_M3_FAS_START_SAFE_DISCRETE_342fc8572659,71,342fc857265985066b76b16c95cbb9611f9bb69dbca0e398c7f0a69aaef5025b,M3_FAS_START_SAFE_DISCRETE,formal,LONG,MODERATE,SUCCESS,STOPPED_GOAL,True,False,347,False,0.12782143754057532,0.015902771896647676,1.6483840544425368,0.15849928184802384,0.1278144754612148,0,0,0,0,0,2000.0,2000.0,0.0,0,0,0,0,0,0,0.039084544114302844,16.495929602067918,902a699e52ca03de7f03d25b1d93c72f9b7b8afc263c1d123c1618e96811ba6b
071_M4_FAS_START_SAFE_DISCRETE_RECOVERY_342fc8572659,71,342fc857265985066b76b16c95cbb9611f9bb69dbca0e398c7f0a69aaef5025b,M4_FAS_START_SAFE_DISCRETE_RECOVERY,formal,LONG,MODERATE,SUCCESS,STOPPED_GOAL,True,False,347,False,0.12782143754057532,0.015902771896647676,1.6483840544425368,0.15849928184802384,0.1278144754612148,0,0,0,0,0,2000.0,2000.0,0.0,0,0,0,0,0,0,0.03898907890543342,77.24528482102323,902a699e52ca03de7f03d25b1d93c72f9b7b8afc263c1d123c1618e96811ba6b
072_M0_BOUNDED_SAFER_43270b376b25,72,43270b376b2582bec671406e5d0e3c77102c8ca525cab6504beb658db0074196,M0_BOUNDED_SAFER,formal,SHORT,OPEN,SUCCESS,STOPPED_GOAL,True,False,204,False,0.30273068775956136,0.015234488524248108,0.6636682723521008,0.31354172418933934,0.2841065063801034,0,0,0,0,0,0.0,0.0,0.0,0,0,0,0,0,0,0.0011430487618781626,7.068024692940526,902a699e52ca03de7f03d25b1d93c72f9b7b8afc263c1d123c1618e96811ba6b
072_M1_BOUNDED_RISK_AWARE_V1_43270b376b25,72,43270b376b2582bec671406e5d0e3c77102c8ca525cab6504beb658db0074196,M1_BOUNDED_RISK_AWARE_V1,formal,SHORT,OPEN,SUCCESS,STOPPED_GOAL,True,False,204,False,0.30273068775956136,0.015237013772805534,0.6636657471035434,0.3135417430049846,0.28410651653562735,0,0,0,0,0,2000.0,2000.0,0.0,0,0,0,0,0,0,0.03752806984703057,11.066525444039144,902a699e52ca03de7f03d25b1d93c72f9b7b8afc263c1d123c1618e96811ba6b
072_M2_FAS_START_SAFE_43270b376b25,72,43270b376b2582bec671406e5d0e3c77102c8ca525cab6504beb658db0074196,M2_FAS_START_SAFE,formal,SHORT,OPEN,SUCCESS,STOPPED_GOAL,True,False,204,False,0.30273068775956136,0.015237013772805534,0.6636657471035434,0.3135417430049846,0.28410651653562735,0,0,0,0,0,2000.0,2000.0,0.0,0,0,0,0,0,0,0.03807267094962299,11.834737805067562,902a699e52ca03de7f03d25b1d93c72f9b7b8afc263c1d123c1618e96811ba6b
072_M3_FAS_START_SAFE_DISCRETE_43270b376b25,72,43270b376b2582bec671406e5d0e3c77102c8ca525cab6504beb658db0074196,M3_FAS_START_SAFE_DISCRETE,formal,SHORT,OPEN,SUCCESS,STOPPED_GOAL,True,False,204,False,0.30273068775956136,0.015237013772805534,0.6636657471035434,0.3135417430049846,0.28410651653562735,0,0,0,0,0,2000.0,2000.0,0.0,0,0,0,0,0,0,0.03799030738300644,13.814427740988322,902a699e52ca03de7f03d25b1d93c72f9b7b8afc263c1d123c1618e96811ba6b
072_M4_FAS_START_SAFE_DISCRETE_RECOVERY_43270b376b25,72,43270b376b2582bec671406e5d0e3c77102c8ca525cab6504beb658db0074196,M4_FAS_START_SAFE_DISCRETE_RECOVERY,formal,SHORT,OPEN,SUCCESS,STOPPED_GOAL,True,False,204,False,0.30273068775956136,0.015237013772805534,0.6636657471035434,0.3135417430049846,0.28410651653562735,0,0,0,0,0,2000.0,2000.0,0.0,0,0,0,0,0,0,0.038619237876264374,49.48251539398916,902a699e52ca03de7f03d25b1d93c72f9b7b8afc263c1d123c1618e96811ba6b
073_M0_BOUNDED_SAFER_3557f820d92f,73,3557f820d92fbf8d33a27490861e9f4cc96669caae82ccbf621706bdfcee76ba,M0_BOUNDED_SAFER,formal,MEDIUM,OPEN,SUCCESS,STOPPED_GOAL,True,False,237,False,0.31182341060484975,0.011318919730731607,0.9503929377310045,0.3427042962623088,0.30923526523673084,0,0,0,0,0,0.0,0.0,0.0,0,0,0,0,0,0,0.0011783523950725794,9.206434937892482,902a699e52ca03de7f03d25b1d93c72f9b7b8afc263c1d123c1618e96811ba6b
073_M1_BOUNDED_RISK_AWARE_V1_3557f820d92f,73,3557f820d92fbf8d33a27490861e9f4cc96669caae82ccbf621706bdfcee76ba,M1_BOUNDED_RISK_AWARE_V1,formal,MEDIUM,OPEN,SUCCESS,STOPPED_GOAL,True,False,237,False,0.31182341060484975,0.011316833127991125,0.950395024333745,0.3427043446408462,0.3092352997695341,0,0,0,0,0,2000.0,2000.0,0.0,0,0,0,0,0,0,0.040613071387633676,14.609909705002792,902a699e52ca03de7f03d25b1d93c72f9b7b8afc263c1d123c1618e96811ba6b
073_M2_FAS_START_SAFE_3557f820d92f,73,3557f820d92fbf8d33a27490861e9f4cc96669caae82ccbf621706bdfcee76ba,M2_FAS_START_SAFE,formal,MEDIUM,OPEN,SUCCESS,STOPPED_GOAL,True,False,237,False,0.31182341060484975,0.011316833127991125,0.950395024333745,0.3427043446408462,0.3092352997695341,0,0,0,0,0,2000.0,2000.0,0.0,0,0,0,0,0,0,0.06796801527962087,15.416583424899727,902a699e52ca03de7f03d25b1d93c72f9b7b8afc263c1d123c1618e96811ba6b
073_M3_FAS_START_SAFE_DISCRETE_3557f820d92f,73,3557f820d92fbf8d33a27490861e9f4cc96669caae82ccbf621706bdfcee76ba,M3_FAS_START_SAFE_DISCRETE,formal,MEDIUM,OPEN,SUCCESS,STOPPED_GOAL,True,False,237,False,0.31182341060484975,0.011316833127991125,0.950395024333745,0.3427043446408462,0.3092352997695341,0,0,0,0,0,2000.0,2000.0,0.0,0,0,0,0,0,0,0.039227654365822665,15.025879182037897,902a699e52ca03de7f03d25b1d93c72f9b7b8afc263c1d123c1618e96811ba6b
073_M4_FAS_START_SAFE_DISCRETE_RECOVERY_3557f820d92f,73,3557f820d92fbf8d33a27490861e9f4cc96669caae82ccbf621706bdfcee76ba,M4_FAS_START_SAFE_DISCRETE_RECOVERY,formal,MEDIUM,OPEN,SUCCESS,STOPPED_GOAL,True,False,237,False,0.31182341060484975,0.011316833127991125,0.950395024333745,0.3427043446408462,0.3092352997695341,0,0,0,0,0,2000.0,2000.0,0.0,0,0,0,0,0,0,0.04028094126842916,56.886516236001626,902a699e52ca03de7f03d25b1d93c72f9b7b8afc263c1d123c1618e96811ba6b
074_M0_BOUNDED_SAFER_24f8aad01d58,74,24f8aad01d58b86e18ffb4c258565a7fd6edae24e03fd8c46c8d761674b85860,M0_BOUNDED_SAFER,formal,LONG,OPEN,SUCCESS,STOPPED_GOAL,True,False,333,False,0.30791422488638,0.015911814297545634,1.362408923459495,0.3511970376738185,0.31616872571693344,0,0,0,0,0,0.0,0.0,0.0,0,0,0,0,0,0,0.0011322621256113052,7.037404738017358,902a699e52ca03de7f03d25b1d93c72f9b7b8afc263c1d123c1618e96811ba6b
074_M1_BOUNDED_RISK_AWARE_V1_24f8aad01d58,74,24f8aad01d58b86e18ffb4c258565a7fd6edae24e03fd8c46c8d761674b85860,M1_BOUNDED_RISK_AWARE_V1,formal,LONG,OPEN,SUCCESS,STOPPED_GOAL,True,False,333,False,0.30791422488638,0.015916377834825562,1.362404359922215,0.35119699916991454,0.3161686923499253,0,0,0,0,0,2000.0,2000.0,0.0,0,0,0,0,0,0,0.04353770234156399,18.696080702007748,902a699e52ca03de7f03d25b1d93c72f9b7b8afc263c1d123c1618e96811ba6b
074_M2_FAS_START_SAFE_24f8aad01d58,74,24f8aad01d58b86e18ffb4c258565a7fd6edae24e03fd8c46c8d761674b85860,M2_FAS_START_SAFE,formal,LONG,OPEN,SUCCESS,STOPPED_GOAL,True,False,333,False,0.30791422488638,0.015916377834825562,1.362404359922215,0.35119699916991454,0.3161686923499253,0,0,0,0,0,2000.0,2000.0,0.0,0,0,0,0,0,0,0.03997229838278145,18.222368414048105,902a699e52ca03de7f03d25b1d93c72f9b7b8afc263c1d123c1618e96811ba6b
074_M3_FAS_START_SAFE_DISCRETE_24f8aad01d58,74,24f8aad01d58b86e18ffb4c258565a7fd6edae24e03fd8c46c8d761674b85860,M3_FAS_START_SAFE_DISCRETE,formal,LONG,OPEN,SUCCESS,STOPPED_GOAL,True,False,333,False,0.30791422488638,0.015916377834825562,1.362404359922215,0.35119699916991454,0.3161686923499253,0,0,0,0,0,2000.0,2000.0,0.0,0,0,0,0,0,0,0.04950903197750429,17.972041458939202,902a699e52ca03de7f03d25b1d93c72f9b7b8afc263c1d123c1618e96811ba6b
074_M4_FAS_START_SAFE_DISCRETE_RECOVERY_24f8aad01d58,74,24f8aad01d58b86e18ffb4c258565a7fd6edae24e03fd8c46c8d761674b85860,M4_FAS_START_SAFE_DISCRETE_RECOVERY,formal,LONG,OPEN,SUCCESS,STOPPED_GOAL,True,False,333,False,0.30791422488638,0.015916377834825562,1.362404359922215,0.35119699916991454,0.3161686923499253,0,0,0,0,0,2000.0,2000.0,0.0,0,0,0,0,0,0,0.040714689367450776,77.94175303098746,902a699e52ca03de7f03d25b1d93c72f9b7b8afc263c1d123c1618e96811ba6b
075_M0_BOUNDED_SAFER_d63dde26a62c,75,d63dde26a62cb85c14e56cd23d4152c460bb09f32e63e9b71061cc0ee98df7bc,M0_BOUNDED_SAFER,formal,SHORT,MODERATE,SUCCESS,STOPPED_GOAL,True,False,176,False,0.15772244505048236,0.01642727453976539,0.5797479841766178,0.1503068190080145,0.11451379876240583,0,0,0,0,0,151.91477272727272,151.91477272727272,0.0,0,0,0,0,0,0,0.002924972795881331,6.698338142014109,902a699e52ca03de7f03d25b1d93c72f9b7b8afc263c1d123c1618e96811ba6b
075_M1_BOUNDED_RISK_AWARE_V1_d63dde26a62c,75,d63dde26a62cb85c14e56cd23d4152c460bb09f32e63e9b71061cc0ee98df7bc,M1_BOUNDED_RISK_AWARE_V1,formal,SHORT,MODERATE,SUCCESS,STOPPED_GOAL,True,False,176,False,0.15772244505048236,0.01642849351347071,0.5797467652029125,0.15030631459739988,0.1145135087037012,0,0,0,0,0,2000.0,2000.0,0.0,0,0,0,0,0,0,0.04001011425862089,13.26438515202608,902a699e52ca03de7f03d25b1d93c72f9b7b8afc263c1d123c1618e96811ba6b
075_M2_FAS_START_SAFE_d63dde26a62c,75,d63dde26a62cb85c14e56cd23d4152c460bb09f32e63e9b71061cc0ee98df7bc,M2_FAS_START_SAFE,formal,SHORT,MODERATE,SUCCESS,STOPPED_GOAL,True,False,176,False,0.15772244505048236,0.01642849351347071,0.5797467652029125,0.15030631459739988,0.1145135087037012,0,0,0,0,0,2000.0,2000.0,0.0,0,0,0,0,0,0,0.03892190920305438,10.354877106030472,902a699e52ca03de7f03d25b1d93c72f9b7b8afc263c1d123c1618e96811ba6b
075_M3_FAS_START_SAFE_DISCRETE_d63dde26a62c,75,d63dde26a62cb85c14e56cd23d4152c460bb09f32e63e9b71061cc0ee98df7bc,M3_FAS_START_SAFE_DISCRETE,formal,SHORT,MODERATE,SUCCESS,STOPPED_GOAL,True,False,176,False,0.15772244505048236,0.01642849351347071,0.5797467652029125,0.15030631459739988,0.1145135087037012,0,0,0,0,0,2000.0,2000.0,0.0,0,0,0,0,0,0,0.037996448430931196,11.168628875981085,902a699e52ca03de7f03d25b1d93c72f9b7b8afc263c1d123c1618e96811ba6b
075_M4_FAS_START_SAFE_DISCRETE_RECOVERY_d63dde26a62c,75,d63dde26a62cb85c14e56cd23d4152c460bb09f32e63e9b71061cc0ee98df7bc,M4_FAS_START_SAFE_DISCRETE_RECOVERY,formal,SHORT,MODERATE,SUCCESS,STOPPED_GOAL,True,False,176,False,0.15772244505048236,0.01642849351347071,0.5797467652029125,0.15030631459739988,0.1145135087037012,0,0,0,0,0,2000.0,2000.0,0.0,0,0,0,0,0,0,0.040618529805215076,44.11475829803385,902a699e52ca03de7f03d25b1d93c72f9b7b8afc263c1d123c1618e96811ba6b
076_M0_BOUNDED_SAFER_58b00002e3c6,76,58b00002e3c686fa6aaf80cd1b16253109ee2d029286b17b4b0bc9dd70621a02,M0_BOUNDED_SAFER,formal,MEDIUM,MODERATE,SUCCESS,STOPPED_GOAL,True,False,263,False,0.06888619105251756,0.016420828877640577,0.9745828420653128,0.08843561388885027,0.050763118385963785,0,0,0,0,0,675.5285171102662,675.5285171102662,0.0,0,0,0,0,0,0,0.004547801427543163,7.844774750992656,902a699e52ca03de7f03d25b1d93c72f9b7b8afc263c1d123c1618e96811ba6b
076_M1_BOUNDED_RISK_AWARE_V1_58b00002e3c6,76,58b00002e3c686fa6aaf80cd1b16253109ee2d029286b17b4b0bc9dd70621a02,M1_BOUNDED_RISK_AWARE_V1,formal,MEDIUM,MODERATE,SUCCESS,STOPPED_GOAL,True,False,263,False,0.06888619105251756,0.01641940739176007,0.9745842635511933,0.08843708952129264,0.05076497896214194,0,0,0,0,0,2000.0,2000.0,37.31558935361217,0,0,0,0,0,0,0.04215215934673324,16.037140260916203,902a699e52ca03de7f03d25b1d93c72f9b7b8afc263c1d123c1618e96811ba6b
076_M2_FAS_START_SAFE_58b00002e3c6,76,58b00002e3c686fa6aaf80cd1b16253109ee2d029286b17b4b0bc9dd70621a02,M2_FAS_START_SAFE,formal,MEDIUM,MODERATE,SUCCESS,STOPPED_GOAL,True,False,263,False,0.06888619105251756,0.01641940739176007,0.9745842635511933,0.08843708952129264,0.05076497896214194,0,0,0,0,0,2000.0,2000.0,37.31558935361217,0,0,0,0,0,0,0.04264724634122103,14.010202049044892,902a699e52ca03de7f03d25b1d93c72f9b7b8afc263c1d123c1618e96811ba6b
076_M3_FAS_START_SAFE_DISCRETE_58b00002e3c6,76,58b00002e3c686fa6aaf80cd1b16253109ee2d029286b17b4b0bc9dd70621a02,M3_FAS_START_SAFE_DISCRETE,formal,MEDIUM,MODERATE,SUCCESS,STOPPED_GOAL,True,False,263,False,0.06888619105251756,0.01641940739176007,0.9745842635511933,0.08843708952129264,0.05076497896214194,0,0,0,0,0,2000.0,2000.0,37.31558935361217,0,0,0,0,0,0,0.04276908710598946,15.33337583602406,902a699e52ca03de7f03d25b1d93c72f9b7b8afc263c1d123c1618e96811ba6b
076_M4_FAS_START_SAFE_DISCRETE_RECOVERY_58b00002e3c6,76,58b00002e3c686fa6aaf80cd1b16253109ee2d029286b17b4b0bc9dd70621a02,M4_FAS_START_SAFE_DISCRETE_RECOVERY,formal,MEDIUM,MODERATE,SUCCESS,STOPPED_GOAL,True,False,263,False,0.06888619105251756,0.01641940739176007,0.9745842635511933,0.08843708952129264,0.05076497896214194,0,0,0,0,0,2000.0,2000.0,37.31558935361217,0,0,0,0,0,0,0.04167041012551635,63.25691282306798,902a699e52ca03de7f03d25b1d93c72f9b7b8afc263c1d123c1618e96811ba6b
077_M0_BOUNDED_SAFER_343f7f988cbf,77,343f7f988cbff9b378ad40d229e86aa7cbbd03ff25fcdc290272a7836e2f32a4,M0_BOUNDED_SAFER,formal,LONG,MODERATE,SUCCESS,STOPPED_GOAL,True,False,351,False,0.12781965670803466,0.019416992421681774,1.8297342442990334,0.14825870875526626,0.1106314354071872,0,0,0,0,0,242.27635327635326,242.27635327635326,0.0,0,0,0,0,0,0,0.003989956458099186,7.497494064969942,902a699e52ca03de7f03d25b1d93c72f9b7b8afc263c1d123c1618e96811ba6b
077_M1_BOUNDED_RISK_AWARE_V1_343f7f988cbf,77,343f7f988cbff9b378ad40d229e86aa7cbbd03ff25fcdc290272a7836e2f32a4,M1_BOUNDED_RISK_AWARE_V1,formal,LONG,MODERATE,SUCCESS,STOPPED_GOAL,True,False,351,False,0.12781965670803466,0.019418189324968707,1.8297330473957465,0.1482581271649195,0.11063077781890979,0,0,0,0,0,2000.0,2000.0,0.0,0,0,0,0,0,0,0.04927521344507113,20.058364436030388,902a699e52ca03de7f03d25b1d93c72f9b7b8afc263c1d123c1618e96811ba6b
077_M2_FAS_START_SAFE_343f7f988cbf,77,343f7f988cbff9b378ad40d229e86aa7cbbd03ff25fcdc290272a7836e2f32a4,M2_FAS_START_SAFE,formal,LONG,MODERATE,SUCCESS,STOPPED_GOAL,True,False,351,False,0.12781965670803466,0.019418189324968707,1.8297330473957465,0.1482581271649195,0.11063077781890979,0,0,0,0,0,2000.0,2000.0,0.0,0,0,0,0,0,0,0.040654318989254534,19.430764848017134,902a699e52ca03de7f03d25b1d93c72f9b7b8afc263c1d123c1618e96811ba6b
077_M3_FAS_START_SAFE_DISCRETE_343f7f988cbf,77,343f7f988cbff9b378ad40d229e86aa7cbbd03ff25fcdc290272a7836e2f32a4,M3_FAS_START_SAFE_DISCRETE,formal,LONG,MODERATE,SUCCESS,STOPPED_GOAL,True,False,351,False,0.12781965670803466,0.019418189324968707,1.8297330473957465,0.1482581271649195,0.11063077781890979,0,0,0,0,0,2000.0,2000.0,0.0,0,0,0,0,0,0,0.047020158963277936,17.586811612942256,902a699e52ca03de7f03d25b1d93c72f9b7b8afc263c1d123c1618e96811ba6b
077_M4_FAS_START_SAFE_DISCRETE_RECOVERY_343f7f988cbf,77,343f7f988cbff9b378ad40d229e86aa7cbbd03ff25fcdc290272a7836e2f32a4,M4_FAS_START_SAFE_DISCRETE_RECOVERY,formal,LONG,MODERATE,SUCCESS,STOPPED_GOAL,True,False,351,False,0.12781965670803466,0.019418189324968707,1.8297330473957465,0.1482581271649195,0.11063077781890979,0,0,0,0,0,2000.0,2000.0,0.0,0,0,0,0,0,0,0.040918819955550134,82.22744030994363,902a699e52ca03de7f03d25b1d93c72f9b7b8afc263c1d123c1618e96811ba6b
078_M0_BOUNDED_SAFER_503073ac84a1,78,503073ac84a1a6af14abf1f700a8e10890d240fc185378af18dbfa8ca8d6b272,M0_BOUNDED_SAFER,formal,SHORT,OPEN,SUCCESS,STOPPED_GOAL,True,False,167,False,0.3478143338727653,0.016860936182182786,0.5107416463012064,0.3850475672976009,0.34804636627337837,0,0,0,0,0,0.0,0.0,0.0,0,0,0,0,0,0,0.000686702411621809,6.585550104966387,902a699e52ca03de7f03d25b1d93c72f9b7b8afc263c1d123c1618e96811ba6b
078_M1_BOUNDED_RISK_AWARE_V1_503073ac84a1,78,503073ac84a1a6af14abf1f700a8e10890d240fc185378af18dbfa8ca8d6b272,M1_BOUNDED_RISK_AWARE_V1,formal,SHORT,OPEN,SUCCESS,STOPPED_GOAL,True,False,167,False,0.3478143338727653,0.016863528097777927,0.5107390543856113,0.3850479763409037,0.3480464427023384,0,0,0,0,0,2000.0,2000.0,0.0,0,0,0,0,0,0,0.03783585572382435,10.15081588900648,902a699e52ca03de7f03d25b1d93c72f9b7b8afc263c1d123c1618e96811ba6b
078_M2_FAS_START_SAFE_503073ac84a1,78,503073ac84a1a6af14abf1f700a8e10890d240fc185378af18dbfa8ca8d6b272,M2_FAS_START_SAFE,formal,SHORT,OPEN,SUCCESS,STOPPED_GOAL,True,False,167,False,0.3478143338727653,0.016863528097777927,0.5107390543856113,0.3850479763409037,0.3480464427023384,0,0,0,0,0,2000.0,2000.0,0.0,0,0,0,0,0,0,0.037165676685981454,10.37562683399301,902a699e52ca03de7f03d25b1d93c72f9b7b8afc263c1d123c1618e96811ba6b
078_M3_FAS_START_SAFE_DISCRETE_503073ac84a1,78,503073ac84a1a6af14abf1f700a8e10890d240fc185378af18dbfa8ca8d6b272,M3_FAS_START_SAFE_DISCRETE,formal,SHORT,OPEN,SUCCESS,STOPPED_GOAL,True,False,167,False,0.3478143338727653,0.016863528097777927,0.5107390543856113,0.3850479763409037,0.3480464427023384,0,0,0,0,0,2000.0,2000.0,0.0,0,0,0,0,0,0,0.03919126259861514,11.426206258009188,902a699e52ca03de7f03d25b1d93c72f9b7b8afc263c1d123c1618e96811ba6b
078_M4_FAS_START_SAFE_DISCRETE_RECOVERY_503073ac84a1,78,503073ac84a1a6af14abf1f700a8e10890d240fc185378af18dbfa8ca8d6b272,M4_FAS_START_SAFE_DISCRETE_RECOVERY,formal,SHORT,OPEN,SUCCESS,STOPPED_GOAL,True,False,167,False,0.3478143338727653,0.016863528097777927,0.5107390543856113,0.3850479763409037,0.3480464427023384,0,0,0,0,0,2000.0,2000.0,0.0,0,0,0,0,0,0,0.039329768007155506,40.58112968807109,902a699e52ca03de7f03d25b1d93c72f9b7b8afc263c1d123c1618e96811ba6b
079_M0_BOUNDED_SAFER_3e77de847960,79,3e77de84796027122cc6e967117b61b960edd158882ae9afea628bb91a585a72,M0_BOUNDED_SAFER,formal,MEDIUM,OPEN,SUCCESS,STOPPED_GOAL,True,False,254,False,0.5815890920335477,0.016406633557046066,1.0127106053237707,0.5737584405183214,0.5363164201875682,0,0,0,0,0,0.0,0.0,0.0,0,0,0,0,0,0,0.0006337158265523612,6.6500968099571764,902a699e52ca03de7f03d25b1d93c72f9b7b8afc263c1d123c1618e96811ba6b
079_M1_BOUNDED_RISK_AWARE_V1_3e77de847960,79,3e77de84796027122cc6e967117b61b960edd158882ae9afea628bb91a585a72,M1_BOUNDED_RISK_AWARE_V1,formal,MEDIUM,OPEN,SUCCESS,STOPPED_GOAL,True,False,254,False,0.5815890920335477,0.01640970804010656,1.01270753084071,0.5737607463036796,0.5363188912997601,0,0,0,0,0,2000.0,2000.0,0.0,0,0,0,0,0,0,0.038329909002641216,12.775498104048893,902a699e52ca03de7f03d25b1d93c72f9b7b8afc263c1d123c1618e96811ba6b
079_M2_FAS_START_SAFE_3e77de847960,79,3e77de84796027122cc6e967117b61b960edd158882ae9afea628bb91a585a72,M2_FAS_START_SAFE,formal,MEDIUM,OPEN,SUCCESS,STOPPED_GOAL,True,False,254,False,0.5815890920335477,0.01640970804010656,1.01270753084071,0.5737607463036796,0.5363188912997601,0,0,0,0,0,2000.0,2000.0,0.0,0,0,0,0,0,0,0.03893379981163889,14.782487288932316,902a699e52ca03de7f03d25b1d93c72f9b7b8afc263c1d123c1618e96811ba6b
079_M3_FAS_START_SAFE_DISCRETE_3e77de847960,79,3e77de84796027122cc6e967117b61b960edd158882ae9afea628bb91a585a72,M3_FAS_START_SAFE_DISCRETE,formal,MEDIUM,OPEN,SUCCESS,STOPPED_GOAL,True,False,254,False,0.5815890920335477,0.01640970804010656,1.01270753084071,0.5737607463036796,0.5363188912997601,0,0,0,0,0,2000.0,2000.0,0.0,0,0,0,0,0,0,0.038664006162434816,12.728578881011344,902a699e52ca03de7f03d25b1d93c72f9b7b8afc263c1d123c1618e96811ba6b
079_M4_FAS_START_SAFE_DISCRETE_RECOVERY_3e77de847960,79,3e77de84796027122cc6e967117b61b960edd158882ae9afea628bb91a585a72,M4_FAS_START_SAFE_DISCRETE_RECOVERY,formal,MEDIUM,OPEN,SUCCESS,STOPPED_GOAL,True,False,254,False,0.5815890920335477,0.01640970804010656,1.01270753084071,0.5737607463036796,0.5363188912997601,0,0,0,0,0,2000.0,2000.0,0.0,0,0,0,0,0,0,0.03833314751391299,59.18982396600768,902a699e52ca03de7f03d25b1d93c72f9b7b8afc263c1d123c1618e96811ba6b
080_M0_BOUNDED_SAFER_273846041f40,80,273846041f4012c55c25f33c1a0c7c3085e2619696df9cbf02ee3164f53a6ba8,M0_BOUNDED_SAFER,formal,LONG,OPEN,SUCCESS,STOPPED_GOAL,True,False,344,False,0.22013749936154367,0.01566514102513836,1.361430569863621,0.1960523500309808,0.1748070596167318,0,0,0,0,0,38.93313953488372,38.93313953488372,0.0,0,0,0,0,0,0,0.0017243795737158505,6.7702303669648245,902a699e52ca03de7f03d25b1d93c72f9b7b8afc263c1d123c1618e96811ba6b
080_M1_BOUNDED_RISK_AWARE_V1_273846041f40,80,273846041f4012c55c25f33c1a0c7c3085e2619696df9cbf02ee3164f53a6ba8,M1_BOUNDED_RISK_AWARE_V1,formal,LONG,OPEN,SUCCESS,STOPPED_GOAL,True,False,344,False,0.22013749936154367,0.01566887817776426,1.361426832710995,0.19605242157029715,0.17480713111861698,0,0,0,0,0,2000.0,2000.0,0.0,0,0,0,0,0,0,0.03964337728102691,17.15364456002135,902a699e52ca03de7f03d25b1d93c72f9b7b8afc263c1d123c1618e96811ba6b
080_M2_FAS_START_SAFE_273846041f40,80,273846041f4012c55c25f33c1a0c7c3085e2619696df9cbf02ee3164f53a6ba8,M2_FAS_START_SAFE,formal,LONG,OPEN,SUCCESS,STOPPED_GOAL,True,False,344,False,0.22013749936154367,0.01566887817776426,1.361426832710995,0.19605242157029715,0.17480713111861698,0,0,0,0,0,2000.0,2000.0,0.0,0,0,0,0,0,0,0.049379634746583155,18.62231731391512,902a699e52ca03de7f03d25b1d93c72f9b7b8afc263c1d123c1618e96811ba6b
080_M3_FAS_START_SAFE_DISCRETE_273846041f40,80,273846041f4012c55c25f33c1a0c7c3085e2619696df9cbf02ee3164f53a6ba8,M3_FAS_START_SAFE_DISCRETE,formal,LONG,OPEN,SUCCESS,STOPPED_GOAL,True,False,344,False,0.22013749936154367,0.01566887817776426,1.361426832710995,0.19605242157029715,0.17480713111861698,0,0,0,0,0,2000.0,2000.0,0.0,0,0,0,0,0,0,0.038975265191402285,18.820355521980673,902a699e52ca03de7f03d25b1d93c72f9b7b8afc263c1d123c1618e96811ba6b
080_M4_FAS_START_SAFE_DISCRETE_RECOVERY_273846041f40,80,273846041f4012c55c25f33c1a0c7c3085e2619696df9cbf02ee3164f53a6ba8,M4_FAS_START_SAFE_DISCRETE_RECOVERY,formal,LONG,OPEN,SUCCESS,STOPPED_GOAL,True,False,344,False,0.22013749936154367,0.01566887817776426,1.361426832710995,0.19605242157029715,0.17480713111861698,0,0,0,0,0,2000.0,2000.0,0.0,0,0,0,0,0,0,0.039140387671068304,77.86657259007916,902a699e52ca03de7f03d25b1d93c72f9b7b8afc263c1d123c1618e96811ba6b
081_M0_BOUNDED_SAFER_f1906a4837d4,81,f1906a4837d4208af321c02e8f95b30abbee4d4413fb9ab0b437684a259c8d98,M0_BOUNDED_SAFER,formal,SHORT,MODERATE,SUCCESS,STOPPED_GOAL,True,False,210,False,0.13323968095715502,0.016179541910468942,0.6896624311291346,0.15888334504516752,0.13454332962705493,0,0,0,0,0,325.8142857142857,325.8142857142857,0.0,0,0,0,0,0,0,0.003014547104248777,7.414440180058591,902a699e52ca03de7f03d25b1d93c72f9b7b8afc263c1d123c1618e96811ba6b
081_M1_BOUNDED_RISK_AWARE_V1_f1906a4837d4,81,f1906a4837d4208af321c02e8f95b30abbee4d4413fb9ab0b437684a259c8d98,M1_BOUNDED_RISK_AWARE_V1,formal,SHORT,MODERATE,SUCCESS,STOPPED_GOAL,True,False,210,False,0.13323968095715502,0.016179168751048727,0.6896628042885549,0.15888332387590495,0.13454331860304483,0,0,0,0,0,2000.0,2000.0,0.0,0,0,0,0,0,0,0.045620908518321804,14.016180361039005,902a699e52ca03de7f03d25b1d93c72f9b7b8afc263c1d123c1618e96811ba6b
081_M2_FAS_START_SAFE_f1906a4837d4,81,f1906a4837d4208af321c02e8f95b30abbee4d4413fb9ab0b437684a259c8d98,M2_FAS_START_SAFE,formal,SHORT,MODERATE,SUCCESS,STOPPED_GOAL,True,False,210,False,0.13323968095715502,0.016179168751048727,0.6896628042885549,0.15888332387590495,0.13454331860304483,0,0,0,0,0,2000.0,2000.0,0.0,0,0,0,0,0,0,0.04293951960862613,13.999292969936505,902a699e52ca03de7f03d25b1d93c72f9b7b8afc263c1d123c1618e96811ba6b
081_M3_FAS_START_SAFE_DISCRETE_f1906a4837d4,81,f1906a4837d4208af321c02e8f95b30abbee4d4413fb9ab0b437684a259c8d98,M3_FAS_START_SAFE_DISCRETE,formal,SHORT,MODERATE,SUCCESS,STOPPED_GOAL,True,False,210,False,0.13323968095715502,0.016179168751048727,0.6896628042885549,0.15888332387590495,0.13454331860304483,0,0,0,0,0,2000.0,2000.0,0.0,0,0,0,0,0,0,0.0426192612037994,13.759763620910235,902a699e52ca03de7f03d25b1d93c72f9b7b8afc263c1d123c1618e96811ba6b
081_M4_FAS_START_SAFE_DISCRETE_RECOVERY_f1906a4837d4,81,f1906a4837d4208af321c02e8f95b30abbee4d4413fb9ab0b437684a259c8d98,M4_FAS_START_SAFE_DISCRETE_RECOVERY,formal,SHORT,MODERATE,SUCCESS,STOPPED_GOAL,True,False,210,False,0.13323968095715502,0.016179168751048727,0.6896628042885549,0.15888332387590495,0.13454331860304483,0,0,0,0,0,2000.0,2000.0,0.0,0,0,0,0,0,0,0.042965867038583384,53.00334496598225,902a699e52ca03de7f03d25b1d93c72f9b7b8afc263c1d123c1618e96811ba6b
082_M0_BOUNDED_SAFER_5ed090924439,82,5ed090924439d40c94ef25b80a18a2484218c33811b79d7f3289bf5175b611b8,M0_BOUNDED_SAFER,formal,MEDIUM,MODERATE,SUCCESS,STOPPED_GOAL,True,False,255,False,0.12782143754057532,0.015413269517612904,0.9321558303118519,0.15849928184802384,0.12781447849147318,0,0,0,0,0,257.93333333333334,257.93333333333334,0.0,0,0,0,0,0,0,0.0031936080660670985,6.965002041077241,902a699e52ca03de7f03d25b1d93c72f9b7b8afc263c1d123c1618e96811ba6b
082_M1_BOUNDED_RISK_AWARE_V1_5ed090924439,82,5ed090924439d40c94ef25b80a18a2484218c33811b79d7f3289bf5175b611b8,M1_BOUNDED_RISK_AWARE_V1,formal,MEDIUM,MODERATE,SUCCESS,STOPPED_GOAL,True,False,255,False,0.12782143754057532,0.015415101176767634,0.9321539986526972,0.15849928184802384,0.1278144754612148,0,0,0,0,0,2000.0,2000.0,0.0,0,0,0,0,0,0,0.040984371001832186,14.333105982048437,902a699e52ca03de7f03d25b1d93c72f9b7b8afc263c1d123c1618e96811ba6b
082_M2_FAS_START_SAFE_5ed090924439,82,5ed090924439d40c94ef25b80a18a2484218c33811b79d7f3289bf5175b611b8,M2_FAS_START_SAFE,formal,MEDIUM,MODERATE,SUCCESS,STOPPED_GOAL,True,False,255,False,0.12782143754057532,0.015415101176767634,0.9321539986526972,0.15849928184802384,0.1278144754612148,0,0,0,0,0,2000.0,2000.0,0.0,0,0,0,0,0,0,0.04132428177399561,13.724876786000095,902a699e52ca03de7f03d25b1d93c72f9b7b8afc263c1d123c1618e96811ba6b
082_M3_FAS_START_SAFE_DISCRETE_5ed090924439,82,5ed090924439d40c94ef25b80a18a2484218c33811b79d7f3289bf5175b611b8,M3_FAS_START_SAFE_DISCRETE,formal,MEDIUM,MODERATE,SUCCESS,STOPPED_GOAL,True,False,255,False,0.12782143754057532,0.015415101176767634,0.9321539986526972,0.15849928184802384,0.1278144754612148,0,0,0,0,0,2000.0,2000.0,0.0,0,0,0,0,0,0,0.03798952703364193,12.261551497038454,902a699e52ca03de7f03d25b1d93c72f9b7b8afc263c1d123c1618e96811ba6b
082_M4_FAS_START_SAFE_DISCRETE_RECOVERY_5ed090924439,82,5ed090924439d40c94ef25b80a18a2484218c33811b79d7f3289bf5175b611b8,M4_FAS_START_SAFE_DISCRETE_RECOVERY,formal,MEDIUM,MODERATE,SUCCESS,STOPPED_GOAL,True,False,255,False,0.12782143754057532,0.015415101176767634,0.9321539986526972,0.15849928184802384,0.1278144754612148,0,0,0,0,0,2000.0,2000.0,0.0,0,0,0,0,0,0,0.041583624167833476,59.943859088933095,902a699e52ca03de7f03d25b1d93c72f9b7b8afc263c1d123c1618e96811ba6b
083_M0_BOUNDED_SAFER_3a2eabee0ea2,83,3a2eabee0ea2d5ee604f23b220f5206939e5f41e8e3d5d6f6a04e26aa7a03726,M0_BOUNDED_SAFER,formal,LONG,MODERATE,SUCCESS,STOPPED_GOAL,True,False,387,False,0.06781733102845419,0.015778859106409415,1.79139767308446,0.08859743568403056,0.06782945928758927,0,0,0,0,0,184.5064599483204,184.5064599483204,0.0,0,0,0,0,0,0,0.003809031844139099,7.099606149015017,902a699e52ca03de7f03d25b1d93c72f9b7b8afc263c1d123c1618e96811ba6b
083_M1_BOUNDED_RISK_AWARE_V1_3a2eabee0ea2,83,3a2eabee0ea2d5ee604f23b220f5206939e5f41e8e3d5d6f6a04e26aa7a03726,M1_BOUNDED_RISK_AWARE_V1,formal,LONG,MODERATE,SUCCESS,STOPPED_GOAL,True,False,387,False,0.06781733102845419,0.01579160689377336,1.7913849252970961,0.08859736961136094,0.06782946609464577,0,0,0,0,0,2000.0,2000.0,1.3126614987080103,0,0,0,0,0,0,0.03731066084001213,19.688603037968278,902a699e52ca03de7f03d25b1d93c72f9b7b8afc263c1d123c1618e96811ba6b
083_M2_FAS_START_SAFE_3a2eabee0ea2,83,3a2eabee0ea2d5ee604f23b220f5206939e5f41e8e3d5d6f6a04e26aa7a03726,M2_FAS_START_SAFE,formal,LONG,MODERATE,SUCCESS,STOPPED_GOAL,True,False,387,False,0.06781733102845419,0.01579160689377336,1.7913849252970961,0.08859736961136094,0.06782946609464577,0,0,0,0,0,2000.0,2000.0,1.3126614987080103,0,0,0,0,0,0,0.03703351389849559,20.197730776970275,902a699e52ca03de7f03d25b1d93c72f9b7b8afc263c1d123c1618e96811ba6b
083_M3_FAS_START_SAFE_DISCRETE_3a2eabee0ea2,83,3a2eabee0ea2d5ee604f23b220f5206939e5f41e8e3d5d6f6a04e26aa7a03726,M3_FAS_START_SAFE_DISCRETE,formal,LONG,MODERATE,SUCCESS,STOPPED_GOAL,True,False,387,False,0.06781733102845419,0.01579160689377336,1.7913849252970961,0.08859736961136094,0.06782946609464577,0,0,0,0,0,2000.0,2000.0,1.3126614987080103,0,0,0,0,0,0,0.03722959160804749,19.388662943034433,902a699e52ca03de7f03d25b1d93c72f9b7b8afc263c1d123c1618e96811ba6b
083_M4_FAS_START_SAFE_DISCRETE_RECOVERY_3a2eabee0ea2,83,3a2eabee0ea2d5ee604f23b220f5206939e5f41e8e3d5d6f6a04e26aa7a03726,M4_FAS_START_SAFE_DISCRETE_RECOVERY,formal,LONG,MODERATE,SUCCESS,STOPPED_GOAL,True,False,387,False,0.06781733102845419,0.01579160689377336,1.7913849252970961,0.08859736961136094,0.06782946609464577,0,0,0,0,0,2000.0,2000.0,1.3126614987080103,0,0,0,0,0,0,0.03663598927669227,82.40260067209601,902a699e52ca03de7f03d25b1d93c72f9b7b8afc263c1d123c1618e96811ba6b
084_M0_BOUNDED_SAFER_5a981744ff9e,84,5a981744ff9ef00fb4b5effafd8be54a0603838768b0b0246aa340a09a7d1181,M0_BOUNDED_SAFER,formal,SHORT,OPEN,SUCCESS,STOPPED_GOAL,True,False,198,False,0.4371142597459605,0.01782869095711368,0.7284200979370008,0.44810467594532866,0.4095661349366606,0,0,0,0,0,0.0,0.0,0.0,0,0,0,0,0,0,0.0011045622231904417,7.031735955039039,902a699e52ca03de7f03d25b1d93c72f9b7b8afc263c1d123c1618e96811ba6b
084_M1_BOUNDED_RISK_AWARE_V1_5a981744ff9e,84,5a981744ff9ef00fb4b5effafd8be54a0603838768b0b0246aa340a09a7d1181,M1_BOUNDED_RISK_AWARE_V1,formal,SHORT,OPEN,SUCCESS,STOPPED_GOAL,True,False,198,False,0.4371142597459605,0.017830214119979634,0.7284185747741349,0.44810475182498566,0.4095659425629077,0,0,0,0,0,2000.0,2000.0,0.0,0,0,0,0,0,0,0.042512867995537815,13.19878213305492,902a699e52ca03de7f03d25b1d93c72f9b7b8afc263c1d123c1618e96811ba6b
084_M2_FAS_START_SAFE_5a981744ff9e,84,5a981744ff9ef00fb4b5effafd8be54a0603838768b0b0246aa340a09a7d1181,M2_FAS_START_SAFE,formal,SHORT,OPEN,SUCCESS,STOPPED_GOAL,True,False,198,False,0.4371142597459605,0.017830214119979634,0.7284185747741349,0.44810475182498566,0.4095659425629077,0,0,0,0,0,2000.0,2000.0,0.0,0,0,0,0,0,0,0.041122479777550326,13.771133707021363,902a699e52ca03de7f03d25b1d93c72f9b7b8afc263c1d123c1618e96811ba6b
084_M3_FAS_START_SAFE_DISCRETE_5a981744ff9e,84,5a981744ff9ef00fb4b5effafd8be54a0603838768b0b0246aa340a09a7d1181,M3_FAS_START_SAFE_DISCRETE,formal,SHORT,OPEN,SUCCESS,STOPPED_GOAL,True,False,198,False,0.4371142597459605,0.017830214119979634,0.7284185747741349,0.44810475182498566,0.4095659425629077,0,0,0,0,0,2000.0,2000.0,0.0,0,0,0,0,0,0,0.041168566641863434,12.299198387074284,902a699e52ca03de7f03d25b1d93c72f9b7b8afc263c1d123c1618e96811ba6b
084_M4_FAS_START_SAFE_DISCRETE_RECOVERY_5a981744ff9e,84,5a981744ff9ef00fb4b5effafd8be54a0603838768b0b0246aa340a09a7d1181,M4_FAS_START_SAFE_DISCRETE_RECOVERY,formal,SHORT,OPEN,SUCCESS,STOPPED_GOAL,True,False,198,False,0.4371142597459605,0.017830214119979634,0.7284185747741349,0.44810475182498566,0.4095659425629077,0,0,0,0,0,2000.0,2000.0,0.0,0,0,0,0,0,0,0.04086612087558023,45.6928939409554,902a699e52ca03de7f03d25b1d93c72f9b7b8afc263c1d123c1618e96811ba6b
085_M0_BOUNDED_SAFER_4329b33bdc46,85,4329b33bdc46c3d553b042e360c551e395fd619de2a438e5b49c7a4fa41e7c67,M0_BOUNDED_SAFER,formal,MEDIUM,OPEN,SUCCESS,STOPPED_GOAL,True,False,221,False,0.29656896932779153,0.01975592876459368,0.9551069893576751,0.32738194979477275,0.2905584168422459,0,0,0,0,0,0.0,0.0,0.0,0,0,0,0,0,0,0.001136095030233264,7.039385839016177,902a699e52ca03de7f03d25b1d93c72f9b7b8afc263c1d123c1618e96811ba6b
085_M1_BOUNDED_RISK_AWARE_V1_4329b33bdc46,85,4329b33bdc46c3d553b042e360c551e395fd619de2a438e5b49c7a4fa41e7c67,M1_BOUNDED_RISK_AWARE_V1,formal,MEDIUM,OPEN,SUCCESS,STOPPED_GOAL,True,False,221,False,0.29656896932779153,0.019762904124531203,0.9551000139977376,0.32738408465098434,0.2905594399335163,0,0,0,0,0,2000.0,2000.0,0.0,0,0,0,0,0,0,0.038530737976543605,11.655644120066427,902a699e52ca03de7f03d25b1d93c72f9b7b8afc263c1d123c1618e96811ba6b
085_M2_FAS_START_SAFE_4329b33bdc46,85,4329b33bdc46c3d553b042e360c551e395fd619de2a438e5b49c7a4fa41e7c67,M2_FAS_START_SAFE,formal,MEDIUM,OPEN,SUCCESS,STOPPED_GOAL,True,False,221,False,0.29656896932779153,0.019762904124531203,0.9551000139977376,0.32738408465098434,0.2905594399335163,0,0,0,0,0,2000.0,2000.0,0.0,0,0,0,0,0,0,0.04463684500660747,14.7285427369643,902a699e52ca03de7f03d25b1d93c72f9b7b8afc263c1d123c1618e96811ba6b
085_M3_FAS_START_SAFE_DISCRETE_4329b33bdc46,85,4329b33bdc46c3d553b042e360c551e395fd619de2a438e5b49c7a4fa41e7c67,M3_FAS_START_SAFE_DISCRETE,formal,MEDIUM,OPEN,SUCCESS,STOPPED_GOAL,True,False,221,False,0.29656896932779153,0.019762904124531203,0.9551000139977376,0.32738408465098434,0.2905594399335163,0,0,0,0,0,2000.0,2000.0,0.0,0,0,0,0,0,0,0.04093142203055322,12.990809318027459,902a699e52ca03de7f03d25b1d93c72f9b7b8afc263c1d123c1618e96811ba6b
085_M4_FAS_START_SAFE_DISCRETE_RECOVERY_4329b33bdc46,85,4329b33bdc46c3d553b042e360c551e395fd619de2a438e5b49c7a4fa41e7c67,M4_FAS_START_SAFE_DISCRETE_RECOVERY,formal,MEDIUM,OPEN,SUCCESS,STOPPED_GOAL,True,False,221,False,0.29656896932779153,0.019762904124531203,0.9551000139977376,0.32738408465098434,0.2905594399335163,0,0,0,0,0,2000.0,2000.0,0.0,0,0,0,0,0,0,0.04071666393429041,54.54387143300846,902a699e52ca03de7f03d25b1d93c72f9b7b8afc263c1d123c1618e96811ba6b
086_M0_BOUNDED_SAFER_2846b55072e1,86,2846b55072e14bb0b39c26642c0348f4481d967d43ecc1e465c4edf1fcbc0637,M0_BOUNDED_SAFER,formal,LONG,OPEN,SUCCESS,STOPPED_GOAL,True,False,309,False,0.4287594100357618,0.01637357608587507,1.2395756101483089,0.46495149491660537,0.4287594100357618,0,0,0,0,0,0.0,0.0,0.0,0,0,0,0,0,0,0.0006291382014751433,6.8872988930670545,902a699e52ca03de7f03d25b1d93c72f9b7b8afc263c1d123c1618e96811ba6b
086_M1_BOUNDED_RISK_AWARE_V1_2846b55072e1,86,2846b55072e14bb0b39c26642c0348f4481d967d43ecc1e465c4edf1fcbc0637,M1_BOUNDED_RISK_AWARE_V1,formal,LONG,OPEN,SUCCESS,STOPPED_GOAL,True,False,309,False,0.4287594100357618,0.016380614191236938,1.2395685720429468,0.46495149491660537,0.4287594100357618,0,0,0,0,0,2000.0,2000.0,0.0,0,0,0,0,0,0,0.03696985538117586,14.829188726027496,902a699e52ca03de7f03d25b1d93c72f9b7b8afc263c1d123c1618e96811ba6b
086_M2_FAS_START_SAFE_2846b55072e1,86,2846b55072e14bb0b39c26642c0348f4481d967d43ecc1e465c4edf1fcbc0637,M2_FAS_START_SAFE,formal,LONG,OPEN,SUCCESS,STOPPED_GOAL,True,False,309,False,0.4287594100357618,0.016380614191236938,1.2395685720429468,0.46495149491660537,0.4287594100357618,0,0,0,0,0,2000.0,2000.0,0.0,0,0,0,0,0,0,0.03661949911620468,17.303218157961965,902a699e52ca03de7f03d25b1d93c72f9b7b8afc263c1d123c1618e96811ba6b
086_M3_FAS_START_SAFE_DISCRETE_2846b55072e1,86,2846b55072e14bb0b39c26642c0348f4481d967d43ecc1e465c4edf1fcbc0637,M3_FAS_START_SAFE_DISCRETE,formal,LONG,OPEN,SUCCESS,STOPPED_GOAL,True,False,309,False,0.4287594100357618,0.016380614191236938,1.2395685720429468,0.46495149491660537,0.4287594100357618,0,0,0,0,0,2000.0,2000.0,0.0,0,0,0,0,0,0,0.03782549425959587,18.093106045969762,902a699e52ca03de7f03d25b1d93c72f9b7b8afc263c1d123c1618e96811ba6b
086_M4_FAS_START_SAFE_DISCRETE_RECOVERY_2846b55072e1,86,2846b55072e14bb0b39c26642c0348f4481d967d43ecc1e465c4edf1fcbc0637,M4_FAS_START_SAFE_DISCRETE_RECOVERY,formal,LONG,OPEN,SUCCESS,STOPPED_GOAL,True,False,309,False,0.4287594100357618,0.016380614191236938,1.2395685720429468,0.46495149491660537,0.4287594100357618,0,0,0,0,0,2000.0,2000.0,0.0,0,0,0,0,0,0,0.036456850194372226,68.94353537401184,902a699e52ca03de7f03d25b1d93c72f9b7b8afc263c1d123c1618e96811ba6b
087_M0_BOUNDED_SAFER_f90a5c4d117a,87,f90a5c4d117ad210e51f528123f40eb94557b9d5641afeb3f52b14ee7352f0ea,M0_BOUNDED_SAFER,formal,SHORT,MODERATE,SUCCESS,STOPPED_GOAL,True,False,186,False,0.12781421420447756,0.025635999048067966,0.7666651956608207,0.14901557786970426,0.12784509327961394,0,0,0,0,0,471.0483870967742,471.0483870967742,0.0,0,0,0,0,0,0,0.003183032007655129,6.689872481045313,902a699e52ca03de7f03d25b1d93c72f9b7b8afc263c1d123c1618e96811ba6b
087_M1_BOUNDED_RISK_AWARE_V1_f90a5c4d117a,87,f90a5c4d117ad210e51f528123f40eb94557b9d5641afeb3f52b14ee7352f0ea,M1_BOUNDED_RISK_AWARE_V1,formal,SHORT,MODERATE,SUCCESS,STOPPED_GOAL,True,False,186,False,0.12781421420447756,0.02562953595257335,0.7666716587563154,0.14901558269358786,0.1278451128096407,0,0,0,0,0,2000.0,2000.0,0.0,0,0,0,0,0,0,0.04177359797176905,12.80438881192822,902a699e52ca03de7f03d25b1d93c72f9b7b8afc263c1d123c1618e96811ba6b
087_M2_FAS_START_SAFE_f90a5c4d117a,87,f90a5c4d117ad210e51f528123f40eb94557b9d5641afeb3f52b14ee7352f0ea,M2_FAS_START_SAFE,formal,SHORT,MODERATE,SUCCESS,STOPPED_GOAL,True,False,186,False,0.12781421420447756,0.02562953595257335,0.7666716587563154,0.14901558269358786,0.1278451128096407,0,0,0,0,0,2000.0,2000.0,0.0,0,0,0,0,0,0,0.042410354275489226,13.617956388974562,902a699e52ca03de7f03d25b1d93c72f9b7b8afc263c1d123c1618e96811ba6b
087_M3_FAS_START_SAFE_DISCRETE_f90a5c4d117a,87,f90a5c4d117ad210e51f528123f40eb94557b9d5641afeb3f52b14ee7352f0ea,M3_FAS_START_SAFE_DISCRETE,formal,SHORT,MODERATE,SUCCESS,STOPPED_GOAL,True,False,186,False,0.12781421420447756,0.02562953595257335,0.7666716587563154,0.14901558269358786,0.1278451128096407,0,0,0,0,0,2000.0,2000.0,0.0,0,0,0,0,0,0,0.04184272000566125,12.989506767946295,902a699e52ca03de7f03d25b1d93c72f9b7b8afc263c1d123c1618e96811ba6b
087_M4_FAS_START_SAFE_DISCRETE_RECOVERY_f90a5c4d117a,87,f90a5c4d117ad210e51f528123f40eb94557b9d5641afeb3f52b14ee7352f0ea,M4_FAS_START_SAFE_DISCRETE_RECOVERY,formal,SHORT,MODERATE,SUCCESS,STOPPED_GOAL,True,False,186,False,0.12781421420447756,0.02562953595257335,0.7666716587563154,0.14901558269358786,0.1278451128096407,0,0,0,0,0,2000.0,2000.0,0.0,0,0,0,0,0,0,0.04127043019980192,46.20276868098881,902a699e52ca03de7f03d25b1d93c72f9b7b8afc263c1d123c1618e96811ba6b
088_M0_BOUNDED_SAFER_60799ab43196,88,60799ab4319669d70cf12a9775e41571b06dc81112ff9693a026acbe17046343,M0_BOUNDED_SAFER,formal,MEDIUM,MODERATE,SUCCESS,STOPPED_GOAL,True,False,245,False,0.15772244505048236,0.01734110760229044,1.042207562594941,0.19441944549977927,0.15772244505048236,0,0,0,0,0,31.983673469387757,31.983673469387757,0.0,0,0,0,0,0,0,0.002103830222040415,7.458043258986436,902a699e52ca03de7f03d25b1d93c72f9b7b8afc263c1d123c1618e96811ba6b
088_M1_BOUNDED_RISK_AWARE_V1_60799ab43196,88,60799ab4319669d70cf12a9775e41571b06dc81112ff9693a026acbe17046343,M1_BOUNDED_RISK_AWARE_V1,formal,MEDIUM,MODERATE,SUCCESS,STOPPED_GOAL,True,False,245,False,0.15772244505048236,0.017343686358462496,1.042204983838769,0.19441944549977927,0.15772244505048236,0,0,0,0,0,2000.0,2000.0,0.0,0,0,0,0,0,0,0.04224629460368305,12.481896259007044,902a699e52ca03de7f03d25b1d93c72f9b7b8afc263c1d123c1618e96811ba6b
088_M2_FAS_START_SAFE_60799ab43196,88,60799ab4319669d70cf12a9775e41571b06dc81112ff9693a026acbe17046343,M2_FAS_START_SAFE,formal,MEDIUM,MODERATE,SUCCESS,STOPPED_GOAL,True,False,245,False,0.15772244505048236,0.017343686358462496,1.042204983838769,0.19441944549977927,0.15772244505048236,0,0,0,0,0,2000.0,2000.0,0.0,0,0,0,0,0,0,0.03874705720227211,11.296739725978114,902a699e52ca03de7f03d25b1d93c72f9b7b8afc263c1d123c1618e96811ba6b
088_M3_FAS_START_SAFE_DISCRETE_60799ab43196,88,60799ab4319669d70cf12a9775e41571b06dc81112ff9693a026acbe17046343,M3_FAS_START_SAFE_DISCRETE,formal,MEDIUM,MODERATE,SUCCESS,STOPPED_GOAL,True,False,245,False,0.15772244505048236,0.017343686358462496,1.042204983838769,0.19441944549977927,0.15772244505048236,0,0,0,0,0,2000.0,2000.0,0.0,0,0,0,0,0,0,0.04485718060750514,15.899826901964843,902a699e52ca03de7f03d25b1d93c72f9b7b8afc263c1d123c1618e96811ba6b
088_M4_FAS_START_SAFE_DISCRETE_RECOVERY_60799ab43196,88,60799ab4319669d70cf12a9775e41571b06dc81112ff9693a026acbe17046343,M4_FAS_START_SAFE_DISCRETE_RECOVERY,formal,MEDIUM,MODERATE,SUCCESS,STOPPED_GOAL,True,False,245,False,0.15772244505048236,0.017343686358462496,1.042204983838769,0.19441944549977927,0.15772244505048236,0,0,0,0,0,2000.0,2000.0,0.0,0,0,0,0,0,0,0.04411560965236276,62.689048160100356,902a699e52ca03de7f03d25b1d93c72f9b7b8afc263c1d123c1618e96811ba6b
089_M0_BOUNDED_SAFER_400d70743614,89,400d70743614d2c099de04b6269bf32c11616c79f5a3e0cd8a771bc9a659d988,M0_BOUNDED_SAFER,formal,LONG,MODERATE,SUCCESS,STOPPED_GOAL,True,False,387,False,0.09428592813444062,0.015910511649928665,1.6520210385305558,0.09603608073306263,0.06873543786968062,0,0,0,0,0,531.7390180878552,531.7390180878552,0.0,0,0,0,0,0,0,0.0046187832951545705,7.385942432912998,902a699e52ca03de7f03d25b1d93c72f9b7b8afc263c1d123c1618e96811ba6b
089_M1_BOUNDED_RISK_AWARE_V1_400d70743614,89,400d70743614d2c099de04b6269bf32c11616c79f5a3e0cd8a771bc9a659d988,M1_BOUNDED_RISK_AWARE_V1,formal,LONG,MODERATE,SUCCESS,STOPPED_GOAL,True,False,387,False,0.09428592813444062,0.015907338876173557,1.652024211304311,0.09604222273364535,0.06874162440701656,0,0,0,0,0,2000.0,2000.0,9.18346253229974,0,0,0,0,0,0,0.041820447472855446,19.43921477603726,902a699e52ca03de7f03d25b1d93c72f9b7b8afc263c1d123c1618e96811ba6b
089_M2_FAS_START_SAFE_400d70743614,89,400d70743614d2c099de04b6269bf32c11616c79f5a3e0cd8a771bc9a659d988,M2_FAS_START_SAFE,formal,LONG,MODERATE,SUCCESS,STOPPED_GOAL,True,False,387,False,0.09428592813444062,0.015907338876173557,1.652024211304311,0.09604222273364535,0.06874162440701656,0,0,0,0,0,2000.0,2000.0,9.18346253229974,0,0,0,0,0,0,0.04235499103087932,21.570610659895465,902a699e52ca03de7f03d25b1d93c72f9b7b8afc263c1d123c1618e96811ba6b
089_M3_FAS_START_SAFE_DISCRETE_400d70743614,89,400d70743614d2c099de04b6269bf32c11616c79f5a3e0cd8a771bc9a659d988,M3_FAS_START_SAFE_DISCRETE,formal,LONG,MODERATE,SUCCESS,STOPPED_GOAL,True,False,387,False,0.09428592813444062,0.015907338876173557,1.652024211304311,0.09604222273364535,0.06874162440701656,0,0,0,0,0,2000.0,2000.0,9.18346253229974,0,0,0,0,0,0,0.04213962679496035,19.115867917076685,902a699e52ca03de7f03d25b1d93c72f9b7b8afc263c1d123c1618e96811ba6b
089_M4_FAS_START_SAFE_DISCRETE_RECOVERY_400d70743614,89,400d70743614d2c099de04b6269bf32c11616c79f5a3e0cd8a771bc9a659d988,M4_FAS_START_SAFE_DISCRETE_RECOVERY,formal,LONG,MODERATE,SUCCESS,STOPPED_GOAL,True,False,387,False,0.09428592813444062,0.015907338876173557,1.652024211304311,0.09604222273364535,0.06874162440701656,0,0,0,0,0,2000.0,2000.0,9.18346253229974,0,0,0,0,0,0,0.041088983230292794,89.98724318202585,902a699e52ca03de7f03d25b1d93c72f9b7b8afc263c1d123c1618e96811ba6b
090_M0_BOUNDED_SAFER_6c5bf3dff818,90,6c5bf3dff818bec26029cb0ca95f019d4a2ab349819fceca2ae6e2bbfbb26e0a,M0_BOUNDED_SAFER,formal,SHORT,OPEN,SUCCESS,STOPPED_GOAL,True,False,187,False,0.4040152242095687,0.015925628116907026,0.5753980663556436,0.4415141978507878,0.4040152242095687,0,0,0,0,0,0.0,0.0,0.0,0,0,0,0,0,0,0.0006461499724537134,7.374547699000686,902a699e52ca03de7f03d25b1d93c72f9b7b8afc263c1d123c1618e96811ba6b
090_M1_BOUNDED_RISK_AWARE_V1_6c5bf3dff818,90,6c5bf3dff818bec26029cb0ca95f019d4a2ab349819fceca2ae6e2bbfbb26e0a,M1_BOUNDED_RISK_AWARE_V1,formal,SHORT,OPEN,SUCCESS,STOPPED_GOAL,True,False,187,False,0.4040152242095687,0.015929115207739312,0.5753945792648113,0.4415141978507878,0.4040152242095687,0,0,0,0,0,2000.0,2000.0,0.0,0,0,0,0,0,0,0.0406929672928527,14.246373185073026,902a699e52ca03de7f03d25b1d93c72f9b7b8afc263c1d123c1618e96811ba6b
090_M2_FAS_START_SAFE_6c5bf3dff818,90,6c5bf3dff818bec26029cb0ca95f019d4a2ab349819fceca2ae6e2bbfbb26e0a,M2_FAS_START_SAFE,formal,SHORT,OPEN,SUCCESS,STOPPED_GOAL,True,False,187,False,0.4040152242095687,0.015929115207739312,0.5753945792648113,0.4415141978507878,0.4040152242095687,0,0,0,0,0,2000.0,2000.0,0.0,0,0,0,0,0,0,0.03976274620508775,12.067025157040916,902a699e52ca03de7f03d25b1d93c72f9b7b8afc263c1d123c1618e96811ba6b
090_M3_FAS_START_SAFE_DISCRETE_6c5bf3dff818,90,6c5bf3dff818bec26029cb0ca95f019d4a2ab349819fceca2ae6e2bbfbb26e0a,M3_FAS_START_SAFE_DISCRETE,formal,SHORT,OPEN,SUCCESS,STOPPED_GOAL,True,False,187,False,0.4040152242095687,0.015929115207739312,0.5753945792648113,0.4415141978507878,0.4040152242095687,0,0,0,0,0,2000.0,2000.0,0.0,0,0,0,0,0,0,0.040403025969862935,13.997881986084394,902a699e52ca03de7f03d25b1d93c72f9b7b8afc263c1d123c1618e96811ba6b
090_M4_FAS_START_SAFE_DISCRETE_RECOVERY_6c5bf3dff818,90,6c5bf3dff818bec26029cb0ca95f019d4a2ab349819fceca2ae6e2bbfbb26e0a,M4_FAS_START_SAFE_DISCRETE_RECOVERY,formal,SHORT,OPEN,SUCCESS,STOPPED_GOAL,True,False,187,False,0.4040152242095687,0.015929115207739312,0.5753945792648113,0.4415141978507878,0.4040152242095687,0,0,0,0,0,2000.0,2000.0,0.0,0,0,0,0,0,0,0.04159428413258865,50.58725612796843,902a699e52ca03de7f03d25b1d93c72f9b7b8afc263c1d123c1618e96811ba6b
091_M0_BOUNDED_SAFER_4c6bd2c754cd,91,4c6bd2c754cd61e188cd6cab7b16a7bb28d4ed41490be4f71270c6e0dc6cc9d5,M0_BOUNDED_SAFER,formal,MEDIUM,OPEN,SUCCESS,STOPPED_GOAL,True,False,252,False,0.5009437851267388,0.016442553854667162,1.05479186080961,0.5607637887107856,0.5235092287687387,0,0,0,0,0,0.0,0.0,0.0,0,0,0,0,0,0,0.001266914838925004,7.562016033916734,902a699e52ca03de7f03d25b1d93c72f9b7b8afc263c1d123c1618e96811ba6b
091_M1_BOUNDED_RISK_AWARE_V1_4c6bd2c754cd,91,4c6bd2c754cd61e188cd6cab7b16a7bb28d4ed41490be4f71270c6e0dc6cc9d5,M1_BOUNDED_RISK_AWARE_V1,formal,MEDIUM,OPEN,SUCCESS,STOPPED_GOAL,True,False,252,False,0.5009437851267388,0.016445181727998477,1.0547892329362787,0.5607669086556598,0.5235136987062474,0,0,0,0,0,2000.0,2000.0,0.0,0,0,0,0,0,0,0.03986169501440599,14.932030278025195,902a699e52ca03de7f03d25b1d93c72f9b7b8afc263c1d123c1618e96811ba6b
091_M2_FAS_START_SAFE_4c6bd2c754cd,91,4c6bd2c754cd61e188cd6cab7b16a7bb28d4ed41490be4f71270c6e0dc6cc9d5,M2_FAS_START_SAFE,formal,MEDIUM,OPEN,SUCCESS,STOPPED_GOAL,True,False,252,False,0.5009437851267388,0.016445181727998477,1.0547892329362787,0.5607669086556598,0.5235136987062474,0,0,0,0,0,2000.0,2000.0,0.0,0,0,0,0,0,0,0.06601802282966673,18.211703348904848,902a699e52ca03de7f03d25b1d93c72f9b7b8afc263c1d123c1618e96811ba6b
091_M3_FAS_START_SAFE_DISCRETE_4c6bd2c754cd,91,4c6bd2c754cd61e188cd6cab7b16a7bb28d4ed41490be4f71270c6e0dc6cc9d5,M3_FAS_START_SAFE_DISCRETE,formal,MEDIUM,OPEN,SUCCESS,STOPPED_GOAL,True,False,252,False,0.5009437851267388,0.016445181727998477,1.0547892329362787,0.5607669086556598,0.5235136987062474,0,0,0,0,0,2000.0,2000.0,0.0,0,0,0,0,0,0,0.03961764808627777,14.868325641960837,902a699e52ca03de7f03d25b1d93c72f9b7b8afc263c1d123c1618e96811ba6b
091_M4_FAS_START_SAFE_DISCRETE_RECOVERY_4c6bd2c754cd,91,4c6bd2c754cd61e188cd6cab7b16a7bb28d4ed41490be4f71270c6e0dc6cc9d5,M4_FAS_START_SAFE_DISCRETE_RECOVERY,formal,MEDIUM,OPEN,SUCCESS,STOPPED_GOAL,True,False,252,False,0.5009437851267388,0.016445181727998477,1.0547892329362787,0.5607669086556598,0.5235136987062474,0,0,0,0,0,2000.0,2000.0,0.0,0,0,0,0,0,0,0.04028410163009539,64.14134333701804,902a699e52ca03de7f03d25b1d93c72f9b7b8afc263c1d123c1618e96811ba6b
092_M0_BOUNDED_SAFER_2a547ab7b392,92,2a547ab7b392b03c4e178533d6317ea2470d67e64680f156330fba6ace8bc2ee,M0_BOUNDED_SAFER,formal,LONG,OPEN,SUCCESS,STOPPED_GOAL,True,False,302,False,0.23224106899877198,0.01544320737776917,1.3128604228238956,0.22017033921383913,0.18697454231428748,0,0,0,0,0,29.910596026490065,29.910596026490065,0.0,0,0,0,0,0,0,0.0015467525168787685,7.805957418982871,902a699e52ca03de7f03d25b1d93c72f9b7b8afc263c1d123c1618e96811ba6b
092_M1_BOUNDED_RISK_AWARE_V1_2a547ab7b392,92,2a547ab7b392b03c4e178533d6317ea2470d67e64680f156330fba6ace8bc2ee,M1_BOUNDED_RISK_AWARE_V1,formal,LONG,OPEN,SUCCESS,STOPPED_GOAL,True,False,302,False,0.23224106899877198,0.015444233920102989,1.3128593962815618,0.22016747727148836,0.1869716657393571,0,0,0,0,0,2000.0,2000.0,0.0,0,0,0,0,0,0,0.040470113465562466,14.549567493028007,902a699e52ca03de7f03d25b1d93c72f9b7b8afc263c1d123c1618e96811ba6b
092_M2_FAS_START_SAFE_2a547ab7b392,92,2a547ab7b392b03c4e178533d6317ea2470d67e64680f156330fba6ace8bc2ee,M2_FAS_START_SAFE,formal,LONG,OPEN,SUCCESS,STOPPED_GOAL,True,False,302,False,0.23224106899877198,0.015444233920102989,1.3128593962815618,0.22016747727148836,0.1869716657393571,0,0,0,0,0,2000.0,2000.0,0.0,0,0,0,0,0,0,0.040980833198409526,15.341251921956427,902a699e52ca03de7f03d25b1d93c72f9b7b8afc263c1d123c1618e96811ba6b
092_M3_FAS_START_SAFE_DISCRETE_2a547ab7b392,92,2a547ab7b392b03c4e178533d6317ea2470d67e64680f156330fba6ace8bc2ee,M3_FAS_START_SAFE_DISCRETE,formal,LONG,OPEN,SUCCESS,STOPPED_GOAL,True,False,302,False,0.23224106899877198,0.015444233920102989,1.3128593962815618,0.22016747727148836,0.1869716657393571,0,0,0,0,0,2000.0,2000.0,0.0,0,0,0,0,0,0,0.04111610844847746,17.71917957603,902a699e52ca03de7f03d25b1d93c72f9b7b8afc263c1d123c1618e96811ba6b
092_M4_FAS_START_SAFE_DISCRETE_RECOVERY_2a547ab7b392,92,2a547ab7b392b03c4e178533d6317ea2470d67e64680f156330fba6ace8bc2ee,M4_FAS_START_SAFE_DISCRETE_RECOVERY,formal,LONG,OPEN,SUCCESS,STOPPED_GOAL,True,False,302,False,0.23224106899877198,0.015444233920102989,1.3128593962815618,0.22016747727148836,0.1869716657393571,0,0,0,0,0,2000.0,2000.0,0.0,0,0,0,0,0,0,0.041234617255395276,73.79588788491674,902a699e52ca03de7f03d25b1d93c72f9b7b8afc263c1d123c1618e96811ba6b
093_M0_BOUNDED_SAFER_ff4ee2525e50,93,ff4ee2525e50b92c1a4b0a93682a9b9a2ded60f8e8ab72162f6f2742d581bc61,M0_BOUNDED_SAFER,formal,SHORT,MODERATE,SUCCESS,STOPPED_GOAL,True,False,184,False,0.07518944890711887,0.026390674909657012,0.7493891371740512,0.08302384832453749,0.048818082948459046,0,0,0,0,0,120.1195652173913,120.1195652173913,0.0,0,0,0,0,0,0,0.003998521110042928,6.86339534597937,902a699e52ca03de7f03d25b1d93c72f9b7b8afc263c1d123c1618e96811ba6b
093_M1_BOUNDED_RISK_AWARE_V1_ff4ee2525e50,93,ff4ee2525e50b92c1a4b0a93682a9b9a2ded60f8e8ab72162f6f2742d581bc61,M1_BOUNDED_RISK_AWARE_V1,formal,SHORT,MODERATE,SUCCESS,STOPPED_GOAL,True,False,184,False,0.07518944890711887,0.026391291635529522,0.7493885204481786,0.08302316012279906,0.048817435686023564,0,0,0,0,0,2000.0,2000.0,0.266304347826087,0,0,0,0,0,0,0.04256709379260428,14.020516555989161,902a699e52ca03de7f03d25b1d93c72f9b7b8afc263c1d123c1618e96811ba6b
093_M2_FAS_START_SAFE_ff4ee2525e50,93,ff4ee2525e50b92c1a4b0a93682a9b9a2ded60f8e8ab72162f6f2742d581bc61,M2_FAS_START_SAFE,formal,SHORT,MODERATE,SUCCESS,STOPPED_GOAL,True,False,184,False,0.07518944890711887,0.026391291635529522,0.7493885204481786,0.08302316012279906,0.048817435686023564,0,0,0,0,0,2000.0,2000.0,0.266304347826087,0,0,0,0,0,0,0.04323373411898501,13.804484754917212,902a699e52ca03de7f03d25b1d93c72f9b7b8afc263c1d123c1618e96811ba6b
093_M3_FAS_START_SAFE_DISCRETE_ff4ee2525e50,93,ff4ee2525e50b92c1a4b0a93682a9b9a2ded60f8e8ab72162f6f2742d581bc61,M3_FAS_START_SAFE_DISCRETE,formal,SHORT,MODERATE,SUCCESS,STOPPED_GOAL,True,False,184,False,0.07518944890711887,0.026391291635529522,0.7493885204481786,0.08302316012279906,0.048817435686023564,0,0,0,0,0,2000.0,2000.0,0.266304347826087,0,0,0,0,0,0,0.042159756284672764,10.871967171085998,902a699e52ca03de7f03d25b1d93c72f9b7b8afc263c1d123c1618e96811ba6b
093_M4_FAS_START_SAFE_DISCRETE_RECOVERY_ff4ee2525e50,93,ff4ee2525e50b92c1a4b0a93682a9b9a2ded60f8e8ab72162f6f2742d581bc61,M4_FAS_START_SAFE_DISCRETE_RECOVERY,formal,SHORT,MODERATE,SUCCESS,STOPPED_GOAL,True,False,184,False,0.07518944890711887,0.026391291635529522,0.7493885204481786,0.08302316012279906,0.048817435686023564,0,0,0,0,0,2000.0,2000.0,0.266304347826087,0,0,0,0,0,0,0.0420809993695002,48.23416136903688,902a699e52ca03de7f03d25b1d93c72f9b7b8afc263c1d123c1618e96811ba6b
094_M0_BOUNDED_SAFER_6151c6ccfa49,94,6151c6ccfa49394c65415d2c71ca379118d33e977718800a1670c8101b31c663,M0_BOUNDED_SAFER,formal,MEDIUM,MODERATE,SUCCESS,STOPPED_GOAL,True,False,297,False,0.06782392414850225,0.015879695818702123,1.1269865863468884,0.09545368848683419,0.06788334041413743,0,0,0,0,0,323.53872053872055,323.53872053872055,0.0,0,0,0,0,0,0,0.004355642036534846,7.125724392943084,902a699e52ca03de7f03d25b1d93c72f9b7b8afc263c1d123c1618e96811ba6b
094_M1_BOUNDED_RISK_AWARE_V1_6151c6ccfa49,94,6151c6ccfa49394c65415d2c71ca379118d33e977718800a1670c8101b31c663,M1_BOUNDED_RISK_AWARE_V1,formal,MEDIUM,MODERATE,SUCCESS,STOPPED_GOAL,True,False,297,False,0.06782392414850225,0.01587879149982899,1.1269874906657615,0.0954536888530001,0.06788333419434675,0,0,0,0,0,2000.0,2000.0,1.9191919191919191,0,0,0,0,0,0,0.039469165611080825,14.02235700597521,902a699e52ca03de7f03d25b1d93c72f9b7b8afc263c1d123c1618e96811ba6b
094_M2_FAS_START_SAFE_6151c6ccfa49,94,6151c6ccfa49394c65415d2c71ca379118d33e977718800a1670c8101b31c663,M2_FAS_START_SAFE,formal,MEDIUM,MODERATE,SUCCESS,STOPPED_GOAL,True,False,297,False,0.06782392414850225,0.01587879149982899,1.1269874906657615,0.0954536888530001,0.06788333419434675,0,0,0,0,0,2000.0,2000.0,1.9191919191919191,0,0,0,0,0,0,0.03943614992313087,17.16394463693723,902a699e52ca03de7f03d25b1d93c72f9b7b8afc263c1d123c1618e96811ba6b
094_M3_FAS_START_SAFE_DISCRETE_6151c6ccfa49,94,6151c6ccfa49394c65415d2c71ca379118d33e977718800a1670c8101b31c663,M3_FAS_START_SAFE_DISCRETE,formal,MEDIUM,MODERATE,SUCCESS,STOPPED_GOAL,True,False,297,False,0.06782392414850225,0.01587879149982899,1.1269874906657615,0.0954536888530001,0.06788333419434675,0,0,0,0,0,2000.0,2000.0,1.9191919191919191,0,0,0,0,0,0,0.04089172894600779,15.937784538953565,902a699e52ca03de7f03d25b1d93c72f9b7b8afc263c1d123c1618e96811ba6b
094_M4_FAS_START_SAFE_DISCRETE_RECOVERY_6151c6ccfa49,94,6151c6ccfa49394c65415d2c71ca379118d33e977718800a1670c8101b31c663,M4_FAS_START_SAFE_DISCRETE_RECOVERY,formal,MEDIUM,MODERATE,SUCCESS,STOPPED_GOAL,True,False,297,False,0.06782392414850225,0.01587879149982899,1.1269874906657615,0.0954536888530001,0.06788333419434675,0,0,0,0,0,2000.0,2000.0,1.9191919191919191,0,0,0,0,0,0,0.03964442338328808,71.43546009203419,902a699e52ca03de7f03d25b1d93c72f9b7b8afc263c1d123c1618e96811ba6b
095_M0_BOUNDED_SAFER_40d9794b5a74,95,40d9794b5a74ab72721c18135df4bfee5d5ca04985898920239cd88b4c770fb4,M0_BOUNDED_SAFER,formal,LONG,MODERATE,SUCCESS,STOPPED_GOAL,True,False,428,False,0.0954635082320531,0.01554350060285535,1.9278118601253427,0.08218398954626954,0.04911208041338605,0,0,0,0,0,594.9906542056075,594.9906542056075,0.0,0,0,0,0,0,0,0.006255206052446738,7.793696503969841,902a699e52ca03de7f03d25b1d93c72f9b7b8afc263c1d123c1618e96811ba6b
095_M1_BOUNDED_RISK_AWARE_V1_40d9794b5a74,95,40d9794b5a74ab72721c18135df4bfee5d5ca04985898920239cd88b4c770fb4,M1_BOUNDED_RISK_AWARE_V1,formal,LONG,MODERATE,SUCCESS,STOPPED_GOAL,True,False,428,False,0.0954635082320531,0.015543494167047912,1.9278118665611501,0.08218483952601108,0.049112930594837095,0,0,0,0,0,2000.0,2000.0,4.091121495327103,0,0,0,0,0,0,0.042930708930362015,22.36869716097135,902a699e52ca03de7f03d25b1d93c72f9b7b8afc263c1d123c1618e96811ba6b
095_M2_FAS_START_SAFE_40d9794b5a74,95,40d9794b5a74ab72721c18135df4bfee5d5ca04985898920239cd88b4c770fb4,M2_FAS_START_SAFE,formal,LONG,MODERATE,SUCCESS,STOPPED_GOAL,True,False,428,False,0.0954635082320531,0.015543494167047912,1.9278118665611501,0.08218483952601108,0.049112930594837095,0,0,0,0,0,2000.0,2000.0,4.091121495327103,0,0,0,0,0,0,0.042592001328011976,20.55770654208027,902a699e52ca03de7f03d25b1d93c72f9b7b8afc263c1d123c1618e96811ba6b
095_M3_FAS_START_SAFE_DISCRETE_40d9794b5a74,95,40d9794b5a74ab72721c18135df4bfee5d5ca04985898920239cd88b4c770fb4,M3_FAS_START_SAFE_DISCRETE,formal,LONG,MODERATE,SUCCESS,STOPPED_GOAL,True,False,428,False,0.0954635082320531,0.015543494167047912,1.9278118665611501,0.08218483952601108,0.049112930594837095,0,0,0,0,0,2000.0,2000.0,4.091121495327103,0,0,0,0,0,0,0.04239642228349112,21.56919208203908,902a699e52ca03de7f03d25b1d93c72f9b7b8afc263c1d123c1618e96811ba6b
095_M4_FAS_START_SAFE_DISCRETE_RECOVERY_40d9794b5a74,95,40d9794b5a74ab72721c18135df4bfee5d5ca04985898920239cd88b4c770fb4,M4_FAS_START_SAFE_DISCRETE_RECOVERY,formal,LONG,MODERATE,SUCCESS,STOPPED_GOAL,True,False,428,False,0.0954635082320531,0.015543494167047912,1.9278118665611501,0.08218483952601108,0.049112930594837095,0,0,0,0,0,2000.0,2000.0,4.091121495327103,0,0,0,0,0,0,0.04197814716026187,94.00978657789528,902a699e52ca03de7f03d25b1d93c72f9b7b8afc263c1d123c1618e96811ba6b
096_M0_BOUNDED_SAFER_71784c1dc985,96,71784c1dc985edabd64cb397bcec6a5b9197adce3af964424bb2e882ac72d0f1,M0_BOUNDED_SAFER,formal,SHORT,OPEN,SUCCESS,STOPPED_GOAL,True,False,181,False,0.22013749936154367,0.011163702340635183,0.5527967755203232,0.2413860722208002,0.22013749936154367,0,0,0,0,0,7.50828729281768,7.50828729281768,0.0,0,0,0,0,0,0,0.0009959880262613297,7.015023033018224,902a699e52ca03de7f03d25b1d93c72f9b7b8afc263c1d123c1618e96811ba6b
096_M1_BOUNDED_RISK_AWARE_V1_71784c1dc985,96,71784c1dc985edabd64cb397bcec6a5b9197adce3af964424bb2e882ac72d0f1,M1_BOUNDED_RISK_AWARE_V1,formal,SHORT,OPEN,SUCCESS,STOPPED_GOAL,True,False,181,False,0.22013749936154367,0.01116055616600481,0.5527999216949535,0.2413860722208002,0.22013749936154367,0,0,0,0,0,2000.0,2000.0,0.0,0,0,0,0,0,0,0.03994027606677264,11.171631350996904,902a699e52ca03de7f03d25b1d93c72f9b7b8afc263c1d123c1618e96811ba6b
096_M2_FAS_START_SAFE_71784c1dc985,96,71784c1dc985edabd64cb397bcec6a5b9197adce3af964424bb2e882ac72d0f1,M2_FAS_START_SAFE,formal,SHORT,OPEN,SUCCESS,STOPPED_GOAL,True,False,181,False,0.22013749936154367,0.01116055616600481,0.5527999216949535,0.2413860722208002,0.22013749936154367,0,0,0,0,0,2000.0,2000.0,0.0,0,0,0,0,0,0,0.03920684300828725,11.085801400011405,902a699e52ca03de7f03d25b1d93c72f9b7b8afc263c1d123c1618e96811ba6b
096_M3_FAS_START_SAFE_DISCRETE_71784c1dc985,96,71784c1dc985edabd64cb397bcec6a5b9197adce3af964424bb2e882ac72d0f1,M3_FAS_START_SAFE_DISCRETE,formal,SHORT,OPEN,SUCCESS,STOPPED_GOAL,True,False,181,False,0.22013749936154367,0.01116055616600481,0.5527999216949535,0.2413860722208002,0.22013749936154367,0,0,0,0,0,2000.0,2000.0,0.0,0,0,0,0,0,0,0.04056807199958712,13.028633804991841,902a699e52ca03de7f03d25b1d93c72f9b7b8afc263c1d123c1618e96811ba6b
096_M4_FAS_START_SAFE_DISCRETE_RECOVERY_71784c1dc985,96,71784c1dc985edabd64cb397bcec6a5b9197adce3af964424bb2e882ac72d0f1,M4_FAS_START_SAFE_DISCRETE_RECOVERY,formal,SHORT,OPEN,SUCCESS,STOPPED_GOAL,True,False,181,False,0.22013749936154367,0.01116055616600481,0.5527999216949535,0.2413860722208002,0.22013749936154367,0,0,0,0,0,2000.0,2000.0,0.0,0,0,0,0,0,0,0.04030460701324046,45.73838450398762,902a699e52ca03de7f03d25b1d93c72f9b7b8afc263c1d123c1618e96811ba6b
097_M0_BOUNDED_SAFER_50d4a6b16237,97,50d4a6b16237e1b45b2962fa2ca537cdf2e4ad5795696a1b4c1257efc52c5d9a,M0_BOUNDED_SAFER,formal,MEDIUM,OPEN,SUCCESS,STOPPED_GOAL,True,False,261,False,0.3497675676378661,0.01636714265405653,0.9509093167675733,0.38369849290665314,0.3479544324534346,0,0,0,0,0,0.0,0.0,0.0,0,0,0,0,0,0,0.001111877034418285,6.570949463988654,902a699e52ca03de7f03d25b1d93c72f9b7b8afc263c1d123c1618e96811ba6b
097_M1_BOUNDED_RISK_AWARE_V1_50d4a6b16237,97,50d4a6b16237e1b45b2962fa2ca537cdf2e4ad5795696a1b4c1257efc52c5d9a,M1_BOUNDED_RISK_AWARE_V1,formal,MEDIUM,OPEN,SUCCESS,STOPPED_GOAL,True,False,261,False,0.3497675676378661,0.016367433200200725,0.950909026221429,0.383698577176518,0.3479544479975496,0,0,0,0,0,2000.0,2000.0,0.0,0,0,0,0,0,0,0.0408900510519743,15.961816992959939,902a699e52ca03de7f03d25b1d93c72f9b7b8afc263c1d123c1618e96811ba6b
097_M2_FAS_START_SAFE_50d4a6b16237,97,50d4a6b16237e1b45b2962fa2ca537cdf2e4ad5795696a1b4c1257efc52c5d9a,M2_FAS_START_SAFE,formal,MEDIUM,OPEN,SUCCESS,STOPPED_GOAL,True,False,261,False,0.3497675676378661,0.016367433200200725,0.950909026221429,0.383698577176518,0.3479544479975496,0,0,0,0,0,2000.0,2000.0,0.0,0,0,0,0,0,0,0.04200790007598698,14.112056453013793,902a699e52ca03de7f03d25b1d93c72f9b7b8afc263c1d123c1618e96811ba6b
097_M3_FAS_START_SAFE_DISCRETE_50d4a6b16237,97,50d4a6b16237e1b45b2962fa2ca537cdf2e4ad5795696a1b4c1257efc52c5d9a,M3_FAS_START_SAFE_DISCRETE,formal,MEDIUM,OPEN,SUCCESS,STOPPED_GOAL,True,False,261,False,0.3497675676378661,0.016367433200200725,0.950909026221429,0.383698577176518,0.3479544479975496,0,0,0,0,0,2000.0,2000.0,0.0,0,0,0,0,0,0,0.04116290796082467,16.82735576410778,902a699e52ca03de7f03d25b1d93c72f9b7b8afc263c1d123c1618e96811ba6b
097_M4_FAS_START_SAFE_DISCRETE_RECOVERY_50d4a6b16237,97,50d4a6b16237e1b45b2962fa2ca537cdf2e4ad5795696a1b4c1257efc52c5d9a,M4_FAS_START_SAFE_DISCRETE_RECOVERY,formal,MEDIUM,OPEN,SUCCESS,STOPPED_GOAL,True,False,261,False,0.3497675676378661,0.016367433200200725,0.950909026221429,0.383698577176518,0.3479544479975496,0,0,0,0,0,2000.0,2000.0,0.0,0,0,0,0,0,0,0.04040641104802489,64.5182857940672,902a699e52ca03de7f03d25b1d93c72f9b7b8afc263c1d123c1618e96811ba6b
098_M0_BOUNDED_SAFER_2aeeb18658e7,98,2aeeb18658e735ca1101687e8667b1cd7060439f78be6c4f31d79985c27c5771,M0_BOUNDED_SAFER,formal,LONG,OPEN,SUCCESS,STOPPED_GOAL,True,False,311,False,0.488105593286,0.01031117576250598,1.4563462654874086,0.5161002625412787,0.48007371285792255,0,0,0,0,0,0.0,0.0,0.0,0,0,0,0,0,0,0.001203231979161501,6.549159527989104,902a699e52ca03de7f03d25b1d93c72f9b7b8afc263c1d123c1618e96811ba6b
098_M1_BOUNDED_RISK_AWARE_V1_2aeeb18658e7,98,2aeeb18658e735ca1101687e8667b1cd7060439f78be6c4f31d79985c27c5771,M1_BOUNDED_RISK_AWARE_V1,formal,LONG,OPEN,SUCCESS,STOPPED_GOAL,True,False,311,False,0.488105593286,0.010312417353097049,1.4563450238968176,0.5161002278777425,0.48007328408884875,0,0,0,0,0,2000.0,2000.0,0.0,0,0,0,0,0,0,0.03819497744552791,15.831384612014517,902a699e52ca03de7f03d25b1d93c72f9b7b8afc263c1d123c1618e96811ba6b
098_M2_FAS_START_SAFE_2aeeb18658e7,98,2aeeb18658e735ca1101687e8667b1cd7060439f78be6c4f31d79985c27c5771,M2_FAS_START_SAFE,formal,LONG,OPEN,SUCCESS,STOPPED_GOAL,True,False,311,False,0.488105593286,0.010312417353097049,1.4563450238968176,0.5161002278777425,0.48007328408884875,0,0,0,0,0,2000.0,2000.0,0.0,0,0,0,0,0,0,0.03881224658107385,17.974695670069195,902a699e52ca03de7f03d25b1d93c72f9b7b8afc263c1d123c1618e96811ba6b
098_M3_FAS_START_SAFE_DISCRETE_2aeeb18658e7,98,2aeeb18658e735ca1101687e8667b1cd7060439f78be6c4f31d79985c27c5771,M3_FAS_START_SAFE_DISCRETE,formal,LONG,OPEN,SUCCESS,STOPPED_GOAL,True,False,311,False,0.488105593286,0.010312417353097049,1.4563450238968176,0.5161002278777425,0.48007328408884875,0,0,0,0,0,2000.0,2000.0,0.0,0,0,0,0,0,0,0.0376801224774681,15.732245267019607,902a699e52ca03de7f03d25b1d93c72f9b7b8afc263c1d123c1618e96811ba6b
098_M4_FAS_START_SAFE_DISCRETE_RECOVERY_2aeeb18658e7,98,2aeeb18658e735ca1101687e8667b1cd7060439f78be6c4f31d79985c27c5771,M4_FAS_START_SAFE_DISCRETE_RECOVERY,formal,LONG,OPEN,SUCCESS,STOPPED_GOAL,True,False,311,False,0.488105593286,0.010312417353097049,1.4563450238968176,0.5161002278777425,0.48007328408884875,0,0,0,0,0,2000.0,2000.0,0.0,0,0,0,0,0,0,0.03719753900077194,69.8486783830449,902a699e52ca03de7f03d25b1d93c72f9b7b8afc263c1d123c1618e96811ba6b
099_M0_BOUNDED_SAFER_732765b6e788,99,732765b6e78848a8e859179f6db429fa52ac4be43c171b64fbd5c8168a51aa20,M0_BOUNDED_SAFER,formal,MEDIUM,MODERATE,SUCCESS,STOPPED_GOAL,True,False,233,False,0.12782143754057532,0.017793679794806488,0.9531473895392769,0.1524806645275031,0.12002672978595927,0,0,0,0,0,386.0600858369099,386.0600858369099,0.0,0,0,0,0,0,0,0.003691868018358946,6.853477154043503,902a699e52ca03de7f03d25b1d93c72f9b7b8afc263c1d123c1618e96811ba6b
099_M1_BOUNDED_RISK_AWARE_V1_732765b6e788,99,732765b6e78848a8e859179f6db429fa52ac4be43c171b64fbd5c8168a51aa20,M1_BOUNDED_RISK_AWARE_V1,formal,MEDIUM,MODERATE,SUCCESS,STOPPED_GOAL,True,False,233,False,0.12782143754057532,0.01779411302040657,0.9531469563136769,0.15248079998321426,0.12002705877165751,0,0,0,0,0,2000.0,2000.0,0.0,0,0,0,0,0,0,0.042373905982822174,15.621500395936891,902a699e52ca03de7f03d25b1d93c72f9b7b8afc263c1d123c1618e96811ba6b
099_M2_FAS_START_SAFE_732765b6e788,99,732765b6e78848a8e859179f6db429fa52ac4be43c171b64fbd5c8168a51aa20,M2_FAS_START_SAFE,formal,MEDIUM,MODERATE,SUCCESS,STOPPED_GOAL,True,False,233,False,0.12782143754057532,0.01779411302040657,0.9531469563136769,0.15248079998321426,0.12002705877165751,0,0,0,0,0,2000.0,2000.0,0.0,0,0,0,0,0,0,0.042961504030972715,15.187988369027153,902a699e52ca03de7f03d25b1d93c72f9b7b8afc263c1d123c1618e96811ba6b
099_M3_FAS_START_SAFE_DISCRETE_732765b6e788,99,732765b6e78848a8e859179f6db429fa52ac4be43c171b64fbd5c8168a51aa20,M3_FAS_START_SAFE_DISCRETE,formal,MEDIUM,MODERATE,SUCCESS,STOPPED_GOAL,True,False,233,False,0.12782143754057532,0.01779411302040657,0.9531469563136769,0.15248079998321426,0.12002705877165751,0,0,0,0,0,2000.0,2000.0,0.0,0,0,0,0,0,0,0.042539492738433174,13.307805176009424,902a699e52ca03de7f03d25b1d93c72f9b7b8afc263c1d123c1618e96811ba6b
099_M4_FAS_START_SAFE_DISCRETE_RECOVERY_732765b6e788,99,732765b6e78848a8e859179f6db429fa52ac4be43c171b64fbd5c8168a51aa20,M4_FAS_START_SAFE_DISCRETE_RECOVERY,formal,MEDIUM,MODERATE,SUCCESS,STOPPED_GOAL,True,False,233,False,0.12782143754057532,0.01779411302040657,0.9531469563136769,0.15248079998321426,0.12002705877165751,0,0,0,0,0,2000.0,2000.0,0.0,0,0,0,0,0,0,0.04245032360777259,57.409468483994715,902a699e52ca03de7f03d25b1d93c72f9b7b8afc263c1d123c1618e96811ba6b
