{
  "abnormal_quaternion_count": 0,
  "activated_scales": {
    "max": [
      6.139403343200684,
      5.746485233306885,
      11.366181373596191
    ],
    "mean": [
      0.013184940442442894,
      0.013362614437937737,
      0.013095492497086525
    ],
    "min": [
      1.9799259121100476e-08,
      1.6685023140894373e-08,
      1.2076043276465498e-08
    ],
    "quantiles": {
      "0": [
        1.9799259121100476e-08,
        1.6685023140894373e-08,
        1.2076043276465498e-08
      ],
      "0.01": [
        8.422981773037464e-06,
        7.66109598771436e-06,
        3.641772345872596e-06
      ],
      "0.05": [
        7.025862287264318e-05,
        0.00011200753360753878,
        3.209070127923042e-05
      ],
      "0.5": [
        0.0021710433065891266,
        0.0024531621020287275,
        0.0019370673689991236
      ],
      "0.95": [
        0.0680131673812866,
        0.06830082088708844,
        0.06906924545764921
      ],
      "0.99": [
        0.21029903709888453,
        0.2102333074808116,
        0.2109519219398497
      ],
      "1": [
        6.139403343200684,
        5.746485233306885,
        11.366181373596191
      ]
    },
    "std": [
      0.03998996317386627,
      0.040504783391952515,
      0.04165016859769821
    ]
  },
  "covariance_eigenvalue_max": 129.1898956298828,
  "covariance_eigenvalue_min": -6.509706662605197e-10,
  "device": "cuda:0",
  "dtype": "torch.float32",
  "gaussian_count": 680617,
  "invalid_covariance_count": 0,
  "invalid_opacity_count": 0,
  "map_bbox_max": [
    6.019745826721191,
    6.639648914337158,
    6.109530925750732
  ],
  "map_bbox_min": [
    -6.322019100189209,
    -6.241601943969727,
    -5.377645492553711
  ],
  "means": {
    "max": [
      6.019745826721191,
      6.639648914337158,
      6.109530925750732
    ],
    "mean": [
      0.006476446986198425,
      -0.25272443890571594,
      1.4435487985610962
    ],
    "min": [
      -6.322019100189209,
      -6.241601943969727,
      -5.377645492553711
    ],
    "quantiles": {
      "0": [
        -6.322019100189209,
        -6.241601943969727,
        -5.377645492553711
      ],
      "0.01": [
        -3.9643838787078858,
        -4.3783456993103025,
        -3.701734924316406
      ],
      "0.05": [
        -1.9292987823486327,
        -2.1881470680236816,
        -0.2884936213493346
      ],
      "0.5": [
        -0.1071339026093483,
        -0.35331693291664124,
        1.5099353790283203
      ],
      "0.95": [
        2.403091526031494,
        1.8824779510498042,
        2.9473685741424522
      ],
      "0.99": [
        4.250062980651848,
        4.011305675506585,
        4.515392990112304
      ],
      "1": [
        6.019745826721191,
        6.639648914337158,
        6.109530925750732
      ]
    },
    "std": [
      1.4012397527694702,
      1.2539647817611694,
      1.1100900173187256
    ]
  },
  "nonfinite_count": 0,
  "nonpositive_scale_count": 0,
  "opacity_quantiles": [
    0.0009101150208152831,
    0.003600786281749606,
    0.0051267677918076515,
    0.9812451601028442,
    0.9999831914901733,
    0.9999988079071045,
    1.0
  ],
  "quaternion_norm_quantiles": [
    0.9999998211860657,
    0.9999998807907104,
    0.9999999403953552,
    1.0,
    1.0,
    1.0000001192092896,
    1.0000001192092896
  ],
  "scene_diagonal": 21.217939376831055
}
