{
  "continuity_note": "Reported without post-hoc smoothing; nearest-ellipsoid identity changes are expected at Voronoi-like boundaries.",
  "finite": true,
  "max_abs_delta_h": 0.09006241895258427,
  "max_gradient_norm": 0.6261506080627441,
  "nearest_identity_change_fraction": 0.8127090301003345,
  "p95_abs_delta_h": 0.018757276798714882,
  "p95_gradient_norm": 0.4571736633777615,
  "sample_count": 299
}
