family,generated_count,feasible_count,best_min_h,mean_min_h,selected_count,closest_to_feasible_count
baseline,204,0,0.00048790278378874063,0.0003883269896237727,17,129
braking,265,0,0.00048790278378874063,0.00039572034927331054,0,245
continuity,66,0,0.00048790278378874063,0.0003952625486294203,7,48
goal_directed,204,0,0.00048790278378874063,0.0003874495747617866,0,133
random,4352,0,0.00048790278378874063,0.0003849251944998019,0,2314
repulsive,306,0,0.00048790278378874063,0.0003948947623999047,10,305
