cohort,detail,endpoint_map_h,environment,factor,level,precontrol_position_map_h,state_id,status,two_step_endpoint_map_h
C0_METHOD_INDEPENDENT,,0.19266479622385746,E1_REPLICA_GT_FINE,velocity_scale,0.25,,002b6f245470919aaa880323bfdda87cf5e080c8098daa51628f914b81a5ede6,MAP_ENDPOINT_EXPOSURE_ONLY,
C0_METHOD_INDEPENDENT,,0.1925681294009118,E1_REPLICA_GT_FINE,velocity_scale,0.5,,002b6f245470919aaa880323bfdda87cf5e080c8098daa51628f914b81a5ede6,MAP_ENDPOINT_EXPOSURE_ONLY,
C0_METHOD_INDEPENDENT,,0.19247165149329695,E1_REPLICA_GT_FINE,velocity_scale,0.75,,002b6f245470919aaa880323bfdda87cf5e080c8098daa51628f914b81a5ede6,MAP_ENDPOINT_EXPOSURE_ONLY,
C0_METHOD_INDEPENDENT,,0.19237536249665466,E1_REPLICA_GT_FINE,velocity_scale,1.0,,002b6f245470919aaa880323bfdda87cf5e080c8098daa51628f914b81a5ede6,MAP_ENDPOINT_EXPOSURE_ONLY,
C0_METHOD_INDEPENDENT,,0.1925681294009118,E1_REPLICA_GT_FINE,dt_s,0.025,,002b6f245470919aaa880323bfdda87cf5e080c8098daa51628f914b81a5ede6,MAP_ENDPOINT_EXPOSURE_ONLY,
C0_METHOD_INDEPENDENT,,0.19237536249665466,E1_REPLICA_GT_FINE,dt_s,0.05,,002b6f245470919aaa880323bfdda87cf5e080c8098daa51628f914b81a5ede6,MAP_ENDPOINT_EXPOSURE_ONLY,
C0_METHOD_INDEPENDENT,,0.19153460186078594,E1_REPLICA_GT_FINE,dt_s,0.1,,002b6f245470919aaa880323bfdda87cf5e080c8098daa51628f914b81a5ede6,MAP_ENDPOINT_EXPOSURE_ONLY,
C0_METHOD_INDEPENDENT,,0.18962058173685858,E1_REPLICA_GT_FINE,dt_s,0.2,,002b6f245470919aaa880323bfdda87cf5e080c8098daa51628f914b81a5ede6,MAP_ENDPOINT_EXPOSURE_ONLY,
C0_METHOD_INDEPENDENT,,,E1_REPLICA_GT_FINE,u_bound_inf,0.05,,002b6f245470919aaa880323bfdda87cf5e080c8098daa51628f914b81a5ede6,MAP_ENDPOINT_EXPOSURE_ONLY,0.19223706718102263
C0_METHOD_INDEPENDENT,,,E1_REPLICA_GT_FINE,u_bound_inf,0.1,,002b6f245470919aaa880323bfdda87cf5e080c8098daa51628f914b81a5ede6,MAP_ENDPOINT_EXPOSURE_ONLY,0.19211807277870008
C0_METHOD_INDEPENDENT,,,E1_REPLICA_GT_FINE,u_bound_inf,0.2,,002b6f245470919aaa880323bfdda87cf5e080c8098daa51628f914b81a5ede6,MAP_ENDPOINT_EXPOSURE_ONLY,0.19211807277870008
C0_METHOD_INDEPENDENT,,,E1_REPLICA_GT_FINE,latency_cycles,0,0.19276165196649558,002b6f245470919aaa880323bfdda87cf5e080c8098daa51628f914b81a5ede6,MAP_ENDPOINT_EXPOSURE_ONLY,
C0_METHOD_INDEPENDENT,,,E1_REPLICA_GT_FINE,latency_cycles,1,0.19237536249665466,002b6f245470919aaa880323bfdda87cf5e080c8098daa51628f914b81a5ede6,MAP_ENDPOINT_EXPOSURE_ONLY,
C0_METHOD_INDEPENDENT,,,E1_REPLICA_GT_FINE,latency_cycles,2,0.19153460186078594,002b6f245470919aaa880323bfdda87cf5e080c8098daa51628f914b81a5ede6,MAP_ENDPOINT_EXPOSURE_ONLY,
C0_METHOD_INDEPENDENT,,,E1_REPLICA_GT_FINE,tracking_error,,,002b6f245470919aaa880323bfdda87cf5e080c8098daa51628f914b81a5ede6,DATA_BLOCKED_NO_FROZEN_TRACKING_ERROR_BUDGET,
C0_METHOD_INDEPENDENT,,0.2600516801524102,E1_REPLICA_GT_FINE,velocity_scale,0.25,,151a1a74a34a8851dacc7ea099d5f017965f7b711052f65f6c97d24e6b7fb8b0,MAP_ENDPOINT_EXPOSURE_ONLY,
C0_METHOD_INDEPENDENT,,0.26038510716628377,E1_REPLICA_GT_FINE,velocity_scale,0.5,,151a1a74a34a8851dacc7ea099d5f017965f7b711052f65f6c97d24e6b7fb8b0,MAP_ENDPOINT_EXPOSURE_ONLY,
C0_METHOD_INDEPENDENT,,0.26072156490714943,E1_REPLICA_GT_FINE,velocity_scale,0.75,,151a1a74a34a8851dacc7ea099d5f017965f7b711052f65f6c97d24e6b7fb8b0,MAP_ENDPOINT_EXPOSURE_ONLY,
C0_METHOD_INDEPENDENT,,0.2610610535437221,E1_REPLICA_GT_FINE,velocity_scale,1.0,,151a1a74a34a8851dacc7ea099d5f017965f7b711052f65f6c97d24e6b7fb8b0,MAP_ENDPOINT_EXPOSURE_ONLY,
C0_METHOD_INDEPENDENT,,0.26038510716628377,E1_REPLICA_GT_FINE,dt_s,0.025,,151a1a74a34a8851dacc7ea099d5f017965f7b711052f65f6c97d24e6b7fb8b0,MAP_ENDPOINT_EXPOSURE_ONLY,
C0_METHOD_INDEPENDENT,,0.2610610535437221,E1_REPLICA_GT_FINE,dt_s,0.05,,151a1a74a34a8851dacc7ea099d5f017965f7b711052f65f6c97d24e6b7fb8b0,MAP_ENDPOINT_EXPOSURE_ONLY,
C0_METHOD_INDEPENDENT,,0.26244932045639896,E1_REPLICA_GT_FINE,dt_s,0.1,,151a1a74a34a8851dacc7ea099d5f017965f7b711052f65f6c97d24e6b7fb8b0,MAP_ENDPOINT_EXPOSURE_ONLY,
C0_METHOD_INDEPENDENT,,0.2653713898001456,E1_REPLICA_GT_FINE,dt_s,0.2,,151a1a74a34a8851dacc7ea099d5f017965f7b711052f65f6c97d24e6b7fb8b0,MAP_ENDPOINT_EXPOSURE_ONLY,
C0_METHOD_INDEPENDENT,,,E1_REPLICA_GT_FINE,u_bound_inf,0.05,,151a1a74a34a8851dacc7ea099d5f017965f7b711052f65f6c97d24e6b7fb8b0,MAP_ENDPOINT_EXPOSURE_ONLY,0.2609788391150649
C0_METHOD_INDEPENDENT,,,E1_REPLICA_GT_FINE,u_bound_inf,0.1,,151a1a74a34a8851dacc7ea099d5f017965f7b711052f65f6c97d24e6b7fb8b0,MAP_ENDPOINT_EXPOSURE_ONLY,0.260908307029563
C0_METHOD_INDEPENDENT,,,E1_REPLICA_GT_FINE,u_bound_inf,0.2,,151a1a74a34a8851dacc7ea099d5f017965f7b711052f65f6c97d24e6b7fb8b0,MAP_ENDPOINT_EXPOSURE_ONLY,0.260908307029563
C0_METHOD_INDEPENDENT,,,E1_REPLICA_GT_FINE,latency_cycles,0,0.2597212836978313,151a1a74a34a8851dacc7ea099d5f017965f7b711052f65f6c97d24e6b7fb8b0,MAP_ENDPOINT_EXPOSURE_ONLY,
C0_METHOD_INDEPENDENT,,,E1_REPLICA_GT_FINE,latency_cycles,1,0.2610610535437221,151a1a74a34a8851dacc7ea099d5f017965f7b711052f65f6c97d24e6b7fb8b0,MAP_ENDPOINT_EXPOSURE_ONLY,
C0_METHOD_INDEPENDENT,,,E1_REPLICA_GT_FINE,latency_cycles,2,0.26244932045639896,151a1a74a34a8851dacc7ea099d5f017965f7b711052f65f6c97d24e6b7fb8b0,MAP_ENDPOINT_EXPOSURE_ONLY,
C0_METHOD_INDEPENDENT,,,E1_REPLICA_GT_FINE,tracking_error,,,151a1a74a34a8851dacc7ea099d5f017965f7b711052f65f6c97d24e6b7fb8b0,DATA_BLOCKED_NO_FROZEN_TRACKING_ERROR_BUDGET,
C0_METHOD_INDEPENDENT,,0.26861006331686893,E1_REPLICA_GT_FINE,velocity_scale,0.25,,16fe88262694ace7502b8af046b32807208de36081c7b9899ad12e38ab16a196,MAP_ENDPOINT_EXPOSURE_ONLY,
C0_METHOD_INDEPENDENT,,0.26854135324786704,E1_REPLICA_GT_FINE,velocity_scale,0.5,,16fe88262694ace7502b8af046b32807208de36081c7b9899ad12e38ab16a196,MAP_ENDPOINT_EXPOSURE_ONLY,
C0_METHOD_INDEPENDENT,,0.26847283254023446,E1_REPLICA_GT_FINE,velocity_scale,0.75,,16fe88262694ace7502b8af046b32807208de36081c7b9899ad12e38ab16a196,MAP_ENDPOINT_EXPOSURE_ONLY,
C0_METHOD_INDEPENDENT,,0.2684045011918606,E1_REPLICA_GT_FINE,velocity_scale,1.0,,16fe88262694ace7502b8af046b32807208de36081c7b9899ad12e38ab16a196,MAP_ENDPOINT_EXPOSURE_ONLY,
C0_METHOD_INDEPENDENT,,0.26854135324786704,E1_REPLICA_GT_FINE,dt_s,0.025,,16fe88262694ace7502b8af046b32807208de36081c7b9899ad12e38ab16a196,MAP_ENDPOINT_EXPOSURE_ONLY,
C0_METHOD_INDEPENDENT,,0.2684045011918606,E1_REPLICA_GT_FINE,dt_s,0.05,,16fe88262694ace7502b8af046b32807208de36081c7b9899ad12e38ab16a196,MAP_ENDPOINT_EXPOSURE_ONLY,
C0_METHOD_INDEPENDENT,,0.26813306934889547,E1_REPLICA_GT_FINE,dt_s,0.1,,16fe88262694ace7502b8af046b32807208de36081c7b9899ad12e38ab16a196,MAP_ENDPOINT_EXPOSURE_ONLY,
C0_METHOD_INDEPENDENT,,0.2675992942715065,E1_REPLICA_GT_FINE,dt_s,0.2,,16fe88262694ace7502b8af046b32807208de36081c7b9899ad12e38ab16a196,MAP_ENDPOINT_EXPOSURE_ONLY,
C0_METHOD_INDEPENDENT,,,E1_REPLICA_GT_FINE,u_bound_inf,0.05,,16fe88262694ace7502b8af046b32807208de36081c7b9899ad12e38ab16a196,MAP_ENDPOINT_EXPOSURE_ONLY,0.2683691245864389
C0_METHOD_INDEPENDENT,,,E1_REPLICA_GT_FINE,u_bound_inf,0.1,,16fe88262694ace7502b8af046b32807208de36081c7b9899ad12e38ab16a196,MAP_ENDPOINT_EXPOSURE_ONLY,0.2683474193460356
C0_METHOD_INDEPENDENT,,,E1_REPLICA_GT_FINE,u_bound_inf,0.2,,16fe88262694ace7502b8af046b32807208de36081c7b9899ad12e38ab16a196,MAP_ENDPOINT_EXPOSURE_ONLY,0.2683474193460356
C0_METHOD_INDEPENDENT,,,E1_REPLICA_GT_FINE,latency_cycles,0,0.2686789627493553,16fe88262694ace7502b8af046b32807208de36081c7b9899ad12e38ab16a196,MAP_ENDPOINT_EXPOSURE_ONLY,
C0_METHOD_INDEPENDENT,,,E1_REPLICA_GT_FINE,latency_cycles,1,0.2684045011918606,16fe88262694ace7502b8af046b32807208de36081c7b9899ad12e38ab16a196,MAP_ENDPOINT_EXPOSURE_ONLY,
C0_METHOD_INDEPENDENT,,,E1_REPLICA_GT_FINE,latency_cycles,2,0.26813306934889547,16fe88262694ace7502b8af046b32807208de36081c7b9899ad12e38ab16a196,MAP_ENDPOINT_EXPOSURE_ONLY,
C0_METHOD_INDEPENDENT,,,E1_REPLICA_GT_FINE,tracking_error,,,16fe88262694ace7502b8af046b32807208de36081c7b9899ad12e38ab16a196,DATA_BLOCKED_NO_FROZEN_TRACKING_ERROR_BUDGET,
C0_METHOD_INDEPENDENT,,0.1751232510918892,E1_REPLICA_GT_FINE,velocity_scale,0.25,,2211e7fc233d3f44550a3487042a97d8b30645fc3956b09e879d5faa3cb90649,MAP_ENDPOINT_EXPOSURE_ONLY,
C0_METHOD_INDEPENDENT,,0.17510192222316232,E1_REPLICA_GT_FINE,velocity_scale,0.5,,2211e7fc233d3f44550a3487042a97d8b30645fc3956b09e879d5faa3cb90649,MAP_ENDPOINT_EXPOSURE_ONLY,
C0_METHOD_INDEPENDENT,,0.17508134441187162,E1_REPLICA_GT_FINE,velocity_scale,0.75,,2211e7fc233d3f44550a3487042a97d8b30645fc3956b09e879d5faa3cb90649,MAP_ENDPOINT_EXPOSURE_ONLY,
C0_METHOD_INDEPENDENT,,0.17506151765323094,E1_REPLICA_GT_FINE,velocity_scale,1.0,,2211e7fc233d3f44550a3487042a97d8b30645fc3956b09e879d5faa3cb90649,MAP_ENDPOINT_EXPOSURE_ONLY,
C0_METHOD_INDEPENDENT,,0.17510192222316232,E1_REPLICA_GT_FINE,dt_s,0.025,,2211e7fc233d3f44550a3487042a97d8b30645fc3956b09e879d5faa3cb90649,MAP_ENDPOINT_EXPOSURE_ONLY,
C0_METHOD_INDEPENDENT,,0.17506151765323094,E1_REPLICA_GT_FINE,dt_s,0.05,,2211e7fc233d3f44550a3487042a97d8b30645fc3956b09e879d5faa3cb90649,MAP_ENDPOINT_EXPOSURE_ONLY,
C0_METHOD_INDEPENDENT,,0.17498972105551802,E1_REPLICA_GT_FINE,dt_s,0.1,,2211e7fc233d3f44550a3487042a97d8b30645fc3956b09e879d5faa3cb90649,MAP_ENDPOINT_EXPOSURE_ONLY,
C0_METHOD_INDEPENDENT,,0.1748317420200115,E1_REPLICA_GT_FINE,dt_s,0.2,,2211e7fc233d3f44550a3487042a97d8b30645fc3956b09e879d5faa3cb90649,MAP_ENDPOINT_EXPOSURE_ONLY,
C0_METHOD_INDEPENDENT,,,E1_REPLICA_GT_FINE,u_bound_inf,0.05,,2211e7fc233d3f44550a3487042a97d8b30645fc3956b09e879d5faa3cb90649,MAP_ENDPOINT_EXPOSURE_ONLY,0.17495432063839533
C0_METHOD_INDEPENDENT,,,E1_REPLICA_GT_FINE,u_bound_inf,0.1,,2211e7fc233d3f44550a3487042a97d8b30645fc3956b09e879d5faa3cb90649,MAP_ENDPOINT_EXPOSURE_ONLY,0.17485102751961168
C0_METHOD_INDEPENDENT,,,E1_REPLICA_GT_FINE,u_bound_inf,0.2,,2211e7fc233d3f44550a3487042a97d8b30645fc3956b09e879d5faa3cb90649,MAP_ENDPOINT_EXPOSURE_ONLY,0.17485102751961168
C0_METHOD_INDEPENDENT,,,E1_REPLICA_GT_FINE,latency_cycles,0,0.17514533102301177,2211e7fc233d3f44550a3487042a97d8b30645fc3956b09e879d5faa3cb90649,MAP_ENDPOINT_EXPOSURE_ONLY,
C0_METHOD_INDEPENDENT,,,E1_REPLICA_GT_FINE,latency_cycles,1,0.17506151765323094,2211e7fc233d3f44550a3487042a97d8b30645fc3956b09e879d5faa3cb90649,MAP_ENDPOINT_EXPOSURE_ONLY,
C0_METHOD_INDEPENDENT,,,E1_REPLICA_GT_FINE,latency_cycles,2,0.17498972105551802,2211e7fc233d3f44550a3487042a97d8b30645fc3956b09e879d5faa3cb90649,MAP_ENDPOINT_EXPOSURE_ONLY,
C0_METHOD_INDEPENDENT,,,E1_REPLICA_GT_FINE,tracking_error,,,2211e7fc233d3f44550a3487042a97d8b30645fc3956b09e879d5faa3cb90649,DATA_BLOCKED_NO_FROZEN_TRACKING_ERROR_BUDGET,
C0_METHOD_INDEPENDENT,,0.16648512270403767,E1_REPLICA_GT_FINE,velocity_scale,0.25,,2cc3321a1b80b9ddf1373cbeb1b7aeeeda1d16896d422ab67107ee95ada3d0c6,MAP_ENDPOINT_EXPOSURE_ONLY,
C0_METHOD_INDEPENDENT,,0.16633463153165884,E1_REPLICA_GT_FINE,velocity_scale,0.5,,2cc3321a1b80b9ddf1373cbeb1b7aeeeda1d16896d422ab67107ee95ada3d0c6,MAP_ENDPOINT_EXPOSURE_ONLY,
C0_METHOD_INDEPENDENT,,0.16618714405170318,E1_REPLICA_GT_FINE,velocity_scale,0.75,,2cc3321a1b80b9ddf1373cbeb1b7aeeeda1d16896d422ab67107ee95ada3d0c6,MAP_ENDPOINT_EXPOSURE_ONLY,
C0_METHOD_INDEPENDENT,,0.1660426601195818,E1_REPLICA_GT_FINE,velocity_scale,1.0,,2cc3321a1b80b9ddf1373cbeb1b7aeeeda1d16896d422ab67107ee95ada3d0c6,MAP_ENDPOINT_EXPOSURE_ONLY,
C0_METHOD_INDEPENDENT,,0.16633463153165884,E1_REPLICA_GT_FINE,dt_s,0.025,,2cc3321a1b80b9ddf1373cbeb1b7aeeeda1d16896d422ab67107ee95ada3d0c6,MAP_ENDPOINT_EXPOSURE_ONLY,
C0_METHOD_INDEPENDENT,,0.1660426601195818,E1_REPLICA_GT_FINE,dt_s,0.05,,2cc3321a1b80b9ddf1373cbeb1b7aeeeda1d16896d422ab67107ee95ada3d0c6,MAP_ENDPOINT_EXPOSURE_ONLY,
C0_METHOD_INDEPENDENT,,0.1654947570712222,E1_REPLICA_GT_FINE,dt_s,0.1,,2cc3321a1b80b9ddf1373cbeb1b7aeeeda1d16896d422ab67107ee95ada3d0c6,MAP_ENDPOINT_EXPOSURE_ONLY,
C0_METHOD_INDEPENDENT,,0.1645430807184842,E1_REPLICA_GT_FINE,dt_s,0.2,,2cc3321a1b80b9ddf1373cbeb1b7aeeeda1d16896d422ab67107ee95ada3d0c6,MAP_ENDPOINT_EXPOSURE_ONLY,
C0_METHOD_INDEPENDENT,,,E1_REPLICA_GT_FINE,u_bound_inf,0.05,,2cc3321a1b80b9ddf1373cbeb1b7aeeeda1d16896d422ab67107ee95ada3d0c6,MAP_ENDPOINT_EXPOSURE_ONLY,0.1660303103046902
C0_METHOD_INDEPENDENT,,,E1_REPLICA_GT_FINE,u_bound_inf,0.1,,2cc3321a1b80b9ddf1373cbeb1b7aeeeda1d16896d422ab67107ee95ada3d0c6,MAP_ENDPOINT_EXPOSURE_ONLY,0.1660303103046902
C0_METHOD_INDEPENDENT,,,E1_REPLICA_GT_FINE,u_bound_inf,0.2,,2cc3321a1b80b9ddf1373cbeb1b7aeeeda1d16896d422ab67107ee95ada3d0c6,MAP_ENDPOINT_EXPOSURE_ONLY,0.1660303103046902
C0_METHOD_INDEPENDENT,,,E1_REPLICA_GT_FINE,latency_cycles,0,0.16663861771607572,2cc3321a1b80b9ddf1373cbeb1b7aeeeda1d16896d422ab67107ee95ada3d0c6,MAP_ENDPOINT_EXPOSURE_ONLY,
C0_METHOD_INDEPENDENT,,,E1_REPLICA_GT_FINE,latency_cycles,1,0.1660426601195818,2cc3321a1b80b9ddf1373cbeb1b7aeeeda1d16896d422ab67107ee95ada3d0c6,MAP_ENDPOINT_EXPOSURE_ONLY,
C0_METHOD_INDEPENDENT,,,E1_REPLICA_GT_FINE,latency_cycles,2,0.1654947570712222,2cc3321a1b80b9ddf1373cbeb1b7aeeeda1d16896d422ab67107ee95ada3d0c6,MAP_ENDPOINT_EXPOSURE_ONLY,
C0_METHOD_INDEPENDENT,,,E1_REPLICA_GT_FINE,tracking_error,,,2cc3321a1b80b9ddf1373cbeb1b7aeeeda1d16896d422ab67107ee95ada3d0c6,DATA_BLOCKED_NO_FROZEN_TRACKING_ERROR_BUDGET,
C0_METHOD_INDEPENDENT,Frozen selected official state has zero velocity; artificial velocity prohibited.,,E1_REPLICA_GT_FINE,velocity_scale,,,3f0ae49f67739aa508d7b7891f8200f17489303e36e3b7c1d1ffb62ab00f4eba,DATA_BLOCKED_OFFICIAL_NONZERO_VELOCITY_ABSENT,
C0_METHOD_INDEPENDENT,,0.2877974344800824,E1_REPLICA_GT_FINE,dt_s,0.025,,3f0ae49f67739aa508d7b7891f8200f17489303e36e3b7c1d1ffb62ab00f4eba,MAP_ENDPOINT_EXPOSURE_ONLY,
C0_METHOD_INDEPENDENT,,0.2877974344800824,E1_REPLICA_GT_FINE,dt_s,0.05,,3f0ae49f67739aa508d7b7891f8200f17489303e36e3b7c1d1ffb62ab00f4eba,MAP_ENDPOINT_EXPOSURE_ONLY,
C0_METHOD_INDEPENDENT,,0.2877974344800824,E1_REPLICA_GT_FINE,dt_s,0.1,,3f0ae49f67739aa508d7b7891f8200f17489303e36e3b7c1d1ffb62ab00f4eba,MAP_ENDPOINT_EXPOSURE_ONLY,
C0_METHOD_INDEPENDENT,,0.2877974344800824,E1_REPLICA_GT_FINE,dt_s,0.2,,3f0ae49f67739aa508d7b7891f8200f17489303e36e3b7c1d1ffb62ab00f4eba,MAP_ENDPOINT_EXPOSURE_ONLY,
C0_METHOD_INDEPENDENT,,,E1_REPLICA_GT_FINE,u_bound_inf,0.05,,3f0ae49f67739aa508d7b7891f8200f17489303e36e3b7c1d1ffb62ab00f4eba,MAP_ENDPOINT_EXPOSURE_ONLY,0.2877970408198296
C0_METHOD_INDEPENDENT,,,E1_REPLICA_GT_FINE,u_bound_inf,0.1,,3f0ae49f67739aa508d7b7891f8200f17489303e36e3b7c1d1ffb62ab00f4eba,MAP_ENDPOINT_EXPOSURE_ONLY,0.2877967080656428
C0_METHOD_INDEPENDENT,,,E1_REPLICA_GT_FINE,u_bound_inf,0.2,,3f0ae49f67739aa508d7b7891f8200f17489303e36e3b7c1d1ffb62ab00f4eba,MAP_ENDPOINT_EXPOSURE_ONLY,0.2877967080656428
C0_METHOD_INDEPENDENT,,,E1_REPLICA_GT_FINE,latency_cycles,0,0.2877974344800824,3f0ae49f67739aa508d7b7891f8200f17489303e36e3b7c1d1ffb62ab00f4eba,MAP_ENDPOINT_EXPOSURE_ONLY,
C0_METHOD_INDEPENDENT,,,E1_REPLICA_GT_FINE,latency_cycles,1,0.2877974344800824,3f0ae49f67739aa508d7b7891f8200f17489303e36e3b7c1d1ffb62ab00f4eba,MAP_ENDPOINT_EXPOSURE_ONLY,
C0_METHOD_INDEPENDENT,,,E1_REPLICA_GT_FINE,latency_cycles,2,0.2877974344800824,3f0ae49f67739aa508d7b7891f8200f17489303e36e3b7c1d1ffb62ab00f4eba,MAP_ENDPOINT_EXPOSURE_ONLY,
C0_METHOD_INDEPENDENT,,,E1_REPLICA_GT_FINE,tracking_error,,,3f0ae49f67739aa508d7b7891f8200f17489303e36e3b7c1d1ffb62ab00f4eba,DATA_BLOCKED_NO_FROZEN_TRACKING_ERROR_BUDGET,
C0_METHOD_INDEPENDENT,Frozen selected official state has zero velocity; artificial velocity prohibited.,,E1_REPLICA_GT_FINE,velocity_scale,,,4f8493fd890064bef32029677a254723ccba9383aed01981ce69df51b517af7b,DATA_BLOCKED_OFFICIAL_NONZERO_VELOCITY_ABSENT,
C0_METHOD_INDEPENDENT,,1.5373572382725613,E1_REPLICA_GT_FINE,dt_s,0.025,,4f8493fd890064bef32029677a254723ccba9383aed01981ce69df51b517af7b,MAP_ENDPOINT_EXPOSURE_ONLY,
C0_METHOD_INDEPENDENT,,1.5373572382725613,E1_REPLICA_GT_FINE,dt_s,0.05,,4f8493fd890064bef32029677a254723ccba9383aed01981ce69df51b517af7b,MAP_ENDPOINT_EXPOSURE_ONLY,
C0_METHOD_INDEPENDENT,,1.5373572382725613,E1_REPLICA_GT_FINE,dt_s,0.1,,4f8493fd890064bef32029677a254723ccba9383aed01981ce69df51b517af7b,MAP_ENDPOINT_EXPOSURE_ONLY,
C0_METHOD_INDEPENDENT,,1.5373572382725613,E1_REPLICA_GT_FINE,dt_s,0.2,,4f8493fd890064bef32029677a254723ccba9383aed01981ce69df51b517af7b,MAP_ENDPOINT_EXPOSURE_ONLY,
C0_METHOD_INDEPENDENT,,,E1_REPLICA_GT_FINE,u_bound_inf,0.05,,4f8493fd890064bef32029677a254723ccba9383aed01981ce69df51b517af7b,MAP_ENDPOINT_EXPOSURE_ONLY,1.5370473897497698
C0_METHOD_INDEPENDENT,,,E1_REPLICA_GT_FINE,u_bound_inf,0.1,,4f8493fd890064bef32029677a254723ccba9383aed01981ce69df51b517af7b,MAP_ENDPOINT_EXPOSURE_ONLY,1.5367379438406674
C0_METHOD_INDEPENDENT,,,E1_REPLICA_GT_FINE,u_bound_inf,0.2,,4f8493fd890064bef32029677a254723ccba9383aed01981ce69df51b517af7b,MAP_ENDPOINT_EXPOSURE_ONLY,1.5367379438406674
C0_METHOD_INDEPENDENT,,,E1_REPLICA_GT_FINE,latency_cycles,0,1.5373572382725613,4f8493fd890064bef32029677a254723ccba9383aed01981ce69df51b517af7b,MAP_ENDPOINT_EXPOSURE_ONLY,
C0_METHOD_INDEPENDENT,,,E1_REPLICA_GT_FINE,latency_cycles,1,1.5373572382725613,4f8493fd890064bef32029677a254723ccba9383aed01981ce69df51b517af7b,MAP_ENDPOINT_EXPOSURE_ONLY,
C0_METHOD_INDEPENDENT,,,E1_REPLICA_GT_FINE,latency_cycles,2,1.5373572382725613,4f8493fd890064bef32029677a254723ccba9383aed01981ce69df51b517af7b,MAP_ENDPOINT_EXPOSURE_ONLY,
C0_METHOD_INDEPENDENT,,,E1_REPLICA_GT_FINE,tracking_error,,,4f8493fd890064bef32029677a254723ccba9383aed01981ce69df51b517af7b,DATA_BLOCKED_NO_FROZEN_TRACKING_ERROR_BUDGET,
C0_METHOD_INDEPENDENT,,0.04586972279718015,E1_REPLICA_GT_FINE,velocity_scale,0.25,,5955840c212b4074ad46d065de442f1d835a0cd5be2975bee15ed83cf50eb0d0,MAP_ENDPOINT_EXPOSURE_ONLY,
C0_METHOD_INDEPENDENT,,0.04616701645202107,E1_REPLICA_GT_FINE,velocity_scale,0.5,,5955840c212b4074ad46d065de442f1d835a0cd5be2975bee15ed83cf50eb0d0,MAP_ENDPOINT_EXPOSURE_ONLY,
C0_METHOD_INDEPENDENT,,0.04646600094072222,E1_REPLICA_GT_FINE,velocity_scale,0.75,,5955840c212b4074ad46d065de442f1d835a0cd5be2975bee15ed83cf50eb0d0,MAP_ENDPOINT_EXPOSURE_ONLY,
C0_METHOD_INDEPENDENT,,0.04676667674120911,E1_REPLICA_GT_FINE,velocity_scale,1.0,,5955840c212b4074ad46d065de442f1d835a0cd5be2975bee15ed83cf50eb0d0,MAP_ENDPOINT_EXPOSURE_ONLY,
C0_METHOD_INDEPENDENT,,0.04616701645202107,E1_REPLICA_GT_FINE,dt_s,0.025,,5955840c212b4074ad46d065de442f1d835a0cd5be2975bee15ed83cf50eb0d0,MAP_ENDPOINT_EXPOSURE_ONLY,
C0_METHOD_INDEPENDENT,,0.04676667674120911,E1_REPLICA_GT_FINE,dt_s,0.05,,5955840c212b4074ad46d065de442f1d835a0cd5be2975bee15ed83cf50eb0d0,MAP_ENDPOINT_EXPOSURE_ONLY,
C0_METHOD_INDEPENDENT,,0.04798630251168982,E1_REPLICA_GT_FINE,dt_s,0.1,,5955840c212b4074ad46d065de442f1d835a0cd5be2975bee15ed83cf50eb0d0,MAP_ENDPOINT_EXPOSURE_ONLY,
C0_METHOD_INDEPENDENT,,0.05021419973754394,E1_REPLICA_GT_FINE,dt_s,0.2,,5955840c212b4074ad46d065de442f1d835a0cd5be2975bee15ed83cf50eb0d0,MAP_ENDPOINT_EXPOSURE_ONLY,
C0_METHOD_INDEPENDENT,,,E1_REPLICA_GT_FINE,u_bound_inf,0.05,,5955840c212b4074ad46d065de442f1d835a0cd5be2975bee15ed83cf50eb0d0,MAP_ENDPOINT_EXPOSURE_ONLY,0.04678417220832172
C0_METHOD_INDEPENDENT,,,E1_REPLICA_GT_FINE,u_bound_inf,0.1,,5955840c212b4074ad46d065de442f1d835a0cd5be2975bee15ed83cf50eb0d0,MAP_ENDPOINT_EXPOSURE_ONLY,0.04677803013576151
C0_METHOD_INDEPENDENT,,,E1_REPLICA_GT_FINE,u_bound_inf,0.2,,5955840c212b4074ad46d065de442f1d835a0cd5be2975bee15ed83cf50eb0d0,MAP_ENDPOINT_EXPOSURE_ONLY,0.04677803013576151
C0_METHOD_INDEPENDENT,,,E1_REPLICA_GT_FINE,latency_cycles,0,0.045574119495190316,5955840c212b4074ad46d065de442f1d835a0cd5be2975bee15ed83cf50eb0d0,MAP_ENDPOINT_EXPOSURE_ONLY,
C0_METHOD_INDEPENDENT,,,E1_REPLICA_GT_FINE,latency_cycles,1,0.04676667674120911,5955840c212b4074ad46d065de442f1d835a0cd5be2975bee15ed83cf50eb0d0,MAP_ENDPOINT_EXPOSURE_ONLY,
C0_METHOD_INDEPENDENT,,,E1_REPLICA_GT_FINE,latency_cycles,2,0.04798630251168982,5955840c212b4074ad46d065de442f1d835a0cd5be2975bee15ed83cf50eb0d0,MAP_ENDPOINT_EXPOSURE_ONLY,
C0_METHOD_INDEPENDENT,,,E1_REPLICA_GT_FINE,tracking_error,,,5955840c212b4074ad46d065de442f1d835a0cd5be2975bee15ed83cf50eb0d0,DATA_BLOCKED_NO_FROZEN_TRACKING_ERROR_BUDGET,
C0_METHOD_INDEPENDENT,,0.13689982180176705,E1_REPLICA_GT_FINE,velocity_scale,0.25,,638c9b05c8cb67a9f24eaf37d7695722d4e1127a0642c9ba72149bff6dd24bc6,MAP_ENDPOINT_EXPOSURE_ONLY,
C0_METHOD_INDEPENDENT,,0.1374969755501689,E1_REPLICA_GT_FINE,velocity_scale,0.5,,638c9b05c8cb67a9f24eaf37d7695722d4e1127a0642c9ba72149bff6dd24bc6,MAP_ENDPOINT_EXPOSURE_ONLY,
C0_METHOD_INDEPENDENT,,0.1380958628675962,E1_REPLICA_GT_FINE,velocity_scale,0.75,,638c9b05c8cb67a9f24eaf37d7695722d4e1127a0642c9ba72149bff6dd24bc6,MAP_ENDPOINT_EXPOSURE_ONLY,
C0_METHOD_INDEPENDENT,,0.13869648389268627,E1_REPLICA_GT_FINE,velocity_scale,1.0,,638c9b05c8cb67a9f24eaf37d7695722d4e1127a0642c9ba72149bff6dd24bc6,MAP_ENDPOINT_EXPOSURE_ONLY,
C0_METHOD_INDEPENDENT,,0.1374969755501689,E1_REPLICA_GT_FINE,dt_s,0.025,,638c9b05c8cb67a9f24eaf37d7695722d4e1127a0642c9ba72149bff6dd24bc6,MAP_ENDPOINT_EXPOSURE_ONLY,
C0_METHOD_INDEPENDENT,,0.13869648389268627,E1_REPLICA_GT_FINE,dt_s,0.05,,638c9b05c8cb67a9f24eaf37d7695722d4e1127a0642c9ba72149bff6dd24bc6,MAP_ENDPOINT_EXPOSURE_ONLY,
C0_METHOD_INDEPENDENT,,0.14111630780993473,E1_REPLICA_GT_FINE,dt_s,0.1,,638c9b05c8cb67a9f24eaf37d7695722d4e1127a0642c9ba72149bff6dd24bc6,MAP_ENDPOINT_EXPOSURE_ONLY,
C0_METHOD_INDEPENDENT,,0.14603921460227146,E1_REPLICA_GT_FINE,dt_s,0.2,,638c9b05c8cb67a9f24eaf37d7695722d4e1127a0642c9ba72149bff6dd24bc6,MAP_ENDPOINT_EXPOSURE_ONLY,
C0_METHOD_INDEPENDENT,,,E1_REPLICA_GT_FINE,u_bound_inf,0.05,,638c9b05c8cb67a9f24eaf37d7695722d4e1127a0642c9ba72149bff6dd24bc6,MAP_ENDPOINT_EXPOSURE_ONLY,0.13876674275624312
C0_METHOD_INDEPENDENT,,,E1_REPLICA_GT_FINE,u_bound_inf,0.1,,638c9b05c8cb67a9f24eaf37d7695722d4e1127a0642c9ba72149bff6dd24bc6,MAP_ENDPOINT_EXPOSURE_ONLY,0.13877590181812588
C0_METHOD_INDEPENDENT,,,E1_REPLICA_GT_FINE,u_bound_inf,0.2,,638c9b05c8cb67a9f24eaf37d7695722d4e1127a0642c9ba72149bff6dd24bc6,MAP_ENDPOINT_EXPOSURE_ONLY,0.13877590181812588
C0_METHOD_INDEPENDENT,,,E1_REPLICA_GT_FINE,latency_cycles,0,0.13630440148281353,638c9b05c8cb67a9f24eaf37d7695722d4e1127a0642c9ba72149bff6dd24bc6,MAP_ENDPOINT_EXPOSURE_ONLY,
C0_METHOD_INDEPENDENT,,,E1_REPLICA_GT_FINE,latency_cycles,1,0.13869648389268627,638c9b05c8cb67a9f24eaf37d7695722d4e1127a0642c9ba72149bff6dd24bc6,MAP_ENDPOINT_EXPOSURE_ONLY,
C0_METHOD_INDEPENDENT,,,E1_REPLICA_GT_FINE,latency_cycles,2,0.14111630780993473,638c9b05c8cb67a9f24eaf37d7695722d4e1127a0642c9ba72149bff6dd24bc6,MAP_ENDPOINT_EXPOSURE_ONLY,
C0_METHOD_INDEPENDENT,,,E1_REPLICA_GT_FINE,tracking_error,,,638c9b05c8cb67a9f24eaf37d7695722d4e1127a0642c9ba72149bff6dd24bc6,DATA_BLOCKED_NO_FROZEN_TRACKING_ERROR_BUDGET,
C0_METHOD_INDEPENDENT,Frozen selected official state has zero velocity; artificial velocity prohibited.,,E1_REPLICA_GT_FINE,velocity_scale,,,81bd8b30708aafa4bc9934effa7973b325db701a2035093a09d36376fa07301f,DATA_BLOCKED_OFFICIAL_NONZERO_VELOCITY_ABSENT,
C0_METHOD_INDEPENDENT,,0.91007301198061,E1_REPLICA_GT_FINE,dt_s,0.025,,81bd8b30708aafa4bc9934effa7973b325db701a2035093a09d36376fa07301f,MAP_ENDPOINT_EXPOSURE_ONLY,
C0_METHOD_INDEPENDENT,,0.91007301198061,E1_REPLICA_GT_FINE,dt_s,0.05,,81bd8b30708aafa4bc9934effa7973b325db701a2035093a09d36376fa07301f,MAP_ENDPOINT_EXPOSURE_ONLY,
C0_METHOD_INDEPENDENT,,0.91007301198061,E1_REPLICA_GT_FINE,dt_s,0.1,,81bd8b30708aafa4bc9934effa7973b325db701a2035093a09d36376fa07301f,MAP_ENDPOINT_EXPOSURE_ONLY,
C0_METHOD_INDEPENDENT,,0.91007301198061,E1_REPLICA_GT_FINE,dt_s,0.2,,81bd8b30708aafa4bc9934effa7973b325db701a2035093a09d36376fa07301f,MAP_ENDPOINT_EXPOSURE_ONLY,
C0_METHOD_INDEPENDENT,,,E1_REPLICA_GT_FINE,u_bound_inf,0.05,,81bd8b30708aafa4bc9934effa7973b325db701a2035093a09d36376fa07301f,MAP_ENDPOINT_EXPOSURE_ONLY,0.9098714374301954
C0_METHOD_INDEPENDENT,,,E1_REPLICA_GT_FINE,u_bound_inf,0.1,,81bd8b30708aafa4bc9934effa7973b325db701a2035093a09d36376fa07301f,MAP_ENDPOINT_EXPOSURE_ONLY,0.9096330113357463
C0_METHOD_INDEPENDENT,,,E1_REPLICA_GT_FINE,u_bound_inf,0.2,,81bd8b30708aafa4bc9934effa7973b325db701a2035093a09d36376fa07301f,MAP_ENDPOINT_EXPOSURE_ONLY,0.9096330113357463
C0_METHOD_INDEPENDENT,,,E1_REPLICA_GT_FINE,latency_cycles,0,0.91007301198061,81bd8b30708aafa4bc9934effa7973b325db701a2035093a09d36376fa07301f,MAP_ENDPOINT_EXPOSURE_ONLY,
C0_METHOD_INDEPENDENT,,,E1_REPLICA_GT_FINE,latency_cycles,1,0.91007301198061,81bd8b30708aafa4bc9934effa7973b325db701a2035093a09d36376fa07301f,MAP_ENDPOINT_EXPOSURE_ONLY,
C0_METHOD_INDEPENDENT,,,E1_REPLICA_GT_FINE,latency_cycles,2,0.91007301198061,81bd8b30708aafa4bc9934effa7973b325db701a2035093a09d36376fa07301f,MAP_ENDPOINT_EXPOSURE_ONLY,
C0_METHOD_INDEPENDENT,,,E1_REPLICA_GT_FINE,tracking_error,,,81bd8b30708aafa4bc9934effa7973b325db701a2035093a09d36376fa07301f,DATA_BLOCKED_NO_FROZEN_TRACKING_ERROR_BUDGET,
C0_METHOD_INDEPENDENT,,0.04875886179727961,E1_REPLICA_GT_FINE,velocity_scale,0.25,,8e504196defd2c5ea1aec7490652787a66f7aefbb06c6d9fe6871d505c4ca55c,MAP_ENDPOINT_EXPOSURE_ONLY,
C0_METHOD_INDEPENDENT,,0.04854846673296747,E1_REPLICA_GT_FINE,velocity_scale,0.5,,8e504196defd2c5ea1aec7490652787a66f7aefbb06c6d9fe6871d505c4ca55c,MAP_ENDPOINT_EXPOSURE_ONLY,
C0_METHOD_INDEPENDENT,,0.04833882532901175,E1_REPLICA_GT_FINE,velocity_scale,0.75,,8e504196defd2c5ea1aec7490652787a66f7aefbb06c6d9fe6871d505c4ca55c,MAP_ENDPOINT_EXPOSURE_ONLY,
C0_METHOD_INDEPENDENT,,0.04812993745126223,E1_REPLICA_GT_FINE,velocity_scale,1.0,,8e504196defd2c5ea1aec7490652787a66f7aefbb06c6d9fe6871d505c4ca55c,MAP_ENDPOINT_EXPOSURE_ONLY,
C0_METHOD_INDEPENDENT,,0.04854846673296747,E1_REPLICA_GT_FINE,dt_s,0.025,,8e504196defd2c5ea1aec7490652787a66f7aefbb06c6d9fe6871d505c4ca55c,MAP_ENDPOINT_EXPOSURE_ONLY,
C0_METHOD_INDEPENDENT,,0.04812993745126223,E1_REPLICA_GT_FINE,dt_s,0.05,,8e504196defd2c5ea1aec7490652787a66f7aefbb06c6d9fe6871d505c4ca55c,MAP_ENDPOINT_EXPOSURE_ONLY,
C0_METHOD_INDEPENDENT,,0.047301918497668696,E1_REPLICA_GT_FINE,dt_s,0.1,,8e504196defd2c5ea1aec7490652787a66f7aefbb06c6d9fe6871d505c4ca55c,MAP_ENDPOINT_EXPOSURE_ONLY,
C0_METHOD_INDEPENDENT,,0.045682008285413904,E1_REPLICA_GT_FINE,dt_s,0.2,,8e504196defd2c5ea1aec7490652787a66f7aefbb06c6d9fe6871d505c4ca55c,MAP_ENDPOINT_EXPOSURE_ONLY,
C0_METHOD_INDEPENDENT,,,E1_REPLICA_GT_FINE,u_bound_inf,0.05,,8e504196defd2c5ea1aec7490652787a66f7aefbb06c6d9fe6871d505c4ca55c,MAP_ENDPOINT_EXPOSURE_ONLY,0.0480786455757667
C0_METHOD_INDEPENDENT,,,E1_REPLICA_GT_FINE,u_bound_inf,0.1,,8e504196defd2c5ea1aec7490652787a66f7aefbb06c6d9fe6871d505c4ca55c,MAP_ENDPOINT_EXPOSURE_ONLY,0.04806904939059146
C0_METHOD_INDEPENDENT,,,E1_REPLICA_GT_FINE,u_bound_inf,0.2,,8e504196defd2c5ea1aec7490652787a66f7aefbb06c6d9fe6871d505c4ca55c,MAP_ENDPOINT_EXPOSURE_ONLY,0.04806904939059146
C0_METHOD_INDEPENDENT,,,E1_REPLICA_GT_FINE,latency_cycles,0,0.048970010655481296,8e504196defd2c5ea1aec7490652787a66f7aefbb06c6d9fe6871d505c4ca55c,MAP_ENDPOINT_EXPOSURE_ONLY,
C0_METHOD_INDEPENDENT,,,E1_REPLICA_GT_FINE,latency_cycles,1,0.04812993745126223,8e504196defd2c5ea1aec7490652787a66f7aefbb06c6d9fe6871d505c4ca55c,MAP_ENDPOINT_EXPOSURE_ONLY,
C0_METHOD_INDEPENDENT,,,E1_REPLICA_GT_FINE,latency_cycles,2,0.047301918497668696,8e504196defd2c5ea1aec7490652787a66f7aefbb06c6d9fe6871d505c4ca55c,MAP_ENDPOINT_EXPOSURE_ONLY,
C0_METHOD_INDEPENDENT,,,E1_REPLICA_GT_FINE,tracking_error,,,8e504196defd2c5ea1aec7490652787a66f7aefbb06c6d9fe6871d505c4ca55c,DATA_BLOCKED_NO_FROZEN_TRACKING_ERROR_BUDGET,
C0_METHOD_INDEPENDENT,Frozen selected official state has zero velocity; artificial velocity prohibited.,,E1_REPLICA_GT_FINE,velocity_scale,,,a8f4ae301144c24c65db575a71aa847e1e70670021207cc9b3720481301d602b,DATA_BLOCKED_OFFICIAL_NONZERO_VELOCITY_ABSENT,
C0_METHOD_INDEPENDENT,,0.4429947092407792,E1_REPLICA_GT_FINE,dt_s,0.025,,a8f4ae301144c24c65db575a71aa847e1e70670021207cc9b3720481301d602b,MAP_ENDPOINT_EXPOSURE_ONLY,
C0_METHOD_INDEPENDENT,,0.4429947092407792,E1_REPLICA_GT_FINE,dt_s,0.05,,a8f4ae301144c24c65db575a71aa847e1e70670021207cc9b3720481301d602b,MAP_ENDPOINT_EXPOSURE_ONLY,
C0_METHOD_INDEPENDENT,,0.4429947092407792,E1_REPLICA_GT_FINE,dt_s,0.1,,a8f4ae301144c24c65db575a71aa847e1e70670021207cc9b3720481301d602b,MAP_ENDPOINT_EXPOSURE_ONLY,
C0_METHOD_INDEPENDENT,,0.4429947092407792,E1_REPLICA_GT_FINE,dt_s,0.2,,a8f4ae301144c24c65db575a71aa847e1e70670021207cc9b3720481301d602b,MAP_ENDPOINT_EXPOSURE_ONLY,
C0_METHOD_INDEPENDENT,,,E1_REPLICA_GT_FINE,u_bound_inf,0.05,,a8f4ae301144c24c65db575a71aa847e1e70670021207cc9b3720481301d602b,MAP_ENDPOINT_EXPOSURE_ONLY,0.4432058623276258
C0_METHOD_INDEPENDENT,,,E1_REPLICA_GT_FINE,u_bound_inf,0.1,,a8f4ae301144c24c65db575a71aa847e1e70670021207cc9b3720481301d602b,MAP_ENDPOINT_EXPOSURE_ONLY,0.44341684532749354
C0_METHOD_INDEPENDENT,,,E1_REPLICA_GT_FINE,u_bound_inf,0.2,,a8f4ae301144c24c65db575a71aa847e1e70670021207cc9b3720481301d602b,MAP_ENDPOINT_EXPOSURE_ONLY,0.44341684532749354
C0_METHOD_INDEPENDENT,,,E1_REPLICA_GT_FINE,latency_cycles,0,0.4429947092407792,a8f4ae301144c24c65db575a71aa847e1e70670021207cc9b3720481301d602b,MAP_ENDPOINT_EXPOSURE_ONLY,
C0_METHOD_INDEPENDENT,,,E1_REPLICA_GT_FINE,latency_cycles,1,0.4429947092407792,a8f4ae301144c24c65db575a71aa847e1e70670021207cc9b3720481301d602b,MAP_ENDPOINT_EXPOSURE_ONLY,
C0_METHOD_INDEPENDENT,,,E1_REPLICA_GT_FINE,latency_cycles,2,0.4429947092407792,a8f4ae301144c24c65db575a71aa847e1e70670021207cc9b3720481301d602b,MAP_ENDPOINT_EXPOSURE_ONLY,
C0_METHOD_INDEPENDENT,,,E1_REPLICA_GT_FINE,tracking_error,,,a8f4ae301144c24c65db575a71aa847e1e70670021207cc9b3720481301d602b,DATA_BLOCKED_NO_FROZEN_TRACKING_ERROR_BUDGET,
C0_METHOD_INDEPENDENT,,0.04571093204077146,E1_REPLICA_GT_FINE,velocity_scale,0.25,,bd6f2c0ec4551cc7f126735aa9723fe1eac4bd169699cc3d769304e66d61f373,MAP_ENDPOINT_EXPOSURE_ONLY,
C0_METHOD_INDEPENDENT,,0.04584793765612271,E1_REPLICA_GT_FINE,velocity_scale,0.5,,bd6f2c0ec4551cc7f126735aa9723fe1eac4bd169699cc3d769304e66d61f373,MAP_ENDPOINT_EXPOSURE_ONLY,
C0_METHOD_INDEPENDENT,,0.04598513634865719,E1_REPLICA_GT_FINE,velocity_scale,0.75,,bd6f2c0ec4551cc7f126735aa9723fe1eac4bd169699cc3d769304e66d61f373,MAP_ENDPOINT_EXPOSURE_ONLY,
C0_METHOD_INDEPENDENT,,0.04612252812575709,E1_REPLICA_GT_FINE,velocity_scale,1.0,,bd6f2c0ec4551cc7f126735aa9723fe1eac4bd169699cc3d769304e66d61f373,MAP_ENDPOINT_EXPOSURE_ONLY,
C0_METHOD_INDEPENDENT,,0.04584793765612271,E1_REPLICA_GT_FINE,dt_s,0.025,,bd6f2c0ec4551cc7f126735aa9723fe1eac4bd169699cc3d769304e66d61f373,MAP_ENDPOINT_EXPOSURE_ONLY,
C0_METHOD_INDEPENDENT,,0.04612252812575709,E1_REPLICA_GT_FINE,dt_s,0.05,,bd6f2c0ec4551cc7f126735aa9723fe1eac4bd169699cc3d769304e66d61f373,MAP_ENDPOINT_EXPOSURE_ONLY,
C0_METHOD_INDEPENDENT,,0.046674026226378874,E1_REPLICA_GT_FINE,dt_s,0.1,,bd6f2c0ec4551cc7f126735aa9723fe1eac4bd169699cc3d769304e66d61f373,MAP_ENDPOINT_EXPOSURE_ONLY,
C0_METHOD_INDEPENDENT,,0.04778629269254763,E1_REPLICA_GT_FINE,dt_s,0.2,,bd6f2c0ec4551cc7f126735aa9723fe1eac4bd169699cc3d769304e66d61f373,MAP_ENDPOINT_EXPOSURE_ONLY,
C0_METHOD_INDEPENDENT,,,E1_REPLICA_GT_FINE,u_bound_inf,0.05,,bd6f2c0ec4551cc7f126735aa9723fe1eac4bd169699cc3d769304e66d61f373,MAP_ENDPOINT_EXPOSURE_ONLY,0.04620051535091731
C0_METHOD_INDEPENDENT,,,E1_REPLICA_GT_FINE,u_bound_inf,0.1,,bd6f2c0ec4551cc7f126735aa9723fe1eac4bd169699cc3d769304e66d61f373,MAP_ENDPOINT_EXPOSURE_ONLY,0.04625102686189493
C0_METHOD_INDEPENDENT,,,E1_REPLICA_GT_FINE,u_bound_inf,0.2,,bd6f2c0ec4551cc7f126735aa9723fe1eac4bd169699cc3d769304e66d61f373,MAP_ENDPOINT_EXPOSURE_ONLY,0.04625102686189493
C0_METHOD_INDEPENDENT,,,E1_REPLICA_GT_FINE,latency_cycles,0,0.045574119495190316,bd6f2c0ec4551cc7f126735aa9723fe1eac4bd169699cc3d769304e66d61f373,MAP_ENDPOINT_EXPOSURE_ONLY,
C0_METHOD_INDEPENDENT,,,E1_REPLICA_GT_FINE,latency_cycles,1,0.04612252812575709,bd6f2c0ec4551cc7f126735aa9723fe1eac4bd169699cc3d769304e66d61f373,MAP_ENDPOINT_EXPOSURE_ONLY,
C0_METHOD_INDEPENDENT,,,E1_REPLICA_GT_FINE,latency_cycles,2,0.046674026226378874,bd6f2c0ec4551cc7f126735aa9723fe1eac4bd169699cc3d769304e66d61f373,MAP_ENDPOINT_EXPOSURE_ONLY,
C0_METHOD_INDEPENDENT,,,E1_REPLICA_GT_FINE,tracking_error,,,bd6f2c0ec4551cc7f126735aa9723fe1eac4bd169699cc3d769304e66d61f373,DATA_BLOCKED_NO_FROZEN_TRACKING_ERROR_BUDGET,
C0_METHOD_INDEPENDENT,,0.216241068351873,E1_REPLICA_GT_FINE,velocity_scale,0.25,,c6d7f046df0f18347dd70eca0cf02afdecd35da91985a24a737060541ed29dc1,MAP_ENDPOINT_EXPOSURE_ONLY,
C0_METHOD_INDEPENDENT,,0.21622967791282696,E1_REPLICA_GT_FINE,velocity_scale,0.5,,c6d7f046df0f18347dd70eca0cf02afdecd35da91985a24a737060541ed29dc1,MAP_ENDPOINT_EXPOSURE_ONLY,
C0_METHOD_INDEPENDENT,,0.21622130256105104,E1_REPLICA_GT_FINE,velocity_scale,0.75,,c6d7f046df0f18347dd70eca0cf02afdecd35da91985a24a737060541ed29dc1,MAP_ENDPOINT_EXPOSURE_ONLY,
C0_METHOD_INDEPENDENT,,0.21621594229071037,E1_REPLICA_GT_FINE,velocity_scale,1.0,,c6d7f046df0f18347dd70eca0cf02afdecd35da91985a24a737060541ed29dc1,MAP_ENDPOINT_EXPOSURE_ONLY,
C0_METHOD_INDEPENDENT,,0.21622967791282696,E1_REPLICA_GT_FINE,dt_s,0.025,,c6d7f046df0f18347dd70eca0cf02afdecd35da91985a24a737060541ed29dc1,MAP_ENDPOINT_EXPOSURE_ONLY,
C0_METHOD_INDEPENDENT,,0.21621594229071037,E1_REPLICA_GT_FINE,dt_s,0.05,,c6d7f046df0f18347dd70eca0cf02afdecd35da91985a24a737060541ed29dc1,MAP_ENDPOINT_EXPOSURE_ONLY,
C0_METHOD_INDEPENDENT,,0.21622465198051494,E1_REPLICA_GT_FINE,dt_s,0.1,,c6d7f046df0f18347dd70eca0cf02afdecd35da91985a24a737060541ed29dc1,MAP_ENDPOINT_EXPOSURE_ONLY,
C0_METHOD_INDEPENDENT,,0.21631847366780022,E1_REPLICA_GT_FINE,dt_s,0.2,,c6d7f046df0f18347dd70eca0cf02afdecd35da91985a24a737060541ed29dc1,MAP_ENDPOINT_EXPOSURE_ONLY,
C0_METHOD_INDEPENDENT,,,E1_REPLICA_GT_FINE,u_bound_inf,0.05,,c6d7f046df0f18347dd70eca0cf02afdecd35da91985a24a737060541ed29dc1,MAP_ENDPOINT_EXPOSURE_ONLY,0.21621553837578042
C0_METHOD_INDEPENDENT,,,E1_REPLICA_GT_FINE,u_bound_inf,0.1,,c6d7f046df0f18347dd70eca0cf02afdecd35da91985a24a737060541ed29dc1,MAP_ENDPOINT_EXPOSURE_ONLY,0.21621553837578042
C0_METHOD_INDEPENDENT,,,E1_REPLICA_GT_FINE,u_bound_inf,0.2,,c6d7f046df0f18347dd70eca0cf02afdecd35da91985a24a737060541ed29dc1,MAP_ENDPOINT_EXPOSURE_ONLY,0.21621553837578042
C0_METHOD_INDEPENDENT,,,E1_REPLICA_GT_FINE,latency_cycles,0,0.21625547388612412,c6d7f046df0f18347dd70eca0cf02afdecd35da91985a24a737060541ed29dc1,MAP_ENDPOINT_EXPOSURE_ONLY,
C0_METHOD_INDEPENDENT,,,E1_REPLICA_GT_FINE,latency_cycles,1,0.21621594229071037,c6d7f046df0f18347dd70eca0cf02afdecd35da91985a24a737060541ed29dc1,MAP_ENDPOINT_EXPOSURE_ONLY,
C0_METHOD_INDEPENDENT,,,E1_REPLICA_GT_FINE,latency_cycles,2,0.21622465198051494,c6d7f046df0f18347dd70eca0cf02afdecd35da91985a24a737060541ed29dc1,MAP_ENDPOINT_EXPOSURE_ONLY,
C0_METHOD_INDEPENDENT,,,E1_REPLICA_GT_FINE,tracking_error,,,c6d7f046df0f18347dd70eca0cf02afdecd35da91985a24a737060541ed29dc1,DATA_BLOCKED_NO_FROZEN_TRACKING_ERROR_BUDGET,
C0_METHOD_INDEPENDENT,,0.3323141343405449,E1_REPLICA_GT_FINE,velocity_scale,0.25,,d73848087c18733f887bb72089596f171895084cef467e8b437e68281bc48ce2,MAP_ENDPOINT_EXPOSURE_ONLY,
C0_METHOD_INDEPENDENT,,0.33245893588135683,E1_REPLICA_GT_FINE,velocity_scale,0.5,,d73848087c18733f887bb72089596f171895084cef467e8b437e68281bc48ce2,MAP_ENDPOINT_EXPOSURE_ONLY,
C0_METHOD_INDEPENDENT,,0.33260677324819243,E1_REPLICA_GT_FINE,velocity_scale,0.75,,d73848087c18733f887bb72089596f171895084cef467e8b437e68281bc48ce2,MAP_ENDPOINT_EXPOSURE_ONLY,
C0_METHOD_INDEPENDENT,,0.33275764649675993,E1_REPLICA_GT_FINE,velocity_scale,1.0,,d73848087c18733f887bb72089596f171895084cef467e8b437e68281bc48ce2,MAP_ENDPOINT_EXPOSURE_ONLY,
C0_METHOD_INDEPENDENT,,0.33245893588135683,E1_REPLICA_GT_FINE,dt_s,0.025,,d73848087c18733f887bb72089596f171895084cef467e8b437e68281bc48ce2,MAP_ENDPOINT_EXPOSURE_ONLY,
C0_METHOD_INDEPENDENT,,0.33275764649675993,E1_REPLICA_GT_FINE,dt_s,0.05,,d73848087c18733f887bb72089596f171895084cef467e8b437e68281bc48ce2,MAP_ENDPOINT_EXPOSURE_ONLY,
C0_METHOD_INDEPENDENT,,0.3333914994603727,E1_REPLICA_GT_FINE,dt_s,0.1,,d73848087c18733f887bb72089596f171895084cef467e8b437e68281bc48ce2,MAP_ENDPOINT_EXPOSURE_ONLY,
C0_METHOD_INDEPENDENT,,0.3348049460009399,E1_REPLICA_GT_FINE,dt_s,0.2,,d73848087c18733f887bb72089596f171895084cef467e8b437e68281bc48ce2,MAP_ENDPOINT_EXPOSURE_ONLY,
C0_METHOD_INDEPENDENT,,,E1_REPLICA_GT_FINE,u_bound_inf,0.05,,d73848087c18733f887bb72089596f171895084cef467e8b437e68281bc48ce2,MAP_ENDPOINT_EXPOSURE_ONLY,0.33278109822800506
C0_METHOD_INDEPENDENT,,,E1_REPLICA_GT_FINE,u_bound_inf,0.1,,d73848087c18733f887bb72089596f171895084cef467e8b437e68281bc48ce2,MAP_ENDPOINT_EXPOSURE_ONLY,0.33279649878067796
C0_METHOD_INDEPENDENT,,,E1_REPLICA_GT_FINE,u_bound_inf,0.2,,d73848087c18733f887bb72089596f171895084cef467e8b437e68281bc48ce2,MAP_ENDPOINT_EXPOSURE_ONLY,0.33279649878067796
C0_METHOD_INDEPENDENT,,,E1_REPLICA_GT_FINE,latency_cycles,0,0.3321723685711354,d73848087c18733f887bb72089596f171895084cef467e8b437e68281bc48ce2,MAP_ENDPOINT_EXPOSURE_ONLY,
C0_METHOD_INDEPENDENT,,,E1_REPLICA_GT_FINE,latency_cycles,1,0.33275764649675993,d73848087c18733f887bb72089596f171895084cef467e8b437e68281bc48ce2,MAP_ENDPOINT_EXPOSURE_ONLY,
C0_METHOD_INDEPENDENT,,,E1_REPLICA_GT_FINE,latency_cycles,2,0.3333914994603727,d73848087c18733f887bb72089596f171895084cef467e8b437e68281bc48ce2,MAP_ENDPOINT_EXPOSURE_ONLY,
C0_METHOD_INDEPENDENT,,,E1_REPLICA_GT_FINE,tracking_error,,,d73848087c18733f887bb72089596f171895084cef467e8b437e68281bc48ce2,DATA_BLOCKED_NO_FROZEN_TRACKING_ERROR_BUDGET,
C0_METHOD_INDEPENDENT,,0.058895326692257485,E1_REPLICA_GT_FINE,velocity_scale,0.25,,e8e29ada3d95a190f9c2b4a8f1e2d8c5758a16280e32bd58c1428e26a1fd590e,MAP_ENDPOINT_EXPOSURE_ONLY,
C0_METHOD_INDEPENDENT,,0.058863927625785864,E1_REPLICA_GT_FINE,velocity_scale,0.5,,e8e29ada3d95a190f9c2b4a8f1e2d8c5758a16280e32bd58c1428e26a1fd590e,MAP_ENDPOINT_EXPOSURE_ONLY,
C0_METHOD_INDEPENDENT,,0.05883546213317112,E1_REPLICA_GT_FINE,velocity_scale,0.75,,e8e29ada3d95a190f9c2b4a8f1e2d8c5758a16280e32bd58c1428e26a1fd590e,MAP_ENDPOINT_EXPOSURE_ONLY,
C0_METHOD_INDEPENDENT,,0.058809930106254446,E1_REPLICA_GT_FINE,velocity_scale,1.0,,e8e29ada3d95a190f9c2b4a8f1e2d8c5758a16280e32bd58c1428e26a1fd590e,MAP_ENDPOINT_EXPOSURE_ONLY,
C0_METHOD_INDEPENDENT,,0.058863927625785864,E1_REPLICA_GT_FINE,dt_s,0.025,,e8e29ada3d95a190f9c2b4a8f1e2d8c5758a16280e32bd58c1428e26a1fd590e,MAP_ENDPOINT_EXPOSURE_ONLY,
C0_METHOD_INDEPENDENT,,0.058809930106254446,E1_REPLICA_GT_FINE,dt_s,0.05,,e8e29ada3d95a190f9c2b4a8f1e2d8c5758a16280e32bd58c1428e26a1fd590e,MAP_ENDPOINT_EXPOSURE_ONLY,
C0_METHOD_INDEPENDENT,,0.05873713488000355,E1_REPLICA_GT_FINE,dt_s,0.1,,e8e29ada3d95a190f9c2b4a8f1e2d8c5758a16280e32bd58c1428e26a1fd590e,MAP_ENDPOINT_EXPOSURE_ONLY,
C0_METHOD_INDEPENDENT,,0.05854473517593815,E1_REPLICA_GT_FINE,dt_s,0.2,,e8e29ada3d95a190f9c2b4a8f1e2d8c5758a16280e32bd58c1428e26a1fd590e,MAP_ENDPOINT_EXPOSURE_ONLY,
C0_METHOD_INDEPENDENT,,,E1_REPLICA_GT_FINE,u_bound_inf,0.05,,e8e29ada3d95a190f9c2b4a8f1e2d8c5758a16280e32bd58c1428e26a1fd590e,MAP_ENDPOINT_EXPOSURE_ONLY,0.058793795780952146
C0_METHOD_INDEPENDENT,,,E1_REPLICA_GT_FINE,u_bound_inf,0.1,,e8e29ada3d95a190f9c2b4a8f1e2d8c5758a16280e32bd58c1428e26a1fd590e,MAP_ENDPOINT_EXPOSURE_ONLY,0.058782565508779694
C0_METHOD_INDEPENDENT,,,E1_REPLICA_GT_FINE,u_bound_inf,0.2,,e8e29ada3d95a190f9c2b4a8f1e2d8c5758a16280e32bd58c1428e26a1fd590e,MAP_ENDPOINT_EXPOSURE_ONLY,0.058782565508779694
C0_METHOD_INDEPENDENT,,,E1_REPLICA_GT_FINE,latency_cycles,0,0.05892965945177174,e8e29ada3d95a190f9c2b4a8f1e2d8c5758a16280e32bd58c1428e26a1fd590e,MAP_ENDPOINT_EXPOSURE_ONLY,
C0_METHOD_INDEPENDENT,,,E1_REPLICA_GT_FINE,latency_cycles,1,0.058809930106254446,e8e29ada3d95a190f9c2b4a8f1e2d8c5758a16280e32bd58c1428e26a1fd590e,MAP_ENDPOINT_EXPOSURE_ONLY,
C0_METHOD_INDEPENDENT,,,E1_REPLICA_GT_FINE,latency_cycles,2,0.05873713488000355,e8e29ada3d95a190f9c2b4a8f1e2d8c5758a16280e32bd58c1428e26a1fd590e,MAP_ENDPOINT_EXPOSURE_ONLY,
C0_METHOD_INDEPENDENT,,,E1_REPLICA_GT_FINE,tracking_error,,,e8e29ada3d95a190f9c2b4a8f1e2d8c5758a16280e32bd58c1428e26a1fd590e,DATA_BLOCKED_NO_FROZEN_TRACKING_ERROR_BUDGET,
C0_METHOD_INDEPENDENT,Frozen selected official state has zero velocity; artificial velocity prohibited.,,E5_STONEHENGE_SAFER,velocity_scale,,,0134302ab41076889b51193a28030c4b4c593c7d49d324db7384fadf8e4292c7,DATA_BLOCKED_OFFICIAL_NONZERO_VELOCITY_ABSENT,
C0_METHOD_INDEPENDENT,,-0.00907058734446764,E5_STONEHENGE_SAFER,dt_s,0.025,,0134302ab41076889b51193a28030c4b4c593c7d49d324db7384fadf8e4292c7,MAP_ENDPOINT_EXPOSURE_ONLY,
C0_METHOD_INDEPENDENT,,-0.00907058734446764,E5_STONEHENGE_SAFER,dt_s,0.05,,0134302ab41076889b51193a28030c4b4c593c7d49d324db7384fadf8e4292c7,MAP_ENDPOINT_EXPOSURE_ONLY,
C0_METHOD_INDEPENDENT,,-0.00907058734446764,E5_STONEHENGE_SAFER,dt_s,0.1,,0134302ab41076889b51193a28030c4b4c593c7d49d324db7384fadf8e4292c7,MAP_ENDPOINT_EXPOSURE_ONLY,
C0_METHOD_INDEPENDENT,,-0.00907058734446764,E5_STONEHENGE_SAFER,dt_s,0.2,,0134302ab41076889b51193a28030c4b4c593c7d49d324db7384fadf8e4292c7,MAP_ENDPOINT_EXPOSURE_ONLY,
C0_METHOD_INDEPENDENT,,,E5_STONEHENGE_SAFER,u_bound_inf,0.05,,0134302ab41076889b51193a28030c4b4c593c7d49d324db7384fadf8e4292c7,MAP_ENDPOINT_EXPOSURE_ONLY,-0.00907058734446764
C0_METHOD_INDEPENDENT,,,E5_STONEHENGE_SAFER,u_bound_inf,0.1,,0134302ab41076889b51193a28030c4b4c593c7d49d324db7384fadf8e4292c7,MAP_ENDPOINT_EXPOSURE_ONLY,-0.00907058734446764
C0_METHOD_INDEPENDENT,,,E5_STONEHENGE_SAFER,u_bound_inf,0.2,,0134302ab41076889b51193a28030c4b4c593c7d49d324db7384fadf8e4292c7,MAP_ENDPOINT_EXPOSURE_ONLY,-0.00907058734446764
C0_METHOD_INDEPENDENT,,,E5_STONEHENGE_SAFER,latency_cycles,0,-0.00907058734446764,0134302ab41076889b51193a28030c4b4c593c7d49d324db7384fadf8e4292c7,MAP_ENDPOINT_EXPOSURE_ONLY,
C0_METHOD_INDEPENDENT,,,E5_STONEHENGE_SAFER,latency_cycles,1,-0.00907058734446764,0134302ab41076889b51193a28030c4b4c593c7d49d324db7384fadf8e4292c7,MAP_ENDPOINT_EXPOSURE_ONLY,
C0_METHOD_INDEPENDENT,,,E5_STONEHENGE_SAFER,latency_cycles,2,-0.00907058734446764,0134302ab41076889b51193a28030c4b4c593c7d49d324db7384fadf8e4292c7,MAP_ENDPOINT_EXPOSURE_ONLY,
C0_METHOD_INDEPENDENT,,,E5_STONEHENGE_SAFER,tracking_error,,,0134302ab41076889b51193a28030c4b4c593c7d49d324db7384fadf8e4292c7,DATA_BLOCKED_NO_FROZEN_TRACKING_ERROR_BUDGET,
C0_METHOD_INDEPENDENT,Frozen selected official state has zero velocity; artificial velocity prohibited.,,E5_STONEHENGE_SAFER,velocity_scale,,,0d858158bd5fe799ce2a64711e6bab8ab455e20123047c69ef13c8d2f6b13cb4,DATA_BLOCKED_OFFICIAL_NONZERO_VELOCITY_ABSENT,
C0_METHOD_INDEPENDENT,,-0.0066307014785707,E5_STONEHENGE_SAFER,dt_s,0.025,,0d858158bd5fe799ce2a64711e6bab8ab455e20123047c69ef13c8d2f6b13cb4,MAP_ENDPOINT_EXPOSURE_ONLY,
C0_METHOD_INDEPENDENT,,-0.0066307014785707,E5_STONEHENGE_SAFER,dt_s,0.05,,0d858158bd5fe799ce2a64711e6bab8ab455e20123047c69ef13c8d2f6b13cb4,MAP_ENDPOINT_EXPOSURE_ONLY,
C0_METHOD_INDEPENDENT,,-0.0066307014785707,E5_STONEHENGE_SAFER,dt_s,0.1,,0d858158bd5fe799ce2a64711e6bab8ab455e20123047c69ef13c8d2f6b13cb4,MAP_ENDPOINT_EXPOSURE_ONLY,
C0_METHOD_INDEPENDENT,,-0.0066307014785707,E5_STONEHENGE_SAFER,dt_s,0.2,,0d858158bd5fe799ce2a64711e6bab8ab455e20123047c69ef13c8d2f6b13cb4,MAP_ENDPOINT_EXPOSURE_ONLY,
C0_METHOD_INDEPENDENT,,,E5_STONEHENGE_SAFER,u_bound_inf,0.05,,0d858158bd5fe799ce2a64711e6bab8ab455e20123047c69ef13c8d2f6b13cb4,MAP_ENDPOINT_EXPOSURE_ONLY,-0.0066307014785707
C0_METHOD_INDEPENDENT,,,E5_STONEHENGE_SAFER,u_bound_inf,0.1,,0d858158bd5fe799ce2a64711e6bab8ab455e20123047c69ef13c8d2f6b13cb4,MAP_ENDPOINT_EXPOSURE_ONLY,-0.0066307014785707
C0_METHOD_INDEPENDENT,,,E5_STONEHENGE_SAFER,u_bound_inf,0.2,,0d858158bd5fe799ce2a64711e6bab8ab455e20123047c69ef13c8d2f6b13cb4,MAP_ENDPOINT_EXPOSURE_ONLY,-0.0066307014785707
C0_METHOD_INDEPENDENT,,,E5_STONEHENGE_SAFER,latency_cycles,0,-0.0066307014785707,0d858158bd5fe799ce2a64711e6bab8ab455e20123047c69ef13c8d2f6b13cb4,MAP_ENDPOINT_EXPOSURE_ONLY,
C0_METHOD_INDEPENDENT,,,E5_STONEHENGE_SAFER,latency_cycles,1,-0.0066307014785707,0d858158bd5fe799ce2a64711e6bab8ab455e20123047c69ef13c8d2f6b13cb4,MAP_ENDPOINT_EXPOSURE_ONLY,
C0_METHOD_INDEPENDENT,,,E5_STONEHENGE_SAFER,latency_cycles,2,-0.0066307014785707,0d858158bd5fe799ce2a64711e6bab8ab455e20123047c69ef13c8d2f6b13cb4,MAP_ENDPOINT_EXPOSURE_ONLY,
C0_METHOD_INDEPENDENT,,,E5_STONEHENGE_SAFER,tracking_error,,,0d858158bd5fe799ce2a64711e6bab8ab455e20123047c69ef13c8d2f6b13cb4,DATA_BLOCKED_NO_FROZEN_TRACKING_ERROR_BUDGET,
C0_METHOD_INDEPENDENT,Frozen selected official state has zero velocity; artificial velocity prohibited.,,E5_STONEHENGE_SAFER,velocity_scale,,,24fd31d3054097eae6b1e972550278f895095a40321f77a25cbd7d6770c715bb,DATA_BLOCKED_OFFICIAL_NONZERO_VELOCITY_ABSENT,
C0_METHOD_INDEPENDENT,,-0.009618889540433884,E5_STONEHENGE_SAFER,dt_s,0.025,,24fd31d3054097eae6b1e972550278f895095a40321f77a25cbd7d6770c715bb,MAP_ENDPOINT_EXPOSURE_ONLY,
C0_METHOD_INDEPENDENT,,-0.009618889540433884,E5_STONEHENGE_SAFER,dt_s,0.05,,24fd31d3054097eae6b1e972550278f895095a40321f77a25cbd7d6770c715bb,MAP_ENDPOINT_EXPOSURE_ONLY,
C0_METHOD_INDEPENDENT,,-0.009618889540433884,E5_STONEHENGE_SAFER,dt_s,0.1,,24fd31d3054097eae6b1e972550278f895095a40321f77a25cbd7d6770c715bb,MAP_ENDPOINT_EXPOSURE_ONLY,
C0_METHOD_INDEPENDENT,,-0.009618889540433884,E5_STONEHENGE_SAFER,dt_s,0.2,,24fd31d3054097eae6b1e972550278f895095a40321f77a25cbd7d6770c715bb,MAP_ENDPOINT_EXPOSURE_ONLY,
C0_METHOD_INDEPENDENT,,,E5_STONEHENGE_SAFER,u_bound_inf,0.05,,24fd31d3054097eae6b1e972550278f895095a40321f77a25cbd7d6770c715bb,MAP_ENDPOINT_EXPOSURE_ONLY,-0.009618889540433884
C0_METHOD_INDEPENDENT,,,E5_STONEHENGE_SAFER,u_bound_inf,0.1,,24fd31d3054097eae6b1e972550278f895095a40321f77a25cbd7d6770c715bb,MAP_ENDPOINT_EXPOSURE_ONLY,-0.009618889540433884
C0_METHOD_INDEPENDENT,,,E5_STONEHENGE_SAFER,u_bound_inf,0.2,,24fd31d3054097eae6b1e972550278f895095a40321f77a25cbd7d6770c715bb,MAP_ENDPOINT_EXPOSURE_ONLY,-0.009618889540433884
C0_METHOD_INDEPENDENT,,,E5_STONEHENGE_SAFER,latency_cycles,0,-0.009618889540433884,24fd31d3054097eae6b1e972550278f895095a40321f77a25cbd7d6770c715bb,MAP_ENDPOINT_EXPOSURE_ONLY,
C0_METHOD_INDEPENDENT,,,E5_STONEHENGE_SAFER,latency_cycles,1,-0.009618889540433884,24fd31d3054097eae6b1e972550278f895095a40321f77a25cbd7d6770c715bb,MAP_ENDPOINT_EXPOSURE_ONLY,
C0_METHOD_INDEPENDENT,,,E5_STONEHENGE_SAFER,latency_cycles,2,-0.009618889540433884,24fd31d3054097eae6b1e972550278f895095a40321f77a25cbd7d6770c715bb,MAP_ENDPOINT_EXPOSURE_ONLY,
C0_METHOD_INDEPENDENT,,,E5_STONEHENGE_SAFER,tracking_error,,,24fd31d3054097eae6b1e972550278f895095a40321f77a25cbd7d6770c715bb,DATA_BLOCKED_NO_FROZEN_TRACKING_ERROR_BUDGET,
C0_METHOD_INDEPENDENT,Frozen selected official state has zero velocity; artificial velocity prohibited.,,E5_STONEHENGE_SAFER,velocity_scale,,,3790da6b1aed9c99b4c67c2d2c4ab37af16c1cc254d4c4be0956d958c295dd6a,DATA_BLOCKED_OFFICIAL_NONZERO_VELOCITY_ABSENT,
C0_METHOD_INDEPENDENT,,-0.0088348388671875,E5_STONEHENGE_SAFER,dt_s,0.025,,3790da6b1aed9c99b4c67c2d2c4ab37af16c1cc254d4c4be0956d958c295dd6a,MAP_ENDPOINT_EXPOSURE_ONLY,
C0_METHOD_INDEPENDENT,,-0.0088348388671875,E5_STONEHENGE_SAFER,dt_s,0.05,,3790da6b1aed9c99b4c67c2d2c4ab37af16c1cc254d4c4be0956d958c295dd6a,MAP_ENDPOINT_EXPOSURE_ONLY,
C0_METHOD_INDEPENDENT,,-0.0088348388671875,E5_STONEHENGE_SAFER,dt_s,0.1,,3790da6b1aed9c99b4c67c2d2c4ab37af16c1cc254d4c4be0956d958c295dd6a,MAP_ENDPOINT_EXPOSURE_ONLY,
C0_METHOD_INDEPENDENT,,-0.0088348388671875,E5_STONEHENGE_SAFER,dt_s,0.2,,3790da6b1aed9c99b4c67c2d2c4ab37af16c1cc254d4c4be0956d958c295dd6a,MAP_ENDPOINT_EXPOSURE_ONLY,
C0_METHOD_INDEPENDENT,,,E5_STONEHENGE_SAFER,u_bound_inf,0.05,,3790da6b1aed9c99b4c67c2d2c4ab37af16c1cc254d4c4be0956d958c295dd6a,MAP_ENDPOINT_EXPOSURE_ONLY,-0.0088348388671875
C0_METHOD_INDEPENDENT,,,E5_STONEHENGE_SAFER,u_bound_inf,0.1,,3790da6b1aed9c99b4c67c2d2c4ab37af16c1cc254d4c4be0956d958c295dd6a,MAP_ENDPOINT_EXPOSURE_ONLY,-0.0088348388671875
C0_METHOD_INDEPENDENT,,,E5_STONEHENGE_SAFER,u_bound_inf,0.2,,3790da6b1aed9c99b4c67c2d2c4ab37af16c1cc254d4c4be0956d958c295dd6a,MAP_ENDPOINT_EXPOSURE_ONLY,-0.0088348388671875
C0_METHOD_INDEPENDENT,,,E5_STONEHENGE_SAFER,latency_cycles,0,-0.0088348388671875,3790da6b1aed9c99b4c67c2d2c4ab37af16c1cc254d4c4be0956d958c295dd6a,MAP_ENDPOINT_EXPOSURE_ONLY,
C0_METHOD_INDEPENDENT,,,E5_STONEHENGE_SAFER,latency_cycles,1,-0.0088348388671875,3790da6b1aed9c99b4c67c2d2c4ab37af16c1cc254d4c4be0956d958c295dd6a,MAP_ENDPOINT_EXPOSURE_ONLY,
C0_METHOD_INDEPENDENT,,,E5_STONEHENGE_SAFER,latency_cycles,2,-0.0088348388671875,3790da6b1aed9c99b4c67c2d2c4ab37af16c1cc254d4c4be0956d958c295dd6a,MAP_ENDPOINT_EXPOSURE_ONLY,
C0_METHOD_INDEPENDENT,,,E5_STONEHENGE_SAFER,tracking_error,,,3790da6b1aed9c99b4c67c2d2c4ab37af16c1cc254d4c4be0956d958c295dd6a,DATA_BLOCKED_NO_FROZEN_TRACKING_ERROR_BUDGET,
C0_METHOD_INDEPENDENT,Frozen selected official state has zero velocity; artificial velocity prohibited.,,E5_STONEHENGE_SAFER,velocity_scale,,,4973ebd65bf5c9a2830199a51b00a460ac220c12e85a32b7bb8c8a218905d204,DATA_BLOCKED_OFFICIAL_NONZERO_VELOCITY_ABSENT,
C0_METHOD_INDEPENDENT,,-0.006230030208826065,E5_STONEHENGE_SAFER,dt_s,0.025,,4973ebd65bf5c9a2830199a51b00a460ac220c12e85a32b7bb8c8a218905d204,MAP_ENDPOINT_EXPOSURE_ONLY,
C0_METHOD_INDEPENDENT,,-0.006230030208826065,E5_STONEHENGE_SAFER,dt_s,0.05,,4973ebd65bf5c9a2830199a51b00a460ac220c12e85a32b7bb8c8a218905d204,MAP_ENDPOINT_EXPOSURE_ONLY,
C0_METHOD_INDEPENDENT,,-0.006230030208826065,E5_STONEHENGE_SAFER,dt_s,0.1,,4973ebd65bf5c9a2830199a51b00a460ac220c12e85a32b7bb8c8a218905d204,MAP_ENDPOINT_EXPOSURE_ONLY,
C0_METHOD_INDEPENDENT,,-0.006230030208826065,E5_STONEHENGE_SAFER,dt_s,0.2,,4973ebd65bf5c9a2830199a51b00a460ac220c12e85a32b7bb8c8a218905d204,MAP_ENDPOINT_EXPOSURE_ONLY,
C0_METHOD_INDEPENDENT,,,E5_STONEHENGE_SAFER,u_bound_inf,0.05,,4973ebd65bf5c9a2830199a51b00a460ac220c12e85a32b7bb8c8a218905d204,MAP_ENDPOINT_EXPOSURE_ONLY,-0.006230030208826065
C0_METHOD_INDEPENDENT,,,E5_STONEHENGE_SAFER,u_bound_inf,0.1,,4973ebd65bf5c9a2830199a51b00a460ac220c12e85a32b7bb8c8a218905d204,MAP_ENDPOINT_EXPOSURE_ONLY,-0.006230030208826065
C0_METHOD_INDEPENDENT,,,E5_STONEHENGE_SAFER,u_bound_inf,0.2,,4973ebd65bf5c9a2830199a51b00a460ac220c12e85a32b7bb8c8a218905d204,MAP_ENDPOINT_EXPOSURE_ONLY,-0.006230030208826065
C0_METHOD_INDEPENDENT,,,E5_STONEHENGE_SAFER,latency_cycles,0,-0.006230030208826065,4973ebd65bf5c9a2830199a51b00a460ac220c12e85a32b7bb8c8a218905d204,MAP_ENDPOINT_EXPOSURE_ONLY,
C0_METHOD_INDEPENDENT,,,E5_STONEHENGE_SAFER,latency_cycles,1,-0.006230030208826065,4973ebd65bf5c9a2830199a51b00a460ac220c12e85a32b7bb8c8a218905d204,MAP_ENDPOINT_EXPOSURE_ONLY,
C0_METHOD_INDEPENDENT,,,E5_STONEHENGE_SAFER,latency_cycles,2,-0.006230030208826065,4973ebd65bf5c9a2830199a51b00a460ac220c12e85a32b7bb8c8a218905d204,MAP_ENDPOINT_EXPOSURE_ONLY,
C0_METHOD_INDEPENDENT,,,E5_STONEHENGE_SAFER,tracking_error,,,4973ebd65bf5c9a2830199a51b00a460ac220c12e85a32b7bb8c8a218905d204,DATA_BLOCKED_NO_FROZEN_TRACKING_ERROR_BUDGET,
C0_METHOD_INDEPENDENT,Frozen selected official state has zero velocity; artificial velocity prohibited.,,E5_STONEHENGE_SAFER,velocity_scale,,,5da504b0103fee60d127a07e33fbd66c35003cf0f794b1b85f5f85bdff77a22e,DATA_BLOCKED_OFFICIAL_NONZERO_VELOCITY_ABSENT,
C0_METHOD_INDEPENDENT,,-0.010956565849483013,E5_STONEHENGE_SAFER,dt_s,0.025,,5da504b0103fee60d127a07e33fbd66c35003cf0f794b1b85f5f85bdff77a22e,MAP_ENDPOINT_EXPOSURE_ONLY,
C0_METHOD_INDEPENDENT,,-0.010956565849483013,E5_STONEHENGE_SAFER,dt_s,0.05,,5da504b0103fee60d127a07e33fbd66c35003cf0f794b1b85f5f85bdff77a22e,MAP_ENDPOINT_EXPOSURE_ONLY,
C0_METHOD_INDEPENDENT,,-0.010956565849483013,E5_STONEHENGE_SAFER,dt_s,0.1,,5da504b0103fee60d127a07e33fbd66c35003cf0f794b1b85f5f85bdff77a22e,MAP_ENDPOINT_EXPOSURE_ONLY,
C0_METHOD_INDEPENDENT,,-0.010956565849483013,E5_STONEHENGE_SAFER,dt_s,0.2,,5da504b0103fee60d127a07e33fbd66c35003cf0f794b1b85f5f85bdff77a22e,MAP_ENDPOINT_EXPOSURE_ONLY,
C0_METHOD_INDEPENDENT,,,E5_STONEHENGE_SAFER,u_bound_inf,0.05,,5da504b0103fee60d127a07e33fbd66c35003cf0f794b1b85f5f85bdff77a22e,MAP_ENDPOINT_EXPOSURE_ONLY,-0.010956565849483013
C0_METHOD_INDEPENDENT,,,E5_STONEHENGE_SAFER,u_bound_inf,0.1,,5da504b0103fee60d127a07e33fbd66c35003cf0f794b1b85f5f85bdff77a22e,MAP_ENDPOINT_EXPOSURE_ONLY,-0.010956565849483013
C0_METHOD_INDEPENDENT,,,E5_STONEHENGE_SAFER,u_bound_inf,0.2,,5da504b0103fee60d127a07e33fbd66c35003cf0f794b1b85f5f85bdff77a22e,MAP_ENDPOINT_EXPOSURE_ONLY,-0.010956565849483013
C0_METHOD_INDEPENDENT,,,E5_STONEHENGE_SAFER,latency_cycles,0,-0.010956565849483013,5da504b0103fee60d127a07e33fbd66c35003cf0f794b1b85f5f85bdff77a22e,MAP_ENDPOINT_EXPOSURE_ONLY,
C0_METHOD_INDEPENDENT,,,E5_STONEHENGE_SAFER,latency_cycles,1,-0.010956565849483013,5da504b0103fee60d127a07e33fbd66c35003cf0f794b1b85f5f85bdff77a22e,MAP_ENDPOINT_EXPOSURE_ONLY,
C0_METHOD_INDEPENDENT,,,E5_STONEHENGE_SAFER,latency_cycles,2,-0.010956565849483013,5da504b0103fee60d127a07e33fbd66c35003cf0f794b1b85f5f85bdff77a22e,MAP_ENDPOINT_EXPOSURE_ONLY,
C0_METHOD_INDEPENDENT,,,E5_STONEHENGE_SAFER,tracking_error,,,5da504b0103fee60d127a07e33fbd66c35003cf0f794b1b85f5f85bdff77a22e,DATA_BLOCKED_NO_FROZEN_TRACKING_ERROR_BUDGET,
C0_METHOD_INDEPENDENT,Frozen selected official state has zero velocity; artificial velocity prohibited.,,E5_STONEHENGE_SAFER,velocity_scale,,,66b96dd60a486e146063604cbd2437835c0906ae0e45bd5225776373ea397239,DATA_BLOCKED_OFFICIAL_NONZERO_VELOCITY_ABSENT,
C0_METHOD_INDEPENDENT,,-0.007224704138934612,E5_STONEHENGE_SAFER,dt_s,0.025,,66b96dd60a486e146063604cbd2437835c0906ae0e45bd5225776373ea397239,MAP_ENDPOINT_EXPOSURE_ONLY,
C0_METHOD_INDEPENDENT,,-0.007224704138934612,E5_STONEHENGE_SAFER,dt_s,0.05,,66b96dd60a486e146063604cbd2437835c0906ae0e45bd5225776373ea397239,MAP_ENDPOINT_EXPOSURE_ONLY,
C0_METHOD_INDEPENDENT,,-0.007224704138934612,E5_STONEHENGE_SAFER,dt_s,0.1,,66b96dd60a486e146063604cbd2437835c0906ae0e45bd5225776373ea397239,MAP_ENDPOINT_EXPOSURE_ONLY,
C0_METHOD_INDEPENDENT,,-0.007224704138934612,E5_STONEHENGE_SAFER,dt_s,0.2,,66b96dd60a486e146063604cbd2437835c0906ae0e45bd5225776373ea397239,MAP_ENDPOINT_EXPOSURE_ONLY,
C0_METHOD_INDEPENDENT,,,E5_STONEHENGE_SAFER,u_bound_inf,0.05,,66b96dd60a486e146063604cbd2437835c0906ae0e45bd5225776373ea397239,MAP_ENDPOINT_EXPOSURE_ONLY,-0.007224704138934612
C0_METHOD_INDEPENDENT,,,E5_STONEHENGE_SAFER,u_bound_inf,0.1,,66b96dd60a486e146063604cbd2437835c0906ae0e45bd5225776373ea397239,MAP_ENDPOINT_EXPOSURE_ONLY,-0.007224704138934612
C0_METHOD_INDEPENDENT,,,E5_STONEHENGE_SAFER,u_bound_inf,0.2,,66b96dd60a486e146063604cbd2437835c0906ae0e45bd5225776373ea397239,MAP_ENDPOINT_EXPOSURE_ONLY,-0.007224704138934612
C0_METHOD_INDEPENDENT,,,E5_STONEHENGE_SAFER,latency_cycles,0,-0.007224704138934612,66b96dd60a486e146063604cbd2437835c0906ae0e45bd5225776373ea397239,MAP_ENDPOINT_EXPOSURE_ONLY,
C0_METHOD_INDEPENDENT,,,E5_STONEHENGE_SAFER,latency_cycles,1,-0.007224704138934612,66b96dd60a486e146063604cbd2437835c0906ae0e45bd5225776373ea397239,MAP_ENDPOINT_EXPOSURE_ONLY,
C0_METHOD_INDEPENDENT,,,E5_STONEHENGE_SAFER,latency_cycles,2,-0.007224704138934612,66b96dd60a486e146063604cbd2437835c0906ae0e45bd5225776373ea397239,MAP_ENDPOINT_EXPOSURE_ONLY,
C0_METHOD_INDEPENDENT,,,E5_STONEHENGE_SAFER,tracking_error,,,66b96dd60a486e146063604cbd2437835c0906ae0e45bd5225776373ea397239,DATA_BLOCKED_NO_FROZEN_TRACKING_ERROR_BUDGET,
C0_METHOD_INDEPENDENT,Frozen selected official state has zero velocity; artificial velocity prohibited.,,E5_STONEHENGE_SAFER,velocity_scale,,,75a53b499543bafed813ae1b2b68707ea89364c9720b58322c9c81e29c4edfc2,DATA_BLOCKED_OFFICIAL_NONZERO_VELOCITY_ABSENT,
C0_METHOD_INDEPENDENT,,-0.008123615756630898,E5_STONEHENGE_SAFER,dt_s,0.025,,75a53b499543bafed813ae1b2b68707ea89364c9720b58322c9c81e29c4edfc2,MAP_ENDPOINT_EXPOSURE_ONLY,
C0_METHOD_INDEPENDENT,,-0.008123615756630898,E5_STONEHENGE_SAFER,dt_s,0.05,,75a53b499543bafed813ae1b2b68707ea89364c9720b58322c9c81e29c4edfc2,MAP_ENDPOINT_EXPOSURE_ONLY,
C0_METHOD_INDEPENDENT,,-0.008123615756630898,E5_STONEHENGE_SAFER,dt_s,0.1,,75a53b499543bafed813ae1b2b68707ea89364c9720b58322c9c81e29c4edfc2,MAP_ENDPOINT_EXPOSURE_ONLY,
C0_METHOD_INDEPENDENT,,-0.008123615756630898,E5_STONEHENGE_SAFER,dt_s,0.2,,75a53b499543bafed813ae1b2b68707ea89364c9720b58322c9c81e29c4edfc2,MAP_ENDPOINT_EXPOSURE_ONLY,
C0_METHOD_INDEPENDENT,,,E5_STONEHENGE_SAFER,u_bound_inf,0.05,,75a53b499543bafed813ae1b2b68707ea89364c9720b58322c9c81e29c4edfc2,MAP_ENDPOINT_EXPOSURE_ONLY,-0.008123615756630898
C0_METHOD_INDEPENDENT,,,E5_STONEHENGE_SAFER,u_bound_inf,0.1,,75a53b499543bafed813ae1b2b68707ea89364c9720b58322c9c81e29c4edfc2,MAP_ENDPOINT_EXPOSURE_ONLY,-0.008123615756630898
C0_METHOD_INDEPENDENT,,,E5_STONEHENGE_SAFER,u_bound_inf,0.2,,75a53b499543bafed813ae1b2b68707ea89364c9720b58322c9c81e29c4edfc2,MAP_ENDPOINT_EXPOSURE_ONLY,-0.008123615756630898
C0_METHOD_INDEPENDENT,,,E5_STONEHENGE_SAFER,latency_cycles,0,-0.008123615756630898,75a53b499543bafed813ae1b2b68707ea89364c9720b58322c9c81e29c4edfc2,MAP_ENDPOINT_EXPOSURE_ONLY,
C0_METHOD_INDEPENDENT,,,E5_STONEHENGE_SAFER,latency_cycles,1,-0.008123615756630898,75a53b499543bafed813ae1b2b68707ea89364c9720b58322c9c81e29c4edfc2,MAP_ENDPOINT_EXPOSURE_ONLY,
C0_METHOD_INDEPENDENT,,,E5_STONEHENGE_SAFER,latency_cycles,2,-0.008123615756630898,75a53b499543bafed813ae1b2b68707ea89364c9720b58322c9c81e29c4edfc2,MAP_ENDPOINT_EXPOSURE_ONLY,
C0_METHOD_INDEPENDENT,,,E5_STONEHENGE_SAFER,tracking_error,,,75a53b499543bafed813ae1b2b68707ea89364c9720b58322c9c81e29c4edfc2,DATA_BLOCKED_NO_FROZEN_TRACKING_ERROR_BUDGET,
C0_METHOD_INDEPENDENT,Frozen selected official state has zero velocity; artificial velocity prohibited.,,E5_STONEHENGE_SAFER,velocity_scale,,,7bf19d5bbfa9b11b25d33a1488c8d741f5c7b42e389d03887b637c5f439a8d61,DATA_BLOCKED_OFFICIAL_NONZERO_VELOCITY_ABSENT,
C0_METHOD_INDEPENDENT,,-0.008555061183869839,E5_STONEHENGE_SAFER,dt_s,0.025,,7bf19d5bbfa9b11b25d33a1488c8d741f5c7b42e389d03887b637c5f439a8d61,MAP_ENDPOINT_EXPOSURE_ONLY,
C0_METHOD_INDEPENDENT,,-0.008555061183869839,E5_STONEHENGE_SAFER,dt_s,0.05,,7bf19d5bbfa9b11b25d33a1488c8d741f5c7b42e389d03887b637c5f439a8d61,MAP_ENDPOINT_EXPOSURE_ONLY,
C0_METHOD_INDEPENDENT,,-0.008555061183869839,E5_STONEHENGE_SAFER,dt_s,0.1,,7bf19d5bbfa9b11b25d33a1488c8d741f5c7b42e389d03887b637c5f439a8d61,MAP_ENDPOINT_EXPOSURE_ONLY,
C0_METHOD_INDEPENDENT,,-0.008555061183869839,E5_STONEHENGE_SAFER,dt_s,0.2,,7bf19d5bbfa9b11b25d33a1488c8d741f5c7b42e389d03887b637c5f439a8d61,MAP_ENDPOINT_EXPOSURE_ONLY,
C0_METHOD_INDEPENDENT,,,E5_STONEHENGE_SAFER,u_bound_inf,0.05,,7bf19d5bbfa9b11b25d33a1488c8d741f5c7b42e389d03887b637c5f439a8d61,MAP_ENDPOINT_EXPOSURE_ONLY,-0.008555061183869839
C0_METHOD_INDEPENDENT,,,E5_STONEHENGE_SAFER,u_bound_inf,0.1,,7bf19d5bbfa9b11b25d33a1488c8d741f5c7b42e389d03887b637c5f439a8d61,MAP_ENDPOINT_EXPOSURE_ONLY,-0.008555061183869839
C0_METHOD_INDEPENDENT,,,E5_STONEHENGE_SAFER,u_bound_inf,0.2,,7bf19d5bbfa9b11b25d33a1488c8d741f5c7b42e389d03887b637c5f439a8d61,MAP_ENDPOINT_EXPOSURE_ONLY,-0.008555061183869839
C0_METHOD_INDEPENDENT,,,E5_STONEHENGE_SAFER,latency_cycles,0,-0.008555061183869839,7bf19d5bbfa9b11b25d33a1488c8d741f5c7b42e389d03887b637c5f439a8d61,MAP_ENDPOINT_EXPOSURE_ONLY,
C0_METHOD_INDEPENDENT,,,E5_STONEHENGE_SAFER,latency_cycles,1,-0.008555061183869839,7bf19d5bbfa9b11b25d33a1488c8d741f5c7b42e389d03887b637c5f439a8d61,MAP_ENDPOINT_EXPOSURE_ONLY,
C0_METHOD_INDEPENDENT,,,E5_STONEHENGE_SAFER,latency_cycles,2,-0.008555061183869839,7bf19d5bbfa9b11b25d33a1488c8d741f5c7b42e389d03887b637c5f439a8d61,MAP_ENDPOINT_EXPOSURE_ONLY,
C0_METHOD_INDEPENDENT,,,E5_STONEHENGE_SAFER,tracking_error,,,7bf19d5bbfa9b11b25d33a1488c8d741f5c7b42e389d03887b637c5f439a8d61,DATA_BLOCKED_NO_FROZEN_TRACKING_ERROR_BUDGET,
C0_METHOD_INDEPENDENT,Frozen selected official state has zero velocity; artificial velocity prohibited.,,E5_STONEHENGE_SAFER,velocity_scale,,,92d4018f4207a8e04cfdc88776b8912616bb8285b2bda14b3d04d801509cd29c,DATA_BLOCKED_OFFICIAL_NONZERO_VELOCITY_ABSENT,
C0_METHOD_INDEPENDENT,,-0.009015119634568691,E5_STONEHENGE_SAFER,dt_s,0.025,,92d4018f4207a8e04cfdc88776b8912616bb8285b2bda14b3d04d801509cd29c,MAP_ENDPOINT_EXPOSURE_ONLY,
C0_METHOD_INDEPENDENT,,-0.009015119634568691,E5_STONEHENGE_SAFER,dt_s,0.05,,92d4018f4207a8e04cfdc88776b8912616bb8285b2bda14b3d04d801509cd29c,MAP_ENDPOINT_EXPOSURE_ONLY,
C0_METHOD_INDEPENDENT,,-0.009015119634568691,E5_STONEHENGE_SAFER,dt_s,0.1,,92d4018f4207a8e04cfdc88776b8912616bb8285b2bda14b3d04d801509cd29c,MAP_ENDPOINT_EXPOSURE_ONLY,
C0_METHOD_INDEPENDENT,,-0.009015119634568691,E5_STONEHENGE_SAFER,dt_s,0.2,,92d4018f4207a8e04cfdc88776b8912616bb8285b2bda14b3d04d801509cd29c,MAP_ENDPOINT_EXPOSURE_ONLY,
C0_METHOD_INDEPENDENT,,,E5_STONEHENGE_SAFER,u_bound_inf,0.05,,92d4018f4207a8e04cfdc88776b8912616bb8285b2bda14b3d04d801509cd29c,MAP_ENDPOINT_EXPOSURE_ONLY,-0.009015119634568691
C0_METHOD_INDEPENDENT,,,E5_STONEHENGE_SAFER,u_bound_inf,0.1,,92d4018f4207a8e04cfdc88776b8912616bb8285b2bda14b3d04d801509cd29c,MAP_ENDPOINT_EXPOSURE_ONLY,-0.009015119634568691
C0_METHOD_INDEPENDENT,,,E5_STONEHENGE_SAFER,u_bound_inf,0.2,,92d4018f4207a8e04cfdc88776b8912616bb8285b2bda14b3d04d801509cd29c,MAP_ENDPOINT_EXPOSURE_ONLY,-0.009015119634568691
C0_METHOD_INDEPENDENT,,,E5_STONEHENGE_SAFER,latency_cycles,0,-0.009015119634568691,92d4018f4207a8e04cfdc88776b8912616bb8285b2bda14b3d04d801509cd29c,MAP_ENDPOINT_EXPOSURE_ONLY,
C0_METHOD_INDEPENDENT,,,E5_STONEHENGE_SAFER,latency_cycles,1,-0.009015119634568691,92d4018f4207a8e04cfdc88776b8912616bb8285b2bda14b3d04d801509cd29c,MAP_ENDPOINT_EXPOSURE_ONLY,
C0_METHOD_INDEPENDENT,,,E5_STONEHENGE_SAFER,latency_cycles,2,-0.009015119634568691,92d4018f4207a8e04cfdc88776b8912616bb8285b2bda14b3d04d801509cd29c,MAP_ENDPOINT_EXPOSURE_ONLY,
C0_METHOD_INDEPENDENT,,,E5_STONEHENGE_SAFER,tracking_error,,,92d4018f4207a8e04cfdc88776b8912616bb8285b2bda14b3d04d801509cd29c,DATA_BLOCKED_NO_FROZEN_TRACKING_ERROR_BUDGET,
C0_METHOD_INDEPENDENT,Frozen selected official state has zero velocity; artificial velocity prohibited.,,E5_STONEHENGE_SAFER,velocity_scale,,,9fde748565a802e20233a4a4cf474ae35598a89615e54e26b3c8a9d8a07bb7f8,DATA_BLOCKED_OFFICIAL_NONZERO_VELOCITY_ABSENT,
C0_METHOD_INDEPENDENT,,-0.007739786058664322,E5_STONEHENGE_SAFER,dt_s,0.025,,9fde748565a802e20233a4a4cf474ae35598a89615e54e26b3c8a9d8a07bb7f8,MAP_ENDPOINT_EXPOSURE_ONLY,
C0_METHOD_INDEPENDENT,,-0.007739786058664322,E5_STONEHENGE_SAFER,dt_s,0.05,,9fde748565a802e20233a4a4cf474ae35598a89615e54e26b3c8a9d8a07bb7f8,MAP_ENDPOINT_EXPOSURE_ONLY,
C0_METHOD_INDEPENDENT,,-0.007739786058664322,E5_STONEHENGE_SAFER,dt_s,0.1,,9fde748565a802e20233a4a4cf474ae35598a89615e54e26b3c8a9d8a07bb7f8,MAP_ENDPOINT_EXPOSURE_ONLY,
C0_METHOD_INDEPENDENT,,-0.007739786058664322,E5_STONEHENGE_SAFER,dt_s,0.2,,9fde748565a802e20233a4a4cf474ae35598a89615e54e26b3c8a9d8a07bb7f8,MAP_ENDPOINT_EXPOSURE_ONLY,
C0_METHOD_INDEPENDENT,,,E5_STONEHENGE_SAFER,u_bound_inf,0.05,,9fde748565a802e20233a4a4cf474ae35598a89615e54e26b3c8a9d8a07bb7f8,MAP_ENDPOINT_EXPOSURE_ONLY,-0.007739786058664322
C0_METHOD_INDEPENDENT,,,E5_STONEHENGE_SAFER,u_bound_inf,0.1,,9fde748565a802e20233a4a4cf474ae35598a89615e54e26b3c8a9d8a07bb7f8,MAP_ENDPOINT_EXPOSURE_ONLY,-0.007739786058664322
C0_METHOD_INDEPENDENT,,,E5_STONEHENGE_SAFER,u_bound_inf,0.2,,9fde748565a802e20233a4a4cf474ae35598a89615e54e26b3c8a9d8a07bb7f8,MAP_ENDPOINT_EXPOSURE_ONLY,-0.007739786058664322
C0_METHOD_INDEPENDENT,,,E5_STONEHENGE_SAFER,latency_cycles,0,-0.007739786058664322,9fde748565a802e20233a4a4cf474ae35598a89615e54e26b3c8a9d8a07bb7f8,MAP_ENDPOINT_EXPOSURE_ONLY,
C0_METHOD_INDEPENDENT,,,E5_STONEHENGE_SAFER,latency_cycles,1,-0.007739786058664322,9fde748565a802e20233a4a4cf474ae35598a89615e54e26b3c8a9d8a07bb7f8,MAP_ENDPOINT_EXPOSURE_ONLY,
C0_METHOD_INDEPENDENT,,,E5_STONEHENGE_SAFER,latency_cycles,2,-0.007739786058664322,9fde748565a802e20233a4a4cf474ae35598a89615e54e26b3c8a9d8a07bb7f8,MAP_ENDPOINT_EXPOSURE_ONLY,
C0_METHOD_INDEPENDENT,,,E5_STONEHENGE_SAFER,tracking_error,,,9fde748565a802e20233a4a4cf474ae35598a89615e54e26b3c8a9d8a07bb7f8,DATA_BLOCKED_NO_FROZEN_TRACKING_ERROR_BUDGET,
C0_METHOD_INDEPENDENT,Frozen selected official state has zero velocity; artificial velocity prohibited.,,E5_STONEHENGE_SAFER,velocity_scale,,,a93d4dc4b77937f7a3422793985a95608837e395e4d2078c2d49cbaac178da17,DATA_BLOCKED_OFFICIAL_NONZERO_VELOCITY_ABSENT,
C0_METHOD_INDEPENDENT,,-0.00876232422888279,E5_STONEHENGE_SAFER,dt_s,0.025,,a93d4dc4b77937f7a3422793985a95608837e395e4d2078c2d49cbaac178da17,MAP_ENDPOINT_EXPOSURE_ONLY,
C0_METHOD_INDEPENDENT,,-0.00876232422888279,E5_STONEHENGE_SAFER,dt_s,0.05,,a93d4dc4b77937f7a3422793985a95608837e395e4d2078c2d49cbaac178da17,MAP_ENDPOINT_EXPOSURE_ONLY,
C0_METHOD_INDEPENDENT,,-0.00876232422888279,E5_STONEHENGE_SAFER,dt_s,0.1,,a93d4dc4b77937f7a3422793985a95608837e395e4d2078c2d49cbaac178da17,MAP_ENDPOINT_EXPOSURE_ONLY,
C0_METHOD_INDEPENDENT,,-0.00876232422888279,E5_STONEHENGE_SAFER,dt_s,0.2,,a93d4dc4b77937f7a3422793985a95608837e395e4d2078c2d49cbaac178da17,MAP_ENDPOINT_EXPOSURE_ONLY,
C0_METHOD_INDEPENDENT,,,E5_STONEHENGE_SAFER,u_bound_inf,0.05,,a93d4dc4b77937f7a3422793985a95608837e395e4d2078c2d49cbaac178da17,MAP_ENDPOINT_EXPOSURE_ONLY,-0.00876232422888279
C0_METHOD_INDEPENDENT,,,E5_STONEHENGE_SAFER,u_bound_inf,0.1,,a93d4dc4b77937f7a3422793985a95608837e395e4d2078c2d49cbaac178da17,MAP_ENDPOINT_EXPOSURE_ONLY,-0.00876232422888279
C0_METHOD_INDEPENDENT,,,E5_STONEHENGE_SAFER,u_bound_inf,0.2,,a93d4dc4b77937f7a3422793985a95608837e395e4d2078c2d49cbaac178da17,MAP_ENDPOINT_EXPOSURE_ONLY,-0.00876232422888279
C0_METHOD_INDEPENDENT,,,E5_STONEHENGE_SAFER,latency_cycles,0,-0.00876232422888279,a93d4dc4b77937f7a3422793985a95608837e395e4d2078c2d49cbaac178da17,MAP_ENDPOINT_EXPOSURE_ONLY,
C0_METHOD_INDEPENDENT,,,E5_STONEHENGE_SAFER,latency_cycles,1,-0.00876232422888279,a93d4dc4b77937f7a3422793985a95608837e395e4d2078c2d49cbaac178da17,MAP_ENDPOINT_EXPOSURE_ONLY,
C0_METHOD_INDEPENDENT,,,E5_STONEHENGE_SAFER,latency_cycles,2,-0.00876232422888279,a93d4dc4b77937f7a3422793985a95608837e395e4d2078c2d49cbaac178da17,MAP_ENDPOINT_EXPOSURE_ONLY,
C0_METHOD_INDEPENDENT,,,E5_STONEHENGE_SAFER,tracking_error,,,a93d4dc4b77937f7a3422793985a95608837e395e4d2078c2d49cbaac178da17,DATA_BLOCKED_NO_FROZEN_TRACKING_ERROR_BUDGET,
C0_METHOD_INDEPENDENT,Frozen selected official state has zero velocity; artificial velocity prohibited.,,E5_STONEHENGE_SAFER,velocity_scale,,,b435290d116daca26befc618363be29641516a2b207deb644ad58dcdf8fd6cc5,DATA_BLOCKED_OFFICIAL_NONZERO_VELOCITY_ABSENT,
C0_METHOD_INDEPENDENT,,-0.009266266599297523,E5_STONEHENGE_SAFER,dt_s,0.025,,b435290d116daca26befc618363be29641516a2b207deb644ad58dcdf8fd6cc5,MAP_ENDPOINT_EXPOSURE_ONLY,
C0_METHOD_INDEPENDENT,,-0.009266266599297523,E5_STONEHENGE_SAFER,dt_s,0.05,,b435290d116daca26befc618363be29641516a2b207deb644ad58dcdf8fd6cc5,MAP_ENDPOINT_EXPOSURE_ONLY,
C0_METHOD_INDEPENDENT,,-0.009266266599297523,E5_STONEHENGE_SAFER,dt_s,0.1,,b435290d116daca26befc618363be29641516a2b207deb644ad58dcdf8fd6cc5,MAP_ENDPOINT_EXPOSURE_ONLY,
C0_METHOD_INDEPENDENT,,-0.009266266599297523,E5_STONEHENGE_SAFER,dt_s,0.2,,b435290d116daca26befc618363be29641516a2b207deb644ad58dcdf8fd6cc5,MAP_ENDPOINT_EXPOSURE_ONLY,
C0_METHOD_INDEPENDENT,,,E5_STONEHENGE_SAFER,u_bound_inf,0.05,,b435290d116daca26befc618363be29641516a2b207deb644ad58dcdf8fd6cc5,MAP_ENDPOINT_EXPOSURE_ONLY,-0.009266266599297523
C0_METHOD_INDEPENDENT,,,E5_STONEHENGE_SAFER,u_bound_inf,0.1,,b435290d116daca26befc618363be29641516a2b207deb644ad58dcdf8fd6cc5,MAP_ENDPOINT_EXPOSURE_ONLY,-0.009266266599297523
C0_METHOD_INDEPENDENT,,,E5_STONEHENGE_SAFER,u_bound_inf,0.2,,b435290d116daca26befc618363be29641516a2b207deb644ad58dcdf8fd6cc5,MAP_ENDPOINT_EXPOSURE_ONLY,-0.009266266599297523
C0_METHOD_INDEPENDENT,,,E5_STONEHENGE_SAFER,latency_cycles,0,-0.009266266599297523,b435290d116daca26befc618363be29641516a2b207deb644ad58dcdf8fd6cc5,MAP_ENDPOINT_EXPOSURE_ONLY,
C0_METHOD_INDEPENDENT,,,E5_STONEHENGE_SAFER,latency_cycles,1,-0.009266266599297523,b435290d116daca26befc618363be29641516a2b207deb644ad58dcdf8fd6cc5,MAP_ENDPOINT_EXPOSURE_ONLY,
C0_METHOD_INDEPENDENT,,,E5_STONEHENGE_SAFER,latency_cycles,2,-0.009266266599297523,b435290d116daca26befc618363be29641516a2b207deb644ad58dcdf8fd6cc5,MAP_ENDPOINT_EXPOSURE_ONLY,
C0_METHOD_INDEPENDENT,,,E5_STONEHENGE_SAFER,tracking_error,,,b435290d116daca26befc618363be29641516a2b207deb644ad58dcdf8fd6cc5,DATA_BLOCKED_NO_FROZEN_TRACKING_ERROR_BUDGET,
C0_METHOD_INDEPENDENT,Frozen selected official state has zero velocity; artificial velocity prohibited.,,E5_STONEHENGE_SAFER,velocity_scale,,,c80c96703f9599fb122064c02fd8701a59be7be43057c365ce2cd8b305134bce,DATA_BLOCKED_OFFICIAL_NONZERO_VELOCITY_ABSENT,
C0_METHOD_INDEPENDENT,,-0.0077672977931797504,E5_STONEHENGE_SAFER,dt_s,0.025,,c80c96703f9599fb122064c02fd8701a59be7be43057c365ce2cd8b305134bce,MAP_ENDPOINT_EXPOSURE_ONLY,
C0_METHOD_INDEPENDENT,,-0.0077672977931797504,E5_STONEHENGE_SAFER,dt_s,0.05,,c80c96703f9599fb122064c02fd8701a59be7be43057c365ce2cd8b305134bce,MAP_ENDPOINT_EXPOSURE_ONLY,
C0_METHOD_INDEPENDENT,,-0.0077672977931797504,E5_STONEHENGE_SAFER,dt_s,0.1,,c80c96703f9599fb122064c02fd8701a59be7be43057c365ce2cd8b305134bce,MAP_ENDPOINT_EXPOSURE_ONLY,
C0_METHOD_INDEPENDENT,,-0.0077672977931797504,E5_STONEHENGE_SAFER,dt_s,0.2,,c80c96703f9599fb122064c02fd8701a59be7be43057c365ce2cd8b305134bce,MAP_ENDPOINT_EXPOSURE_ONLY,
C0_METHOD_INDEPENDENT,,,E5_STONEHENGE_SAFER,u_bound_inf,0.05,,c80c96703f9599fb122064c02fd8701a59be7be43057c365ce2cd8b305134bce,MAP_ENDPOINT_EXPOSURE_ONLY,-0.0077672977931797504
C0_METHOD_INDEPENDENT,,,E5_STONEHENGE_SAFER,u_bound_inf,0.1,,c80c96703f9599fb122064c02fd8701a59be7be43057c365ce2cd8b305134bce,MAP_ENDPOINT_EXPOSURE_ONLY,-0.0077672977931797504
C0_METHOD_INDEPENDENT,,,E5_STONEHENGE_SAFER,u_bound_inf,0.2,,c80c96703f9599fb122064c02fd8701a59be7be43057c365ce2cd8b305134bce,MAP_ENDPOINT_EXPOSURE_ONLY,-0.0077672977931797504
C0_METHOD_INDEPENDENT,,,E5_STONEHENGE_SAFER,latency_cycles,0,-0.0077672977931797504,c80c96703f9599fb122064c02fd8701a59be7be43057c365ce2cd8b305134bce,MAP_ENDPOINT_EXPOSURE_ONLY,
C0_METHOD_INDEPENDENT,,,E5_STONEHENGE_SAFER,latency_cycles,1,-0.0077672977931797504,c80c96703f9599fb122064c02fd8701a59be7be43057c365ce2cd8b305134bce,MAP_ENDPOINT_EXPOSURE_ONLY,
C0_METHOD_INDEPENDENT,,,E5_STONEHENGE_SAFER,latency_cycles,2,-0.0077672977931797504,c80c96703f9599fb122064c02fd8701a59be7be43057c365ce2cd8b305134bce,MAP_ENDPOINT_EXPOSURE_ONLY,
C0_METHOD_INDEPENDENT,,,E5_STONEHENGE_SAFER,tracking_error,,,c80c96703f9599fb122064c02fd8701a59be7be43057c365ce2cd8b305134bce,DATA_BLOCKED_NO_FROZEN_TRACKING_ERROR_BUDGET,
C0_METHOD_INDEPENDENT,Frozen selected official state has zero velocity; artificial velocity prohibited.,,E5_STONEHENGE_SAFER,velocity_scale,,,cfff2de3165cf09c51f00709950dbd6702292c8a11b14670cbce346770123f3b,DATA_BLOCKED_OFFICIAL_NONZERO_VELOCITY_ABSENT,
C0_METHOD_INDEPENDENT,,-0.007213321514427662,E5_STONEHENGE_SAFER,dt_s,0.025,,cfff2de3165cf09c51f00709950dbd6702292c8a11b14670cbce346770123f3b,MAP_ENDPOINT_EXPOSURE_ONLY,
C0_METHOD_INDEPENDENT,,-0.007213321514427662,E5_STONEHENGE_SAFER,dt_s,0.05,,cfff2de3165cf09c51f00709950dbd6702292c8a11b14670cbce346770123f3b,MAP_ENDPOINT_EXPOSURE_ONLY,
C0_METHOD_INDEPENDENT,,-0.007213321514427662,E5_STONEHENGE_SAFER,dt_s,0.1,,cfff2de3165cf09c51f00709950dbd6702292c8a11b14670cbce346770123f3b,MAP_ENDPOINT_EXPOSURE_ONLY,
C0_METHOD_INDEPENDENT,,-0.007213321514427662,E5_STONEHENGE_SAFER,dt_s,0.2,,cfff2de3165cf09c51f00709950dbd6702292c8a11b14670cbce346770123f3b,MAP_ENDPOINT_EXPOSURE_ONLY,
C0_METHOD_INDEPENDENT,,,E5_STONEHENGE_SAFER,u_bound_inf,0.05,,cfff2de3165cf09c51f00709950dbd6702292c8a11b14670cbce346770123f3b,MAP_ENDPOINT_EXPOSURE_ONLY,-0.007213321514427662
C0_METHOD_INDEPENDENT,,,E5_STONEHENGE_SAFER,u_bound_inf,0.1,,cfff2de3165cf09c51f00709950dbd6702292c8a11b14670cbce346770123f3b,MAP_ENDPOINT_EXPOSURE_ONLY,-0.007213321514427662
C0_METHOD_INDEPENDENT,,,E5_STONEHENGE_SAFER,u_bound_inf,0.2,,cfff2de3165cf09c51f00709950dbd6702292c8a11b14670cbce346770123f3b,MAP_ENDPOINT_EXPOSURE_ONLY,-0.007213321514427662
C0_METHOD_INDEPENDENT,,,E5_STONEHENGE_SAFER,latency_cycles,0,-0.007213321514427662,cfff2de3165cf09c51f00709950dbd6702292c8a11b14670cbce346770123f3b,MAP_ENDPOINT_EXPOSURE_ONLY,
C0_METHOD_INDEPENDENT,,,E5_STONEHENGE_SAFER,latency_cycles,1,-0.007213321514427662,cfff2de3165cf09c51f00709950dbd6702292c8a11b14670cbce346770123f3b,MAP_ENDPOINT_EXPOSURE_ONLY,
C0_METHOD_INDEPENDENT,,,E5_STONEHENGE_SAFER,latency_cycles,2,-0.007213321514427662,cfff2de3165cf09c51f00709950dbd6702292c8a11b14670cbce346770123f3b,MAP_ENDPOINT_EXPOSURE_ONLY,
C0_METHOD_INDEPENDENT,,,E5_STONEHENGE_SAFER,tracking_error,,,cfff2de3165cf09c51f00709950dbd6702292c8a11b14670cbce346770123f3b,DATA_BLOCKED_NO_FROZEN_TRACKING_ERROR_BUDGET,
C0_METHOD_INDEPENDENT,Frozen selected official state has zero velocity; artificial velocity prohibited.,,E5_STONEHENGE_SAFER,velocity_scale,,,efbd89b2a73b40006872adbb2b2fc0650e3ee99cc9409721d515c60200eea070,DATA_BLOCKED_OFFICIAL_NONZERO_VELOCITY_ABSENT,
C0_METHOD_INDEPENDENT,,-0.006076756864786148,E5_STONEHENGE_SAFER,dt_s,0.025,,efbd89b2a73b40006872adbb2b2fc0650e3ee99cc9409721d515c60200eea070,MAP_ENDPOINT_EXPOSURE_ONLY,
C0_METHOD_INDEPENDENT,,-0.006076756864786148,E5_STONEHENGE_SAFER,dt_s,0.05,,efbd89b2a73b40006872adbb2b2fc0650e3ee99cc9409721d515c60200eea070,MAP_ENDPOINT_EXPOSURE_ONLY,
C0_METHOD_INDEPENDENT,,-0.006076756864786148,E5_STONEHENGE_SAFER,dt_s,0.1,,efbd89b2a73b40006872adbb2b2fc0650e3ee99cc9409721d515c60200eea070,MAP_ENDPOINT_EXPOSURE_ONLY,
C0_METHOD_INDEPENDENT,,-0.006076756864786148,E5_STONEHENGE_SAFER,dt_s,0.2,,efbd89b2a73b40006872adbb2b2fc0650e3ee99cc9409721d515c60200eea070,MAP_ENDPOINT_EXPOSURE_ONLY,
C0_METHOD_INDEPENDENT,,,E5_STONEHENGE_SAFER,u_bound_inf,0.05,,efbd89b2a73b40006872adbb2b2fc0650e3ee99cc9409721d515c60200eea070,MAP_ENDPOINT_EXPOSURE_ONLY,-0.006076756864786148
C0_METHOD_INDEPENDENT,,,E5_STONEHENGE_SAFER,u_bound_inf,0.1,,efbd89b2a73b40006872adbb2b2fc0650e3ee99cc9409721d515c60200eea070,MAP_ENDPOINT_EXPOSURE_ONLY,-0.006076756864786148
C0_METHOD_INDEPENDENT,,,E5_STONEHENGE_SAFER,u_bound_inf,0.2,,efbd89b2a73b40006872adbb2b2fc0650e3ee99cc9409721d515c60200eea070,MAP_ENDPOINT_EXPOSURE_ONLY,-0.006076756864786148
C0_METHOD_INDEPENDENT,,,E5_STONEHENGE_SAFER,latency_cycles,0,-0.006076756864786148,efbd89b2a73b40006872adbb2b2fc0650e3ee99cc9409721d515c60200eea070,MAP_ENDPOINT_EXPOSURE_ONLY,
C0_METHOD_INDEPENDENT,,,E5_STONEHENGE_SAFER,latency_cycles,1,-0.006076756864786148,efbd89b2a73b40006872adbb2b2fc0650e3ee99cc9409721d515c60200eea070,MAP_ENDPOINT_EXPOSURE_ONLY,
C0_METHOD_INDEPENDENT,,,E5_STONEHENGE_SAFER,latency_cycles,2,-0.006076756864786148,efbd89b2a73b40006872adbb2b2fc0650e3ee99cc9409721d515c60200eea070,MAP_ENDPOINT_EXPOSURE_ONLY,
C0_METHOD_INDEPENDENT,,,E5_STONEHENGE_SAFER,tracking_error,,,efbd89b2a73b40006872adbb2b2fc0650e3ee99cc9409721d515c60200eea070,DATA_BLOCKED_NO_FROZEN_TRACKING_ERROR_BUDGET,
C1_FAILURE_DIAGNOSTIC,Frozen selected official state has zero velocity; artificial velocity prohibited.,,E5_STONEHENGE_SAFER,velocity_scale,,,0134302ab41076889b51193a28030c4b4c593c7d49d324db7384fadf8e4292c7,DATA_BLOCKED_OFFICIAL_NONZERO_VELOCITY_ABSENT,
C1_FAILURE_DIAGNOSTIC,,-0.00907058734446764,E5_STONEHENGE_SAFER,dt_s,0.025,,0134302ab41076889b51193a28030c4b4c593c7d49d324db7384fadf8e4292c7,MAP_ENDPOINT_EXPOSURE_ONLY,
C1_FAILURE_DIAGNOSTIC,,-0.00907058734446764,E5_STONEHENGE_SAFER,dt_s,0.05,,0134302ab41076889b51193a28030c4b4c593c7d49d324db7384fadf8e4292c7,MAP_ENDPOINT_EXPOSURE_ONLY,
C1_FAILURE_DIAGNOSTIC,,-0.00907058734446764,E5_STONEHENGE_SAFER,dt_s,0.1,,0134302ab41076889b51193a28030c4b4c593c7d49d324db7384fadf8e4292c7,MAP_ENDPOINT_EXPOSURE_ONLY,
C1_FAILURE_DIAGNOSTIC,,-0.00907058734446764,E5_STONEHENGE_SAFER,dt_s,0.2,,0134302ab41076889b51193a28030c4b4c593c7d49d324db7384fadf8e4292c7,MAP_ENDPOINT_EXPOSURE_ONLY,
C1_FAILURE_DIAGNOSTIC,,,E5_STONEHENGE_SAFER,u_bound_inf,0.05,,0134302ab41076889b51193a28030c4b4c593c7d49d324db7384fadf8e4292c7,MAP_ENDPOINT_EXPOSURE_ONLY,-0.00907058734446764
C1_FAILURE_DIAGNOSTIC,,,E5_STONEHENGE_SAFER,u_bound_inf,0.1,,0134302ab41076889b51193a28030c4b4c593c7d49d324db7384fadf8e4292c7,MAP_ENDPOINT_EXPOSURE_ONLY,-0.00907058734446764
C1_FAILURE_DIAGNOSTIC,,,E5_STONEHENGE_SAFER,u_bound_inf,0.2,,0134302ab41076889b51193a28030c4b4c593c7d49d324db7384fadf8e4292c7,MAP_ENDPOINT_EXPOSURE_ONLY,-0.00907058734446764
C1_FAILURE_DIAGNOSTIC,,,E5_STONEHENGE_SAFER,latency_cycles,0,-0.00907058734446764,0134302ab41076889b51193a28030c4b4c593c7d49d324db7384fadf8e4292c7,MAP_ENDPOINT_EXPOSURE_ONLY,
C1_FAILURE_DIAGNOSTIC,,,E5_STONEHENGE_SAFER,latency_cycles,1,-0.00907058734446764,0134302ab41076889b51193a28030c4b4c593c7d49d324db7384fadf8e4292c7,MAP_ENDPOINT_EXPOSURE_ONLY,
C1_FAILURE_DIAGNOSTIC,,,E5_STONEHENGE_SAFER,latency_cycles,2,-0.00907058734446764,0134302ab41076889b51193a28030c4b4c593c7d49d324db7384fadf8e4292c7,MAP_ENDPOINT_EXPOSURE_ONLY,
C1_FAILURE_DIAGNOSTIC,,,E5_STONEHENGE_SAFER,tracking_error,,,0134302ab41076889b51193a28030c4b4c593c7d49d324db7384fadf8e4292c7,DATA_BLOCKED_NO_FROZEN_TRACKING_ERROR_BUDGET,
C1_FAILURE_DIAGNOSTIC,Frozen selected official state has zero velocity; artificial velocity prohibited.,,E5_STONEHENGE_SAFER,velocity_scale,,,0d858158bd5fe799ce2a64711e6bab8ab455e20123047c69ef13c8d2f6b13cb4,DATA_BLOCKED_OFFICIAL_NONZERO_VELOCITY_ABSENT,
C1_FAILURE_DIAGNOSTIC,,-0.0066307014785707,E5_STONEHENGE_SAFER,dt_s,0.025,,0d858158bd5fe799ce2a64711e6bab8ab455e20123047c69ef13c8d2f6b13cb4,MAP_ENDPOINT_EXPOSURE_ONLY,
C1_FAILURE_DIAGNOSTIC,,-0.0066307014785707,E5_STONEHENGE_SAFER,dt_s,0.05,,0d858158bd5fe799ce2a64711e6bab8ab455e20123047c69ef13c8d2f6b13cb4,MAP_ENDPOINT_EXPOSURE_ONLY,
C1_FAILURE_DIAGNOSTIC,,-0.0066307014785707,E5_STONEHENGE_SAFER,dt_s,0.1,,0d858158bd5fe799ce2a64711e6bab8ab455e20123047c69ef13c8d2f6b13cb4,MAP_ENDPOINT_EXPOSURE_ONLY,
C1_FAILURE_DIAGNOSTIC,,-0.0066307014785707,E5_STONEHENGE_SAFER,dt_s,0.2,,0d858158bd5fe799ce2a64711e6bab8ab455e20123047c69ef13c8d2f6b13cb4,MAP_ENDPOINT_EXPOSURE_ONLY,
C1_FAILURE_DIAGNOSTIC,,,E5_STONEHENGE_SAFER,u_bound_inf,0.05,,0d858158bd5fe799ce2a64711e6bab8ab455e20123047c69ef13c8d2f6b13cb4,MAP_ENDPOINT_EXPOSURE_ONLY,-0.0066307014785707
C1_FAILURE_DIAGNOSTIC,,,E5_STONEHENGE_SAFER,u_bound_inf,0.1,,0d858158bd5fe799ce2a64711e6bab8ab455e20123047c69ef13c8d2f6b13cb4,MAP_ENDPOINT_EXPOSURE_ONLY,-0.0066307014785707
C1_FAILURE_DIAGNOSTIC,,,E5_STONEHENGE_SAFER,u_bound_inf,0.2,,0d858158bd5fe799ce2a64711e6bab8ab455e20123047c69ef13c8d2f6b13cb4,MAP_ENDPOINT_EXPOSURE_ONLY,-0.0066307014785707
C1_FAILURE_DIAGNOSTIC,,,E5_STONEHENGE_SAFER,latency_cycles,0,-0.0066307014785707,0d858158bd5fe799ce2a64711e6bab8ab455e20123047c69ef13c8d2f6b13cb4,MAP_ENDPOINT_EXPOSURE_ONLY,
C1_FAILURE_DIAGNOSTIC,,,E5_STONEHENGE_SAFER,latency_cycles,1,-0.0066307014785707,0d858158bd5fe799ce2a64711e6bab8ab455e20123047c69ef13c8d2f6b13cb4,MAP_ENDPOINT_EXPOSURE_ONLY,
C1_FAILURE_DIAGNOSTIC,,,E5_STONEHENGE_SAFER,latency_cycles,2,-0.0066307014785707,0d858158bd5fe799ce2a64711e6bab8ab455e20123047c69ef13c8d2f6b13cb4,MAP_ENDPOINT_EXPOSURE_ONLY,
C1_FAILURE_DIAGNOSTIC,,,E5_STONEHENGE_SAFER,tracking_error,,,0d858158bd5fe799ce2a64711e6bab8ab455e20123047c69ef13c8d2f6b13cb4,DATA_BLOCKED_NO_FROZEN_TRACKING_ERROR_BUDGET,
C1_FAILURE_DIAGNOSTIC,Frozen selected official state has zero velocity; artificial velocity prohibited.,,E5_STONEHENGE_SAFER,velocity_scale,,,24fd31d3054097eae6b1e972550278f895095a40321f77a25cbd7d6770c715bb,DATA_BLOCKED_OFFICIAL_NONZERO_VELOCITY_ABSENT,
C1_FAILURE_DIAGNOSTIC,,-0.009618889540433884,E5_STONEHENGE_SAFER,dt_s,0.025,,24fd31d3054097eae6b1e972550278f895095a40321f77a25cbd7d6770c715bb,MAP_ENDPOINT_EXPOSURE_ONLY,
C1_FAILURE_DIAGNOSTIC,,-0.009618889540433884,E5_STONEHENGE_SAFER,dt_s,0.05,,24fd31d3054097eae6b1e972550278f895095a40321f77a25cbd7d6770c715bb,MAP_ENDPOINT_EXPOSURE_ONLY,
C1_FAILURE_DIAGNOSTIC,,-0.009618889540433884,E5_STONEHENGE_SAFER,dt_s,0.1,,24fd31d3054097eae6b1e972550278f895095a40321f77a25cbd7d6770c715bb,MAP_ENDPOINT_EXPOSURE_ONLY,
C1_FAILURE_DIAGNOSTIC,,-0.009618889540433884,E5_STONEHENGE_SAFER,dt_s,0.2,,24fd31d3054097eae6b1e972550278f895095a40321f77a25cbd7d6770c715bb,MAP_ENDPOINT_EXPOSURE_ONLY,
C1_FAILURE_DIAGNOSTIC,,,E5_STONEHENGE_SAFER,u_bound_inf,0.05,,24fd31d3054097eae6b1e972550278f895095a40321f77a25cbd7d6770c715bb,MAP_ENDPOINT_EXPOSURE_ONLY,-0.009618889540433884
C1_FAILURE_DIAGNOSTIC,,,E5_STONEHENGE_SAFER,u_bound_inf,0.1,,24fd31d3054097eae6b1e972550278f895095a40321f77a25cbd7d6770c715bb,MAP_ENDPOINT_EXPOSURE_ONLY,-0.009618889540433884
C1_FAILURE_DIAGNOSTIC,,,E5_STONEHENGE_SAFER,u_bound_inf,0.2,,24fd31d3054097eae6b1e972550278f895095a40321f77a25cbd7d6770c715bb,MAP_ENDPOINT_EXPOSURE_ONLY,-0.009618889540433884
C1_FAILURE_DIAGNOSTIC,,,E5_STONEHENGE_SAFER,latency_cycles,0,-0.009618889540433884,24fd31d3054097eae6b1e972550278f895095a40321f77a25cbd7d6770c715bb,MAP_ENDPOINT_EXPOSURE_ONLY,
C1_FAILURE_DIAGNOSTIC,,,E5_STONEHENGE_SAFER,latency_cycles,1,-0.009618889540433884,24fd31d3054097eae6b1e972550278f895095a40321f77a25cbd7d6770c715bb,MAP_ENDPOINT_EXPOSURE_ONLY,
C1_FAILURE_DIAGNOSTIC,,,E5_STONEHENGE_SAFER,latency_cycles,2,-0.009618889540433884,24fd31d3054097eae6b1e972550278f895095a40321f77a25cbd7d6770c715bb,MAP_ENDPOINT_EXPOSURE_ONLY,
C1_FAILURE_DIAGNOSTIC,,,E5_STONEHENGE_SAFER,tracking_error,,,24fd31d3054097eae6b1e972550278f895095a40321f77a25cbd7d6770c715bb,DATA_BLOCKED_NO_FROZEN_TRACKING_ERROR_BUDGET,
C1_FAILURE_DIAGNOSTIC,Frozen selected official state has zero velocity; artificial velocity prohibited.,,E5_STONEHENGE_SAFER,velocity_scale,,,3790da6b1aed9c99b4c67c2d2c4ab37af16c1cc254d4c4be0956d958c295dd6a,DATA_BLOCKED_OFFICIAL_NONZERO_VELOCITY_ABSENT,
C1_FAILURE_DIAGNOSTIC,,-0.0088348388671875,E5_STONEHENGE_SAFER,dt_s,0.025,,3790da6b1aed9c99b4c67c2d2c4ab37af16c1cc254d4c4be0956d958c295dd6a,MAP_ENDPOINT_EXPOSURE_ONLY,
C1_FAILURE_DIAGNOSTIC,,-0.0088348388671875,E5_STONEHENGE_SAFER,dt_s,0.05,,3790da6b1aed9c99b4c67c2d2c4ab37af16c1cc254d4c4be0956d958c295dd6a,MAP_ENDPOINT_EXPOSURE_ONLY,
C1_FAILURE_DIAGNOSTIC,,-0.0088348388671875,E5_STONEHENGE_SAFER,dt_s,0.1,,3790da6b1aed9c99b4c67c2d2c4ab37af16c1cc254d4c4be0956d958c295dd6a,MAP_ENDPOINT_EXPOSURE_ONLY,
C1_FAILURE_DIAGNOSTIC,,-0.0088348388671875,E5_STONEHENGE_SAFER,dt_s,0.2,,3790da6b1aed9c99b4c67c2d2c4ab37af16c1cc254d4c4be0956d958c295dd6a,MAP_ENDPOINT_EXPOSURE_ONLY,
C1_FAILURE_DIAGNOSTIC,,,E5_STONEHENGE_SAFER,u_bound_inf,0.05,,3790da6b1aed9c99b4c67c2d2c4ab37af16c1cc254d4c4be0956d958c295dd6a,MAP_ENDPOINT_EXPOSURE_ONLY,-0.0088348388671875
C1_FAILURE_DIAGNOSTIC,,,E5_STONEHENGE_SAFER,u_bound_inf,0.1,,3790da6b1aed9c99b4c67c2d2c4ab37af16c1cc254d4c4be0956d958c295dd6a,MAP_ENDPOINT_EXPOSURE_ONLY,-0.0088348388671875
C1_FAILURE_DIAGNOSTIC,,,E5_STONEHENGE_SAFER,u_bound_inf,0.2,,3790da6b1aed9c99b4c67c2d2c4ab37af16c1cc254d4c4be0956d958c295dd6a,MAP_ENDPOINT_EXPOSURE_ONLY,-0.0088348388671875
C1_FAILURE_DIAGNOSTIC,,,E5_STONEHENGE_SAFER,latency_cycles,0,-0.0088348388671875,3790da6b1aed9c99b4c67c2d2c4ab37af16c1cc254d4c4be0956d958c295dd6a,MAP_ENDPOINT_EXPOSURE_ONLY,
C1_FAILURE_DIAGNOSTIC,,,E5_STONEHENGE_SAFER,latency_cycles,1,-0.0088348388671875,3790da6b1aed9c99b4c67c2d2c4ab37af16c1cc254d4c4be0956d958c295dd6a,MAP_ENDPOINT_EXPOSURE_ONLY,
C1_FAILURE_DIAGNOSTIC,,,E5_STONEHENGE_SAFER,latency_cycles,2,-0.0088348388671875,3790da6b1aed9c99b4c67c2d2c4ab37af16c1cc254d4c4be0956d958c295dd6a,MAP_ENDPOINT_EXPOSURE_ONLY,
C1_FAILURE_DIAGNOSTIC,,,E5_STONEHENGE_SAFER,tracking_error,,,3790da6b1aed9c99b4c67c2d2c4ab37af16c1cc254d4c4be0956d958c295dd6a,DATA_BLOCKED_NO_FROZEN_TRACKING_ERROR_BUDGET,
C1_FAILURE_DIAGNOSTIC,Frozen selected official state has zero velocity; artificial velocity prohibited.,,E5_STONEHENGE_SAFER,velocity_scale,,,4973ebd65bf5c9a2830199a51b00a460ac220c12e85a32b7bb8c8a218905d204,DATA_BLOCKED_OFFICIAL_NONZERO_VELOCITY_ABSENT,
C1_FAILURE_DIAGNOSTIC,,-0.006230030208826065,E5_STONEHENGE_SAFER,dt_s,0.025,,4973ebd65bf5c9a2830199a51b00a460ac220c12e85a32b7bb8c8a218905d204,MAP_ENDPOINT_EXPOSURE_ONLY,
C1_FAILURE_DIAGNOSTIC,,-0.006230030208826065,E5_STONEHENGE_SAFER,dt_s,0.05,,4973ebd65bf5c9a2830199a51b00a460ac220c12e85a32b7bb8c8a218905d204,MAP_ENDPOINT_EXPOSURE_ONLY,
C1_FAILURE_DIAGNOSTIC,,-0.006230030208826065,E5_STONEHENGE_SAFER,dt_s,0.1,,4973ebd65bf5c9a2830199a51b00a460ac220c12e85a32b7bb8c8a218905d204,MAP_ENDPOINT_EXPOSURE_ONLY,
C1_FAILURE_DIAGNOSTIC,,-0.006230030208826065,E5_STONEHENGE_SAFER,dt_s,0.2,,4973ebd65bf5c9a2830199a51b00a460ac220c12e85a32b7bb8c8a218905d204,MAP_ENDPOINT_EXPOSURE_ONLY,
C1_FAILURE_DIAGNOSTIC,,,E5_STONEHENGE_SAFER,u_bound_inf,0.05,,4973ebd65bf5c9a2830199a51b00a460ac220c12e85a32b7bb8c8a218905d204,MAP_ENDPOINT_EXPOSURE_ONLY,-0.006230030208826065
C1_FAILURE_DIAGNOSTIC,,,E5_STONEHENGE_SAFER,u_bound_inf,0.1,,4973ebd65bf5c9a2830199a51b00a460ac220c12e85a32b7bb8c8a218905d204,MAP_ENDPOINT_EXPOSURE_ONLY,-0.006230030208826065
C1_FAILURE_DIAGNOSTIC,,,E5_STONEHENGE_SAFER,u_bound_inf,0.2,,4973ebd65bf5c9a2830199a51b00a460ac220c12e85a32b7bb8c8a218905d204,MAP_ENDPOINT_EXPOSURE_ONLY,-0.006230030208826065
C1_FAILURE_DIAGNOSTIC,,,E5_STONEHENGE_SAFER,latency_cycles,0,-0.006230030208826065,4973ebd65bf5c9a2830199a51b00a460ac220c12e85a32b7bb8c8a218905d204,MAP_ENDPOINT_EXPOSURE_ONLY,
C1_FAILURE_DIAGNOSTIC,,,E5_STONEHENGE_SAFER,latency_cycles,1,-0.006230030208826065,4973ebd65bf5c9a2830199a51b00a460ac220c12e85a32b7bb8c8a218905d204,MAP_ENDPOINT_EXPOSURE_ONLY,
C1_FAILURE_DIAGNOSTIC,,,E5_STONEHENGE_SAFER,latency_cycles,2,-0.006230030208826065,4973ebd65bf5c9a2830199a51b00a460ac220c12e85a32b7bb8c8a218905d204,MAP_ENDPOINT_EXPOSURE_ONLY,
C1_FAILURE_DIAGNOSTIC,,,E5_STONEHENGE_SAFER,tracking_error,,,4973ebd65bf5c9a2830199a51b00a460ac220c12e85a32b7bb8c8a218905d204,DATA_BLOCKED_NO_FROZEN_TRACKING_ERROR_BUDGET,
C1_FAILURE_DIAGNOSTIC,Frozen selected official state has zero velocity; artificial velocity prohibited.,,E5_STONEHENGE_SAFER,velocity_scale,,,5da504b0103fee60d127a07e33fbd66c35003cf0f794b1b85f5f85bdff77a22e,DATA_BLOCKED_OFFICIAL_NONZERO_VELOCITY_ABSENT,
C1_FAILURE_DIAGNOSTIC,,-0.010956565849483013,E5_STONEHENGE_SAFER,dt_s,0.025,,5da504b0103fee60d127a07e33fbd66c35003cf0f794b1b85f5f85bdff77a22e,MAP_ENDPOINT_EXPOSURE_ONLY,
C1_FAILURE_DIAGNOSTIC,,-0.010956565849483013,E5_STONEHENGE_SAFER,dt_s,0.05,,5da504b0103fee60d127a07e33fbd66c35003cf0f794b1b85f5f85bdff77a22e,MAP_ENDPOINT_EXPOSURE_ONLY,
C1_FAILURE_DIAGNOSTIC,,-0.010956565849483013,E5_STONEHENGE_SAFER,dt_s,0.1,,5da504b0103fee60d127a07e33fbd66c35003cf0f794b1b85f5f85bdff77a22e,MAP_ENDPOINT_EXPOSURE_ONLY,
C1_FAILURE_DIAGNOSTIC,,-0.010956565849483013,E5_STONEHENGE_SAFER,dt_s,0.2,,5da504b0103fee60d127a07e33fbd66c35003cf0f794b1b85f5f85bdff77a22e,MAP_ENDPOINT_EXPOSURE_ONLY,
C1_FAILURE_DIAGNOSTIC,,,E5_STONEHENGE_SAFER,u_bound_inf,0.05,,5da504b0103fee60d127a07e33fbd66c35003cf0f794b1b85f5f85bdff77a22e,MAP_ENDPOINT_EXPOSURE_ONLY,-0.010956565849483013
C1_FAILURE_DIAGNOSTIC,,,E5_STONEHENGE_SAFER,u_bound_inf,0.1,,5da504b0103fee60d127a07e33fbd66c35003cf0f794b1b85f5f85bdff77a22e,MAP_ENDPOINT_EXPOSURE_ONLY,-0.010956565849483013
C1_FAILURE_DIAGNOSTIC,,,E5_STONEHENGE_SAFER,u_bound_inf,0.2,,5da504b0103fee60d127a07e33fbd66c35003cf0f794b1b85f5f85bdff77a22e,MAP_ENDPOINT_EXPOSURE_ONLY,-0.010956565849483013
C1_FAILURE_DIAGNOSTIC,,,E5_STONEHENGE_SAFER,latency_cycles,0,-0.010956565849483013,5da504b0103fee60d127a07e33fbd66c35003cf0f794b1b85f5f85bdff77a22e,MAP_ENDPOINT_EXPOSURE_ONLY,
C1_FAILURE_DIAGNOSTIC,,,E5_STONEHENGE_SAFER,latency_cycles,1,-0.010956565849483013,5da504b0103fee60d127a07e33fbd66c35003cf0f794b1b85f5f85bdff77a22e,MAP_ENDPOINT_EXPOSURE_ONLY,
C1_FAILURE_DIAGNOSTIC,,,E5_STONEHENGE_SAFER,latency_cycles,2,-0.010956565849483013,5da504b0103fee60d127a07e33fbd66c35003cf0f794b1b85f5f85bdff77a22e,MAP_ENDPOINT_EXPOSURE_ONLY,
C1_FAILURE_DIAGNOSTIC,,,E5_STONEHENGE_SAFER,tracking_error,,,5da504b0103fee60d127a07e33fbd66c35003cf0f794b1b85f5f85bdff77a22e,DATA_BLOCKED_NO_FROZEN_TRACKING_ERROR_BUDGET,
C1_FAILURE_DIAGNOSTIC,Frozen selected official state has zero velocity; artificial velocity prohibited.,,E5_STONEHENGE_SAFER,velocity_scale,,,66b96dd60a486e146063604cbd2437835c0906ae0e45bd5225776373ea397239,DATA_BLOCKED_OFFICIAL_NONZERO_VELOCITY_ABSENT,
C1_FAILURE_DIAGNOSTIC,,-0.007224704138934612,E5_STONEHENGE_SAFER,dt_s,0.025,,66b96dd60a486e146063604cbd2437835c0906ae0e45bd5225776373ea397239,MAP_ENDPOINT_EXPOSURE_ONLY,
C1_FAILURE_DIAGNOSTIC,,-0.007224704138934612,E5_STONEHENGE_SAFER,dt_s,0.05,,66b96dd60a486e146063604cbd2437835c0906ae0e45bd5225776373ea397239,MAP_ENDPOINT_EXPOSURE_ONLY,
C1_FAILURE_DIAGNOSTIC,,-0.007224704138934612,E5_STONEHENGE_SAFER,dt_s,0.1,,66b96dd60a486e146063604cbd2437835c0906ae0e45bd5225776373ea397239,MAP_ENDPOINT_EXPOSURE_ONLY,
C1_FAILURE_DIAGNOSTIC,,-0.007224704138934612,E5_STONEHENGE_SAFER,dt_s,0.2,,66b96dd60a486e146063604cbd2437835c0906ae0e45bd5225776373ea397239,MAP_ENDPOINT_EXPOSURE_ONLY,
C1_FAILURE_DIAGNOSTIC,,,E5_STONEHENGE_SAFER,u_bound_inf,0.05,,66b96dd60a486e146063604cbd2437835c0906ae0e45bd5225776373ea397239,MAP_ENDPOINT_EXPOSURE_ONLY,-0.007224704138934612
C1_FAILURE_DIAGNOSTIC,,,E5_STONEHENGE_SAFER,u_bound_inf,0.1,,66b96dd60a486e146063604cbd2437835c0906ae0e45bd5225776373ea397239,MAP_ENDPOINT_EXPOSURE_ONLY,-0.007224704138934612
C1_FAILURE_DIAGNOSTIC,,,E5_STONEHENGE_SAFER,u_bound_inf,0.2,,66b96dd60a486e146063604cbd2437835c0906ae0e45bd5225776373ea397239,MAP_ENDPOINT_EXPOSURE_ONLY,-0.007224704138934612
C1_FAILURE_DIAGNOSTIC,,,E5_STONEHENGE_SAFER,latency_cycles,0,-0.007224704138934612,66b96dd60a486e146063604cbd2437835c0906ae0e45bd5225776373ea397239,MAP_ENDPOINT_EXPOSURE_ONLY,
C1_FAILURE_DIAGNOSTIC,,,E5_STONEHENGE_SAFER,latency_cycles,1,-0.007224704138934612,66b96dd60a486e146063604cbd2437835c0906ae0e45bd5225776373ea397239,MAP_ENDPOINT_EXPOSURE_ONLY,
C1_FAILURE_DIAGNOSTIC,,,E5_STONEHENGE_SAFER,latency_cycles,2,-0.007224704138934612,66b96dd60a486e146063604cbd2437835c0906ae0e45bd5225776373ea397239,MAP_ENDPOINT_EXPOSURE_ONLY,
C1_FAILURE_DIAGNOSTIC,,,E5_STONEHENGE_SAFER,tracking_error,,,66b96dd60a486e146063604cbd2437835c0906ae0e45bd5225776373ea397239,DATA_BLOCKED_NO_FROZEN_TRACKING_ERROR_BUDGET,
C1_FAILURE_DIAGNOSTIC,Frozen selected official state has zero velocity; artificial velocity prohibited.,,E5_STONEHENGE_SAFER,velocity_scale,,,75a53b499543bafed813ae1b2b68707ea89364c9720b58322c9c81e29c4edfc2,DATA_BLOCKED_OFFICIAL_NONZERO_VELOCITY_ABSENT,
C1_FAILURE_DIAGNOSTIC,,-0.008123615756630898,E5_STONEHENGE_SAFER,dt_s,0.025,,75a53b499543bafed813ae1b2b68707ea89364c9720b58322c9c81e29c4edfc2,MAP_ENDPOINT_EXPOSURE_ONLY,
C1_FAILURE_DIAGNOSTIC,,-0.008123615756630898,E5_STONEHENGE_SAFER,dt_s,0.05,,75a53b499543bafed813ae1b2b68707ea89364c9720b58322c9c81e29c4edfc2,MAP_ENDPOINT_EXPOSURE_ONLY,
C1_FAILURE_DIAGNOSTIC,,-0.008123615756630898,E5_STONEHENGE_SAFER,dt_s,0.1,,75a53b499543bafed813ae1b2b68707ea89364c9720b58322c9c81e29c4edfc2,MAP_ENDPOINT_EXPOSURE_ONLY,
C1_FAILURE_DIAGNOSTIC,,-0.008123615756630898,E5_STONEHENGE_SAFER,dt_s,0.2,,75a53b499543bafed813ae1b2b68707ea89364c9720b58322c9c81e29c4edfc2,MAP_ENDPOINT_EXPOSURE_ONLY,
C1_FAILURE_DIAGNOSTIC,,,E5_STONEHENGE_SAFER,u_bound_inf,0.05,,75a53b499543bafed813ae1b2b68707ea89364c9720b58322c9c81e29c4edfc2,MAP_ENDPOINT_EXPOSURE_ONLY,-0.008123615756630898
C1_FAILURE_DIAGNOSTIC,,,E5_STONEHENGE_SAFER,u_bound_inf,0.1,,75a53b499543bafed813ae1b2b68707ea89364c9720b58322c9c81e29c4edfc2,MAP_ENDPOINT_EXPOSURE_ONLY,-0.008123615756630898
C1_FAILURE_DIAGNOSTIC,,,E5_STONEHENGE_SAFER,u_bound_inf,0.2,,75a53b499543bafed813ae1b2b68707ea89364c9720b58322c9c81e29c4edfc2,MAP_ENDPOINT_EXPOSURE_ONLY,-0.008123615756630898
C1_FAILURE_DIAGNOSTIC,,,E5_STONEHENGE_SAFER,latency_cycles,0,-0.008123615756630898,75a53b499543bafed813ae1b2b68707ea89364c9720b58322c9c81e29c4edfc2,MAP_ENDPOINT_EXPOSURE_ONLY,
C1_FAILURE_DIAGNOSTIC,,,E5_STONEHENGE_SAFER,latency_cycles,1,-0.008123615756630898,75a53b499543bafed813ae1b2b68707ea89364c9720b58322c9c81e29c4edfc2,MAP_ENDPOINT_EXPOSURE_ONLY,
C1_FAILURE_DIAGNOSTIC,,,E5_STONEHENGE_SAFER,latency_cycles,2,-0.008123615756630898,75a53b499543bafed813ae1b2b68707ea89364c9720b58322c9c81e29c4edfc2,MAP_ENDPOINT_EXPOSURE_ONLY,
C1_FAILURE_DIAGNOSTIC,,,E5_STONEHENGE_SAFER,tracking_error,,,75a53b499543bafed813ae1b2b68707ea89364c9720b58322c9c81e29c4edfc2,DATA_BLOCKED_NO_FROZEN_TRACKING_ERROR_BUDGET,
C1_FAILURE_DIAGNOSTIC,Frozen selected official state has zero velocity; artificial velocity prohibited.,,E5_STONEHENGE_SAFER,velocity_scale,,,7bf19d5bbfa9b11b25d33a1488c8d741f5c7b42e389d03887b637c5f439a8d61,DATA_BLOCKED_OFFICIAL_NONZERO_VELOCITY_ABSENT,
C1_FAILURE_DIAGNOSTIC,,-0.008555061183869839,E5_STONEHENGE_SAFER,dt_s,0.025,,7bf19d5bbfa9b11b25d33a1488c8d741f5c7b42e389d03887b637c5f439a8d61,MAP_ENDPOINT_EXPOSURE_ONLY,
C1_FAILURE_DIAGNOSTIC,,-0.008555061183869839,E5_STONEHENGE_SAFER,dt_s,0.05,,7bf19d5bbfa9b11b25d33a1488c8d741f5c7b42e389d03887b637c5f439a8d61,MAP_ENDPOINT_EXPOSURE_ONLY,
C1_FAILURE_DIAGNOSTIC,,-0.008555061183869839,E5_STONEHENGE_SAFER,dt_s,0.1,,7bf19d5bbfa9b11b25d33a1488c8d741f5c7b42e389d03887b637c5f439a8d61,MAP_ENDPOINT_EXPOSURE_ONLY,
C1_FAILURE_DIAGNOSTIC,,-0.008555061183869839,E5_STONEHENGE_SAFER,dt_s,0.2,,7bf19d5bbfa9b11b25d33a1488c8d741f5c7b42e389d03887b637c5f439a8d61,MAP_ENDPOINT_EXPOSURE_ONLY,
C1_FAILURE_DIAGNOSTIC,,,E5_STONEHENGE_SAFER,u_bound_inf,0.05,,7bf19d5bbfa9b11b25d33a1488c8d741f5c7b42e389d03887b637c5f439a8d61,MAP_ENDPOINT_EXPOSURE_ONLY,-0.008555061183869839
C1_FAILURE_DIAGNOSTIC,,,E5_STONEHENGE_SAFER,u_bound_inf,0.1,,7bf19d5bbfa9b11b25d33a1488c8d741f5c7b42e389d03887b637c5f439a8d61,MAP_ENDPOINT_EXPOSURE_ONLY,-0.008555061183869839
C1_FAILURE_DIAGNOSTIC,,,E5_STONEHENGE_SAFER,u_bound_inf,0.2,,7bf19d5bbfa9b11b25d33a1488c8d741f5c7b42e389d03887b637c5f439a8d61,MAP_ENDPOINT_EXPOSURE_ONLY,-0.008555061183869839
C1_FAILURE_DIAGNOSTIC,,,E5_STONEHENGE_SAFER,latency_cycles,0,-0.008555061183869839,7bf19d5bbfa9b11b25d33a1488c8d741f5c7b42e389d03887b637c5f439a8d61,MAP_ENDPOINT_EXPOSURE_ONLY,
C1_FAILURE_DIAGNOSTIC,,,E5_STONEHENGE_SAFER,latency_cycles,1,-0.008555061183869839,7bf19d5bbfa9b11b25d33a1488c8d741f5c7b42e389d03887b637c5f439a8d61,MAP_ENDPOINT_EXPOSURE_ONLY,
C1_FAILURE_DIAGNOSTIC,,,E5_STONEHENGE_SAFER,latency_cycles,2,-0.008555061183869839,7bf19d5bbfa9b11b25d33a1488c8d741f5c7b42e389d03887b637c5f439a8d61,MAP_ENDPOINT_EXPOSURE_ONLY,
C1_FAILURE_DIAGNOSTIC,,,E5_STONEHENGE_SAFER,tracking_error,,,7bf19d5bbfa9b11b25d33a1488c8d741f5c7b42e389d03887b637c5f439a8d61,DATA_BLOCKED_NO_FROZEN_TRACKING_ERROR_BUDGET,
C1_FAILURE_DIAGNOSTIC,Frozen selected official state has zero velocity; artificial velocity prohibited.,,E5_STONEHENGE_SAFER,velocity_scale,,,92d4018f4207a8e04cfdc88776b8912616bb8285b2bda14b3d04d801509cd29c,DATA_BLOCKED_OFFICIAL_NONZERO_VELOCITY_ABSENT,
C1_FAILURE_DIAGNOSTIC,,-0.009015119634568691,E5_STONEHENGE_SAFER,dt_s,0.025,,92d4018f4207a8e04cfdc88776b8912616bb8285b2bda14b3d04d801509cd29c,MAP_ENDPOINT_EXPOSURE_ONLY,
C1_FAILURE_DIAGNOSTIC,,-0.009015119634568691,E5_STONEHENGE_SAFER,dt_s,0.05,,92d4018f4207a8e04cfdc88776b8912616bb8285b2bda14b3d04d801509cd29c,MAP_ENDPOINT_EXPOSURE_ONLY,
C1_FAILURE_DIAGNOSTIC,,-0.009015119634568691,E5_STONEHENGE_SAFER,dt_s,0.1,,92d4018f4207a8e04cfdc88776b8912616bb8285b2bda14b3d04d801509cd29c,MAP_ENDPOINT_EXPOSURE_ONLY,
C1_FAILURE_DIAGNOSTIC,,-0.009015119634568691,E5_STONEHENGE_SAFER,dt_s,0.2,,92d4018f4207a8e04cfdc88776b8912616bb8285b2bda14b3d04d801509cd29c,MAP_ENDPOINT_EXPOSURE_ONLY,
C1_FAILURE_DIAGNOSTIC,,,E5_STONEHENGE_SAFER,u_bound_inf,0.05,,92d4018f4207a8e04cfdc88776b8912616bb8285b2bda14b3d04d801509cd29c,MAP_ENDPOINT_EXPOSURE_ONLY,-0.009015119634568691
C1_FAILURE_DIAGNOSTIC,,,E5_STONEHENGE_SAFER,u_bound_inf,0.1,,92d4018f4207a8e04cfdc88776b8912616bb8285b2bda14b3d04d801509cd29c,MAP_ENDPOINT_EXPOSURE_ONLY,-0.009015119634568691
C1_FAILURE_DIAGNOSTIC,,,E5_STONEHENGE_SAFER,u_bound_inf,0.2,,92d4018f4207a8e04cfdc88776b8912616bb8285b2bda14b3d04d801509cd29c,MAP_ENDPOINT_EXPOSURE_ONLY,-0.009015119634568691
C1_FAILURE_DIAGNOSTIC,,,E5_STONEHENGE_SAFER,latency_cycles,0,-0.009015119634568691,92d4018f4207a8e04cfdc88776b8912616bb8285b2bda14b3d04d801509cd29c,MAP_ENDPOINT_EXPOSURE_ONLY,
C1_FAILURE_DIAGNOSTIC,,,E5_STONEHENGE_SAFER,latency_cycles,1,-0.009015119634568691,92d4018f4207a8e04cfdc88776b8912616bb8285b2bda14b3d04d801509cd29c,MAP_ENDPOINT_EXPOSURE_ONLY,
C1_FAILURE_DIAGNOSTIC,,,E5_STONEHENGE_SAFER,latency_cycles,2,-0.009015119634568691,92d4018f4207a8e04cfdc88776b8912616bb8285b2bda14b3d04d801509cd29c,MAP_ENDPOINT_EXPOSURE_ONLY,
C1_FAILURE_DIAGNOSTIC,,,E5_STONEHENGE_SAFER,tracking_error,,,92d4018f4207a8e04cfdc88776b8912616bb8285b2bda14b3d04d801509cd29c,DATA_BLOCKED_NO_FROZEN_TRACKING_ERROR_BUDGET,
C1_FAILURE_DIAGNOSTIC,Frozen selected official state has zero velocity; artificial velocity prohibited.,,E5_STONEHENGE_SAFER,velocity_scale,,,9fde748565a802e20233a4a4cf474ae35598a89615e54e26b3c8a9d8a07bb7f8,DATA_BLOCKED_OFFICIAL_NONZERO_VELOCITY_ABSENT,
C1_FAILURE_DIAGNOSTIC,,-0.007739786058664322,E5_STONEHENGE_SAFER,dt_s,0.025,,9fde748565a802e20233a4a4cf474ae35598a89615e54e26b3c8a9d8a07bb7f8,MAP_ENDPOINT_EXPOSURE_ONLY,
C1_FAILURE_DIAGNOSTIC,,-0.007739786058664322,E5_STONEHENGE_SAFER,dt_s,0.05,,9fde748565a802e20233a4a4cf474ae35598a89615e54e26b3c8a9d8a07bb7f8,MAP_ENDPOINT_EXPOSURE_ONLY,
C1_FAILURE_DIAGNOSTIC,,-0.007739786058664322,E5_STONEHENGE_SAFER,dt_s,0.1,,9fde748565a802e20233a4a4cf474ae35598a89615e54e26b3c8a9d8a07bb7f8,MAP_ENDPOINT_EXPOSURE_ONLY,
C1_FAILURE_DIAGNOSTIC,,-0.007739786058664322,E5_STONEHENGE_SAFER,dt_s,0.2,,9fde748565a802e20233a4a4cf474ae35598a89615e54e26b3c8a9d8a07bb7f8,MAP_ENDPOINT_EXPOSURE_ONLY,
C1_FAILURE_DIAGNOSTIC,,,E5_STONEHENGE_SAFER,u_bound_inf,0.05,,9fde748565a802e20233a4a4cf474ae35598a89615e54e26b3c8a9d8a07bb7f8,MAP_ENDPOINT_EXPOSURE_ONLY,-0.007739786058664322
C1_FAILURE_DIAGNOSTIC,,,E5_STONEHENGE_SAFER,u_bound_inf,0.1,,9fde748565a802e20233a4a4cf474ae35598a89615e54e26b3c8a9d8a07bb7f8,MAP_ENDPOINT_EXPOSURE_ONLY,-0.007739786058664322
C1_FAILURE_DIAGNOSTIC,,,E5_STONEHENGE_SAFER,u_bound_inf,0.2,,9fde748565a802e20233a4a4cf474ae35598a89615e54e26b3c8a9d8a07bb7f8,MAP_ENDPOINT_EXPOSURE_ONLY,-0.007739786058664322
C1_FAILURE_DIAGNOSTIC,,,E5_STONEHENGE_SAFER,latency_cycles,0,-0.007739786058664322,9fde748565a802e20233a4a4cf474ae35598a89615e54e26b3c8a9d8a07bb7f8,MAP_ENDPOINT_EXPOSURE_ONLY,
C1_FAILURE_DIAGNOSTIC,,,E5_STONEHENGE_SAFER,latency_cycles,1,-0.007739786058664322,9fde748565a802e20233a4a4cf474ae35598a89615e54e26b3c8a9d8a07bb7f8,MAP_ENDPOINT_EXPOSURE_ONLY,
C1_FAILURE_DIAGNOSTIC,,,E5_STONEHENGE_SAFER,latency_cycles,2,-0.007739786058664322,9fde748565a802e20233a4a4cf474ae35598a89615e54e26b3c8a9d8a07bb7f8,MAP_ENDPOINT_EXPOSURE_ONLY,
C1_FAILURE_DIAGNOSTIC,,,E5_STONEHENGE_SAFER,tracking_error,,,9fde748565a802e20233a4a4cf474ae35598a89615e54e26b3c8a9d8a07bb7f8,DATA_BLOCKED_NO_FROZEN_TRACKING_ERROR_BUDGET,
C1_FAILURE_DIAGNOSTIC,Frozen selected official state has zero velocity; artificial velocity prohibited.,,E5_STONEHENGE_SAFER,velocity_scale,,,a93d4dc4b77937f7a3422793985a95608837e395e4d2078c2d49cbaac178da17,DATA_BLOCKED_OFFICIAL_NONZERO_VELOCITY_ABSENT,
C1_FAILURE_DIAGNOSTIC,,-0.00876232422888279,E5_STONEHENGE_SAFER,dt_s,0.025,,a93d4dc4b77937f7a3422793985a95608837e395e4d2078c2d49cbaac178da17,MAP_ENDPOINT_EXPOSURE_ONLY,
C1_FAILURE_DIAGNOSTIC,,-0.00876232422888279,E5_STONEHENGE_SAFER,dt_s,0.05,,a93d4dc4b77937f7a3422793985a95608837e395e4d2078c2d49cbaac178da17,MAP_ENDPOINT_EXPOSURE_ONLY,
C1_FAILURE_DIAGNOSTIC,,-0.00876232422888279,E5_STONEHENGE_SAFER,dt_s,0.1,,a93d4dc4b77937f7a3422793985a95608837e395e4d2078c2d49cbaac178da17,MAP_ENDPOINT_EXPOSURE_ONLY,
C1_FAILURE_DIAGNOSTIC,,-0.00876232422888279,E5_STONEHENGE_SAFER,dt_s,0.2,,a93d4dc4b77937f7a3422793985a95608837e395e4d2078c2d49cbaac178da17,MAP_ENDPOINT_EXPOSURE_ONLY,
C1_FAILURE_DIAGNOSTIC,,,E5_STONEHENGE_SAFER,u_bound_inf,0.05,,a93d4dc4b77937f7a3422793985a95608837e395e4d2078c2d49cbaac178da17,MAP_ENDPOINT_EXPOSURE_ONLY,-0.00876232422888279
C1_FAILURE_DIAGNOSTIC,,,E5_STONEHENGE_SAFER,u_bound_inf,0.1,,a93d4dc4b77937f7a3422793985a95608837e395e4d2078c2d49cbaac178da17,MAP_ENDPOINT_EXPOSURE_ONLY,-0.00876232422888279
C1_FAILURE_DIAGNOSTIC,,,E5_STONEHENGE_SAFER,u_bound_inf,0.2,,a93d4dc4b77937f7a3422793985a95608837e395e4d2078c2d49cbaac178da17,MAP_ENDPOINT_EXPOSURE_ONLY,-0.00876232422888279
C1_FAILURE_DIAGNOSTIC,,,E5_STONEHENGE_SAFER,latency_cycles,0,-0.00876232422888279,a93d4dc4b77937f7a3422793985a95608837e395e4d2078c2d49cbaac178da17,MAP_ENDPOINT_EXPOSURE_ONLY,
C1_FAILURE_DIAGNOSTIC,,,E5_STONEHENGE_SAFER,latency_cycles,1,-0.00876232422888279,a93d4dc4b77937f7a3422793985a95608837e395e4d2078c2d49cbaac178da17,MAP_ENDPOINT_EXPOSURE_ONLY,
C1_FAILURE_DIAGNOSTIC,,,E5_STONEHENGE_SAFER,latency_cycles,2,-0.00876232422888279,a93d4dc4b77937f7a3422793985a95608837e395e4d2078c2d49cbaac178da17,MAP_ENDPOINT_EXPOSURE_ONLY,
C1_FAILURE_DIAGNOSTIC,,,E5_STONEHENGE_SAFER,tracking_error,,,a93d4dc4b77937f7a3422793985a95608837e395e4d2078c2d49cbaac178da17,DATA_BLOCKED_NO_FROZEN_TRACKING_ERROR_BUDGET,
C1_FAILURE_DIAGNOSTIC,Frozen selected official state has zero velocity; artificial velocity prohibited.,,E5_STONEHENGE_SAFER,velocity_scale,,,b435290d116daca26befc618363be29641516a2b207deb644ad58dcdf8fd6cc5,DATA_BLOCKED_OFFICIAL_NONZERO_VELOCITY_ABSENT,
C1_FAILURE_DIAGNOSTIC,,-0.009266266599297523,E5_STONEHENGE_SAFER,dt_s,0.025,,b435290d116daca26befc618363be29641516a2b207deb644ad58dcdf8fd6cc5,MAP_ENDPOINT_EXPOSURE_ONLY,
C1_FAILURE_DIAGNOSTIC,,-0.009266266599297523,E5_STONEHENGE_SAFER,dt_s,0.05,,b435290d116daca26befc618363be29641516a2b207deb644ad58dcdf8fd6cc5,MAP_ENDPOINT_EXPOSURE_ONLY,
C1_FAILURE_DIAGNOSTIC,,-0.009266266599297523,E5_STONEHENGE_SAFER,dt_s,0.1,,b435290d116daca26befc618363be29641516a2b207deb644ad58dcdf8fd6cc5,MAP_ENDPOINT_EXPOSURE_ONLY,
C1_FAILURE_DIAGNOSTIC,,-0.009266266599297523,E5_STONEHENGE_SAFER,dt_s,0.2,,b435290d116daca26befc618363be29641516a2b207deb644ad58dcdf8fd6cc5,MAP_ENDPOINT_EXPOSURE_ONLY,
C1_FAILURE_DIAGNOSTIC,,,E5_STONEHENGE_SAFER,u_bound_inf,0.05,,b435290d116daca26befc618363be29641516a2b207deb644ad58dcdf8fd6cc5,MAP_ENDPOINT_EXPOSURE_ONLY,-0.009266266599297523
C1_FAILURE_DIAGNOSTIC,,,E5_STONEHENGE_SAFER,u_bound_inf,0.1,,b435290d116daca26befc618363be29641516a2b207deb644ad58dcdf8fd6cc5,MAP_ENDPOINT_EXPOSURE_ONLY,-0.009266266599297523
C1_FAILURE_DIAGNOSTIC,,,E5_STONEHENGE_SAFER,u_bound_inf,0.2,,b435290d116daca26befc618363be29641516a2b207deb644ad58dcdf8fd6cc5,MAP_ENDPOINT_EXPOSURE_ONLY,-0.009266266599297523
C1_FAILURE_DIAGNOSTIC,,,E5_STONEHENGE_SAFER,latency_cycles,0,-0.009266266599297523,b435290d116daca26befc618363be29641516a2b207deb644ad58dcdf8fd6cc5,MAP_ENDPOINT_EXPOSURE_ONLY,
C1_FAILURE_DIAGNOSTIC,,,E5_STONEHENGE_SAFER,latency_cycles,1,-0.009266266599297523,b435290d116daca26befc618363be29641516a2b207deb644ad58dcdf8fd6cc5,MAP_ENDPOINT_EXPOSURE_ONLY,
C1_FAILURE_DIAGNOSTIC,,,E5_STONEHENGE_SAFER,latency_cycles,2,-0.009266266599297523,b435290d116daca26befc618363be29641516a2b207deb644ad58dcdf8fd6cc5,MAP_ENDPOINT_EXPOSURE_ONLY,
C1_FAILURE_DIAGNOSTIC,,,E5_STONEHENGE_SAFER,tracking_error,,,b435290d116daca26befc618363be29641516a2b207deb644ad58dcdf8fd6cc5,DATA_BLOCKED_NO_FROZEN_TRACKING_ERROR_BUDGET,
C1_FAILURE_DIAGNOSTIC,Frozen selected official state has zero velocity; artificial velocity prohibited.,,E5_STONEHENGE_SAFER,velocity_scale,,,c80c96703f9599fb122064c02fd8701a59be7be43057c365ce2cd8b305134bce,DATA_BLOCKED_OFFICIAL_NONZERO_VELOCITY_ABSENT,
C1_FAILURE_DIAGNOSTIC,,-0.0077672977931797504,E5_STONEHENGE_SAFER,dt_s,0.025,,c80c96703f9599fb122064c02fd8701a59be7be43057c365ce2cd8b305134bce,MAP_ENDPOINT_EXPOSURE_ONLY,
C1_FAILURE_DIAGNOSTIC,,-0.0077672977931797504,E5_STONEHENGE_SAFER,dt_s,0.05,,c80c96703f9599fb122064c02fd8701a59be7be43057c365ce2cd8b305134bce,MAP_ENDPOINT_EXPOSURE_ONLY,
C1_FAILURE_DIAGNOSTIC,,-0.0077672977931797504,E5_STONEHENGE_SAFER,dt_s,0.1,,c80c96703f9599fb122064c02fd8701a59be7be43057c365ce2cd8b305134bce,MAP_ENDPOINT_EXPOSURE_ONLY,
C1_FAILURE_DIAGNOSTIC,,-0.0077672977931797504,E5_STONEHENGE_SAFER,dt_s,0.2,,c80c96703f9599fb122064c02fd8701a59be7be43057c365ce2cd8b305134bce,MAP_ENDPOINT_EXPOSURE_ONLY,
C1_FAILURE_DIAGNOSTIC,,,E5_STONEHENGE_SAFER,u_bound_inf,0.05,,c80c96703f9599fb122064c02fd8701a59be7be43057c365ce2cd8b305134bce,MAP_ENDPOINT_EXPOSURE_ONLY,-0.0077672977931797504
C1_FAILURE_DIAGNOSTIC,,,E5_STONEHENGE_SAFER,u_bound_inf,0.1,,c80c96703f9599fb122064c02fd8701a59be7be43057c365ce2cd8b305134bce,MAP_ENDPOINT_EXPOSURE_ONLY,-0.0077672977931797504
C1_FAILURE_DIAGNOSTIC,,,E5_STONEHENGE_SAFER,u_bound_inf,0.2,,c80c96703f9599fb122064c02fd8701a59be7be43057c365ce2cd8b305134bce,MAP_ENDPOINT_EXPOSURE_ONLY,-0.0077672977931797504
C1_FAILURE_DIAGNOSTIC,,,E5_STONEHENGE_SAFER,latency_cycles,0,-0.0077672977931797504,c80c96703f9599fb122064c02fd8701a59be7be43057c365ce2cd8b305134bce,MAP_ENDPOINT_EXPOSURE_ONLY,
C1_FAILURE_DIAGNOSTIC,,,E5_STONEHENGE_SAFER,latency_cycles,1,-0.0077672977931797504,c80c96703f9599fb122064c02fd8701a59be7be43057c365ce2cd8b305134bce,MAP_ENDPOINT_EXPOSURE_ONLY,
C1_FAILURE_DIAGNOSTIC,,,E5_STONEHENGE_SAFER,latency_cycles,2,-0.0077672977931797504,c80c96703f9599fb122064c02fd8701a59be7be43057c365ce2cd8b305134bce,MAP_ENDPOINT_EXPOSURE_ONLY,
C1_FAILURE_DIAGNOSTIC,,,E5_STONEHENGE_SAFER,tracking_error,,,c80c96703f9599fb122064c02fd8701a59be7be43057c365ce2cd8b305134bce,DATA_BLOCKED_NO_FROZEN_TRACKING_ERROR_BUDGET,
C1_FAILURE_DIAGNOSTIC,Frozen selected official state has zero velocity; artificial velocity prohibited.,,E5_STONEHENGE_SAFER,velocity_scale,,,cfff2de3165cf09c51f00709950dbd6702292c8a11b14670cbce346770123f3b,DATA_BLOCKED_OFFICIAL_NONZERO_VELOCITY_ABSENT,
C1_FAILURE_DIAGNOSTIC,,-0.007213321514427662,E5_STONEHENGE_SAFER,dt_s,0.025,,cfff2de3165cf09c51f00709950dbd6702292c8a11b14670cbce346770123f3b,MAP_ENDPOINT_EXPOSURE_ONLY,
C1_FAILURE_DIAGNOSTIC,,-0.007213321514427662,E5_STONEHENGE_SAFER,dt_s,0.05,,cfff2de3165cf09c51f00709950dbd6702292c8a11b14670cbce346770123f3b,MAP_ENDPOINT_EXPOSURE_ONLY,
C1_FAILURE_DIAGNOSTIC,,-0.007213321514427662,E5_STONEHENGE_SAFER,dt_s,0.1,,cfff2de3165cf09c51f00709950dbd6702292c8a11b14670cbce346770123f3b,MAP_ENDPOINT_EXPOSURE_ONLY,
C1_FAILURE_DIAGNOSTIC,,-0.007213321514427662,E5_STONEHENGE_SAFER,dt_s,0.2,,cfff2de3165cf09c51f00709950dbd6702292c8a11b14670cbce346770123f3b,MAP_ENDPOINT_EXPOSURE_ONLY,
C1_FAILURE_DIAGNOSTIC,,,E5_STONEHENGE_SAFER,u_bound_inf,0.05,,cfff2de3165cf09c51f00709950dbd6702292c8a11b14670cbce346770123f3b,MAP_ENDPOINT_EXPOSURE_ONLY,-0.007213321514427662
C1_FAILURE_DIAGNOSTIC,,,E5_STONEHENGE_SAFER,u_bound_inf,0.1,,cfff2de3165cf09c51f00709950dbd6702292c8a11b14670cbce346770123f3b,MAP_ENDPOINT_EXPOSURE_ONLY,-0.007213321514427662
C1_FAILURE_DIAGNOSTIC,,,E5_STONEHENGE_SAFER,u_bound_inf,0.2,,cfff2de3165cf09c51f00709950dbd6702292c8a11b14670cbce346770123f3b,MAP_ENDPOINT_EXPOSURE_ONLY,-0.007213321514427662
C1_FAILURE_DIAGNOSTIC,,,E5_STONEHENGE_SAFER,latency_cycles,0,-0.007213321514427662,cfff2de3165cf09c51f00709950dbd6702292c8a11b14670cbce346770123f3b,MAP_ENDPOINT_EXPOSURE_ONLY,
C1_FAILURE_DIAGNOSTIC,,,E5_STONEHENGE_SAFER,latency_cycles,1,-0.007213321514427662,cfff2de3165cf09c51f00709950dbd6702292c8a11b14670cbce346770123f3b,MAP_ENDPOINT_EXPOSURE_ONLY,
C1_FAILURE_DIAGNOSTIC,,,E5_STONEHENGE_SAFER,latency_cycles,2,-0.007213321514427662,cfff2de3165cf09c51f00709950dbd6702292c8a11b14670cbce346770123f3b,MAP_ENDPOINT_EXPOSURE_ONLY,
C1_FAILURE_DIAGNOSTIC,,,E5_STONEHENGE_SAFER,tracking_error,,,cfff2de3165cf09c51f00709950dbd6702292c8a11b14670cbce346770123f3b,DATA_BLOCKED_NO_FROZEN_TRACKING_ERROR_BUDGET,
C1_FAILURE_DIAGNOSTIC,Frozen selected official state has zero velocity; artificial velocity prohibited.,,E5_STONEHENGE_SAFER,velocity_scale,,,efbd89b2a73b40006872adbb2b2fc0650e3ee99cc9409721d515c60200eea070,DATA_BLOCKED_OFFICIAL_NONZERO_VELOCITY_ABSENT,
C1_FAILURE_DIAGNOSTIC,,-0.006076756864786148,E5_STONEHENGE_SAFER,dt_s,0.025,,efbd89b2a73b40006872adbb2b2fc0650e3ee99cc9409721d515c60200eea070,MAP_ENDPOINT_EXPOSURE_ONLY,
C1_FAILURE_DIAGNOSTIC,,-0.006076756864786148,E5_STONEHENGE_SAFER,dt_s,0.05,,efbd89b2a73b40006872adbb2b2fc0650e3ee99cc9409721d515c60200eea070,MAP_ENDPOINT_EXPOSURE_ONLY,
C1_FAILURE_DIAGNOSTIC,,-0.006076756864786148,E5_STONEHENGE_SAFER,dt_s,0.1,,efbd89b2a73b40006872adbb2b2fc0650e3ee99cc9409721d515c60200eea070,MAP_ENDPOINT_EXPOSURE_ONLY,
C1_FAILURE_DIAGNOSTIC,,-0.006076756864786148,E5_STONEHENGE_SAFER,dt_s,0.2,,efbd89b2a73b40006872adbb2b2fc0650e3ee99cc9409721d515c60200eea070,MAP_ENDPOINT_EXPOSURE_ONLY,
C1_FAILURE_DIAGNOSTIC,,,E5_STONEHENGE_SAFER,u_bound_inf,0.05,,efbd89b2a73b40006872adbb2b2fc0650e3ee99cc9409721d515c60200eea070,MAP_ENDPOINT_EXPOSURE_ONLY,-0.006076756864786148
C1_FAILURE_DIAGNOSTIC,,,E5_STONEHENGE_SAFER,u_bound_inf,0.1,,efbd89b2a73b40006872adbb2b2fc0650e3ee99cc9409721d515c60200eea070,MAP_ENDPOINT_EXPOSURE_ONLY,-0.006076756864786148
C1_FAILURE_DIAGNOSTIC,,,E5_STONEHENGE_SAFER,u_bound_inf,0.2,,efbd89b2a73b40006872adbb2b2fc0650e3ee99cc9409721d515c60200eea070,MAP_ENDPOINT_EXPOSURE_ONLY,-0.006076756864786148
C1_FAILURE_DIAGNOSTIC,,,E5_STONEHENGE_SAFER,latency_cycles,0,-0.006076756864786148,efbd89b2a73b40006872adbb2b2fc0650e3ee99cc9409721d515c60200eea070,MAP_ENDPOINT_EXPOSURE_ONLY,
C1_FAILURE_DIAGNOSTIC,,,E5_STONEHENGE_SAFER,latency_cycles,1,-0.006076756864786148,efbd89b2a73b40006872adbb2b2fc0650e3ee99cc9409721d515c60200eea070,MAP_ENDPOINT_EXPOSURE_ONLY,
C1_FAILURE_DIAGNOSTIC,,,E5_STONEHENGE_SAFER,latency_cycles,2,-0.006076756864786148,efbd89b2a73b40006872adbb2b2fc0650e3ee99cc9409721d515c60200eea070,MAP_ENDPOINT_EXPOSURE_ONLY,
C1_FAILURE_DIAGNOSTIC,,,E5_STONEHENGE_SAFER,tracking_error,,,efbd89b2a73b40006872adbb2b2fc0650e3ee99cc9409721d515c60200eea070,DATA_BLOCKED_NO_FROZEN_TRACKING_ERROR_BUDGET,
C0_METHOD_INDEPENDENT,Frozen selected official state has zero velocity; artificial velocity prohibited.,,E6_FLIGHT_SAFER,velocity_scale,,,01aeadade59622e7afcd1c10e9715e32030cf02026456c4aed3d403c69efd0b8,DATA_BLOCKED_OFFICIAL_NONZERO_VELOCITY_ABSENT,
C0_METHOD_INDEPENDENT,,-0.002876734361052513,E6_FLIGHT_SAFER,dt_s,0.025,,01aeadade59622e7afcd1c10e9715e32030cf02026456c4aed3d403c69efd0b8,MAP_ENDPOINT_EXPOSURE_ONLY,
C0_METHOD_INDEPENDENT,,-0.002876734361052513,E6_FLIGHT_SAFER,dt_s,0.05,,01aeadade59622e7afcd1c10e9715e32030cf02026456c4aed3d403c69efd0b8,MAP_ENDPOINT_EXPOSURE_ONLY,
C0_METHOD_INDEPENDENT,,-0.002876734361052513,E6_FLIGHT_SAFER,dt_s,0.1,,01aeadade59622e7afcd1c10e9715e32030cf02026456c4aed3d403c69efd0b8,MAP_ENDPOINT_EXPOSURE_ONLY,
C0_METHOD_INDEPENDENT,,-0.002876734361052513,E6_FLIGHT_SAFER,dt_s,0.2,,01aeadade59622e7afcd1c10e9715e32030cf02026456c4aed3d403c69efd0b8,MAP_ENDPOINT_EXPOSURE_ONLY,
C0_METHOD_INDEPENDENT,,,E6_FLIGHT_SAFER,u_bound_inf,0.05,,01aeadade59622e7afcd1c10e9715e32030cf02026456c4aed3d403c69efd0b8,MAP_ENDPOINT_EXPOSURE_ONLY,-0.002854553982615471
C0_METHOD_INDEPENDENT,,,E6_FLIGHT_SAFER,u_bound_inf,0.1,,01aeadade59622e7afcd1c10e9715e32030cf02026456c4aed3d403c69efd0b8,MAP_ENDPOINT_EXPOSURE_ONLY,-0.0028382549062371254
C0_METHOD_INDEPENDENT,,,E6_FLIGHT_SAFER,u_bound_inf,0.2,,01aeadade59622e7afcd1c10e9715e32030cf02026456c4aed3d403c69efd0b8,MAP_ENDPOINT_EXPOSURE_ONLY,-0.0028382549062371254
C0_METHOD_INDEPENDENT,,,E6_FLIGHT_SAFER,latency_cycles,0,-0.002876734361052513,01aeadade59622e7afcd1c10e9715e32030cf02026456c4aed3d403c69efd0b8,MAP_ENDPOINT_EXPOSURE_ONLY,
C0_METHOD_INDEPENDENT,,,E6_FLIGHT_SAFER,latency_cycles,1,-0.002876734361052513,01aeadade59622e7afcd1c10e9715e32030cf02026456c4aed3d403c69efd0b8,MAP_ENDPOINT_EXPOSURE_ONLY,
C0_METHOD_INDEPENDENT,,,E6_FLIGHT_SAFER,latency_cycles,2,-0.002876734361052513,01aeadade59622e7afcd1c10e9715e32030cf02026456c4aed3d403c69efd0b8,MAP_ENDPOINT_EXPOSURE_ONLY,
C0_METHOD_INDEPENDENT,,,E6_FLIGHT_SAFER,tracking_error,,,01aeadade59622e7afcd1c10e9715e32030cf02026456c4aed3d403c69efd0b8,DATA_BLOCKED_NO_FROZEN_TRACKING_ERROR_BUDGET,
C0_METHOD_INDEPENDENT,Frozen selected official state has zero velocity; artificial velocity prohibited.,,E6_FLIGHT_SAFER,velocity_scale,,,109361dab8f9d2e7187eaa6d9b480caa32019d3f888db481c19fe6316dd7f7ed,DATA_BLOCKED_OFFICIAL_NONZERO_VELOCITY_ABSENT,
C0_METHOD_INDEPENDENT,,0.007215235382318497,E6_FLIGHT_SAFER,dt_s,0.025,,109361dab8f9d2e7187eaa6d9b480caa32019d3f888db481c19fe6316dd7f7ed,MAP_ENDPOINT_EXPOSURE_ONLY,
C0_METHOD_INDEPENDENT,,0.007215235382318497,E6_FLIGHT_SAFER,dt_s,0.05,,109361dab8f9d2e7187eaa6d9b480caa32019d3f888db481c19fe6316dd7f7ed,MAP_ENDPOINT_EXPOSURE_ONLY,
C0_METHOD_INDEPENDENT,,0.007215235382318497,E6_FLIGHT_SAFER,dt_s,0.1,,109361dab8f9d2e7187eaa6d9b480caa32019d3f888db481c19fe6316dd7f7ed,MAP_ENDPOINT_EXPOSURE_ONLY,
C0_METHOD_INDEPENDENT,,0.007215235382318497,E6_FLIGHT_SAFER,dt_s,0.2,,109361dab8f9d2e7187eaa6d9b480caa32019d3f888db481c19fe6316dd7f7ed,MAP_ENDPOINT_EXPOSURE_ONLY,
C0_METHOD_INDEPENDENT,,,E6_FLIGHT_SAFER,u_bound_inf,0.05,,109361dab8f9d2e7187eaa6d9b480caa32019d3f888db481c19fe6316dd7f7ed,MAP_ENDPOINT_EXPOSURE_ONLY,0.007174696773290634
C0_METHOD_INDEPENDENT,,,E6_FLIGHT_SAFER,u_bound_inf,0.1,,109361dab8f9d2e7187eaa6d9b480caa32019d3f888db481c19fe6316dd7f7ed,MAP_ENDPOINT_EXPOSURE_ONLY,0.007134279236197472
C0_METHOD_INDEPENDENT,,,E6_FLIGHT_SAFER,u_bound_inf,0.2,,109361dab8f9d2e7187eaa6d9b480caa32019d3f888db481c19fe6316dd7f7ed,MAP_ENDPOINT_EXPOSURE_ONLY,0.007134279236197472
C0_METHOD_INDEPENDENT,,,E6_FLIGHT_SAFER,latency_cycles,0,0.007215235382318497,109361dab8f9d2e7187eaa6d9b480caa32019d3f888db481c19fe6316dd7f7ed,MAP_ENDPOINT_EXPOSURE_ONLY,
C0_METHOD_INDEPENDENT,,,E6_FLIGHT_SAFER,latency_cycles,1,0.007215235382318497,109361dab8f9d2e7187eaa6d9b480caa32019d3f888db481c19fe6316dd7f7ed,MAP_ENDPOINT_EXPOSURE_ONLY,
C0_METHOD_INDEPENDENT,,,E6_FLIGHT_SAFER,latency_cycles,2,0.007215235382318497,109361dab8f9d2e7187eaa6d9b480caa32019d3f888db481c19fe6316dd7f7ed,MAP_ENDPOINT_EXPOSURE_ONLY,
C0_METHOD_INDEPENDENT,,,E6_FLIGHT_SAFER,tracking_error,,,109361dab8f9d2e7187eaa6d9b480caa32019d3f888db481c19fe6316dd7f7ed,DATA_BLOCKED_NO_FROZEN_TRACKING_ERROR_BUDGET,
C0_METHOD_INDEPENDENT,Frozen selected official state has zero velocity; artificial velocity prohibited.,,E6_FLIGHT_SAFER,velocity_scale,,,1852257ab75df5333501077e7249e4eacf9e9f7ddd6a045155491720680ebe7b,DATA_BLOCKED_OFFICIAL_NONZERO_VELOCITY_ABSENT,
C0_METHOD_INDEPENDENT,,-0.007797349244356155,E6_FLIGHT_SAFER,dt_s,0.025,,1852257ab75df5333501077e7249e4eacf9e9f7ddd6a045155491720680ebe7b,MAP_ENDPOINT_EXPOSURE_ONLY,
C0_METHOD_INDEPENDENT,,-0.007797349244356155,E6_FLIGHT_SAFER,dt_s,0.05,,1852257ab75df5333501077e7249e4eacf9e9f7ddd6a045155491720680ebe7b,MAP_ENDPOINT_EXPOSURE_ONLY,
C0_METHOD_INDEPENDENT,,-0.007797349244356155,E6_FLIGHT_SAFER,dt_s,0.1,,1852257ab75df5333501077e7249e4eacf9e9f7ddd6a045155491720680ebe7b,MAP_ENDPOINT_EXPOSURE_ONLY,
C0_METHOD_INDEPENDENT,,-0.007797349244356155,E6_FLIGHT_SAFER,dt_s,0.2,,1852257ab75df5333501077e7249e4eacf9e9f7ddd6a045155491720680ebe7b,MAP_ENDPOINT_EXPOSURE_ONLY,
C0_METHOD_INDEPENDENT,,,E6_FLIGHT_SAFER,u_bound_inf,0.05,,1852257ab75df5333501077e7249e4eacf9e9f7ddd6a045155491720680ebe7b,MAP_ENDPOINT_EXPOSURE_ONLY,-0.007797349244356155
C0_METHOD_INDEPENDENT,,,E6_FLIGHT_SAFER,u_bound_inf,0.1,,1852257ab75df5333501077e7249e4eacf9e9f7ddd6a045155491720680ebe7b,MAP_ENDPOINT_EXPOSURE_ONLY,-0.007797349244356155
C0_METHOD_INDEPENDENT,,,E6_FLIGHT_SAFER,u_bound_inf,0.2,,1852257ab75df5333501077e7249e4eacf9e9f7ddd6a045155491720680ebe7b,MAP_ENDPOINT_EXPOSURE_ONLY,-0.007797349244356155
C0_METHOD_INDEPENDENT,,,E6_FLIGHT_SAFER,latency_cycles,0,-0.007797349244356155,1852257ab75df5333501077e7249e4eacf9e9f7ddd6a045155491720680ebe7b,MAP_ENDPOINT_EXPOSURE_ONLY,
C0_METHOD_INDEPENDENT,,,E6_FLIGHT_SAFER,latency_cycles,1,-0.007797349244356155,1852257ab75df5333501077e7249e4eacf9e9f7ddd6a045155491720680ebe7b,MAP_ENDPOINT_EXPOSURE_ONLY,
C0_METHOD_INDEPENDENT,,,E6_FLIGHT_SAFER,latency_cycles,2,-0.007797349244356155,1852257ab75df5333501077e7249e4eacf9e9f7ddd6a045155491720680ebe7b,MAP_ENDPOINT_EXPOSURE_ONLY,
C0_METHOD_INDEPENDENT,,,E6_FLIGHT_SAFER,tracking_error,,,1852257ab75df5333501077e7249e4eacf9e9f7ddd6a045155491720680ebe7b,DATA_BLOCKED_NO_FROZEN_TRACKING_ERROR_BUDGET,
C0_METHOD_INDEPENDENT,Frozen selected official state has zero velocity; artificial velocity prohibited.,,E6_FLIGHT_SAFER,velocity_scale,,,2a6e0b58bfe92ad72daf3c714eef9573f9da560f21916207dede755ccdd781e6,DATA_BLOCKED_OFFICIAL_NONZERO_VELOCITY_ABSENT,
C0_METHOD_INDEPENDENT,,-0.010708404704928398,E6_FLIGHT_SAFER,dt_s,0.025,,2a6e0b58bfe92ad72daf3c714eef9573f9da560f21916207dede755ccdd781e6,MAP_ENDPOINT_EXPOSURE_ONLY,
C0_METHOD_INDEPENDENT,,-0.010708404704928398,E6_FLIGHT_SAFER,dt_s,0.05,,2a6e0b58bfe92ad72daf3c714eef9573f9da560f21916207dede755ccdd781e6,MAP_ENDPOINT_EXPOSURE_ONLY,
C0_METHOD_INDEPENDENT,,-0.010708404704928398,E6_FLIGHT_SAFER,dt_s,0.1,,2a6e0b58bfe92ad72daf3c714eef9573f9da560f21916207dede755ccdd781e6,MAP_ENDPOINT_EXPOSURE_ONLY,
C0_METHOD_INDEPENDENT,,-0.010708404704928398,E6_FLIGHT_SAFER,dt_s,0.2,,2a6e0b58bfe92ad72daf3c714eef9573f9da560f21916207dede755ccdd781e6,MAP_ENDPOINT_EXPOSURE_ONLY,
C0_METHOD_INDEPENDENT,,,E6_FLIGHT_SAFER,u_bound_inf,0.05,,2a6e0b58bfe92ad72daf3c714eef9573f9da560f21916207dede755ccdd781e6,MAP_ENDPOINT_EXPOSURE_ONLY,-0.010708404704928398
C0_METHOD_INDEPENDENT,,,E6_FLIGHT_SAFER,u_bound_inf,0.1,,2a6e0b58bfe92ad72daf3c714eef9573f9da560f21916207dede755ccdd781e6,MAP_ENDPOINT_EXPOSURE_ONLY,-0.010708404704928398
C0_METHOD_INDEPENDENT,,,E6_FLIGHT_SAFER,u_bound_inf,0.2,,2a6e0b58bfe92ad72daf3c714eef9573f9da560f21916207dede755ccdd781e6,MAP_ENDPOINT_EXPOSURE_ONLY,-0.010708404704928398
C0_METHOD_INDEPENDENT,,,E6_FLIGHT_SAFER,latency_cycles,0,-0.010708404704928398,2a6e0b58bfe92ad72daf3c714eef9573f9da560f21916207dede755ccdd781e6,MAP_ENDPOINT_EXPOSURE_ONLY,
C0_METHOD_INDEPENDENT,,,E6_FLIGHT_SAFER,latency_cycles,1,-0.010708404704928398,2a6e0b58bfe92ad72daf3c714eef9573f9da560f21916207dede755ccdd781e6,MAP_ENDPOINT_EXPOSURE_ONLY,
C0_METHOD_INDEPENDENT,,,E6_FLIGHT_SAFER,latency_cycles,2,-0.010708404704928398,2a6e0b58bfe92ad72daf3c714eef9573f9da560f21916207dede755ccdd781e6,MAP_ENDPOINT_EXPOSURE_ONLY,
C0_METHOD_INDEPENDENT,,,E6_FLIGHT_SAFER,tracking_error,,,2a6e0b58bfe92ad72daf3c714eef9573f9da560f21916207dede755ccdd781e6,DATA_BLOCKED_NO_FROZEN_TRACKING_ERROR_BUDGET,
C0_METHOD_INDEPENDENT,Frozen selected official state has zero velocity; artificial velocity prohibited.,,E6_FLIGHT_SAFER,velocity_scale,,,45ab4d11c93de51478bccccd88df14b4b634e960d5333e430fcf6852e61ad46e,DATA_BLOCKED_OFFICIAL_NONZERO_VELOCITY_ABSENT,
C0_METHOD_INDEPENDENT,,0.002699390985071659,E6_FLIGHT_SAFER,dt_s,0.025,,45ab4d11c93de51478bccccd88df14b4b634e960d5333e430fcf6852e61ad46e,MAP_ENDPOINT_EXPOSURE_ONLY,
C0_METHOD_INDEPENDENT,,0.002699390985071659,E6_FLIGHT_SAFER,dt_s,0.05,,45ab4d11c93de51478bccccd88df14b4b634e960d5333e430fcf6852e61ad46e,MAP_ENDPOINT_EXPOSURE_ONLY,
C0_METHOD_INDEPENDENT,,0.002699390985071659,E6_FLIGHT_SAFER,dt_s,0.1,,45ab4d11c93de51478bccccd88df14b4b634e960d5333e430fcf6852e61ad46e,MAP_ENDPOINT_EXPOSURE_ONLY,
C0_METHOD_INDEPENDENT,,0.002699390985071659,E6_FLIGHT_SAFER,dt_s,0.2,,45ab4d11c93de51478bccccd88df14b4b634e960d5333e430fcf6852e61ad46e,MAP_ENDPOINT_EXPOSURE_ONLY,
C0_METHOD_INDEPENDENT,,,E6_FLIGHT_SAFER,u_bound_inf,0.05,,45ab4d11c93de51478bccccd88df14b4b634e960d5333e430fcf6852e61ad46e,MAP_ENDPOINT_EXPOSURE_ONLY,0.002696620300412178
C0_METHOD_INDEPENDENT,,,E6_FLIGHT_SAFER,u_bound_inf,0.1,,45ab4d11c93de51478bccccd88df14b4b634e960d5333e430fcf6852e61ad46e,MAP_ENDPOINT_EXPOSURE_ONLY,0.002693869173526764
C0_METHOD_INDEPENDENT,,,E6_FLIGHT_SAFER,u_bound_inf,0.2,,45ab4d11c93de51478bccccd88df14b4b634e960d5333e430fcf6852e61ad46e,MAP_ENDPOINT_EXPOSURE_ONLY,0.002693869173526764
C0_METHOD_INDEPENDENT,,,E6_FLIGHT_SAFER,latency_cycles,0,0.002699390985071659,45ab4d11c93de51478bccccd88df14b4b634e960d5333e430fcf6852e61ad46e,MAP_ENDPOINT_EXPOSURE_ONLY,
C0_METHOD_INDEPENDENT,,,E6_FLIGHT_SAFER,latency_cycles,1,0.002699390985071659,45ab4d11c93de51478bccccd88df14b4b634e960d5333e430fcf6852e61ad46e,MAP_ENDPOINT_EXPOSURE_ONLY,
C0_METHOD_INDEPENDENT,,,E6_FLIGHT_SAFER,latency_cycles,2,0.002699390985071659,45ab4d11c93de51478bccccd88df14b4b634e960d5333e430fcf6852e61ad46e,MAP_ENDPOINT_EXPOSURE_ONLY,
C0_METHOD_INDEPENDENT,,,E6_FLIGHT_SAFER,tracking_error,,,45ab4d11c93de51478bccccd88df14b4b634e960d5333e430fcf6852e61ad46e,DATA_BLOCKED_NO_FROZEN_TRACKING_ERROR_BUDGET,
C0_METHOD_INDEPENDENT,Frozen selected official state has zero velocity; artificial velocity prohibited.,,E6_FLIGHT_SAFER,velocity_scale,,,5645d90fb9888c047509157d4d7a81c7b95fb1d55cb051e063927ca84a3a1f13,DATA_BLOCKED_OFFICIAL_NONZERO_VELOCITY_ABSENT,
C0_METHOD_INDEPENDENT,,-0.008326662704348564,E6_FLIGHT_SAFER,dt_s,0.025,,5645d90fb9888c047509157d4d7a81c7b95fb1d55cb051e063927ca84a3a1f13,MAP_ENDPOINT_EXPOSURE_ONLY,
C0_METHOD_INDEPENDENT,,-0.008326662704348564,E6_FLIGHT_SAFER,dt_s,0.05,,5645d90fb9888c047509157d4d7a81c7b95fb1d55cb051e063927ca84a3a1f13,MAP_ENDPOINT_EXPOSURE_ONLY,
C0_METHOD_INDEPENDENT,,-0.008326662704348564,E6_FLIGHT_SAFER,dt_s,0.1,,5645d90fb9888c047509157d4d7a81c7b95fb1d55cb051e063927ca84a3a1f13,MAP_ENDPOINT_EXPOSURE_ONLY,
C0_METHOD_INDEPENDENT,,-0.008326662704348564,E6_FLIGHT_SAFER,dt_s,0.2,,5645d90fb9888c047509157d4d7a81c7b95fb1d55cb051e063927ca84a3a1f13,MAP_ENDPOINT_EXPOSURE_ONLY,
C0_METHOD_INDEPENDENT,,,E6_FLIGHT_SAFER,u_bound_inf,0.05,,5645d90fb9888c047509157d4d7a81c7b95fb1d55cb051e063927ca84a3a1f13,MAP_ENDPOINT_EXPOSURE_ONLY,-0.008326662704348564
C0_METHOD_INDEPENDENT,,,E6_FLIGHT_SAFER,u_bound_inf,0.1,,5645d90fb9888c047509157d4d7a81c7b95fb1d55cb051e063927ca84a3a1f13,MAP_ENDPOINT_EXPOSURE_ONLY,-0.008326662704348564
C0_METHOD_INDEPENDENT,,,E6_FLIGHT_SAFER,u_bound_inf,0.2,,5645d90fb9888c047509157d4d7a81c7b95fb1d55cb051e063927ca84a3a1f13,MAP_ENDPOINT_EXPOSURE_ONLY,-0.008326662704348564
C0_METHOD_INDEPENDENT,,,E6_FLIGHT_SAFER,latency_cycles,0,-0.008326662704348564,5645d90fb9888c047509157d4d7a81c7b95fb1d55cb051e063927ca84a3a1f13,MAP_ENDPOINT_EXPOSURE_ONLY,
C0_METHOD_INDEPENDENT,,,E6_FLIGHT_SAFER,latency_cycles,1,-0.008326662704348564,5645d90fb9888c047509157d4d7a81c7b95fb1d55cb051e063927ca84a3a1f13,MAP_ENDPOINT_EXPOSURE_ONLY,
C0_METHOD_INDEPENDENT,,,E6_FLIGHT_SAFER,latency_cycles,2,-0.008326662704348564,5645d90fb9888c047509157d4d7a81c7b95fb1d55cb051e063927ca84a3a1f13,MAP_ENDPOINT_EXPOSURE_ONLY,
C0_METHOD_INDEPENDENT,,,E6_FLIGHT_SAFER,tracking_error,,,5645d90fb9888c047509157d4d7a81c7b95fb1d55cb051e063927ca84a3a1f13,DATA_BLOCKED_NO_FROZEN_TRACKING_ERROR_BUDGET,
C0_METHOD_INDEPENDENT,Frozen selected official state has zero velocity; artificial velocity prohibited.,,E6_FLIGHT_SAFER,velocity_scale,,,62af2a6f4be5381ebfe775e0b3f3dade5cc3bff17dcb97ffa9a0552425514128,DATA_BLOCKED_OFFICIAL_NONZERO_VELOCITY_ABSENT,
C0_METHOD_INDEPENDENT,,-0.004212158732116222,E6_FLIGHT_SAFER,dt_s,0.025,,62af2a6f4be5381ebfe775e0b3f3dade5cc3bff17dcb97ffa9a0552425514128,MAP_ENDPOINT_EXPOSURE_ONLY,
C0_METHOD_INDEPENDENT,,-0.004212158732116222,E6_FLIGHT_SAFER,dt_s,0.05,,62af2a6f4be5381ebfe775e0b3f3dade5cc3bff17dcb97ffa9a0552425514128,MAP_ENDPOINT_EXPOSURE_ONLY,
C0_METHOD_INDEPENDENT,,-0.004212158732116222,E6_FLIGHT_SAFER,dt_s,0.1,,62af2a6f4be5381ebfe775e0b3f3dade5cc3bff17dcb97ffa9a0552425514128,MAP_ENDPOINT_EXPOSURE_ONLY,
C0_METHOD_INDEPENDENT,,-0.004212158732116222,E6_FLIGHT_SAFER,dt_s,0.2,,62af2a6f4be5381ebfe775e0b3f3dade5cc3bff17dcb97ffa9a0552425514128,MAP_ENDPOINT_EXPOSURE_ONLY,
C0_METHOD_INDEPENDENT,,,E6_FLIGHT_SAFER,u_bound_inf,0.05,,62af2a6f4be5381ebfe775e0b3f3dade5cc3bff17dcb97ffa9a0552425514128,MAP_ENDPOINT_EXPOSURE_ONLY,-0.004212158732116222
C0_METHOD_INDEPENDENT,,,E6_FLIGHT_SAFER,u_bound_inf,0.1,,62af2a6f4be5381ebfe775e0b3f3dade5cc3bff17dcb97ffa9a0552425514128,MAP_ENDPOINT_EXPOSURE_ONLY,-0.004212158732116222
C0_METHOD_INDEPENDENT,,,E6_FLIGHT_SAFER,u_bound_inf,0.2,,62af2a6f4be5381ebfe775e0b3f3dade5cc3bff17dcb97ffa9a0552425514128,MAP_ENDPOINT_EXPOSURE_ONLY,-0.004212158732116222
C0_METHOD_INDEPENDENT,,,E6_FLIGHT_SAFER,latency_cycles,0,-0.004212158732116222,62af2a6f4be5381ebfe775e0b3f3dade5cc3bff17dcb97ffa9a0552425514128,MAP_ENDPOINT_EXPOSURE_ONLY,
C0_METHOD_INDEPENDENT,,,E6_FLIGHT_SAFER,latency_cycles,1,-0.004212158732116222,62af2a6f4be5381ebfe775e0b3f3dade5cc3bff17dcb97ffa9a0552425514128,MAP_ENDPOINT_EXPOSURE_ONLY,
C0_METHOD_INDEPENDENT,,,E6_FLIGHT_SAFER,latency_cycles,2,-0.004212158732116222,62af2a6f4be5381ebfe775e0b3f3dade5cc3bff17dcb97ffa9a0552425514128,MAP_ENDPOINT_EXPOSURE_ONLY,
C0_METHOD_INDEPENDENT,,,E6_FLIGHT_SAFER,tracking_error,,,62af2a6f4be5381ebfe775e0b3f3dade5cc3bff17dcb97ffa9a0552425514128,DATA_BLOCKED_NO_FROZEN_TRACKING_ERROR_BUDGET,
C0_METHOD_INDEPENDENT,Frozen selected official state has zero velocity; artificial velocity prohibited.,,E6_FLIGHT_SAFER,velocity_scale,,,688c99491da3a1461595120631679c95973e4f90389253553b0f78894b59c226,DATA_BLOCKED_OFFICIAL_NONZERO_VELOCITY_ABSENT,
C0_METHOD_INDEPENDENT,,0.014060283079743385,E6_FLIGHT_SAFER,dt_s,0.025,,688c99491da3a1461595120631679c95973e4f90389253553b0f78894b59c226,MAP_ENDPOINT_EXPOSURE_ONLY,
C0_METHOD_INDEPENDENT,,0.014060283079743385,E6_FLIGHT_SAFER,dt_s,0.05,,688c99491da3a1461595120631679c95973e4f90389253553b0f78894b59c226,MAP_ENDPOINT_EXPOSURE_ONLY,
C0_METHOD_INDEPENDENT,,0.014060283079743385,E6_FLIGHT_SAFER,dt_s,0.1,,688c99491da3a1461595120631679c95973e4f90389253553b0f78894b59c226,MAP_ENDPOINT_EXPOSURE_ONLY,
C0_METHOD_INDEPENDENT,,0.014060283079743385,E6_FLIGHT_SAFER,dt_s,0.2,,688c99491da3a1461595120631679c95973e4f90389253553b0f78894b59c226,MAP_ENDPOINT_EXPOSURE_ONLY,
C0_METHOD_INDEPENDENT,,,E6_FLIGHT_SAFER,u_bound_inf,0.05,,688c99491da3a1461595120631679c95973e4f90389253553b0f78894b59c226,MAP_ENDPOINT_EXPOSURE_ONLY,0.01400909572839737
C0_METHOD_INDEPENDENT,,,E6_FLIGHT_SAFER,u_bound_inf,0.1,,688c99491da3a1461595120631679c95973e4f90389253553b0f78894b59c226,MAP_ENDPOINT_EXPOSURE_ONLY,0.013958023861050606
C0_METHOD_INDEPENDENT,,,E6_FLIGHT_SAFER,u_bound_inf,0.2,,688c99491da3a1461595120631679c95973e4f90389253553b0f78894b59c226,MAP_ENDPOINT_EXPOSURE_ONLY,0.013958023861050606
C0_METHOD_INDEPENDENT,,,E6_FLIGHT_SAFER,latency_cycles,0,0.014060283079743385,688c99491da3a1461595120631679c95973e4f90389253553b0f78894b59c226,MAP_ENDPOINT_EXPOSURE_ONLY,
C0_METHOD_INDEPENDENT,,,E6_FLIGHT_SAFER,latency_cycles,1,0.014060283079743385,688c99491da3a1461595120631679c95973e4f90389253553b0f78894b59c226,MAP_ENDPOINT_EXPOSURE_ONLY,
C0_METHOD_INDEPENDENT,,,E6_FLIGHT_SAFER,latency_cycles,2,0.014060283079743385,688c99491da3a1461595120631679c95973e4f90389253553b0f78894b59c226,MAP_ENDPOINT_EXPOSURE_ONLY,
C0_METHOD_INDEPENDENT,,,E6_FLIGHT_SAFER,tracking_error,,,688c99491da3a1461595120631679c95973e4f90389253553b0f78894b59c226,DATA_BLOCKED_NO_FROZEN_TRACKING_ERROR_BUDGET,
C0_METHOD_INDEPENDENT,Frozen selected official state has zero velocity; artificial velocity prohibited.,,E6_FLIGHT_SAFER,velocity_scale,,,797ceb3e21e3e52071d0cc03b2aa2a08c7d7b961d6369a87975de8ce8f711d49,DATA_BLOCKED_OFFICIAL_NONZERO_VELOCITY_ABSENT,
C0_METHOD_INDEPENDENT,,0.006169639527797699,E6_FLIGHT_SAFER,dt_s,0.025,,797ceb3e21e3e52071d0cc03b2aa2a08c7d7b961d6369a87975de8ce8f711d49,MAP_ENDPOINT_EXPOSURE_ONLY,
C0_METHOD_INDEPENDENT,,0.006169639527797699,E6_FLIGHT_SAFER,dt_s,0.05,,797ceb3e21e3e52071d0cc03b2aa2a08c7d7b961d6369a87975de8ce8f711d49,MAP_ENDPOINT_EXPOSURE_ONLY,
C0_METHOD_INDEPENDENT,,0.006169639527797699,E6_FLIGHT_SAFER,dt_s,0.1,,797ceb3e21e3e52071d0cc03b2aa2a08c7d7b961d6369a87975de8ce8f711d49,MAP_ENDPOINT_EXPOSURE_ONLY,
C0_METHOD_INDEPENDENT,,0.006169639527797699,E6_FLIGHT_SAFER,dt_s,0.2,,797ceb3e21e3e52071d0cc03b2aa2a08c7d7b961d6369a87975de8ce8f711d49,MAP_ENDPOINT_EXPOSURE_ONLY,
C0_METHOD_INDEPENDENT,,,E6_FLIGHT_SAFER,u_bound_inf,0.05,,797ceb3e21e3e52071d0cc03b2aa2a08c7d7b961d6369a87975de8ce8f711d49,MAP_ENDPOINT_EXPOSURE_ONLY,0.0061438605189323425
C0_METHOD_INDEPENDENT,,,E6_FLIGHT_SAFER,u_bound_inf,0.1,,797ceb3e21e3e52071d0cc03b2aa2a08c7d7b961d6369a87975de8ce8f711d49,MAP_ENDPOINT_EXPOSURE_ONLY,0.006118183955550194
C0_METHOD_INDEPENDENT,,,E6_FLIGHT_SAFER,u_bound_inf,0.2,,797ceb3e21e3e52071d0cc03b2aa2a08c7d7b961d6369a87975de8ce8f711d49,MAP_ENDPOINT_EXPOSURE_ONLY,0.006118183955550194
C0_METHOD_INDEPENDENT,,,E6_FLIGHT_SAFER,latency_cycles,0,0.006169639527797699,797ceb3e21e3e52071d0cc03b2aa2a08c7d7b961d6369a87975de8ce8f711d49,MAP_ENDPOINT_EXPOSURE_ONLY,
C0_METHOD_INDEPENDENT,,,E6_FLIGHT_SAFER,latency_cycles,1,0.006169639527797699,797ceb3e21e3e52071d0cc03b2aa2a08c7d7b961d6369a87975de8ce8f711d49,MAP_ENDPOINT_EXPOSURE_ONLY,
C0_METHOD_INDEPENDENT,,,E6_FLIGHT_SAFER,latency_cycles,2,0.006169639527797699,797ceb3e21e3e52071d0cc03b2aa2a08c7d7b961d6369a87975de8ce8f711d49,MAP_ENDPOINT_EXPOSURE_ONLY,
C0_METHOD_INDEPENDENT,,,E6_FLIGHT_SAFER,tracking_error,,,797ceb3e21e3e52071d0cc03b2aa2a08c7d7b961d6369a87975de8ce8f711d49,DATA_BLOCKED_NO_FROZEN_TRACKING_ERROR_BUDGET,
C0_METHOD_INDEPENDENT,Frozen selected official state has zero velocity; artificial velocity prohibited.,,E6_FLIGHT_SAFER,velocity_scale,,,8ad08340c293040823b9137b2f05229ad3aee1cc7ad148d08323b9a6382c0891,DATA_BLOCKED_OFFICIAL_NONZERO_VELOCITY_ABSENT,
C0_METHOD_INDEPENDENT,,-0.005317717790603638,E6_FLIGHT_SAFER,dt_s,0.025,,8ad08340c293040823b9137b2f05229ad3aee1cc7ad148d08323b9a6382c0891,MAP_ENDPOINT_EXPOSURE_ONLY,
C0_METHOD_INDEPENDENT,,-0.005317717790603638,E6_FLIGHT_SAFER,dt_s,0.05,,8ad08340c293040823b9137b2f05229ad3aee1cc7ad148d08323b9a6382c0891,MAP_ENDPOINT_EXPOSURE_ONLY,
C0_METHOD_INDEPENDENT,,-0.005317717790603638,E6_FLIGHT_SAFER,dt_s,0.1,,8ad08340c293040823b9137b2f05229ad3aee1cc7ad148d08323b9a6382c0891,MAP_ENDPOINT_EXPOSURE_ONLY,
C0_METHOD_INDEPENDENT,,-0.005317717790603638,E6_FLIGHT_SAFER,dt_s,0.2,,8ad08340c293040823b9137b2f05229ad3aee1cc7ad148d08323b9a6382c0891,MAP_ENDPOINT_EXPOSURE_ONLY,
C0_METHOD_INDEPENDENT,,,E6_FLIGHT_SAFER,u_bound_inf,0.05,,8ad08340c293040823b9137b2f05229ad3aee1cc7ad148d08323b9a6382c0891,MAP_ENDPOINT_EXPOSURE_ONLY,-0.005317717790603638
C0_METHOD_INDEPENDENT,,,E6_FLIGHT_SAFER,u_bound_inf,0.1,,8ad08340c293040823b9137b2f05229ad3aee1cc7ad148d08323b9a6382c0891,MAP_ENDPOINT_EXPOSURE_ONLY,-0.005317717790603638
C0_METHOD_INDEPENDENT,,,E6_FLIGHT_SAFER,u_bound_inf,0.2,,8ad08340c293040823b9137b2f05229ad3aee1cc7ad148d08323b9a6382c0891,MAP_ENDPOINT_EXPOSURE_ONLY,-0.005317717790603638
C0_METHOD_INDEPENDENT,,,E6_FLIGHT_SAFER,latency_cycles,0,-0.005317717790603638,8ad08340c293040823b9137b2f05229ad3aee1cc7ad148d08323b9a6382c0891,MAP_ENDPOINT_EXPOSURE_ONLY,
C0_METHOD_INDEPENDENT,,,E6_FLIGHT_SAFER,latency_cycles,1,-0.005317717790603638,8ad08340c293040823b9137b2f05229ad3aee1cc7ad148d08323b9a6382c0891,MAP_ENDPOINT_EXPOSURE_ONLY,
C0_METHOD_INDEPENDENT,,,E6_FLIGHT_SAFER,latency_cycles,2,-0.005317717790603638,8ad08340c293040823b9137b2f05229ad3aee1cc7ad148d08323b9a6382c0891,MAP_ENDPOINT_EXPOSURE_ONLY,
C0_METHOD_INDEPENDENT,,,E6_FLIGHT_SAFER,tracking_error,,,8ad08340c293040823b9137b2f05229ad3aee1cc7ad148d08323b9a6382c0891,DATA_BLOCKED_NO_FROZEN_TRACKING_ERROR_BUDGET,
C0_METHOD_INDEPENDENT,Frozen selected official state has zero velocity; artificial velocity prohibited.,,E6_FLIGHT_SAFER,velocity_scale,,,9dcfe25ff9448359939c88bdc62d5e9e47ba284d5864390b0b69a09cfdecb408,DATA_BLOCKED_OFFICIAL_NONZERO_VELOCITY_ABSENT,
C0_METHOD_INDEPENDENT,,-0.003090864047408104,E6_FLIGHT_SAFER,dt_s,0.025,,9dcfe25ff9448359939c88bdc62d5e9e47ba284d5864390b0b69a09cfdecb408,MAP_ENDPOINT_EXPOSURE_ONLY,
C0_METHOD_INDEPENDENT,,-0.003090864047408104,E6_FLIGHT_SAFER,dt_s,0.05,,9dcfe25ff9448359939c88bdc62d5e9e47ba284d5864390b0b69a09cfdecb408,MAP_ENDPOINT_EXPOSURE_ONLY,
C0_METHOD_INDEPENDENT,,-0.003090864047408104,E6_FLIGHT_SAFER,dt_s,0.1,,9dcfe25ff9448359939c88bdc62d5e9e47ba284d5864390b0b69a09cfdecb408,MAP_ENDPOINT_EXPOSURE_ONLY,
C0_METHOD_INDEPENDENT,,-0.003090864047408104,E6_FLIGHT_SAFER,dt_s,0.2,,9dcfe25ff9448359939c88bdc62d5e9e47ba284d5864390b0b69a09cfdecb408,MAP_ENDPOINT_EXPOSURE_ONLY,
C0_METHOD_INDEPENDENT,,,E6_FLIGHT_SAFER,u_bound_inf,0.05,,9dcfe25ff9448359939c88bdc62d5e9e47ba284d5864390b0b69a09cfdecb408,MAP_ENDPOINT_EXPOSURE_ONLY,-0.0030592037364840508
C0_METHOD_INDEPENDENT,,,E6_FLIGHT_SAFER,u_bound_inf,0.1,,9dcfe25ff9448359939c88bdc62d5e9e47ba284d5864390b0b69a09cfdecb408,MAP_ENDPOINT_EXPOSURE_ONLY,-0.0030325446277856827
C0_METHOD_INDEPENDENT,,,E6_FLIGHT_SAFER,u_bound_inf,0.2,,9dcfe25ff9448359939c88bdc62d5e9e47ba284d5864390b0b69a09cfdecb408,MAP_ENDPOINT_EXPOSURE_ONLY,-0.0030325446277856827
C0_METHOD_INDEPENDENT,,,E6_FLIGHT_SAFER,latency_cycles,0,-0.003090864047408104,9dcfe25ff9448359939c88bdc62d5e9e47ba284d5864390b0b69a09cfdecb408,MAP_ENDPOINT_EXPOSURE_ONLY,
C0_METHOD_INDEPENDENT,,,E6_FLIGHT_SAFER,latency_cycles,1,-0.003090864047408104,9dcfe25ff9448359939c88bdc62d5e9e47ba284d5864390b0b69a09cfdecb408,MAP_ENDPOINT_EXPOSURE_ONLY,
C0_METHOD_INDEPENDENT,,,E6_FLIGHT_SAFER,latency_cycles,2,-0.003090864047408104,9dcfe25ff9448359939c88bdc62d5e9e47ba284d5864390b0b69a09cfdecb408,MAP_ENDPOINT_EXPOSURE_ONLY,
C0_METHOD_INDEPENDENT,,,E6_FLIGHT_SAFER,tracking_error,,,9dcfe25ff9448359939c88bdc62d5e9e47ba284d5864390b0b69a09cfdecb408,DATA_BLOCKED_NO_FROZEN_TRACKING_ERROR_BUDGET,
C0_METHOD_INDEPENDENT,Frozen selected official state has zero velocity; artificial velocity prohibited.,,E6_FLIGHT_SAFER,velocity_scale,,,b3127e019d7c55c8b6bd9f34a44a01bfd69f9237d668cd6b7ef9a0905b832630,DATA_BLOCKED_OFFICIAL_NONZERO_VELOCITY_ABSENT,
C0_METHOD_INDEPENDENT,,-0.01083965040743351,E6_FLIGHT_SAFER,dt_s,0.025,,b3127e019d7c55c8b6bd9f34a44a01bfd69f9237d668cd6b7ef9a0905b832630,MAP_ENDPOINT_EXPOSURE_ONLY,
C0_METHOD_INDEPENDENT,,-0.01083965040743351,E6_FLIGHT_SAFER,dt_s,0.05,,b3127e019d7c55c8b6bd9f34a44a01bfd69f9237d668cd6b7ef9a0905b832630,MAP_ENDPOINT_EXPOSURE_ONLY,
C0_METHOD_INDEPENDENT,,-0.01083965040743351,E6_FLIGHT_SAFER,dt_s,0.1,,b3127e019d7c55c8b6bd9f34a44a01bfd69f9237d668cd6b7ef9a0905b832630,MAP_ENDPOINT_EXPOSURE_ONLY,
C0_METHOD_INDEPENDENT,,-0.01083965040743351,E6_FLIGHT_SAFER,dt_s,0.2,,b3127e019d7c55c8b6bd9f34a44a01bfd69f9237d668cd6b7ef9a0905b832630,MAP_ENDPOINT_EXPOSURE_ONLY,
C0_METHOD_INDEPENDENT,,,E6_FLIGHT_SAFER,u_bound_inf,0.05,,b3127e019d7c55c8b6bd9f34a44a01bfd69f9237d668cd6b7ef9a0905b832630,MAP_ENDPOINT_EXPOSURE_ONLY,-0.01083965040743351
C0_METHOD_INDEPENDENT,,,E6_FLIGHT_SAFER,u_bound_inf,0.1,,b3127e019d7c55c8b6bd9f34a44a01bfd69f9237d668cd6b7ef9a0905b832630,MAP_ENDPOINT_EXPOSURE_ONLY,-0.01083965040743351
C0_METHOD_INDEPENDENT,,,E6_FLIGHT_SAFER,u_bound_inf,0.2,,b3127e019d7c55c8b6bd9f34a44a01bfd69f9237d668cd6b7ef9a0905b832630,MAP_ENDPOINT_EXPOSURE_ONLY,-0.01083965040743351
C0_METHOD_INDEPENDENT,,,E6_FLIGHT_SAFER,latency_cycles,0,-0.01083965040743351,b3127e019d7c55c8b6bd9f34a44a01bfd69f9237d668cd6b7ef9a0905b832630,MAP_ENDPOINT_EXPOSURE_ONLY,
C0_METHOD_INDEPENDENT,,,E6_FLIGHT_SAFER,latency_cycles,1,-0.01083965040743351,b3127e019d7c55c8b6bd9f34a44a01bfd69f9237d668cd6b7ef9a0905b832630,MAP_ENDPOINT_EXPOSURE_ONLY,
C0_METHOD_INDEPENDENT,,,E6_FLIGHT_SAFER,latency_cycles,2,-0.01083965040743351,b3127e019d7c55c8b6bd9f34a44a01bfd69f9237d668cd6b7ef9a0905b832630,MAP_ENDPOINT_EXPOSURE_ONLY,
C0_METHOD_INDEPENDENT,,,E6_FLIGHT_SAFER,tracking_error,,,b3127e019d7c55c8b6bd9f34a44a01bfd69f9237d668cd6b7ef9a0905b832630,DATA_BLOCKED_NO_FROZEN_TRACKING_ERROR_BUDGET,
C0_METHOD_INDEPENDENT,Frozen selected official state has zero velocity; artificial velocity prohibited.,,E6_FLIGHT_SAFER,velocity_scale,,,c16bfbe29d69a18fa2272caa0d3a97e7611fb980b404a121be98341597248b48,DATA_BLOCKED_OFFICIAL_NONZERO_VELOCITY_ABSENT,
C0_METHOD_INDEPENDENT,,0.00184609554708004,E6_FLIGHT_SAFER,dt_s,0.025,,c16bfbe29d69a18fa2272caa0d3a97e7611fb980b404a121be98341597248b48,MAP_ENDPOINT_EXPOSURE_ONLY,
C0_METHOD_INDEPENDENT,,0.00184609554708004,E6_FLIGHT_SAFER,dt_s,0.05,,c16bfbe29d69a18fa2272caa0d3a97e7611fb980b404a121be98341597248b48,MAP_ENDPOINT_EXPOSURE_ONLY,
C0_METHOD_INDEPENDENT,,0.00184609554708004,E6_FLIGHT_SAFER,dt_s,0.1,,c16bfbe29d69a18fa2272caa0d3a97e7611fb980b404a121be98341597248b48,MAP_ENDPOINT_EXPOSURE_ONLY,
C0_METHOD_INDEPENDENT,,0.00184609554708004,E6_FLIGHT_SAFER,dt_s,0.2,,c16bfbe29d69a18fa2272caa0d3a97e7611fb980b404a121be98341597248b48,MAP_ENDPOINT_EXPOSURE_ONLY,
C0_METHOD_INDEPENDENT,,,E6_FLIGHT_SAFER,u_bound_inf,0.05,,c16bfbe29d69a18fa2272caa0d3a97e7611fb980b404a121be98341597248b48,MAP_ENDPOINT_EXPOSURE_ONLY,0.0018232297152280807
C0_METHOD_INDEPENDENT,,,E6_FLIGHT_SAFER,u_bound_inf,0.1,,c16bfbe29d69a18fa2272caa0d3a97e7611fb980b404a121be98341597248b48,MAP_ENDPOINT_EXPOSURE_ONLY,0.0018232492730021477
C0_METHOD_INDEPENDENT,,,E6_FLIGHT_SAFER,u_bound_inf,0.2,,c16bfbe29d69a18fa2272caa0d3a97e7611fb980b404a121be98341597248b48,MAP_ENDPOINT_EXPOSURE_ONLY,0.0018232492730021477
C0_METHOD_INDEPENDENT,,,E6_FLIGHT_SAFER,latency_cycles,0,0.00184609554708004,c16bfbe29d69a18fa2272caa0d3a97e7611fb980b404a121be98341597248b48,MAP_ENDPOINT_EXPOSURE_ONLY,
C0_METHOD_INDEPENDENT,,,E6_FLIGHT_SAFER,latency_cycles,1,0.00184609554708004,c16bfbe29d69a18fa2272caa0d3a97e7611fb980b404a121be98341597248b48,MAP_ENDPOINT_EXPOSURE_ONLY,
C0_METHOD_INDEPENDENT,,,E6_FLIGHT_SAFER,latency_cycles,2,0.00184609554708004,c16bfbe29d69a18fa2272caa0d3a97e7611fb980b404a121be98341597248b48,MAP_ENDPOINT_EXPOSURE_ONLY,
C0_METHOD_INDEPENDENT,,,E6_FLIGHT_SAFER,tracking_error,,,c16bfbe29d69a18fa2272caa0d3a97e7611fb980b404a121be98341597248b48,DATA_BLOCKED_NO_FROZEN_TRACKING_ERROR_BUDGET,
C0_METHOD_INDEPENDENT,Frozen selected official state has zero velocity; artificial velocity prohibited.,,E6_FLIGHT_SAFER,velocity_scale,,,c7ef8c2e7a399723696be56aa43ba0f632878756eaf236429d217f7a8aa4fcf9,DATA_BLOCKED_OFFICIAL_NONZERO_VELOCITY_ABSENT,
C0_METHOD_INDEPENDENT,,-0.008207214064896107,E6_FLIGHT_SAFER,dt_s,0.025,,c7ef8c2e7a399723696be56aa43ba0f632878756eaf236429d217f7a8aa4fcf9,MAP_ENDPOINT_EXPOSURE_ONLY,
C0_METHOD_INDEPENDENT,,-0.008207214064896107,E6_FLIGHT_SAFER,dt_s,0.05,,c7ef8c2e7a399723696be56aa43ba0f632878756eaf236429d217f7a8aa4fcf9,MAP_ENDPOINT_EXPOSURE_ONLY,
C0_METHOD_INDEPENDENT,,-0.008207214064896107,E6_FLIGHT_SAFER,dt_s,0.1,,c7ef8c2e7a399723696be56aa43ba0f632878756eaf236429d217f7a8aa4fcf9,MAP_ENDPOINT_EXPOSURE_ONLY,
C0_METHOD_INDEPENDENT,,-0.008207214064896107,E6_FLIGHT_SAFER,dt_s,0.2,,c7ef8c2e7a399723696be56aa43ba0f632878756eaf236429d217f7a8aa4fcf9,MAP_ENDPOINT_EXPOSURE_ONLY,
C0_METHOD_INDEPENDENT,,,E6_FLIGHT_SAFER,u_bound_inf,0.05,,c7ef8c2e7a399723696be56aa43ba0f632878756eaf236429d217f7a8aa4fcf9,MAP_ENDPOINT_EXPOSURE_ONLY,-0.008207214064896107
C0_METHOD_INDEPENDENT,,,E6_FLIGHT_SAFER,u_bound_inf,0.1,,c7ef8c2e7a399723696be56aa43ba0f632878756eaf236429d217f7a8aa4fcf9,MAP_ENDPOINT_EXPOSURE_ONLY,-0.008207214064896107
C0_METHOD_INDEPENDENT,,,E6_FLIGHT_SAFER,u_bound_inf,0.2,,c7ef8c2e7a399723696be56aa43ba0f632878756eaf236429d217f7a8aa4fcf9,MAP_ENDPOINT_EXPOSURE_ONLY,-0.008207214064896107
C0_METHOD_INDEPENDENT,,,E6_FLIGHT_SAFER,latency_cycles,0,-0.008207214064896107,c7ef8c2e7a399723696be56aa43ba0f632878756eaf236429d217f7a8aa4fcf9,MAP_ENDPOINT_EXPOSURE_ONLY,
C0_METHOD_INDEPENDENT,,,E6_FLIGHT_SAFER,latency_cycles,1,-0.008207214064896107,c7ef8c2e7a399723696be56aa43ba0f632878756eaf236429d217f7a8aa4fcf9,MAP_ENDPOINT_EXPOSURE_ONLY,
C0_METHOD_INDEPENDENT,,,E6_FLIGHT_SAFER,latency_cycles,2,-0.008207214064896107,c7ef8c2e7a399723696be56aa43ba0f632878756eaf236429d217f7a8aa4fcf9,MAP_ENDPOINT_EXPOSURE_ONLY,
C0_METHOD_INDEPENDENT,,,E6_FLIGHT_SAFER,tracking_error,,,c7ef8c2e7a399723696be56aa43ba0f632878756eaf236429d217f7a8aa4fcf9,DATA_BLOCKED_NO_FROZEN_TRACKING_ERROR_BUDGET,
C0_METHOD_INDEPENDENT,Frozen selected official state has zero velocity; artificial velocity prohibited.,,E6_FLIGHT_SAFER,velocity_scale,,,d400e0e39986a5dee174d75e6462e0f482212dcf149ab014781361a8e834ddd8,DATA_BLOCKED_OFFICIAL_NONZERO_VELOCITY_ABSENT,
C0_METHOD_INDEPENDENT,,0.013815619051456451,E6_FLIGHT_SAFER,dt_s,0.025,,d400e0e39986a5dee174d75e6462e0f482212dcf149ab014781361a8e834ddd8,MAP_ENDPOINT_EXPOSURE_ONLY,
C0_METHOD_INDEPENDENT,,0.013815619051456451,E6_FLIGHT_SAFER,dt_s,0.05,,d400e0e39986a5dee174d75e6462e0f482212dcf149ab014781361a8e834ddd8,MAP_ENDPOINT_EXPOSURE_ONLY,
C0_METHOD_INDEPENDENT,,0.013815619051456451,E6_FLIGHT_SAFER,dt_s,0.1,,d400e0e39986a5dee174d75e6462e0f482212dcf149ab014781361a8e834ddd8,MAP_ENDPOINT_EXPOSURE_ONLY,
C0_METHOD_INDEPENDENT,,0.013815619051456451,E6_FLIGHT_SAFER,dt_s,0.2,,d400e0e39986a5dee174d75e6462e0f482212dcf149ab014781361a8e834ddd8,MAP_ENDPOINT_EXPOSURE_ONLY,
C0_METHOD_INDEPENDENT,,,E6_FLIGHT_SAFER,u_bound_inf,0.05,,d400e0e39986a5dee174d75e6462e0f482212dcf149ab014781361a8e834ddd8,MAP_ENDPOINT_EXPOSURE_ONLY,0.01379207894206047
C0_METHOD_INDEPENDENT,,,E6_FLIGHT_SAFER,u_bound_inf,0.1,,d400e0e39986a5dee174d75e6462e0f482212dcf149ab014781361a8e834ddd8,MAP_ENDPOINT_EXPOSURE_ONLY,0.013768639415502548
C0_METHOD_INDEPENDENT,,,E6_FLIGHT_SAFER,u_bound_inf,0.2,,d400e0e39986a5dee174d75e6462e0f482212dcf149ab014781361a8e834ddd8,MAP_ENDPOINT_EXPOSURE_ONLY,0.013768639415502548
C0_METHOD_INDEPENDENT,,,E6_FLIGHT_SAFER,latency_cycles,0,0.013815619051456451,d400e0e39986a5dee174d75e6462e0f482212dcf149ab014781361a8e834ddd8,MAP_ENDPOINT_EXPOSURE_ONLY,
C0_METHOD_INDEPENDENT,,,E6_FLIGHT_SAFER,latency_cycles,1,0.013815619051456451,d400e0e39986a5dee174d75e6462e0f482212dcf149ab014781361a8e834ddd8,MAP_ENDPOINT_EXPOSURE_ONLY,
C0_METHOD_INDEPENDENT,,,E6_FLIGHT_SAFER,latency_cycles,2,0.013815619051456451,d400e0e39986a5dee174d75e6462e0f482212dcf149ab014781361a8e834ddd8,MAP_ENDPOINT_EXPOSURE_ONLY,
C0_METHOD_INDEPENDENT,,,E6_FLIGHT_SAFER,tracking_error,,,d400e0e39986a5dee174d75e6462e0f482212dcf149ab014781361a8e834ddd8,DATA_BLOCKED_NO_FROZEN_TRACKING_ERROR_BUDGET,
C0_METHOD_INDEPENDENT,Frozen selected official state has zero velocity; artificial velocity prohibited.,,E6_FLIGHT_SAFER,velocity_scale,,,e56b063a6a9c54ae9a445d72c31399d1ddb7aee22441086688954bab3e426260,DATA_BLOCKED_OFFICIAL_NONZERO_VELOCITY_ABSENT,
C0_METHOD_INDEPENDENT,,-0.006404198706150055,E6_FLIGHT_SAFER,dt_s,0.025,,e56b063a6a9c54ae9a445d72c31399d1ddb7aee22441086688954bab3e426260,MAP_ENDPOINT_EXPOSURE_ONLY,
C0_METHOD_INDEPENDENT,,-0.006404198706150055,E6_FLIGHT_SAFER,dt_s,0.05,,e56b063a6a9c54ae9a445d72c31399d1ddb7aee22441086688954bab3e426260,MAP_ENDPOINT_EXPOSURE_ONLY,
C0_METHOD_INDEPENDENT,,-0.006404198706150055,E6_FLIGHT_SAFER,dt_s,0.1,,e56b063a6a9c54ae9a445d72c31399d1ddb7aee22441086688954bab3e426260,MAP_ENDPOINT_EXPOSURE_ONLY,
C0_METHOD_INDEPENDENT,,-0.006404198706150055,E6_FLIGHT_SAFER,dt_s,0.2,,e56b063a6a9c54ae9a445d72c31399d1ddb7aee22441086688954bab3e426260,MAP_ENDPOINT_EXPOSURE_ONLY,
C0_METHOD_INDEPENDENT,,,E6_FLIGHT_SAFER,u_bound_inf,0.05,,e56b063a6a9c54ae9a445d72c31399d1ddb7aee22441086688954bab3e426260,MAP_ENDPOINT_EXPOSURE_ONLY,-0.006404198706150055
C0_METHOD_INDEPENDENT,,,E6_FLIGHT_SAFER,u_bound_inf,0.1,,e56b063a6a9c54ae9a445d72c31399d1ddb7aee22441086688954bab3e426260,MAP_ENDPOINT_EXPOSURE_ONLY,-0.006404198706150055
C0_METHOD_INDEPENDENT,,,E6_FLIGHT_SAFER,u_bound_inf,0.2,,e56b063a6a9c54ae9a445d72c31399d1ddb7aee22441086688954bab3e426260,MAP_ENDPOINT_EXPOSURE_ONLY,-0.006404198706150055
C0_METHOD_INDEPENDENT,,,E6_FLIGHT_SAFER,latency_cycles,0,-0.006404198706150055,e56b063a6a9c54ae9a445d72c31399d1ddb7aee22441086688954bab3e426260,MAP_ENDPOINT_EXPOSURE_ONLY,
C0_METHOD_INDEPENDENT,,,E6_FLIGHT_SAFER,latency_cycles,1,-0.006404198706150055,e56b063a6a9c54ae9a445d72c31399d1ddb7aee22441086688954bab3e426260,MAP_ENDPOINT_EXPOSURE_ONLY,
C0_METHOD_INDEPENDENT,,,E6_FLIGHT_SAFER,latency_cycles,2,-0.006404198706150055,e56b063a6a9c54ae9a445d72c31399d1ddb7aee22441086688954bab3e426260,MAP_ENDPOINT_EXPOSURE_ONLY,
C0_METHOD_INDEPENDENT,,,E6_FLIGHT_SAFER,tracking_error,,,e56b063a6a9c54ae9a445d72c31399d1ddb7aee22441086688954bab3e426260,DATA_BLOCKED_NO_FROZEN_TRACKING_ERROR_BUDGET,
C1_FAILURE_DIAGNOSTIC,Frozen selected official state has zero velocity; artificial velocity prohibited.,,E6_FLIGHT_SAFER,velocity_scale,,,01aeadade59622e7afcd1c10e9715e32030cf02026456c4aed3d403c69efd0b8,DATA_BLOCKED_OFFICIAL_NONZERO_VELOCITY_ABSENT,
C1_FAILURE_DIAGNOSTIC,,-0.002876734361052513,E6_FLIGHT_SAFER,dt_s,0.025,,01aeadade59622e7afcd1c10e9715e32030cf02026456c4aed3d403c69efd0b8,MAP_ENDPOINT_EXPOSURE_ONLY,
C1_FAILURE_DIAGNOSTIC,,-0.002876734361052513,E6_FLIGHT_SAFER,dt_s,0.05,,01aeadade59622e7afcd1c10e9715e32030cf02026456c4aed3d403c69efd0b8,MAP_ENDPOINT_EXPOSURE_ONLY,
C1_FAILURE_DIAGNOSTIC,,-0.002876734361052513,E6_FLIGHT_SAFER,dt_s,0.1,,01aeadade59622e7afcd1c10e9715e32030cf02026456c4aed3d403c69efd0b8,MAP_ENDPOINT_EXPOSURE_ONLY,
C1_FAILURE_DIAGNOSTIC,,-0.002876734361052513,E6_FLIGHT_SAFER,dt_s,0.2,,01aeadade59622e7afcd1c10e9715e32030cf02026456c4aed3d403c69efd0b8,MAP_ENDPOINT_EXPOSURE_ONLY,
C1_FAILURE_DIAGNOSTIC,,,E6_FLIGHT_SAFER,u_bound_inf,0.05,,01aeadade59622e7afcd1c10e9715e32030cf02026456c4aed3d403c69efd0b8,MAP_ENDPOINT_EXPOSURE_ONLY,-0.002854553982615471
C1_FAILURE_DIAGNOSTIC,,,E6_FLIGHT_SAFER,u_bound_inf,0.1,,01aeadade59622e7afcd1c10e9715e32030cf02026456c4aed3d403c69efd0b8,MAP_ENDPOINT_EXPOSURE_ONLY,-0.0028382549062371254
C1_FAILURE_DIAGNOSTIC,,,E6_FLIGHT_SAFER,u_bound_inf,0.2,,01aeadade59622e7afcd1c10e9715e32030cf02026456c4aed3d403c69efd0b8,MAP_ENDPOINT_EXPOSURE_ONLY,-0.0028382549062371254
C1_FAILURE_DIAGNOSTIC,,,E6_FLIGHT_SAFER,latency_cycles,0,-0.002876734361052513,01aeadade59622e7afcd1c10e9715e32030cf02026456c4aed3d403c69efd0b8,MAP_ENDPOINT_EXPOSURE_ONLY,
C1_FAILURE_DIAGNOSTIC,,,E6_FLIGHT_SAFER,latency_cycles,1,-0.002876734361052513,01aeadade59622e7afcd1c10e9715e32030cf02026456c4aed3d403c69efd0b8,MAP_ENDPOINT_EXPOSURE_ONLY,
C1_FAILURE_DIAGNOSTIC,,,E6_FLIGHT_SAFER,latency_cycles,2,-0.002876734361052513,01aeadade59622e7afcd1c10e9715e32030cf02026456c4aed3d403c69efd0b8,MAP_ENDPOINT_EXPOSURE_ONLY,
C1_FAILURE_DIAGNOSTIC,,,E6_FLIGHT_SAFER,tracking_error,,,01aeadade59622e7afcd1c10e9715e32030cf02026456c4aed3d403c69efd0b8,DATA_BLOCKED_NO_FROZEN_TRACKING_ERROR_BUDGET,
C1_FAILURE_DIAGNOSTIC,Frozen selected official state has zero velocity; artificial velocity prohibited.,,E6_FLIGHT_SAFER,velocity_scale,,,09ef865ed528a671c50c220cb21c300d9a39d74179470423445cafdbdef72da2,DATA_BLOCKED_OFFICIAL_NONZERO_VELOCITY_ABSENT,
C1_FAILURE_DIAGNOSTIC,,-0.007481180131435394,E6_FLIGHT_SAFER,dt_s,0.025,,09ef865ed528a671c50c220cb21c300d9a39d74179470423445cafdbdef72da2,MAP_ENDPOINT_EXPOSURE_ONLY,
C1_FAILURE_DIAGNOSTIC,,-0.007481180131435394,E6_FLIGHT_SAFER,dt_s,0.05,,09ef865ed528a671c50c220cb21c300d9a39d74179470423445cafdbdef72da2,MAP_ENDPOINT_EXPOSURE_ONLY,
C1_FAILURE_DIAGNOSTIC,,-0.007481180131435394,E6_FLIGHT_SAFER,dt_s,0.1,,09ef865ed528a671c50c220cb21c300d9a39d74179470423445cafdbdef72da2,MAP_ENDPOINT_EXPOSURE_ONLY,
C1_FAILURE_DIAGNOSTIC,,-0.007481180131435394,E6_FLIGHT_SAFER,dt_s,0.2,,09ef865ed528a671c50c220cb21c300d9a39d74179470423445cafdbdef72da2,MAP_ENDPOINT_EXPOSURE_ONLY,
C1_FAILURE_DIAGNOSTIC,,,E6_FLIGHT_SAFER,u_bound_inf,0.05,,09ef865ed528a671c50c220cb21c300d9a39d74179470423445cafdbdef72da2,MAP_ENDPOINT_EXPOSURE_ONLY,-0.007481180131435394
C1_FAILURE_DIAGNOSTIC,,,E6_FLIGHT_SAFER,u_bound_inf,0.1,,09ef865ed528a671c50c220cb21c300d9a39d74179470423445cafdbdef72da2,MAP_ENDPOINT_EXPOSURE_ONLY,-0.007481180131435394
C1_FAILURE_DIAGNOSTIC,,,E6_FLIGHT_SAFER,u_bound_inf,0.2,,09ef865ed528a671c50c220cb21c300d9a39d74179470423445cafdbdef72da2,MAP_ENDPOINT_EXPOSURE_ONLY,-0.007481180131435394
C1_FAILURE_DIAGNOSTIC,,,E6_FLIGHT_SAFER,latency_cycles,0,-0.007481180131435394,09ef865ed528a671c50c220cb21c300d9a39d74179470423445cafdbdef72da2,MAP_ENDPOINT_EXPOSURE_ONLY,
C1_FAILURE_DIAGNOSTIC,,,E6_FLIGHT_SAFER,latency_cycles,1,-0.007481180131435394,09ef865ed528a671c50c220cb21c300d9a39d74179470423445cafdbdef72da2,MAP_ENDPOINT_EXPOSURE_ONLY,
C1_FAILURE_DIAGNOSTIC,,,E6_FLIGHT_SAFER,latency_cycles,2,-0.007481180131435394,09ef865ed528a671c50c220cb21c300d9a39d74179470423445cafdbdef72da2,MAP_ENDPOINT_EXPOSURE_ONLY,
C1_FAILURE_DIAGNOSTIC,,,E6_FLIGHT_SAFER,tracking_error,,,09ef865ed528a671c50c220cb21c300d9a39d74179470423445cafdbdef72da2,DATA_BLOCKED_NO_FROZEN_TRACKING_ERROR_BUDGET,
C1_FAILURE_DIAGNOSTIC,Frozen selected official state has zero velocity; artificial velocity prohibited.,,E6_FLIGHT_SAFER,velocity_scale,,,161062cebfee5425da5f7df3b7ccabbe6c31fb5f2c6fc7e0086b29c6fbcb2bef,DATA_BLOCKED_OFFICIAL_NONZERO_VELOCITY_ABSENT,
C1_FAILURE_DIAGNOSTIC,,-0.0007030488923192024,E6_FLIGHT_SAFER,dt_s,0.025,,161062cebfee5425da5f7df3b7ccabbe6c31fb5f2c6fc7e0086b29c6fbcb2bef,MAP_ENDPOINT_EXPOSURE_ONLY,
C1_FAILURE_DIAGNOSTIC,,-0.0007030488923192024,E6_FLIGHT_SAFER,dt_s,0.05,,161062cebfee5425da5f7df3b7ccabbe6c31fb5f2c6fc7e0086b29c6fbcb2bef,MAP_ENDPOINT_EXPOSURE_ONLY,
C1_FAILURE_DIAGNOSTIC,,-0.0007030488923192024,E6_FLIGHT_SAFER,dt_s,0.1,,161062cebfee5425da5f7df3b7ccabbe6c31fb5f2c6fc7e0086b29c6fbcb2bef,MAP_ENDPOINT_EXPOSURE_ONLY,
C1_FAILURE_DIAGNOSTIC,,-0.0007030488923192024,E6_FLIGHT_SAFER,dt_s,0.2,,161062cebfee5425da5f7df3b7ccabbe6c31fb5f2c6fc7e0086b29c6fbcb2bef,MAP_ENDPOINT_EXPOSURE_ONLY,
C1_FAILURE_DIAGNOSTIC,,,E6_FLIGHT_SAFER,u_bound_inf,0.05,,161062cebfee5425da5f7df3b7ccabbe6c31fb5f2c6fc7e0086b29c6fbcb2bef,MAP_ENDPOINT_EXPOSURE_ONLY,-0.0006938353180885315
C1_FAILURE_DIAGNOSTIC,,,E6_FLIGHT_SAFER,u_bound_inf,0.1,,161062cebfee5425da5f7df3b7ccabbe6c31fb5f2c6fc7e0086b29c6fbcb2bef,MAP_ENDPOINT_EXPOSURE_ONLY,-0.0006769625470042229
C1_FAILURE_DIAGNOSTIC,,,E6_FLIGHT_SAFER,u_bound_inf,0.2,,161062cebfee5425da5f7df3b7ccabbe6c31fb5f2c6fc7e0086b29c6fbcb2bef,MAP_ENDPOINT_EXPOSURE_ONLY,-0.0006769625470042229
C1_FAILURE_DIAGNOSTIC,,,E6_FLIGHT_SAFER,latency_cycles,0,-0.0007030488923192024,161062cebfee5425da5f7df3b7ccabbe6c31fb5f2c6fc7e0086b29c6fbcb2bef,MAP_ENDPOINT_EXPOSURE_ONLY,
C1_FAILURE_DIAGNOSTIC,,,E6_FLIGHT_SAFER,latency_cycles,1,-0.0007030488923192024,161062cebfee5425da5f7df3b7ccabbe6c31fb5f2c6fc7e0086b29c6fbcb2bef,MAP_ENDPOINT_EXPOSURE_ONLY,
C1_FAILURE_DIAGNOSTIC,,,E6_FLIGHT_SAFER,latency_cycles,2,-0.0007030488923192024,161062cebfee5425da5f7df3b7ccabbe6c31fb5f2c6fc7e0086b29c6fbcb2bef,MAP_ENDPOINT_EXPOSURE_ONLY,
C1_FAILURE_DIAGNOSTIC,,,E6_FLIGHT_SAFER,tracking_error,,,161062cebfee5425da5f7df3b7ccabbe6c31fb5f2c6fc7e0086b29c6fbcb2bef,DATA_BLOCKED_NO_FROZEN_TRACKING_ERROR_BUDGET,
C1_FAILURE_DIAGNOSTIC,Frozen selected official state has zero velocity; artificial velocity prohibited.,,E6_FLIGHT_SAFER,velocity_scale,,,2a6e0b58bfe92ad72daf3c714eef9573f9da560f21916207dede755ccdd781e6,DATA_BLOCKED_OFFICIAL_NONZERO_VELOCITY_ABSENT,
C1_FAILURE_DIAGNOSTIC,,-0.010708404704928398,E6_FLIGHT_SAFER,dt_s,0.025,,2a6e0b58bfe92ad72daf3c714eef9573f9da560f21916207dede755ccdd781e6,MAP_ENDPOINT_EXPOSURE_ONLY,
C1_FAILURE_DIAGNOSTIC,,-0.010708404704928398,E6_FLIGHT_SAFER,dt_s,0.05,,2a6e0b58bfe92ad72daf3c714eef9573f9da560f21916207dede755ccdd781e6,MAP_ENDPOINT_EXPOSURE_ONLY,
C1_FAILURE_DIAGNOSTIC,,-0.010708404704928398,E6_FLIGHT_SAFER,dt_s,0.1,,2a6e0b58bfe92ad72daf3c714eef9573f9da560f21916207dede755ccdd781e6,MAP_ENDPOINT_EXPOSURE_ONLY,
C1_FAILURE_DIAGNOSTIC,,-0.010708404704928398,E6_FLIGHT_SAFER,dt_s,0.2,,2a6e0b58bfe92ad72daf3c714eef9573f9da560f21916207dede755ccdd781e6,MAP_ENDPOINT_EXPOSURE_ONLY,
C1_FAILURE_DIAGNOSTIC,,,E6_FLIGHT_SAFER,u_bound_inf,0.05,,2a6e0b58bfe92ad72daf3c714eef9573f9da560f21916207dede755ccdd781e6,MAP_ENDPOINT_EXPOSURE_ONLY,-0.010708404704928398
C1_FAILURE_DIAGNOSTIC,,,E6_FLIGHT_SAFER,u_bound_inf,0.1,,2a6e0b58bfe92ad72daf3c714eef9573f9da560f21916207dede755ccdd781e6,MAP_ENDPOINT_EXPOSURE_ONLY,-0.010708404704928398
C1_FAILURE_DIAGNOSTIC,,,E6_FLIGHT_SAFER,u_bound_inf,0.2,,2a6e0b58bfe92ad72daf3c714eef9573f9da560f21916207dede755ccdd781e6,MAP_ENDPOINT_EXPOSURE_ONLY,-0.010708404704928398
C1_FAILURE_DIAGNOSTIC,,,E6_FLIGHT_SAFER,latency_cycles,0,-0.010708404704928398,2a6e0b58bfe92ad72daf3c714eef9573f9da560f21916207dede755ccdd781e6,MAP_ENDPOINT_EXPOSURE_ONLY,
C1_FAILURE_DIAGNOSTIC,,,E6_FLIGHT_SAFER,latency_cycles,1,-0.010708404704928398,2a6e0b58bfe92ad72daf3c714eef9573f9da560f21916207dede755ccdd781e6,MAP_ENDPOINT_EXPOSURE_ONLY,
C1_FAILURE_DIAGNOSTIC,,,E6_FLIGHT_SAFER,latency_cycles,2,-0.010708404704928398,2a6e0b58bfe92ad72daf3c714eef9573f9da560f21916207dede755ccdd781e6,MAP_ENDPOINT_EXPOSURE_ONLY,
C1_FAILURE_DIAGNOSTIC,,,E6_FLIGHT_SAFER,tracking_error,,,2a6e0b58bfe92ad72daf3c714eef9573f9da560f21916207dede755ccdd781e6,DATA_BLOCKED_NO_FROZEN_TRACKING_ERROR_BUDGET,
C1_FAILURE_DIAGNOSTIC,Frozen selected official state has zero velocity; artificial velocity prohibited.,,E6_FLIGHT_SAFER,velocity_scale,,,41a1bd2b4546d99fc1a1a82eb134d29ef3b21ef28fe735d5a248c88397d5de4b,DATA_BLOCKED_OFFICIAL_NONZERO_VELOCITY_ABSENT,
C1_FAILURE_DIAGNOSTIC,,-0.00983577873557806,E6_FLIGHT_SAFER,dt_s,0.025,,41a1bd2b4546d99fc1a1a82eb134d29ef3b21ef28fe735d5a248c88397d5de4b,MAP_ENDPOINT_EXPOSURE_ONLY,
C1_FAILURE_DIAGNOSTIC,,-0.00983577873557806,E6_FLIGHT_SAFER,dt_s,0.05,,41a1bd2b4546d99fc1a1a82eb134d29ef3b21ef28fe735d5a248c88397d5de4b,MAP_ENDPOINT_EXPOSURE_ONLY,
C1_FAILURE_DIAGNOSTIC,,-0.00983577873557806,E6_FLIGHT_SAFER,dt_s,0.1,,41a1bd2b4546d99fc1a1a82eb134d29ef3b21ef28fe735d5a248c88397d5de4b,MAP_ENDPOINT_EXPOSURE_ONLY,
C1_FAILURE_DIAGNOSTIC,,-0.00983577873557806,E6_FLIGHT_SAFER,dt_s,0.2,,41a1bd2b4546d99fc1a1a82eb134d29ef3b21ef28fe735d5a248c88397d5de4b,MAP_ENDPOINT_EXPOSURE_ONLY,
C1_FAILURE_DIAGNOSTIC,,,E6_FLIGHT_SAFER,u_bound_inf,0.05,,41a1bd2b4546d99fc1a1a82eb134d29ef3b21ef28fe735d5a248c88397d5de4b,MAP_ENDPOINT_EXPOSURE_ONLY,-0.00983577873557806
C1_FAILURE_DIAGNOSTIC,,,E6_FLIGHT_SAFER,u_bound_inf,0.1,,41a1bd2b4546d99fc1a1a82eb134d29ef3b21ef28fe735d5a248c88397d5de4b,MAP_ENDPOINT_EXPOSURE_ONLY,-0.00983577873557806
C1_FAILURE_DIAGNOSTIC,,,E6_FLIGHT_SAFER,u_bound_inf,0.2,,41a1bd2b4546d99fc1a1a82eb134d29ef3b21ef28fe735d5a248c88397d5de4b,MAP_ENDPOINT_EXPOSURE_ONLY,-0.00983577873557806
C1_FAILURE_DIAGNOSTIC,,,E6_FLIGHT_SAFER,latency_cycles,0,-0.00983577873557806,41a1bd2b4546d99fc1a1a82eb134d29ef3b21ef28fe735d5a248c88397d5de4b,MAP_ENDPOINT_EXPOSURE_ONLY,
C1_FAILURE_DIAGNOSTIC,,,E6_FLIGHT_SAFER,latency_cycles,1,-0.00983577873557806,41a1bd2b4546d99fc1a1a82eb134d29ef3b21ef28fe735d5a248c88397d5de4b,MAP_ENDPOINT_EXPOSURE_ONLY,
C1_FAILURE_DIAGNOSTIC,,,E6_FLIGHT_SAFER,latency_cycles,2,-0.00983577873557806,41a1bd2b4546d99fc1a1a82eb134d29ef3b21ef28fe735d5a248c88397d5de4b,MAP_ENDPOINT_EXPOSURE_ONLY,
C1_FAILURE_DIAGNOSTIC,,,E6_FLIGHT_SAFER,tracking_error,,,41a1bd2b4546d99fc1a1a82eb134d29ef3b21ef28fe735d5a248c88397d5de4b,DATA_BLOCKED_NO_FROZEN_TRACKING_ERROR_BUDGET,
C1_FAILURE_DIAGNOSTIC,Frozen selected official state has zero velocity; artificial velocity prohibited.,,E6_FLIGHT_SAFER,velocity_scale,,,58b7b3f3e38aa197e96b25c9b838a1ca39d6547ad9cf82bba83d46335b5ff975,DATA_BLOCKED_OFFICIAL_NONZERO_VELOCITY_ABSENT,
C1_FAILURE_DIAGNOSTIC,,-0.007618587929755449,E6_FLIGHT_SAFER,dt_s,0.025,,58b7b3f3e38aa197e96b25c9b838a1ca39d6547ad9cf82bba83d46335b5ff975,MAP_ENDPOINT_EXPOSURE_ONLY,
C1_FAILURE_DIAGNOSTIC,,-0.007618587929755449,E6_FLIGHT_SAFER,dt_s,0.05,,58b7b3f3e38aa197e96b25c9b838a1ca39d6547ad9cf82bba83d46335b5ff975,MAP_ENDPOINT_EXPOSURE_ONLY,
C1_FAILURE_DIAGNOSTIC,,-0.007618587929755449,E6_FLIGHT_SAFER,dt_s,0.1,,58b7b3f3e38aa197e96b25c9b838a1ca39d6547ad9cf82bba83d46335b5ff975,MAP_ENDPOINT_EXPOSURE_ONLY,
C1_FAILURE_DIAGNOSTIC,,-0.007618587929755449,E6_FLIGHT_SAFER,dt_s,0.2,,58b7b3f3e38aa197e96b25c9b838a1ca39d6547ad9cf82bba83d46335b5ff975,MAP_ENDPOINT_EXPOSURE_ONLY,
C1_FAILURE_DIAGNOSTIC,,,E6_FLIGHT_SAFER,u_bound_inf,0.05,,58b7b3f3e38aa197e96b25c9b838a1ca39d6547ad9cf82bba83d46335b5ff975,MAP_ENDPOINT_EXPOSURE_ONLY,-0.007618587929755449
C1_FAILURE_DIAGNOSTIC,,,E6_FLIGHT_SAFER,u_bound_inf,0.1,,58b7b3f3e38aa197e96b25c9b838a1ca39d6547ad9cf82bba83d46335b5ff975,MAP_ENDPOINT_EXPOSURE_ONLY,-0.007618587929755449
C1_FAILURE_DIAGNOSTIC,,,E6_FLIGHT_SAFER,u_bound_inf,0.2,,58b7b3f3e38aa197e96b25c9b838a1ca39d6547ad9cf82bba83d46335b5ff975,MAP_ENDPOINT_EXPOSURE_ONLY,-0.007618587929755449
C1_FAILURE_DIAGNOSTIC,,,E6_FLIGHT_SAFER,latency_cycles,0,-0.007618587929755449,58b7b3f3e38aa197e96b25c9b838a1ca39d6547ad9cf82bba83d46335b5ff975,MAP_ENDPOINT_EXPOSURE_ONLY,
C1_FAILURE_DIAGNOSTIC,,,E6_FLIGHT_SAFER,latency_cycles,1,-0.007618587929755449,58b7b3f3e38aa197e96b25c9b838a1ca39d6547ad9cf82bba83d46335b5ff975,MAP_ENDPOINT_EXPOSURE_ONLY,
C1_FAILURE_DIAGNOSTIC,,,E6_FLIGHT_SAFER,latency_cycles,2,-0.007618587929755449,58b7b3f3e38aa197e96b25c9b838a1ca39d6547ad9cf82bba83d46335b5ff975,MAP_ENDPOINT_EXPOSURE_ONLY,
C1_FAILURE_DIAGNOSTIC,,,E6_FLIGHT_SAFER,tracking_error,,,58b7b3f3e38aa197e96b25c9b838a1ca39d6547ad9cf82bba83d46335b5ff975,DATA_BLOCKED_NO_FROZEN_TRACKING_ERROR_BUDGET,
C1_FAILURE_DIAGNOSTIC,Frozen selected official state has zero velocity; artificial velocity prohibited.,,E6_FLIGHT_SAFER,velocity_scale,,,5fd23181c460874e718610fb5299a5e0b267fa2e07bae8e2b1dabc9adadea0a2,DATA_BLOCKED_OFFICIAL_NONZERO_VELOCITY_ABSENT,
C1_FAILURE_DIAGNOSTIC,,-0.009325401857495308,E6_FLIGHT_SAFER,dt_s,0.025,,5fd23181c460874e718610fb5299a5e0b267fa2e07bae8e2b1dabc9adadea0a2,MAP_ENDPOINT_EXPOSURE_ONLY,
C1_FAILURE_DIAGNOSTIC,,-0.009325401857495308,E6_FLIGHT_SAFER,dt_s,0.05,,5fd23181c460874e718610fb5299a5e0b267fa2e07bae8e2b1dabc9adadea0a2,MAP_ENDPOINT_EXPOSURE_ONLY,
C1_FAILURE_DIAGNOSTIC,,-0.009325401857495308,E6_FLIGHT_SAFER,dt_s,0.1,,5fd23181c460874e718610fb5299a5e0b267fa2e07bae8e2b1dabc9adadea0a2,MAP_ENDPOINT_EXPOSURE_ONLY,
C1_FAILURE_DIAGNOSTIC,,-0.009325401857495308,E6_FLIGHT_SAFER,dt_s,0.2,,5fd23181c460874e718610fb5299a5e0b267fa2e07bae8e2b1dabc9adadea0a2,MAP_ENDPOINT_EXPOSURE_ONLY,
C1_FAILURE_DIAGNOSTIC,,,E6_FLIGHT_SAFER,u_bound_inf,0.05,,5fd23181c460874e718610fb5299a5e0b267fa2e07bae8e2b1dabc9adadea0a2,MAP_ENDPOINT_EXPOSURE_ONLY,-0.009325401857495308
C1_FAILURE_DIAGNOSTIC,,,E6_FLIGHT_SAFER,u_bound_inf,0.1,,5fd23181c460874e718610fb5299a5e0b267fa2e07bae8e2b1dabc9adadea0a2,MAP_ENDPOINT_EXPOSURE_ONLY,-0.009325401857495308
C1_FAILURE_DIAGNOSTIC,,,E6_FLIGHT_SAFER,u_bound_inf,0.2,,5fd23181c460874e718610fb5299a5e0b267fa2e07bae8e2b1dabc9adadea0a2,MAP_ENDPOINT_EXPOSURE_ONLY,-0.009325401857495308
C1_FAILURE_DIAGNOSTIC,,,E6_FLIGHT_SAFER,latency_cycles,0,-0.009325401857495308,5fd23181c460874e718610fb5299a5e0b267fa2e07bae8e2b1dabc9adadea0a2,MAP_ENDPOINT_EXPOSURE_ONLY,
C1_FAILURE_DIAGNOSTIC,,,E6_FLIGHT_SAFER,latency_cycles,1,-0.009325401857495308,5fd23181c460874e718610fb5299a5e0b267fa2e07bae8e2b1dabc9adadea0a2,MAP_ENDPOINT_EXPOSURE_ONLY,
C1_FAILURE_DIAGNOSTIC,,,E6_FLIGHT_SAFER,latency_cycles,2,-0.009325401857495308,5fd23181c460874e718610fb5299a5e0b267fa2e07bae8e2b1dabc9adadea0a2,MAP_ENDPOINT_EXPOSURE_ONLY,
C1_FAILURE_DIAGNOSTIC,,,E6_FLIGHT_SAFER,tracking_error,,,5fd23181c460874e718610fb5299a5e0b267fa2e07bae8e2b1dabc9adadea0a2,DATA_BLOCKED_NO_FROZEN_TRACKING_ERROR_BUDGET,
C1_FAILURE_DIAGNOSTIC,Frozen selected official state has zero velocity; artificial velocity prohibited.,,E6_FLIGHT_SAFER,velocity_scale,,,67ee79245098e81cbe45f65923302b855285dc8cee864d18b762061bed98610c,DATA_BLOCKED_OFFICIAL_NONZERO_VELOCITY_ABSENT,
C1_FAILURE_DIAGNOSTIC,,-0.003926257602870464,E6_FLIGHT_SAFER,dt_s,0.025,,67ee79245098e81cbe45f65923302b855285dc8cee864d18b762061bed98610c,MAP_ENDPOINT_EXPOSURE_ONLY,
C1_FAILURE_DIAGNOSTIC,,-0.003926257602870464,E6_FLIGHT_SAFER,dt_s,0.05,,67ee79245098e81cbe45f65923302b855285dc8cee864d18b762061bed98610c,MAP_ENDPOINT_EXPOSURE_ONLY,
C1_FAILURE_DIAGNOSTIC,,-0.003926257602870464,E6_FLIGHT_SAFER,dt_s,0.1,,67ee79245098e81cbe45f65923302b855285dc8cee864d18b762061bed98610c,MAP_ENDPOINT_EXPOSURE_ONLY,
C1_FAILURE_DIAGNOSTIC,,-0.003926257602870464,E6_FLIGHT_SAFER,dt_s,0.2,,67ee79245098e81cbe45f65923302b855285dc8cee864d18b762061bed98610c,MAP_ENDPOINT_EXPOSURE_ONLY,
C1_FAILURE_DIAGNOSTIC,,,E6_FLIGHT_SAFER,u_bound_inf,0.05,,67ee79245098e81cbe45f65923302b855285dc8cee864d18b762061bed98610c,MAP_ENDPOINT_EXPOSURE_ONLY,-0.0038989298045635223
C1_FAILURE_DIAGNOSTIC,,,E6_FLIGHT_SAFER,u_bound_inf,0.1,,67ee79245098e81cbe45f65923302b855285dc8cee864d18b762061bed98610c,MAP_ENDPOINT_EXPOSURE_ONLY,-0.0038770856335759163
C1_FAILURE_DIAGNOSTIC,,,E6_FLIGHT_SAFER,u_bound_inf,0.2,,67ee79245098e81cbe45f65923302b855285dc8cee864d18b762061bed98610c,MAP_ENDPOINT_EXPOSURE_ONLY,-0.0038770856335759163
C1_FAILURE_DIAGNOSTIC,,,E6_FLIGHT_SAFER,latency_cycles,0,-0.003926257602870464,67ee79245098e81cbe45f65923302b855285dc8cee864d18b762061bed98610c,MAP_ENDPOINT_EXPOSURE_ONLY,
C1_FAILURE_DIAGNOSTIC,,,E6_FLIGHT_SAFER,latency_cycles,1,-0.003926257602870464,67ee79245098e81cbe45f65923302b855285dc8cee864d18b762061bed98610c,MAP_ENDPOINT_EXPOSURE_ONLY,
C1_FAILURE_DIAGNOSTIC,,,E6_FLIGHT_SAFER,latency_cycles,2,-0.003926257602870464,67ee79245098e81cbe45f65923302b855285dc8cee864d18b762061bed98610c,MAP_ENDPOINT_EXPOSURE_ONLY,
C1_FAILURE_DIAGNOSTIC,,,E6_FLIGHT_SAFER,tracking_error,,,67ee79245098e81cbe45f65923302b855285dc8cee864d18b762061bed98610c,DATA_BLOCKED_NO_FROZEN_TRACKING_ERROR_BUDGET,
C1_FAILURE_DIAGNOSTIC,Frozen selected official state has zero velocity; artificial velocity prohibited.,,E6_FLIGHT_SAFER,velocity_scale,,,751777678f00f37cb2c1b6b566278d1b3bb2c06b0cc2607db25f9d184af86ae9,DATA_BLOCKED_OFFICIAL_NONZERO_VELOCITY_ABSENT,
C1_FAILURE_DIAGNOSTIC,,-0.005299318581819534,E6_FLIGHT_SAFER,dt_s,0.025,,751777678f00f37cb2c1b6b566278d1b3bb2c06b0cc2607db25f9d184af86ae9,MAP_ENDPOINT_EXPOSURE_ONLY,
C1_FAILURE_DIAGNOSTIC,,-0.005299318581819534,E6_FLIGHT_SAFER,dt_s,0.05,,751777678f00f37cb2c1b6b566278d1b3bb2c06b0cc2607db25f9d184af86ae9,MAP_ENDPOINT_EXPOSURE_ONLY,
C1_FAILURE_DIAGNOSTIC,,-0.005299318581819534,E6_FLIGHT_SAFER,dt_s,0.1,,751777678f00f37cb2c1b6b566278d1b3bb2c06b0cc2607db25f9d184af86ae9,MAP_ENDPOINT_EXPOSURE_ONLY,
C1_FAILURE_DIAGNOSTIC,,-0.005299318581819534,E6_FLIGHT_SAFER,dt_s,0.2,,751777678f00f37cb2c1b6b566278d1b3bb2c06b0cc2607db25f9d184af86ae9,MAP_ENDPOINT_EXPOSURE_ONLY,
C1_FAILURE_DIAGNOSTIC,,,E6_FLIGHT_SAFER,u_bound_inf,0.05,,751777678f00f37cb2c1b6b566278d1b3bb2c06b0cc2607db25f9d184af86ae9,MAP_ENDPOINT_EXPOSURE_ONLY,-0.005299318581819534
C1_FAILURE_DIAGNOSTIC,,,E6_FLIGHT_SAFER,u_bound_inf,0.1,,751777678f00f37cb2c1b6b566278d1b3bb2c06b0cc2607db25f9d184af86ae9,MAP_ENDPOINT_EXPOSURE_ONLY,-0.005299318581819534
C1_FAILURE_DIAGNOSTIC,,,E6_FLIGHT_SAFER,u_bound_inf,0.2,,751777678f00f37cb2c1b6b566278d1b3bb2c06b0cc2607db25f9d184af86ae9,MAP_ENDPOINT_EXPOSURE_ONLY,-0.005299318581819534
C1_FAILURE_DIAGNOSTIC,,,E6_FLIGHT_SAFER,latency_cycles,0,-0.005299318581819534,751777678f00f37cb2c1b6b566278d1b3bb2c06b0cc2607db25f9d184af86ae9,MAP_ENDPOINT_EXPOSURE_ONLY,
C1_FAILURE_DIAGNOSTIC,,,E6_FLIGHT_SAFER,latency_cycles,1,-0.005299318581819534,751777678f00f37cb2c1b6b566278d1b3bb2c06b0cc2607db25f9d184af86ae9,MAP_ENDPOINT_EXPOSURE_ONLY,
C1_FAILURE_DIAGNOSTIC,,,E6_FLIGHT_SAFER,latency_cycles,2,-0.005299318581819534,751777678f00f37cb2c1b6b566278d1b3bb2c06b0cc2607db25f9d184af86ae9,MAP_ENDPOINT_EXPOSURE_ONLY,
C1_FAILURE_DIAGNOSTIC,,,E6_FLIGHT_SAFER,tracking_error,,,751777678f00f37cb2c1b6b566278d1b3bb2c06b0cc2607db25f9d184af86ae9,DATA_BLOCKED_NO_FROZEN_TRACKING_ERROR_BUDGET,
C1_FAILURE_DIAGNOSTIC,Frozen selected official state has zero velocity; artificial velocity prohibited.,,E6_FLIGHT_SAFER,velocity_scale,,,83cdb26b5370d0fcf994402dfd09b252d71c6e23c5beddcae1c03485ecee87a5,DATA_BLOCKED_OFFICIAL_NONZERO_VELOCITY_ABSENT,
C1_FAILURE_DIAGNOSTIC,,-0.0071422746405005455,E6_FLIGHT_SAFER,dt_s,0.025,,83cdb26b5370d0fcf994402dfd09b252d71c6e23c5beddcae1c03485ecee87a5,MAP_ENDPOINT_EXPOSURE_ONLY,
C1_FAILURE_DIAGNOSTIC,,-0.0071422746405005455,E6_FLIGHT_SAFER,dt_s,0.05,,83cdb26b5370d0fcf994402dfd09b252d71c6e23c5beddcae1c03485ecee87a5,MAP_ENDPOINT_EXPOSURE_ONLY,
C1_FAILURE_DIAGNOSTIC,,-0.0071422746405005455,E6_FLIGHT_SAFER,dt_s,0.1,,83cdb26b5370d0fcf994402dfd09b252d71c6e23c5beddcae1c03485ecee87a5,MAP_ENDPOINT_EXPOSURE_ONLY,
C1_FAILURE_DIAGNOSTIC,,-0.0071422746405005455,E6_FLIGHT_SAFER,dt_s,0.2,,83cdb26b5370d0fcf994402dfd09b252d71c6e23c5beddcae1c03485ecee87a5,MAP_ENDPOINT_EXPOSURE_ONLY,
C1_FAILURE_DIAGNOSTIC,,,E6_FLIGHT_SAFER,u_bound_inf,0.05,,83cdb26b5370d0fcf994402dfd09b252d71c6e23c5beddcae1c03485ecee87a5,MAP_ENDPOINT_EXPOSURE_ONLY,-0.0071422746405005455
C1_FAILURE_DIAGNOSTIC,,,E6_FLIGHT_SAFER,u_bound_inf,0.1,,83cdb26b5370d0fcf994402dfd09b252d71c6e23c5beddcae1c03485ecee87a5,MAP_ENDPOINT_EXPOSURE_ONLY,-0.0071422746405005455
C1_FAILURE_DIAGNOSTIC,,,E6_FLIGHT_SAFER,u_bound_inf,0.2,,83cdb26b5370d0fcf994402dfd09b252d71c6e23c5beddcae1c03485ecee87a5,MAP_ENDPOINT_EXPOSURE_ONLY,-0.0071422746405005455
C1_FAILURE_DIAGNOSTIC,,,E6_FLIGHT_SAFER,latency_cycles,0,-0.0071422746405005455,83cdb26b5370d0fcf994402dfd09b252d71c6e23c5beddcae1c03485ecee87a5,MAP_ENDPOINT_EXPOSURE_ONLY,
C1_FAILURE_DIAGNOSTIC,,,E6_FLIGHT_SAFER,latency_cycles,1,-0.0071422746405005455,83cdb26b5370d0fcf994402dfd09b252d71c6e23c5beddcae1c03485ecee87a5,MAP_ENDPOINT_EXPOSURE_ONLY,
C1_FAILURE_DIAGNOSTIC,,,E6_FLIGHT_SAFER,latency_cycles,2,-0.0071422746405005455,83cdb26b5370d0fcf994402dfd09b252d71c6e23c5beddcae1c03485ecee87a5,MAP_ENDPOINT_EXPOSURE_ONLY,
C1_FAILURE_DIAGNOSTIC,,,E6_FLIGHT_SAFER,tracking_error,,,83cdb26b5370d0fcf994402dfd09b252d71c6e23c5beddcae1c03485ecee87a5,DATA_BLOCKED_NO_FROZEN_TRACKING_ERROR_BUDGET,
C1_FAILURE_DIAGNOSTIC,Frozen selected official state has zero velocity; artificial velocity prohibited.,,E6_FLIGHT_SAFER,velocity_scale,,,9081b76c9e23ab74a973950eb3e79f20158e07fc1845dcfce795381264850155,DATA_BLOCKED_OFFICIAL_NONZERO_VELOCITY_ABSENT,
C1_FAILURE_DIAGNOSTIC,,-0.005143243353813887,E6_FLIGHT_SAFER,dt_s,0.025,,9081b76c9e23ab74a973950eb3e79f20158e07fc1845dcfce795381264850155,MAP_ENDPOINT_EXPOSURE_ONLY,
C1_FAILURE_DIAGNOSTIC,,-0.005143243353813887,E6_FLIGHT_SAFER,dt_s,0.05,,9081b76c9e23ab74a973950eb3e79f20158e07fc1845dcfce795381264850155,MAP_ENDPOINT_EXPOSURE_ONLY,
C1_FAILURE_DIAGNOSTIC,,-0.005143243353813887,E6_FLIGHT_SAFER,dt_s,0.1,,9081b76c9e23ab74a973950eb3e79f20158e07fc1845dcfce795381264850155,MAP_ENDPOINT_EXPOSURE_ONLY,
C1_FAILURE_DIAGNOSTIC,,-0.005143243353813887,E6_FLIGHT_SAFER,dt_s,0.2,,9081b76c9e23ab74a973950eb3e79f20158e07fc1845dcfce795381264850155,MAP_ENDPOINT_EXPOSURE_ONLY,
C1_FAILURE_DIAGNOSTIC,,,E6_FLIGHT_SAFER,u_bound_inf,0.05,,9081b76c9e23ab74a973950eb3e79f20158e07fc1845dcfce795381264850155,MAP_ENDPOINT_EXPOSURE_ONLY,-0.005143243353813887
C1_FAILURE_DIAGNOSTIC,,,E6_FLIGHT_SAFER,u_bound_inf,0.1,,9081b76c9e23ab74a973950eb3e79f20158e07fc1845dcfce795381264850155,MAP_ENDPOINT_EXPOSURE_ONLY,-0.005143243353813887
C1_FAILURE_DIAGNOSTIC,,,E6_FLIGHT_SAFER,u_bound_inf,0.2,,9081b76c9e23ab74a973950eb3e79f20158e07fc1845dcfce795381264850155,MAP_ENDPOINT_EXPOSURE_ONLY,-0.005143243353813887
C1_FAILURE_DIAGNOSTIC,,,E6_FLIGHT_SAFER,latency_cycles,0,-0.005143243353813887,9081b76c9e23ab74a973950eb3e79f20158e07fc1845dcfce795381264850155,MAP_ENDPOINT_EXPOSURE_ONLY,
C1_FAILURE_DIAGNOSTIC,,,E6_FLIGHT_SAFER,latency_cycles,1,-0.005143243353813887,9081b76c9e23ab74a973950eb3e79f20158e07fc1845dcfce795381264850155,MAP_ENDPOINT_EXPOSURE_ONLY,
C1_FAILURE_DIAGNOSTIC,,,E6_FLIGHT_SAFER,latency_cycles,2,-0.005143243353813887,9081b76c9e23ab74a973950eb3e79f20158e07fc1845dcfce795381264850155,MAP_ENDPOINT_EXPOSURE_ONLY,
C1_FAILURE_DIAGNOSTIC,,,E6_FLIGHT_SAFER,tracking_error,,,9081b76c9e23ab74a973950eb3e79f20158e07fc1845dcfce795381264850155,DATA_BLOCKED_NO_FROZEN_TRACKING_ERROR_BUDGET,
C1_FAILURE_DIAGNOSTIC,Frozen selected official state has zero velocity; artificial velocity prohibited.,,E6_FLIGHT_SAFER,velocity_scale,,,a2eaf635ad381e9c86d2edf28198c64c39cdde3d12d61b51fc09d905149dbd23,DATA_BLOCKED_OFFICIAL_NONZERO_VELOCITY_ABSENT,
C1_FAILURE_DIAGNOSTIC,,-0.008961573243141174,E6_FLIGHT_SAFER,dt_s,0.025,,a2eaf635ad381e9c86d2edf28198c64c39cdde3d12d61b51fc09d905149dbd23,MAP_ENDPOINT_EXPOSURE_ONLY,
C1_FAILURE_DIAGNOSTIC,,-0.008961573243141174,E6_FLIGHT_SAFER,dt_s,0.05,,a2eaf635ad381e9c86d2edf28198c64c39cdde3d12d61b51fc09d905149dbd23,MAP_ENDPOINT_EXPOSURE_ONLY,
C1_FAILURE_DIAGNOSTIC,,-0.008961573243141174,E6_FLIGHT_SAFER,dt_s,0.1,,a2eaf635ad381e9c86d2edf28198c64c39cdde3d12d61b51fc09d905149dbd23,MAP_ENDPOINT_EXPOSURE_ONLY,
C1_FAILURE_DIAGNOSTIC,,-0.008961573243141174,E6_FLIGHT_SAFER,dt_s,0.2,,a2eaf635ad381e9c86d2edf28198c64c39cdde3d12d61b51fc09d905149dbd23,MAP_ENDPOINT_EXPOSURE_ONLY,
C1_FAILURE_DIAGNOSTIC,,,E6_FLIGHT_SAFER,u_bound_inf,0.05,,a2eaf635ad381e9c86d2edf28198c64c39cdde3d12d61b51fc09d905149dbd23,MAP_ENDPOINT_EXPOSURE_ONLY,-0.008961573243141174
C1_FAILURE_DIAGNOSTIC,,,E6_FLIGHT_SAFER,u_bound_inf,0.1,,a2eaf635ad381e9c86d2edf28198c64c39cdde3d12d61b51fc09d905149dbd23,MAP_ENDPOINT_EXPOSURE_ONLY,-0.008961573243141174
C1_FAILURE_DIAGNOSTIC,,,E6_FLIGHT_SAFER,u_bound_inf,0.2,,a2eaf635ad381e9c86d2edf28198c64c39cdde3d12d61b51fc09d905149dbd23,MAP_ENDPOINT_EXPOSURE_ONLY,-0.008961573243141174
C1_FAILURE_DIAGNOSTIC,,,E6_FLIGHT_SAFER,latency_cycles,0,-0.008961573243141174,a2eaf635ad381e9c86d2edf28198c64c39cdde3d12d61b51fc09d905149dbd23,MAP_ENDPOINT_EXPOSURE_ONLY,
C1_FAILURE_DIAGNOSTIC,,,E6_FLIGHT_SAFER,latency_cycles,1,-0.008961573243141174,a2eaf635ad381e9c86d2edf28198c64c39cdde3d12d61b51fc09d905149dbd23,MAP_ENDPOINT_EXPOSURE_ONLY,
C1_FAILURE_DIAGNOSTIC,,,E6_FLIGHT_SAFER,latency_cycles,2,-0.008961573243141174,a2eaf635ad381e9c86d2edf28198c64c39cdde3d12d61b51fc09d905149dbd23,MAP_ENDPOINT_EXPOSURE_ONLY,
C1_FAILURE_DIAGNOSTIC,,,E6_FLIGHT_SAFER,tracking_error,,,a2eaf635ad381e9c86d2edf28198c64c39cdde3d12d61b51fc09d905149dbd23,DATA_BLOCKED_NO_FROZEN_TRACKING_ERROR_BUDGET,
C1_FAILURE_DIAGNOSTIC,Frozen selected official state has zero velocity; artificial velocity prohibited.,,E6_FLIGHT_SAFER,velocity_scale,,,bc558ea37005c8e50769580ad9c083cb5ff7fae8144a37478f765aa643b1314a,DATA_BLOCKED_OFFICIAL_NONZERO_VELOCITY_ABSENT,
C1_FAILURE_DIAGNOSTIC,,-0.010789608582854271,E6_FLIGHT_SAFER,dt_s,0.025,,bc558ea37005c8e50769580ad9c083cb5ff7fae8144a37478f765aa643b1314a,MAP_ENDPOINT_EXPOSURE_ONLY,
C1_FAILURE_DIAGNOSTIC,,-0.010789608582854271,E6_FLIGHT_SAFER,dt_s,0.05,,bc558ea37005c8e50769580ad9c083cb5ff7fae8144a37478f765aa643b1314a,MAP_ENDPOINT_EXPOSURE_ONLY,
C1_FAILURE_DIAGNOSTIC,,-0.010789608582854271,E6_FLIGHT_SAFER,dt_s,0.1,,bc558ea37005c8e50769580ad9c083cb5ff7fae8144a37478f765aa643b1314a,MAP_ENDPOINT_EXPOSURE_ONLY,
C1_FAILURE_DIAGNOSTIC,,-0.010789608582854271,E6_FLIGHT_SAFER,dt_s,0.2,,bc558ea37005c8e50769580ad9c083cb5ff7fae8144a37478f765aa643b1314a,MAP_ENDPOINT_EXPOSURE_ONLY,
C1_FAILURE_DIAGNOSTIC,,,E6_FLIGHT_SAFER,u_bound_inf,0.05,,bc558ea37005c8e50769580ad9c083cb5ff7fae8144a37478f765aa643b1314a,MAP_ENDPOINT_EXPOSURE_ONLY,-0.010789608582854271
C1_FAILURE_DIAGNOSTIC,,,E6_FLIGHT_SAFER,u_bound_inf,0.1,,bc558ea37005c8e50769580ad9c083cb5ff7fae8144a37478f765aa643b1314a,MAP_ENDPOINT_EXPOSURE_ONLY,-0.010789608582854271
C1_FAILURE_DIAGNOSTIC,,,E6_FLIGHT_SAFER,u_bound_inf,0.2,,bc558ea37005c8e50769580ad9c083cb5ff7fae8144a37478f765aa643b1314a,MAP_ENDPOINT_EXPOSURE_ONLY,-0.010789608582854271
C1_FAILURE_DIAGNOSTIC,,,E6_FLIGHT_SAFER,latency_cycles,0,-0.010789608582854271,bc558ea37005c8e50769580ad9c083cb5ff7fae8144a37478f765aa643b1314a,MAP_ENDPOINT_EXPOSURE_ONLY,
C1_FAILURE_DIAGNOSTIC,,,E6_FLIGHT_SAFER,latency_cycles,1,-0.010789608582854271,bc558ea37005c8e50769580ad9c083cb5ff7fae8144a37478f765aa643b1314a,MAP_ENDPOINT_EXPOSURE_ONLY,
C1_FAILURE_DIAGNOSTIC,,,E6_FLIGHT_SAFER,latency_cycles,2,-0.010789608582854271,bc558ea37005c8e50769580ad9c083cb5ff7fae8144a37478f765aa643b1314a,MAP_ENDPOINT_EXPOSURE_ONLY,
C1_FAILURE_DIAGNOSTIC,,,E6_FLIGHT_SAFER,tracking_error,,,bc558ea37005c8e50769580ad9c083cb5ff7fae8144a37478f765aa643b1314a,DATA_BLOCKED_NO_FROZEN_TRACKING_ERROR_BUDGET,
C1_FAILURE_DIAGNOSTIC,Frozen selected official state has zero velocity; artificial velocity prohibited.,,E6_FLIGHT_SAFER,velocity_scale,,,c71a3527d2d4a6e6e3d1a7ba856df6c1f1bec7d410daf54614818ab58a8e2171,DATA_BLOCKED_OFFICIAL_NONZERO_VELOCITY_ABSENT,
C1_FAILURE_DIAGNOSTIC,,-0.00208420492708683,E6_FLIGHT_SAFER,dt_s,0.025,,c71a3527d2d4a6e6e3d1a7ba856df6c1f1bec7d410daf54614818ab58a8e2171,MAP_ENDPOINT_EXPOSURE_ONLY,
C1_FAILURE_DIAGNOSTIC,,-0.00208420492708683,E6_FLIGHT_SAFER,dt_s,0.05,,c71a3527d2d4a6e6e3d1a7ba856df6c1f1bec7d410daf54614818ab58a8e2171,MAP_ENDPOINT_EXPOSURE_ONLY,
C1_FAILURE_DIAGNOSTIC,,-0.00208420492708683,E6_FLIGHT_SAFER,dt_s,0.1,,c71a3527d2d4a6e6e3d1a7ba856df6c1f1bec7d410daf54614818ab58a8e2171,MAP_ENDPOINT_EXPOSURE_ONLY,
C1_FAILURE_DIAGNOSTIC,,-0.00208420492708683,E6_FLIGHT_SAFER,dt_s,0.2,,c71a3527d2d4a6e6e3d1a7ba856df6c1f1bec7d410daf54614818ab58a8e2171,MAP_ENDPOINT_EXPOSURE_ONLY,
C1_FAILURE_DIAGNOSTIC,,,E6_FLIGHT_SAFER,u_bound_inf,0.05,,c71a3527d2d4a6e6e3d1a7ba856df6c1f1bec7d410daf54614818ab58a8e2171,MAP_ENDPOINT_EXPOSURE_ONLY,-0.00205899216234684
C1_FAILURE_DIAGNOSTIC,,,E6_FLIGHT_SAFER,u_bound_inf,0.1,,c71a3527d2d4a6e6e3d1a7ba856df6c1f1bec7d410daf54614818ab58a8e2171,MAP_ENDPOINT_EXPOSURE_ONLY,-0.0020508095622062683
C1_FAILURE_DIAGNOSTIC,,,E6_FLIGHT_SAFER,u_bound_inf,0.2,,c71a3527d2d4a6e6e3d1a7ba856df6c1f1bec7d410daf54614818ab58a8e2171,MAP_ENDPOINT_EXPOSURE_ONLY,-0.0020508095622062683
C1_FAILURE_DIAGNOSTIC,,,E6_FLIGHT_SAFER,latency_cycles,0,-0.00208420492708683,c71a3527d2d4a6e6e3d1a7ba856df6c1f1bec7d410daf54614818ab58a8e2171,MAP_ENDPOINT_EXPOSURE_ONLY,
C1_FAILURE_DIAGNOSTIC,,,E6_FLIGHT_SAFER,latency_cycles,1,-0.00208420492708683,c71a3527d2d4a6e6e3d1a7ba856df6c1f1bec7d410daf54614818ab58a8e2171,MAP_ENDPOINT_EXPOSURE_ONLY,
C1_FAILURE_DIAGNOSTIC,,,E6_FLIGHT_SAFER,latency_cycles,2,-0.00208420492708683,c71a3527d2d4a6e6e3d1a7ba856df6c1f1bec7d410daf54614818ab58a8e2171,MAP_ENDPOINT_EXPOSURE_ONLY,
C1_FAILURE_DIAGNOSTIC,,,E6_FLIGHT_SAFER,tracking_error,,,c71a3527d2d4a6e6e3d1a7ba856df6c1f1bec7d410daf54614818ab58a8e2171,DATA_BLOCKED_NO_FROZEN_TRACKING_ERROR_BUDGET,
C1_FAILURE_DIAGNOSTIC,Frozen selected official state has zero velocity; artificial velocity prohibited.,,E6_FLIGHT_SAFER,velocity_scale,,,cafe714d080d4a38adaea4daaf6482755aaf6b7597026ec673f489a013143ec1,DATA_BLOCKED_OFFICIAL_NONZERO_VELOCITY_ABSENT,
C1_FAILURE_DIAGNOSTIC,,-0.0002656495198607445,E6_FLIGHT_SAFER,dt_s,0.025,,cafe714d080d4a38adaea4daaf6482755aaf6b7597026ec673f489a013143ec1,MAP_ENDPOINT_EXPOSURE_ONLY,
C1_FAILURE_DIAGNOSTIC,,-0.0002656495198607445,E6_FLIGHT_SAFER,dt_s,0.05,,cafe714d080d4a38adaea4daaf6482755aaf6b7597026ec673f489a013143ec1,MAP_ENDPOINT_EXPOSURE_ONLY,
C1_FAILURE_DIAGNOSTIC,,-0.0002656495198607445,E6_FLIGHT_SAFER,dt_s,0.1,,cafe714d080d4a38adaea4daaf6482755aaf6b7597026ec673f489a013143ec1,MAP_ENDPOINT_EXPOSURE_ONLY,
C1_FAILURE_DIAGNOSTIC,,-0.0002656495198607445,E6_FLIGHT_SAFER,dt_s,0.2,,cafe714d080d4a38adaea4daaf6482755aaf6b7597026ec673f489a013143ec1,MAP_ENDPOINT_EXPOSURE_ONLY,
C1_FAILURE_DIAGNOSTIC,,,E6_FLIGHT_SAFER,u_bound_inf,0.05,,cafe714d080d4a38adaea4daaf6482755aaf6b7597026ec673f489a013143ec1,MAP_ENDPOINT_EXPOSURE_ONLY,-0.0002673305571079254
C1_FAILURE_DIAGNOSTIC,,,E6_FLIGHT_SAFER,u_bound_inf,0.1,,cafe714d080d4a38adaea4daaf6482755aaf6b7597026ec673f489a013143ec1,MAP_ENDPOINT_EXPOSURE_ONLY,-0.0002621719613671303
C1_FAILURE_DIAGNOSTIC,,,E6_FLIGHT_SAFER,u_bound_inf,0.2,,cafe714d080d4a38adaea4daaf6482755aaf6b7597026ec673f489a013143ec1,MAP_ENDPOINT_EXPOSURE_ONLY,-0.0002621719613671303
C1_FAILURE_DIAGNOSTIC,,,E6_FLIGHT_SAFER,latency_cycles,0,-0.0002656495198607445,cafe714d080d4a38adaea4daaf6482755aaf6b7597026ec673f489a013143ec1,MAP_ENDPOINT_EXPOSURE_ONLY,
C1_FAILURE_DIAGNOSTIC,,,E6_FLIGHT_SAFER,latency_cycles,1,-0.0002656495198607445,cafe714d080d4a38adaea4daaf6482755aaf6b7597026ec673f489a013143ec1,MAP_ENDPOINT_EXPOSURE_ONLY,
C1_FAILURE_DIAGNOSTIC,,,E6_FLIGHT_SAFER,latency_cycles,2,-0.0002656495198607445,cafe714d080d4a38adaea4daaf6482755aaf6b7597026ec673f489a013143ec1,MAP_ENDPOINT_EXPOSURE_ONLY,
C1_FAILURE_DIAGNOSTIC,,,E6_FLIGHT_SAFER,tracking_error,,,cafe714d080d4a38adaea4daaf6482755aaf6b7597026ec673f489a013143ec1,DATA_BLOCKED_NO_FROZEN_TRACKING_ERROR_BUDGET,
C1_FAILURE_DIAGNOSTIC,Frozen selected official state has zero velocity; artificial velocity prohibited.,,E6_FLIGHT_SAFER,velocity_scale,,,e113f9cef791b38ba00a95660451012d8343d95c7f146f48282fbe86ed51c122,DATA_BLOCKED_OFFICIAL_NONZERO_VELOCITY_ABSENT,
C1_FAILURE_DIAGNOSTIC,,-0.005495794117450714,E6_FLIGHT_SAFER,dt_s,0.025,,e113f9cef791b38ba00a95660451012d8343d95c7f146f48282fbe86ed51c122,MAP_ENDPOINT_EXPOSURE_ONLY,
C1_FAILURE_DIAGNOSTIC,,-0.005495794117450714,E6_FLIGHT_SAFER,dt_s,0.05,,e113f9cef791b38ba00a95660451012d8343d95c7f146f48282fbe86ed51c122,MAP_ENDPOINT_EXPOSURE_ONLY,
C1_FAILURE_DIAGNOSTIC,,-0.005495794117450714,E6_FLIGHT_SAFER,dt_s,0.1,,e113f9cef791b38ba00a95660451012d8343d95c7f146f48282fbe86ed51c122,MAP_ENDPOINT_EXPOSURE_ONLY,
C1_FAILURE_DIAGNOSTIC,,-0.005495794117450714,E6_FLIGHT_SAFER,dt_s,0.2,,e113f9cef791b38ba00a95660451012d8343d95c7f146f48282fbe86ed51c122,MAP_ENDPOINT_EXPOSURE_ONLY,
C1_FAILURE_DIAGNOSTIC,,,E6_FLIGHT_SAFER,u_bound_inf,0.05,,e113f9cef791b38ba00a95660451012d8343d95c7f146f48282fbe86ed51c122,MAP_ENDPOINT_EXPOSURE_ONLY,-0.005495794117450714
C1_FAILURE_DIAGNOSTIC,,,E6_FLIGHT_SAFER,u_bound_inf,0.1,,e113f9cef791b38ba00a95660451012d8343d95c7f146f48282fbe86ed51c122,MAP_ENDPOINT_EXPOSURE_ONLY,-0.005495794117450714
C1_FAILURE_DIAGNOSTIC,,,E6_FLIGHT_SAFER,u_bound_inf,0.2,,e113f9cef791b38ba00a95660451012d8343d95c7f146f48282fbe86ed51c122,MAP_ENDPOINT_EXPOSURE_ONLY,-0.005495794117450714
C1_FAILURE_DIAGNOSTIC,,,E6_FLIGHT_SAFER,latency_cycles,0,-0.005495794117450714,e113f9cef791b38ba00a95660451012d8343d95c7f146f48282fbe86ed51c122,MAP_ENDPOINT_EXPOSURE_ONLY,
C1_FAILURE_DIAGNOSTIC,,,E6_FLIGHT_SAFER,latency_cycles,1,-0.005495794117450714,e113f9cef791b38ba00a95660451012d8343d95c7f146f48282fbe86ed51c122,MAP_ENDPOINT_EXPOSURE_ONLY,
C1_FAILURE_DIAGNOSTIC,,,E6_FLIGHT_SAFER,latency_cycles,2,-0.005495794117450714,e113f9cef791b38ba00a95660451012d8343d95c7f146f48282fbe86ed51c122,MAP_ENDPOINT_EXPOSURE_ONLY,
C1_FAILURE_DIAGNOSTIC,,,E6_FLIGHT_SAFER,tracking_error,,,e113f9cef791b38ba00a95660451012d8343d95c7f146f48282fbe86ed51c122,DATA_BLOCKED_NO_FROZEN_TRACKING_ERROR_BUDGET,
