{"pairs":[{"pair":"1->51","stop":"max_steps","progress":0.6301690885412257,"trigger_count":1,"min_float32_h":1.6298145055770874e-09,"robust_overlap":false},{"pair":"8->58","stop":"max_steps","progress":0.05086318378411814,"trigger_count":0,"min_float32_h":1.2078089639544487e-09,"robust_overlap":false},{"pair":"9->59","stop":"max_steps","progress":0.12213822719816503,"trigger_count":1,"min_float32_h":3.055902197957039e-10,"robust_overlap":false}],"new_robust_overlap_count":0,"qp_infeasible":0,"nonfinite":0,"timeout":0}
