video_id,timestamp,rgb,depth,confidence,intrinsics,pose_timestamp,pose_delta_s,intrinsics_timestamp,intrinsics_delta_s,width,height,fx,fy,cx,cy,c2w_00,c2w_01,c2w_02,c2w_03,c2w_10,c2w_11,c2w_12,c2w_13,c2w_20,c2w_21,c2w_22,c2w_23,c2w_30,c2w_31,c2w_32,c2w_33
42899163,182678.748,lowres_wide/42899163_182678.748.png,lowres_depth/42899163_182678.748.png,confidence/42899163_182678.748.png,lowres_wide_intrinsics/42899163_182678.748.pincam,182678.74830871,0.00030871,182678.748,0.000,256,192,212.69,212.69,127.091,98.9421,-0.00452872067954,-0.99983593058,-0.017538603444,0.0550964978647,-0.877120572307,-0.00445140370578,0.480249608683,0.0473279633397,-0.480248885813,0.0175583862244,-0.876956504479,0.0235291603872,0,0,0,1
42899163,182678.832,lowres_wide/42899163_182678.832.png,lowres_depth/42899163_182678.832.png,confidence/42899163_182678.832.png,lowres_wide_intrinsics/42899163_182678.832.pincam,182678.83160750,0.00039250,182678.832,0.000,256,192,212.69,212.69,127.091,98.9422,-0.00512106477641,-0.999857054737,-0.0161134970945,0.0545602213227,-0.877771348165,-0.00322481320761,0.479068952157,0.0481259067018,-0.479052434538,0.0165973092047,-0.877629360431,0.023179616185,0,0,0,1
42899163,182678.932,lowres_wide/42899163_182678.932.png,lowres_depth/42899163_182678.932.png,confidence/42899163_182678.932.png,lowres_wide_intrinsics/42899163_182678.932.pincam,182678.93156608,0.00043392,182678.932,0.000,256,192,212.69,212.69,127.085,98.9412,-0.00504424693468,-0.999934152082,-0.0103076221113,0.0544310695092,-0.873350802901,-0.000615397120428,0.487091363462,0.0472553090833,-0.48706563279,0.0114591791639,-0.873290190353,0.0279920675929,0,0,0,1
42899163,182679.032,lowres_wide/42899163_182679.032.png,lowres_depth/42899163_182679.032.png,confidence/42899163_182679.032.png,lowres_wide_intrinsics/42899163_182679.032.pincam,182679.03152458,0.00047542,182679.032,0.000,256,192,212.69,212.69,127.081,98.9374,0.00268527235466,-0.999992520332,0.0027836293818,0.0530389436327,-0.870043967136,-0.000964057567602,0.492973189782,0.0486667251606,-0.492966818927,-0.00374564722849,-0.870040048253,0.0346630497769,0,0,0,1
42899163,182679.131,lowres_wide/42899163_182679.131.png,lowres_depth/42899163_182679.131.png,confidence/42899163_182679.131.png,lowres_wide_intrinsics/42899163_182679.131.pincam,182679.13148296,0.00048296,182679.131,0.000,256,192,212.69,212.69,127.084,98.9382,0.0040417782651,-0.999957701929,-0.00826186306602,0.0525066375192,-0.869655230751,-0.00759334011762,0.493601175863,0.0500657426879,-0.493643032621,0.00518994592688,-0.86964913661,0.0433304711356,0,0,0,1
42899163,182679.231,lowres_wide/42899163_182679.231.png,lowres_depth/42899163_182679.231.png,confidence/42899163_182679.231.png,lowres_wide_intrinsics/42899163_182679.231.pincam,182679.23144146,0.00044146,182679.231,0.000,256,192,212.69,212.69,127.076,98.9452,0.00288587518486,-0.999535234635,-0.0303477585141,0.0536096412439,-0.862667576156,-0.0178373192156,0.505456707436,0.0500656920399,-0.505763111321,0.0247213423101,-0.862318114422,0.0553798031246,0,0,0,1
42899163,182679.331,lowres_wide/42899163_182679.331.png,lowres_depth/42899163_182679.331.png,confidence/42899163_182679.331.png,lowres_wide_intrinsics/42899163_182679.331.pincam,182679.33140012,0.00040012,182679.331,0.000,256,192,212.69,212.69,127.067,98.9453,0.00919382579005,-0.99941226907,-0.03302408212,0.0519527759767,-0.853316376968,-0.0250586133511,0.520790962571,0.0509129847265,-0.521312415319,0.0233919287244,-0.853045241065,0.0705307604878,0,0,0,1
42899163,182679.431,lowres_wide/42899163_182679.431.png,lowres_depth/42899163_182679.431.png,confidence/42899163_182679.431.png,lowres_wide_intrinsics/42899163_182679.431.pincam,182679.43135838,0.00035838,182679.431,0.000,256,192,212.69,212.69,127.053,98.9452,0.00196104586535,-0.999333392725,-0.0364544165279,0.0540218108132,-0.839065578014,-0.0214766097357,0.543606209518,0.0541115290119,-0.54402675494,0.0295216093656,-0.838548367412,0.0923063386591,0,0,0,1
42899163,182679.531,lowres_wide/42899163_182679.531.png,lowres_depth/42899163_182679.531.png,confidence/42899163_182679.531.png,lowres_wide_intrinsics/42899163_182679.531.pincam,182679.53131721,0.00031721,182679.531,0.000,256,192,212.69,212.69,127.038,98.9464,-0.0012600677285,-0.99910125256,-0.0423686129354,0.0547409595757,-0.820754551759,-0.0231710840819,0.57081088517,0.0553888696842,-0.571279597041,0.0354934922939,-0.819987703572,0.114504974643,0,0,0,1
42899163,182679.631,lowres_wide/42899163_182679.631.png,lowres_depth/42899163_182679.631.png,confidence/42899163_182679.631.png,lowres_wide_intrinsics/42899163_182679.631.pincam,182679.63127562,0.00027562,182679.631,0.000,256,192,212.69,212.69,127.023,98.9478,-0.00114223363693,-0.998679051174,-0.0513697191744,0.0534347839982,-0.802723727256,-0.0297186835274,0.595610122101,0.0588939532752,-0.596349992037,0.0419160183597,-0.801629424611,0.135452993016,0,0,0,1
42899163,182679.731,lowres_wide/42899163_182679.731.png,lowres_depth/42899163_182679.731.png,confidence/42899163_182679.731.png,lowres_wide_intrinsics/42899163_182679.731.pincam,182679.73123404,0.00023404,182679.731,0.000,256,192,212.69,212.69,127.001,98.9483,-0.00104568427951,-0.998245772447,-0.0591969960064,0.0527689534646,-0.772498622462,-0.0367846822637,0.633950128516,0.0563004173417,-0.635015578423,0.0463925095522,-0.771105018929,0.162937460135,0,0,0,1
42899163,182679.831,lowres_wide/42899163_182679.831.png,lowres_depth/42899163_182679.831.png,confidence/42899163_182679.831.png,lowres_wide_intrinsics/42899163_182679.831.pincam,182679.83119258,0.00019258,182679.831,0.000,256,192,212.75,212.75,126.978,98.9465,0.00244360703706,-0.997965985982,-0.0637018022303,0.0516473061499,-0.736873959254,-0.0448612935562,0.674540015502,0.0524638905114,-0.676025736905,0.0452918884924,-0.735484770664,0.192048799201,0,0,0,1
42899163,182679.931,lowres_wide/42899163_182679.931.png,lowres_depth/42899163_182679.931.png,confidence/42899163_182679.931.png,lowres_wide_intrinsics/42899163_182679.931.pincam,182679.93115121,0.00015121,182679.931,0.000,256,192,212.811,212.811,126.957,98.9459,0.00451147785192,-0.997378456487,-0.0722209187354,0.0504864806274,-0.699848712522,-0.0547359196224,0.712190816204,0.0477308236836,-0.714276855392,0.0473306839005,-0.698260968559,0.220227509752,0,0,0,1
42899163,182680.031,lowres_wide/42899163_182680.031.png,lowres_depth/42899163_182680.031.png,confidence/42899163_182680.031.png,lowres_wide_intrinsics/42899163_182680.031.pincam,182680.03110963,0.00010963,182680.031,0.000,256,192,212.75,212.75,126.939,98.9457,0.0107977145027,-0.996088295829,-0.0877012900345,0.0482744789215,-0.662913252393,-0.0727932300311,0.74514908942,0.0419790885911,-0.748618346798,0.0500924402864,-0.661106132374,0.247734724488,0,0,0,1
42899163,182680.131,lowres_wide/42899163_182680.131.png,lowres_depth/42899163_182680.131.png,confidence/42899163_182680.131.png,lowres_wide_intrinsics/42899163_182680.131.pincam,182680.13106829,0.00006829,182680.131,0.000,256,192,212.811,212.811,126.923,98.9456,0.0230324081776,-0.993344740313,-0.112852714038,0.0440484887886,-0.625780237866,-0.102358268769,0.773254084187,0.0361570553021,-0.779659285887,0.0528110945423,-0.623973065302,0.274639417476,0,0,0,1
42899163,182680.231,lowres_wide/42899163_182680.231.png,lowres_depth/42899163_182680.231.png,confidence/42899163_182680.231.png,lowres_wide_intrinsics/42899163_182680.231.pincam,182680.23102654,0.00002654,182680.231,0.000,256,192,212.811,212.811,126.909,98.9457,0.0354344483266,-0.989066032768,-0.143153004498,0.0384083470928,-0.587548616455,-0.13648989917,0.797594590457,0.0293711318008,-0.808412656491,0.0558470254333,-0.585960823414,0.30011901569,0,0,0,1
42899163,182680.331,lowres_wide/42899163_182680.331.png,lowres_depth/42899163_182680.331.png,confidence/42899163_182680.331.png,lowres_wide_intrinsics/42899163_182680.331.pincam,182680.33098521,0.00001479,182680.331,0.000,256,192,212.811,212.811,126.9,98.9469,0.0425494145283,-0.984267289122,-0.171486007848,0.0321827126823,-0.560284240944,-0.165618942091,0.811573739946,0.0248284870173,-0.827206816143,0.0615489202587,-0.558516439993,0.320931042152,0,0,0,1
42899163,182680.431,lowres_wide/42899163_182680.431.png,lowres_depth/42899163_182680.431.png,confidence/42899163_182680.431.png,lowres_wide_intrinsics/42899163_182680.431.pincam,182680.43094379,0.00005621,182680.431,0.000,256,192,212.871,212.871,126.892,98.9484,0.0474037713027,-0.979139935989,-0.197580029905,0.0243557407171,-0.535191044105,-0.1919110811,0.822642500276,0.021117641431,-0.843399922205,0.0667467055523,-0.533124233666,0.338636006332,0,0,0,1
42899163,182680.531,lowres_wide/42899163_182680.531.png,lowres_depth/42899163_182680.531.png,confidence/42899163_182680.531.png,lowres_wide_intrinsics/42899163_182680.531.pincam,182680.53090225,0.00009775,182680.531,0.000,256,192,212.871,212.871,126.884,98.9475,0.0525921792965,-0.974661381917,-0.217414933424,0.0176901483197,-0.503867013952,-0.213870078433,0.836885668298,0.0166049067642,-0.862178690834,0.0655345721752,-0.502347613632,0.356554507705,0,0,0,1
42899163,182680.631,lowres_wide/42899163_182680.631.png,lowres_depth/42899163_182680.631.png,confidence/42899163_182680.631.png,lowres_wide_intrinsics/42899163_182680.631.pincam,182680.63086083,0.00013917,182680.631,0.000,256,192,212.871,212.871,126.876,98.9451,0.0546900187682,-0.972470105951,-0.226519082812,0.0132960123871,-0.472969984608,-0.225023924377,0.851858924422,0.0137318154635,-0.879379551449,0.0605485465466,-0.472255733691,0.373551354563,0,0,0,1
42899163,182680.731,lowres_wide/42899163_182680.731.png,lowres_depth/42899163_182680.731.png,confidence/42899163_182680.731.png,lowres_wide_intrinsics/42899163_182680.731.pincam,182680.73081937,0.00018063,182680.731,0.000,256,192,212.931,212.931,126.869,98.943,0.0511793385411,-0.97153876991,-0.231285740736,0.0128136391026,-0.436662223002,-0.230048183457,0.869714859187,0.0102906575822,-0.898168568983,0.0564823144862,-0.436007992864,0.38992708524,0,0,0,1
42899163,182680.831,lowres_wide/42899163_182680.831.png,lowres_depth/42899163_182680.831.png,confidence/42899163_182680.831.png,lowres_wide_intrinsics/42899163_182680.831.pincam,182680.83077779,0.00022221,182680.831,0.000,256,192,212.991,212.991,126.862,98.9409,0.0480638206526,-0.97035345765,-0.236862906281,0.0125691528716,-0.399846086783,-0.235999218113,0.885679104379,0.00651405487744,-0.915321241985,0.0521395845517,-0.399335056931,0.40644364524,0,0,0,1
42899163,182680.931,lowres_wide/42899163_182680.931.png,lowres_depth/42899163_182680.931.png,confidence/42899163_182680.931.png,lowres_wide_intrinsics/42899163_182680.931.pincam,182680.93073592,0.00026408,182680.931,0.000,256,192,212.931,212.931,126.857,98.937,0.0511461038028,-0.969237702966,-0.240753714854,0.0109485289247,-0.365119180043,-0.242528153264,0.898814819214,0.00110449809109,-0.929554764622,0.0419329229166,-0.366291645475,0.42364012982,0,0,0,1
42899163,182681.031,lowres_wide/42899163_182681.031.png,lowres_depth/42899163_182681.031.png,confidence/42899163_182681.031.png,lowres_wide_intrinsics/42899163_182681.031.pincam,182681.03069487,0.00030513,182681.031,0.000,256,192,212.991,212.991,126.854,98.9354,0.0477168670306,-0.969089783629,-0.242049771466,0.0101665266611,-0.339522200178,-0.243633277825,0.908497386635,-0.00345837316693,-0.939386915061,0.0388306219652,-0.34065291223,0.437431374314,0,0,0,1
42899163,182681.131,lowres_wide/42899163_182681.131.png,lowres_depth/42899163_182681.131.png,confidence/42899163_182681.131.png,lowres_wide_intrinsics/42899163_182681.131.pincam,182681.13065358,0.00034642,182681.131,0.000,256,192,212.991,212.991,126.851,98.9357,0.0379561229832,-0.968655518776,-0.245490974728,0.0116987066747,-0.30755612839,-0.245066889325,0.919429957988,-0.00888523332685,-0.950772612467,0.0406042571822,-0.307217730088,0.454080965154,0,0,0,1
42899163,182681.231,lowres_wide/42899163_182681.231.png,lowres_depth/42899163_182681.231.png,confidence/42899163_182681.231.png,lowres_wide_intrinsics/42899163_182681.231.pincam,182681.23061204,0.00038796,182681.231,0.000,256,192,213.052,213.052,126.849,98.9339,0.0315950854915,-0.969972110415,-0.241155252048,0.0121782105273,-0.272718931229,-0.240486724194,0.931552746781,-0.017102450054,-0.961574820345,0.0363351139244,-0.272127955885,0.470724611258,0,0,0,1
42899163,182681.331,lowres_wide/42899163_182681.331.png,lowres_depth/42899163_182681.331.png,confidence/42899163_182681.331.png,lowres_wide_intrinsics/42899163_182681.331.pincam,182681.33057058,0.00042942,182681.331,0.000,256,192,213.052,213.052,126.848,98.9326,0.0246808850741,-0.972058996974,-0.233435559233,0.012472153681,-0.241760786974,-0.232379318254,0.942099556485,-0.0241709673796,-0.970021946037,0.0331837136258,-0.240741075341,0.485576040636,0,0,0,1
42899163,182681.431,lowres_wide/42899163_182681.431.png,lowres_depth/42899163_182681.431.png,confidence/42899163_182681.431.png,lowres_wide_intrinsics/42899163_182681.431.pincam,182681.43052904,0.00047096,182681.431,0.000,256,192,213.052,213.052,126.848,98.9294,0.0213969245267,-0.973810265884,-0.226353126068,0.0136592108199,-0.222444848414,-0.225366918745,0.948539952427,-0.0291252026841,-0.974710449844,0.0300552490435,-0.221441235929,0.499169795991,0,0,0,1
42899163,182681.530,lowres_wide/42899163_182681.530.png,lowres_depth/42899163_182681.530.png,confidence/42899163_182681.530.png,lowres_wide_intrinsics/42899163_182681.530.pincam,182681.53048771,0.00048771,182681.530,0.000,256,192,213.052,213.052,126.848,98.9284,0.0175038328324,-0.972634254856,-0.231681294275,0.0164940411788,-0.192365872172,-0.23066374398,0.953828919899,-0.0357987752803,-0.981167155514,0.0278719122745,-0.191139136355,0.513143116073,0,0,0,1
42899163,182681.630,lowres_wide/42899163_182681.630.png,lowres_depth/42899163_182681.630.png,confidence/42899163_182681.630.png,lowres_wide_intrinsics/42899163_182681.630.pincam,182681.63044625,0.00044625,182681.630,0.000,256,192,213.112,213.112,126.849,98.9263,0.0119437384028,-0.974201122275,-0.225365304495,0.0193758813839,-0.151618897398,-0.224539807772,0.962597311796,-0.0442106521981,-0.988366863601,0.0226726285,-0.150389144728,0.528371205096,0,0,0,1
42899163,182681.730,lowres_wide/42899163_182681.730.png,lowres_depth/42899163_182681.730.png,confidence/42899163_182681.730.png,lowres_wide_intrinsics/42899163_182681.730.pincam,182681.73040483,0.00040483,182681.730,0.000,256,192,213.112,213.112,126.851,98.926,0.00339552674212,-0.975635418094,-0.21937183356,0.0227994067586,-0.117080231451,-0.218252200777,0.968843741921,-0.0538200155545,-0.993116654679,0.0223943702123,-0.114968701746,0.540236308942,0,0,0,1
42899163,182681.830,lowres_wide/42899163_182681.830.png,lowres_depth/42899163_182681.830.png,confidence/42899163_182681.830.png,lowres_wide_intrinsics/42899163_182681.830.pincam,182681.83036304,0.00036304,182681.830,0.000,256,192,213.112,213.112,126.853,98.9254,-0.00178106931273,-0.978692422974,-0.205324058516,0.0254532298337,-0.0931097652741,-0.204270119501,0.974476418334,-0.0599497927996,-0.99565425696,0.0208532849382,-0.0907620025373,0.549681351075,0,0,0,1
42899163,182681.930,lowres_wide/42899163_182681.930.png,lowres_depth/42899163_182681.930.png,confidence/42899163_182681.930.png,lowres_wide_intrinsics/42899163_182681.930.pincam,182681.93032171,0.00032171,182681.930,0.000,256,192,213.112,213.112,126.854,98.9239,-0.00193251886485,-0.981486830417,-0.191519886926,0.028251260096,-0.0790464744733,-0.190771031112,0.978446763274,-0.0666408036563,-0.996869058725,0.0170298386813,-0.07721440507,0.557057237991,0,0,0,1
42899163,182682.030,lowres_wide/42899163_182682.030.png,lowres_depth/42899163_182682.030.png,confidence/42899163_182682.030.png,lowres_wide_intrinsics/42899163_182682.030.pincam,182682.03028029,0.00028029,182682.030,0.000,256,192,213.112,213.112,126.855,98.9226,-0.00480888962435,-0.984303272022,-0.176419792734,0.0318664526858,-0.0683807828925,-0.175685190121,0.982068624131,-0.071646737848,-0.99764770491,0.0167863831619,-0.0664625776566,0.561761446464,0,0,0,1
42899163,182682.130,lowres_wide/42899163_182682.130.png,lowres_depth/42899163_182682.130.png,confidence/42899163_182682.130.png,lowres_wide_intrinsics/42899163_182682.130.pincam,182682.13023879,0.00023879,182682.130,0.000,256,192,213.112,213.112,126.856,98.922,-0.00863470721192,-0.98830102768,-0.152271207123,0.0374452185132,-0.0591257271381,-0.151505864117,0.986686435261,-0.077078666125,-0.998213198782,0.0175228943218,-0.0571258081154,0.565150815849,0,0,0,1
42899163,182682.230,lowres_wide/42899163_182682.230.png,lowres_depth/42899163_182682.230.png,confidence/42899163_182682.230.png,lowres_wide_intrinsics/42899163_182682.230.pincam,182682.23019746,0.00019746,182682.230,0.000,256,192,213.172,213.172,126.857,98.9225,-0.0102459531929,-0.991475490749,-0.129889844434,0.0441553811078,-0.0472679200332,-0.129271228398,0.990482050945,-0.0856156850828,-0.998829697285,0.0162880555122,-0.0455404772563,0.567031059376,0,0,0,1
42899163,182682.330,lowres_wide/42899163_182682.330.png,lowres_depth/42899163_182682.330.png,confidence/42899163_182682.330.png,lowres_wide_intrinsics/42899163_182682.330.pincam,182682.33015579,0.00015579,182682.330,0.000,256,192,213.112,213.112,126.859,98.9222,-0.0080909846343,-0.993735398026,-0.111465217344,0.0493709926947,-0.0331683126524,-0.111140829033,0.993251015181,-0.0910389996788,-0.999417029574,0.0117334918805,-0.0320612876355,0.571258176684,0,0,0,1
42899163,182682.447,lowres_wide/42899163_182682.447.png,lowres_depth/42899163_182682.447.png,confidence/42899163_182682.447.png,lowres_wide_intrinsics/42899163_182682.447.pincam,182682.44677392,0.00022608,182682.447,0.000,256,192,213.172,213.172,126.86,98.921,-0.00522577896861,-0.995989629817,-0.0893160037826,0.0561983510647,-0.024651907171,-0.0891617664356,0.995712038131,-0.0913792634457,-0.99968243693,0.00740518086178,-0.0240871042136,0.570187063313,0,0,0,1
42899163,182682.547,lowres_wide/42899163_182682.547.png,lowres_depth/42899163_182682.547.png,confidence/42899163_182682.547.png,lowres_wide_intrinsics/42899163_182682.547.pincam,182682.54673296,0.00026704,182682.547,0.000,256,192,213.112,213.112,126.861,98.919,-0.00573366102468,-0.997834737674,-0.0655206946068,0.0640087587743,-0.0176042784212,-0.0654108958372,0.997703114201,-0.0929652584531,-0.999828592566,0.0068739360103,-0.0171911166363,0.568513029127,0,0,0,1
42899163,182682.647,lowres_wide/42899163_182682.647.png,lowres_depth/42899163_182682.647.png,confidence/42899163_182682.647.png,lowres_wide_intrinsics/42899163_182682.647.pincam,182682.64669133,0.00030867,182682.647,0.000,256,192,213.112,213.112,126.862,98.918,-0.00474394471491,-0.999091159543,-0.0423597676019,0.072910602768,-0.0106140792672,-0.0423075500431,0.999048253354,-0.095586973014,-0.999932415871,0.0051890396125,-0.0104037280841,0.567251021006,0,0,0,1
42899163,182682.747,lowres_wide/42899163_182682.747.png,lowres_depth/42899163_182682.747.png,confidence/42899163_182682.747.png,lowres_wide_intrinsics/42899163_182682.747.pincam,182682.74664992,0.00035008,182682.747,0.000,256,192,213.172,213.172,126.863,98.9198,-0.0100016247703,-0.999800453743,-0.017292200466,0.08275005547,0.000884677217664,-0.017301905983,0.999849919436,-0.100487809449,-0.999949591154,0.00998482570506,0.00105754785509,0.567973096588,0,0,0,1
42899163,182682.847,lowres_wide/42899163_182682.847.png,lowres_depth/42899163_182682.847.png,confidence/42899163_182682.847.png,lowres_wide_intrinsics/42899163_182682.847.pincam,182682.84660825,0.00039175,182682.847,0.000,256,192,213.112,213.112,126.865,98.9227,-0.0175111205968,-0.999815468197,0.00789874733532,0.0924217272082,0.0132849062017,0.00766659926616,0.999882360342,-0.105593047743,-0.999758406778,0.017613994712,0.0131482039697,0.568276089906,0,0,0,1
42899163,182682.947,lowres_wide/42899163_182682.947.png,lowres_depth/42899163_182682.947.png,confidence/42899163_182682.947.png,lowres_wide_intrinsics/42899163_182682.947.pincam,182682.94656704,0.00043296,182682.947,0.000,256,192,213.172,213.172,126.867,98.926,-0.0237714857487,-0.999370446192,0.0263368134507,0.100788610719,0.0124784452589,0.026045593514,0.999582870733,-0.107118027542,-0.999639537468,0.0240902124512,0.0118514469511,0.568065204756,0,0,0,1
42899163,182683.047,lowres_wide/42899163_182683.047.png,lowres_depth/42899163_182683.047.png,confidence/42899163_182683.047.png,lowres_wide_intrinsics/42899163_182683.047.pincam,182683.04652546,0.00047454,182683.047,0.000,256,192,213.112,213.112,126.866,98.9281,-0.0279641016954,-0.998130613001,0.0543441662539,0.108042108637,0.00447754902294,0.0542398072716,0.998517899119,-0.108028693761,-0.999598899845,0.0281659847442,0.00295241126453,0.567375570144,0,0,0,1
42899163,182683.146,lowres_wide/42899163_182683.146.png,lowres_depth/42899163_182683.146.png,confidence/42899163_182683.146.png,lowres_wide_intrinsics/42899163_182683.146.pincam,182683.14648417,0.00048417,182683.146,0.000,256,192,213.172,213.172,126.865,98.929,-0.0295840862703,-0.996640039113,0.0763767914758,0.114865644043,0.00323473627393,0.0763143777705,0.997078558704,-0.108591180829,-0.999557061063,0.0297447168769,0.000966176550942,0.567151754641,0,0,0,1
42899163,182683.246,lowres_wide/42899163_182683.246.png,lowres_depth/42899163_182683.246.png,confidence/42899163_182683.246.png,lowres_wide_intrinsics/42899163_182683.246.pincam,182683.24644242,0.00044242,182683.246,0.000,256,192,213.172,213.172,126.864,98.9319,-0.0368828793118,-0.994118771823,0.101821022995,0.121281070718,0.00117896090478,0.101846992156,0.99479937688,-0.108248894449,-0.999318899684,0.0368111083623,-0.00258438315326,0.564981993106,0,0,0,1
42899163,182683.346,lowres_wide/42899163_182683.346.png,lowres_depth/42899163_182683.346.png,confidence/42899163_182683.346.png,lowres_wide_intrinsics/42899163_182683.346.pincam,182683.34640121,0.00040121,182683.346,0.000,256,192,213.112,213.112,126.862,98.9361,-0.0502568087965,-0.992136149172,0.114630339245,0.127065194335,-0.0196345864138,0.115734686393,0.993086081557,-0.104884645911,-0.998543307116,0.0476586180177,-0.0252966389603,0.557585706598,0,0,0,1
42899163,182683.446,lowres_wide/42899163_182683.446.png,lowres_depth/42899163_182683.446.png,confidence/42899163_182683.446.png,lowres_wide_intrinsics/42899163_182683.446.pincam,182683.44635962,0.00035962,182683.446,0.000,256,192,213.112,213.112,126.858,98.9329,-0.0386226206492,-0.993059428683,0.111091243027,0.128273558014,-0.0443969889401,0.112769779197,0.992628774655,-0.100076115142,-0.9982670988,0.033405807921,-0.0484443128747,0.549510063856,0,0,0,1
42899163,182683.546,lowres_wide/42899163_182683.546.png,lowres_depth/42899163_182683.546.png,confidence/42899163_182683.546.png,lowres_wide_intrinsics/42899163_182683.546.pincam,182683.54631804,0.00031804,182683.546,0.000,256,192,213.112,213.112,126.855,98.9295,-0.0323863880888,-0.993865456668,0.105747699311,0.128400115552,-0.0739646189477,0.10789633898,0.991406886792,-0.0946972974422,-0.996734847896,0.0242864999054,-0.0770052524952,0.540956137619,0,0,0,1
42899163,182683.646,lowres_wide/42899163_182683.646.png,lowres_depth/42899163_182683.646.png,confidence/42899163_182683.646.png,lowres_wide_intrinsics/42899163_182683.646.pincam,182683.64627696,0.00027696,182683.646,0.000,256,192,213.052,213.052,126.852,98.9291,-0.0330458801279,-0.994777334757,0.0965713418186,0.127754188375,-0.10179878483,0.0994717225988,0.989819369284,-0.0887573323644,-0.994255991792,0.0228786069791,-0.104554254476,0.532323308438,0,0,0,1
42899163,182683.746,lowres_wide/42899163_182683.746.png,lowres_depth/42899163_182683.746.png,confidence/42899163_182683.746.png,lowres_wide_intrinsics/42899163_182683.746.pincam,182683.74623517,0.00023517,182683.746,0.000,256,192,213.052,213.052,126.85,98.9301,-0.0374290945615,-0.995273988522,0.0896032959873,0.125620085025,-0.129517759016,0.0937414044256,0.987136109762,-0.0820070175855,-0.990870431984,0.0253423927006,-0.132414312491,0.522873124857,0,0,0,1
42899163,182683.846,lowres_wide/42899163_182683.846.png,lowres_depth/42899163_182683.846.png,confidence/42899163_182683.846.png,lowres_wide_intrinsics/42899163_182683.846.pincam,182683.84619375,0.00019375,182683.846,0.000,256,192,213.052,213.052,126.849,98.9335,-0.0487712730011,-0.995403575714,0.082420169769,0.124182170578,-0.167735267928,0.0895089234642,0.981760170568,-0.0741128757815,-0.984624924945,0.0340569240415,-0.171329749611,0.509357226114,0,0,0,1
42899163,182683.946,lowres_wide/42899163_182683.946.png,lowres_depth/42899163_182683.946.png,confidence/42899163_182683.946.png,lowres_wide_intrinsics/42899163_182683.946.pincam,182683.94615250,0.00015250,182683.946,0.000,256,192,213.052,213.052,126.848,98.9367,-0.0606361224939,-0.995009476943,0.0792426743816,0.122568461948,-0.215019927908,0.0905456721832,0.972403163226,-0.0659925990683,-0.974725444036,0.0419240031861,-0.21943720447,0.493992078044,0,0,0,1
42899163,182684.046,lowres_wide/42899163_182684.046.png,lowres_depth/42899163_182684.046.png,confidence/42899163_182684.046.png,lowres_wide_intrinsics/42899163_182684.046.pincam,182684.04611108,0.00011108,182684.046,0.000,256,192,212.991,212.991,126.849,98.9395,-0.0700480444998,-0.99476522265,0.0744004251812,0.119061313436,-0.255869406386,0.0900056317161,0.962512250901,-0.0572142233145,-0.96417017084,0.0483853083568,-0.260834705509,0.480138642716,0,0,0,1
42899163,182684.146,lowres_wide/42899163_182684.146.png,lowres_depth/42899163_182684.146.png,confidence/42899163_182684.146.png,lowres_wide_intrinsics/42899163_182684.146.pincam,182684.14606963,0.00006963,182684.146,0.000,256,192,212.991,212.991,126.851,98.9396,-0.0704757122814,-0.99515021773,0.0686237432037,0.113802387023,-0.289702185481,0.0862489751213,0.953222827055,-0.0483937513376,-0.954518631409,0.0472986093176,-0.294375650913,0.468596899551,0,0,0,1
42899163,182684.246,lowres_wide/42899163_182684.246.png,lowres_depth/42899163_182684.246.png,confidence/42899163_182684.246.png,lowres_wide_intrinsics/42899163_182684.246.pincam,182684.24602800,0.00002800,182684.246,0.000,256,192,212.991,212.991,126.853,98.9392,-0.0671533850469,-0.996145242312,0.0564365050018,0.109174194349,-0.323471968499,0.0752455286704,0.943241218359,-0.0398253716568,-0.943851846675,0.0450862133604,-0.327278054401,0.456619305428,0,0,0,1
42899163,182684.346,lowres_wide/42899163_182684.346.png,lowres_depth/42899163_182684.346.png,confidence/42899163_182684.346.png,lowres_wide_intrinsics/42899163_182684.346.pincam,182684.34598667,0.00001333,182684.346,0.000,256,192,212.991,212.991,126.856,98.9384,-0.0609409330106,-0.997340704477,0.0399715133126,0.105446202712,-0.358654478581,0.0592512884143,0.931588025801,-0.0309665295662,-0.931479021598,0.0424358812085,-0.36131153913,0.443447769581,0,0,0,1
42899163,182684.446,lowres_wide/42899163_182684.446.png,lowres_depth/42899163_182684.446.png,confidence/42899163_182684.446.png,lowres_wide_intrinsics/42899163_182684.446.pincam,182684.44594525,0.00005475,182684.446,0.000,256,192,212.931,212.931,126.86,98.9382,-0.0566759210868,-0.997923154857,0.0306139995751,0.10207578049,-0.388353267882,0.050283804189,0.920137640987,-0.0242836580794,-0.919766045956,0.0402606015517,-0.390396599202,0.429746673982,0,0,0,1
42899163,182684.546,lowres_wide/42899163_182684.546.png,lowres_depth/42899163_182684.546.png,confidence/42899163_182684.546.png,lowres_wide_intrinsics/42899163_182684.546.pincam,182684.54590379,0.00009621,182684.546,0.000,256,192,212.931,212.931,126.863,98.9363,-0.0495583145362,-0.998429790839,0.0261137171856,0.0984390843698,-0.414356145911,0.0443426748117,0.909033944106,-0.0188952307437,-0.908764522749,0.0342298109176,-0.41590306832,0.41630903321,0,0,0,1
42899163,182684.646,lowres_wide/42899163_182684.646.png,lowres_depth/42899163_182684.646.png,confidence/42899163_182684.646.png,lowres_wide_intrinsics/42899163_182684.646.pincam,182684.64586242,0.00013758,182684.646,0.000,256,192,212.931,212.931,126.868,98.9368,-0.0490526010712,-0.998564976198,0.0214902452057,0.0962531478236,-0.44252084732,0.0410170436393,0.895819681531,-0.0129748392587,-0.895415625291,0.0344324039523,-0.44389781205,0.40123285707,0,0,0,1
42899163,182684.746,lowres_wide/42899163_182684.746.png,lowres_depth/42899163_182684.746.png,confidence/42899163_182684.746.png,lowres_wide_intrinsics/42899163_182684.746.pincam,182684.74582096,0.00017904,182684.746,0.000,256,192,212.931,212.931,126.874,98.9378,-0.0475564146452,-0.998797550157,0.0119097114261,0.0946224350608,-0.471015846705,0.0329379560268,0.881509593371,-0.00545485034347,-0.88084190385,0.0363117729247,-0.472015884868,0.385875621619,0,0,0,1
42899163,182684.846,lowres_wide/42899163_182684.846.png,lowres_depth/42899163_182684.846.png,confidence/42899163_182684.846.png,lowres_wide_intrinsics/42899163_182684.846.pincam,182684.84577942,0.00022058,182684.846,0.000,256,192,212.931,212.931,126.88,98.9423,-0.05083459064,-0.998680001965,-0.0073551390371,0.094030479624,-0.498064035058,0.0189675072505,0.866932783236,0.00290317569523,-0.865648925013,0.0477335033754,-0.498370796977,0.368910562275,0,0,0,1
42899163,182684.946,lowres_wide/42899163_182684.946.png,lowres_depth/42899163_182684.946.png,confidence/42899163_182684.946.png,lowres_wide_intrinsics/42899163_182684.946.pincam,182684.94573800,0.00026200,182684.946,0.000,256,192,212.871,212.871,126.886,98.9424,-0.046983773048,-0.99880612156,-0.0133737281424,0.0923730758421,-0.521701797717,0.0131190297027,0.853027036687,0.0100494347833,-0.851833175762,0.0470555267095,-0.521695330703,0.353470802434,0,0,0,1
42899163,182685.046,lowres_wide/42899163_182685.046.png,lowres_depth/42899163_182685.046.png,confidence/42899163_182685.046.png,lowres_wide_intrinsics/42899163_182685.046.pincam,182685.04569654,0.00030346,182685.046,0.000,256,192,212.871,212.871,126.892,98.9419,-0.0470438070828,-0.998794424732,-0.0140206040906,0.0911003662345,-0.543277285614,0.0138050214275,0.839439820547,0.0170904009887,-0.838234257921,0.0471075207085,-0.543271764719,0.339241044612,0,0,0,1
42899163,182685.146,lowres_wide/42899163_182685.146.png,lowres_depth/42899163_182685.146.png,confidence/42899163_182685.146.png,lowres_wide_intrinsics/42899163_182685.146.pincam,182685.14565517,0.00034483,182685.146,0.000,256,192,212.811,212.811,126.899,98.9408,-0.0440122889328,-0.99896649346,-0.0113518001422,0.0900038447382,-0.566203839755,0.015580807217,0.824117983236,0.0235295453115,-0.823089381701,0.0426987516216,-0.566304411373,0.32659540003,0,0,0,1
42899163,182685.246,lowres_wide/42899163_182685.246.png,lowres_depth/42899163_182685.246.png,confidence/42899163_182685.246.png,lowres_wide_intrinsics/42899163_182685.246.pincam,182685.24561379,0.00038621,182685.246,0.000,256,192,212.811,212.811,126.905,98.9393,-0.0412471921891,-0.999130787982,-0.00602807132513,0.0897489355699,-0.581111905285,0.0190813817681,0.813599935107,0.0267073248972,-0.812777720335,0.0370616969014,-0.581393849254,0.316210887085,0,0,0,1
42899163,182685.346,lowres_wide/42899163_182685.346.png,lowres_depth/42899163_182685.346.png,confidence/42899163_182685.346.png,lowres_wide_intrinsics/42899163_182685.346.pincam,182685.34557246,0.00042754,182685.346,0.000,256,192,212.811,212.811,126.907,98.9375,-0.039553626578,-0.999216797139,-0.00114146404022,0.0903281512742,-0.591957825407,0.022512084689,0.805654478658,0.0292424118414,-0.80499779103,0.0325422549708,-0.592384636936,0.307999502948,0,0,0,1
42899163,182685.446,lowres_wide/42899163_182685.446.png,lowres_depth/42899163_182685.446.png,confidence/42899163_182685.446.png,lowres_wide_intrinsics/42899163_182685.446.pincam,182685.44553050,0.00046950,182685.446,0.000,256,192,212.811,212.811,126.906,98.9374,-0.0405881527656,-0.999175723852,0.000688998646941,0.0907905704672,-0.599645194647,0.024910138592,0.799878194185,0.0354647473762,-0.79923603672,0.0320524236117,-0.600161977926,0.302398418,0,0,0,1
42899163,182685.545,lowres_wide/42899163_182685.545.png,lowres_depth/42899163_182685.545.png,confidence/42899163_182685.545.png,lowres_wide_intrinsics/42899163_182685.545.pincam,182685.54548917,0.00048917,182685.545,0.000,256,192,212.871,212.871,126.901,98.9376,-0.0406990302982,-0.999168720384,0.00233605209672,0.0902160493802,-0.597603182632,0.0262156890727,0.801363321942,0.0478378580437,-0.800758406163,0.0312186779518,-0.598173360412,0.301478243872,0,0,0,1
42899163,182685.645,lowres_wide/42899163_182685.645.png,lowres_depth/42899163_182685.645.png,confidence/42899163_182685.645.png,lowres_wide_intrinsics/42899163_182685.645.pincam,182685.64544779,0.00044779,182685.645,0.000,256,192,213.835,213.835,126.896,98.9365,-0.043952597958,-0.998974797253,0.0108408295841,0.0897039396354,-0.582708163406,0.0344490775503,0.811951019062,0.0652037459515,-0.811492061226,0.0293703168057,-0.583624895852,0.310359812239,0,0,0,1
42899163,182685.745,lowres_wide/42899163_182685.745.png,lowres_depth/42899163_182685.745.png,confidence/42899163_182685.745.png,lowres_wide_intrinsics/42899163_182685.745.pincam,182685.74540617,0.00040617,182685.745,0.000,256,192,214.799,214.799,126.883,98.9341,-0.0412506778338,-0.998992694749,0.0176628824412,0.0887418420491,-0.53846310291,0.0371185224821,0.841831160087,0.0824954885421,-0.841638799238,0.0252152954896,-0.539451870412,0.332922581968,0,0,0,1
42899163,182685.845,lowres_wide/42899163_182685.845.png,lowres_depth/42899163_182685.845.png,confidence/42899163_182685.845.png,lowres_wide_intrinsics/42899163_182685.845.pincam,182685.84536517,0.00036517,182685.845,0.000,256,192,212.931,212.931,126.871,98.932,-0.0348290950938,-0.999237102581,0.0176676812314,0.087733648025,-0.487691939228,0.0324241281565,0.872413461797,0.101013230677,-0.87232075898,0.0217689857006,-0.48844918335,0.359927211226,0,0,0,1
42899163,182685.945,lowres_wide/42899163_182685.945.png,lowres_depth/42899163_182685.945.png,confidence/42899163_182685.945.png,lowres_wide_intrinsics/42899163_182685.945.pincam,182685.94532375,0.00032375,182685.945,0.000,256,192,209.497,209.497,126.861,98.9275,-0.0234225067397,-0.999449275759,0.0235059856877,0.0836454390826,-0.432446348709,0.0313278330565,0.901115265859,0.115831254263,-0.901355391433,0.0109413007044,-0.432941966403,0.389097368807,0,0,0,1
42899163,182686.045,lowres_wide/42899163_182686.045.png,lowres_depth/42899163_182686.045.png,confidence/42899163_182686.045.png,lowres_wide_intrinsics/42899163_182686.045.pincam,182686.04528179,0.00028179,182686.045,0.000,256,192,211.666,211.666,126.854,98.9236,-0.014119872963,-0.999506974276,0.0280434941103,0.0757201721724,-0.38126090263,0.0313092177828,0.923937149923,0.126853413328,-0.924359645005,0.00235398730533,-0.381515013375,0.415660285471,0,0,0,1
42899163,182686.145,lowres_wide/42899163_182686.145.png,lowres_depth/42899163_182686.145.png,confidence/42899163_182686.145.png,lowres_wide_intrinsics/42899163_182686.145.pincam,182686.14524071,0.00024071,182686.145,0.000,256,192,212.088,212.088,126.852,98.9243,-0.0106303195208,-0.999291431151,0.0361058434995,0.0635829625447,-0.358265058906,0.037516962451,0.932865813017,0.139947475896,-0.933559394936,-0.00301880048578,-0.358410020744,0.438351115436,0,0,0,1
42899163,182686.245,lowres_wide/42899163_182686.245.png,lowres_depth/42899163_182686.245.png,confidence/42899163_182686.245.png,lowres_wide_intrinsics/42899163_182686.245.pincam,182686.24519946,0.00019946,182686.245,0.000,256,192,212.088,212.088,126.849,98.9235,-0.0053907414478,-0.999479973009,0.031791877285,0.049443295559,-0.306308187398,0.0319145297779,0.951397265669,0.14747324052,-0.951917136225,-0.00460937563177,-0.306320941851,0.460226196496,0,0,0,1
42899163,182686.345,lowres_wide/42899163_182686.345.png,lowres_depth/42899163_182686.345.png,confidence/42899163_182686.345.png,lowres_wide_intrinsics/42899163_182686.345.pincam,182686.34515792,0.00015792,182686.345,0.000,256,192,212.208,212.208,126.847,98.9239,-0.0043657032392,-0.999626124664,0.0269916936296,0.0351334770544,-0.238079045453,0.0272548170549,0.970863297825,0.148315151214,-0.971235969655,-0.00218765561035,-0.238109020013,0.482507755767,0,0,0,1
42899163,182686.445,lowres_wide/42899163_182686.445.png,lowres_depth/42899163_182686.445.png,confidence/42899163_182686.445.png,lowres_wide_intrinsics/42899163_182686.445.pincam,182686.44511629,0.00011629,182686.445,0.000,256,192,212.208,212.208,126.849,98.9208,0.00309416211252,-0.999075017077,0.0428898171251,0.0194957651115,-0.175501222457,0.0416817969779,0.983596435901,0.146635386959,-0.984474350645,-0.0105706221624,-0.175209916586,0.503621687113,0,0,0,1
42899163,182686.545,lowres_wide/42899163_182686.545.png,lowres_depth/42899163_182686.545.png,confidence/42899163_182686.545.png,lowres_wide_intrinsics/42899163_182686.545.pincam,182686.54507471,0.00007471,182686.545,0.000,256,192,212.208,212.208,126.852,98.9213,0.000498367776324,-0.997884579697,0.0650085935231,0.00627388663127,-0.123945159545,0.0644456850429,0.990194097692,0.147872267204,-0.992288944338,-0.0085509813266,-0.123650845785,0.517378610214,0,0,0,1
42899163,182686.645,lowres_wide/42899163_182686.645.png,lowres_depth/42899163_182686.645.png,confidence/42899163_182686.645.png,lowres_wide_intrinsics/42899163_182686.645.pincam,182686.64503346,0.00003346,182686.645,0.000,256,192,212.268,212.268,126.854,98.9213,-0.00704846118683,-0.996406571449,0.0844053527238,-0.00283604246551,-0.105868318522,0.0846766335498,0.990768271022,0.157217057801,-0.994355177152,-0.00195246106369,-0.106084728249,0.525164142735,0,0,0,1
42899163,182686.745,lowres_wide/42899163_182686.745.png,lowres_depth/42899163_182686.745.png,confidence/42899163_182686.745.png,lowres_wide_intrinsics/42899163_182686.745.pincam,182686.74499225,0.00000775,182686.745,0.000,256,192,212.268,212.268,126.857,98.9231,-0.0108710861479,-0.994996592133,0.0993156640725,-0.00785700888888,-0.0815571375728,0.0998729038256,0.991652074264,0.170405181826,-0.99660937824,0.00268043385016,-0.0822348008904,0.530825483799,0,0,0,1
42899163,182686.845,lowres_wide/42899163_182686.845.png,lowres_depth/42899163_182686.845.png,confidence/42899163_182686.845.png,lowres_wide_intrinsics/42899163_182686.845.pincam,182686.84495088,0.00004912,182686.845,0.000,256,192,212.268,212.268,126.861,98.9171,-0.0111623024141,-0.994637797362,0.102815636281,-0.00707764988205,-0.0617158153807,0.103311296436,0.992732559233,0.192878380545,-0.998031342763,0.00473583021551,-0.0625380746063,0.534137890768,0,0,0,1
42899163,182686.945,lowres_wide/42899163_182686.945.png,lowres_depth/42899163_182686.945.png,confidence/42899163_182686.945.png,lowres_wide_intrinsics/42899163_182686.945.pincam,182686.94490937,0.00009063,182686.945,0.000,256,192,212.268,212.268,126.866,98.9118,-0.00825322403734,-0.994520234756,0.10421797807,-0.000354461957404,-0.0541088013107,0.104512992719,0.993050488129,0.226499467909,-0.998500937362,0.00255675829052,-0.0546748669256,0.532136015968,0,0,0,1
42899163,182687.045,lowres_wide/42899163_182687.045.png,lowres_depth/42899163_182687.045.png,confidence/42899163_182687.045.png,lowres_wide_intrinsics/42899163_182687.045.pincam,182687.04486783,0.00013217,182687.045,0.000,256,192,212.268,212.268,126.866,98.9023,-0.000550631521838,-0.994927919885,0.100588921053,0.0132232747102,-0.0557421089338,0.100463078263,0.993378068611,0.27105948289,-0.998445048111,-0.00506005331719,-0.0555146986291,0.52542229802,0,0,0,1
42899163,182687.145,lowres_wide/42899163_182687.145.png,lowres_depth/42899163_182687.145.png,confidence/42899163_182687.145.png,lowres_wide_intrinsics/42899163_182687.145.pincam,182687.14482625,0.00017375,182687.145,0.000,256,192,214.197,214.197,126.866,98.8999,-0.00373769171199,-0.996694114765,0.0811595419694,0.0346636120595,-0.0444772473786,0.0812454865013,0.995701232996,0.319365014251,-0.999003405463,0.000111871220879,-0.0446338812847,0.518740935744,0,0,0,1
42899163,182687.245,lowres_wide/42899163_182687.245.png,lowres_depth/42899163_182687.245.png,confidence/42899163_182687.245.png,lowres_wide_intrinsics/42899163_182687.245.pincam,182687.24478512,0.00021488,182687.245,0.000,256,192,212.329,212.329,126.869,98.9026,-0.0106238039034,-0.997951211479,0.0630913171414,0.0586250234993,-0.0289642812104,0.0633755183004,0.997569353025,0.370468232248,-0.999523989309,0.008770586535,-0.0295782286023,0.518539663612,0,0,0,1
42899163,182687.345,lowres_wide/42899163_182687.345.png,lowres_depth/42899163_182687.345.png,confidence/42899163_182687.345.png,lowres_wide_intrinsics/42899163_182687.345.pincam,182687.34474379,0.00025621,182687.345,0.000,256,192,209.738,209.738,126.864,98.9102,-0.0165175840572,-0.99811782638,0.0590590727895,0.080221490253,-0.0252118207336,0.0594641182887,0.997912011518,0.423244299471,-0.999545663545,0.014994108776,-0.026146571282,0.522568597351,0,0,0,1
42899163,182687.445,lowres_wide/42899163_182687.445.png,lowres_depth/42899163_182687.445.png,confidence/42899163_182687.445.png,lowres_wide_intrinsics/42899163_182687.445.pincam,182687.44470217,0.00029783,182687.445,0.000,256,192,211.545,211.545,126.864,98.909,-5.54659922252e-05,-0.998616941364,0.0525756725447,0.0932097149837,-0.00770921012857,0.0525745372733,0.998587245117,0.468608539886,-0.99997028206,-0.000349929274924,-0.0077014639378,0.52575385265,0,0,0,1
42899163,182687.545,lowres_wide/42899163_182687.545.png,lowres_depth/42899163_182687.545.png,confidence/42899163_182687.545.png,lowres_wide_intrinsics/42899163_182687.545.pincam,182687.54466079,0.00033921,182687.545,0.000,256,192,212.027,212.027,126.864,98.9175,-0.00715426378901,-0.998146315693,0.0604379762988,0.102747961277,-0.0220396204948,0.0605822344736,0.997919860507,0.518038074008,-0.999731499773,0.00580735186126,-0.0224321872825,0.527606213817,0,0,0,1
42899163,182687.645,lowres_wide/42899163_182687.645.png,lowres_depth/42899163_182687.645.png,confidence/42899163_182687.645.png,lowres_wide_intrinsics/42899163_182687.645.pincam,182687.64461946,0.00038054,182687.645,0.000,256,192,211.967,211.967,126.861,98.9205,-0.00407986654507,-0.997409792,0.0718126834963,0.109699974109,-0.0332106254963,0.0719088127269,0.996858152902,0.569197228039,-0.999440047748,0.00168210409072,-0.0334179814278,0.526026592547,0,0,0,1
42899163,182687.745,lowres_wide/42899163_182687.745.png,lowres_depth/42899163_182687.745.png,confidence/42899163_182687.745.png,lowres_wide_intrinsics/42899163_182687.745.pincam,182687.74457800,0.00042200,182687.745,0.000,256,192,211.967,211.967,126.86,98.9227,-0.0089920103968,-0.994474036021,0.104597014438,0.114648912675,-0.0378960906701,0.104865007058,0.993764165487,0.621438269148,-0.999241227162,0.00497211976507,-0.0386296254718,0.520067607966,0,0,0,1
42899163,182687.845,lowres_wide/42899163_182687.845.png,lowres_depth/42899163_182687.845.png,confidence/42899163_182687.845.png,lowres_wide_intrinsics/42899163_182687.845.pincam,182687.84453662,0.00046338,182687.845,0.000,256,192,211.967,211.967,126.859,98.922,-0.00787209216218,-0.989898560112,0.141558718745,0.115087525054,-0.0418193677876,0.141765156954,0.989016572536,0.67933402516,-0.999094175062,0.00186573348621,-0.0425129203386,0.512603029555,0,0,0,1
42899163,182687.944,lowres_wide/42899163_182687.944.png,lowres_depth/42899163_182687.944.png,confidence/42899163_182687.944.png,lowres_wide_intrinsics/42899163_182687.944.pincam,182687.94449529,0.00049529,182687.944,0.000,256,192,211.967,211.967,126.859,98.9187,2.94747305681e-05,-0.980544554638,0.196296651783,0.110626326875,-0.0434135163792,0.196110326489,0.979620337906,0.741355446436,-0.999057188417,-0.00855080195287,-0.0425631067843,0.506176643067,0,0,0,1
42899163,182688.044,lowres_wide/42899163_182688.044.png,lowres_depth/42899163_182688.044.png,confidence/42899163_182688.044.png,lowres_wide_intrinsics/42899163_182688.044.pincam,182688.04445342,0.00045342,182688.044,0.000,256,192,211.967,211.967,126.859,98.9159,0.00594432269718,-0.971323331163,0.237688138883,0.104913745942,-0.0489938254504,0.237123985659,0.970243175958,0.808565934156,-0.998781392546,-0.0174126897207,-0.0461793042529,0.505580006483,0,0,0,1
42899163,182688.144,lowres_wide/42899163_182688.144.png,lowres_depth/42899163_182688.144.png,confidence/42899163_182688.144.png,lowres_wide_intrinsics/42899163_182688.144.pincam,182688.14441233,0.00041233,182688.144,0.000,256,192,212.027,212.027,126.86,98.9184,-0.000319748547196,-0.959080622698,0.283132931547,0.100516500364,-0.0378231170358,0.282941949207,0.95839097721,0.868615966841,-0.999284398747,-0.010402525884,-0.0363658889162,0.509824927979,0,0,0,1
42899163,182688.244,lowres_wide/42899163_182688.244.png,lowres_depth/42899163_182688.244.png,confidence/42899163_182688.244.png,lowres_wide_intrinsics/42899163_182688.244.pincam,182688.24437088,0.00037088,182688.244,0.000,256,192,211.967,211.967,126.861,98.922,-0.00861637820964,-0.941905559329,0.335767293421,0.0996270535242,-0.0290561852141,0.335873806761,0.941458721364,0.919163507976,-0.999540642559,-0.00164415225445,-0.0302621981358,0.516783578879,0,0,0,1
42899163,182688.344,lowres_wide/42899163_182688.344.png,lowres_depth/42899163_182688.344.png,confidence/42899163_182688.344.png,lowres_wide_intrinsics/42899163_182688.344.pincam,182688.34432921,0.00032921,182688.344,0.000,256,192,211.967,211.967,126.862,98.9234,-0.00982003721891,-0.924028211931,0.382198155967,0.100949226212,-0.0212067992696,0.382323069685,0.923785333317,0.960816241975,-0.99972688197,0.000966406780638,-0.0233501075839,0.520192911726,0,0,0,1
42899163,182688.444,lowres_wide/42899163_182688.444.png,lowres_depth/42899163_182688.444.png,confidence/42899163_182688.444.png,lowres_wide_intrinsics/42899163_182688.444.pincam,182688.44428796,0.00028796,182688.444,0.000,256,192,211.967,211.967,126.86,98.9223,-0.0121381812082,-0.90830281395,0.418137133877,0.106761945547,-0.0337409184233,0.418301859359,0.907681169178,1.00188718325,-0.999356900702,-0.00309073241314,-0.0357243949177,0.520296112504,0,0,0,1
42899163,182688.544,lowres_wide/42899163_182688.544.png,lowres_depth/42899163_182688.544.png,confidence/42899163_182688.544.png,lowres_wide_intrinsics/42899163_182688.544.pincam,182688.54424650,0.00024650,182688.544,0.000,256,192,211.967,211.967,126.859,98.9224,-0.0160280931151,-0.890284656551,0.45512232481,0.118024321792,-0.0385369093449,0.455392637248,0.889456267929,1.0410859646,-0.999128623776,-0.00328271988783,-0.0416078946944,0.516535156196,0,0,0,1
42899163,182688.644,lowres_wide/42899163_182688.644.png,lowres_depth/42899163_182688.644.png,confidence/42899163_182688.644.png,lowres_wide_intrinsics/42899163_182688.644.pincam,182688.64420521,0.00020521,182688.644,0.000,256,192,211.967,211.967,126.857,98.9207,-0.0215072898252,-0.875300545554,0.483100808774,0.13624170616,-0.0578673906198,0.483492352808,0.873433746703,1.0848620528,-0.998092581671,-0.00917059047658,-0.0610499687394,0.509789054948,0,0,0,1
42899163,182688.744,lowres_wide/42899163_182688.744.png,lowres_depth/42899163_182688.744.png,confidence/42899163_182688.744.png,lowres_wide_intrinsics/42899163_182688.744.pincam,182688.74416371,0.00016371,182688.744,0.000,256,192,211.967,211.967,126.856,98.9144,-0.0253634062526,-0.868326791089,0.495343599434,0.159365489971,-0.0684615882742,0.49584843232,0.865706268371,1.1298819219,-0.997331293279,-0.0119547497785,-0.0720234364877,0.499789228272,0,0,0,1
42899163,182688.844,lowres_wide/42899163_182688.844.png,lowres_depth/42899163_182688.844.png,confidence/42899163_182688.844.png,lowres_wide_intrinsics/42899163_182688.844.pincam,182688.84412225,0.00012225,182688.844,0.000,256,192,211.967,211.967,126.856,98.9131,-0.0385594249935,-0.86838919175,0.494381818431,0.189129542239,-0.0702996035019,0.495881343596,0.865540096599,1.17674377591,-0.996780385286,-0.00138011738057,-0.0801683153395,0.489983209884,0,0,0,1
42899163,182688.944,lowres_wide/42899163_182688.944.png,lowres_depth/42899163_182688.944.png,confidence/42899163_182688.944.png,lowres_wide_intrinsics/42899163_182688.944.pincam,182688.94408096,0.00008096,182688.944,0.000,256,192,211.967,211.967,126.856,98.9149,-0.057297030571,-0.86706400827,0.494890953495,0.227342819726,-0.0643521161329,0.497882007259,0.864853925236,1.22310563343,-0.996281012284,0.0177062816813,-0.0843245643455,0.484883772537,0,0,0,1
42899163,182689.044,lowres_wide/42899163_182689.044.png,lowres_depth/42899163_182689.044.png,confidence/42899163_182689.044.png,lowres_wide_intrinsics/42899163_182689.044.pincam,182689.04403946,0.00003946,182689.044,0.000,256,192,213.895,213.895,126.853,98.9215,-0.0881202710092,-0.859777252276,0.503008841181,0.27259656742,-0.0800242828502,0.509451472153,0.856770279407,1.27410013001,-0.992890191306,0.0352459074311,-0.113696059816,0.483918334199,0,0,0,1
42899163,182689.144,lowres_wide/42899163_182689.144.png,lowres_depth/42899163_182689.144.png,confidence/42899163_182689.144.png,lowres_wide_intrinsics/42899163_182689.144.pincam,182689.14399808,0.00000192,182689.144,0.000,256,192,211.907,211.907,126.851,98.9271,-0.0831205449867,-0.855369388823,0.511306350113,0.30636130698,-0.0657383467888,0.516670722859,0.853656742434,1.31686101839,-0.994368867555,0.0373439795036,-0.0991765215777,0.483600030725,0,0,0,1
42899163,182689.244,lowres_wide/42899163_182689.244.png,lowres_depth/42899163_182689.244.png,confidence/42899163_182689.244.png,lowres_wide_intrinsics/42899163_182689.244.pincam,182689.24395650,0.00004350,182689.244,0.000,256,192,212.871,212.871,126.85,98.9239,-0.081763900827,-0.845266638707,0.528052056156,0.328083041199,-0.0750830027671,0.533544515631,0.842432663503,1.35919193365,-0.993819504345,0.0292328467585,-0.107089838236,0.482889938206,0,0,0,1
42899163,182689.344,lowres_wide/42899163_182689.344.png,lowres_depth/42899163_182689.344.png,confidence/42899163_182689.344.png,lowres_wide_intrinsics/42899163_182689.344.pincam,182689.34391533,0.00008467,182689.344,0.000,256,192,213.835,213.835,126.849,98.9316,-0.0855459527696,-0.848315480757,0.522534912778,0.342069729529,-0.0784830121831,0.528565292539,0.845256853461,1.4001219777,-0.993238293041,0.0312981889387,-0.111794975763,0.485049289999,0,0,0,1
42899163,182689.444,lowres_wide/42899163_182689.444.png,lowres_depth/42899163_182689.444.png,confidence/42899163_182689.444.png,lowres_wide_intrinsics/42899163_182689.444.pincam,182689.44387392,0.00012608,182689.444,0.000,256,192,211.967,211.967,126.851,98.9427,-0.0724939008368,-0.842552792675,0.533712868402,0.34274855394,-0.0709663880883,0.538122038311,0.839874064158,1.43859325648,-0.994840894869,0.0230100725758,-0.0988034941532,0.487700149321,0,0,0,1
42899163,182689.544,lowres_wide/42899163_182689.544.png,lowres_depth/42899163_182689.544.png,confidence/42899163_182689.544.png,lowres_wide_intrinsics/42899163_182689.544.pincam,182689.54383258,0.00016742,182689.544,0.000,256,192,211.847,211.847,126.852,98.9454,-0.0666717864972,-0.835385235786,0.545606433902,0.335675657851,-0.0835302018241,0.549576699754,0.831256973788,1.48603361879,-0.994272386355,0.00984677194025,-0.106421157736,0.486863783764,0,0,0,1
42899163,182689.644,lowres_wide/42899163_182689.644.png,lowres_depth/42899163_182689.644.png,confidence/42899163_182689.644.png,lowres_wide_intrinsics/42899163_182689.644.pincam,182689.64379083,0.00020917,182689.644,0.000,256,192,211.847,211.847,126.852,98.9435,-0.059775016422,-0.820025357142,0.569197119683,0.318743417813,-0.089046589918,0.572323842647,0.815178584092,1.53729036637,-0.994232192315,-0.00195774924798,-0.107231128793,0.481800575187,0,0,0,1
42899163,182689.744,lowres_wide/42899163_182689.744.png,lowres_depth/42899163_182689.744.png,confidence/42899163_182689.744.png,lowres_wide_intrinsics/42899163_182689.744.pincam,182689.74374950,0.00025050,182689.744,0.000,256,192,211.907,211.907,126.851,98.9399,-0.0586036908786,-0.799925329431,0.597231173626,0.295038414454,-0.098358472407,0.599975229451,0.793949201744,1.59565766851,-0.993423987188,-0.0122143923193,-0.113840196324,0.474061644652,0,0,0,1
42899163,182689.844,lowres_wide/42899163_182689.844.png,lowres_depth/42899163_182689.844.png,confidence/42899163_182689.844.png,lowres_wide_intrinsics/42899163_182689.844.pincam,182689.84370825,0.00029175,182689.844,0.000,256,192,211.847,211.847,126.85,98.9406,-0.0783588071377,-0.773930081295,0.628404429178,0.269145741753,-0.110558038122,0.633200567263,0.766050887229,1.65978084909,-0.990775866455,-0.00944832710723,-0.135181032561,0.469732824647,0,0,0,1
42899163,182689.944,lowres_wide/42899163_182689.944.png,lowres_depth/42899163_182689.944.png,confidence/42899163_182689.944.png,lowres_wide_intrinsics/42899163_182689.944.pincam,182689.94366683,0.00033317,182689.944,0.000,256,192,211.847,211.847,126.85,98.9442,-0.0975593488009,-0.750097341986,0.654091852118,0.240870374529,-0.110095203988,0.661327330138,0.741973859696,1.7191031221,-0.989121438207,0.000374110693692,-0.147100783549,0.471383812141,0,0,0,1
42899163,182690.044,lowres_wide/42899163_182690.044.png,lowres_depth/42899163_182690.044.png,confidence/42899163_182690.044.png,lowres_wide_intrinsics/42899163_182690.044.pincam,182690.04362550,0.00037450,182690.044,0.000,256,192,211.847,211.847,126.85,98.9454,-0.111733891699,-0.723844421654,0.680855925058,0.215075665826,-0.110811800698,0.689948685804,0.715326188381,1.77192817035,-0.987540521838,0.00447930779017,-0.157301155527,0.473691152148,0,0,0,1
42899163,182690.144,lowres_wide/42899163_182690.144.png,lowres_depth/42899163_182690.144.png,confidence/42899163_182690.144.png,lowres_wide_intrinsics/42899163_182690.144.pincam,182690.14358388,0.00041612,182690.144,0.000,256,192,211.847,211.847,126.849,98.9447,-0.125675832648,-0.709677107921,0.693227226515,0.196867523448,-0.124374035986,0.704525283784,0.698695372592,1.82228113487,-0.984244219826,0.00158965470072,-0.17680720782,0.471323114,0,0,0,1
42899163,182690.244,lowres_wide/42899163_182690.244.png,lowres_depth/42899163_182690.244.png,confidence/42899163_182690.244.png,lowres_wide_intrinsics/42899163_182690.244.pincam,182690.24354242,0.00045758,182690.244,0.000,256,192,211.847,211.847,126.848,98.9385,-0.13005074803,-0.70783368246,0.694304170311,0.183001273029,-0.152052089481,0.706205921232,0.691486340358,1.87134518773,-0.979779038876,-0.0156420840152,-0.199470198743,0.466727275715,0,0,0,1
42899163,182690.344,lowres_wide/42899163_182690.344.png,lowres_depth/42899163_182690.344.png,confidence/42899163_182690.344.png,lowres_wide_intrinsics/42899163_182690.344.pincam,182690.34350112,0.00049888,182690.344,0.000,256,192,211.847,211.847,126.847,98.9206,-0.128767177208,-0.711736872349,0.690543002725,0.173168408539,-0.172839767895,0.701789674182,0.691098884275,1.9184365349,-0.976496507269,-0.030362439813,-0.213383911157,0.459732793815,0,0,0,1
42899163,182690.443,lowres_wide/42899163_182690.443.png,lowres_depth/42899163_182690.443.png,confidence/42899163_182690.443.png,lowres_wide_intrinsics/42899163_182690.443.pincam,182690.44345950,0.00045950,182690.443,0.000,256,192,211.786,211.786,126.848,98.9123,-0.133674926738,-0.721845291569,0.67902164104,0.171869792331,-0.197843097191,0.690816389186,0.695435708981,1.96897964514,-0.971076270359,-0.0413774270745,-0.235156938391,0.450729052042,0,0,0,1
42899163,182690.543,lowres_wide/42899163_182690.543.png,lowres_depth/42899163_182690.543.png,confidence/42899163_182690.543.png,lowres_wide_intrinsics/42899163_182690.543.pincam,182690.54341837,0.00041837,182690.543,0.000,256,192,211.847,211.847,126.848,98.9059,-0.143773389553,-0.727276272835,0.671117303776,0.179032647692,-0.211267199641,0.685085819598,0.697153921413,2.01756676069,-0.966796453662,-0.0415528910775,-0.252146731945,0.440166270956,0,0,0,1
42899163,182690.643,lowres_wide/42899163_182690.643.png,lowres_depth/42899163_182690.643.png,confidence/42899163_182690.643.png,lowres_wide_intrinsics/42899163_182690.643.pincam,182690.64337642,0.00037642,182690.643,0.000,256,192,211.847,211.847,126.849,98.898,-0.160160881011,-0.720448056998,0.674761505542,0.195857612011,-0.213744874218,0.692679822399,0.688845260118,2.0624478678,-0.963670909045,-0.0339007493886,-0.264932289937,0.427447387233,0,0,0,1
42899163,182690.743,lowres_wide/42899163_182690.743.png,lowres_depth/42899163_182690.743.png,confidence/42899163_182690.743.png,lowres_wide_intrinsics/42899163_182690.743.pincam,182690.74333554,0.00033554,182690.743,0.000,256,192,211.847,211.847,126.848,98.9028,-0.177603948268,-0.711504081862,0.679866736246,0.219445788395,-0.211754725708,0.702297064686,0.679660775,2.10958116824,-0.961049828937,-0.0232545571282,-0.27539508324,0.415234223966,0,0,0,1
42899163,182690.843,lowres_wide/42899163_182690.843.png,lowres_depth/42899163_182690.843.png,confidence/42899163_182690.843.png,lowres_wide_intrinsics/42899163_182690.843.pincam,182690.84329396,0.00029396,182690.843,0.000,256,192,211.847,211.847,126.848,98.9106,-0.205649152484,-0.701249997137,0.682610333644,0.247581675928,-0.205709106025,0.712910887421,0.670404229025,2.1601884663,-0.956761302406,-0.00255109997638,-0.290863029806,0.409716194562,0,0,0,1
42899163,182690.943,lowres_wide/42899163_182690.943.png,lowres_depth/42899163_182690.943.png,confidence/42899163_182690.943.png,lowres_wide_intrinsics/42899163_182690.943.pincam,182690.94325263,0.00025263,182690.943,0.000,256,192,211.786,211.786,126.849,98.9204,-0.242033297256,-0.695509389095,0.676525367374,0.276613969525,-0.203117895971,0.718126511268,0.665610572445,2.2101752041,-0.948769204473,0.0236855123457,-0.31508093111,0.40920391374,0,0,0,1
42899163,182691.043,lowres_wide/42899163_182691.043.png,lowres_depth/42899163_182691.043.png,confidence/42899163_182691.043.png,lowres_wide_intrinsics/42899163_182691.043.pincam,182691.04321125,0.00021125,182691.043,0.000,256,192,211.786,211.786,126.849,98.9231,-0.229777949549,-0.694524152621,0.681790506921,0.292793368599,-0.188901860374,0.719038899709,0.668804267221,2.25370704348,-0.954734612889,0.0248849780291,-0.296416188525,0.41105253918,0,0,0,1
42899163,182691.143,lowres_wide/42899163_182691.143.png,lowres_depth/42899163_182691.143.png,confidence/42899163_182691.143.png,lowres_wide_intrinsics/42899163_182691.143.pincam,182691.14316983,0.00016983,182691.143,0.000,256,192,211.786,211.786,126.851,98.9226,-0.233684120503,-0.68306192564,0.69196686161,0.303545879116,-0.194013052802,0.730116927097,0.655200891413,2.29528456757,-0.952759501221,0.0188594408043,-0.303139661419,0.413295256252,0,0,0,1
42899163,182691.243,lowres_wide/42899163_182691.243.png,lowres_depth/42899163_182691.243.png,confidence/42899163_182691.243.png,lowres_wide_intrinsics/42899163_182691.243.pincam,182691.24312817,0.00012817,182691.243,0.000,256,192,213.775,213.775,126.85,98.9264,-0.23074923046,-0.669927749233,0.705656859564,0.31269174632,-0.190482041485,0.742297581583,0.642425787347,2.33847302666,-0.954186242048,0.0138242968604,-0.298893801043,0.413619990206,0,0,0,1
42899163,182691.343,lowres_wide/42899163_182691.343.png,lowres_depth/42899163_182691.343.png,confidence/42899163_182691.343.png,lowres_wide_intrinsics/42899163_182691.343.pincam,182691.34308692,0.00008692,182691.343,0.000,256,192,211.786,211.786,126.85,98.9221,-0.236505586942,-0.636874914169,0.73379523782,0.320315037222,-0.19417568594,0.770966540631,0.606552879985,2.38681478961,-0.952029889413,0.000967951249246,-0.306003517521,0.409390828445,0,0,0,1
42899163,182691.443,lowres_wide/42899163_182691.443.png,lowres_depth/42899163_182691.443.png,confidence/42899163_182691.443.png,lowres_wide_intrinsics/42899163_182691.443.pincam,182691.44304525,0.00004525,182691.443,0.000,256,192,209.195,209.195,126.85,98.9205,-0.246075683223,-0.595206974969,0.764967590865,0.325256262123,-0.187306839908,0.803561168081,0.564982828833,2.43815970918,-0.950979971319,-0.00425512646239,-0.30922320102,0.403200240091,0,0,0,1
42899163,182691.543,lowres_wide/42899163_182691.543.png,lowres_depth/42899163_182691.543.png,confidence/42899163_182691.543.png,lowres_wide_intrinsics/42899163_182691.543.pincam,182691.54300413,0.00000413,182691.543,0.000,256,192,211.907,211.907,126.85,98.9181,-0.244674040363,-0.537302110321,0.807118985167,0.32277141789,-0.16969911701,0.843301652598,0.509945617111,2.4930694476,-0.954639630258,-0.0121969246005,-0.297513716275,0.399594273146,0,0,0,1
42899163,182691.643,lowres_wide/42899163_182691.643.png,lowres_depth/42899163_182691.643.png,confidence/42899163_182691.643.png,lowres_wide_intrinsics/42899163_182691.643.pincam,182691.64296254,0.00003746,182691.643,0.000,256,192,211.967,211.967,126.849,98.9156,-0.248335849317,-0.476312917982,0.843478102921,0.315760846683,-0.155524057765,0.87906452137,0.450619390091,2.55219319552,-0.956107511423,-0.0192761882449,-0.292381352289,0.402129274582,0,0,0,1
42899163,182691.743,lowres_wide/42899163_182691.743.png,lowres_depth/42899163_182691.743.png,confidence/42899163_182691.743.png,lowres_wide_intrinsics/42899163_182691.743.pincam,182691.74292125,0.00007875,182691.743,0.000,256,192,211.967,211.967,126.849,98.9175,-0.251577008746,-0.423572373252,0.870227242327,0.307502941932,-0.131978804353,0.905761098133,0.4027138293,2.60862481155,-0.958796435054,-0.0135380104022,-0.283771243086,0.411517118367,0,0,0,1
42899163,182691.843,lowres_wide/42899163_182691.843.png,lowres_depth/42899163_182691.843.png,confidence/42899163_182691.843.png,lowres_wide_intrinsics/42899163_182691.843.pincam,182691.84287954,0.00012046,182691.843,0.000,256,192,212.027,212.027,126.848,98.9244,-0.253171763296,-0.372034036825,0.893025606415,0.299887638383,-0.0955146126189,0.928201302494,0.359609928707,2.65610444063,-0.962694664494,0.00574608489391,-0.270529047354,0.420948766025,0,0,0,1
42899163,182691.943,lowres_wide/42899163_182691.943.png,lowres_depth/42899163_182691.943.png,confidence/42899163_182691.943.png,lowres_wide_intrinsics/42899163_182691.943.pincam,182691.94283842,0.00016158,182691.943,0.000,256,192,211.967,211.967,126.848,98.9266,-0.253271999618,-0.324945479656,0.911188086764,0.300319166894,-0.0766108805086,0.945677587631,0.315950428453,2.69583646153,-0.96435681529,0.0102144751584,-0.264408012927,0.426378652105,0,0,0,1
42899163,182692.043,lowres_wide/42899163_182692.043.png,lowres_depth/42899163_182692.043.png,confidence/42899163_182692.043.png,lowres_wide_intrinsics/42899163_182692.043.pincam,182692.04279696,0.00020304,182692.043,0.000,256,192,212.027,212.027,126.848,98.9236,-0.259239920831,-0.287756993748,0.921949334832,0.308854855565,-0.0767115306248,0.957702736706,0.277346009843,2.73037773497,-0.962761655093,0.00117501300101,-0.270349061082,0.429710753719,0,0,0,1
42899163,182692.143,lowres_wide/42899163_182692.143.png,lowres_depth/42899163_182692.143.png,confidence/42899163_182692.143.png,lowres_wide_intrinsics/42899163_182692.143.pincam,182692.14275558,0.00024442,182692.143,0.000,256,192,211.967,211.967,126.848,98.922,-0.25330197646,-0.236395645109,0.938059277282,0.320997293346,-0.0652905458253,0.971649882405,0.227230391119,2.75760597501,-0.965181461357,-0.00368849504789,-0.261555236341,0.429757686492,0,0,0,1
42899163,182692.243,lowres_wide/42899163_182692.243.png,lowres_depth/42899163_182692.243.png,confidence/42899163_182692.243.png,lowres_wide_intrinsics/42899163_182692.243.pincam,182692.24271396,0.00028604,182692.243,0.000,256,192,212.027,212.027,126.848,98.9226,-0.248990062049,-0.201598806006,0.947291861264,0.342264687078,-0.053217182259,0.979466153162,0.194458186564,2.77877893339,-0.967042853504,-0.00199404769495,-0.254605858653,0.426148342732,0,0,0,1
42899163,182692.343,lowres_wide/42899163_182692.343.png,lowres_depth/42899163_182692.343.png,confidence/42899163_182692.343.png,lowres_wide_intrinsics/42899163_182692.343.pincam,182692.34267258,0.00032742,182692.343,0.000,256,192,212.027,212.027,126.848,98.9289,-0.232621051836,-0.166484458553,0.958212070109,0.368563062962,-0.0231373082422,0.985908182652,0.165679571301,2.79289354563,-0.972292194358,0.0163701081164,-0.233195000697,0.421098139169,0,0,0,1
42899163,182692.443,lowres_wide/42899163_182692.443.png,lowres_depth/42899163_182692.443.png,confidence/42899163_182692.443.png,lowres_wide_intrinsics/42899163_182692.443.pincam,182692.44263137,0.00036863,182692.443,0.000,256,192,212.027,212.027,126.848,98.935,-0.222047076726,-0.132493029391,0.965992077028,0.402765315367,0.0030598933973,0.990625010671,0.136574980453,2.80477015054,-0.975031144513,0.0332819079419,-0.219559973205,0.419090650673,0,0,0,1
42899163,182692.543,lowres_wide/42899163_182692.543.png,lowres_depth/42899163_182692.543.png,confidence/42899163_182692.543.png,lowres_wide_intrinsics/42899163_182692.543.pincam,182692.54259012,0.00040988,182692.543,0.000,256,192,212.027,212.027,126.849,98.9429,-0.226013103794,-0.0877766962609,0.970161496096,0.437741330012,0.0340928991592,0.994609060181,0.0979310555123,2.81429847198,-0.97352747837,0.0552093198687,-0.221802118698,0.420884182993,0,0,0,1
42899163,182692.643,lowres_wide/42899163_182692.643.png,lowres_depth/42899163_182692.643.png,confidence/42899163_182692.643.png,lowres_wide_intrinsics/42899163_182692.643.pincam,182692.64254846,0.00045154,182692.643,0.000,256,192,212.027,212.027,126.849,98.945,-0.205353333439,-0.0415480562535,0.977805587766,0.465706920626,0.0497369927866,0.997364422304,0.0528246218198,2.82214760213,-0.977423265527,0.0594808216437,-0.202745633399,0.426853627378,0,0,0,1
42899163,182692.743,lowres_wide/42899163_182692.743.png,lowres_depth/42899163_182692.743.png,confidence/42899163_182692.743.png,lowres_wide_intrinsics/42899163_182692.743.pincam,182692.74250737,0.00049263,182692.743,0.000,256,192,212.027,212.027,126.849,98.9399,-0.20280993621,0.0240410238487,0.978922958637,0.4903772606,0.0490478719747,0.998693122828,-0.0143649806892,2.83132099225,-0.977988975413,0.0451007271311,-0.203724049594,0.431479187613,0,0,0,1
42899163,182692.842,lowres_wide/42899163_182692.842.png,lowres_depth/42899163_182692.842.png,confidence/42899163_182692.842.png,lowres_wide_intrinsics/42899163_182692.842.pincam,182692.84246558,0.00046558,182692.842,0.000,256,192,212.027,212.027,126.849,98.9394,-0.203936249934,0.08930700634,0.974902182058,0.510726508053,0.0609044222351,0.995058810734,-0.0784131017969,2.841145805,-0.97708784524,0.0433845802078,-0.208367753948,0.432904469138,0,0,0,1
42899163,182692.942,lowres_wide/42899163_182692.942.png,lowres_depth/42899163_182692.942.png,confidence/42899163_182692.942.png,lowres_wide_intrinsics/42899163_182692.942.pincam,182692.94242404,0.00042404,182692.942,0.000,256,192,212.027,212.027,126.848,98.937,-0.199888017426,0.171255264094,0.964736448472,0.527219557923,0.0696705384754,0.984599021515,-0.160345822833,2.85905322127,-0.977338629421,0.0351624992231,-0.208740992837,0.433412629485,0,0,0,1
42899163,182693.042,lowres_wide/42899163_182693.042.png,lowres_depth/42899163_182693.042.png,confidence/42899163_182693.042.png,lowres_wide_intrinsics/42899163_182693.042.pincam,182693.04238292,0.00038292,182693.042,0.000,256,192,212.088,212.088,126.848,98.9328,-0.197721767015,0.249626731935,0.947941241614,0.54318558968,0.0741862630504,0.968069448588,-0.239453421535,2.88499147365,-0.977446930131,0.022979064683,-0.209927276368,0.433187837315,0,0,0,1
42899163,182693.142,lowres_wide/42899163_182693.142.png,lowres_depth/42899163_182693.142.png,confidence/42899163_182693.142.png,lowres_wide_intrinsics/42899163_182693.142.pincam,182693.14234163,0.00034163,182693.142,0.000,256,192,212.027,212.027,126.848,98.9323,-0.18805286303,0.320309829242,0.928459872045,0.559112703096,0.0858649790164,0.947067684154,-0.309338014169,2.91839434254,-0.978398347344,0.0215502882224,-0.205602186255,0.432186057508,0,0,0,1
42899163,182693.242,lowres_wide/42899163_182693.242.png,lowres_depth/42899163_182693.242.png,confidence/42899163_182693.242.png,lowres_wide_intrinsics/42899163_182693.242.pincam,182693.24230017,0.00030017,182693.242,0.000,256,192,212.027,212.027,126.848,98.9336,-0.197649017116,0.389879813516,0.899404579178,0.576717849891,0.109247104106,0.920549513079,-0.375038217006,2.95633594784,-0.97416627753,0.0241314107231,-0.224538947043,0.431211215756,0,0,0,1
42899163,182693.342,lowres_wide/42899163_182693.342.png,lowres_depth/42899163_182693.342.png,confidence/42899163_182693.342.png,lowres_wide_intrinsics/42899163_182693.342.pincam,182693.34225812,0.00025812,182693.342,0.000,256,192,212.027,212.027,126.848,98.9349,-0.195763216968,0.455124098814,0.868641938638,0.590712272956,0.130199897355,0.890001593735,-0.436972710679,2.99437253145,-0.971969520927,0.0275539076794,-0.233486686046,0.432471648886,0,0,0,1
42899163,182693.442,lowres_wide/42899163_182693.442.png,lowres_depth/42899163_182693.442.png,confidence/42899163_182693.442.png,lowres_wide_intrinsics/42899163_182693.442.pincam,182693.44221729,0.00021729,182693.442,0.000,256,192,212.027,212.027,126.848,98.934,-0.188256222618,0.508357044651,0.84031702934,0.602940765491,0.138246161088,0.860812852771,-0.489784882829,3.02873191778,-0.972341294809,0.0239655514661,-0.232331785929,0.435602408213,0,0,0,1
42899163,182693.542,lowres_wide/42899163_182693.542.png,lowres_depth/42899163_182693.542.png,confidence/42899163_182693.542.png,lowres_wide_intrinsics/42899163_182693.542.pincam,182693.54217546,0.00017546,182693.542,0.000,256,192,212.027,212.027,126.848,98.9293,-0.193836314601,0.559183275921,0.806065473192,0.609523221404,0.143022870401,0.828977806652,-0.540684986495,3.05480528164,-0.970552389974,0.0104814125646,-0.24066200013,0.436871094622,0,0,0,1
42899163,182693.642,lowres_wide/42899163_182693.642.png,lowres_depth/42899163_182693.642.png,confidence/42899163_182693.642.png,lowres_wide_intrinsics/42899163_182693.642.pincam,182693.64213446,0.00013446,182693.642,0.000,256,192,212.027,212.027,126.848,98.9259,-0.19387927965,0.596779570403,0.778630187748,0.60494053667,0.145474347066,0.802404527523,-0.578778185972,3.07343821044,-0.970179385097,0.00105762039546,-0.242385730131,0.437880445572,0,0,0,1
42899163,182693.742,lowres_wide/42899163_182693.742.png,lowres_depth/42899163_182693.742.png,confidence/42899163_182693.742.png,lowres_wide_intrinsics/42899163_182693.742.pincam,182693.74209296,0.00009296,182693.742,0.000,256,192,211.967,211.967,126.847,98.9216,-0.182083978107,0.62914044464,0.755663765067,0.585982755157,0.133933779132,0.777217461353,-0.614812784981,3.08894012171,-0.974118662035,-0.0107386538715,-0.225782004572,0.441736073461,0,0,0,1
42899163,182693.842,lowres_wide/42899163_182693.842.png,lowres_depth/42899163_182693.842.png,confidence/42899163_182693.842.png,lowres_wide_intrinsics/42899163_182693.842.pincam,182693.84205179,0.00005179,182693.842,0.000,256,192,212.027,212.027,126.847,98.9205,-0.169396236304,0.652871957821,0.738283903263,0.55542530325,0.128967156446,0.757352852775,-0.640143834581,3.09672910447,-0.977073378864,-0.0132235806169,-0.212491762738,0.446038547767,0,0,0,1
42899163,182693.942,lowres_wide/42899163_182693.942.png,lowres_depth/42899163_182693.942.png,confidence/42899163_182693.942.png,lowres_wide_intrinsics/42899163_182693.942.pincam,182693.94201021,0.00001021,182693.942,0.000,256,192,212.088,212.088,126.847,98.9223,-0.154717200193,0.673279861988,0.723019235848,0.516304642503,0.130666202965,0.739347432319,-0.660523820711,3.09968161174,-0.979279802389,-0.00772021798241,-0.202364687797,0.449360251072,0,0,0,1
42899163,182694.042,lowres_wide/42899163_182694.042.png,lowres_depth/42899163_182694.042.png,confidence/42899163_182694.042.png,lowres_wide_intrinsics/42899163_182694.042.pincam,182694.04196879,0.00003121,182694.042,0.000,256,192,212.027,212.027,126.847,98.9178,-0.141216310228,0.685258705307,0.714477753696,0.471974361235,0.127367223015,0.728288285138,-0.673330352971,3.10032263298,-0.981751263929,-0.00408418061692,-0.190125682751,0.451300673272,0,0,0,1
42899163,182694.142,lowres_wide/42899163_182694.142.png,lowres_depth/42899163_182694.142.png,confidence/42899163_182694.142.png,lowres_wide_intrinsics/42899163_182694.142.pincam,182694.14192737,0.00007263,182694.142,0.000,256,192,212.027,212.027,126.847,98.9157,-0.143803208564,0.701390469893,0.698120366376,0.427988966664,0.132318162649,0.712745931187,-0.688828818655,3.09940560177,-0.980720419406,-0.00668179008754,-0.195301850071,0.451393138281,0,0,0,1
42899163,182694.242,lowres_wide/42899163_182694.242.png,lowres_depth/42899163_182694.242.png,confidence/42899163_182694.242.png,lowres_wide_intrinsics/42899163_182694.242.pincam,182694.24188588,0.00011412,182694.242,0.000,256,192,212.027,212.027,126.847,98.9169,-0.144197185358,0.71820825301,0.680723201487,0.38489746655,0.141074126728,0.695806345718,-0.704238326156,3.09861931536,-0.979441301203,-0.00551675325937,-0.201653918709,0.446914972967,0,0,0,1
42899163,182694.342,lowres_wide/42899163_182694.342.png,lowres_depth/42899163_182694.342.png,confidence/42899163_182694.342.png,lowres_wide_intrinsics/42899163_182694.342.pincam,182694.34184479,0.00015521,182694.342,0.000,256,192,212.027,212.027,126.847,98.9229,-0.154775211793,0.723486310433,0.672764589163,0.349824492275,0.171773136514,0.690305413348,-0.702831719457,3.09533817382,-0.972902165373,0.00678195538269,-0.231117679321,0.439116904056,0,0,0,1
42899163,182694.442,lowres_wide/42899163_182694.442.png,lowres_depth/42899163_182694.442.png,confidence/42899163_182694.442.png,lowres_wide_intrinsics/42899163_182694.442.pincam,182694.44180321,0.00019679,182694.442,0.000,256,192,212.027,212.027,126.848,98.9312,-0.14541095808,0.716271015412,0.682503835704,0.319457814876,0.190371121642,0.697201328594,-0.691136125124,3.09614753823,-0.970883355154,0.0294302546096,-0.237738029769,0.433005067459,0,0,0,1
42899163,182694.542,lowres_wide/42899163_182694.542.png,lowres_depth/42899163_182694.542.png,confidence/42899163_182694.542.png,lowres_wide_intrinsics/42899163_182694.542.pincam,182694.54176158,0.00023842,182694.542,0.000,256,192,212.027,212.027,126.848,98.9374,-0.128207848332,0.718884569827,0.683204012642,0.298393745417,0.197825002275,0.693582640104,-0.69268202649,3.10171364408,-0.971816863458,0.0463475631605,-0.231136079589,0.432916019942,0,0,0,1
42899163,182694.642,lowres_wide/42899163_182694.642.png,lowres_depth/42899163_182694.642.png,confidence/42899163_182694.642.png,lowres_wide_intrinsics/42899163_182694.642.pincam,182694.64172054,0.00027946,182694.642,0.000,256,192,214.016,214.016,126.85,98.9466,-0.119848055764,0.721390834507,0.682078959813,0.285234434336,0.224630778769,0.688917828422,-0.689154002319,3.1108451785,-0.967045736643,0.0706221606246,-0.244612047269,0.435101222971,0,0,0,1
42899163,182694.742,lowres_wide/42899163_182694.742.png,lowres_depth/42899163_182694.742.png,confidence/42899163_182694.742.png,lowres_wide_intrinsics/42899163_182694.742.pincam,182694.74167896,0.00032104,182694.742,0.000,256,192,212.088,212.088,126.85,98.9478,-0.0955606188333,0.734239078372,0.672131790588,0.270602501781,0.208303708324,0.675022471275,-0.707781200917,3.13472902659,-0.973384678956,0.0723715349035,-0.217450287903,0.436919490819,0,0,0,1
42899163,182694.842,lowres_wide/42899163_182694.842.png,lowres_depth/42899163_182694.842.png,confidence/42899163_182694.842.png,lowres_wide_intrinsics/42899163_182694.842.pincam,182694.84163742,0.00036258,182694.842,0.000,256,192,213.052,213.052,126.849,98.9443,-0.0937229310812,0.770895176433,0.630029078013,0.260030474339,0.209187775915,0.633936196628,-0.744557165712,3.16190745763,-0.973373765106,0.0620123016634,-0.220676205888,0.434690748461,0,0,0,1
42899163,182694.942,lowres_wide/42899163_182694.942.png,lowres_depth/42899163_182694.942.png,confidence/42899163_182694.942.png,lowres_wide_intrinsics/42899163_182694.942.pincam,182694.94159612,0.00040388,182694.942,0.000,256,192,214.016,214.016,126.849,98.9446,-0.086489469132,0.79342252876,0.60249503117,0.244549263329,0.212505692892,0.60553565299,-0.766921054247,3.19724683857,-0.973324664343,0.061703029215,-0.220979261398,0.430645841179,0,0,0,1
42899163,182695.042,lowres_wide/42899163_182695.042.png,lowres_depth/42899163_182695.042.png,confidence/42899163_182695.042.png,lowres_wide_intrinsics/42899163_182695.042.pincam,182695.04155496,0.00044504,182695.042,0.000,256,192,212.088,212.088,126.849,98.942,-0.0812200037097,0.828870151146,0.553513851259,0.228889472462,0.214076912462,0.556894881812,-0.80252050825,3.24110957979,-0.97343432575,0.0533138176256,-0.222672967156,0.427337846003,0,0,0,1
42899163,182695.142,lowres_wide/42899163_182695.142.png,lowres_depth/42899163_182695.142.png,confidence/42899163_182695.142.png,lowres_wide_intrinsics/42899163_182695.142.pincam,182695.14151329,0.00048671,182695.142,0.000,256,192,212.027,212.027,126.848,98.9357,-0.0905752384514,0.854537051431,0.511431866344,0.214624963521,0.213371023129,0.518268988756,-0.828172724607,3.28230984834,-0.972763554348,0.0341127985723,-0.229275782204,0.42493173338,0,0,0,1
42899163,182695.241,lowres_wide/42899163_182695.241.png,lowres_depth/42899163_182695.241.png,confidence/42899163_182695.241.png,lowres_wide_intrinsics/42899163_182695.241.pincam,182695.24147217,0.00047217,182695.241,0.000,256,192,212.027,212.027,126.848,98.927,-0.111936220137,0.873099372104,0.474518460182,0.202312625774,0.219874723672,0.487444857044,-0.845016341399,3.31544088139,-0.969084820081,0.00974668009941,-0.246535218002,0.425413264647,0,0,0,1
42899163,182695.341,lowres_wide/42899163_182695.341.png,lowres_depth/42899163_182695.341.png,confidence/42899163_182695.341.png,lowres_wide_intrinsics/42899163_182695.341.pincam,182695.34143079,0.00043079,182695.341,0.000,256,192,211.967,211.967,126.848,98.921,-0.128513117101,0.886292173411,0.444938829597,0.189010822021,0.230398971353,0.463066202121,-0.855853963275,3.33875009623,-0.964572803231,-0.00747501194973,-0.26371088613,0.429583144458,0,0,0,1
42899163,182695.441,lowres_wide/42899163_182695.441.png,lowres_depth/42899163_182695.441.png,confidence/42899163_182695.441.png,lowres_wide_intrinsics/42899163_182695.441.pincam,182695.44138921,0.00038921,182695.441,0.000,256,192,212.027,212.027,126.848,98.913,-0.132389112644,0.889375401518,0.437589440032,0.171694082963,0.233799010286,0.457037863137,-0.858169222501,3.35658620988,-0.963229539436,-0.0113042838742,-0.268441925793,0.435895172783,0,0,0,1
42899163,182695.541,lowres_wide/42899163_182695.541.png,lowres_depth/42899163_182695.541.png,confidence/42899163_182695.541.png,lowres_wide_intrinsics/42899163_182695.541.pincam,182695.54134758,0.00034758,182695.541,0.000,256,192,212.027,212.027,126.848,98.9098,-0.12744496665,0.883381748152,0.450992757712,0.150728653468,0.225573127815,0.468600001673,-0.854125753294,3.37237332751,-0.965854308104,-0.007122181164,-0.258987895571,0.441590608289,0,0,0,1
42899163,182695.641,lowres_wide/42899163_182695.641.png,lowres_depth/42899163_182695.641.png,confidence/42899163_182695.641.png,lowres_wide_intrinsics/42899163_182695.641.pincam,182695.64130625,0.00030625,182695.641,0.000,256,192,213.956,213.956,126.848,98.9092,-0.126323138704,0.872024067661,0.472881052748,0.126935144473,0.221702763421,0.489460050342,-0.843372245103,3.38346512967,-0.966897279611,-0.00169839293347,-0.255160275399,0.442485186738,0,0,0,1
42899163,182695.741,lowres_wide/42899163_182695.741.png,lowres_depth/42899163_182695.741.png,confidence/42899163_182695.741.png,lowres_wide_intrinsics/42899163_182695.741.pincam,182695.74126508,0.00026508,182695.741,0.000,256,192,212.027,212.027,126.849,98.9039,-0.141486124081,0.86322243836,0.484591269634,0.100341164417,0.231327051119,0.504793019251,-0.831668084717,3.38819369471,-0.962532842096,-0.00557042442597,-0.271107908882,0.438614616678,0,0,0,1
42899163,182695.841,lowres_wide/42899163_182695.841.png,lowres_depth/42899163_182695.841.png,confidence/42899163_182695.841.png,lowres_wide_intrinsics/42899163_182695.841.pincam,182695.84122375,0.00022375,182695.841,0.000,256,192,209.376,209.376,126.85,98.9015,-0.156592067478,0.856827554367,0.491248884458,0.0690390931908,0.244134169094,0.515529894181,-0.821357069542,3.39025218488,-0.957014854578,-0.0086873634318,-0.289908775019,0.432921624836,0,0,0,1
42899163,182695.941,lowres_wide/42899163_182695.941.png,lowres_depth/42899163_182695.941.png,confidence/42899163_182695.941.png,lowres_wide_intrinsics/42899163_182695.941.pincam,182695.94118213,0.00018213,182695.941,0.000,256,192,211.485,211.485,126.851,98.9066,-0.162418023736,0.850985322337,0.499444057661,0.0351663303042,0.250093623609,0.525139989566,-0.813437871499,3.39408489512,-0.954501736507,-0.00720919735082,-0.298118202191,0.429414980309,0,0,0,1
42899163,182696.041,lowres_wide/42899163_182696.041.png,lowres_depth/42899163_182696.041.png,confidence/42899163_182696.041.png,lowres_wide_intrinsics/42899163_182696.041.pincam,182696.04114071,0.00014071,182696.041,0.000,256,192,212.027,212.027,126.85,98.9201,-0.153724253202,0.849621231026,0.504492435787,0.00419872837643,0.250697940512,0.527390682558,-0.811794069068,3.40231625525,-0.955782086357,0.00168277763414,-0.294071031655,0.429515511575,0,0,0,1
42899163,182696.141,lowres_wide/42899163_182696.141.png,lowres_depth/42899163_182696.141.png,confidence/42899163_182696.141.png,lowres_wide_intrinsics/42899163_182696.141.pincam,182696.14109938,0.00009938,182696.141,0.000,256,192,211.967,211.967,126.85,98.9333,-0.155634078397,0.843940516204,0.513363846362,-0.0151609546471,0.25123369833,0.53642480718,-0.805686077244,3.41153620877,-0.955332226226,0.00358208760146,-0.295512277551,0.433348115509,0,0,0,1
42899163,182696.241,lowres_wide/42899163_182696.241.png,lowres_depth/42899163_182696.241.png,confidence/42899163_182696.241.png,lowres_wide_intrinsics/42899163_182696.241.pincam,182696.24105792,0.00005792,182696.241,0.000,256,192,211.967,211.967,126.85,98.9387,-0.148677907708,0.835315432502,0.529285374807,-0.0284655382765,0.248635836986,0.549616787618,-0.797559782922,3.42269041514,-0.957118122452,0.0130197923723,-0.289405225732,0.438531757931,0,0,0,1
42899163,182696.341,lowres_wide/42899163_182696.341.png,lowres_depth/42899163_182696.341.png,confidence/42899163_182696.341.png,lowres_wide_intrinsics/42899163_182696.341.pincam,182696.34101637,0.00001637,182696.341,0.000,256,192,212.027,212.027,126.85,98.9438,-0.137679235878,0.832231072157,0.537062259467,-0.0375818064591,0.244818152961,0.553995055185,-0.795709463819,3.43751499376,-0.959743976271,0.0219299194283,-0.2800188898,0.442338078114,0,0,0,1
42899163,182696.441,lowres_wide/42899163_182696.441.png,lowres_depth/42899163_182696.441.png,confidence/42899163_182696.441.png,lowres_wide_intrinsics/42899163_182696.441.pincam,182696.44097517,0.00002483,182696.441,0.000,256,192,212.027,212.027,126.851,98.9483,-0.131199303862,0.831149668317,0.540348934969,-0.0416868038733,0.241063096826,0.555447846428,-0.795843121002,3.45630386253,-0.961600398302,0.0258441241712,-0.273233883753,0.443096314304,0,0,0,1
42899163,182696.541,lowres_wide/42899163_182696.541.png,lowres_depth/42899163_182696.541.png,confidence/42899163_182696.541.png,lowres_wide_intrinsics/42899163_182696.541.pincam,182696.54093367,0.00006633,182696.541,0.000,256,192,212.027,212.027,126.85,98.9454,-0.129125850724,0.835331581585,0.534366600268,-0.0420677045519,0.23110574601,0.549389365409,-0.802970397547,3.47988613215,-0.964321859565,0.0198109561083,-0.263990297515,0.443595366523,0,0,0,1
42899163,182696.641,lowres_wide/42899163_182696.641.png,lowres_depth/42899163_182696.641.png,confidence/42899163_182696.641.png,lowres_wide_intrinsics/42899163_182696.641.pincam,182696.64089200,0.00010800,182696.641,0.000,256,192,212.027,212.027,126.85,98.9407,-0.13122899668,0.8514470357,0.507756728983,-0.0407960547326,0.233752855471,0.524320178955,-0.818808862006,3.50250104028,-0.963399477366,0.0112381198506,-0.267834186901,0.442574710496,0,0,0,1
42899163,182696.741,lowres_wide/42899163_182696.741.png,lowres_depth/42899163_182696.741.png,confidence/42899163_182696.741.png,lowres_wide_intrinsics/42899163_182696.741.pincam,182696.74085092,0.00014908,182696.741,0.000,256,192,211.967,211.967,126.85,98.9376,-0.137676278458,0.867613384692,0.477799389967,-0.0403792942207,0.243483011763,0.497236534786,-0.832749573075,3.52086224659,-0.960083988687,0.00168617237963,-0.279706795573,0.440211918685,0,0,0,1
42899163,182696.841,lowres_wide/42899163_182696.841.png,lowres_depth/42899163_182696.841.png,confidence/42899163_182696.841.png,lowres_wide_intrinsics/42899163_182696.841.pincam,182696.84080954,0.00019046,182696.841,0.000,256,192,211.967,211.967,126.85,98.9332,-0.143332167164,0.882491654214,0.447955768016,-0.0452258937705,0.246657173024,0.470200177265,-0.847391310019,3.53887791297,-0.958444640473,-0.0109669295221,-0.285067707054,0.439461946231,0,0,0,1
42899163,182696.941,lowres_wide/42899163_182696.941.png,lowres_depth/42899163_182696.941.png,confidence/42899163_182696.941.png,lowres_wide_intrinsics/42899163_182696.941.pincam,182696.94076829,0.00023171,182696.941,0.000,256,192,211.967,211.967,126.849,98.9257,-0.142805757695,0.892437419133,0.427974261492,-0.0548357740045,0.23897177045,0.450702841001,-0.860092693866,3.55576191065,-0.960468119459,-0.0205524218599,-0.277630310771,0.441042836051,0,0,0,1
42899163,182697.041,lowres_wide/42899163_182697.041.png,lowres_depth/42899163_182697.041.png,confidence/42899163_182697.041.png,lowres_wide_intrinsics/42899163_182697.041.pincam,182697.04072663,0.00027337,182697.041,0.000,256,192,212.027,212.027,126.849,98.9193,-0.141563889726,0.893200071134,0.426794210425,-0.0651759462275,0.230227068404,0.449020667254,-0.863351572277,3.57193398896,-0.962785106916,-0.0239598268944,-0.269203946099,0.444787157798,0,0,0,1
42899163,182697.141,lowres_wide/42899163_182697.141.png,lowres_depth/42899163_182697.141.png,confidence/42899163_182697.141.png,lowres_wide_intrinsics/42899163_182697.141.pincam,182697.14068533,0.00031467,182697.141,0.000,256,192,211.967,211.967,126.848,98.9136,-0.136452879487,0.888430160471,0.438260723365,-0.076457588442,0.218789729405,0.458501170857,-0.861340658874,3.58699812687,-0.966184074588,-0.0216454680485,-0.256943199416,0.450700046822,0,0,0,1
42899163,182697.241,lowres_wide/42899163_182697.241.png,lowres_depth/42899163_182697.241.png,confidence/42899163_182697.241.png,lowres_wide_intrinsics/42899163_182697.241.pincam,182697.24064379,0.00035621,182697.241,0.000,256,192,212.027,212.027,126.848,98.905,-0.124987127112,0.883868563486,0.450726724898,-0.0942205489943,0.20478489076,0.467488933541,-0.859951885592,3.59726651989,-0.970794193726,-0.0151808925138,-0.239433025979,0.457397860341,0,0,0,1
42899163,182697.341,lowres_wide/42899163_182697.341.png,lowres_depth/42899163_182697.341.png,confidence/42899163_182697.341.png,lowres_wide_intrinsics/42899163_182697.341.pincam,182697.34060233,0.00039767,182697.341,0.000,256,192,212.027,212.027,126.848,98.9072,-0.115253241022,0.871103069695,0.477384679688,-0.117140180223,0.188122116605,0.491031333037,-0.850587032126,3.60117636902,-0.975359810366,-0.00822629584597,-0.220466705828,0.465490479929,0,0,0,1
42899163,182697.441,lowres_wide/42899163_182697.441.png,lowres_depth/42899163_182697.441.png,confidence/42899163_182697.441.png,lowres_wide_intrinsics/42899163_182697.441.pincam,182697.44056117,0.00043883,182697.441,0.000,256,192,212.027,212.027,126.848,98.9091,-0.110888060493,0.862977987265,0.492922743984,-0.141434264347,0.178521211128,0.505210162819,-0.844329833988,3.60305761895,-0.977667640468,-0.00562893245879,-0.210081650559,0.473743388844,0,0,0,1
42899163,182697.541,lowres_wide/42899163_182697.541.png,lowres_depth/42899163_182697.541.png,confidence/42899163_182697.541.png,lowres_wide_intrinsics/42899163_182697.541.pincam,182697.54051979,0.00048021,182697.541,0.000,256,192,212.027,212.027,126.847,98.9159,-0.097194944583,0.85158438171,0.515128317581,-0.165174984933,0.169335074646,0.524181939027,-0.834601058766,3.60683554105,-0.980754186961,0.00611028845401,-0.195150939359,0.47991020109,0,0,0,1
42899163,182697.640,lowres_wide/42899163_182697.640.png,lowres_depth/42899163_182697.640.png,confidence/42899163_182697.640.png,lowres_wide_intrinsics/42899163_182697.640.pincam,182697.64047829,0.00047829,182697.640,0.000,256,192,212.088,212.088,126.848,98.9185,-0.0927000898107,0.841865208434,0.531666873312,-0.18337470669,0.153837037664,0.5396641089,-0.827705754123,3.614220343,-0.983738206634,0.00506165907018,-0.17953696114,0.48438364963,0,0,0,1
42899163,182697.740,lowres_wide/42899163_182697.740.png,lowres_depth/42899163_182697.740.png,confidence/42899163_182697.740.png,lowres_wide_intrinsics/42899163_182697.740.pincam,182697.74043662,0.00043662,182697.740,0.000,256,192,212.027,212.027,126.848,98.9168,-0.0878218244353,0.842749519599,0.531093752899,-0.202636366478,0.147388119829,0.538278776765,-0.829778705811,3.62180616258,-0.985172101354,0.00540422987061,-0.17148389141,0.486713129034,0,0,0,1
42899163,182697.840,lowres_wide/42899163_182697.840.png,lowres_depth/42899163_182697.840.png,confidence/42899163_182697.840.png,lowres_wide_intrinsics/42899163_182697.840.pincam,182697.84039513,0.00039513,182697.840,0.000,256,192,212.088,212.088,126.848,98.9157,-0.0767059528631,0.851099029262,0.519371388492,-0.223811326369,0.126533059619,0.525003904464,-0.841641423126,3.63314331819,-0.988992205034,0.0011587435344,-0.14796308896,0.49292623203,0,0,0,1
42899163,182697.940,lowres_wide/42899163_182697.940.png,lowres_depth/42899163_182697.940.png,confidence/42899163_182697.940.png,lowres_wide_intrinsics/42899163_182697.940.pincam,182697.94035417,0.00035417,182697.940,0.000,256,192,212.088,212.088,126.85,98.9122,-0.0645315073639,0.856495142299,0.512105219439,-0.242707493154,0.0909312165571,0.51608681186,-0.851695906107,3.64779302191,-0.993764156333,-0.00839487002794,-0.111186005164,0.505080138394,0,0,0,1
42899163,182698.040,lowres_wide/42899163_182698.040.png,lowres_depth/42899163_182698.040.png,confidence/42899163_182698.040.png,lowres_wide_intrinsics/42899163_182698.040.pincam,182698.04031279,0.00031279,182698.040,0.000,256,192,212.148,212.148,126.854,98.9123,-0.0381212866132,0.870321737843,0.491005947159,-0.25965099257,0.052889394983,0.492431691158,-0.868742620942,3.66451814923,-0.997872476525,-0.00714857896779,-0.0648029197912,0.519679007012,0,0,0,1
42899163,182698.140,lowres_wide/42899163_182698.140.png,lowres_depth/42899163_182698.140.png,confidence/42899163_182698.140.png,lowres_wide_intrinsics/42899163_182698.140.pincam,182698.14027133,0.00027133,182698.140,0.000,256,192,212.148,212.148,126.858,98.9158,-0.0109275962966,0.879467750479,0.475833020614,-0.271978226576,0.0268657169267,0.475947874299,-0.879063054737,3.67748052005,-0.999579321962,0.00317754905479,-0.0288284978591,0.534072891653,0,0,0,1
42899163,182698.240,lowres_wide/42899163_182698.240.png,lowres_depth/42899163_182698.240.png,confidence/42899163_182698.240.png,lowres_wide_intrinsics/42899163_182698.240.pincam,182698.24022987,0.00022987,182698.240,0.000,256,192,212.148,212.148,126.862,98.9157,0.00433293644358,0.882983230597,0.469384533349,-0.278291404023,-0.00321433458927,0.469398812686,-0.882980420339,3.69021749475,-0.999985446752,0.00231713910105,0.00487207876191,0.545039519394,0,0,0,1
42899163,182698.340,lowres_wide/42899163_182698.340.png,lowres_depth/42899163_182698.340.png,confidence/42899163_182698.340.png,lowres_wide_intrinsics/42899163_182698.340.pincam,182698.34018858,0.00018858,182698.340,0.000,256,192,212.208,212.208,126.867,98.9148,0.0153529959285,0.891270433227,0.453212202363,-0.283796536793,-0.0302686255474,0.453472174518,-0.890756306318,3.70126973609,-0.999423881956,-4.23325026703e-05,0.0339396874539,0.552138622258,0,0,0,1
42899163,182698.440,lowres_wide/42899163_182698.440.png,lowres_depth/42899163_182698.440.png,confidence/42899163_182698.440.png,lowres_wide_intrinsics/42899163_182698.440.pincam,182698.44014671,0.00014671,182698.440,0.000,256,192,212.208,212.208,126.871,98.9161,0.0285898301567,0.898848791668,0.437325360949,-0.289446533346,-0.0500792581524,0.438242777822,-0.897460492495,3.71024628585,-0.998335960243,0.0037573134052,0.0575429672633,0.558917452075,0,0,0,1
42899163,182698.540,lowres_wide/42899163_182698.540.png,lowres_depth/42899163_182698.540.png,confidence/42899163_182698.540.png,lowres_wide_intrinsics/42899163_182698.540.pincam,182698.54010571,0.00010571,182698.540,0.000,256,192,212.208,212.208,126.875,98.9144,0.0337333826382,0.904412746154,0.425322987259,-0.292630257565,-0.0742151649184,0.426657052479,-0.901363338985,3.71784436934,-0.996671544789,-0.00115938123299,0.0815137267166,0.565806419865,0,0,0,1
42899163,182698.640,lowres_wide/42899163_182698.640.png,lowres_depth/42899163_182698.640.png,confidence/42899163_182698.640.png,lowres_wide_intrinsics/42899163_182698.640.pincam,182698.64006417,0.00006417,182698.640,0.000,256,192,212.208,212.208,126.88,98.914,0.0411065834459,0.910341122381,0.411812201979,-0.294454660561,-0.0961234136613,0.413851918555,-0.905255145721,3.72483854952,-0.994520255271,-0.00237284845416,0.104517134704,0.572052479768,0,0,0,1
42899163,182698.740,lowres_wide/42899163_182698.740.png,lowres_depth/42899163_182698.740.png,confidence/42899163_182698.740.png,lowres_wide_intrinsics/42899163_182698.740.pincam,182698.74002300,0.00002300,182698.740,0.000,256,192,212.208,212.208,126.886,98.9146,0.0533348549965,0.913414057304,0.403522184226,-0.296874358648,-0.121388336211,0.407031046071,-0.905312431907,3.73245147619,-0.991171158314,-0.000698179285114,0.132586754509,0.579244230051,0,0,0,1
42899163,182698.840,lowres_wide/42899163_182698.840.png,lowres_depth/42899163_182698.840.png,confidence/42899163_182698.840.png,lowres_wide_intrinsics/42899163_182698.840.pincam,182698.83998121,0.00001879,182698.840,0.000,256,192,212.268,212.268,126.894,98.9158,0.0690504448493,0.912435443492,0.403352944113,-0.299910859,-0.147670749303,0.409212350513,-0.900410240939,3.73949420761,-0.986623223863,0.00261029619298,0.162996320472,0.58693845443,0,0,0,1
42899163,182698.940,lowres_wide/42899163_182698.940.png,lowres_depth/42899163_182698.940.png,confidence/42899163_182698.940.png,lowres_wide_intrinsics/42899163_182698.940.pincam,182698.93994021,0.00005979,182698.940,0.000,256,192,212.268,212.268,126.901,98.9194,0.0901867181642,0.908488127127,0.40806332687,-0.303500430119,-0.167079127292,0.417727700915,-0.89307789868,3.74374314086,-0.981810022912,0.0123649002137,0.189462893867,0.594531469269,0,0,0,1
42899163,182699.040,lowres_wide/42899163_182699.040.png,lowres_depth/42899163_182699.040.png,confidence/42899163_182699.040.png,lowres_wide_intrinsics/42899163_182699.040.pincam,182699.03989871,0.00010129,182699.040,0.000,256,192,212.268,212.268,126.908,98.9237,0.112814685553,0.90455591976,0.411158649125,-0.30653087226,-0.184214910792,0.425667401206,-0.885930093287,3.74663486306,-0.976390144033,0.024204371026,0.214654222082,0.601709073526,0,0,0,1
42899163,182699.140,lowres_wide/42899163_182699.140.png,lowres_depth/42899163_182699.140.png,confidence/42899163_182699.140.png,lowres_wide_intrinsics/42899163_182699.140.pincam,182699.13985746,0.00014254,182699.140,0.000,256,192,212.268,212.268,126.916,98.9276,0.131305006067,0.905458221438,0.403614177913,-0.30872397451,-0.202407281107,0.423049168545,-0.88321044692,3.75028236682,-0.970458802802,0.0342755047241,0.2388198104,0.609555539808,0,0,0,1
42899163,182699.240,lowres_wide/42899163_182699.240.png,lowres_depth/42899163_182699.240.png,confidence/42899163_182699.240.png,lowres_wide_intrinsics/42899163_182699.240.pincam,182699.23981571,0.00018429,182699.240,0.000,256,192,212.268,212.268,126.924,98.9333,0.154222982929,0.902917714737,0.401191814411,-0.311240864173,-0.219457886952,0.427211030691,-0.877114001206,3.75388012071,-0.963355338072,0.0472264297818,0.264038173261,0.616305202133,0,0,0,1
42899163,182699.340,lowres_wide/42899163_182699.340.png,lowres_depth/42899163_182699.340.png,confidence/42899163_182699.340.png,lowres_wide_intrinsics/42899163_182699.340.pincam,182699.33977437,0.00022563,182699.340,0.000,256,192,212.329,212.329,126.934,98.9373,0.174953182422,0.901070404682,0.396816720623,-0.31267015545,-0.240154121867,0.429914262336,-0.870344601173,3.7584116582,-0.954838929721,0.0569723866957,0.291610640142,0.622460282425,0,0,0,1
42899163,182699.440,lowres_wide/42899163_182699.440.png,lowres_depth/42899163_182699.440.png,confidence/42899163_182699.440.png,lowres_wide_intrinsics/42899163_182699.440.pincam,182699.43973317,0.00026683,182699.440,0.000,256,192,212.389,212.389,126.945,98.9397,0.187412119046,0.900735624804,0.391857157449,-0.311326641484,-0.260385774616,0.430209743304,-0.864360356069,3.76271825581,-0.947140932498,0.0599575764692,0.315165263016,0.629193910067,0,0,0,1
42899163,182699.540,lowres_wide/42899163_182699.540.png,lowres_depth/42899163_182699.540.png,confidence/42899163_182699.540.png,lowres_wide_intrinsics/42899163_182699.540.pincam,182699.53969167,0.00030833,182699.540,0.000,256,192,212.389,212.389,126.954,98.9427,0.196957759222,0.89911383298,0.390898908194,-0.308695849939,-0.275145785823,0.433376902036,-0.858183696725,3.76548228618,-0.941011390806,0.0614717506353,0.332744325644,0.635245630732,0,0,0,1
42899163,182699.640,lowres_wide/42899163_182699.640.png,lowres_depth/42899163_182699.640.png,confidence/42899163_182699.640.png,lowres_wide_intrinsics/42899163_182699.640.pincam,182699.63965050,0.00034950,182699.640,0.000,256,192,212.389,212.389,126.96,98.945,0.210856762226,0.894258559681,0.394767088623,-0.305638753719,-0.287329897276,0.442706556543,-0.849383561723,3.7676350236,-0.934334498964,0.065669880691,0.350294891221,0.640070358462,0,0,0,1
42899163,182699.740,lowres_wide/42899163_182699.740.png,lowres_depth/42899163_182699.740.png,confidence/42899163_182699.740.png,lowres_wide_intrinsics/42899163_182699.740.pincam,182699.73960858,0.00039142,182699.740,0.000,256,192,212.389,212.389,126.966,98.9455,0.228354240927,0.888584993811,0.397832941602,-0.303037368576,-0.296148232944,0.452663920629,-0.841065751939,3.76995731939,-0.927443025083,0.0742434086911,0.366520601728,0.643838939069,0,0,0,1
42899163,182699.840,lowres_wide/42899163_182699.840.png,lowres_depth/42899163_182699.840.png,confidence/42899163_182699.840.png,lowres_wide_intrinsics/42899163_182699.840.pincam,182699.83956746,0.00043254,182699.840,0.000,256,192,212.389,212.389,126.973,98.9488,0.250862595047,0.879654086492,0.404075050608,-0.302709937099,-0.301965847718,0.467704969981,-0.8307037305,3.77120938518,-0.919719840613,0.0863756283502,0.382955174412,0.647713504058,0,0,0,1
42899163,182699.940,lowres_wide/42899163_182699.940.png,lowres_depth/42899163_182699.940.png,confidence/42899163_182699.940.png,lowres_wide_intrinsics/42899163_182699.940.pincam,182699.93952629,0.00047371,182699.940,0.000,256,192,212.389,212.389,126.982,98.9528,0.27479432948,0.868672713515,0.412184173982,-0.303464204201,-0.310615427359,0.485903735381,-0.816955088257,3.77324814932,-0.909948423139,0.0964638623412,0.403346737299,0.65087279234,0,0,0,1
42899163,182700.039,lowres_wide/42899163_182700.039.png,lowres_depth/42899163_182700.039.png,confidence/42899163_182700.039.png,lowres_wide_intrinsics/42899163_182700.039.pincam,182700.03948471,0.00048471,182700.039,0.000,256,192,212.449,212.449,126.992,98.9559,0.29848422678,0.854531441168,0.425068444393,-0.303602571898,-0.31718419963,0.508871918336,-0.800277173381,3.77491453096,-0.900167401025,0.104045118983,0.4229341123,0.652985407198,0,0,0,1
42899163,182700.139,lowres_wide/42899163_182700.139.png,lowres_depth/42899163_182700.139.png,confidence/42899163_182700.139.png,lowres_wide_intrinsics/42899163_182700.139.pincam,182700.13944312,0.00044312,182700.139,0.000,256,192,212.449,212.449,127.0,98.9582,0.31886136473,0.839855455997,0.439283784261,-0.302727820361,-0.320152942004,0.531674775736,-0.784107152482,3.77339508772,-0.892092777579,0.10938348083,0.438412739679,0.654290977408,0,0,0,1
42899163,182700.239,lowres_wide/42899163_182700.239.png,lowres_depth/42899163_182700.239.png,confidence/42899163_182700.239.png,lowres_wide_intrinsics/42899163_182700.239.pincam,182700.23940146,0.00040146,182700.239,0.000,256,192,212.449,212.449,127.005,98.9591,0.336002921363,0.821872974476,0.460029184575,-0.300737650463,-0.318101937503,0.558750039645,-0.765904400401,3.76995494925,-0.886517452841,0.111009941098,0.449181031195,0.655577953218,0,0,0,1
42899163,182700.339,lowres_wide/42899163_182700.339.png,lowres_depth/42899163_182700.339.png,confidence/42899163_182700.339.png,lowres_wide_intrinsics/42899163_182700.339.pincam,182700.33936054,0.00036054,182700.339,0.000,256,192,212.389,212.389,127.01,98.9599,0.353342887311,0.802106609644,0.481428905189,-0.299027252877,-0.313976931149,0.586456590765,-0.746650623688,3.76667530577,-0.881230554788,0.112666116969,0.459063236814,0.657253304253,0,0,0,1
42899163,182700.439,lowres_wide/42899163_182700.439.png,lowres_depth/42899163_182700.439.png,confidence/42899163_182700.439.png,lowres_wide_intrinsics/42899163_182700.439.pincam,182700.43931896,0.00031896,182700.439,0.000,256,192,212.449,212.449,127.017,98.9599,0.374363550111,0.775298641658,0.508688459268,-0.298510395733,-0.309851579941,0.621638195819,-0.719415006729,3.76422082857,-0.873981653558,0.11170483312,0.472946190915,0.658353427885,0,0,0,1
42899163,182700.539,lowres_wide/42899163_182700.539.png,lowres_depth/42899163_182700.539.png,confidence/42899163_182700.539.png,lowres_wide_intrinsics/42899163_182700.539.pincam,182700.53927783,0.00027783,182700.539,0.000,256,192,212.449,212.449,127.024,98.9594,0.396566057366,0.74384005819,0.537993801058,-0.297856381788,-0.303554281723,0.659332172073,-0.687848736945,3.76157951296,-0.866366065929,0.109467139823,0.487264594554,0.658436109456,0,0,0,1
42899163,182700.639,lowres_wide/42899163_182700.639.png,lowres_depth/42899163_182700.639.png,confidence/42899163_182700.639.png,lowres_wide_intrinsics/42899163_182700.639.pincam,182700.63923650,0.00023650,182700.639,0.000,256,192,212.449,212.449,127.027,98.9585,0.416063936976,0.704281532012,0.575220239574,-0.295786830374,-0.28689919765,0.701931772529,-0.651905389686,3.75670982441,-0.862890288934,0.106204097762,0.494106303221,0.660833410382,0,0,0,1
42899163,182700.739,lowres_wide/42899163_182700.739.png,lowres_depth/42899163_182700.739.png,confidence/42899163_182700.739.png,lowres_wide_intrinsics/42899163_182700.739.pincam,182700.73919504,0.00019504,182700.739,0.000,256,192,212.449,212.449,127.026,98.9566,0.42800496369,0.662182773478,0.615081885253,-0.293653659173,-0.264525032079,0.74255002824,-0.615342151135,3.75163625878,-0.864198043541,0.100664939626,0.492979017271,0.664330449319,0,0,0,1
42899163,182700.839,lowres_wide/42899163_182700.839.png,lowres_depth/42899163_182700.839.png,confidence/42899163_182700.839.png,lowres_wide_intrinsics/42899163_182700.839.pincam,182700.83915371,0.00015371,182700.839,0.000,256,192,212.449,212.449,127.029,98.9545,0.443302812093,0.619642903871,0.647707718398,-0.291929594914,-0.248341662063,0.779203809762,-0.575471842697,3.74852423094,-0.861283365493,0.0942554748298,0.499306388694,0.665613751309,0,0,0,1
42899163,182700.939,lowres_wide/42899163_182700.939.png,lowres_depth/42899163_182700.939.png,confidence/42899163_182700.939.png,lowres_wide_intrinsics/42899163_182700.939.pincam,182700.93911229,0.00011229,182700.939,0.000,256,192,212.449,212.449,127.031,98.9532,0.459431068491,0.572421272564,0.679159024104,-0.289925426029,-0.227992059342,0.815017038763,-0.532697707338,3.74491956561,-0.8584536762,0.089895012339,0.504951653701,0.666847080713,0,0,0,1
42899163,182701.039,lowres_wide/42899163_182701.039.png,lowres_depth/42899163_182701.039.png,confidence/42899163_182701.039.png,lowres_wide_intrinsics/42899163_182701.039.pincam,182701.03907079,0.00007079,182701.039,0.000,256,192,212.449,212.449,127.035,98.952,0.478000064278,0.515836148807,0.710935303761,-0.289292275686,-0.203072845719,0.852361373301,-0.481914420448,3.74132880384,-0.854562670541,0.0859834686937,0.512181105889,0.66702654622,0,0,0,1
42899163,182701.139,lowres_wide/42899163_182701.139.png,lowres_depth/42899163_182701.139.png,confidence/42899163_182701.139.png,lowres_wide_intrinsics/42899163_182701.139.pincam,182701.13902929,0.00002929,182701.139,0.000,256,192,212.449,212.449,127.039,98.951,0.494622227174,0.460574123687,0.737034822091,-0.288349537081,-0.178598864821,0.883801622253,-0.432431657014,3.7399123333,-0.850559402905,0.082256726734,0.519405942435,0.667127787396,0,0,0,1
42899163,182701.239,lowres_wide/42899163_182701.239.png,lowres_depth/42899163_182701.239.png,confidence/42899163_182701.239.png,lowres_wide_intrinsics/42899163_182701.239.pincam,182701.23898817,0.00001183,182701.239,0.000,256,192,212.449,212.449,127.039,98.9484,0.502996111531,0.409025081424,0.761375987637,-0.286471848005,-0.156897854028,0.909503907078,-0.384948965983,3.74044916254,-0.849928217667,0.0741695744584,0.521652086202,0.668347415558,0,0,0,1
42899163,182701.339,lowres_wide/42899163_182701.339.png,lowres_depth/42899163_182701.339.png,confidence/42899163_182701.339.png,lowres_wide_intrinsics/42899163_182701.339.pincam,182701.33894667,0.00005333,182701.339,0.000,256,192,212.449,212.449,127.037,98.945,0.504215924143,0.361689977462,0.784185349292,-0.284574273883,-0.137317945228,0.930092189145,-0.340693853202,3.74139343068,-0.852590220305,0.0641005451997,0.518633817203,0.669680049946,0,0,0,1
42899163,182701.439,lowres_wide/42899163_182701.439.png,lowres_depth/42899163_182701.439.png,confidence/42899163_182701.439.png,lowres_wide_intrinsics/42899163_182701.439.pincam,182701.43890517,0.00009483,182701.439,0.000,256,192,212.449,212.449,127.035,98.9415,0.504882062884,0.31434012004,0.803918149759,-0.282356902969,-0.118809986104,0.947777948172,-0.295974911371,3.74360103431,-0.854972683645,0.0539189196132,0.515862830923,0.669034097155,0,0,0,1
42899163,182701.539,lowres_wide/42899163_182701.539.png,lowres_depth/42899163_182701.539.png,confidence/42899163_182701.539.png,lowres_wide_intrinsics/42899163_182701.539.pincam,182701.53886392,0.00013608,182701.539,0.000,256,192,212.449,212.449,127.032,98.9383,0.502235212852,0.271958235414,0.820852306546,-0.279013826083,-0.102148875101,0.961269694846,-0.255980821717,3.74767313112,-0.858676538801,0.0447134427427,0.510563717621,0.668154783731,0,0,0,1
42899163,182701.639,lowres_wide/42899163_182701.639.png,lowres_depth/42899163_182701.639.png,confidence/42899163_182701.639.png,lowres_wide_intrinsics/42899163_182701.639.pincam,182701.63882254,0.00017746,182701.639,0.000,256,192,212.449,212.449,127.028,98.9349,0.497542237489,0.228396241478,0.836831451843,-0.274807449382,-0.0860276058479,0.972950316834,-0.214399001873,3.75159880052,-0.863163352412,0.0346819528069,0.503732259442,0.667371503014,0,0,0,1
42899163,182701.739,lowres_wide/42899163_182701.739.png,lowres_depth/42899163_182701.739.png,confidence/42899163_182701.739.png,lowres_wide_intrinsics/42899163_182701.739.pincam,182701.73878117,0.00021883,182701.739,0.000,256,192,212.449,212.449,127.025,98.931,0.495148615962,0.174279005885,0.851149032907,-0.272297728176,-0.0670655145738,0.984418127335,-0.162552044987,3.75569668328,-0.866215945862,0.0234046722261,0.499121384487,0.665673991424,0,0,0,1
42899163,182701.839,lowres_wide/42899163_182701.839.png,lowres_depth/42899163_182701.839.png,confidence/42899163_182701.839.png,lowres_wide_intrinsics/42899163_182701.839.pincam,182701.83873958,0.00026042,182701.839,0.000,256,192,212.449,212.449,127.019,98.9292,0.486745066783,0.130353361213,0.863763417368,-0.268071814297,-0.0476822299819,0.991294016942,-0.122729690458,3.75928346124,-0.872241735362,0.0185519054611,0.488723011426,0.665099277829,0,0,0,1
42899163,182701.939,lowres_wide/42899163_182701.939.png,lowres_depth/42899163_182701.939.png,confidence/42899163_182701.939.png,lowres_wide_intrinsics/42899163_182701.939.pincam,182701.93869825,0.00030175,182701.939,0.000,256,192,212.449,212.449,127.015,98.9279,0.481027000373,0.0966709833522,0.871359710963,-0.264364681472,-0.0336137907146,0.99520493686,-0.0918544866805,3.76258061399,-0.876061149684,0.0148947852372,0.481969923737,0.663829063954,0,0,0,1
42899163,182702.039,lowres_wide/42899163_182702.039.png,lowres_depth/42899163_182702.039.png,confidence/42899163_182702.039.png,lowres_wide_intrinsics/42899163_182702.039.pincam,182702.03865683,0.00034317,182702.039,0.000,256,192,212.449,212.449,127.008,98.9258,0.467252082668,0.0691453118529,0.881416142972,-0.259722412271,-0.0242096035841,0.997563896473,-0.0654229894464,3.76592965654,-0.883792615005,0.00923029265927,0.467787788811,0.662289419376,0,0,0,1
42899163,182702.139,lowres_wide/42899163_182702.139.png,lowres_depth/42899163_182702.139.png,confidence/42899163_182702.139.png,lowres_wide_intrinsics/42899163_182702.139.pincam,182702.13861504,0.00038496,182702.139,0.000,256,192,212.449,212.449,126.997,98.923,0.445203180252,0.0450661963375,0.894294787104,-0.251263723488,-0.0185365038888,0.998982510269,-0.0411137714249,3.76943140179,-0.895237692637,0.00172688299158,0.445585560311,0.658675920633,0,0,0,1
42899163,182702.239,lowres_wide/42899163_182702.239.png,lowres_depth/42899163_182702.239.png,confidence/42899163_182702.239.png,lowres_wide_intrinsics/42899163_182702.239.pincam,182702.23857367,0.00042633,182702.239,0.000,256,192,212.389,212.389,126.982,98.9203,0.413596255481,0.0284796024495,0.910014862349,-0.238141570649,-0.0158531083182,0.999584387545,-0.024077606466,3.77246855691,-0.910322369498,-0.00446815630869,0.413875849949,0.653176506882,0,0,0,1
42899163,182702.339,lowres_wide/42899163_182702.339.png,lowres_depth/42899163_182702.339.png,confidence/42899163_182702.339.png,lowres_wide_intrinsics/42899163_182702.339.pincam,182702.33853292,0.00046708,182702.339,0.000,256,192,212.329,212.329,126.965,98.9183,0.372537071364,0.0244861957449,0.927694215072,-0.221613753671,-0.0175148230215,0.99965930345,-0.0193522091837,3.77294151238,-0.927852014835,-0.0090389846613,0.372839020654,0.644940409468,0,0,0,1
42899163,182702.438,lowres_wide/42899163_182702.438.png,lowres_depth/42899163_182702.438.png,confidence/42899163_182702.438.png,lowres_wide_intrinsics/42899163_182702.438.pincam,182702.43849129,0.00049129,182702.438,0.000,256,192,212.329,212.329,126.945,98.9154,0.322733152777,0.0206690769639,0.946264287267,-0.202008553699,-0.0216258044034,0.999661563254,-0.0144597211756,3.77148093326,-0.94624290575,-0.015797094987,0.323070913434,0.634875918173,0,0,0,1
42899163,182702.538,lowres_wide/42899163_182702.538.png,lowres_depth/42899163_182702.538.png,confidence/42899163_182702.538.png,lowres_wide_intrinsics/42899163_182702.538.pincam,182702.53844996,0.00044996,182702.538,0.000,256,192,212.268,212.268,126.925,98.9141,0.264605116451,0.0262933012867,0.963998337475,-0.181865786754,-0.0245479095977,0.999487968001,-0.0205232053088,3.7698727109,-0.9640443623,-0.01823359891,0.265115075747,0.623605003385,0,0,0,1
42899163,182702.638,lowres_wide/42899163_182702.638.png,lowres_depth/42899163_182702.638.png,confidence/42899163_182702.638.png,lowres_wide_intrinsics/42899163_182702.638.pincam,182702.63840846,0.00040846,182702.638,0.000,256,192,212.268,212.268,126.909,98.9105,0.214156831565,0.0366737888632,0.976110590407,-0.164956709482,-0.0349467041567,0.998942864366,-0.0298643868275,3.76869258922,-0.976173949336,-0.0277161855675,0.215212066797,0.611158502216,0,0,0,1
42899163,182702.738,lowres_wide/42899163_182702.738.png,lowres_depth/42899163_182702.738.png,confidence/42899163_182702.738.png,lowres_wide_intrinsics/42899163_182702.738.pincam,182702.73836625,0.00036625,182702.738,0.000,256,192,212.268,212.268,126.896,98.9046,0.165281446545,0.0442537318406,0.985253089641,-0.147705068659,-0.0514142935177,0.998021027523,-0.0362021966666,3.76834648906,-0.984905383197,-0.0446725401069,0.167229633469,0.597515487442,0,0,0,1
42899163,182702.838,lowres_wide/42899163_182702.838.png,lowres_depth/42899163_182702.838.png,confidence/42899163_182702.838.png,lowres_wide_intrinsics/42899163_182702.838.pincam,182702.83832587,0.00032587,182702.838,0.000,256,192,212.268,212.268,126.879,98.9017,0.0929577315061,0.06736239482,0.99338872951,-0.126769999491,-0.0563180588245,0.996467183805,-0.0623011063353,3.76853814586,-0.994076021441,-0.0501543553889,0.0964230482408,0.578315926593,0,0,0,1
42899163,182702.938,lowres_wide/42899163_182702.938.png,lowres_depth/42899163_182702.938.png,confidence/42899163_182702.938.png,lowres_wide_intrinsics/42899163_182702.938.pincam,182702.93828438,0.00028438,182702.938,0.000,256,192,212.208,212.208,126.868,98.903,0.0351033964412,0.0543347269909,0.997905551143,-0.107656170707,-0.0489049310013,0.997418079593,-0.0525878524371,3.76610524602,-0.998186385041,-0.0469564898923,0.0376699983401,0.558005793214,0,0,0,1
42899163,182703.038,lowres_wide/42899163_182703.038.png,lowres_depth/42899163_182703.038.png,confidence/42899163_182703.038.png,lowres_wide_intrinsics/42899163_182703.038.pincam,182703.03824300,0.00024300,182703.038,0.000,256,192,212.148,212.148,126.861,98.9005,-0.01718871563,0.0460708769698,0.998790279463,-0.0944983236505,-0.0531885690697,0.997481298501,-0.0469258485341,3.76419795782,-0.998436539884,-0.0539308208315,-0.0146949783644,0.537789814667,0,0,0,1
42899163,182703.138,lowres_wide/42899163_182703.138.png,lowres_depth/42899163_182703.138.png,confidence/42899163_182703.138.png,lowres_wide_intrinsics/42899163_182703.138.pincam,182703.13820158,0.00020158,182703.138,0.000,256,192,212.148,212.148,126.854,98.901,-0.0701304729328,0.0383592010409,0.996800024309,-0.0824536748748,-0.0499849842205,0.99786996056,-0.0419170987096,3.76215122596,-0.99628470736,-0.0527646994426,-0.0680637082007,0.519567791943,0,0,0,1
42899163,182703.238,lowres_wide/42899163_182703.238.png,lowres_depth/42899163_182703.238.png,confidence/42899163_182703.238.png,lowres_wide_intrinsics/42899163_182703.238.pincam,182703.23816017,0.00016017,182703.238,0.000,256,192,212.088,212.088,126.851,98.9005,-0.11481015893,0.0335076898273,0.992822170446,-0.0732204220252,-0.0506714825428,0.997932364219,-0.0395398191754,3.76138892817,-0.992094263799,-0.0548473442015,-0.112874889017,0.502454568148,0,0,0,1
42899163,182703.338,lowres_wide/42899163_182703.338.png,lowres_depth/42899163_182703.338.png,confidence/42899163_182703.338.png,lowres_wide_intrinsics/42899163_182703.338.pincam,182703.33811879,0.00011879,182703.338,0.000,256,192,212.088,212.088,126.849,98.9005,-0.153268009251,0.0270994687252,0.987813006664,-0.0661657910985,-0.0505185333624,0.998101908597,-0.035220134034,3.76066081279,-0.98689249421,-0.0553009841619,-0.151608067145,0.485518973098,0,0,0,1
42899163,182703.438,lowres_wide/42899163_182703.438.png,lowres_depth/42899163_182703.438.png,confidence/42899163_182703.438.png,lowres_wide_intrinsics/42899163_182703.438.pincam,182703.43807717,0.00007717,182703.438,0.000,256,192,212.027,212.027,126.848,98.9034,-0.195022865354,0.0220461780669,0.980550890072,-0.0586513877232,-0.0422221904079,0.998631836289,-0.0308503190882,3.75897389734,-0.979889467556,-0.0474175240109,-0.193825204218,0.46856024609,0,0,0,1
42899163,182703.538,lowres_wide/42899163_182703.538.png,lowres_depth/42899163_182703.538.png,confidence/42899163_182703.538.png,lowres_wide_intrinsics/42899163_182703.538.pincam,182703.53803571,0.00003571,182703.538,0.000,256,192,212.027,212.027,126.848,98.9057,-0.237231360822,0.0189217774975,0.971268885417,-0.0497376304784,-0.036619792807,0.998925498537,-0.0284049141435,3.75738565306,-0.970762727044,-0.0423062017802,-0.236283543807,0.451877301663,0,0,0,1
42899163,182703.638,lowres_wide/42899163_182703.638.png,lowres_depth/42899163_182703.638.png,confidence/42899163_182703.638.png,lowres_wide_intrinsics/42899163_182703.638.pincam,182703.63799437,0.00000563,182703.638,0.000,256,192,211.967,211.967,126.85,98.9058,-0.277549081171,0.0115964168743,0.960641468321,-0.04027160012,-0.0383373865685,0.998996984755,-0.0231358864268,3.75627053276,-0.959946223667,-0.0432498273446,-0.276826118895,0.434589709147,0,0,0,1
42899163,182703.738,lowres_wide/42899163_182703.738.png,lowres_depth/42899163_182703.738.png,confidence/42899163_182703.738.png,lowres_wide_intrinsics/42899163_182703.738.pincam,182703.73795321,0.00004679,182703.738,0.000,256,192,211.967,211.967,126.853,98.9065,-0.31826371077,0.00810113335277,0.947967606011,-0.0300272224903,-0.0377998943105,0.999059819185,-0.0212284167992,3.75448672125,-0.94724831929,-0.0425893100212,-0.31765826335,0.415211477277,0,0,0,1
42899163,182703.838,lowres_wide/42899163_182703.838.png,lowres_depth/42899163_182703.838.png,confidence/42899163_182703.838.png,lowres_wide_intrinsics/42899163_182703.838.pincam,182703.83791167,0.00008833,182703.838,0.000,256,192,211.907,211.907,126.857,98.9083,-0.356306618563,0.00157903102287,0.934367754275,-0.0196927090849,-0.0356519667719,0.999247385129,-0.0152839974206,3.75252573463,-0.933688669115,-0.0387578375672,-0.355982161342,0.396318100479,0,0,0,1
42899163,182703.938,lowres_wide/42899163_182703.938.png,lowres_depth/42899163_182703.938.png,confidence/42899163_182703.938.png,lowres_wide_intrinsics/42899163_182703.938.pincam,182703.93787025,0.00012975,182703.938,0.000,256,192,211.967,211.967,126.862,98.9099,-0.389932353869,0.000565489215087,0.920843330664,-0.0101761046859,-0.0327369143824,0.99935916175,-0.0144761964034,3.75032508513,-0.920261405169,-0.0357903066142,-0.38966395793,0.377922967629,0,0,0,1
42899163,182704.038,lowres_wide/42899163_182704.038.png,lowres_depth/42899163_182704.038.png,confidence/42899163_182704.038.png,lowres_wide_intrinsics/42899163_182704.038.pincam,182704.03782888,0.00017112,182704.038,0.000,256,192,211.907,211.907,126.867,98.9128,-0.420967339345,0.00255745560202,0.907072190416,-0.00204848649191,-0.0250852164024,0.999580729455,-0.014460194327,3.74664919752,-0.906728863069,-0.0288413717214,-0.420726685812,0.36000711271,0,0,0,1
42899163,182704.138,lowres_wide/42899163_182704.138.png,lowres_depth/42899163_182704.138.png,confidence/42899163_182704.138.png,lowres_wide_intrinsics/42899163_182704.138.pincam,182704.13778754,0.00021246,182704.138,0.000,256,192,211.907,211.907,126.872,98.9153,-0.451264046969,0.00290755284706,0.892385738372,0.00471659878742,-0.0195492146546,0.999722506702,-0.013142975326,3.74351764205,-0.892176321205,-0.0233763925889,-0.451081983845,0.342762670704,0,0,0,1
42899163,182704.238,lowres_wide/42899163_182704.238.png,lowres_depth/42899163_182704.238.png,confidence/42899163_182704.238.png,lowres_wide_intrinsics/42899163_182704.238.pincam,182704.23774600,0.00025400,182704.238,0.000,256,192,211.907,211.907,126.879,98.9156,-0.480500218746,0.00499432352955,0.876980385481,0.0111998599123,-0.0188539081738,0.999693845471,-0.0160232791168,3.74230218564,-0.876791919404,-0.0242336967787,-0.480258948911,0.325678689295,0,0,0,1
42899163,182704.338,lowres_wide/42899163_182704.338.png,lowres_depth/42899163_182704.338.png,confidence/42899163_182704.338.png,lowres_wide_intrinsics/42899163_182704.338.pincam,182704.33770458,0.00029542,182704.338,0.000,256,192,211.847,211.847,126.885,98.9161,-0.506347647338,0.00985333088803,0.862273142285,0.018060841184,-0.0157991043472,0.999660873051,-0.0207008983568,3.74106155747,-0.862184695026,-0.0241049945315,-0.506020257403,0.309928389107,0,0,0,1
42899163,182704.438,lowres_wide/42899163_182704.438.png,lowres_depth/42899163_182704.438.png,confidence/42899163_182704.438.png,lowres_wide_intrinsics/42899163_182704.438.pincam,182704.43766346,0.00033654,182704.438,0.000,256,192,211.847,211.847,126.891,98.9178,-0.528146875357,0.0111408746651,0.849079948511,0.0225641925633,-0.0126106746372,0.999700752381,-0.020961311384,3.738487591,-0.8490593907,-0.0217781220825,-0.527848334716,0.29755744336,0,0,0,1
42899163,182704.538,lowres_wide/42899163_182704.538.png,lowres_depth/42899163_182704.538.png,confidence/42899163_182704.538.png,lowres_wide_intrinsics/42899163_182704.538.pincam,182704.53762188,0.00037812,182704.538,0.000,256,192,211.847,211.847,126.895,98.9185,-0.545381917052,0.0132031341374,0.838083672315,0.0243304594799,-0.00937144100705,0.999717381469,-0.021847958329,3.73746668569,-0.838135275863,-0.0197695330912,-0.545104049623,0.286888245525,0,0,0,1
42899163,182704.638,lowres_wide/42899163_182704.638.png,lowres_depth/42899163_182704.638.png,confidence/42899163_182704.638.png,lowres_wide_intrinsics/42899163_182704.638.pincam,182704.63758067,0.00041933,182704.638,0.000,256,192,211.786,211.786,126.898,98.9195,-0.56364525363,0.0134671094335,0.825907177002,0.0271826849826,-0.00145972730533,0.999849285489,-0.017299581006,3.73597150624,-0.826015676157,-0.0109564259817,-0.563540645804,0.27513655681,0,0,0,1
42899163,182704.738,lowres_wide/42899163_182704.738.png,lowres_depth/42899163_182704.738.png,confidence/42899163_182704.738.png,lowres_wide_intrinsics/42899163_182704.738.pincam,182704.73753896,0.00046104,182704.738,0.000,256,192,211.786,211.786,126.905,98.924,-0.583081252777,0.0118612775616,0.812327251023,0.0314132399237,0.00721571433333,0.999929584783,-0.00942119642592,3.73356295268,-0.81238179825,0.000368198373883,-0.583125782574,0.26438412688,0,0,0,1
42899163,182704.837,lowres_wide/42899163_182704.837.png,lowres_depth/42899163_182704.837.png,confidence/42899163_182704.837.png,lowres_wide_intrinsics/42899163_182704.837.pincam,182704.83749771,0.00049771,182704.837,0.000,256,192,211.847,211.847,126.91,98.9273,-0.595692807374,0.0124720893044,0.803115512383,0.0335911153482,0.0100775070448,0.999916788409,-0.00805357749838,3.7329281296,-0.803149128801,0.00329594404444,-0.595768926396,0.255933320909,0,0,0,1
42899163,182704.937,lowres_wide/42899163_182704.937.png,lowres_depth/42899163_182704.937.png,confidence/42899163_182704.937.png,lowres_wide_intrinsics/42899163_182704.937.pincam,182704.93745650,0.00045650,182704.937,0.000,256,192,211.786,211.786,126.914,98.9244,-0.611105753134,0.0160688160126,0.791385842455,0.0360064691889,0.0124742076063,0.999865270232,-0.0106693733673,3.7301560811,-0.791450663422,0.00335179584844,-0.611223864745,0.247002106288,0,0,0,1
42899163,182705.037,lowres_wide/42899163_182705.037.png,lowres_depth/42899163_182705.037.png,confidence/42899163_182705.037.png,lowres_wide_intrinsics/42899163_182705.037.pincam,182705.03741496,0.00041496,182705.037,0.000,256,192,211.847,211.847,126.92,98.9235,-0.624706251082,0.0238818719151,0.780494558631,0.0379011097319,0.0172796264158,0.999710234246,-0.0167589395513,3.72530190434,-0.780668632885,0.00301724009351,-0.624937902429,0.239427789394,0,0,0,1
42899163,182705.137,lowres_wide/42899163_182705.137.png,lowres_depth/42899163_182705.137.png,confidence/42899163_182705.137.png,lowres_wide_intrinsics/42899163_182705.137.pincam,182705.13737350,0.00037350,182705.137,0.000,256,192,211.786,211.786,126.924,98.9219,-0.630755900846,0.0338419132455,0.775243006067,0.0391728834293,0.0243871771104,0.999419577925,-0.0237859801899,3.71763013243,-0.775598000991,0.00390284113039,-0.631215104929,0.233669989947,0,0,0,1
42899163,182705.237,lowres_wide/42899163_182705.237.png,lowres_depth/42899163_182705.237.png,confidence/42899163_182705.237.png,lowres_wide_intrinsics/42899163_182705.237.pincam,182705.23733204,0.00033204,182705.237,0.000,256,192,211.786,211.786,126.923,98.9203,-0.630890252803,0.0476169767642,0.77440952502,0.0403700338852,0.0325250966609,0.998860680722,-0.0349207473514,3.70697176257,-0.775190045734,0.00315658553183,-0.631720214147,0.231060699243,0,0,0,1
42899163,182705.337,lowres_wide/42899163_182705.337.png,lowres_depth/42899163_182705.337.png,confidence/42899163_182705.337.png,lowres_wide_intrinsics/42899163_182705.337.pincam,182705.33729042,0.00029042,182705.337,0.000,256,192,211.847,211.847,126.92,98.9177,-0.622270312936,0.0682889230233,0.779818107401,0.0409537193324,0.0422204401312,0.997665473065,-0.0536753042832,3.69349633836,-0.781663029747,-0.000476284676465,-0.623700794515,0.231913945505,0,0,0,1
42899163,182705.437,lowres_wide/42899163_182705.437.png,lowres_depth/42899163_182705.437.png,confidence/42899163_182705.437.png,lowres_wide_intrinsics/42899163_182705.437.pincam,182705.43724954,0.00024954,182705.437,0.000,256,192,211.786,211.786,126.918,98.9163,-0.614868218641,0.096802315151,0.782666203108,0.0433359152782,0.0562138005814,0.995293272425,-0.0789386501592,3.67853035386,-0.786623850598,-0.00454022534201,-0.617415827481,0.233805693247,0,0,0,1
42899163,182705.537,lowres_wide/42899163_182705.537.png,lowres_depth/42899163_182705.537.png,confidence/42899163_182705.537.png,lowres_wide_intrinsics/42899163_182705.537.pincam,182705.53720804,0.00020804,182705.537,0.000,256,192,211.786,211.786,126.914,98.9179,-0.609572000559,0.119294805733,0.783703212613,0.0511262045258,0.0686660533392,0.992842203457,-0.0977206843708,3.66460933283,-0.789751194524,-0.00575398646861,-0.613400311695,0.235992118067,0,0,0,1
42899163,182705.637,lowres_wide/42899163_182705.637.png,lowres_depth/42899163_182705.637.png,confidence/42899163_182705.637.png,lowres_wide_intrinsics/42899163_182705.637.pincam,182705.63716667,0.00016667,182705.637,0.000,256,192,211.786,211.786,126.906,98.9258,-0.604203743417,0.126759287501,0.786682858255,0.0653113644918,0.0775647813658,0.991933408812,-0.100258751113,3.65293311129,-0.7930457371,0.000442171171783,-0.609161935246,0.236977740899,0,0,0,1
42899163,182705.737,lowres_wide/42899163_182705.737.png,lowres_depth/42899163_182705.737.png,confidence/42899163_182705.737.png,lowres_wide_intrinsics/42899163_182705.737.pincam,182705.73712550,0.00012550,182705.737,0.000,256,192,211.847,211.847,126.903,98.9339,-0.604201832426,0.133266979163,0.785608081653,0.0876888182806,0.084867418379,0.991069820084,-0.102850051127,3.64548849631,-0.79229897576,0.00453034039131,-0.610116225833,0.236262141504,0,0,0,1
42899163,182705.837,lowres_wide/42899163_182705.837.png,lowres_depth/42899163_182705.837.png,confidence/42899163_182705.837.png,lowres_wide_intrinsics/42899163_182705.837.pincam,182705.83708387,0.00008387,182705.837,0.000,256,192,213.835,213.835,126.893,98.9277,-0.597173336895,0.146475119483,0.788624780916,0.122359492531,0.0949595379083,0.989181091316,-0.111818847888,3.63573728912,-0.79647140053,0.00811221025764,-0.604621782756,0.233573743328,0,0,0,1
42899163,182705.937,lowres_wide/42899163_182705.937.png,lowres_depth/42899163_182705.937.png,confidence/42899163_182705.937.png,lowres_wide_intrinsics/42899163_182705.937.pincam,182705.93704250,0.00004250,182705.937,0.000,256,192,215.884,215.884,126.889,98.9307,-0.592058119181,0.160997054446,0.789650005997,0.168756197377,0.0993624068148,0.986948914015,-0.126723925269,3.6270614823,-0.799746394567,0.00343359628694,-0.60032817258,0.23193125094,0,0,0,1
42899163,182706.037,lowres_wide/42899163_182706.037.png,lowres_depth/42899163_182706.037.png,confidence/42899163_182706.037.png,lowres_wide_intrinsics/42899163_182706.037.pincam,182706.03700079,0.00000079,182706.037,0.000,256,192,212.991,212.991,126.883,98.9275,-0.57362791208,0.169740058961,0.801335966288,0.219092161202,0.0919370611776,0.985453790497,-0.142927966389,3.62519335975,-0.813940166882,-0.00831499718151,-0.58088920248,0.236831591013,0,0,0,1
42899163,182706.137,lowres_wide/42899163_182706.137.png,lowres_depth/42899163_182706.137.png,confidence/42899163_182706.137.png,lowres_wide_intrinsics/42899163_182706.137.pincam,182706.13695971,0.00004029,182706.137,0.000,256,192,212.69,212.69,126.883,98.932,-0.565828741368,0.161280954513,0.808595256698,0.278637785021,0.0903688316217,0.986905295561,-0.133609175829,3.62610625156,-0.819555556209,-0.00252810319199,-0.572994152658,0.242248761039,0,0,0,1
42899163,182706.237,lowres_wide/42899163_182706.237.png,lowres_depth/42899163_182706.237.png,confidence/42899163_182706.237.png,lowres_wide_intrinsics/42899163_182706.237.pincam,182706.23691829,0.00008171,182706.237,0.000,256,192,212.69,212.69,126.888,98.9335,-0.563634814115,0.1512679641,0.812055293287,0.33936244166,0.0955180514614,0.988429843231,-0.117825068874,3.62786943617,-0.820482844527,0.0111556285007,-0.571562292134,0.246594470715,0,0,0,1
42899163,182706.337,lowres_wide/42899163_182706.337.png,lowres_depth/42899163_182706.337.png,confidence/42899163_182706.337.png,lowres_wide_intrinsics/42899163_182706.337.pincam,182706.33687692,0.00012308,182706.337,0.000,256,192,212.75,212.75,126.899,98.9301,-0.565869047338,0.143101876613,0.811981572559,0.394799028268,0.0910904995523,0.989644692848,-0.110931973788,3.62979050425,-0.819447827599,0.0111908367447,-0.573044520973,0.251152755983,0,0,0,1
42899163,182706.437,lowres_wide/42899163_182706.437.png,lowres_depth/42899163_182706.437.png,confidence/42899163_182706.437.png,lowres_wide_intrinsics/42899163_182706.437.pincam,182706.43683554,0.00016446,182706.437,0.000,256,192,212.69,212.69,126.903,98.9182,-0.564418871608,0.149921932139,0.811760279662,0.443777208096,0.0907666539549,0.988678142885,-0.119486167863,3.62643845988,-0.820483242914,0.00624051636026,-0.571636513925,0.254405504976,0,0,0,1
42899163,182706.537,lowres_wide/42899163_182706.537.png,lowres_depth/42899163_182706.537.png,confidence/42899163_182706.537.png,lowres_wide_intrinsics/42899163_182706.537.pincam,182706.53679417,0.00020583,182706.537,0.000,256,192,212.69,212.69,126.904,98.9132,-0.56951577015,0.14300497999,0.809445095883,0.493023143584,0.0846374364338,0.989717888661,-0.115303968786,3.61712268582,-0.817611333033,0.00284192926483,-0.575763520496,0.254829559787,0,0,0,1
42899163,182706.637,lowres_wide/42899163_182706.637.png,lowres_depth/42899163_182706.637.png,confidence/42899163_182706.637.png,lowres_wide_intrinsics/42899163_182706.637.pincam,182706.63675254,0.00024746,182706.637,0.000,256,192,214.618,214.618,126.9,98.9081,-0.569664852679,0.133642628626,0.810938717436,0.543597668762,0.0736908190868,0.991022343196,-0.11155437449,3.60151357358,-0.818566807783,-0.00378986799237,-0.574398831907,0.252843136723,0,0,0,1
42899163,182706.737,lowres_wide/42899163_182706.737.png,lowres_depth/42899163_182706.737.png,confidence/42899163_182706.737.png,lowres_wide_intrinsics/42899163_182706.737.pincam,182706.73671113,0.00028887,182706.737,0.000,256,192,213.715,213.715,126.894,98.9064,-0.563356273113,0.109437228353,0.818934186974,0.598357210487,0.0588586915635,0.99398637174,-0.0923403878195,3.57924391254,-0.824114897312,-0.00381914201791,-0.566409789978,0.246711139493,0,0,0,1
42899163,182706.837,lowres_wide/42899163_182706.837.png,lowres_depth/42899163_182706.837.png,confidence/42899163_182706.837.png,lowres_wide_intrinsics/42899163_182706.837.pincam,182706.83667008,0.00032992,182706.837,0.000,256,192,211.606,211.606,126.893,98.9091,-0.560120057426,0.0775675978828,0.824771961834,0.656970231715,0.0479995856273,0.996972853411,-0.0611650990454,3.54951632953,-0.82701968601,0.00532891361524,-0.562147704461,0.240006510652,0,0,0,1
42899163,182706.937,lowres_wide/42899163_182706.937.png,lowres_depth/42899163_182706.937.png,confidence/42899163_182706.937.png,lowres_wide_intrinsics/42899163_182706.937.pincam,182706.93662837,0.00037163,182706.937,0.000,256,192,211.124,211.124,126.889,98.9105,-0.545392950399,0.0449701954371,0.836973244003,0.71161783004,0.0331720007648,0.998935428591,-0.0320566353552,3.51685201743,-0.837523819375,0.010280614154,-0.546304092015,0.243208211179,0,0,0,1
42899163,182707.037,lowres_wide/42899163_182707.037.png,lowres_depth/42899163_182707.037.png,confidence/42899163_182707.037.png,lowres_wide_intrinsics/42899163_182707.037.pincam,182707.03658721,0.00041279,182707.037,0.000,256,192,212.329,212.329,126.891,98.9147,-0.549045952177,0.0199982068319,0.835552879309,0.764897188691,0.0242357217131,0.999674254712,-0.00800089111192,3.48408055031,-0.835440705371,0.0158573701807,-0.549351774021,0.249587433339,0,0,0,1
42899163,182707.137,lowres_wide/42899163_182707.137.png,lowres_depth/42899163_182707.137.png,confidence/42899163_182707.137.png,lowres_wide_intrinsics/42899163_182707.137.pincam,182707.13654562,0.00045438,182707.137,0.000,256,192,212.329,212.329,126.89,98.9168,-0.54639989023,-0.0191982952123,0.837304356502,0.813753995091,0.00857358389961,0.999556641735,0.0285133937328,3.45676380087,-0.837480539246,0.0227584143557,-0.545993041128,0.256233728212,0,0,0,1
42899163,182707.237,lowres_wide/42899163_182707.237.png,lowres_depth/42899163_182707.237.png,confidence/42899163_182707.237.png,lowres_wide_intrinsics/42899163_182707.237.pincam,182707.23650396,0.00049604,182707.237,0.000,256,192,212.389,212.389,126.891,98.9252,-0.543264992521,-0.0381976875741,0.838691888935,0.859943916004,0.00539413630648,0.998785041791,0.0489830949151,3.43905823098,-0.839543954296,0.0311348190607,-0.542398904725,0.263947256882,0,0,0,1
42899163,182707.336,lowres_wide/42899163_182707.336.png,lowres_depth/42899163_182707.336.png,confidence/42899163_182707.336.png,lowres_wide_intrinsics/42899163_182707.336.pincam,182707.33646246,0.00046246,182707.336,0.000,256,192,212.329,212.329,126.89,98.9341,-0.524101266394,-0.0325332288263,0.85103434219,0.901015963747,0.0219864105497,0.998420213336,0.0517075947424,3.4259103564,-0.851372104497,0.045811206326,-0.522558009277,0.27165426579,0,0,0,1
42899163,182707.436,lowres_wide/42899163_182707.436.png,lowres_depth/42899163_182707.436.png,confidence/42899163_182707.436.png,lowres_wide_intrinsics/42899163_182707.436.pincam,182707.43642162,0.00042162,182707.436,0.000,256,192,212.389,212.389,126.882,98.9436,-0.509676982679,-0.0214437048887,0.860098564612,0.947410413666,0.0333886091822,0.998443314149,0.0446782856543,3.41980026869,-0.859717729318,0.0514889886556,-0.50816760025,0.274996182577,0,0,0,1
42899163,182707.536,lowres_wide/42899163_182707.536.png,lowres_depth/42899163_182707.536.png,confidence/42899163_182707.536.png,lowres_wide_intrinsics/42899163_182707.536.pincam,182707.53638000,0.00038000,182707.536,0.000,256,192,212.389,212.389,126.879,98.9451,-0.497130237157,0.00297624862285,0.867670830009,0.995652039759,0.0455637013417,0.998703945364,0.0226799170044,3.4206766958,-0.866478780135,0.0508091670805,-0.496621538112,0.273048760254,0,0,0,1
42899163,182707.636,lowres_wide/42899163_182707.636.png,lowres_depth/42899163_182707.636.png,confidence/42899163_182707.636.png,lowres_wide_intrinsics/42899163_182707.636.pincam,182707.63633892,0.00033892,182707.636,0.000,256,192,212.389,212.389,126.876,98.9446,-0.48579186697,0.0341351915334,0.873407723051,1.05091576805,0.0595684208446,0.998206903509,-0.00588056337387,3.42830958863,-0.872042352884,0.0491707889553,-0.486954174733,0.269966997122,0,0,0,1
42899163,182707.736,lowres_wide/42899163_182707.736.png,lowres_depth/42899163_182707.736.png,confidence/42899163_182707.736.png,lowres_wide_intrinsics/42899163_182707.736.pincam,182707.73629696,0.00029696,182707.736,0.000,256,192,212.389,212.389,126.874,98.9457,-0.468421763654,0.0710333806467,0.880644826345,1.10944789538,0.0798368142293,0.996087969517,-0.0378792829669,3.44047519742,-0.879890410465,0.0525643968696,-0.47226036225,0.269882517797,0,0,0,1
42899163,182707.836,lowres_wide/42899163_182707.836.png,lowres_depth/42899163_182707.836.png,confidence/42899163_182707.836.png,lowres_wide_intrinsics/42899163_182707.836.pincam,182707.83625592,0.00025592,182707.836,0.000,256,192,212.449,212.449,126.873,98.9481,-0.456144056326,0.120065165778,0.881769219153,1.16835999558,0.107572851172,0.991030000162,-0.0792945172706,3.45174234326,-0.883380258761,0.0586847062279,-0.464968196424,0.276740730075,0,0,0,1
42899163,182707.936,lowres_wide/42899163_182707.936.png,lowres_depth/42899163_182707.936.png,confidence/42899163_182707.936.png,lowres_wide_intrinsics/42899163_182707.936.pincam,182707.93621442,0.00021442,182707.936,0.000,256,192,212.389,212.389,126.871,98.9478,-0.437394550264,0.188136676465,0.879369432245,1.21810399755,0.135528102505,0.980492559088,-0.142360370206,3.45957110336,-0.888998391917,0.0569116204511,-0.454359908693,0.288627132814,0,0,0,1
42899163,182708.036,lowres_wide/42899163_182708.036.png,lowres_depth/42899163_182708.036.png,confidence/42899163_182708.036.png,lowres_wide_intrinsics/42899163_182708.036.pincam,182708.03617321,0.00017321,182708.036,0.000,256,192,212.449,212.449,126.868,98.9473,-0.409519430193,0.261283138795,0.874085211908,1.25681712662,0.162252910474,0.963694941949,-0.21205200283,3.46218611341,-0.897757110435,0.054983454264,-0.437045753234,0.297064469726,0,0,0,1
42899163,182708.136,lowres_wide/42899163_182708.136.png,lowres_depth/42899163_182708.136.png,confidence/42899163_182708.136.png,lowres_wide_intrinsics/42899163_182708.136.pincam,182708.13613183,0.00013183,182708.136,0.000,256,192,212.389,212.389,126.869,98.9463,-0.407208267573,0.323913786903,0.853967965134,1.29407066333,0.187594134693,0.944726778909,-0.268886135457,3.45740297499,-0.893862331374,0.0507067240808,-0.445464881539,0.298412000467,0,0,0,1
42899163,182708.236,lowres_wide/42899163_182708.236.png,lowres_depth/42899163_182708.236.png,confidence/42899163_182708.236.png,lowres_wide_intrinsics/42899163_182708.236.pincam,182708.23609046,0.00009046,182708.236,0.000,256,192,212.389,212.389,126.871,98.9407,-0.41250172057,0.38209909106,0.826947770502,1.33288604861,0.202803045603,0.923517046385,-0.325556738113,3.44931227491,-0.88809529625,0.0334148117978,-0.458443229999,0.296179078219,0,0,0,1
42899163,182708.336,lowres_wide/42899163_182708.336.png,lowres_depth/42899163_182708.336.png,confidence/42899163_182708.336.png,lowres_wide_intrinsics/42899163_182708.336.pincam,182708.33604913,0.00004913,182708.336,0.000,256,192,212.389,212.389,126.873,98.937,-0.417907196868,0.42903890178,0.80079909813,1.37535872479,0.219761957191,0.903024686191,-0.36912206423,3.43615168251,-0.881509079351,0.0217264099579,-0.471666944075,0.29032906817,0,0,0,1
42899163,182708.436,lowres_wide/42899163_182708.436.png,lowres_depth/42899163_182708.436.png,confidence/42899163_182708.436.png,lowres_wide_intrinsics/42899163_182708.436.pincam,182708.43600742,0.00000742,182708.436,0.000,256,192,212.389,212.389,126.874,98.937,-0.406731968007,0.469176906778,0.783863595498,1.419513225,0.238136207236,0.882830086963,-0.404848347355,3.41759458419,-0.881963861507,0.0220015385581,-0.470803227789,0.283246191182,0,0,0,1
42899163,182708.536,lowres_wide/42899163_182708.536.png,lowres_depth/42899163_182708.536.png,confidence/42899163_182708.536.png,lowres_wide_intrinsics/42899163_182708.536.pincam,182708.53596617,0.00003383,182708.536,0.000,256,192,212.389,212.389,126.874,98.944,-0.388109800948,0.494051920144,0.777999667487,1.4699171315,0.263342193068,0.868425401337,-0.420105000758,3.39288509711,-0.883188355765,0.041833270421,-0.467149125791,0.276502804175,0,0,0,1
42899163,182708.636,lowres_wide/42899163_182708.636.png,lowres_depth/42899163_182708.636.png,confidence/42899163_182708.636.png,lowres_wide_intrinsics/42899163_182708.636.pincam,182708.63592463,0.00007537,182708.636,0.000,256,192,212.389,212.389,126.875,98.9513,-0.374456032106,0.51297107172,0.772426928323,1.52520155415,0.287190921778,0.856232801748,-0.42940279885,3.3628406938,-0.881648486909,0.0610415333185,-0.467942172434,0.274259413026,0,0,0,1
42899163,182708.736,lowres_wide/42899163_182708.736.png,lowres_depth/42899163_182708.736.png,confidence/42899163_182708.736.png,lowres_wide_intrinsics/42899163_182708.736.pincam,182708.73588342,0.00011658,182708.736,0.000,256,192,212.389,212.389,126.878,98.957,-0.367564054603,0.533794770002,0.76155092363,1.5804588487,0.311915235072,0.842201566988,-0.439778815648,3.33206519019,-0.876131012973,0.0758924507555,-0.47606174392,0.275769298123,0,0,0,1
42899163,182708.836,lowres_wide/42899163_182708.836.png,lowres_depth/42899163_182708.836.png,confidence/42899163_182708.836.png,lowres_wide_intrinsics/42899163_182708.836.pincam,182708.83584175,0.00015825,182708.836,0.000,256,192,212.449,212.449,126.875,98.9549,-0.354704213647,0.543723902119,0.760624243031,1.63101797423,0.302392281307,0.836511083183,-0.456955266868,3.31091685474,-0.884728110228,0.0679229414609,-0.46113191713,0.279256135386,0,0,0,1
42899163,182708.936,lowres_wide/42899163_182708.936.png,lowres_depth/42899163_182708.936.png,confidence/42899163_182708.936.png,lowres_wide_intrinsics/42899163_182708.936.pincam,182708.93580063,0.00019937,182708.936,0.000,256,192,212.389,212.389,126.879,98.9528,-0.373225864962,0.552608774479,0.745201983419,1.68185923062,0.30449216318,0.831713239625,-0.464260282163,3.2946512066,-0.87634866137,0.0536342185595,-0.478681934393,0.283677168334,0,0,0,1
42899163,182709.036,lowres_wide/42899163_182709.036.png,lowres_depth/42899163_182709.036.png,confidence/42899163_182709.036.png,lowres_wide_intrinsics/42899163_182709.036.pincam,182709.03575933,0.00024067,182709.036,0.000,256,192,212.389,212.389,126.88,98.9492,-0.365215030998,0.566835014087,0.738455176661,1.7251122217,0.300522992589,0.822567943753,-0.482771072907,3.28381021754,-0.881081104132,0.0456075072267,-0.470761131813,0.288964953344,0,0,0,1
42899163,182709.136,lowres_wide/42899163_182709.136.png,lowres_depth/42899163_182709.136.png,confidence/42899163_182709.136.png,lowres_wide_intrinsics/42899163_182709.136.pincam,182709.13571796,0.00028204,182709.136,0.000,256,192,212.389,212.389,126.878,98.9427,-0.364314285425,0.586975629879,0.723003949756,1.77441251735,0.294368361342,0.809135749041,-0.508573109262,3.27603059733,-0.883528363594,0.0275490390462,-0.467566766539,0.290014606088,0,0,0,1
42899163,182709.236,lowres_wide/42899163_182709.236.png,lowres_depth/42899163_182709.236.png,confidence/42899163_182709.236.png,lowres_wide_intrinsics/42899163_182709.236.pincam,182709.23567646,0.00032354,182709.236,0.000,256,192,212.389,212.389,126.878,98.9394,-0.35625207992,0.617413346666,0.701345289362,1.82488407811,0.301861798323,0.786392002518,-0.538949972715,3.27247318422,-0.884287232898,0.0197073015397,-0.466527289663,0.285958659705,0,0,0,1
42899163,182709.336,lowres_wide/42899163_182709.336.png,lowres_depth/42899163_182709.336.png,confidence/42899163_182709.336.png,lowres_wide_intrinsics/42899163_182709.336.pincam,182709.33563500,0.00036500,182709.336,0.000,256,192,212.389,212.389,126.875,98.9403,-0.328014930121,0.648884311789,0.686553243043,1.87819836803,0.306872936453,0.760539511929,-0.572196340139,3.27401839486,-0.893440096756,0.0229956671978,-0.448593349036,0.281626639886,0,0,0,1
42899163,182709.436,lowres_wide/42899163_182709.436.png,lowres_depth/42899163_182709.436.png,confidence/42899163_182709.436.png,lowres_wide_intrinsics/42899163_182709.436.pincam,182709.43559367,0.00040633,182709.436,0.000,256,192,212.389,212.389,126.873,98.9341,-0.318096861249,0.690292364504,0.649854474765,1.94563783252,0.310778568192,0.723506617213,-0.616404782916,3.28382600319,-0.895673527808,0.00588441649653,-0.444673256702,0.278909053417,0,0,0,1
42899163,182709.536,lowres_wide/42899163_182709.536.png,lowres_depth/42899163_182709.536.png,confidence/42899163_182709.536.png,lowres_wide_intrinsics/42899163_182709.536.pincam,182709.53555229,0.00044771,182709.536,0.000,256,192,212.389,212.389,126.877,98.9307,-0.317703238246,0.728879775125,0.606464282396,2.02005885049,0.33553980273,0.684638554283,-0.647057254632,3.2977861595,-0.886835775773,-0.00207927944934,-0.462080061684,0.279707118198,0,0,0,1
42899163,182709.636,lowres_wide/42899163_182709.636.png,lowres_depth/42899163_182709.636.png,confidence/42899163_182709.636.png,lowres_wide_intrinsics/42899163_182709.636.pincam,182709.63551071,0.00048929,182709.636,0.000,256,192,212.389,212.389,126.88,98.9301,-0.316144006343,0.74890501534,0.58240385065,2.09264432203,0.352125977368,0.662665984607,-0.660969809377,3.31545787958,-0.880942826361,-0.00388211847537,-0.473206789723,0.286696115678,0,0,0,1
42899163,182709.735,lowres_wide/42899163_182709.735.png,lowres_depth/42899163_182709.735.png,confidence/42899163_182709.735.png,lowres_wide_intrinsics/42899163_182709.735.pincam,182709.73546967,0.00046967,182709.735,0.000,256,192,212.389,212.389,126.879,98.9292,-0.299196867354,0.776904358586,0.55398632851,2.15601085062,0.360907069363,0.629590856269,-0.688012675019,3.33060210945,-0.883304772912,-0.00591365477582,-0.468761887143,0.294379881128,0,0,0,1
42899163,182709.835,lowres_wide/42899163_182709.835.png,lowres_depth/42899163_182709.835.png,confidence/42899163_182709.835.png,lowres_wide_intrinsics/42899163_182709.835.pincam,182709.83542800,0.00042800,182709.835,0.000,256,192,212.389,212.389,126.881,98.9265,-0.293643836793,0.802483886264,0.519415931023,2.21081250392,0.37586129228,0.596532026822,-0.709138794554,3.33415748555,-0.878920693851,-0.0130058933869,-0.476790583651,0.297029387208,0,0,0,1
42899163,182709.935,lowres_wide/42899163_182709.935.png,lowres_depth/42899163_182709.935.png,confidence/42899163_182709.935.png,lowres_wide_intrinsics/42899163_182709.935.pincam,182709.93538629,0.00038629,182709.935,0.000,256,192,212.389,212.389,126.88,98.924,-0.28073415555,0.82534382715,0.489893764905,2.25891667208,0.380098391173,0.564292469763,-0.732870535358,3.33132923345,-0.881313534978,-0.0195339589858,-0.472128030847,0.295737904118,0,0,0,1
42899163,182710.035,lowres_wide/42899163_182710.035.png,lowres_depth/42899163_182710.035.png,confidence/42899163_182710.035.png,lowres_wide_intrinsics/42899163_182710.035.pincam,182710.03534529,0.00034529,182710.035,0.000,256,192,212.389,212.389,126.879,98.9223,-0.262934899856,0.851295773614,0.45404927515,2.30481453795,0.389313933128,0.524208730986,-0.757390168824,3.31784325183,-0.882779644028,-0.0223765990488,-0.469254076066,0.28919836097,0,0,0,1
42899163,182710.135,lowres_wide/42899163_182710.135.png,lowres_depth/42899163_182710.135.png,confidence/42899163_182710.135.png,lowres_wide_intrinsics/42899163_182710.135.pincam,182710.13530417,0.00030417,182710.135,0.000,256,192,212.389,212.389,126.88,98.9343,-0.231923068691,0.858496318276,0.457379231837,2.34361062372,0.411137165495,0.512649019855,-0.753762040428,3.29574167098,-0.881576951467,0.013230795455,-0.47185487673,0.281175138174,0,0,0,1
42899163,182710.235,lowres_wide/42899163_182710.235.png,lowres_depth/42899163_182710.235.png,confidence/42899163_182710.235.png,lowres_wide_intrinsics/42899163_182710.235.pincam,182710.23526258,0.00026258,182710.235,0.000,256,192,212.329,212.329,126.885,98.9507,-0.193028088436,0.867774154588,0.457939050206,2.37401173954,0.443096174459,0.493509799695,-0.748407547921,3.27784110284,-0.875446136124,0.0584473629355,-0.479768661452,0.28003425343,0,0,0,1
42899163,182710.335,lowres_wide/42899163_182710.335.png,lowres_depth/42899163_182710.335.png,confidence/42899163_182710.335.png,lowres_wide_intrinsics/42899163_182710.335.pincam,182710.33522087,0.00022087,182710.335,0.000,256,192,212.389,212.389,126.879,98.9513,-0.156818998662,0.890961676523,0.426139757153,2.40196051905,0.429818694339,0.450042039205,-0.782763088645,3.27631660947,-0.889192719075,0.0604107102752,-0.453527126453,0.287614910037,0,0,0,1
42899163,182710.435,lowres_wide/42899163_182710.435.png,lowres_depth/42899163_182710.435.png,confidence/42899163_182710.435.png,lowres_wide_intrinsics/42899163_182710.435.pincam,182710.43517958,0.00017958,182710.435,0.000,256,192,212.389,212.389,126.876,98.9431,-0.146165256633,0.916755548347,0.371745857177,2.42968653963,0.423902205304,0.397575683671,-0.813781602208,3.28413081333,-0.893835912286,0.0386372919406,-0.446726450504,0.300767214629,0,0,0,1
42899163,182710.535,lowres_wide/42899163_182710.535.png,lowres_depth/42899163_182710.535.png,confidence/42899163_182710.535.png,lowres_wide_intrinsics/42899163_182710.535.pincam,182710.53513838,0.00013838,182710.535,0.000,256,192,212.449,212.449,126.871,98.9341,-0.130941773948,0.940216744398,0.314398990758,2.45808428971,0.404889138639,0.34019292141,-0.848724667743,3.30784824038,-0.904941455149,0.0161632229693,-0.425229012387,0.308814350142,0,0,0,1
42899163,182710.635,lowres_wide/42899163_182710.635.png,lowres_depth/42899163_182710.635.png,confidence/42899163_182710.635.png,lowres_wide_intrinsics/42899163_182710.635.pincam,182710.63509717,0.00009717,182710.635,0.000,256,192,212.389,212.389,126.872,98.9268,-0.115122099551,0.964472893682,0.237779182326,2.49272959546,0.412839946562,0.264172818577,-0.871651249324,3.34074307197,-0.903498799511,-0.00218157697343,-0.428585067407,0.304201761877,0,0,0,1
42899163,182710.735,lowres_wide/42899163_182710.735.png,lowres_depth/42899163_182710.735.png,confidence/42899163_182710.735.png,lowres_wide_intrinsics/42899163_182710.735.pincam,182710.73505571,0.00005571,182710.735,0.000,256,192,212.389,212.389,126.872,98.9246,-0.0808212820713,0.984337767892,0.156675074808,2.52798121348,0.42347524025,0.176207932597,-0.888605359755,3.38051649173,-0.902295207379,-0.00547020948529,-0.431084023768,0.300026364501,0,0,0,1
42899163,182710.835,lowres_wide/42899163_182710.835.png,lowres_depth/42899163_182710.835.png,confidence/42899163_182710.835.png,lowres_wide_intrinsics/42899163_182710.835.pincam,182710.83501413,0.00001413,182710.835,0.000,256,192,212.389,212.389,126.872,98.9241,-0.0450719867841,0.995429729595,0.0841912670411,2.56111230183,0.426519852945,0.0953845690126,-0.899434599645,3.42761624331,-0.903354488034,-0.00463005755066,-0.428869713918,0.308640694125,0,0,0,1
42899163,182710.935,lowres_wide/42899163_182710.935.png,lowres_depth/42899163_182710.935.png,confidence/42899163_182710.935.png,lowres_wide_intrinsics/42899163_182710.935.pincam,182710.93497279,0.00002721,182710.935,0.000,256,192,212.449,212.449,126.866,98.9204,-0.0382374041244,0.997748061007,0.0551063306854,2.59070633539,0.395342103997,0.0657521079084,-0.916177537987,3.47724778587,-0.917737719467,-0.013246398053,-0.39696600762,0.328285047329,0,0,0,1
42899163,182711.035,lowres_wide/42899163_182711.035.png,lowres_depth/42899163_182711.035.png,confidence/42899163_182711.035.png,lowres_wide_intrinsics/42899163_182711.035.pincam,182711.03493150,0.00006850,182711.035,0.000,256,192,212.449,212.449,126.861,98.9211,-0.0214113735933,0.999177940184,0.0344237843739,2.60881587098,0.363711172067,0.0398571147221,-0.930658688091,3.52389623685,-0.931265663704,-0.007406365897,-0.364265575302,0.350185894324,0,0,0,1
42899163,182711.135,lowres_wide/42899163_182711.135.png,lowres_depth/42899163_182711.135.png,confidence/42899163_182711.135.png,lowres_wide_intrinsics/42899163_182711.135.pincam,182711.13489000,0.00011000,182711.135,0.000,256,192,212.449,212.449,126.857,98.9268,0.00722146617922,0.999927408346,0.00964512647192,2.61138331103,0.33598125839,0.00665842150124,-0.94184513559,3.56477321386,-0.941840986811,0.0100420845221,-0.335908785389,0.366506672956,0,0,0,1
42899163,182711.235,lowres_wide/42899163_182711.235.png,lowres_depth/42899163_182711.235.png,confidence/42899163_182711.235.png,lowres_wide_intrinsics/42899163_182711.235.pincam,182711.23484875,0.00015125,182711.235,0.000,256,192,212.509,212.509,126.854,98.9277,0.0157262242649,0.999870094583,-0.00353268009935,2.60797643675,0.3084875126,-0.00821267104166,-0.951192938685,3.60102941213,-0.951098386309,0.0138688857763,-0.308576592708,0.379008348304,0,0,0,1
42899163,182711.335,lowres_wide/42899163_182711.335.png,lowres_depth/42899163_182711.335.png,confidence/42899163_182711.335.png,lowres_wide_intrinsics/42899163_182711.335.pincam,182711.33480721,0.00019279,182711.335,0.000,256,192,212.509,212.509,126.852,98.9248,0.0213568234795,0.999623076674,-0.0172508165446,2.60055944097,0.303630955012,-0.0229248758444,-0.952513880857,3.630941049,-0.952550328985,0.0151047889131,-0.30400611195,0.389256899029,0,0,0,1
42899163,182711.435,lowres_wide/42899163_182711.435.png,lowres_depth/42899163_182711.435.png,confidence/42899163_182711.435.png,lowres_wide_intrinsics/42899163_182711.435.pincam,182711.43476579,0.00023421,182711.435,0.000,256,192,212.509,212.509,126.851,98.928,0.0222936727521,0.999597730121,-0.0175319734152,2.59418939193,0.292665713179,-0.0232933218596,-0.955931065237,3.65949247303,-0.955954900863,0.016180206839,-0.293067276273,0.400236437417,0,0,0,1
42899163,182711.535,lowres_wide/42899163_182711.535.png,lowres_depth/42899163_182711.535.png,confidence/42899163_182711.535.png,lowres_wide_intrinsics/42899163_182711.535.pincam,182711.53472421,0.00027579,182711.535,0.000,256,192,212.509,212.509,126.85,98.9347,0.0406922925538,0.998996247151,-0.0187252638366,2.59118708525,0.276206870656,-0.0292573347702,-0.960652784811,3.68601273997,-0.960236378153,0.0339191176357,-0.277120175248,0.417367427601,0,0,0,1
42899163,182711.635,lowres_wide/42899163_182711.635.png,lowres_depth/42899163_182711.635.png,confidence/42899163_182711.635.png,lowres_wide_intrinsics/42899163_182711.635.pincam,182711.63468300,0.00031700,182711.635,0.000,256,192,212.509,212.509,126.849,98.938,0.047220085867,0.998837043384,-0.00973777466885,2.59624944326,0.242766896286,-0.0209320831978,-0.969858794857,3.70998863175,-0.968934723064,0.0434328062389,-0.243472983683,0.442238818393,0,0,0,1
42899163,182711.735,lowres_wide/42899163_182711.735.png,lowres_depth/42899163_182711.735.png,confidence/42899163_182711.735.png,lowres_wide_intrinsics/42899163_182711.735.pincam,182711.73464142,0.00035858,182711.735,0.000,256,192,212.63,212.63,126.848,98.9362,0.0409799962099,0.999094178387,-0.0114657151554,2.6135809555,0.172634081897,-0.0183827977874,-0.984814473144,3.72846382132,-0.984133178832,0.0383783201677,-0.173231033198,0.465264738735,0,0,0,1
42899163,182711.835,lowres_wide/42899163_182711.835.png,lowres_depth/42899163_182711.835.png,confidence/42899163_182711.835.png,lowres_wide_intrinsics/42899163_182711.835.pincam,182711.83460033,0.00039967,182711.835,0.000,256,192,212.63,212.63,126.85,98.929,0.02182680115,0.999548756361,-0.0206367247731,2.63289828077,0.12559796787,-0.0232195783757,-0.991809458337,3.73765995988,-0.991841086676,0.0190560971308,-0.126048101706,0.485759814998,0,0,0,1
42899163,182711.935,lowres_wide/42899163_182711.935.png,lowres_depth/42899163_182711.935.png,confidence/42899163_182711.935.png,lowres_wide_intrinsics/42899163_182711.935.pincam,182711.93455854,0.00044146,182711.935,0.000,256,192,212.63,212.63,126.852,98.9308,0.0258607751154,0.999595628774,-0.0118236731207,2.64434993048,0.0863596430226,-0.0140173297085,-0.996165411227,3.74489185054,-0.995928326923,0.0247405214875,-0.0866872206792,0.500100708842,0,0,0,1
42899163,182712.035,lowres_wide/42899163_182712.035.png,lowres_depth/42899163_182712.035.png,confidence/42899163_182712.035.png,lowres_wide_intrinsics/42899163_182712.035.pincam,182712.03451700,0.00048300,182712.035,0.000,256,192,212.69,212.69,126.857,98.9267,0.0137565877883,0.999594796708,-0.0249198452569,2.65490002418,0.0397848044852,-0.02544965313,-0.998884119649,3.75520766988,-0.999113569933,0.012749805911,-0.0401187839389,0.513300573261,0,0,0,1
42899163,182712.134,lowres_wide/42899163_182712.134.png,lowres_depth/42899163_182712.134.png,confidence/42899163_182712.134.png,lowres_wide_intrinsics/42899163_182712.134.pincam,182712.13447579,0.00047579,182712.134,0.000,256,192,212.63,212.63,126.862,98.9204,-0.00471925279303,0.999687242175,-0.0245590408143,2.6630813372,0.00215873900143,-0.0245490723983,-0.999696295327,3.7659619054,-0.999986534159,-0.00477083609315,-0.00204221056044,0.523507024267,0,0,0,1
42899163,182712.234,lowres_wide/42899163_182712.234.png,lowres_depth/42899163_182712.234.png,confidence/42899163_182712.234.png,lowres_wide_intrinsics/42899163_182712.234.pincam,182712.23443467,0.00043467,182712.234,0.000,256,192,212.69,212.69,126.867,98.9192,-0.00917474267572,0.999866078786,-0.0135517006053,2.66753787963,-0.0328239351746,-0.0138461039179,-0.99936523588,3.77545220195,-0.99941903793,-0.00872409873608,0.0329465737939,0.531325508012,0,0,0,1
42899163,182712.334,lowres_wide/42899163_182712.334.png,lowres_depth/42899163_182712.334.png,confidence/42899163_182712.334.png,lowres_wide_intrinsics/42899163_182712.334.pincam,182712.33439279,0.00039279,182712.334,0.000,256,192,212.75,212.75,126.874,98.9154,-0.0209962065341,0.999628310234,-0.0173896719511,2.6732647433,-0.0720379624925,-0.0188609246503,-0.997223544388,3.78707676657,-0.997180871894,-0.0196851949629,0.0724071945884,0.542201823663,0,0,0,1
42899163,182712.434,lowres_wide/42899163_182712.434.png,lowres_depth/42899163_182712.434.png,confidence/42899163_182712.434.png,lowres_wide_intrinsics/42899163_182712.434.pincam,182712.43435179,0.00035179,182712.434,0.000,256,192,212.75,212.75,126.882,98.9132,-0.0288182731346,0.999433452871,-0.0173862134077,2.6750010132,-0.110053850721,-0.0204600948848,-0.993715016722,3.7981817657,-0.993507753908,-0.0267237310348,0.110581124631,0.550983682774,0,0,0,1
42899163,182712.534,lowres_wide/42899163_182712.534.png,lowres_depth/42899163_182712.534.png,confidence/42899163_182712.534.png,lowres_wide_intrinsics/42899163_182712.534.pincam,182712.53431017,0.00031017,182712.534,0.000,256,192,212.75,212.75,126.89,98.9106,-0.040216316067,0.998506660133,-0.0369742828471,2.67872463449,-0.141620100341,-0.0423267957581,-0.989015768095,3.80808903451,-0.989103834338,-0.0345382690781,0.143110841196,0.559384761295,0,0,0,1
42899163,182712.634,lowres_wide/42899163_182712.634.png,lowres_depth/42899163_182712.634.png,confidence/42899163_182712.634.png,lowres_wide_intrinsics/42899163_182712.634.pincam,182712.63426900,0.00026900,182712.634,0.000,256,192,212.75,212.75,126.896,98.9081,-0.0514240816668,0.997289942693,-0.0526149601143,2.6815863653,-0.165076910382,-0.0604483101178,-0.984426541425,3.81521950868,-0.98493917451,-0.0419377158057,0.167738041331,0.565971228743,0,0,0,1
42899163,182712.734,lowres_wide/42899163_182712.734.png,lowres_depth/42899163_182712.734.png,confidence/42899163_182712.734.png,lowres_wide_intrinsics/42899163_182712.734.pincam,182712.73422746,0.00022746,182712.734,0.000,256,192,212.75,212.75,126.904,98.9072,-0.0574506630394,0.996439727026,-0.0617032553516,2.68351742515,-0.192789629091,-0.0717150049554,-0.97861591903,3.82388425438,-0.979556828485,-0.0443263856963,0.196223319969,0.57310091792,0,0,0,1
42899163,182712.834,lowres_wide/42899163_182712.834.png,lowres_depth/42899163_182712.834.png,confidence/42899163_182712.834.png,lowres_wide_intrinsics/42899163_182712.834.pincam,182712.83418579,0.00018579,182712.834,0.000,256,192,212.811,212.811,126.912,98.9112,-0.0470336782858,0.997280634902,-0.0567377154597,2.68201656328,-0.215399828201,-0.0655901410161,-0.974320710758,3.82981578875,-0.975392611781,-0.0336045926944,0.217899023018,0.578939419929,0,0,0,1
42899163,182712.934,lowres_wide/42899163_182712.934.png,lowres_depth/42899163_182712.934.png,confidence/42899163_182712.934.png,lowres_wide_intrinsics/42899163_182712.934.pincam,182712.93414496,0.00014496,182712.934,0.000,256,192,212.811,212.811,126.915,98.914,-0.0507360091539,0.996927057149,-0.0596850073242,2.68243250738,-0.218114626921,-0.0693800673995,-0.973453859087,3.83085169791,-0.974603440841,-0.0363709908003,0.220964440872,0.584113770807,0,0,0,1
42899163,182713.034,lowres_wide/42899163_182713.034.png,lowres_depth/42899163_182713.034.png,confidence/42899163_182713.034.png,lowres_wide_intrinsics/42899163_182713.034.pincam,182713.03410354,0.00010354,182713.034,0.000,256,192,212.75,212.75,126.917,98.9063,-0.05966161497,0.996670540064,-0.0555727115376,2.68341562536,-0.227610212736,-0.0677880621274,-0.971389916404,3.83240412777,-0.971922879017,-0.0453057744828,0.230896738914,0.589109263403,0,0,0,1
42899163,182713.134,lowres_wide/42899163_182713.134.png,lowres_depth/42899163_182713.134.png,confidence/42899163_182713.134.png,lowres_wide_intrinsics/42899163_182713.134.pincam,182713.13406175,0.00006175,182713.134,0.000,256,192,212.811,212.811,126.92,98.9025,-0.0646656963908,0.996629588747,-0.050475841185,2.68307539478,-0.242185896667,-0.0647433424817,-0.968067296762,3.83382100557,-0.968072486525,-0.0503762090409,0.245556303923,0.594882812239,0,0,0,1
42899163,182713.234,lowres_wide/42899163_182713.234.png,lowres_depth/42899163_182713.234.png,confidence/42899163_182713.234.png,lowres_wide_intrinsics/42899163_182713.234.pincam,182713.23402033,0.00002033,182713.234,0.000,256,192,212.75,212.75,126.925,98.9017,-0.0749481138413,0.994988137285,-0.0661920455442,2.68404902042,-0.258839079654,-0.0835148882108,-0.962303275631,3.83787984538,-0.963008365008,-0.0549897273028,0.263801097071,0.59987256856,0,0,0,1
42899163,182713.334,lowres_wide/42899163_182713.334.png,lowres_depth/42899163_182713.334.png,confidence/42899163_182713.334.png,lowres_wide_intrinsics/42899163_182713.334.pincam,182713.33397933,0.00002067,182713.334,0.000,256,192,212.811,212.811,126.929,98.8992,-0.0806263990222,0.993565687187,-0.0795399838108,2.68379755737,-0.269418784814,-0.0985530689675,-0.95796701978,3.84052640402,-0.959642069821,-0.0558078654044,0.275631239138,0.604637008604,0,0,0,1
42899163,182713.434,lowres_wide/42899163_182713.434.png,lowres_depth/42899163_182713.434.png,confidence/42899163_182713.434.png,lowres_wide_intrinsics/42899163_182713.434.pincam,182713.43393813,0.00006187,182713.434,0.000,256,192,212.811,212.811,126.937,98.8994,-0.0867062516436,0.991505062999,-0.0969522355203,2.68250861343,-0.29868504335,-0.118714219606,-0.946939374481,3.84695049296,-0.95040479313,-0.0531473810258,0.306440997723,0.608743940009,0,0,0,1
42899163,182713.534,lowres_wide/42899163_182713.534.png,lowres_depth/42899163_182713.534.png,confidence/42899163_182713.534.png,lowres_wide_intrinsics/42899163_182713.534.pincam,182713.53389629,0.00010371,182713.534,0.000,256,192,212.871,212.871,126.951,98.9,-0.0973288238127,0.988509983025,-0.115650825834,2.68247661075,-0.33385517791,-0.141897170443,-0.931882993301,3.85665027106,-0.937586166834,-0.0520884486347,0.34382986095,0.612941044267,0,0,0,1
42899163,182713.634,lowres_wide/42899163_182713.634.png,lowres_depth/42899163_182713.634.png,confidence/42899163_182713.634.png,lowres_wide_intrinsics/42899163_182713.634.pincam,182713.63385517,0.00014483,182713.634,0.000,256,192,212.871,212.871,126.962,98.9009,-0.105747301068,0.985758242867,-0.130760066295,2.68201399019,-0.357110869303,-0.16037181075,-0.920191669894,3.86585730353,-0.928056752221,-0.0506119446117,0.368983869187,0.616314245306,0,0,0,1
42899163,182713.734,lowres_wide/42899163_182713.734.png,lowres_depth/42899163_182713.734.png,confidence/42899163_182713.734.png,lowres_wide_intrinsics/42899163_182713.734.pincam,182713.73381379,0.00018621,182713.734,0.000,256,192,212.931,212.931,126.973,98.9017,-0.114524268759,0.983155340175,-0.142442160019,2.68090186469,-0.372551007864,-0.175425834097,-0.911280156303,3.87240942937,-0.920917986796,-0.0512967232584,0.38636602824,0.619188295519,0,0,0,1
42899163,182713.834,lowres_wide/42899163_182713.834.png,lowres_depth/42899163_182713.834.png,confidence/42899163_182713.834.png,lowres_wide_intrinsics/42899163_182713.834.pincam,182713.83377192,0.00022808,182713.834,0.000,256,192,212.931,212.931,126.982,98.9008,-0.123062146074,0.980103043274,-0.155736099763,2.67734797343,-0.386329927201,-0.191862855027,-0.902185032136,3.87763349704,-0.914114268323,-0.0508593101261,0.402254192049,0.62157868624,0,0,0,1
42899163,182713.934,lowres_wide/42899163_182713.934.png,lowres_depth/42899163_182713.934.png,confidence/42899163_182713.934.png,lowres_wide_intrinsics/42899163_182713.934.pincam,182713.93373083,0.00026917,182713.934,0.000,256,192,212.931,212.931,126.987,98.8991,-0.130290166705,0.976995173464,-0.168833952412,2.67327510768,-0.395347361678,-0.207356162849,-0.894820588355,3.88128951375,-0.90924415647,-0.0498382659801,0.413268933226,0.62396988462,0,0,0,1
42899163,182714.034,lowres_wide/42899163_182714.034.png,lowres_depth/42899163_182714.034.png,confidence/42899163_182714.034.png,lowres_wide_intrinsics/42899163_182714.034.pincam,182714.03368954,0.00031046,182714.034,0.000,256,192,212.871,212.871,126.991,98.9023,-0.138067072473,0.971889275836,-0.190705844205,2.66896384386,-0.403900423999,-0.231062248124,-0.885141053723,3.88654094511,-0.904324018808,-0.0451826626798,0.424448578748,0.625338294859,0,0,0,1
42899163,182714.134,lowres_wide/42899163_182714.134.png,lowres_depth/42899163_182714.134.png,confidence/42899163_182714.134.png,lowres_wide_intrinsics/42899163_182714.134.pincam,182714.13364808,0.00035192,182714.134,0.000,256,192,212.931,212.931,126.996,98.9047,-0.147309786601,0.96458639111,-0.218798813657,2.66544616426,-0.410534774709,-0.260885261067,-0.87372769174,3.89191486551,-0.89986722661,-0.0388841181461,0.434427208896,0.625444826975,0,0,0,1
42899163,182714.234,lowres_wide/42899163_182714.234.png,lowres_depth/42899163_182714.234.png,confidence/42899163_182714.234.png,lowres_wide_intrinsics/42899163_182714.234.pincam,182714.23360683,0.00039317,182714.234,0.000,256,192,212.931,212.931,126.998,98.9065,-0.160116980337,0.954216164587,-0.252654039842,2.66170287909,-0.41022682593,-0.297131959578,-0.862221868132,3.89652491782,-0.897817633985,-0.0344108970831,0.439020940579,0.626482597311,0,0,0,1
42899163,182714.334,lowres_wide/42899163_182714.334.png,lowres_depth/42899163_182714.334.png,confidence/42899163_182714.334.png,lowres_wide_intrinsics/42899163_182714.334.pincam,182714.33356542,0.00043458,182714.334,0.000,256,192,212.931,212.931,126.997,98.907,-0.173639286556,0.942791079538,-0.28459511329,2.65742298192,-0.402215179289,-0.331675730656,-0.853354650332,3.90023861071,-0.898928444157,-0.0337074181465,0.436796820327,0.625980633857,0,0,0,1
42899163,182714.434,lowres_wide/42899163_182714.434.png,lowres_depth/42899163_182714.434.png,confidence/42899163_182714.434.png,lowres_wide_intrinsics/42899163_182714.434.pincam,182714.43352367,0.00047633,182714.434,0.000,256,192,212.931,212.931,127.0,98.9082,-0.186896078146,0.930453736602,-0.315159800762,2.65371276085,-0.400955390604,-0.365124106339,-0.840189955734,3.90497285042,-0.896830324375,-0.0306631866072,0.44131070491,0.625415491298,0,0,0,1
42899163,182714.533,lowres_wide/42899163_182714.533.png,lowres_depth/42899163_182714.533.png,confidence/42899163_182714.533.png,lowres_wide_intrinsics/42899163_182714.533.pincam,182714.53348238,0.00048238,182714.533,0.000,256,192,212.931,212.931,127.004,98.9101,-0.197409004755,0.91952879849,-0.339847721178,2.65006268837,-0.404252918451,-0.392179164217,-0.826302051963,3.91222234172,-0.893089728284,-0.0257350325902,0.449141898883,0.624513355397,0,0,0,1
42899163,182714.633,lowres_wide/42899163_182714.633.png,lowres_depth/42899163_182714.633.png,confidence/42899163_182714.633.png,lowres_wide_intrinsics/42899163_182714.633.pincam,182714.63344137,0.00044137,182714.633,0.000,256,192,212.931,212.931,127.006,98.9122,-0.205852017036,0.90827070014,-0.364237947433,2.64633384181,-0.404227645144,-0.417892716322,-0.813612738682,3.91815245582,-0.891192997046,-0.0202487755811,0.45317218483,0.624142359989,0,0,0,1
42899163,182714.733,lowres_wide/42899163_182714.733.png,lowres_depth/42899163_182714.733.png,confidence/42899163_182714.733.png,lowres_wide_intrinsics/42899163_182714.733.pincam,182714.73339996,0.00039996,182714.733,0.000,256,192,212.931,212.931,127.008,98.9133,-0.216325171552,0.896758905859,-0.386040004295,2.64371413411,-0.403573072356,-0.442173979934,-0.801006208926,3.92151511324,-0.889006296615,-0.0174824549747,0.457561108865,0.624697694468,0,0,0,1
42899163,182714.833,lowres_wide/42899163_182714.833.png,lowres_depth/42899163_182714.833.png,confidence/42899163_182714.833.png,lowres_wide_intrinsics/42899163_182714.833.pincam,182714.83335838,0.00035838,182714.833,0.000,256,192,212.931,212.931,127.008,98.9157,-0.225063149012,0.885228916601,-0.407082723989,2.64260272971,-0.402301786353,-0.464953063758,-0.788651964557,3.92592360701,-0.887411883881,-0.0137263875639,0.460772975152,0.625156635777,0,0,0,1
42899163,182714.933,lowres_wide/42899163_182714.933.png,lowres_depth/42899163_182714.933.png,confidence/42899163_182714.933.png,lowres_wide_intrinsics/42899163_182714.933.pincam,182714.93331704,0.00031704,182714.933,0.000,256,192,212.931,212.931,127.009,98.9189,-0.235184029986,0.87371574234,-0.425804266802,2.64112328971,-0.401600381524,-0.486300704991,-0.776033992738,3.92921849345,-0.88510203118,-0.0115076458165,0.465254735052,0.625955331089,0,0,0,1
42899163,182715.033,lowres_wide/42899163_182715.033.png,lowres_depth/42899163_182715.033.png,confidence/42899163_182715.033.png,lowres_wide_intrinsics/42899163_182715.033.pincam,182715.03327554,0.00027554,182715.033,0.000,256,192,212.931,212.931,127.01,98.9208,-0.244392953532,0.859324581956,-0.449258663923,2.63970385951,-0.40113667086,-0.511400837025,-0.759972733183,3.93292270886,-0.882814508011,-0.00551785606531,0.469689362993,0.626230595583,0,0,0,1
42899163,182715.133,lowres_wide/42899163_182715.133.png,lowres_depth/42899163_182715.133.png,confidence/42899163_182715.133.png,lowres_wide_intrinsics/42899163_182715.133.pincam,182715.13323392,0.00023392,182715.133,0.000,256,192,212.931,212.931,127.011,98.9232,-0.254515225608,0.839295905112,-0.480421048244,2.63889659174,-0.395352211131,-0.543672803506,-0.740348912258,3.93472325322,-0.882563668575,0.00150545326495,0.47019049812,0.625936824638,0,0,0,1
42899163,182715.233,lowres_wide/42899163_182715.233.png,lowres_depth/42899163_182715.233.png,confidence/42899163_182715.233.png,lowres_wide_intrinsics/42899163_182715.233.pincam,182715.23319217,0.00019217,182715.233,0.000,256,192,212.931,212.931,127.01,98.9246,-0.268460987678,0.813537892934,-0.515834076866,2.63999371411,-0.383792089226,-0.581486877028,-0.717339978038,3.9364361669,-0.883534000671,0.00539523904979,0.468335948923,0.62444865622,0,0,0,1
42899163,182715.333,lowres_wide/42899163_182715.333.png,lowres_depth/42899163_182715.333.png,confidence/42899163_182715.333.png,lowres_wide_intrinsics/42899163_182715.333.pincam,182715.33315175,0.00015175,182715.333,0.000,256,192,212.931,212.931,127.007,98.926,-0.280130012633,0.783994048549,-0.553967966458,2.6411270918,-0.367807847586,-0.620691243626,-0.692430333925,3.93628988841,-0.886704326862,0.00978324718454,0.462233409436,0.623897624399,0,0,0,1
42899163,182715.433,lowres_wide/42899163_182715.433.png,lowres_depth/42899163_182715.433.png,confidence/42899163_182715.433.png,lowres_wide_intrinsics/42899163_182715.433.pincam,182715.43311021,0.00011021,182715.433,0.000,256,192,212.931,212.931,127.005,98.9282,-0.291696029611,0.751070391039,-0.592289366792,2.64278131912,-0.354051767936,-0.660017753759,-0.662588794309,3.93522155497,-0.888572322285,0.0164265768775,0.458442358036,0.622728189307,0,0,0,1
42899163,182715.533,lowres_wide/42899163_182715.533.png,lowres_depth/42899163_182715.533.png,confidence/42899163_182715.533.png,lowres_wide_intrinsics/42899163_182715.533.pincam,182715.53306871,0.00006871,182715.533,0.000,256,192,212.931,212.931,127.003,98.9295,-0.302265740104,0.718458779577,-0.626460217738,2.64396623949,-0.338339053705,-0.695273829126,-0.634130102795,3.93121596829,-0.891157734129,0.0202801524092,0.453240122144,0.623162068761,0,0,0,1
42899163,182715.633,lowres_wide/42899163_182715.633.png,lowres_depth/42899163_182715.633.png,confidence/42899163_182715.633.png,lowres_wide_intrinsics/42899163_182715.633.pincam,182715.63302692,0.00002692,182715.633,0.000,256,192,212.931,212.931,127.0,98.9296,-0.313629732507,0.683767861381,-0.65886106474,2.64625849299,-0.319687745686,-0.729398854498,-0.604795053151,3.92725385855,-0.894111925961,0.0209480977655,0.447353373804,0.623825393363,0,0,0,1
42899163,182715.733,lowres_wide/42899163_182715.733.png,lowres_depth/42899163_182715.733.png,confidence/42899163_182715.733.png,lowres_wide_intrinsics/42899163_182715.733.pincam,182715.73298567,0.00001433,182715.733,0.000,256,192,212.931,212.931,127.0,98.9306,-0.327383864404,0.64802863756,-0.687661755684,2.64778234766,-0.306764093559,-0.761240613982,-0.571321729437,3.92464677101,-0.893708899044,0.0239084195563,0.448009811548,0.623702051385,0,0,0,1
42899163,182715.833,lowres_wide/42899163_182715.833.png,lowres_depth/42899163_182715.833.png,confidence/42899163_182715.833.png,lowres_wide_intrinsics/42899163_182715.833.pincam,182715.83294479,0.00005521,182715.833,0.000,256,192,212.931,212.931,126.996,98.9322,-0.333035124223,0.603728834428,-0.724292137548,2.64426010222,-0.284579838223,-0.796678711255,-0.533214165893,3.91959368999,-0.898944893589,0.0285398933539,0.437131047601,0.621963786846,0,0,0,1
42899163,182715.933,lowres_wide/42899163_182715.933.png,lowres_depth/42899163_182715.933.png,confidence/42899163_182715.933.png,lowres_wide_intrinsics/42899163_182715.933.pincam,182715.93290296,0.00009704,182715.933,0.000,256,192,212.931,212.931,126.991,98.9303,-0.344241959667,0.556961927858,-0.755837868939,2.63814924711,-0.256267728222,-0.830211703536,-0.495050885046,3.91681282995,-0.903229940091,0.0232795667738,0.428525071722,0.617501239411,0,0,0,1
42899163,182716.033,lowres_wide/42899163_182716.033.png,lowres_depth/42899163_182716.033.png,confidence/42899163_182716.033.png,lowres_wide_intrinsics/42899163_182716.033.pincam,182716.03286204,0.00013796,182716.033,0.000,256,192,212.931,212.931,126.987,98.9251,-0.355766993352,0.513994649226,-0.780537857511,2.62839179708,-0.222149007887,-0.857751600847,-0.463586032511,3.91315075946,-0.907788336968,0.00846710171811,0.419343109461,0.617922010265,0,0,0,1
42899163,182716.133,lowres_wide/42899163_182716.133.png,lowres_depth/42899163_182716.133.png,confidence/42899163_182716.133.png,lowres_wide_intrinsics/42899163_182716.133.pincam,182716.13282042,0.00017958,182716.133,0.000,256,192,212.871,212.871,126.979,98.923,-0.351464583169,0.476614087995,-0.805798770105,2.61486530246,-0.195332928106,-0.879100634502,-0.434772494089,3.90894348473,-0.915596905835,0.00459189982094,0.402071163453,0.621323724584,0,0,0,1
42899163,182716.233,lowres_wide/42899163_182716.233.png,lowres_depth/42899163_182716.233.png,confidence/42899163_182716.233.png,lowres_wide_intrinsics/42899163_182716.233.pincam,182716.23277888,0.00022112,182716.233,0.000,256,192,212.871,212.871,126.978,98.9235,-0.35419829236,0.448841867543,-0.820417300909,2.60553875923,-0.184193439363,-0.893590218969,-0.409352290159,3.90387639918,-0.916851321963,0.00612360221938,0.399181856941,0.620694093313,0,0,0,1
42899163,182716.333,lowres_wide/42899163_182716.333.png,lowres_depth/42899163_182716.333.png,confidence/42899163_182716.333.png,lowres_wide_intrinsics/42899163_182716.333.pincam,182716.33273754,0.00026246,182716.333,0.000,256,192,212.871,212.871,126.977,98.9205,-0.363325768876,0.405934179702,-0.838577263834,2.60193648873,-0.159170832567,-0.913899665504,-0.373432788399,3.89741634804,-0.91796461355,-0.00220071371249,0.396656179996,0.616825977089,0,0,0,1
42899163,182716.433,lowres_wide/42899163_182716.433.png,lowres_depth/42899163_182716.433.png,confidence/42899163_182716.433.png,lowres_wide_intrinsics/42899163_182716.433.pincam,182716.43269621,0.00030379,182716.433,0.000,256,192,212.871,212.871,126.971,98.9235,-0.357003440186,0.346723763879,-0.867370264222,2.59669574793,-0.139308316133,-0.937937702544,-0.317594173753,3.88662543956,-0.92365672019,0.00744967836008,0.383148490198,0.615652359817,0,0,0,1
42899163,182716.533,lowres_wide/42899163_182716.533.png,lowres_depth/42899163_182716.533.png,confidence/42899163_182716.533.png,lowres_wide_intrinsics/42899163_182716.533.pincam,182716.53265504,0.00034496,182716.533,0.000,256,192,212.871,212.871,126.969,98.9276,-0.359534972322,0.277535787111,-0.890903188091,2.59675994883,-0.121682138624,-0.960537557734,-0.250122084837,3.87254340706,-0.925163802155,0.0184793683847,0.379117992355,0.615798649556,0,0,0,1
42899163,182716.633,lowres_wide/42899163_182716.633.png,lowres_depth/42899163_182716.633.png,confidence/42899163_182716.633.png,lowres_wide_intrinsics/42899163_182716.633.pincam,182716.63261367,0.00038633,182716.633,0.000,256,192,212.871,212.871,126.967,98.9297,-0.362674043101,0.197313798898,-0.910788012232,2.59787559262,-0.0968643695027,-0.980016136632,-0.173740225228,3.85377477404,-0.926868292899,0.0252118366225,0.374539091301,0.613392966416,0,0,0,1
42899163,182716.733,lowres_wide/42899163_182716.733.png,lowres_depth/42899163_182716.733.png,confidence/42899163_182716.733.png,lowres_wide_intrinsics/42899163_182716.733.pincam,182716.73257200,0.00042800,182716.733,0.000,256,192,212.811,212.811,126.957,98.936,-0.339501506923,0.135803088323,-0.930750368251,2.59239712903,-0.0871016906488,-0.989809831974,-0.112648976976,3.83074507594,-0.936563944578,0.0428254332098,0.347870608111,0.612337148906,0,0,0,1
42899163,182716.833,lowres_wide/42899163_182716.833.png,lowres_depth/42899163_182716.833.png,confidence/42899163_182716.833.png,lowres_wide_intrinsics/42899163_182716.833.pincam,182716.83253058,0.00046942,182716.833,0.000,256,192,212.811,212.811,126.945,98.933,-0.312274883875,0.104960126772,-0.944175708589,2.58233758988,-0.0664919290514,-0.993855170629,-0.0884913735011,3.80528370541,-0.947661975745,0.0351464308436,0.317335009299,0.609120329408,0,0,0,1
42899163,182716.932,lowres_wide/42899163_182716.932.png,lowres_depth/42899163_182716.932.png,confidence/42899163_182716.932.png,lowres_wide_intrinsics/42899163_182716.932.pincam,182716.93248933,0.00048933,182716.932,0.000,256,192,212.811,212.811,126.935,98.9366,-0.284637351244,0.0651363975554,-0.956419796946,2.57453486533,-0.0627800891156,-0.996813756916,-0.0492036018417,3.78131968032,-0.956577356353,0.0460389371843,0.287819696295,0.602219595639,0,0,0,1
42899163,182717.032,lowres_wide/42899163_182717.032.png,lowres_depth/42899163_182717.032.png,confidence/42899163_182717.032.png,lowres_wide_intrinsics/42899163_182717.032.pincam,182717.03244788,0.00044788,182717.032,0.000,256,192,212.811,212.811,126.924,98.933,-0.255721860057,0.039664915116,-0.965936346142,2.56579098427,-0.0451247941001,-0.998558648954,-0.0290581753956,3.75950765537,-0.965696682839,0.0361568680714,0.257143146214,0.597313999696,0,0,0,1
42899163,182717.132,lowres_wide/42899163_182717.132.png,lowres_depth/42899163_182717.132.png,confidence/42899163_182717.132.png,lowres_wide_intrinsics/42899163_182717.132.pincam,182717.13240667,0.00040667,182717.132,0.000,256,192,212.75,212.75,126.916,98.9294,-0.231367505325,0.021775579063,-0.97262269233,2.55757348618,-0.030806497314,-0.999412099379,-0.0150471039496,3.73722832646,-0.972378546248,0.0264816874556,0.231902313543,0.592053054478,0,0,0,1
42899163,182717.232,lowres_wide/42899163_182717.232.png,lowres_depth/42899163_182717.232.png,confidence/42899163_182717.232.png,lowres_wide_intrinsics/42899163_182717.232.pincam,182717.23236496,0.00036496,182717.232,0.000,256,192,212.811,212.811,126.907,98.9265,-0.201872801269,0.0169559140929,-0.979264963677,2.54528691392,-0.0219783288379,-0.999676778358,-0.0127785708965,3.71661256885,-0.979165116397,0.018942961488,0.202180214267,0.585632451412,0,0,0,1
42899163,182717.332,lowres_wide/42899163_182717.332.png,lowres_depth/42899163_182717.332.png,confidence/42899163_182717.332.png,lowres_wide_intrinsics/42899163_182717.332.pincam,182717.33232354,0.00032354,182717.332,0.000,256,192,212.75,212.75,126.896,98.9251,-0.164053370737,0.0237374914302,-0.986165819247,2.52968930849,-0.0195976034311,-0.999591553136,-0.0208005009144,3.69997530692,-0.986256774623,0.0159140943549,0.164451561596,0.577826492976,0,0,0,1
42899163,182717.432,lowres_wide/42899163_182717.432.png,lowres_depth/42899163_182717.432.png,confidence/42899163_182717.432.png,lowres_wide_intrinsics/42899163_182717.432.pincam,182717.43228183,0.00028183,182717.432,0.000,256,192,212.75,212.75,126.889,98.9248,-0.135212099294,0.0349339983599,-0.990200638236,2.51393168967,-0.0199577733697,-0.999271517586,-0.0325287783891,3.69008998817,-0.990615654776,0.015363915515,0.135810804479,0.568223444024,0,0,0,1
42899163,182717.532,lowres_wide/42899163_182717.532.png,lowres_depth/42899163_182717.532.png,confidence/42899163_182717.532.png,lowres_wide_intrinsics/42899163_182717.532.pincam,182717.53224113,0.00024113,182717.532,0.000,256,192,212.75,212.75,126.883,98.9239,-0.108151876239,0.0617058034717,-0.992217499082,2.50036249838,-0.0202789731794,-0.998001069,-0.0598550709755,3.68695224603,-0.99392753001,0.0136477138236,0.109187018435,0.558731378339,0,0,0,1
42899163,182717.632,lowres_wide/42899163_182717.632.png,lowres_depth/42899163_182717.632.png,confidence/42899163_182717.632.png,lowres_wide_intrinsics/42899163_182717.632.pincam,182717.63219917,0.00019917,182717.632,0.000,256,192,212.69,212.69,126.878,98.9275,-0.0800745132703,0.102342864961,-0.991521058937,2.49010511051,-0.0327583447367,-0.994448088828,-0.099999447376,3.69124946014,-0.996250452032,0.0244731815865,0.0829825295373,0.550050262804,0,0,0,1
42899163,182717.732,lowres_wide/42899163_182717.732.png,lowres_depth/42899163_182717.732.png,confidence/42899163_182717.732.png,lowres_wide_intrinsics/42899163_182717.732.pincam,182717.73215808,0.00015808,182717.732,0.000,256,192,212.69,212.69,126.873,98.929,-0.0569503730927,0.128424774292,-0.990082689654,2.48249264681,-0.0364451776634,-0.991298645837,-0.126486140693,3.70108953949,-0.99771158359,0.0288803066224,0.0611352914421,0.541250859097,0,0,0,1
42899163,182717.832,lowres_wide/42899163_182717.832.png,lowres_depth/42899163_182717.832.png,confidence/42899163_182717.832.png,lowres_wide_intrinsics/42899163_182717.832.pincam,182717.83211713,0.00011713,182717.832,0.000,256,192,212.69,212.69,126.87,98.9286,-0.0353966169314,0.136971110031,-0.989942419804,2.47596617681,-0.0398487338946,-0.989968836098,-0.135549924241,3.71341320749,-0.998578568725,0.0346499433143,0.0404996729803,0.531530893594,0,0,0,1
42899163,182717.932,lowres_wide/42899163_182717.932.png,lowres_depth/42899163_182717.932.png,confidence/42899163_182717.932.png,lowres_wide_intrinsics/42899163_182717.932.pincam,182717.93207512,0.00007512,182717.932,0.000,256,192,212.69,212.69,126.866,98.9313,-0.0112308785351,0.141861072689,-0.98982286467,2.46944837837,-0.0374624920455,-0.9892500357,-0.141353912421,3.72485372359,-0.999234921856,0.0354937025733,0.016424616299,0.519897384349,0,0,0,1
42899163,182718.032,lowres_wide/42899163_182718.032.png,lowres_depth/42899163_182718.032.png,confidence/42899163_182718.032.png,lowres_wide_intrinsics/42899163_182718.032.pincam,182718.03203446,0.00003446,182718.032,0.000,256,192,212.69,212.69,126.861,98.9302,0.0245889653538,0.138537922551,-0.990051830359,2.4640312175,-0.0282241062563,-0.989860289321,-0.139212095208,3.73469776898,-0.999299145706,0.0313664094452,-0.0204295313126,0.509374468855,0,0,0,1
42899163,182718.132,lowres_wide/42899163_182718.132.png,lowres_depth/42899163_182718.132.png,confidence/42899163_182718.132.png,lowres_wide_intrinsics/42899163_182718.132.pincam,182718.13199258,0.00000742,182718.132,0.000,256,192,212.63,212.63,126.856,98.9296,0.0588553063555,0.138398863081,-0.988626222397,2.46184215763,-0.0216941736026,-0.989931750078,-0.139873131867,3.74441266596,-0.998030768937,0.0296797049237,-0.0552602874598,0.49720264286,0,0,0,1
42899163,182718.232,lowres_wide/42899163_182718.232.png,lowres_depth/42899163_182718.232.png,confidence/42899163_182718.232.png,lowres_wide_intrinsics/42899163_182718.232.pincam,182718.23195171,0.00004829,182718.232,0.000,256,192,212.63,212.63,126.854,98.9326,0.0909276449569,0.148139103878,-0.984777624281,2.46032216202,-0.0247250960896,-0.9882333801,-0.150941896368,3.75362651534,-0.995550517556,0.0380735125493,-0.0861949803423,0.485878431302,0,0,0,1
42899163,182718.332,lowres_wide/42899163_182718.332.png,lowres_depth/42899163_182718.332.png,confidence/42899163_182718.332.png,lowres_wide_intrinsics/42899163_182718.332.pincam,182718.33190954,0.00009046,182718.332,0.000,256,192,212.57,212.57,126.851,98.9339,0.121938689254,0.156826699026,-0.980069560049,2.45738695853,-0.0218073878267,-0.986776495505,-0.160613155607,3.7592646819,-0.992298036831,0.0409577146649,-0.116906251802,0.475615978603,0,0,0,1
42899163,182718.432,lowres_wide/42899163_182718.432.png,lowres_depth/42899163_182718.432.png,confidence/42899163_182718.432.png,lowres_wide_intrinsics/42899163_182718.432.pincam,182718.43186883,0.00013117,182718.432,0.000,256,192,212.63,212.63,126.849,98.934,0.15968807496,0.153249874772,-0.975199566549,2.45328178918,-0.0166716098609,-0.987316912807,-0.15788404324,3.76095423289,-0.987026735271,0.0414703456419,-0.155107815058,0.464876652451,0,0,0,1
42899163,182718.532,lowres_wide/42899163_182718.532.png,lowres_depth/42899163_182718.532.png,confidence/42899163_182718.532.png,lowres_wide_intrinsics/42899163_182718.532.pincam,182718.53182700,0.00017300,182718.532,0.000,256,192,212.57,212.57,126.848,98.9373,0.202512075087,0.144989052171,-0.968486981944,2.44962688707,-0.0196507973249,-0.988178058385,-0.152045950591,3.76060278679,-0.979082583651,0.0498226823567,-0.19726883868,0.450318582179,0,0,0,1
42899163,182718.632,lowres_wide/42899163_182718.632.png,lowres_depth/42899163_182718.632.png,confidence/42899163_182718.632.png,lowres_wide_intrinsics/42899163_182718.632.pincam,182718.63178617,0.00021383,182718.632,0.000,256,192,212.57,212.57,126.849,98.9398,0.249206871536,0.160645940572,-0.955033411435,2.44324438371,-0.013934198168,-0.985449186472,-0.169398167061,3.76062566421,-0.96835002623,0.0555228120693,-0.243342236448,0.435464423607,0,0,0,1
42899163,182718.732,lowres_wide/42899163_182718.732.png,lowres_depth/42899163_182718.732.png,confidence/42899163_182718.732.png,lowres_wide_intrinsics/42899163_182718.732.pincam,182718.73174425,0.00025575,182718.732,0.000,256,192,212.509,212.509,126.851,98.9422,0.293602070386,0.17024805326,-0.940645217192,2.43723058665,-0.00856925508854,-0.983504619307,-0.180679914955,3.76147207183,-0.955889320022,0.061108625922,-0.287300093466,0.420912676948,0,0,0,1
42899163,182718.832,lowres_wide/42899163_182718.832.png,lowres_depth/42899163_182718.832.png,confidence/42899163_182718.832.png,lowres_wide_intrinsics/42899163_182718.832.pincam,182718.83170325,0.00029675,182718.832,0.000,256,192,212.509,212.509,126.854,98.943,0.331553725875,0.169030281008,-0.92817072296,2.43204432175,-0.00232171619042,-0.983669970478,-0.179966660282,3.76043308853,-0.943433482813,0.0618235657447,-0.325747003403,0.408031625967,0,0,0,1
42899163,182718.932,lowres_wide/42899163_182718.932.png,lowres_depth/42899163_182718.932.png,confidence/42899163_182718.932.png,lowres_wide_intrinsics/42899163_182718.932.pincam,182718.93166146,0.00033854,182718.932,0.000,256,192,212.449,212.449,126.857,98.9409,0.367262308181,0.157524952355,-0.916681125788,2.4284059713,0.00717518820427,-0.986004705946,-0.166563010679,3.75629821874,-0.9300897342,0.0545949561587,-0.363252635363,0.395332961293,0,0,0,1
42899163,182719.032,lowres_wide/42899163_182719.032.png,lowres_depth/42899163_182719.032.png,confidence/42899163_182719.032.png,lowres_wide_intrinsics/42899163_182719.032.pincam,182719.03162054,0.00037946,182719.032,0.000,256,192,212.449,212.449,126.863,98.9424,0.405349915896,0.161463237758,-0.899789457893,2.4211697708,0.0130251345078,-0.985198505731,-0.170921766246,3.7522761949,-0.91406881117,0.0575632448548,-0.401453211829,0.381093699791,0,0,0,1
42899163,182719.132,lowres_wide/42899163_182719.132.png,lowres_depth/42899163_182719.132.png,confidence/42899163_182719.132.png,lowres_wide_intrinsics/42899163_182719.132.pincam,182719.13157921,0.00042079,182719.132,0.000,256,192,212.389,212.389,126.869,98.9442,0.437316133883,0.180750720575,-0.880956171474,2.41169641734,0.0243631971292,-0.98161520282,-0.1893093453,3.7484454601,-0.898977771511,0.0613251221269,-0.433679830894,0.369916675964,0,0,0,1
42899163,182719.232,lowres_wide/42899163_182719.232.png,lowres_depth/42899163_182719.232.png,confidence/42899163_182719.232.png,lowres_wide_intrinsics/42899163_182719.232.pincam,182719.23153771,0.00046229,182719.232,0.000,256,192,212.449,212.449,126.872,98.9432,0.454074080769,0.196115867645,-0.869111785464,2.40590821225,0.0408061218927,-0.979027627971,-0.19959900823,3.73966479167,-0.890028982444,0.0551676547283,-0.452553798218,0.361776732634,0,0,0,1
42899163,182719.331,lowres_wide/42899163_182719.331.png,lowres_depth/42899163_182719.331.png,confidence/42899163_182719.331.png,lowres_wide_intrinsics/42899163_182719.331.pincam,182719.33149621,0.00049621,182719.331,0.000,256,192,212.389,212.389,126.874,98.9415,0.460166780774,0.224281955676,-0.859036750221,2.40028701731,0.0617527716074,-0.97330839141,-0.221037034024,3.72777674343,-0.885682295787,0.0486660001399,-0.46173422156,0.357648444638,0,0,0,1
42899163,182719.431,lowres_wide/42899163_182719.431.png,lowres_depth/42899163_182719.431.png,confidence/42899163_182719.431.png,lowres_wide_intrinsics/42899163_182719.431.pincam,182719.43145454,0.00045454,182719.431,0.000,256,192,212.389,212.389,126.874,98.9393,0.45815127871,0.259402016379,-0.850181156998,2.39499348066,0.0845964737419,-0.964852834431,-0.248802018723,3.71460147684,-0.884839444445,0.0420666350996,-0.463993055729,0.355094377785,0,0,0,1
42899163,182719.531,lowres_wide/42899163_182719.531.png,lowres_depth/42899163_182719.531.png,confidence/42899163_182719.531.png,lowres_wide_intrinsics/42899163_182719.531.pincam,182719.53141329,0.00041329,182719.531,0.000,256,192,212.389,212.389,126.874,98.9369,0.452936716788,0.296494892795,-0.840796710943,2.39338064921,0.107518850873,-0.954363333948,-0.278622187778,3.70048873179,-0.885035607923,0.0357967227778,-0.464144985264,0.352982712325,0,0,0,1
42899163,182719.631,lowres_wide/42899163_182719.631.png,lowres_depth/42899163_182719.631.png,confidence/42899163_182719.631.png,lowres_wide_intrinsics/42899163_182719.631.pincam,182719.63137179,0.00037179,182719.631,0.000,256,192,212.389,212.389,126.875,98.9356,0.451046946543,0.342618139898,-0.824117383767,2.39140978031,0.134803971225,-0.93893992446,-0.316574963629,3.68534595533,-0.882261039237,0.0316958746094,-0.469692271787,0.350142798696,0,0,0,1
42899163,182719.731,lowres_wide/42899163_182719.731.png,lowres_depth/42899163_182719.731.png,confidence/42899163_182719.731.png,lowres_wide_intrinsics/42899163_182719.731.pincam,182719.73133075,0.00033075,182719.731,0.000,256,192,212.389,212.389,126.876,98.9341,0.446482028971,0.384695004776,-0.80787595032,2.39031386826,0.160246971044,-0.922644113863,-0.350783048943,3.66922290131,-0.880326476983,0.0271586534028,-0.473590225267,0.348511659956,0,0,0,1
42899163,182719.831,lowres_wide/42899163_182719.831.png,lowres_depth/42899163_182719.831.png,confidence/42899163_182719.831.png,lowres_wide_intrinsics/42899163_182719.831.pincam,182719.83128950,0.00028950,182719.831,0.000,256,192,212.389,212.389,126.876,98.9337,0.43665897258,0.426595602126,-0.792051219248,2.38948217839,0.180644268348,-0.904067108221,-0.387337465455,3.65420414649,-0.881303914651,0.026054866712,-0.471831065046,0.348233863878,0,0,0,1
42899163,182719.931,lowres_wide/42899163_182719.931.png,lowres_depth/42899163_182719.931.png,confidence/42899163_182719.931.png,lowres_wide_intrinsics/42899163_182719.931.pincam,182719.93124783,0.00024783,182719.931,0.000,256,192,212.389,212.389,126.874,98.9326,0.42006127159,0.466684129944,-0.778302287655,2.39137169779,0.198658062586,-0.884124024018,-0.42291805864,3.64187783516,-0.885484896698,0.0230354729193,-0.464096826866,0.349741742947,0,0,0,1
42899163,182720.031,lowres_wide/42899163_182720.031.png,lowres_depth/42899163_182720.031.png,confidence/42899163_182720.031.png,lowres_wide_intrinsics/42899163_182720.031.pincam,182720.03120671,0.00020671,182720.031,0.000,256,192,212.449,212.449,126.872,98.9313,0.402100989029,0.501699459988,-0.76590629092,2.39426404498,0.212903912989,-0.86481589475,-0.454714627015,3.63101184653,-0.890498017098,0.0197767549287,-0.454557104783,0.353737531887,0,0,0,1
42899163,182720.131,lowres_wide/42899163_182720.131.png,lowres_depth/42899163_182720.131.png,confidence/42899163_182720.131.png,lowres_wide_intrinsics/42899163_182720.131.pincam,182720.13116525,0.00016525,182720.131,0.000,256,192,212.389,212.389,126.869,98.9305,0.385425943447,0.525571015094,-0.75843387992,2.39671774255,0.219085845562,-0.850557176771,-0.478073092024,3.62337958131,-0.896352739937,0.0180996446449,-0.442971972558,0.356699279447,0,0,0,1
42899163,182720.231,lowres_wide/42899163_182720.231.png,lowres_depth/42899163_182720.231.png,confidence/42899163_182720.231.png,lowres_wide_intrinsics/42899163_182720.231.pincam,182720.23112383,0.00012383,182720.231,0.000,256,192,212.449,212.449,126.867,98.9275,0.375127194853,0.543650277636,-0.750815532144,2.39649873413,0.224062205603,-0.839125170542,-0.495646119911,3.61794401393,-0.899486362155,0.0177009544685,-0.436590151639,0.358211504553,0,0,0,1
42899163,182720.331,lowres_wide/42899163_182720.331.png,lowres_depth/42899163_182720.331.png,confidence/42899163_182720.331.png,lowres_wide_intrinsics/42899163_182720.331.pincam,182720.33108242,0.00008242,182720.331,0.000,256,192,212.449,212.449,126.867,98.9263,0.365053702419,0.560785644497,-0.743138786012,2.39663911696,0.230908189339,-0.827824394787,-0.511261361236,3.61300997403,-0.90189644774,0.0150410213174,-0.431690358048,0.36014730404,0,0,0,1
42899163,182720.431,lowres_wide/42899163_182720.431.png,lowres_depth/42899163_182720.431.png,confidence/42899163_182720.431.png,lowres_wide_intrinsics/42899163_182720.431.pincam,182720.43104088,0.00004088,182720.431,0.000,256,192,212.449,212.449,126.866,98.9248,0.349979616375,0.573987681797,-0.740305618828,2.39797236395,0.230675882784,-0.818756964707,-0.52576198973,3.61021543235,-0.907911287089,0.013235327317,-0.418953363618,0.363604996002,0,0,0,1
42899163,182720.531,lowres_wide/42899163_182720.531.png,lowres_depth/42899163_182720.531.png,confidence/42899163_182720.531.png,lowres_wide_intrinsics/42899163_182720.531.pincam,182720.53099908,0.00000092,182720.531,0.000,256,192,212.449,212.449,126.863,98.9245,0.327470061975,0.585740872008,-0.741397996604,2.40200197677,0.220876318295,-0.81037825643,-0.542679217883,3.60918318863,-0.918682214112,0.0139539372318,-0.39475090514,0.36927549673,0,0,0,1
42899163,182720.631,lowres_wide/42899163_182720.631.png,lowres_depth/42899163_182720.631.png,confidence/42899163_182720.631.png,lowres_wide_intrinsics/42899163_182720.631.pincam,182720.63095829,0.00004171,182720.631,0.000,256,192,212.449,212.449,126.859,98.9243,0.304561142086,0.59740936726,-0.741852113727,2.40539479487,0.210613904825,-0.801812905158,-0.559229691823,3.60929647396,-0.92891565485,0.0140752631551,-0.370023773752,0.374778709055,0,0,0,1
42899163,182720.731,lowres_wide/42899163_182720.731.png,lowres_depth/42899163_182720.731.png,confidence/42899163_182720.731.png,lowres_wide_intrinsics/42899163_182720.731.pincam,182720.73091679,0.00008321,182720.731,0.000,256,192,212.449,212.449,126.856,98.9214,0.292778433375,0.60574710273,-0.73983189745,2.407346693,0.207332202289,-0.795546205698,-0.569315020435,3.61020653754,-0.93343138304,0.0132921831575,-0.358509652621,0.377126023302,0,0,0,1
42899163,182720.831,lowres_wide/42899163_182720.831.png,lowres_depth/42899163_182720.831.png,confidence/42899163_182720.831.png,lowres_wide_intrinsics/42899163_182720.831.pincam,182720.83087525,0.00012475,182720.831,0.000,256,192,212.449,212.449,126.855,98.9181,0.279439897493,0.614319811706,-0.73791904206,2.4070577925,0.206917011298,-0.789006196155,-0.578493364581,3.61254359832,-0.937602631249,0.0089661237362,-0.347593029994,0.378758223908,0,0,0,1
42899163,182720.931,lowres_wide/42899163_182720.931.png,lowres_depth/42899163_182720.931.png,confidence/42899163_182720.931.png,lowres_wide_intrinsics/42899163_182720.931.pincam,182720.93083421,0.00016579,182720.931,0.000,256,192,212.509,212.509,126.854,98.9133,0.265531107789,0.62611605807,-0.733124759249,2.40508851967,0.208485103978,-0.779720005434,-0.590398741992,3.61759944127,-0.94129017429,0.00392364033709,-0.337575788277,0.37977812197,0,0,0,1
42899163,182721.031,lowres_wide/42899163_182721.031.png,lowres_depth/42899163_182721.031.png,confidence/42899163_182721.031.png,lowres_wide_intrinsics/42899163_182721.031.pincam,182721.03079267,0.00020733,182721.031,0.000,256,192,212.509,212.509,126.853,98.9111,0.248355848502,0.644292690785,-0.723330008444,2.40002988796,0.209800699833,-0.764778866591,-0.609177274334,3.62559150841,-0.945675969275,-0.000462403126615,-0.325110361753,0.380512042942,0,0,0,1
42899163,182721.131,lowres_wide/42899163_182721.131.png,lowres_depth/42899163_182721.131.png,confidence/42899163_182721.131.png,lowres_wide_intrinsics/42899163_182721.131.pincam,182721.13075087,0.00024913,182721.131,0.000,256,192,212.509,212.509,126.853,98.9127,0.239201046284,0.664402351805,-0.708062408529,2.3916240259,0.207195120506,-0.747362732362,-0.631283714597,3.63534911439,-0.948605840956,0.00429664897266,-0.316430872881,0.380254423468,0,0,0,1
42899163,182721.231,lowres_wide/42899163_182721.231.png,lowres_depth/42899163_182721.231.png,confidence/42899163_182721.231.png,lowres_wide_intrinsics/42899163_182721.231.pincam,182721.23071004,0.00028996,182721.231,0.000,256,192,212.509,212.509,126.851,98.9162,0.227954804693,0.678915741125,-0.697932678322,2.38237168273,0.201137918722,-0.734178462111,-0.648479393215,3.64626127113,-0.952670008276,0.0074432671023,-0.303915207098,0.382473964406,0,0,0,1
42899163,182721.331,lowres_wide/42899163_182721.331.png,lowres_depth/42899163_182721.331.png,confidence/42899163_182721.331.png,lowres_wide_intrinsics/42899163_182721.331.pincam,182721.33066813,0.00033187,182721.331,0.000,256,192,212.509,212.509,126.85,98.9168,0.204912879231,0.696171430971,-0.688008757666,2.37424701312,0.186072955428,-0.717813260906,-0.670910558663,3.65821328916,-0.96093057355,0.00945839138246,-0.276627857688,0.388656954044,0,0,0,1
42899163,182721.431,lowres_wide/42899163_182721.431.png,lowres_depth/42899163_182721.431.png,confidence/42899163_182721.431.png,lowres_wide_intrinsics/42899163_182721.431.pincam,182721.43062750,0.00037250,182721.431,0.000,256,192,212.509,212.509,126.848,98.9186,0.179135866648,0.711963908395,-0.678982867547,2.36538527126,0.16016498277,-0.702043842544,-0.69388876734,3.67073372478,-0.970699500141,0.0155510864132,-0.23979291928,0.397146948414,0,0,0,1
42899163,182721.531,lowres_wide/42899163_182721.531.png,lowres_depth/42899163_182721.531.png,confidence/42899163_182721.531.png,lowres_wide_intrinsics/42899163_182721.531.pincam,182721.53058592,0.00041408,182721.531,0.000,256,192,212.57,212.57,126.847,98.9205,0.161934290247,0.724758269533,-0.669703468996,2.35346616786,0.140157200888,-0.688672806216,-0.711397023481,3.6786839451,-0.976797443015,0.0213358084419,-0.213099832466,0.404837175853,0,0,0,1
42899163,182721.631,lowres_wide/42899163_182721.631.png,lowres_depth/42899163_182721.631.png,confidence/42899163_182721.631.png,lowres_wide_intrinsics/42899163_182721.631.pincam,182721.63054442,0.00045558,182721.631,0.000,256,192,212.63,212.63,126.848,98.9279,0.157974797077,0.731691803028,-0.663076970547,2.33700108381,0.120950095569,-0.680790843812,-0.722422938011,3.67950567278,-0.980007672353,0.0339253940786,-0.196045988906,0.407960923197,0,0,0,1
42899163,182721.731,lowres_wide/42899163_182721.731.png,lowres_depth/42899163_182721.731.png,confidence/42899163_182721.731.png,lowres_wide_intrinsics/42899163_182721.731.pincam,182721.73050304,0.00049696,182721.731,0.000,256,192,212.57,212.57,126.85,98.934,0.157898828336,0.73757759045,-0.656541893619,2.3142736687,0.102364930794,-0.673526937486,-0.73204022118,3.6718967087,-0.98213511339,0.0483814277159,-0.181851193283,0.407510685391,0,0,0,1
42899163,182721.830,lowres_wide/42899163_182721.830.png,lowres_depth/42899163_182721.830.png,confidence/42899163_182721.830.png,lowres_wide_intrinsics/42899163_182721.830.pincam,182721.83046188,0.00046188,182721.830,0.000,256,192,212.63,212.63,126.852,98.9388,0.161837107054,0.737166961528,-0.656043917442,2.28459996278,0.0958047912876,-0.673404302062,-0.733040304438,3.65477922518,-0.982155890247,0.0557809716384,-0.179605931017,0.402779653975,0,0,0,1
42899163,182721.930,lowres_wide/42899163_182721.930.png,lowres_depth/42899163_182721.930.png,confidence/42899163_182721.930.png,lowres_wide_intrinsics/42899163_182721.930.pincam,182721.93042012,0.00042012,182721.930,0.000,256,192,214.558,214.558,126.853,98.9427,0.16636298092,0.731388296514,-0.66135808629,2.24825679063,0.0914245970147,-0.679256416357,-0.728184223873,3.62718979965,-0.98181714267,0.0606785016211,-0.179870002505,0.393866689108,0,0,0,1
42899163,182722.030,lowres_wide/42899163_182722.030.png,lowres_depth/42899163_182722.030.png,confidence/42899163_182722.030.png,lowres_wide_intrinsics/42899163_182722.030.pincam,182722.03037850,0.00037850,182722.030,0.000,256,192,213.534,213.534,126.854,98.9458,0.165898140831,0.731002212517,-0.661901482219,2.20784667886,0.0905495248455,-0.679658764997,-0.727918090662,3.59205291169,-0.98197687876,0.0608253932089,-0.178946028517,0.3865562946,0,0,0,1
42899163,182722.130,lowres_wide/42899163_182722.130.png,lowres_depth/42899163_182722.130.png,confidence/42899163_182722.130.png,lowres_wide_intrinsics/42899163_182722.130.pincam,182722.13033742,0.00033742,182722.130,0.000,256,192,211.425,211.425,126.852,98.9447,0.171923903816,0.731800851367,-0.659476826913,2.16475145264,0.106747173053,-0.679342134111,-0.726016050695,3.54913097928,-0.979309558997,0.0544222267014,-0.194912823844,0.380070036019,0,0,0,1
42899163,182722.230,lowres_wide/42899163_182722.230.png,lowres_depth/42899163_182722.230.png,confidence/42899163_182722.230.png,lowres_wide_intrinsics/42899163_182722.230.pincam,182722.23029633,0.00029633,182722.230,0.000,256,192,210.702,210.702,126.85,98.9398,0.181744961387,0.72575889337,-0.663507948487,2.11960996337,0.115726785914,-0.685842543894,-0.718489607445,3.50745797809,-0.976512201681,0.0537962236553,-0.208638170736,0.376775905973,0,0,0,1
42899163,182722.330,lowres_wide/42899163_182722.330.png,lowres_depth/42899163_182722.330.png,confidence/42899163_182722.330.png,lowres_wide_intrinsics/42899163_182722.330.pincam,182722.33025483,0.00025483,182722.330,0.000,256,192,211.786,211.786,126.849,98.9374,0.194074707496,0.708601670601,-0.678394192437,2.07676343638,0.123886073156,-0.703709814362,-0.699603271896,3.47311436465,-0.973132698448,0.0517317078031,-0.224358154787,0.378116733002,0,0,0,1
42899163,182722.430,lowres_wide/42899163_182722.430.png,lowres_depth/42899163_182722.430.png,confidence/42899163_182722.430.png,lowres_wide_intrinsics/42899163_182722.430.pincam,182722.43021362,0.00021362,182722.430,0.000,256,192,211.847,211.847,126.848,98.9352,0.194026294485,0.68917505804,-0.698134325488,2.03716316684,0.125834066368,-0.723263999518,-0.679010290601,3.44911941944,-0.972892380888,0.0438967695554,-0.227053933753,0.377746757687,0,0,0,1
42899163,182722.530,lowres_wide/42899163_182722.530.png,lowres_depth/42899163_182722.530.png,confidence/42899163_182722.530.png,lowres_wide_intrinsics/42899163_182722.530.pincam,182722.53017204,0.00017204,182722.530,0.000,256,192,211.726,211.726,126.848,98.933,0.206186015191,0.675420959037,-0.70802108389,1.99625783346,0.141047745123,-0.736526781023,-0.661538989351,3.42918021849,-0.968293788442,0.0365353107255,-0.247128125342,0.373575241039,0,0,0,1
42899163,182722.647,lowres_wide/42899163_182722.647.png,lowres_depth/42899163_182722.647.png,confidence/42899163_182722.647.png,lowres_wide_intrinsics/42899163_182722.647.pincam,182722.64679000,0.00021000,182722.647,0.000,256,192,211.726,211.726,126.848,98.9218,0.211644367421,0.662244946328,-0.718775551061,1.94855573944,0.147028983157,-0.748640037076,-0.646467766403,3.41326527801,-0.96622416646,0.0311404230879,-0.255814648132,0.366592745478,0,0,0,1
42899163,182722.747,lowres_wide/42899163_182722.747.png,lowres_depth/42899163_182722.747.png,confidence/42899163_182722.747.png,lowres_wide_intrinsics/42899163_182722.747.pincam,182722.74674833,0.00025167,182722.747,0.000,256,192,211.786,211.786,126.848,98.9143,0.225165856366,0.663184032601,-0.713783774003,1.89636338078,0.151594067758,-0.747520791825,-0.646708515801,3.40458723363,-0.962454973361,0.0374112909788,-0.268850924416,0.356893072303,0,0,0,1
42899163,182722.847,lowres_wide/42899163_182722.847.png,lowres_depth/42899163_182722.847.png,confidence/42899163_182722.847.png,lowres_wide_intrinsics/42899163_182722.847.pincam,182722.84670704,0.00029296,182722.847,0.000,256,192,211.726,211.726,126.848,98.9116,0.229336268094,0.676626414756,-0.699701058304,1.83575647544,0.156660831945,-0.735147896599,-0.659556634308,3.39916159202,-0.960657202061,0.0416445072022,-0.274596932154,0.344467330716,0,0,0,1
42899163,182722.947,lowres_wide/42899163_182722.947.png,lowres_depth/42899163_182722.947.png,confidence/42899163_182722.947.png,lowres_wide_intrinsics/42899163_182722.947.pincam,182722.94666583,0.00033417,182722.947,0.000,256,192,211.786,211.786,126.848,98.9085,0.228642029277,0.689826877605,-0.686921903408,1.76607811049,0.163995229513,-0.722821884092,-0.671292848595,3.39699693767,-0.95959803415,0.0408338439347,-0.278395779502,0.328785558396,0,0,0,1
42899163,182723.047,lowres_wide/42899163_182723.047.png,lowres_depth/42899163_182723.047.png,confidence/42899163_182723.047.png,lowres_wide_intrinsics/42899163_182723.047.pincam,182723.04662446,0.00037554,182723.047,0.000,256,192,211.726,211.726,126.849,98.9056,0.233727931346,0.709038090101,-0.665309131829,1.68857874121,0.188295848341,-0.704315798272,-0.684458859101,3.3948639012,-0.953895134491,0.0347022058425,-0.298127203227,0.315531323618,0,0,0,1
42899163,182723.147,lowres_wide/42899163_182723.147.png,lowres_depth/42899163_182723.147.png,confidence/42899163_182723.147.png,lowres_wide_intrinsics/42899163_182723.147.pincam,182723.14658304,0.00041696,182723.147,0.000,256,192,211.726,211.726,126.85,98.9054,0.25229514931,0.712743741299,-0.654479577125,1.61666276152,0.211822183936,-0.700635104617,-0.681352928056,3.39402798027,-0.944181402077,0.0332687453488,-0.3277417742,0.309866929465,0,0,0,1
42899163,182723.247,lowres_wide/42899163_182723.247.png,lowres_depth/42899163_182723.247.png,confidence/42899163_182723.247.png,lowres_wide_intrinsics/42899163_182723.247.pincam,182723.24654192,0.00045808,182723.247,0.000,256,192,211.726,211.726,126.85,98.9105,0.244577992309,0.716709656839,-0.653076468319,1.55730948448,0.225012995004,-0.697097702386,-0.680752484687,3.39280882232,-0.94315998524,0.0195463838612,-0.331763742926,0.31159157121,0,0,0,1
42899163,182723.347,lowres_wide/42899163_182723.347.png,lowres_depth/42899163_182723.347.png,confidence/42899163_182723.347.png,lowres_wide_intrinsics/42899163_182723.347.pincam,182723.34650058,0.00049942,182723.347,0.000,256,192,211.726,211.726,126.851,98.9196,0.258556003857,0.715877532652,-0.648589354764,1.49831607392,0.223559114209,-0.69753636329,-0.680782156304,3.39116372767,-0.939771310119,0.0310222521945,-0.340393161719,0.31329768478,0,0,0,1
42899163,182723.446,lowres_wide/42899163_182723.446.png,lowres_depth/42899163_182723.446.png,confidence/42899163_182723.446.png,lowres_wide_intrinsics/42899163_182723.446.pincam,182723.44645912,0.00045912,182723.446,0.000,256,192,213.715,213.715,126.852,98.9258,0.27399480076,0.713461247719,-0.644903013762,1.43700272027,0.227030748768,-0.699596089951,-0.677511881843,3.38760728778,-0.93455009939,0.0392219189813,-0.353663332565,0.313627159529,0,0,0,1
42899163,182723.546,lowres_wide/42899163_182723.546.png,lowres_depth/42899163_182723.546.png,confidence/42899163_182723.546.png,lowres_wide_intrinsics/42899163_182723.546.pincam,182723.54641746,0.00041746,182723.546,0.000,256,192,214.076,214.076,126.852,98.9326,0.277041897326,0.71992759299,-0.636358427286,1.37305682121,0.224475191616,-0.692448548578,-0.68565727293,3.38150768012,-0.934269059466,0.0471091119063,-0.353443144085,0.312011671989,0,0,0,1
42899163,182723.646,lowres_wide/42899163_182723.646.png,lowres_depth/42899163_182723.646.png,confidence/42899163_182723.646.png,lowres_wide_intrinsics/42899163_182723.646.pincam,182723.64637646,0.00037646,182723.646,0.000,256,192,212.871,212.871,126.851,98.9323,0.272841240381,0.723642328321,-0.63395539134,1.30262647021,0.238473892539,-0.689262627048,-0.684139776312,3.36294292508,-0.932034259094,0.0354797352946,-0.360629072953,0.304828185063,0,0,0,1
42899163,182723.746,lowres_wide/42899163_182723.746.png,lowres_depth/42899163_182723.746.png,confidence/42899163_182723.746.png,lowres_wide_intrinsics/42899163_182723.746.pincam,182723.74633471,0.00033471,182723.746,0.000,256,192,212.811,212.811,126.85,98.9267,0.267122860203,0.736699123951,-0.62122441865,1.22336171843,0.250722021744,-0.67557888772,-0.693348133537,3.33505003126,-0.930475064346,0.0294544943463,-0.365169258554,0.29265090294,0,0,0,1
42899163,182723.846,lowres_wide/42899163_182723.846.png,lowres_depth/42899163_182723.846.png,confidence/42899163_182723.846.png,lowres_wide_intrinsics/42899163_182723.846.pincam,182723.84629346,0.00029346,182723.846,0.000,256,192,212.811,212.811,126.85,98.9204,0.247531869758,0.759483754525,-0.601591555847,1.1423476726,0.2706579456,-0.650399208894,-0.709735968902,3.29671845982,-0.930307610383,0.012856736821,-0.366554844983,0.283787317145,0,0,0,1
42899163,182723.946,lowres_wide/42899163_182723.946.png,lowres_depth/42899163_182723.946.png,confidence/42899163_182723.946.png,lowres_wide_intrinsics/42899163_182723.946.pincam,182723.94625221,0.00025221,182723.946,0.000,256,192,212.811,212.811,126.853,98.9148,0.247647122281,0.778199191866,-0.577128166532,1.06153119062,0.308062888162,-0.628016999159,-0.714627109551,3.25832244109,-0.918568538414,-0.000816422637468,-0.395260893197,0.282737058231,0,0,0,1
42899163,182724.046,lowres_wide/42899163_182724.046.png,lowres_depth/42899163_182724.046.png,confidence/42899163_182724.046.png,lowres_wide_intrinsics/42899163_182724.046.pincam,182724.04621075,0.00021075,182724.046,0.000,256,192,212.811,212.811,126.854,98.9102,0.2418210783,0.776505213683,-0.58186099647,0.990891436786,0.315329088672,-0.629999234608,-0.709696083003,3.2304006993,-0.917654691007,-0.011858225694,-0.397201775621,0.290296281258,0,0,0,1
42899163,182724.146,lowres_wide/42899163_182724.146.png,lowres_depth/42899163_182724.146.png,confidence/42899163_182724.146.png,lowres_wide_intrinsics/42899163_182724.146.pincam,182724.14616942,0.00016942,182724.146,0.000,256,192,212.811,212.811,126.859,98.9052,0.247706889864,0.7820721741,-0.571842995246,0.921259960225,0.315912958184,-0.623178401176,-0.715435310255,3.21169349141,-0.91588225202,-0.00343435664251,-0.401432317619,0.298095121455,0,0,0,1
42899163,182724.246,lowres_wide/42899163_182724.246.png,lowres_depth/42899163_182724.246.png,confidence/42899163_182724.246.png,lowres_wide_intrinsics/42899163_182724.246.pincam,182724.24612796,0.00012796,182724.246,0.000,256,192,214.679,214.679,126.859,98.9066,0.241269234826,0.799575069804,-0.549971693885,0.850497915678,0.319383077649,-0.600564950798,-0.733018546549,3.19554796358,-0.916397078802,0.0012031716264,-0.400268592748,0.296861405402,0,0,0,1
42899163,182724.346,lowres_wide/42899163_182724.346.png,lowres_depth/42899163_182724.346.png,confidence/42899163_182724.346.png,lowres_wide_intrinsics/42899163_182724.346.pincam,182724.34608671,0.00008671,182724.346,0.000,256,192,213.715,213.715,126.861,98.9094,0.237678062781,0.827040818313,-0.509423815027,0.772585794657,0.335364034623,-0.562072153924,-0.756046201012,3.17951771761,-0.91161400974,0.00885317048943,-0.410951966315,0.285590811633,0,0,0,1
42899163,182724.446,lowres_wide/42899163_182724.446.png,lowres_depth/42899163_182724.446.png,confidence/42899163_182724.446.png,lowres_wide_intrinsics/42899163_182724.446.pincam,182724.44604529,0.00004529,182724.446,0.000,256,192,211.606,211.606,126.861,98.9089,0.218233122136,0.856443395916,-0.467845074778,0.692496559187,0.347665968467,-0.516176333293,-0.782745403895,3.16757370072,-0.911867687098,0.00816716231427,-0.410402995465,0.27457192318,0,0,0,1
42899163,182724.546,lowres_wide/42899163_182724.546.png,lowres_depth/42899163_182724.546.png,confidence/42899163_182724.546.png,lowres_wide_intrinsics/42899163_182724.546.pincam,182724.54600367,0.00000367,182724.546,0.000,256,192,210.762,210.762,126.861,98.9045,0.189561712464,0.880763526829,-0.433960789676,0.612770386091,0.359143736404,-0.473544103006,-0.804221212796,3.15831237299,-0.913828284619,-0.00340474915914,-0.406086535006,0.270976412381,0,0,0,1
42899163,182724.646,lowres_wide/42899163_182724.646.png,lowres_depth/42899163_182724.646.png,confidence/42899163_182724.646.png,lowres_wide_intrinsics/42899163_182724.646.pincam,182724.64596238,0.00003762,182724.646,0.000,256,192,211.786,211.786,126.866,98.9069,0.191676089382,0.900791450713,-0.389660158448,0.536614191609,0.392450977373,-0.434244815571,-0.810810502219,3.14644289213,-0.899579072188,0.00249047626888,-0.436750833324,0.27506275509,0,0,0,1
42899163,182724.746,lowres_wide/42899163_182724.746.png,lowres_depth/42899163_182724.746.png,confidence/42899163_182724.746.png,lowres_wide_intrinsics/42899163_182724.746.pincam,182724.74592104,0.00007896,182724.746,0.000,256,192,211.786,211.786,126.867,98.9036,0.166125179591,0.919883151445,-0.355270900008,0.474874332329,0.40522139708,-0.392134119138,-0.825848928047,3.1333796728,-0.89899835598,-0.00676906895661,-0.437899686745,0.282582354734,0,0,0,1
42899163,182724.846,lowres_wide/42899163_182724.846.png,lowres_depth/42899163_182724.846.png,confidence/42899163_182724.846.png,lowres_wide_intrinsics/42899163_182724.846.pincam,182724.84587950,0.00012050,182724.846,0.000,256,192,211.726,211.726,126.87,98.9052,0.160774862279,0.933813893189,-0.319598273692,0.419754899249,0.426093115452,-0.357749819275,-0.830939061408,3.11343354851,-0.89027866459,-0.00258451097032,-0.455408848925,0.284257779749,0,0,0,1
42899163,182724.946,lowres_wide/42899163_182724.946.png,lowres_depth/42899163_182724.946.png,confidence/42899163_182724.946.png,lowres_wide_intrinsics/42899163_182724.946.pincam,182724.94583817,0.00016183,182724.946,0.000,256,192,211.786,211.786,126.873,98.9085,0.164742840547,0.940962971769,-0.295716895438,0.371060170747,0.440557080017,-0.338443177116,-0.831484019757,3.08710599903,-0.882479039828,0.00670086731867,-0.470303989608,0.278483567413,0,0,0,1
42899163,182725.046,lowres_wide/42899163_182725.046.png,lowres_depth/42899163_182725.046.png,confidence/42899163_182725.046.png,lowres_wide_intrinsics/42899163_182725.046.pincam,182725.04579675,0.00020325,182725.046,0.000,256,192,211.726,211.726,126.876,98.9131,0.16726625515,0.946280206813,-0.276723273473,0.329448252262,0.459411063448,-0.323151687152,-0.827353891556,3.04904500293,-0.872332204306,0.0112586537775,-0.488783968687,0.266344153718,0,0,0,1
42899163,182725.146,lowres_wide/42899163_182725.146.png,lowres_depth/42899163_182725.146.png,confidence/42899163_182725.146.png,lowres_wide_intrinsics/42899163_182725.146.pincam,182725.14575529,0.00024471,182725.146,0.000,256,192,211.786,211.786,126.873,98.9242,0.157825055078,0.949701244846,-0.270478830093,0.294191170084,0.473121596473,-0.313151034199,-0.823463651129,3.00141569489,-0.866745179935,0.00199382018826,-0.498747248354,0.252133300455,0,0,0,1
42899163,182725.246,lowres_wide/42899163_182725.246.png,lowres_depth/42899163_182725.246.png,confidence/42899163_182725.246.png,lowres_wide_intrinsics/42899163_182725.246.pincam,182725.24571387,0.00028613,182725.246,0.000,256,192,211.726,211.726,126.876,98.9266,0.153105219207,0.955121193531,-0.253578976886,0.263475247228,0.492245038278,-0.296214890134,-0.818505687918,2.94355636318,-0.856885998335,0.000494499586738,-0.515505714156,0.237476689482,0,0,0,1
42899163,182725.346,lowres_wide/42899163_182725.346.png,lowres_depth/42899163_182725.346.png,confidence/42899163_182725.346.png,lowres_wide_intrinsics/42899163_182725.346.pincam,182725.34567267,0.00032733,182725.346,0.000,256,192,211.786,211.786,126.884,98.9258,0.152051173612,0.955835880104,-0.251511850436,0.236742603774,0.524950360288,-0.293710992424,-0.798849780724,2.88183458028,-0.837441078427,-0.0105651898043,-0.546425490737,0.227594629483,0,0,0,1
42899163,182725.446,lowres_wide/42899163_182725.446.png,lowres_depth/42899163_182725.446.png,confidence/42899163_182725.446.png,lowres_wide_intrinsics/42899163_182725.446.pincam,182725.44563121,0.00036879,182725.446,0.000,256,192,211.726,211.726,126.894,98.9277,0.1509978754,0.958015652722,-0.243732744546,0.213304090279,0.539148167617,-0.286472206485,-0.791993010239,2.82785609507,-0.828564357778,-0.0118188007321,-0.559769078254,0.22282143162,0,0,0,1
42899163,182725.546,lowres_wide/42899163_182725.546.png,lowres_depth/42899163_182725.546.png,confidence/42899163_182725.546.png,lowres_wide_intrinsics/42899163_182725.546.pincam,182725.54558962,0.00041038,182725.546,0.000,256,192,211.666,211.666,126.904,98.9274,0.157477183275,0.957891110159,-0.240094893378,0.190998021797,0.567206110477,-0.286760051222,-0.772040090449,2.78091165739,-0.808379963251,-0.0146045917988,-0.588479855996,0.218694083588,0,0,0,1
42899163,182725.646,lowres_wide/42899163_182725.646.png,lowres_depth/42899163_182725.646.png,confidence/42899163_182725.646.png,lowres_wide_intrinsics/42899163_182725.646.pincam,182725.64554838,0.00045162,182725.646,0.000,256,192,211.666,211.666,126.911,98.9294,0.157797019732,0.961879450221,-0.223356271025,0.170437999437,0.58837816423,-0.273238954177,-0.761020111283,2.74040086455,-0.793039240152,-0.0113312471981,-0.609065157775,0.211851608084,0,0,0,1
42899163,182725.746,lowres_wide/42899163_182725.746.png,lowres_depth/42899163_182725.746.png,confidence/42899163_182725.746.png,lowres_wide_intrinsics/42899163_182725.746.pincam,182725.74550708,0.00049292,182725.746,0.000,256,192,211.666,211.666,126.924,98.9279,0.157441247603,0.964023757015,-0.214173876706,0.150009483658,0.622946940741,-0.265235853593,-0.735925982005,2.70038940288,-0.766256721063,-0.0175538565303,-0.642294713933,0.198624029533,0,0,0,1
42899163,182725.845,lowres_wide/42899163_182725.845.png,lowres_depth/42899163_182725.845.png,confidence/42899163_182725.845.png,lowres_wide_intrinsics/42899163_182725.845.pincam,182725.84546583,0.00046583,182725.845,0.000,256,192,211.606,211.606,126.938,98.93,0.156085120512,0.969042642842,-0.191295037857,0.12891833713,0.655484293752,-0.246497870998,-0.713848121268,2.66148626145,-0.738903089585,-0.0139698227525,-0.67366688226,0.18215470811,0,0,0,1
42899163,182725.945,lowres_wide/42899163_182725.945.png,lowres_depth/42899163_182725.945.png,confidence/42899163_182725.945.png,lowres_wide_intrinsics/42899163_182725.945.pincam,182725.94542454,0.00042454,182725.945,0.000,256,192,211.606,211.606,126.95,98.9314,0.155780994528,0.971730484611,-0.177403909261,0.107748189649,0.679520777921,-0.235771127083,-0.694739870749,2.62173214263,-0.716926630917,-0.012322374424,-0.697039715491,0.165102787509,0,0,0,1
42899163,182726.045,lowres_wide/42899163_182726.045.png,lowres_depth/42899163_182726.045.png,confidence/42899163_182726.045.png,lowres_wide_intrinsics/42899163_182726.045.pincam,182726.04538304,0.00038304,182726.045,0.000,256,192,211.606,211.606,126.963,98.9344,0.155178989269,0.975402673684,-0.156553842048,0.0826672986306,0.705599199212,-0.220350109239,-0.673480214579,2.57869333516,-0.691411058171,-0.0059542865922,-0.722437052697,0.146876708073,0,0,0,1
42899163,182726.145,lowres_wide/42899163_182726.145.png,lowres_depth/42899163_182726.145.png,confidence/42899163_182726.145.png,lowres_wide_intrinsics/42899163_182726.145.pincam,182726.14534117,0.00034117,182726.145,0.000,256,192,211.606,211.606,126.975,98.9433,0.161386090112,0.979265046481,-0.122452025948,0.0541039787509,0.724570047683,-0.201814918737,-0.65899088353,2.5331075315,-0.670039383857,0.0176268918328,-0.742116242084,0.132283977044,0,0,0,1
42899163,182726.245,lowres_wide/42899163_182726.245.png,lowres_depth/42899163_182726.245.png,confidence/42899163_182726.245.png,lowres_wide_intrinsics/42899163_182726.245.pincam,182726.24530004,0.00030004,182726.245,0.000,256,192,211.606,211.606,126.988,98.9506,0.173129839694,0.979717534123,-0.10089406295,0.0255819272299,0.742885407327,-0.197159076002,-0.63972616824,2.48786188943,-0.646643124287,0.035802961904,-0.761951978625,0.12352298364,0,0,0,1
42899163,182726.345,lowres_wide/42899163_182726.345.png,lowres_depth/42899163_182726.345.png,confidence/42899163_182726.345.png,lowres_wide_intrinsics/42899163_182726.345.pincam,182726.34525858,0.00025858,182726.345,0.000,256,192,211.545,211.545,127.002,98.9543,0.180986926053,0.979388464646,-0.0896770200042,-0.00208556051693,0.755163104647,-0.196805877072,-0.625296835215,2.44704079579,-0.630057471965,0.0454497752343,-0.775217324337,0.118715305647,0,0,0,1
42899163,182726.445,lowres_wide/42899163_182726.445.png,lowres_depth/42899163_182726.445.png,confidence/42899163_182726.445.png,lowres_wide_intrinsics/42899163_182726.445.pincam,182726.44521746,0.00021746,182726.445,0.000,256,192,211.606,211.606,127.012,98.9577,0.16901606878,0.982456828049,-0.0788171904756,-0.0249552588568,0.755720168067,-0.180513036612,-0.629525274464,2.41186674817,-0.632708934717,0.0468361466546,-0.772972043024,0.11512166265,0,0,0,1
42899163,182726.545,lowres_wide/42899163_182726.545.png,lowres_depth/42899163_182726.545.png,confidence/42899163_182726.545.png,lowres_wide_intrinsics/42899163_182726.545.pincam,182726.54517592,0.00017592,182726.545,0.000,256,192,211.545,211.545,127.022,98.9619,0.163207099686,0.984114169718,-0.0698766310838,-0.042240783959,0.768635243241,-0.171234897195,-0.616342820863,2.38026927083,-0.618517021156,0.0468818828752,-0.784371585155,0.110126078657,0,0,0,1
42899163,182726.645,lowres_wide/42899163_182726.645.png,lowres_depth/42899163_182726.645.png,confidence/42899163_182726.645.png,lowres_wide_intrinsics/42899163_182726.645.pincam,182726.64513454,0.00013454,182726.645,0.000,256,192,211.545,211.545,127.025,98.9625,0.1689869722,0.982939266471,-0.0726209450184,-0.0554231727306,0.768393270921,-0.177529083863,-0.614861940265,2.35883295043,-0.617264274384,0.0481022121261,-0.78528402044,0.111014965602,0,0,0,1
42899163,182726.745,lowres_wide/42899163_182726.745.png,lowres_depth/42899163_182726.745.png,confidence/42899163_182726.745.png,lowres_wide_intrinsics/42899163_182726.745.pincam,182726.74509313,0.00009313,182726.745,0.000,256,192,213.594,213.594,127.018,98.9623,0.177186213889,0.981100904585,-0.0777564185821,-0.0648249441787,0.762473857695,-0.186797753394,-0.61946768734,2.33932487345,-0.622285032713,0.0504738977096,-0.781161778194,0.114028090837,0,0,0,1
42899163,182726.845,lowres_wide/42899163_182726.845.png,lowres_depth/42899163_182726.845.png,confidence/42899163_182726.845.png,lowres_wide_intrinsics/42899163_182726.845.pincam,182726.84505187,0.00005187,182726.845,0.000,256,192,213.835,213.835,127.009,98.9616,0.19047791005,0.976919133221,-0.0966807784929,-0.0687018463128,0.743551467493,-0.207873198777,-0.63554696791,2.32318872592,-0.640975335698,0.0491705234594,-0.765984907586,0.122569774437,0,0,0,1
42899163,182726.945,lowres_wide/42899163_182726.945.png,lowres_depth/42899163_182726.945.png,confidence/42899163_182726.945.png,lowres_wide_intrinsics/42899163_182726.945.pincam,182726.94501033,0.00001033,182726.945,0.000,256,192,212.63,212.63,126.996,98.9604,0.19793815049,0.973668096869,-0.11309697485,-0.0673413350819,0.720851726456,-0.222776909349,-0.656310320752,2.30909431391,-0.664223815476,0.0483827014599,-0.745966378032,0.135895764818,0,0,0,1
42899163,182727.045,lowres_wide/42899163_182727.045.png,lowres_depth/42899163_182727.045.png,confidence/42899163_182727.045.png,lowres_wide_intrinsics/42899163_182727.045.pincam,182727.04496900,0.00003100,182727.045,0.000,256,192,212.57,212.57,126.981,98.9561,0.198358221849,0.970321911243,-0.138309090037,-0.0605720401318,0.693570211143,-0.238667851212,-0.679704361479,2.29785897503,-0.692541968433,0.0388978837461,-0.720328103436,0.152281850226,0,0,0,1
42899163,182727.145,lowres_wide/42899163_182727.145.png,lowres_depth/42899163_182727.145.png,confidence/42899163_182727.145.png,lowres_wide_intrinsics/42899163_182727.145.pincam,182727.14492750,0.00007250,182727.145,0.000,256,192,212.57,212.57,126.966,98.9541,0.202115810353,0.966506880175,-0.158157041512,-0.051471472993,0.665747859305,-0.254030078556,-0.701604238171,2.2886024967,-0.718281969031,0.0365125973247,-0.694793381662,0.169514229447,0,0,0,1
42899163,182727.245,lowres_wide/42899163_182727.245.png,lowres_depth/42899163_182727.245.png,confidence/42899163_182727.245.png,lowres_wide_intrinsics/42899163_182727.245.pincam,182727.24488617,0.00011383,182727.245,0.000,256,192,212.57,212.57,126.951,98.9529,0.203215100397,0.963120664854,-0.176358180703,-0.0394214320685,0.633537686383,-0.266668678483,-0.726304217149,2.28169586122,-0.746547803495,0.0358664306297,-0.66436433999,0.188265622123,0,0,0,1
42899163,182727.345,lowres_wide/42899163_182727.345.png,lowres_depth/42899163_182727.345.png,confidence/42899163_182727.345.png,lowres_wide_intrinsics/42899163_182727.345.pincam,182727.34484479,0.00015521,182727.345,0.000,256,192,212.63,212.63,126.937,98.9524,0.202740905854,0.960488810309,-0.190676087555,-0.0276492413247,0.601686286405,-0.275814939911,-0.749599714297,2.27592049934,-0.772573451425,0.0372473380773,-0.633831916173,0.20636810762,0,0,0,1
42899163,182727.445,lowres_wide/42899163_182727.445.png,lowres_depth/42899163_182727.445.png,confidence/42899163_182727.445.png,lowres_wide_intrinsics/42899163_182727.445.pincam,182727.44480350,0.00019650,182727.445,0.000,256,192,212.63,212.63,126.923,98.9514,0.19858996071,0.958244134955,-0.205743056576,-0.0167348198913,0.56598889403,-0.283509976072,-0.774130909667,2.2734595386,-0.800136612923,0.037286341889,-0.598657773163,0.226235719907,0,0,0,1
42899163,182727.545,lowres_wide/42899163_182727.545.png,lowres_depth/42899163_182727.545.png,confidence/42899163_182727.545.png,lowres_wide_intrinsics/42899163_182727.545.pincam,182727.54476208,0.00023792,182727.545,0.000,256,192,212.63,212.63,126.909,98.9491,0.190430725166,0.955761441463,-0.224178959594,-0.00549431318592,0.52857223126,-0.292254494042,-0.796993542667,2.27324578505,-0.827253005587,0.0332772854086,-0.5608431929,0.247572761147,0,0,0,1
42899163,182727.645,lowres_wide/42899163_182727.645.png,lowres_depth/42899163_182727.645.png,confidence/42899163_182727.645.png,lowres_wide_intrinsics/42899163_182727.645.pincam,182727.64472079,0.00027921,182727.645,0.000,256,192,212.63,212.63,126.897,98.9468,0.182099081729,0.952809188101,-0.242887989625,0.0048529407588,0.49146806097,-0.302146006087,-0.816802874659,2.27477958408,-0.851644919834,0.0293673641357,-0.523295794407,0.268346845095,0,0,0,1
42899163,182727.745,lowres_wide/42899163_182727.745.png,lowres_depth/42899163_182727.745.png,confidence/42899163_182727.745.png,lowres_wide_intrinsics/42899163_182727.745.pincam,182727.74467912,0.00032088,182727.745,0.000,256,192,212.69,212.69,126.886,98.9446,0.171935073158,0.950424385664,-0.259098085199,0.0134036513349,0.454544786897,-0.309882922551,-0.835081798997,2.27773977729,-0.87397217766,0.0258081662812,-0.485290192802,0.288339040866,0,0,0,1
42899163,182727.845,lowres_wide/42899163_182727.845.png,lowres_depth/42899163_182727.845.png,confidence/42899163_182727.845.png,lowres_wide_intrinsics/42899163_182727.845.pincam,182727.84463792,0.00036208,182727.845,0.000,256,192,212.75,212.75,126.877,98.9427,0.162908192202,0.947184735098,-0.276228163862,0.0218611433941,0.420294570944,-0.319916924355,-0.849120506846,2.28195384077,-0.892644046946,0.0222314891184,-0.450213689644,0.307181984477,0,0,0,1
42899163,182727.945,lowres_wide/42899163_182727.945.png,lowres_depth/42899163_182727.945.png,confidence/42899163_182727.945.png,lowres_wide_intrinsics/42899163_182727.945.pincam,182727.94459650,0.00040350,182727.945,0.000,256,192,212.75,212.75,126.87,98.9395,0.148787806293,0.945144914843,-0.290797659283,0.0316737142817,0.390001945584,-0.326320275429,-0.861053749939,2.28619998249,-0.908713745433,0.0147026456619,-0.417160833578,0.325122300742,0,0,0,1
42899163,182728.045,lowres_wide/42899163_182728.045.png,lowres_depth/42899163_182728.045.png,confidence/42899163_182728.045.png,lowres_wide_intrinsics/42899163_182728.045.pincam,182728.04455508,0.00044492,182728.045,0.000,256,192,212.75,212.75,126.863,98.9349,0.128218041648,0.943852646436,-0.304470549662,0.0414972424379,0.356273051814,-0.330347203466,-0.874036748492,2.29091800985,-0.925542892765,0.00359262830438,-0.3786257343,0.343502228225,0,0,0,1
42899163,182728.145,lowres_wide/42899163_182728.145.png,lowres_depth/42899163_182728.145.png,confidence/42899163_182728.145.png,lowres_wide_intrinsics/42899163_182728.145.pincam,182728.14451383,0.00048617,182728.145,0.000,256,192,212.811,212.811,126.858,98.9314,0.110720744301,0.942080185905,-0.316584649195,0.048860810868,0.324298699543,-0.335354312323,-0.884515595499,2.29514928478,-0.939452643967,-0.00473376494942,-0.34264605822,0.361148415342,0,0,0,1
42899163,182728.244,lowres_wide/42899163_182728.244.png,lowres_depth/42899163_182728.244.png,confidence/42899163_182728.244.png,lowres_wide_intrinsics/42899163_182728.244.pincam,182728.24447242,0.00047242,182728.244,0.000,256,192,212.811,212.811,126.853,98.9287,0.0925819803438,0.94108843887,-0.325240106906,0.0543514257392,0.289182917855,-0.337977158027,-0.895625301492,2.30048797692,-0.952786343802,-0.0111351190603,-0.303437295313,0.378092938286,0,0,0,1
42899163,182728.344,lowres_wide/42899163_182728.344.png,lowres_depth/42899163_182728.344.png,confidence/42899163_182728.344.png,lowres_wide_intrinsics/42899163_182728.344.pincam,182728.34443096,0.00043096,182728.344,0.000,256,192,212.811,212.811,126.85,98.9265,0.0774500256715,0.940106864065,-0.33196472352,0.057806750983,0.257964966653,-0.340522339724,-0.904156298506,2.3050916818,-0.963044946772,-0.0156083403024,-0.268888099792,0.393014920481,0,0,0,1
42899163,182728.444,lowres_wide/42899163_182728.444.png,lowres_depth/42899163_182728.444.png,confidence/42899163_182728.444.png,lowres_wide_intrinsics/42899163_182728.444.pincam,182728.44438967,0.00038967,182728.444,0.000,256,192,212.871,212.871,126.849,98.9256,0.0644150949536,0.940329291354,-0.334113033813,0.0592505648018,0.226717718593,-0.33984314276,-0.912746248634,2.30940646561,-0.971828056612,-0.016954708504,-0.235080339973,0.405910277298,0,0,0,1
42899163,182728.544,lowres_wide/42899163_182728.544.png,lowres_depth/42899163_182728.544.png,confidence/42899163_182728.544.png,lowres_wide_intrinsics/42899163_182728.544.pincam,182728.54434812,0.00034812,182728.544,0.000,256,192,212.811,212.811,126.848,98.926,0.0551374351111,0.940481624631,-0.335341880745,0.0596724912419,0.195684306908,-0.339518030349,-0.920019108007,2.31358018977,-0.979115680234,-0.0148936496421,-0.202757648243,0.417204148878,0,0,0,1
42899163,182728.644,lowres_wide/42899163_182728.644.png,lowres_depth/42899163_182728.644.png,confidence/42899163_182728.644.png,lowres_wide_intrinsics/42899163_182728.644.pincam,182728.64430692,0.00030692,182728.644,0.000,256,192,212.871,212.871,126.848,98.9267,0.0463385406073,0.94094655896,-0.335368920499,0.0606901169227,0.165054283819,-0.338327079829,-0.926440430059,2.31812485116,-0.985195322283,-0.0124241794995,-0.170984843528,0.428820680533,0,0,0,1
42899163,182728.744,lowres_wide/42899163_182728.744.png,lowres_depth/42899163_182728.744.png,confidence/42899163_182728.744.png,lowres_wide_intrinsics/42899163_182728.744.pincam,182728.74426542,0.00026542,182728.744,0.000,256,192,212.871,212.871,126.848,98.9272,0.0360138615833,0.94087901335,-0.336822926789,0.0628128843403,0.130722854212,-0.338580881646,-0.931812492924,2.32454301382,-0.990764622481,-0.0104722882122,-0.1351879951,0.440830265956,0,0,0,1
42899163,182728.844,lowres_wide/42899163_182728.844.png,lowres_depth/42899163_182728.844.png,confidence/42899163_182728.844.png,lowres_wide_intrinsics/42899163_182728.844.pincam,182728.84422387,0.00022387,182728.844,0.000,256,192,212.931,212.931,126.85,98.9266,0.0225816635273,0.940733688971,-0.338393550334,0.064976453154,0.0975274790376,-0.338938312296,-0.935739927165,2.3312443052,-0.994976612441,-0.0118721057024,-0.0994011760558,0.452449485626,0,0,0,1
42899163,182728.944,lowres_wide/42899163_182728.944.png,lowres_depth/42899163_182728.944.png,confidence/42899163_182728.944.png,lowres_wide_intrinsics/42899163_182728.944.pincam,182728.94418267,0.00018267,182728.944,0.000,256,192,212.871,212.871,126.852,98.9252,0.00762216342325,0.94078568014,-0.338916223672,0.06712666704,0.0675259904391,-0.33863667566,-0.938491045516,2.33790888563,-0.997688399872,-0.0157323215592,-0.0661086289254,0.463829451704,0,0,0,1
42899163,182729.044,lowres_wide/42899163_182729.044.png,lowres_depth/42899163_182729.044.png,confidence/42899163_182729.044.png,lowres_wide_intrinsics/42899163_182729.044.pincam,182729.04414108,0.00014108,182729.044,0.000,256,192,212.931,212.931,126.855,98.9246,-0.00378914740532,0.941436482941,-0.33716908362,0.069171636508,0.0404543845834,-0.336751174315,-0.94072423662,2.34441782071,-0.999174201593,-0.0172045105787,-0.0368092337034,0.474250513935,0,0,0,1
42899163,182729.144,lowres_wide/42899163_182729.144.png,lowres_depth/42899163_182729.144.png,confidence/42899163_182729.144.png,lowres_wide_intrinsics/42899163_182729.144.pincam,182729.14409996,0.00009996,182729.144,0.000,256,192,212.931,212.931,126.858,98.9247,-0.0138855361844,0.94195315682,-0.335457064676,0.071741071021,0.0111885244097,-0.335322036468,-0.942037127071,2.35219723278,-0.999840991761,-0.0168339601715,-0.00588293961705,0.483912398976,0,0,0,1
42899163,182729.244,lowres_wide/42899163_182729.244.png,lowres_depth/42899163_182729.244.png,confidence/42899163_182729.244.png,lowres_wide_intrinsics/42899163_182729.244.pincam,182729.24405867,0.00005867,182729.244,0.000,256,192,212.991,212.991,126.862,98.9257,-0.0217797725863,0.942153721914,-0.334472728021,0.0748921715367,-0.0189696963645,-0.334881298965,-0.942069353192,2.36077062914,-0.999582809039,-0.0141732101803,0.0251660085682,0.492690309458,0,0,0,1
42899163,182729.344,lowres_wide/42899163_182729.344.png,lowres_depth/42899163_182729.344.png,confidence/42899163_182729.344.png,lowres_wide_intrinsics/42899163_182729.344.pincam,182729.34401704,0.00001704,182729.344,0.000,256,192,212.991,212.991,126.867,98.9249,-0.027663605539,0.943091035867,-0.331381989547,0.0774104738236,-0.0440466565807,-0.33233690387,-0.942131665093,2.3680599038,-0.998646392359,-0.0114664900583,0.0507336439959,0.499405424841,0,0,0,1
42899163,182729.444,lowres_wide/42899163_182729.444.png,lowres_depth/42899163_182729.444.png,confidence/42899163_182729.444.png,lowres_wide_intrinsics/42899163_182729.444.pincam,182729.44397563,0.00002437,182729.444,0.000,256,192,212.991,212.991,126.873,98.9222,-0.0312365895404,0.945990860267,-0.322684935758,0.0799111231359,-0.0635467889043,-0.32406894079,-0.94389677785,2.37408912055,-0.997489890221,-0.00897852472295,0.070237489989,0.504163614883,0,0,0,1
42899163,182729.544,lowres_wide/42899163_182729.544.png,lowres_depth/42899163_182729.544.png,confidence/42899163_182729.544.png,lowres_wide_intrinsics/42899163_182729.544.pincam,182729.54393433,0.00006567,182729.544,0.000,256,192,212.991,212.991,126.877,98.9209,-0.0352333198238,0.949211402476,-0.312660081533,0.0831138505736,-0.079736069987,-0.314526960694,-0.945893730891,2.3789789644,-0.996193140067,-0.00839669019657,0.0867682158196,0.507532294274,0,0,0,1
42899163,182729.644,lowres_wide/42899163_182729.644.png,lowres_depth/42899163_182729.644.png,confidence/42899163_182729.644.png,lowres_wide_intrinsics/42899163_182729.644.pincam,182729.64389296,0.00010704,182729.644,0.000,256,192,212.991,212.991,126.88,98.9167,-0.0405734240165,0.953027879006,-0.300152726294,0.0870380044722,-0.0935988109499,-0.302704360325,-0.948477376024,2.38295330177,-0.994782920969,-0.010389036463,0.10148402864,0.51152865999,0,0,0,1
42899163,182729.744,lowres_wide/42899163_182729.744.png,lowres_depth/42899163_182729.744.png,confidence/42899163_182729.744.png,lowres_wide_intrinsics/42899163_182729.744.pincam,182729.74385133,0.00014867,182729.744,0.000,256,192,213.052,213.052,126.883,98.9162,-0.0407348155136,0.95880073635,-0.281143775994,0.0908383446789,-0.109971097687,-0.283970094922,-0.952505823008,2.38727044715,-0.993099709233,-0.0078824593218,0.117007838868,0.516013609181,0,0,0,1
42899163,182729.844,lowres_wide/42899163_182729.844.png,lowres_depth/42899163_182729.844.png,confidence/42899163_182729.844.png,lowres_wide_intrinsics/42899163_182729.844.pincam,182729.84381004,0.00018996,182729.844,0.000,256,192,212.991,212.991,126.887,98.918,-0.0374931982498,0.966002427507,-0.255799863441,0.0940135270066,-0.128413079988,-0.258515013719,-0.957434106646,2.39168296754,-0.991011776405,-0.00304921844673,0.133739901652,0.520244832859,0,0,0,1
42899163,182729.944,lowres_wide/42899163_182729.944.png,lowres_depth/42899163_182729.944.png,confidence/42899163_182729.944.png,lowres_wide_intrinsics/42899163_182729.944.pincam,182729.94376875,0.00023125,182729.944,0.000,256,192,213.052,213.052,126.89,98.9197,-0.0333286247888,0.972304753774,-0.231328053979,0.0966930431957,-0.144282809524,-0.233712852333,-0.961540833002,2.39538785266,-0.988975062196,0.00132982790765,0.148076189552,0.523994066555,0,0,0,1
42899163,182730.044,lowres_wide/42899163_182730.044.png,lowres_depth/42899163_182730.044.png,confidence/42899163_182730.044.png,lowres_wide_intrinsics/42899163_182730.044.pincam,182730.04372721,0.00027279,182730.044,0.000,256,192,213.052,213.052,126.894,98.9208,-0.0281483589341,0.977876363921,-0.207281178049,0.0995574584592,-0.153598754382,-0.209131916004,-0.965749069045,2.39748653253,-0.987732298015,0.00465387931954,0.156087311674,0.52667172768,0,0,0,1
42899163,182730.144,lowres_wide/42899163_182730.144.png,lowres_depth/42899163_182730.144.png,confidence/42899163_182730.144.png,lowres_wide_intrinsics/42899163_182730.144.pincam,182730.14368612,0.00031388,182730.144,0.000,256,192,213.052,213.052,126.895,98.9217,-0.0215372906526,0.98484156619,-0.172114016325,0.103329034353,-0.159760320699,-0.173331961242,-0.971819258475,2.39813863385,-0.986920860577,0.00656663661335,0.161071705281,0.527415313751,0,0,0,1
42899163,182730.244,lowres_wide/42899163_182730.244.png,lowres_depth/42899163_182730.244.png,confidence/42899163_182730.244.png,lowres_wide_intrinsics/42899163_182730.244.pincam,182730.24364471,0.00035529,182730.244,0.000,256,192,213.052,213.052,126.895,98.921,-0.0159680817699,0.991551199114,-0.12872932805,0.107755207992,-0.159592743701,-0.129622680911,-0.978635844812,2.39573531876,-0.987053786033,0.00491732946546,0.160314201954,0.52748734739,0,0,0,1
42899163,182730.344,lowres_wide/42899163_182730.344.png,lowres_depth/42899163_182730.344.png,confidence/42899163_182730.344.png,lowres_wide_intrinsics/42899163_182730.344.pincam,182730.34360321,0.00039679,182730.344,0.000,256,192,213.052,213.052,126.894,98.9204,-0.00968197162053,0.996537101953,-0.0825836779108,0.112985648724,-0.154805857841,-0.0830856303802,-0.984444982923,2.39177206804,-0.987897467252,0.00325306871598,0.155074213653,0.525933881427,0,0,0,1
42899163,182730.444,lowres_wide/42899163_182730.444.png,lowres_depth/42899163_182730.444.png,confidence/42899163_182730.444.png,lowres_wide_intrinsics/42899163_182730.444.pincam,182730.44356187,0.00043813,182730.444,0.000,256,192,213.052,213.052,126.892,98.9192,-0.0051144772002,0.999432228135,-0.0333026048121,0.118681446773,-0.146659466528,-0.0336926067114,-0.988613073518,2.3872811877,-0.989173818396,-0.000172096768603,0.146748517478,0.522593311097,0,0,0,1
42899163,182730.544,lowres_wide/42899163_182730.544.png,lowres_depth/42899163_182730.544.png,confidence/42899163_182730.544.png,lowres_wide_intrinsics/42899163_182730.544.pincam,182730.54352021,0.00047979,182730.544,0.000,256,192,213.052,213.052,126.888,98.9183,-0.000597228825663,0.999886355891,0.0150638182803,0.123899817201,-0.130025870328,0.0148582917426,-0.991399265792,2.38066714187,-0.991510421712,-0.00255077830163,0.130002219853,0.518031555824,0,0,0,1
42899163,182730.643,lowres_wide/42899163_182730.643.png,lowres_depth/42899163_182730.643.png,confidence/42899163_182730.643.png,lowres_wide_intrinsics/42899163_182730.643.pincam,182730.64347908,0.00047908,182730.643,0.000,256,192,212.991,212.991,126.882,98.9165,-0.00179052239547,0.99856504274,0.0535224200502,0.129087558123,-0.106486906629,0.0530277872985,-0.992899084747,2.37293896352,-0.994312492502,-0.00747724499415,0.106239155029,0.511956693523,0,0,0,1
42899163,182730.743,lowres_wide/42899163_182730.743.png,lowres_depth/42899163_182730.743.png,confidence/42899163_182730.743.png,lowres_wide_intrinsics/42899163_182730.743.pincam,182730.74343750,0.00043750,182730.743,0.000,256,192,212.991,212.991,126.877,98.9125,-0.0118977076669,0.995985947291,0.0887154854042,0.133474071874,-0.0830201882604,0.0874315179227,-0.992705081086,2.36577817789,-0.996476840119,-0.0191760911541,0.0816467062077,0.504475964279,0,0,0,1
42899163,182730.843,lowres_wide/42899163_182730.843.png,lowres_depth/42899163_182730.843.png,confidence/42899163_182730.843.png,lowres_wide_intrinsics/42899163_182730.843.pincam,182730.84339613,0.00039613,182730.843,0.000,256,192,212.991,212.991,126.872,98.9086,-0.0230266184249,0.992565214303,0.119515983034,0.135969313094,-0.0563486354256,0.118069082082,-0.991405327372,2.35957205177,-0.998145583635,-0.0295632747333,0.053210963696,0.495984182389,0,0,0,1
42899163,182730.943,lowres_wide/42899163_182730.943.png,lowres_depth/42899163_182730.943.png,confidence/42899163_182730.943.png,lowres_wide_intrinsics/42899163_182730.943.pincam,182730.94335467,0.00035467,182730.943,0.000,256,192,212.991,212.991,126.867,98.9083,-0.0261946137391,0.989072573658,0.145083721512,0.135534784564,-0.0280142189853,0.144350220649,-0.989130030549,2.35301377592,-0.99926425221,-0.0299742862336,0.0239268973978,0.486176578819,0,0,0,1
42899163,182731.043,lowres_wide/42899163_182731.043.png,lowres_depth/42899163_182731.043.png,confidence/42899163_182731.043.png,lowres_wide_intrinsics/42899163_182731.043.pincam,182731.04331338,0.00031338,182731.043,0.000,256,192,212.931,212.931,126.862,98.911,-0.0236138855822,0.985721154183,0.166721895993,0.130896362837,0.00717487098645,0.166931204385,-0.985942439613,2.34375474934,-0.999695406428,-0.0220857238653,-0.0110143164703,0.474474688155,0,0,0,1
42899163,182731.143,lowres_wide/42899163_182731.143.png,lowres_depth/42899163_182731.143.png,confidence/42899163_182731.143.png,lowres_wide_intrinsics/42899163_182731.143.pincam,182731.14327038,0.00027038,182731.143,0.000,256,192,212.931,212.931,126.855,98.9143,-0.0230783331726,0.985651652427,0.167207088982,0.122700734244,0.0552742938998,0.168253810719,-0.984192769539,2.33288181842,-0.998204459503,-0.0134712748629,-0.0583642166204,0.461087568241,0,0,0,1
42899163,182731.243,lowres_wide/42899163_182731.243.png,lowres_depth/42899163_182731.243.png,confidence/42899163_182731.243.png,lowres_wide_intrinsics/42899163_182731.243.pincam,182731.24323075,0.00023075,182731.243,0.000,256,192,212.871,212.871,126.852,98.9165,-0.0236748982575,0.986317314097,0.16314918052,0.113149895736,0.0949812805777,0.164675861118,-0.981763931454,2.32351945857,-0.995197495743,-0.00774704309909,-0.0975803658064,0.447043971931,0,0,0,1
42899163,182731.343,lowres_wide/42899163_182731.343.png,lowres_depth/42899163_182731.343.png,confidence/42899163_182731.343.png,lowres_wide_intrinsics/42899163_182731.343.pincam,182731.34318896,0.00018896,182731.343,0.000,256,192,212.931,212.931,126.85,98.9142,-0.0375537976211,0.98348226931,0.177065914948,0.106562095969,0.122354928988,0.180383053845,-0.97595656934,2.31518033652,-0.991775672033,-0.0149859880424,-0.127107971921,0.432018980063,0,0,0,1
42899163,182731.443,lowres_wide/42899163_182731.443.png,lowres_depth/42899163_182731.443.png,confidence/42899163_182731.443.png,lowres_wide_intrinsics/42899163_182731.443.pincam,182731.44314792,0.00014792,182731.443,0.000,256,192,212.871,212.871,126.848,98.9114,-0.0548242044869,0.980072378518,0.190925219573,0.102433605931,0.153352052956,0.197208907832,-0.968293237881,2.30426079737,-0.986649610782,-0.0238071320943,-0.161107932781,0.416224137096,0,0,0,1
42899163,182731.543,lowres_wide/42899163_182731.543.png,lowres_depth/42899163_182731.543.png,confidence/42899163_182731.543.png,lowres_wide_intrinsics/42899163_182731.543.pincam,182731.54310608,0.00010608,182731.543,0.000,256,192,212.871,212.871,126.848,98.9104,-0.0681129506587,0.979737689749,0.188347246431,0.0983778416751,0.203628027002,0.198463679462,-0.95872195894,2.28771538068,-0.976676124707,-0.0269486033026,-0.21301999955,0.399756945376,0,0,0,1
42899163,182731.643,lowres_wide/42899163_182731.643.png,lowres_depth/42899163_182731.643.png,confidence/42899163_182731.643.png,lowres_wide_intrinsics/42899163_182731.643.pincam,182731.64306517,0.00006517,182731.643,0.000,256,192,212.811,212.811,126.848,98.9143,-0.05960145491,0.985328015634,0.159926133512,0.0907252378399,0.252301910393,0.169878858815,-0.952620028836,2.27143117926,-0.965811271722,-0.0164278706881,-0.258725167852,0.381866603218,0,0,0,1
42899163,182731.743,lowres_wide/42899163_182731.743.png,lowres_depth/42899163_182731.743.png,confidence/42899163_182731.743.png,lowres_wide_intrinsics/42899163_182731.743.pincam,182731.74302379,0.00002379,182731.743,0.000,256,192,212.811,212.811,126.85,98.9212,-0.0406983193958,0.989431806119,0.139170211752,0.0844033901837,0.289071140043,0.144988782412,-0.946264301857,2.25285690794,-0.956442116802,0.00171872498144,-0.291916979965,0.3651667283,0,0,0,1
42899163,182731.843,lowres_wide/42899163_182731.843.png,lowres_depth/42899163_182731.843.png,confidence/42899163_182731.843.png,lowres_wide_intrinsics/42899163_182731.843.pincam,182731.84298242,0.00001758,182731.843,0.000,256,192,212.811,212.811,126.853,98.925,-0.0233894944223,0.994900489784,0.0981119104788,0.0821292272336,0.334126270771,0.100274825294,-0.937179062182,2.22916333105,-0.942238062663,0.0108616223189,-0.334767767907,0.346875256468,0,0,0,1
42899163,182731.943,lowres_wide/42899163_182731.943.png,lowres_depth/42899163_182731.943.png,confidence/42899163_182731.943.png,lowres_wide_intrinsics/42899163_182731.943.pincam,182731.94294067,0.00005933,182731.943,0.000,256,192,212.75,212.75,126.859,98.9275,-0.0100084731798,0.997702078396,0.0670103964178,0.0838057753977,0.383890849364,0.0657122377781,-0.921037305206,2.19892746443,-0.923324236787,0.0165065008303,-0.383666377457,0.327710843167,0,0,0,1
42899163,182732.043,lowres_wide/42899163_182732.043.png,lowres_depth/42899163_182732.043.png,confidence/42899163_182732.043.png,lowres_wide_intrinsics/42899163_182732.043.pincam,182732.04289954,0.00010046,182732.043,0.000,256,192,212.75,212.75,126.866,98.9275,-0.00509224947307,0.999046582703,0.0433589043256,0.0917639303533,0.426534024739,0.0413872924745,-0.903524110227,2.16743301013,-0.904457182367,0.0138930777961,-0.42633811424,0.310037496307,0,0,0,1
42899163,182732.143,lowres_wide/42899163_182732.143.png,lowres_depth/42899163_182732.143.png,confidence/42899163_182732.143.png,lowres_wide_intrinsics/42899163_182732.143.pincam,182732.14285825,0.00014175,182732.143,0.000,256,192,212.69,212.69,126.873,98.9258,-0.00283124948287,0.999752234302,0.0220783612397,0.102056267153,0.464262846684,0.0208689343474,-0.885451577879,2.13571897881,-0.885692945222,0.00774322851729,-0.464206903435,0.291847222516,0,0,0,1
42899163,182732.243,lowres_wide/42899163_182732.243.png,lowres_depth/42899163_182732.243.png,confidence/42899163_182732.243.png,lowres_wide_intrinsics/42899163_182732.243.pincam,182732.24281667,0.00018333,182732.243,0.000,256,192,212.69,212.69,126.884,98.9267,0.00489607867293,0.999967355301,0.00642781038645,0.112901455293,0.5110033097,0.00302336129363,-0.859573427208,2.10244983118,-0.859564800285,0.00749317150637,-0.510971825535,0.269947764893,0,0,0,1
42899163,182732.343,lowres_wide/42899163_182732.343.png,lowres_depth/42899163_182732.343.png,confidence/42899163_182732.343.png,lowres_wide_intrinsics/42899163_182732.343.pincam,182732.34277538,0.00022462,182732.343,0.000,256,192,212.69,212.69,126.9,98.9252,0.00558096906709,0.999947585285,-0.00858367443409,0.123801216677,0.564480194404,-0.0102357032286,-0.825383147699,2.06816517763,-0.825427745421,-0.000238876397445,-0.564507732478,0.245326393994,0,0,0,1
42899163,182732.443,lowres_wide/42899163_182732.443.png,lowres_depth/42899163_182732.443.png,confidence/42899163_182732.443.png,lowres_wide_intrinsics/42899163_182732.443.pincam,182732.44273371,0.00026629,182732.443,0.000,256,192,212.63,212.63,126.922,98.9227,0.00725361215889,0.999566287322,-0.0285415899941,0.133436278396,0.626287855804,-0.0267921176279,-0.77913137795,2.0340397051,-0.77955814843,-0.0122237343622,-0.626210566451,0.218229083849,0,0,0,1
42899163,182732.543,lowres_wide/42899163_182732.543.png,lowres_depth/42899163_182732.543.png,confidence/42899163_182732.543.png,lowres_wide_intrinsics/42899163_182732.543.pincam,182732.54269242,0.00030758,182732.543,0.000,256,192,212.63,212.63,126.943,98.9193,0.0115928195048,0.9986173606,-0.0512735179636,0.142641878267,0.674291956429,-0.0456713004668,-0.737051212474,2.00318079873,-0.738373864672,-0.0260288190687,-0.673889112946,0.192493705703,0,0,0,1
42899163,182732.643,lowres_wide/42899163_182732.643.png,lowres_depth/42899163_182732.643.png,confidence/42899163_182732.643.png,lowres_wide_intrinsics/42899163_182732.643.pincam,182732.64265113,0.00034887,182732.643,0.000,256,192,212.57,212.57,126.96,98.9165,0.0139604914904,0.997741978481,-0.0656966441557,0.151096333129,0.706960742629,-0.0563132911012,-0.705007320264,1.97512076494,-0.707114992811,-0.0366026996453,-0.706150571281,0.169367391522,0,0,0,1
42899163,182732.743,lowres_wide/42899163_182732.743.png,lowres_depth/42899163_182732.743.png,confidence/42899163_182732.743.png,lowres_wide_intrinsics/42899163_182732.743.pincam,182732.74260987,0.00039013,182732.743,0.000,256,192,212.57,212.57,126.976,98.9143,0.00764826465247,0.997604484146,-0.0687517073244,0.155937522631,0.733567067096,-0.0523220104268,-0.677600003909,1.94184818125,-0.679574029904,-0.0452515241414,-0.732209968139,0.150356726439,0,0,0,1
42899163,182732.843,lowres_wide/42899163_182732.843.png,lowres_depth/42899163_182732.843.png,confidence/42899163_182732.843.png,lowres_wide_intrinsics/42899163_182732.843.pincam,182732.84256846,0.00043154,182732.843,0.000,256,192,212.57,212.57,126.992,98.9154,0.0106507049388,0.997634112032,-0.0679171627386,0.154484180028,0.758230867865,-0.0523376653891,-0.649882081457,1.90336669315,-0.651899158997,-0.0445751869517,-0.756994411609,0.129570262315,0,0,0,1
42899163,182732.943,lowres_wide/42899163_182732.943.png,lowres_depth/42899163_182732.943.png,confidence/42899163_182732.943.png,lowres_wide_intrinsics/42899163_182732.943.pincam,182732.94252671,0.00047329,182732.943,0.000,256,192,212.57,212.57,127.009,98.9211,0.0170301110996,0.998457373811,-0.0528474029551,0.146577187669,0.783038608256,-0.0461853975727,-0.620255952839,1.85716095909,-0.621739908078,-0.0308185290729,-0.782617214843,0.104263788859,0,0,0,1
42899163,182733.042,lowres_wide/42899163_182733.042.png,lowres_depth/42899163_182733.042.png,confidence/42899163_182733.042.png,lowres_wide_intrinsics/42899163_182733.042.pincam,182733.04248558,0.00048558,182733.042,0.000,256,192,212.509,212.509,127.023,98.9316,0.0164240916525,0.999724216297,-0.0167851292172,0.132945741138,0.802863054381,-0.0231917990018,-0.595712226137,1.80137839167,-0.595937215756,-0.00369212791092,-0.803022542067,0.0750979624844,0,0,0,1
