{"E0":{"AbsRel":0.3196912958368476,"delta1":0.4820033386414867,"ratio":0.9611749053001404},"E1":{"AbsRel":0.2591214025839236,"delta1":0.5631677603284773,"ratio":1.0022046566009521},"E2":{"AbsRel":0.2839295972892394,"delta1":0.4938345746705704,"ratio":0.9385102987289429},"E3":{"AbsRel":0.24520093913767618,"delta1":0.5711733391568321,"ratio":0.9663298726081848}}
