{
  "activated_opacity_shape": [
    330811,
    1
  ],
  "activated_scale_shape": [
    330811,
    3
  ],
  "bad_quaternion_count": 0,
  "camera_bbox_max": [
    1.3858000040054321,
    0.8600000143051147,
    1.6934000253677368
  ],
  "camera_bbox_min": [
    -1.1555999517440796,
    -1.3490999937057495,
    1.1904000043869019
  ],
  "camera_inside_expanded_5pct_bbox_ratio": 1.0,
  "camera_inside_gaussian_bbox_ratio": 1.0,
  "covariance_eigenvalue_max": 4.060986518859863,
  "covariance_eigenvalue_min": -1.8531668422028247e-09,
  "features_dc_shape": [
    330811,
    3
  ],
  "features_rest_shape": [
    330811,
    15,
    3
  ],
  "gaussian_count": 330811,
  "invalid_covariance_count": 0,
  "invalid_scale_count": 0,
  "map_bbox_max": [
    7.722389221191406,
    3.58097767829895,
    5.766269683837891
  ],
  "map_bbox_min": [
    -6.125305652618408,
    -8.264093399047852,
    -2.6391043663024902
  ],
  "map_diagonal": 20.067750930786133,
  "means_finite_count": 330811,
  "nonfinite_gaussian_count": 0,
  "opacity_max": 1.0,
  "opacity_min": 0.0008409237489104271,
  "quaternion_shape": [
    330811,
    4
  ],
  "raw_opacity_shape": [
    330811,
    1
  ],
  "raw_scale_shape": [
    330811,
    3
  ]
}
