{
    "camera_model": "PINHOLE",
    "fx": 519.3191086276664,
    "fy": 519.2340181005312,
    "cx": 504.0316505170462,
    "cy": 389.5424910139866,
    "W": 1024,
    "H": 768,
    "k1": -0.3164394161137155,
    "k2": 0.09904890275049902,
    "k3": 0.0001921263737383361,
    "p1": 0.0004960716891296425,
    "p2": -0.01364321913803262,
    "image_topic": "/republished_image",
    "pose_topic": "/republished_pose",
    "depth_topic": "/republished_pointcloud",
    "depth_scale_factor": 0.04
}
