{
    "camera_model": "PINHOLE",
    "fx": 698.21,
    "fy": 698.58,
    "cx": 500.56,
    "cy": 396.42,
    "W": 1024,
    "H": 768,
    "k1": -0.34512,
    "k2": 0.17894920,
    "k3": -0.000453977,
    "p1": 1.282142e-5,
    "p2": -0.05901579,
    "image_topic": "/republished_image",
    "pose_topic": "/republished_pose",
    "pc_topic": "/republished_pointcloud",
    "pc_to_camera": [[0.0, -1.0, 0.0, 0.016],
                     [1.0, 0.0, 0.0, -0.013],
                     [0.0, 0.0, 1.0, 0.025],
                     [0.0, 0.0, 0.0, 1.0]],
    "pose_to_camera": [[0.0, 0.0, 1.0, 6.65e-2],
                       [1.0, 0.0, 0.0, 1.05e-2],
                       [0.0, 1.0, 0.0, -2.94e-2],
                       [0.0, 0.0, 0.0, 1.0]]
}
