{
  "query_semantics": "unmodified GSplatLoader.query_distance(ball-to-ellipsoid); all 5,464,102 canonical Gaussians",
  "radius": 0.015,
  "window": [
    740,
    773
  ],
  "rows": 67,
  "states_sha256": "e73a41bb8024d6b02af0d72cc69bd19df10a190ec8de0aacddc3f2d3e5a50f38",
  "terminal": {
    "h": -7.421476766467094e-10,
    "active_index": 4610535,
    "top32_indices": [
      4610535,
      36050,
      34871,
      35774,
      36054,
      34872,
      35771,
      35484,
      36927,
      35493,
      37792,
      35486,
      35183,
      36061,
      34865,
      34869,
      35187,
      35171,
      35176,
      35772,
      36353,
      4703326,
      35485,
      35175,
      36635,
      35488,
      34578,
      35487,
      37220,
      35780,
      34581,
      35781
    ],
    "top32_h": [
      -7.421476766467094e-10,
      1.1801603250205517e-08,
      2.2469612304121256e-07,
      1.9519851775839925e-05,
      2.6319263270124793e-05,
      3.827616455964744e-05,
      4.204284050501883e-05,
      5.233564297668636e-05,
      7.92699574958533e-05,
      0.00011284681386314332,
      0.00013403352932073176,
      0.00013410145766101778,
      0.00016052136197686195,
      0.00016161351231858134,
      0.00017109248437918723,
      0.00018885568715631962,
      0.00019267390598542988,
      0.00021212652791291475,
      0.0002199231239501387,
      0.000221763999434188,
      0.00024729466531425714,
      0.00025227339938282967,
      0.00027218947070650756,
      0.00030233789584599435,
      0.0003058100410271436,
      0.0003249670553486794,
      0.00032789362012408674,
      0.0003386753087397665,
      0.00034406755003146827,
      0.00035361453774385154,
      0.0003555933653842658,
      0.0003667643468361348
    ],
    "tie_indices_exact": [
      4610535
    ],
    "candidate_count": 5464102,
    "gradient": [
      0.015460314229130745,
      0.011307716369628906,
      -0.023089170455932617
    ],
    "hessian": [
      [
        1.5611672401428223,
        0.1160663515329361,
        -0.2369956076145172
      ],
      [
        0.1160663515329361,
        1.4873683452606201,
        -0.1733390986919403
      ],
      [
        -0.2369956076145172,
        -0.1733390837907791,
        1.7564178705215454
      ]
    ],
    "closest_point": [
      0.012754454277455807,
      -0.2804950177669525,
      1.5235559940338135
    ],
    "phi": 1.0,
    "step": 773,
    "state_label": "x_k",
    "state_index": 773,
    "position": [
      0.02048461139202118,
      -0.27484115958213806,
      1.5120114088058472
    ]
  },
  "runtime_seconds": 6.744752645492554
}