{
  "terminal_active_index": 4610535,
  "terminal_h_ref_a": -3.406563170113043e-10,
  "terminal_h_ref_b": -3.406563170113043e-10,
  "terminal_tau_ref": 1e-12,
  "terminal_classification": "ROBUST_OVERLAP",
  "terminal_official_float32_h": -7.421476766467094e-10,
  "terminal_official_error": -4.0149135963540514e-10,
  "terminal_kkt_residual_max": 2.220446049250313e-16,
  "terminal_surface_residual_max": 2.220446049250313e-16,
  "first_robust_overlap_step": 773,
  "first_indeterminate_step": null
}