{
  "absrel": 0.06576149673201144,
  "anchor_excluded": true,
  "delta1": 0.939383312066396,
  "delta2": 0.9727575361728669,
  "delta3": 0.9863549917936325,
  "frame_count": 60,
  "gaussian_count": 3045467,
  "lpips": 0.45654525359471637,
  "method": "GAUSSIAN_SLAM_GTPOSE_MAP_ONLY",
  "native_depth_semantics": "official Gaussian-SLAM native rasterizer depth output",
  "per_frame_alignment": false,
  "psnr": 14.863024886449178,
  "range_bins_m": {
    "far_ge_3m": [
      3,
      null
    ],
    "mid_1m_to_3m": [
      1,
      3
    ],
    "near_lt_1m": [
      0,
      1
    ]
  },
  "range_metrics": {
    "far_ge_3m": {
      "absrel": 0.1698695166896169,
      "delta1": 0.7171811925677153,
      "rmse": 0.8409299483666053,
      "valid": 12848.5
    },
    "mid_1m_to_3m": {
      "absrel": 0.0685251053267469,
      "delta1": 0.9285764376322428,
      "rmse": 0.23007489082713922,
      "valid": 147981.31666666668
    },
    "near_lt_1m": {
      "absrel": 0.05881198880044704,
      "delta1": 0.9606144263389262,
      "rmse": 0.07404218182126258,
      "valid": 41871.085106382976
    }
  },
  "ratio": 0.9445883949597677,
  "raw_metric_depth": true,
  "rmse": 0.24176508734623592,
  "rmselog": 0.16150100696831943,
  "scale_fitting": false,
  "sim3": false,
  "sqrel": 0.030562292966836442,
  "ssim": 0.5667431289951007,
  "status": "PASS",
  "submap_checkpoint_count": 25,
  "valid": 186348.01666666666
}
