{
  "absrel": 0.02713391510769725,
  "anchor_excluded": true,
  "delta1": 0.979695251584053,
  "delta2": 0.9914355834325155,
  "delta3": 0.9964782536029816,
  "frame_count": 60,
  "lpips": 0.3297833725810051,
  "method": "SPLATAM_GTPOSE_MAP_ONLY",
  "native_depth_semantics": "alpha-composited expected camera-z from the official depth-plus-silhouette raster pass",
  "per_frame_alignment": false,
  "psnr": 19.19094182650248,
  "range_bins_m": {
    "far_ge_3m": [
      3,
      null
    ],
    "mid_1m_to_3m": [
      1,
      3
    ],
    "near_lt_1m": [
      0,
      1
    ]
  },
  "range_metrics": {
    "far_ge_3m": {
      "absrel": 0.07307790602660841,
      "delta1": 0.8762604108563176,
      "rmse": 0.4666926606937691,
      "valid": 15030.62962962963
    },
    "mid_1m_to_3m": {
      "absrel": 0.029014924122020603,
      "delta1": 0.978165864944458,
      "rmse": 0.133221603743732,
      "valid": 181774.13333333333
    },
    "near_lt_1m": {
      "absrel": 0.044185579716399005,
      "delta1": 0.9637313728429833,
      "rmse": 0.08118351908134562,
      "valid": 55847.836734693876
    }
  },
  "ratio": 0.9978066603342692,
  "raw_metric_depth": true,
  "rmse": 0.13626602962613105,
  "rmselog": 0.07426138737549384,
  "scale_fitting": false,
  "sim3": false,
  "sqrel": 0.01222005336312577,
  "ssim": 0.779714259505272,
  "status": "PASS",
  "valid": 234146.98333333334
}
