{
  "active_index_bitwise_exact": true,
  "case_count": 4096,
  "closest_point_bitwise_exact": true,
  "finite_ratio": 1.0,
  "forward_grad_bitwise_exact": true,
  "forward_h_bitwise_exact": true,
  "hessian_error": {
    "max": 3.0693574017223604,
    "median": 1.4144909453027998,
    "p99": 2.6800442226020156
  },
  "hvp_error": {
    "max": 1.9978310823336298,
    "median": 1.059127927876831,
    "p99": 1.867285520872332
  },
  "local_hessian_reference_error": {
    "max": 3.0693605684271983,
    "median": 1.4144923669940834,
    "p99": 2.680046131559935
  },
  "local_reference_max_abs": 2.233304803311853e-07,
  "phi_reference_agreement": 1.0,
  "phi_zero_count": 0,
  "runtime_composition_bitwise_exact": true,
  "sample_0": {
    "actual_local": [
      [
        1.3974112272262573,
        0.05044463276863098,
        0.0031211150344461203
      ],
      [
        0.05044463276863098,
        1.949347734451294,
        0.023266972973942757
      ],
      [
        0.0031211150344461203,
        0.023266972973942757,
        1.988060712814331
      ]
    ],
    "local_signed": [
      -0.07196180917122857,
      -0.6771484150291219,
      -1.0582343745953553
    ],
    "reference_local": [
      [
        0.6161224246697544,
        0.050444611916864474,
        0.0031211135264639193
      ],
      [
        0.050444611916864474,
        0.8027514259520709,
        0.02326697718149945
      ],
      [
        0.0031211135264639193,
        0.02326697718149945,
        0.014818378392772658
      ]
    ],
    "scales": [
      0.1935511976480484,
      0.15227380394935608,
      0.02399492636322975
    ]
  },
  "status": "FAIL",
  "symmetry_max": 8.773718691333002e-08,
  "zero_component_finite_count": 6,
  "zero_component_total": 6
}
