{
  "RF0": {
    "max": 1.1451674087190449,
    "median": 0.025346451391112648,
    "p99": 0.31444288566590917
  },
  "RFR": {
    "max": 0.0,
    "median": 0.0,
    "p99": 0.0
  },
  "RFR_finite_ratio": 1.0,
  "RFR_symmetry_max": 6.764620867324401e-16,
  "case_count": 4096,
  "mixed_sign_general_cases": 4088,
  "selection": "SIGN_REFLECTION_REQUIRED_AND_VERIFIED",
  "sign_octants": 8
}
