active_constraints_max,active_constraints_mean,active_constraints_p95,active_set_switch_rate,benchmark_config_sha256,candidate_count_mean,canonical_tree_sha256,collision_count,completion,control_delta_max,control_delta_mean,control_delta_p95,control_tv,deadline_miss_count,deadlock,dt_checks,dt_triggers,endpoint_only_misses,fallback_count,first_collision_step,forced_candidate_count_mean,forced_candidate_events,group,infeasible_steps,intervention_switches,jerk_max,jerk_p95,jerk_rms,map_mutation_count,map_ply_sha256,method,min_map_h,min_reference_clearance,min_segment_clearance,path_length_m,post_qp_clip_count,post_recovery_progress_m,progress_m,qp_infeasible,recovery_failure,recovery_steps,recovery_success,recovery_triggers,reference_collision,reference_oracle_controller_input_count,runtime_max_s,runtime_mean_s,runtime_p95_s,scenario_id,scenario_registry_sha256,seed,segment_clearance_contract,segment_risk_events,source_commit,status,status_subtype,steps,unknown_encounters,wall_seconds
2000,2000.0,2000.0,0.0,a3166060848f911fbbca79622a8a1c2b45c8acb14596f1f6c6fd13720878d374,2000.0,06c1ff17d2ed5eb184b6a9699a3a32da431a1460840431a3effe76d5f03b9ee3,0,True,0.024889506058044134,0.007653726070203623,0.018306320839215285,0.7041427984587333,1,False,0,0,0,0,,0.0,0,G0_SAFE_CONTROL,0,26,0.49779012116088267,0.3661264167843057,0.18912522000131063,0,927734a2339a3f2710640065b0893eaae162cc0144ac67e2f377bcff2e71ae34,M0_SAFER_BASELINE,0.010794514360252808,1.4146663426011268,1.414581924123374,0.27718459364345,0,,0.1421674024882863,0,0,0,0,0,False,0,3.17593697598204,0.05756831986539226,0.025139489118009804,G0_00_279,9f9fce4d1875b57e7a55c3a9cbf5b5a0c3f8476d84b3deb53c920d9b6322bb1d,4332271004944993336,CERTIFIED_ENDPOINT_LIPSCHITZ_LOWER_BOUND,0,54c035f7834b564019656c3e3fcc3646292f727d,SUCCESS,STOPPED_GOAL,93,0,34.18687405087985
2000,2000.0,2000.0,0.0,a3166060848f911fbbca79622a8a1c2b45c8acb14596f1f6c6fd13720878d374,2000.0,06c1ff17d2ed5eb184b6a9699a3a32da431a1460840431a3effe76d5f03b9ee3,0,True,0.024889506058044134,0.007653726070203623,0.018306320839215285,0.7041427984587333,0,False,0,0,0,0,,0.0,0,G0_SAFE_CONTROL,0,26,0.49779012116088267,0.3661264167843057,0.18912522000131063,0,927734a2339a3f2710640065b0893eaae162cc0144ac67e2f377bcff2e71ae34,M1_FAS_START_SAFE_ONLY,0.010794514360252808,1.4146663426011268,1.414581924123374,0.27718459364345,0,,0.1421674024882863,0,0,0,0,0,False,0,0.033628792967647314,0.024470417837097132,0.026199056743644176,G0_00_279,9f9fce4d1875b57e7a55c3a9cbf5b5a0c3f8476d84b3deb53c920d9b6322bb1d,4332271004944993336,CERTIFIED_ENDPOINT_LIPSCHITZ_LOWER_BOUND,0,54c035f7834b564019656c3e3fcc3646292f727d,SUCCESS,STOPPED_GOAL,93,0,4.123352799797431
2,0.41935483870967744,2.0,0.043478260869565216,a3166060848f911fbbca79622a8a1c2b45c8acb14596f1f6c6fd13720878d374,2000.0,06c1ff17d2ed5eb184b6a9699a3a32da431a1460840431a3effe76d5f03b9ee3,0,True,0.02488960211576933,0.007653186110286536,0.018306722953713713,0.7040931221463613,0,False,0,0,0,0,,0.0,0,G0_SAFE_CONTROL,0,26,0.49779204231538654,0.3661344590742742,0.1891212153091355,0,927734a2339a3f2710640065b0893eaae162cc0144ac67e2f377bcff2e71ae34,M2_FAS_START_SAFE_PLUS_FEASIBILITY_AWARE,0.010794520182410821,1.4146611789838786,1.4145766600329825,0.27719354866247187,0,,0.14216976883032245,0,0,0,0,0,False,0,0.02634943905286491,0.01724391241874942,0.01834867487195879,G0_00_279,9f9fce4d1875b57e7a55c3a9cbf5b5a0c3f8476d84b3deb53c920d9b6322bb1d,4332271004944993336,CERTIFIED_ENDPOINT_LIPSCHITZ_LOWER_BOUND,0,54c035f7834b564019656c3e3fcc3646292f727d,SUCCESS,STOPPED_GOAL,93,0,3.4172026230953634
2,0.41935483870967744,2.0,0.043478260869565216,a3166060848f911fbbca79622a8a1c2b45c8acb14596f1f6c6fd13720878d374,2000.0,06c1ff17d2ed5eb184b6a9699a3a32da431a1460840431a3effe76d5f03b9ee3,0,True,0.02488960211576933,0.007653186110286536,0.018306722953713713,0.7040931221463613,92,False,93,0,0,0,,0.0,0,G0_SAFE_CONTROL,0,26,0.49779204231538654,0.3661344590742742,0.1891212153091355,0,927734a2339a3f2710640065b0893eaae162cc0144ac67e2f377bcff2e71ae34,M3_FAS_PLUS_DISCRETE_TIME_VERIFICATION,0.010794520182410821,1.4146611789838786,1.4145766600329825,0.27719354866247187,0,,0.14216976883032245,0,0,0,0,0,False,0,0.0974605749361217,0.08302901791250135,0.08806471172720193,G0_00_279,9f9fce4d1875b57e7a55c3a9cbf5b5a0c3f8476d84b3deb53c920d9b6322bb1d,4332271004944993336,CERTIFIED_ENDPOINT_LIPSCHITZ_LOWER_BOUND,0,54c035f7834b564019656c3e3fcc3646292f727d,SUCCESS,STOPPED_GOAL,93,0,9.80901637300849
2,0.41935483870967744,2.0,0.043478260869565216,a3166060848f911fbbca79622a8a1c2b45c8acb14596f1f6c6fd13720878d374,2000.0,06c1ff17d2ed5eb184b6a9699a3a32da431a1460840431a3effe76d5f03b9ee3,0,True,0.02488960211576933,0.007653186110286536,0.018306722953713713,0.7040931221463613,93,False,93,0,0,0,,0.0,0,G0_SAFE_CONTROL,0,26,0.49779204231538654,0.3661344590742742,0.1891212153091355,0,927734a2339a3f2710640065b0893eaae162cc0144ac67e2f377bcff2e71ae34,M4_FULL_FAS_CBF,0.010794520182410821,1.4146611789838786,1.4145766600329825,0.27719354866247187,0,,0.14216976883032245,0,0,0,0,0,False,0,0.12056991993449628,0.11163497609928488,0.11560759064741431,G0_00_279,9f9fce4d1875b57e7a55c3a9cbf5b5a0c3f8476d84b3deb53c920d9b6322bb1d,4332271004944993336,CERTIFIED_ENDPOINT_LIPSCHITZ_LOWER_BOUND,0,54c035f7834b564019656c3e3fcc3646292f727d,SUCCESS,STOPPED_GOAL,93,0,12.344795102952048
2000,2000.0,2000.0,0.0,a3166060848f911fbbca79622a8a1c2b45c8acb14596f1f6c6fd13720878d374,2000.0,06c1ff17d2ed5eb184b6a9699a3a32da431a1460840431a3effe76d5f03b9ee3,0,True,0.024327596593407212,0.007347271760116025,0.01622095746855406,0.7714635348121825,0,False,0,0,0,0,,0.0,0,G0_SAFE_CONTROL,0,28,0.4865519318681442,0.3244191493710812,0.17888999154484492,0,927734a2339a3f2710640065b0893eaae162cc0144ac67e2f377bcff2e71ae34,M0_SAFER_BASELINE,0.02580955517928392,1.5891055001105785,1.5849062895872787,0.3372844039258809,0,,0.19020618550368468,0,0,0,0,0,False,0,0.04221500898711383,0.025589090813706927,0.0267473611747846,G0_01_171,9f9fce4d1875b57e7a55c3a9cbf5b5a0c3f8476d84b3deb53c920d9b6322bb1d,11092692567689378203,CERTIFIED_ENDPOINT_LIPSCHITZ_LOWER_BOUND,0,54c035f7834b564019656c3e3fcc3646292f727d,SUCCESS,STOPPED_GOAL,106,0,5.800555865978822
2000,2000.0,2000.0,0.0,a3166060848f911fbbca79622a8a1c2b45c8acb14596f1f6c6fd13720878d374,2000.0,06c1ff17d2ed5eb184b6a9699a3a32da431a1460840431a3effe76d5f03b9ee3,0,True,0.024327596593407212,0.007347271760116025,0.01622095746855406,0.7714635348121825,0,False,0,0,0,0,,0.0,0,G0_SAFE_CONTROL,0,28,0.4865519318681442,0.3244191493710812,0.17888999154484492,0,927734a2339a3f2710640065b0893eaae162cc0144ac67e2f377bcff2e71ae34,M1_FAS_START_SAFE_ONLY,0.02580955517928392,1.5891055001105785,1.5849062895872787,0.3372844039258809,0,,0.19020618550368468,0,0,0,0,0,False,0,0.034046134911477566,0.025490971519307137,0.02706715606618672,G0_01_171,9f9fce4d1875b57e7a55c3a9cbf5b5a0c3f8476d84b3deb53c920d9b6322bb1d,11092692567689378203,CERTIFIED_ENDPOINT_LIPSCHITZ_LOWER_BOUND,0,54c035f7834b564019656c3e3fcc3646292f727d,SUCCESS,STOPPED_GOAL,106,0,5.757126977900043
10,1.0377358490566038,9.0,0.11428571428571428,a3166060848f911fbbca79622a8a1c2b45c8acb14596f1f6c6fd13720878d374,2000.0,06c1ff17d2ed5eb184b6a9699a3a32da431a1460840431a3effe76d5f03b9ee3,0,True,0.024328379669804362,0.007346588784745436,0.01622031754312762,0.7713918223982709,0,False,0,0,0,0,,0.0,0,G0_SAFE_CONTROL,0,30,0.48656759339608724,0.32440635086255243,0.17888336955805262,0,927734a2339a3f2710640065b0893eaae162cc0144ac67e2f377bcff2e71ae34,M2_FAS_START_SAFE_PLUS_FEASIBILITY_AWARE,0.0258090462169389,1.5891041896664204,1.5849053328304308,0.3372895852169882,0,,0.19020724407663328,0,0,0,0,0,False,0,0.023860886925831437,0.017601728822304822,0.017737643513828515,G0_01_171,9f9fce4d1875b57e7a55c3a9cbf5b5a0c3f8476d84b3deb53c920d9b6322bb1d,11092692567689378203,CERTIFIED_ENDPOINT_LIPSCHITZ_LOWER_BOUND,0,54c035f7834b564019656c3e3fcc3646292f727d,SUCCESS,STOPPED_GOAL,106,0,4.917073332937434
10,1.0377358490566038,9.0,0.11428571428571428,a3166060848f911fbbca79622a8a1c2b45c8acb14596f1f6c6fd13720878d374,2000.0,06c1ff17d2ed5eb184b6a9699a3a32da431a1460840431a3effe76d5f03b9ee3,0,True,0.024328379669804362,0.007346588784745436,0.01622031754312762,0.7713918223982709,105,False,106,0,0,0,,0.0,0,G0_SAFE_CONTROL,0,30,0.48656759339608724,0.32440635086255243,0.17888336955805262,0,927734a2339a3f2710640065b0893eaae162cc0144ac67e2f377bcff2e71ae34,M3_FAS_PLUS_DISCRETE_TIME_VERIFICATION,0.0258090462169389,1.5891041896664204,1.5849053328304308,0.3372895852169882,0,,0.19020724407663328,0,0,0,0,0,False,0,0.08712416794151068,0.08238651772969724,0.08427499656099827,G0_01_171,9f9fce4d1875b57e7a55c3a9cbf5b5a0c3f8476d84b3deb53c920d9b6322bb1d,11092692567689378203,CERTIFIED_ENDPOINT_LIPSCHITZ_LOWER_BOUND,0,54c035f7834b564019656c3e3fcc3646292f727d,SUCCESS,STOPPED_GOAL,106,0,11.86658048001118
10,1.0377358490566038,9.0,0.11428571428571428,a3166060848f911fbbca79622a8a1c2b45c8acb14596f1f6c6fd13720878d374,2000.0,06c1ff17d2ed5eb184b6a9699a3a32da431a1460840431a3effe76d5f03b9ee3,0,True,0.024328379669804362,0.007346588784745436,0.01622031754312762,0.7713918223982709,106,False,106,0,0,0,,0.0,0,G0_SAFE_CONTROL,0,30,0.48656759339608724,0.32440635086255243,0.17888336955805262,0,927734a2339a3f2710640065b0893eaae162cc0144ac67e2f377bcff2e71ae34,M4_FULL_FAS_CBF,0.0258090462169389,1.5891041896664204,1.5849053328304308,0.3372895852169882,0,,0.19020724407663328,0,0,0,0,0,False,0,0.11896182806231081,0.11544375024326842,0.11810598578304052,G0_01_171,9f9fce4d1875b57e7a55c3a9cbf5b5a0c3f8476d84b3deb53c920d9b6322bb1d,11092692567689378203,CERTIFIED_ENDPOINT_LIPSCHITZ_LOWER_BOUND,0,54c035f7834b564019656c3e3fcc3646292f727d,SUCCESS,STOPPED_GOAL,106,0,15.37305289087817
2000,2000.0,2000.0,0.0,a3166060848f911fbbca79622a8a1c2b45c8acb14596f1f6c6fd13720878d374,2000.0,06c1ff17d2ed5eb184b6a9699a3a32da431a1460840431a3effe76d5f03b9ee3,0,True,0.03359415583636075,0.0085108984009095,0.01990686715913817,0.44256671684729393,0,False,0,0,0,0,,0.0,0,G0_SAFE_CONTROL,0,30,0.671883116727215,0.39813734318276334,0.2160094111225431,0,927734a2339a3f2710640065b0893eaae162cc0144ac67e2f377bcff2e71ae34,M0_SAFER_BASELINE,0.010328127104716034,1.6111090790425424,1.6109249994022325,0.16001962913513348,0,,0.09877160056843058,0,0,0,0,0,False,0,0.04196484200656414,0.024975647275634814,0.02685298519209027,G0_02_010,9f9fce4d1875b57e7a55c3a9cbf5b5a0c3f8476d84b3deb53c920d9b6322bb1d,12678055908040662840,CERTIFIED_ENDPOINT_LIPSCHITZ_LOWER_BOUND,0,54c035f7834b564019656c3e3fcc3646292f727d,SUCCESS,STOPPED_GOAL,53,0,3.4740879898890853
2000,2000.0,2000.0,0.0,a3166060848f911fbbca79622a8a1c2b45c8acb14596f1f6c6fd13720878d374,2000.0,06c1ff17d2ed5eb184b6a9699a3a32da431a1460840431a3effe76d5f03b9ee3,0,True,0.03359415583636075,0.0085108984009095,0.01990686715913817,0.44256671684729393,0,False,0,0,0,0,,0.0,0,G0_SAFE_CONTROL,0,30,0.671883116727215,0.39813734318276334,0.2160094111225431,0,927734a2339a3f2710640065b0893eaae162cc0144ac67e2f377bcff2e71ae34,M1_FAS_START_SAFE_ONLY,0.010328127104716034,1.6111090790425424,1.6109249994022325,0.16001962913513348,0,,0.09877160056843058,0,0,0,0,0,False,0,0.02746311412192881,0.02470935725055083,0.025577171833720058,G0_02_010,9f9fce4d1875b57e7a55c3a9cbf5b5a0c3f8476d84b3deb53c920d9b6322bb1d,12678055908040662840,CERTIFIED_ENDPOINT_LIPSCHITZ_LOWER_BOUND,0,54c035f7834b564019656c3e3fcc3646292f727d,SUCCESS,STOPPED_GOAL,53,0,3.606091446010396
7,3.490566037735849,7.0,0.25,a3166060848f911fbbca79622a8a1c2b45c8acb14596f1f6c6fd13720878d374,2000.0,06c1ff17d2ed5eb184b6a9699a3a32da431a1460840431a3effe76d5f03b9ee3,0,True,0.03359358269485337,0.00851029740820221,0.01990692482000809,0.4425354652265149,0,False,0,0,0,0,,0.0,0,G0_SAFE_CONTROL,0,30,0.6718716538970675,0.39813849640016175,0.21599827755049406,0,927734a2339a3f2710640065b0893eaae162cc0144ac67e2f377bcff2e71ae34,M2_FAS_START_SAFE_PLUS_FEASIBILITY_AWARE,0.010328130383989439,1.6111090790425424,1.610924997718997,0.1600203596950983,0,,0.09877083058771662,0,0,0,0,0,False,0,0.023965528002008796,0.01784477373412638,0.018284931592643255,G0_02_010,9f9fce4d1875b57e7a55c3a9cbf5b5a0c3f8476d84b3deb53c920d9b6322bb1d,12678055908040662840,CERTIFIED_ENDPOINT_LIPSCHITZ_LOWER_BOUND,0,54c035f7834b564019656c3e3fcc3646292f727d,SUCCESS,STOPPED_GOAL,53,0,3.2205550640355796
7,3.490566037735849,7.0,0.25,a3166060848f911fbbca79622a8a1c2b45c8acb14596f1f6c6fd13720878d374,2000.0,06c1ff17d2ed5eb184b6a9699a3a32da431a1460840431a3effe76d5f03b9ee3,0,True,0.03359358269485337,0.00851029740820221,0.01990692482000809,0.4425354652265149,52,False,53,0,0,0,,0.0,0,G0_SAFE_CONTROL,0,30,0.6718716538970675,0.39813849640016175,0.21599827755049406,0,927734a2339a3f2710640065b0893eaae162cc0144ac67e2f377bcff2e71ae34,M3_FAS_PLUS_DISCRETE_TIME_VERIFICATION,0.010328130383989439,1.6111090790425424,1.610924997718997,0.1600203596950983,0,,0.09877083058771662,0,0,0,0,0,False,0,0.09167248383164406,0.08176793590515714,0.08443109139334411,G0_02_010,9f9fce4d1875b57e7a55c3a9cbf5b5a0c3f8476d84b3deb53c920d9b6322bb1d,12678055908040662840,CERTIFIED_ENDPOINT_LIPSCHITZ_LOWER_BOUND,0,54c035f7834b564019656c3e3fcc3646292f727d,SUCCESS,STOPPED_GOAL,53,0,6.601919990032911
7,3.490566037735849,7.0,0.25,a3166060848f911fbbca79622a8a1c2b45c8acb14596f1f6c6fd13720878d374,2000.0,06c1ff17d2ed5eb184b6a9699a3a32da431a1460840431a3effe76d5f03b9ee3,0,True,0.03359358269485337,0.00851029740820221,0.01990692482000809,0.4425354652265149,53,False,53,0,0,0,,0.0,0,G0_SAFE_CONTROL,0,30,0.6718716538970675,0.39813849640016175,0.21599827755049406,0,927734a2339a3f2710640065b0893eaae162cc0144ac67e2f377bcff2e71ae34,M4_FULL_FAS_CBF,0.010328130383989439,1.6111090790425424,1.610924997718997,0.1600203596950983,0,,0.09877083058771662,0,0,0,0,0,False,0,0.131177743896842,0.11389450917313634,0.12194906551158054,G0_02_010,9f9fce4d1875b57e7a55c3a9cbf5b5a0c3f8476d84b3deb53c920d9b6322bb1d,12678055908040662840,CERTIFIED_ENDPOINT_LIPSCHITZ_LOWER_BOUND,0,54c035f7834b564019656c3e3fcc3646292f727d,SUCCESS,STOPPED_GOAL,53,0,8.359928353922442
2000,2000.0,2000.0,0.0,a3166060848f911fbbca79622a8a1c2b45c8acb14596f1f6c6fd13720878d374,2000.0,06c1ff17d2ed5eb184b6a9699a3a32da431a1460840431a3effe76d5f03b9ee3,0,True,0.02929695681552146,0.006613657667171942,0.01610456244039915,0.5224789557065834,0,False,0,0,0,0,,0.0,0,G0_SAFE_CONTROL,0,71,0.5859391363104292,0.322091248807983,0.16822372599269672,0,927734a2339a3f2710640065b0893eaae162cc0144ac67e2f377bcff2e71ae34,M0_SAFER_BASELINE,0.0017765373238595936,1.5034947335960616,1.5033109011841457,0.22594873199519877,0,,0.16446070445539002,0,0,0,0,0,False,0,0.03471684921532869,0.0252465561585268,0.026087346265558153,G0_03_068,9f9fce4d1875b57e7a55c3a9cbf5b5a0c3f8476d84b3deb53c920d9b6322bb1d,16206771849128416402,CERTIFIED_ENDPOINT_LIPSCHITZ_LOWER_BOUND,0,54c035f7834b564019656c3e3fcc3646292f727d,SUCCESS,STOPPED_GOAL,80,0,4.576726192841306
2000,2000.0,2000.0,0.0,a3166060848f911fbbca79622a8a1c2b45c8acb14596f1f6c6fd13720878d374,2000.0,06c1ff17d2ed5eb184b6a9699a3a32da431a1460840431a3effe76d5f03b9ee3,0,True,0.02929695681552146,0.006613657667171942,0.01610456244039915,0.5224789557065834,0,False,0,0,0,0,,0.0,0,G0_SAFE_CONTROL,0,71,0.5859391363104292,0.322091248807983,0.16822372599269672,0,927734a2339a3f2710640065b0893eaae162cc0144ac67e2f377bcff2e71ae34,M1_FAS_START_SAFE_ONLY,0.0017765373238595936,1.5034947335960616,1.5033109011841457,0.22594873199519877,0,,0.16446070445539002,0,0,0,0,0,False,0,0.035052290884777904,0.025395455876549268,0.029589304933324456,G0_03_068,9f9fce4d1875b57e7a55c3a9cbf5b5a0c3f8476d84b3deb53c920d9b6322bb1d,16206771849128416402,CERTIFIED_ENDPOINT_LIPSCHITZ_LOWER_BOUND,0,54c035f7834b564019656c3e3fcc3646292f727d,SUCCESS,STOPPED_GOAL,80,0,4.750754797132686
78,22.9,73.05,0.6582278481012658,a3166060848f911fbbca79622a8a1c2b45c8acb14596f1f6c6fd13720878d374,2000.0,06c1ff17d2ed5eb184b6a9699a3a32da431a1460840431a3effe76d5f03b9ee3,0,True,0.029297145827161978,0.006613568630306596,0.016104660800548967,0.5224719217942211,0,False,0,0,0,0,,0.375,22,G0_SAFE_CONTROL,0,71,0.5859429165432396,0.32209321601097934,0.168221970764975,0,927734a2339a3f2710640065b0893eaae162cc0144ac67e2f377bcff2e71ae34,M2_FAS_START_SAFE_PLUS_FEASIBILITY_AWARE,0.0017765390567421081,1.5034947335960616,1.5033109003772758,0.22594873478545033,0,,0.16446070884969363,0,0,0,0,0,False,0,0.022971637081354856,0.017728331763251327,0.018000192008912563,G0_03_068,9f9fce4d1875b57e7a55c3a9cbf5b5a0c3f8476d84b3deb53c920d9b6322bb1d,16206771849128416402,CERTIFIED_ENDPOINT_LIPSCHITZ_LOWER_BOUND,0,54c035f7834b564019656c3e3fcc3646292f727d,SUCCESS,STOPPED_GOAL,80,0,4.122674515005201
78,22.9,73.05,0.6582278481012658,a3166060848f911fbbca79622a8a1c2b45c8acb14596f1f6c6fd13720878d374,2000.0,06c1ff17d2ed5eb184b6a9699a3a32da431a1460840431a3effe76d5f03b9ee3,0,True,0.029297145827161978,0.006613568630306596,0.016104660800548967,0.5224719217942211,79,False,80,0,0,0,,0.375,22,G0_SAFE_CONTROL,0,71,0.5859429165432396,0.32209321601097934,0.168221970764975,0,927734a2339a3f2710640065b0893eaae162cc0144ac67e2f377bcff2e71ae34,M3_FAS_PLUS_DISCRETE_TIME_VERIFICATION,0.0017765390567421081,1.5034947335960616,1.5033109003772758,0.22594873478545033,0,,0.16446070884969363,0,0,0,0,0,False,0,0.08688139705918729,0.08202575987929271,0.08447376801632345,G0_03_068,9f9fce4d1875b57e7a55c3a9cbf5b5a0c3f8476d84b3deb53c920d9b6322bb1d,16206771849128416402,CERTIFIED_ENDPOINT_LIPSCHITZ_LOWER_BOUND,0,54c035f7834b564019656c3e3fcc3646292f727d,SUCCESS,STOPPED_GOAL,80,0,9.351554731139913
78,22.9,73.05,0.6582278481012658,a3166060848f911fbbca79622a8a1c2b45c8acb14596f1f6c6fd13720878d374,2000.0,06c1ff17d2ed5eb184b6a9699a3a32da431a1460840431a3effe76d5f03b9ee3,0,True,0.029297145827161978,0.006613568630306596,0.016104660800548967,0.5224719217942211,80,False,80,0,0,0,,0.375,22,G0_SAFE_CONTROL,0,71,0.5859429165432396,0.32209321601097934,0.168221970764975,0,927734a2339a3f2710640065b0893eaae162cc0144ac67e2f377bcff2e71ae34,M4_FULL_FAS_CBF,0.0017765390567421081,1.5034947335960616,1.5033109003772758,0.22594873478545033,0,,0.16446070884969363,0,0,0,0,0,False,0,0.1431779689155519,0.11490993993356824,0.1175744489300996,G0_03_068,9f9fce4d1875b57e7a55c3a9cbf5b5a0c3f8476d84b3deb53c920d9b6322bb1d,16206771849128416402,CERTIFIED_ENDPOINT_LIPSCHITZ_LOWER_BOUND,0,54c035f7834b564019656c3e3fcc3646292f727d,SUCCESS,STOPPED_GOAL,80,0,12.025075495010242
2000,2000.0,2000.0,0.0,a3166060848f911fbbca79622a8a1c2b45c8acb14596f1f6c6fd13720878d374,2000.0,06c1ff17d2ed5eb184b6a9699a3a32da431a1460840431a3effe76d5f03b9ee3,0,True,0.026375852715255547,0.009472134870066401,0.018627479879311713,0.8903806777862416,0,False,0,0,0,0,,0.0,0,G0_SAFE_CONTROL,0,40,0.527517054305111,0.37254959758623424,0.21222406703945232,0,927734a2339a3f2710640065b0893eaae162cc0144ac67e2f377bcff2e71ae34,M0_SAFER_BASELINE,0.011021711743759627,1.6111301795147621,1.6109478755655262,0.3011883230214326,0,,0.17303415805319833,0,0,0,0,0,False,0,0.04218118102289736,0.028555731494960032,0.029863258963450788,G0_04_252,9f9fce4d1875b57e7a55c3a9cbf5b5a0c3f8476d84b3deb53c920d9b6322bb1d,10739549186160905429,CERTIFIED_ENDPOINT_LIPSCHITZ_LOWER_BOUND,0,54c035f7834b564019656c3e3fcc3646292f727d,SUCCESS,STOPPED_GOAL,95,0,5.742987028090283
2000,2000.0,2000.0,0.0,a3166060848f911fbbca79622a8a1c2b45c8acb14596f1f6c6fd13720878d374,2000.0,06c1ff17d2ed5eb184b6a9699a3a32da431a1460840431a3effe76d5f03b9ee3,0,True,0.026375852715255547,0.009472134870066401,0.018627479879311713,0.8903806777862416,0,False,0,0,0,0,,0.0,0,G0_SAFE_CONTROL,0,40,0.527517054305111,0.37254959758623424,0.21222406703945232,0,927734a2339a3f2710640065b0893eaae162cc0144ac67e2f377bcff2e71ae34,M1_FAS_START_SAFE_ONLY,0.011021711743759627,1.6111301795147621,1.6109478755655262,0.3011883230214326,0,,0.17303415805319833,0,0,0,0,0,False,0,0.037529323948547244,0.026134289008041378,0.03067098668543622,G0_04_252,9f9fce4d1875b57e7a55c3a9cbf5b5a0c3f8476d84b3deb53c920d9b6322bb1d,10739549186160905429,CERTIFIED_ENDPOINT_LIPSCHITZ_LOWER_BOUND,0,54c035f7834b564019656c3e3fcc3646292f727d,SUCCESS,STOPPED_GOAL,95,0,5.522918319096789
8,2.9789473684210526,7.0,0.14893617021276595,a3166060848f911fbbca79622a8a1c2b45c8acb14596f1f6c6fd13720878d374,2000.0,06c1ff17d2ed5eb184b6a9699a3a32da431a1460840431a3effe76d5f03b9ee3,0,True,0.026378159382513817,0.009472306169056746,0.018627878443117692,0.890396779891334,0,False,0,0,0,0,,0.0,0,G0_SAFE_CONTROL,0,40,0.5275631876502763,0.37255756886235386,0.21222822745541653,0,927734a2339a3f2710640065b0893eaae162cc0144ac67e2f377bcff2e71ae34,M2_FAS_START_SAFE_PLUS_FEASIBILITY_AWARE,0.01102171804200515,1.6111301795147621,1.6109478472509433,0.3011905509613559,0,,0.17303459142546138,0,0,0,0,0,False,0,0.026054118992760777,0.016642988344149973,0.017377586220391095,G0_04_252,9f9fce4d1875b57e7a55c3a9cbf5b5a0c3f8476d84b3deb53c920d9b6322bb1d,10739549186160905429,CERTIFIED_ENDPOINT_LIPSCHITZ_LOWER_BOUND,0,54c035f7834b564019656c3e3fcc3646292f727d,SUCCESS,STOPPED_GOAL,95,0,4.657249253010377
8,2.9789473684210526,7.0,0.14893617021276595,a3166060848f911fbbca79622a8a1c2b45c8acb14596f1f6c6fd13720878d374,2000.0,06c1ff17d2ed5eb184b6a9699a3a32da431a1460840431a3effe76d5f03b9ee3,0,True,0.026378159382513817,0.009472306169056746,0.018627878443117692,0.890396779891334,94,False,95,0,0,0,,0.0,0,G0_SAFE_CONTROL,0,40,0.5275631876502763,0.37255756886235386,0.21222822745541653,0,927734a2339a3f2710640065b0893eaae162cc0144ac67e2f377bcff2e71ae34,M3_FAS_PLUS_DISCRETE_TIME_VERIFICATION,0.01102171804200515,1.6111301795147621,1.6109478472509433,0.3011905509613559,0,,0.17303459142546138,0,0,0,0,0,False,0,0.08582552196457982,0.08191714933733844,0.08468677807832137,G0_04_252,9f9fce4d1875b57e7a55c3a9cbf5b5a0c3f8476d84b3deb53c920d9b6322bb1d,10739549186160905429,CERTIFIED_ENDPOINT_LIPSCHITZ_LOWER_BOUND,0,54c035f7834b564019656c3e3fcc3646292f727d,SUCCESS,STOPPED_GOAL,95,0,10.781458453042433
8,2.9789473684210526,7.0,0.14893617021276595,a3166060848f911fbbca79622a8a1c2b45c8acb14596f1f6c6fd13720878d374,2000.0,06c1ff17d2ed5eb184b6a9699a3a32da431a1460840431a3effe76d5f03b9ee3,0,True,0.026378159382513817,0.009472306169056746,0.018627878443117692,0.890396779891334,95,False,95,0,0,0,,0.0,0,G0_SAFE_CONTROL,0,40,0.5275631876502763,0.37255756886235386,0.21222822745541653,0,927734a2339a3f2710640065b0893eaae162cc0144ac67e2f377bcff2e71ae34,M4_FULL_FAS_CBF,0.01102171804200515,1.6111301795147621,1.6109478472509433,0.3011905509613559,0,,0.17303459142546138,0,0,0,0,0,False,0,0.1216240031644702,0.11500756219660009,0.11772016779286787,G0_04_252,9f9fce4d1875b57e7a55c3a9cbf5b5a0c3f8476d84b3deb53c920d9b6322bb1d,10739549186160905429,CERTIFIED_ENDPOINT_LIPSCHITZ_LOWER_BOUND,0,54c035f7834b564019656c3e3fcc3646292f727d,SUCCESS,STOPPED_GOAL,95,0,13.973657611990348
2000,2000.0,2000.0,0.0,a3166060848f911fbbca79622a8a1c2b45c8acb14596f1f6c6fd13720878d374,2000.0,06c1ff17d2ed5eb184b6a9699a3a32da431a1460840431a3effe76d5f03b9ee3,0,True,0.023715204830723615,0.008570058918518997,0.022468931753487627,0.2828119443111269,0,False,0,0,0,0,,0.0,0,G0_SAFE_CONTROL,0,6,0.47430409661447226,0.44937863506975256,0.2266868884323369,0,927734a2339a3f2710640065b0893eaae162cc0144ac67e2f377bcff2e71ae34,M0_SAFER_BASELINE,0.029011433503693056,1.6108798984451909,1.6065607263296946,0.09872109989050372,0,,0.04270025636651553,0,0,0,0,0,False,0,0.04157740110531449,0.02562661177944392,0.030157399585004886,G0_05_283,9f9fce4d1875b57e7a55c3a9cbf5b5a0c3f8476d84b3deb53c920d9b6322bb1d,1899835770722748725,CERTIFIED_ENDPOINT_LIPSCHITZ_LOWER_BOUND,0,54c035f7834b564019656c3e3fcc3646292f727d,SUCCESS,STOPPED_GOAL,34,0,2.694430834148079
2000,2000.0,2000.0,0.0,a3166060848f911fbbca79622a8a1c2b45c8acb14596f1f6c6fd13720878d374,2000.0,06c1ff17d2ed5eb184b6a9699a3a32da431a1460840431a3effe76d5f03b9ee3,0,True,0.023715204830723615,0.008570058918518997,0.022468931753487627,0.2828119443111269,0,False,0,0,0,0,,0.0,0,G0_SAFE_CONTROL,0,6,0.47430409661447226,0.44937863506975256,0.2266868884323369,0,927734a2339a3f2710640065b0893eaae162cc0144ac67e2f377bcff2e71ae34,M1_FAS_START_SAFE_ONLY,0.029011433503693056,1.6108798984451909,1.6065607263296946,0.09872109989050372,0,,0.04270025636651553,0,0,0,0,0,False,0,0.027030244003981352,0.02495747531232025,0.02685952973552048,G0_05_283,9f9fce4d1875b57e7a55c3a9cbf5b5a0c3f8476d84b3deb53c920d9b6322bb1d,1899835770722748725,CERTIFIED_ENDPOINT_LIPSCHITZ_LOWER_BOUND,0,54c035f7834b564019656c3e3fcc3646292f727d,SUCCESS,STOPPED_GOAL,34,0,2.744381485041231
0,0.0,0.0,0.0,a3166060848f911fbbca79622a8a1c2b45c8acb14596f1f6c6fd13720878d374,2000.0,06c1ff17d2ed5eb184b6a9699a3a32da431a1460840431a3effe76d5f03b9ee3,0,True,0.023715337399999693,0.008568383338882988,0.022465357922518688,0.2827566501831386,0,False,0,0,0,0,,0.0,0,G0_SAFE_CONTROL,0,6,0.4743067479999938,0.4493071584503738,0.22666682164338198,0,927734a2339a3f2710640065b0893eaae162cc0144ac67e2f377bcff2e71ae34,M2_FAS_START_SAFE_PLUS_FEASIBILITY_AWARE,0.029011433503693056,1.6108798984451909,1.6065607315895694,0.09872093156378489,0,,0.04270042467352465,0,0,0,0,0,False,0,0.02963349292986095,0.01806887391555522,0.021912752790376536,G0_05_283,9f9fce4d1875b57e7a55c3a9cbf5b5a0c3f8476d84b3deb53c920d9b6322bb1d,1899835770722748725,CERTIFIED_ENDPOINT_LIPSCHITZ_LOWER_BOUND,0,54c035f7834b564019656c3e3fcc3646292f727d,SUCCESS,STOPPED_GOAL,34,0,2.5203221710398793
0,0.0,0.0,0.0,a3166060848f911fbbca79622a8a1c2b45c8acb14596f1f6c6fd13720878d374,2000.0,06c1ff17d2ed5eb184b6a9699a3a32da431a1460840431a3effe76d5f03b9ee3,0,True,0.023715337399999693,0.008568383338882988,0.022465357922518688,0.2827566501831386,33,False,34,0,0,0,,0.0,0,G0_SAFE_CONTROL,0,6,0.4743067479999938,0.4493071584503738,0.22666682164338198,0,927734a2339a3f2710640065b0893eaae162cc0144ac67e2f377bcff2e71ae34,M3_FAS_PLUS_DISCRETE_TIME_VERIFICATION,0.029011433503693056,1.6108798984451909,1.6065607315895694,0.09872093156378489,0,,0.04270042467352465,0,0,0,0,0,False,0,0.09370363294146955,0.07781028433569841,0.08203326335642487,G0_05_283,9f9fce4d1875b57e7a55c3a9cbf5b5a0c3f8476d84b3deb53c920d9b6322bb1d,1899835770722748725,CERTIFIED_ENDPOINT_LIPSCHITZ_LOWER_BOUND,0,54c035f7834b564019656c3e3fcc3646292f727d,SUCCESS,STOPPED_GOAL,34,0,4.56998699484393
0,0.0,0.0,0.0,a3166060848f911fbbca79622a8a1c2b45c8acb14596f1f6c6fd13720878d374,2000.0,06c1ff17d2ed5eb184b6a9699a3a32da431a1460840431a3effe76d5f03b9ee3,0,True,0.023715337399999693,0.008568383338882988,0.022465357922518688,0.2827566501831386,34,False,34,0,0,0,,0.0,0,G0_SAFE_CONTROL,0,6,0.4743067479999938,0.4493071584503738,0.22666682164338198,0,927734a2339a3f2710640065b0893eaae162cc0144ac67e2f377bcff2e71ae34,M4_FULL_FAS_CBF,0.029011433503693056,1.6108798984451909,1.6065607315895694,0.09872093156378489,0,,0.04270042467352465,0,0,0,0,0,False,0,0.11606793897226453,0.1080552673632545,0.11339487591758371,G0_05_283,9f9fce4d1875b57e7a55c3a9cbf5b5a0c3f8476d84b3deb53c920d9b6322bb1d,1899835770722748725,CERTIFIED_ENDPOINT_LIPSCHITZ_LOWER_BOUND,0,54c035f7834b564019656c3e3fcc3646292f727d,SUCCESS,STOPPED_GOAL,34,0,5.572798844892532
2000,2000.0,2000.0,0.0,a3166060848f911fbbca79622a8a1c2b45c8acb14596f1f6c6fd13720878d374,2000.0,06c1ff17d2ed5eb184b6a9699a3a32da431a1460840431a3effe76d5f03b9ee3,0,True,0.020469162835608696,0.008854862580582707,0.016984759391799102,0.6995341438660339,0,False,0,0,0,0,,0.0,0,G0_SAFE_CONTROL,0,25,0.40938325671217385,0.33969518783598207,0.20013532671645337,0,927734a2339a3f2710640065b0893eaae162cc0144ac67e2f377bcff2e71ae34,M0_SAFER_BASELINE,0.012067889693601268,1.4795237807835495,1.4777809495648115,0.22413067379452278,0,,0.09721610530385015,0,0,0,0,0,False,0,0.03458786406554282,0.02508336479368154,0.026594654796645044,G0_06_072,9f9fce4d1875b57e7a55c3a9cbf5b5a0c3f8476d84b3deb53c920d9b6322bb1d,210734362619673205,CERTIFIED_ENDPOINT_LIPSCHITZ_LOWER_BOUND,0,54c035f7834b564019656c3e3fcc3646292f727d,SUCCESS,STOPPED_GOAL,80,0,4.485232948092744
2000,2000.0,2000.0,0.0,a3166060848f911fbbca79622a8a1c2b45c8acb14596f1f6c6fd13720878d374,2000.0,06c1ff17d2ed5eb184b6a9699a3a32da431a1460840431a3effe76d5f03b9ee3,0,True,0.020469162835608696,0.008854862580582707,0.016984759391799102,0.6995341438660339,0,False,0,0,0,0,,0.0,0,G0_SAFE_CONTROL,0,25,0.40938325671217385,0.33969518783598207,0.20013532671645337,0,927734a2339a3f2710640065b0893eaae162cc0144ac67e2f377bcff2e71ae34,M1_FAS_START_SAFE_ONLY,0.012067889693601268,1.4795237807835495,1.4777809495648115,0.22413067379452278,0,,0.09721610530385015,0,0,0,0,0,False,0,0.03255889005959034,0.024954610093163302,0.02686349581927061,G0_06_072,9f9fce4d1875b57e7a55c3a9cbf5b5a0c3f8476d84b3deb53c920d9b6322bb1d,210734362619673205,CERTIFIED_ENDPOINT_LIPSCHITZ_LOWER_BOUND,0,54c035f7834b564019656c3e3fcc3646292f727d,SUCCESS,STOPPED_GOAL,80,0,4.501313897082582
8,1.2875,7.049999999999997,0.1518987341772152,a3166060848f911fbbca79622a8a1c2b45c8acb14596f1f6c6fd13720878d374,2000.0,06c1ff17d2ed5eb184b6a9699a3a32da431a1460840431a3effe76d5f03b9ee3,0,True,0.020469282326836844,0.008853758540568291,0.016984627806892867,0.699446924704895,0,False,0,0,0,0,,0.0,0,G0_SAFE_CONTROL,0,26,0.40938564653673687,0.33969255613785726,0.20011516075812621,0,927734a2339a3f2710640065b0893eaae162cc0144ac67e2f377bcff2e71ae34,M2_FAS_START_SAFE_PLUS_FEASIBILITY_AWARE,0.012067539347891273,1.4795205093813897,1.4777778046481145,0.22413596824737547,0,,0.09721705274071382,0,0,0,0,0,False,0,0.03031409508548677,0.017368085616279717,0.01942203799262643,G0_06_072,9f9fce4d1875b57e7a55c3a9cbf5b5a0c3f8476d84b3deb53c920d9b6322bb1d,210734362619673205,CERTIFIED_ENDPOINT_LIPSCHITZ_LOWER_BOUND,0,54c035f7834b564019656c3e3fcc3646292f727d,SUCCESS,STOPPED_GOAL,80,0,3.9077530808281153
8,1.2875,7.049999999999997,0.1518987341772152,a3166060848f911fbbca79622a8a1c2b45c8acb14596f1f6c6fd13720878d374,2000.0,06c1ff17d2ed5eb184b6a9699a3a32da431a1460840431a3effe76d5f03b9ee3,0,True,0.020469282326836844,0.008853758540568291,0.016984627806892867,0.699446924704895,79,False,80,0,0,0,,0.0,0,G0_SAFE_CONTROL,0,26,0.40938564653673687,0.33969255613785726,0.20011516075812621,0,927734a2339a3f2710640065b0893eaae162cc0144ac67e2f377bcff2e71ae34,M3_FAS_PLUS_DISCRETE_TIME_VERIFICATION,0.012067539347891273,1.4795205093813897,1.4777778046481145,0.22413596824737547,0,,0.09721705274071382,0,0,0,0,0,False,0,0.09554930916056037,0.08177415073711287,0.08467155089601874,G0_06_072,9f9fce4d1875b57e7a55c3a9cbf5b5a0c3f8476d84b3deb53c920d9b6322bb1d,210734362619673205,CERTIFIED_ENDPOINT_LIPSCHITZ_LOWER_BOUND,0,54c035f7834b564019656c3e3fcc3646292f727d,SUCCESS,STOPPED_GOAL,80,0,9.157953117974102
8,1.2875,7.049999999999997,0.1518987341772152,a3166060848f911fbbca79622a8a1c2b45c8acb14596f1f6c6fd13720878d374,2000.0,06c1ff17d2ed5eb184b6a9699a3a32da431a1460840431a3effe76d5f03b9ee3,0,True,0.020469282326836844,0.008853758540568291,0.016984627806892867,0.699446924704895,80,False,80,0,0,0,,0.0,0,G0_SAFE_CONTROL,0,26,0.40938564653673687,0.33969255613785726,0.20011516075812621,0,927734a2339a3f2710640065b0893eaae162cc0144ac67e2f377bcff2e71ae34,M4_FULL_FAS_CBF,0.012067539347891273,1.4795205093813897,1.4777778046481145,0.22413596824737547,0,,0.09721705274071382,0,0,0,0,0,False,0,0.12263864814303815,0.11361571194684524,0.11655213590711355,G0_06_072,9f9fce4d1875b57e7a55c3a9cbf5b5a0c3f8476d84b3deb53c920d9b6322bb1d,210734362619673205,CERTIFIED_ENDPOINT_LIPSCHITZ_LOWER_BOUND,0,54c035f7834b564019656c3e3fcc3646292f727d,SUCCESS,STOPPED_GOAL,80,0,11.721015553921461
2000,2000.0,2000.0,0.0,a3166060848f911fbbca79622a8a1c2b45c8acb14596f1f6c6fd13720878d374,2000.0,06c1ff17d2ed5eb184b6a9699a3a32da431a1460840431a3effe76d5f03b9ee3,0,True,0.023790189416898477,0.01072807209996799,0.020730745499683075,0.8797019121973753,0,False,0,0,0,0,,0.0,0,G0_SAFE_CONTROL,0,24,0.47580378833796955,0.4146149099936615,0.2409472599180934,0,927734a2339a3f2710640065b0893eaae162cc0144ac67e2f377bcff2e71ae34,M0_SAFER_BASELINE,0.026818855381962887,1.5616134027846675,1.561428899592758,0.26273893524814296,0,,0.1060761887882422,0,0,0,0,0,False,0,0.03433585702441633,0.02497941327382283,0.02611740888096392,G0_07_297,9f9fce4d1875b57e7a55c3a9cbf5b5a0c3f8476d84b3deb53c920d9b6322bb1d,1075335599399469811,CERTIFIED_ENDPOINT_LIPSCHITZ_LOWER_BOUND,0,54c035f7834b564019656c3e3fcc3646292f727d,SUCCESS,STOPPED_GOAL,83,0,4.758455540984869
2000,2000.0,2000.0,0.0,a3166060848f911fbbca79622a8a1c2b45c8acb14596f1f6c6fd13720878d374,2000.0,06c1ff17d2ed5eb184b6a9699a3a32da431a1460840431a3effe76d5f03b9ee3,0,True,0.023790189416898477,0.01072807209996799,0.020730745499683075,0.8797019121973753,0,False,0,0,0,0,,0.0,0,G0_SAFE_CONTROL,0,24,0.47580378833796955,0.4146149099936615,0.2409472599180934,0,927734a2339a3f2710640065b0893eaae162cc0144ac67e2f377bcff2e71ae34,M1_FAS_START_SAFE_ONLY,0.026818855381962887,1.5616134027846675,1.561428899592758,0.26273893524814296,0,,0.1060761887882422,0,0,0,0,0,False,0,0.02997925691306591,0.025012512112014173,0.02641243089456111,G0_07_297,9f9fce4d1875b57e7a55c3a9cbf5b5a0c3f8476d84b3deb53c920d9b6322bb1d,1075335599399469811,CERTIFIED_ENDPOINT_LIPSCHITZ_LOWER_BOUND,0,54c035f7834b564019656c3e3fcc3646292f727d,SUCCESS,STOPPED_GOAL,83,0,5.025370175018907
0,0.0,0.0,0.0,a3166060848f911fbbca79622a8a1c2b45c8acb14596f1f6c6fd13720878d374,2000.0,06c1ff17d2ed5eb184b6a9699a3a32da431a1460840431a3effe76d5f03b9ee3,0,True,0.023790126067856143,0.010728582618227728,0.020730627752011357,0.8797437746946737,0,False,0,0,0,0,,0.0,0,G0_SAFE_CONTROL,0,25,0.47580252135712287,0.4146125550402271,0.24095616289340177,0,927734a2339a3f2710640065b0893eaae162cc0144ac67e2f377bcff2e71ae34,M2_FAS_START_SAFE_PLUS_FEASIBILITY_AWARE,0.026818718207676173,1.5616134027846675,1.561428871805299,0.26274218537269467,0,,0.10607595247600701,0,0,0,0,0,False,0,0.03184613585472107,0.018007280152579325,0.0204972505220212,G0_07_297,9f9fce4d1875b57e7a55c3a9cbf5b5a0c3f8476d84b3deb53c920d9b6322bb1d,1075335599399469811,CERTIFIED_ENDPOINT_LIPSCHITZ_LOWER_BOUND,0,54c035f7834b564019656c3e3fcc3646292f727d,SUCCESS,STOPPED_GOAL,83,0,4.1993193961679935
0,0.0,0.0,0.0,a3166060848f911fbbca79622a8a1c2b45c8acb14596f1f6c6fd13720878d374,2000.0,06c1ff17d2ed5eb184b6a9699a3a32da431a1460840431a3effe76d5f03b9ee3,0,True,0.023790126067856143,0.010728582618227728,0.020730627752011357,0.8797437746946737,82,False,83,0,0,0,,0.0,0,G0_SAFE_CONTROL,0,25,0.47580252135712287,0.4146125550402271,0.24095616289340177,0,927734a2339a3f2710640065b0893eaae162cc0144ac67e2f377bcff2e71ae34,M3_FAS_PLUS_DISCRETE_TIME_VERIFICATION,0.026818718207676173,1.5616134027846675,1.561428871805299,0.26274218537269467,0,,0.10607595247600701,0,0,0,0,0,False,0,0.0970203960314393,0.0818686687160239,0.08431495880940929,G0_07_297,9f9fce4d1875b57e7a55c3a9cbf5b5a0c3f8476d84b3deb53c920d9b6322bb1d,1075335599399469811,CERTIFIED_ENDPOINT_LIPSCHITZ_LOWER_BOUND,0,54c035f7834b564019656c3e3fcc3646292f727d,SUCCESS,STOPPED_GOAL,83,0,9.578054611105472
0,0.0,0.0,0.0,a3166060848f911fbbca79622a8a1c2b45c8acb14596f1f6c6fd13720878d374,2000.0,06c1ff17d2ed5eb184b6a9699a3a32da431a1460840431a3effe76d5f03b9ee3,0,True,0.023790126067856143,0.010728582618227728,0.020730627752011357,0.8797437746946737,83,False,83,0,0,0,,0.0,0,G0_SAFE_CONTROL,0,25,0.47580252135712287,0.4146125550402271,0.24095616289340177,0,927734a2339a3f2710640065b0893eaae162cc0144ac67e2f377bcff2e71ae34,M4_FULL_FAS_CBF,0.026818718207676173,1.5616134027846675,1.561428871805299,0.26274218537269467,0,,0.10607595247600701,0,0,0,0,0,False,0,0.12311622407287359,0.11452110782210227,0.1172725454554893,G0_07_297,9f9fce4d1875b57e7a55c3a9cbf5b5a0c3f8476d84b3deb53c920d9b6322bb1d,1075335599399469811,CERTIFIED_ENDPOINT_LIPSCHITZ_LOWER_BOUND,0,54c035f7834b564019656c3e3fcc3646292f727d,SUCCESS,STOPPED_GOAL,83,0,12.324548838892952
2000,2000.0,2000.0,0.0,a3166060848f911fbbca79622a8a1c2b45c8acb14596f1f6c6fd13720878d374,2000.0,06c1ff17d2ed5eb184b6a9699a3a32da431a1460840431a3effe76d5f03b9ee3,0,True,0.016769304058967236,0.006448305241188344,0.015942728739679588,0.19989746247683868,0,False,0,0,0,0,,0.0,0,G0_SAFE_CONTROL,0,4,0.3353860811793447,0.31885457479359175,0.16535983738599866,0,927734a2339a3f2710640065b0893eaae162cc0144ac67e2f377bcff2e71ae34,M0_SAFER_BASELINE,0.02639590667129873,1.6600737423671417,1.6569482976334649,0.06740579142161152,0,,0.03259420857838813,0,0,0,0,0,False,0,0.04231063206680119,0.025684759886644315,0.029532653233036398,G0_08_009,9f9fce4d1875b57e7a55c3a9cbf5b5a0c3f8476d84b3deb53c920d9b6322bb1d,8121544446254808659,CERTIFIED_ENDPOINT_LIPSCHITZ_LOWER_BOUND,0,54c035f7834b564019656c3e3fcc3646292f727d,SUCCESS,STOPPED_GOAL,32,0,2.5993601868394762
2000,2000.0,2000.0,0.0,a3166060848f911fbbca79622a8a1c2b45c8acb14596f1f6c6fd13720878d374,2000.0,06c1ff17d2ed5eb184b6a9699a3a32da431a1460840431a3effe76d5f03b9ee3,0,True,0.016769304058967236,0.006448305241188344,0.015942728739679588,0.19989746247683868,0,False,0,0,0,0,,0.0,0,G0_SAFE_CONTROL,0,4,0.3353860811793447,0.31885457479359175,0.16535983738599866,0,927734a2339a3f2710640065b0893eaae162cc0144ac67e2f377bcff2e71ae34,M1_FAS_START_SAFE_ONLY,0.02639590667129873,1.6600737423671417,1.6569482976334649,0.06740579142161152,0,,0.03259420857838813,0,0,0,0,0,False,0,0.031482323072850704,0.024936654061699908,0.02744624791666865,G0_08_009,9f9fce4d1875b57e7a55c3a9cbf5b5a0c3f8476d84b3deb53c920d9b6322bb1d,8121544446254808659,CERTIFIED_ENDPOINT_LIPSCHITZ_LOWER_BOUND,0,54c035f7834b564019656c3e3fcc3646292f727d,SUCCESS,STOPPED_GOAL,32,0,2.5730437121819705
0,0.0,0.0,0.0,a3166060848f911fbbca79622a8a1c2b45c8acb14596f1f6c6fd13720878d374,2000.0,06c1ff17d2ed5eb184b6a9699a3a32da431a1460840431a3effe76d5f03b9ee3,0,True,0.016769262679592264,0.006448393898201988,0.015943462311551505,0.19990021084426163,0,False,0,0,0,0,,0.0,0,G0_SAFE_CONTROL,0,4,0.3353852535918453,0.3188692462310301,0.16535723515577067,0,927734a2339a3f2710640065b0893eaae162cc0144ac67e2f377bcff2e71ae34,M2_FAS_START_SAFE_PLUS_FEASIBILITY_AWARE,0.02639590667129873,1.6600737416586742,1.6569482955089576,0.06740605324523785,0,,0.03259394675476179,0,0,0,0,0,False,0,0.030460069188848138,0.018499529391357846,0.022996003413572906,G0_08_009,9f9fce4d1875b57e7a55c3a9cbf5b5a0c3f8476d84b3deb53c920d9b6322bb1d,8121544446254808659,CERTIFIED_ENDPOINT_LIPSCHITZ_LOWER_BOUND,0,54c035f7834b564019656c3e3fcc3646292f727d,SUCCESS,STOPPED_GOAL,32,0,2.3956276869866997
0,0.0,0.0,0.0,a3166060848f911fbbca79622a8a1c2b45c8acb14596f1f6c6fd13720878d374,2000.0,06c1ff17d2ed5eb184b6a9699a3a32da431a1460840431a3effe76d5f03b9ee3,0,True,0.016769262679592264,0.006448393898201988,0.015943462311551505,0.19990021084426163,31,False,32,0,0,0,,0.0,0,G0_SAFE_CONTROL,0,4,0.3353852535918453,0.3188692462310301,0.16535723515577067,0,927734a2339a3f2710640065b0893eaae162cc0144ac67e2f377bcff2e71ae34,M3_FAS_PLUS_DISCRETE_TIME_VERIFICATION,0.02639590667129873,1.6600737416586742,1.6569482955089576,0.06740605324523785,0,,0.03259394675476179,0,0,0,0,0,False,0,0.0979053929913789,0.08125779132894946,0.09305851310491561,G0_08_009,9f9fce4d1875b57e7a55c3a9cbf5b5a0c3f8476d84b3deb53c920d9b6322bb1d,8121544446254808659,CERTIFIED_ENDPOINT_LIPSCHITZ_LOWER_BOUND,0,54c035f7834b564019656c3e3fcc3646292f727d,SUCCESS,STOPPED_GOAL,32,0,4.48720496497117
0,0.0,0.0,0.0,a3166060848f911fbbca79622a8a1c2b45c8acb14596f1f6c6fd13720878d374,2000.0,06c1ff17d2ed5eb184b6a9699a3a32da431a1460840431a3effe76d5f03b9ee3,0,True,0.016769262679592264,0.006448393898201988,0.015943462311551505,0.19990021084426163,32,False,32,0,0,0,,0.0,0,G0_SAFE_CONTROL,0,4,0.3353852535918453,0.3188692462310301,0.16535723515577067,0,927734a2339a3f2710640065b0893eaae162cc0144ac67e2f377bcff2e71ae34,M4_FULL_FAS_CBF,0.02639590667129873,1.6600737416586742,1.6569482955089576,0.06740605324523785,0,,0.03259394675476179,0,0,0,0,0,False,0,0.11938681895844638,0.11139090538420009,0.11651753913611174,G0_08_009,9f9fce4d1875b57e7a55c3a9cbf5b5a0c3f8476d84b3deb53c920d9b6322bb1d,8121544446254808659,CERTIFIED_ENDPOINT_LIPSCHITZ_LOWER_BOUND,0,54c035f7834b564019656c3e3fcc3646292f727d,SUCCESS,STOPPED_GOAL,32,0,5.469667894067243
2000,2000.0,2000.0,0.0,a3166060848f911fbbca79622a8a1c2b45c8acb14596f1f6c6fd13720878d374,2000.0,06c1ff17d2ed5eb184b6a9699a3a32da431a1460840431a3effe76d5f03b9ee3,0,True,0.024101869483601334,0.007007283905118676,0.0137625146927347,0.4064224664968832,0,False,0,0,0,0,,0.0,0,G0_SAFE_CONTROL,0,51,0.4820373896720267,0.27525029385469396,0.16733919000742342,0,927734a2339a3f2710640065b0893eaae162cc0144ac67e2f377bcff2e71ae34,M0_SAFER_BASELINE,0.0024338677682060484,1.4521671981111606,1.4494230485901292,0.13518158650248632,0,,0.09666434455443255,0,0,0,0,0,False,0,0.043023970909416676,0.024634223040666873,0.02702703338582068,G0_09_446,9f9fce4d1875b57e7a55c3a9cbf5b5a0c3f8476d84b3deb53c920d9b6322bb1d,11869465237976476092,CERTIFIED_ENDPOINT_LIPSCHITZ_LOWER_BOUND,0,54c035f7834b564019656c3e3fcc3646292f727d,SUCCESS,STOPPED_GOAL,59,0,3.095805244985968
2000,2000.0,2000.0,0.0,a3166060848f911fbbca79622a8a1c2b45c8acb14596f1f6c6fd13720878d374,2000.0,06c1ff17d2ed5eb184b6a9699a3a32da431a1460840431a3effe76d5f03b9ee3,0,True,0.024101869483601334,0.007007283905118676,0.0137625146927347,0.4064224664968832,0,False,0,0,0,0,,0.0,0,G0_SAFE_CONTROL,0,51,0.4820373896720267,0.27525029385469396,0.16733919000742342,0,927734a2339a3f2710640065b0893eaae162cc0144ac67e2f377bcff2e71ae34,M1_FAS_START_SAFE_ONLY,0.0024338677682060484,1.4521671981111606,1.4494230485901292,0.13518158650248632,0,,0.09666434455443255,0,0,0,0,0,False,0,0.03367873001843691,0.024103673671682677,0.026457840111106627,G0_09_446,9f9fce4d1875b57e7a55c3a9cbf5b5a0c3f8476d84b3deb53c920d9b6322bb1d,11869465237976476092,CERTIFIED_ENDPOINT_LIPSCHITZ_LOWER_BOUND,0,54c035f7834b564019656c3e3fcc3646292f727d,SUCCESS,STOPPED_GOAL,59,0,3.1344630729872733
4,2.4915254237288136,4.0,0.06896551724137931,a3166060848f911fbbca79622a8a1c2b45c8acb14596f1f6c6fd13720878d374,2000.0,06c1ff17d2ed5eb184b6a9699a3a32da431a1460840431a3effe76d5f03b9ee3,0,True,0.024104231872040978,0.007006541136806838,0.01376384118195032,0.4063793859347966,0,False,0,0,0,0,,0.2542372881355932,15,G0_SAFE_CONTROL,0,51,0.4820846374408196,0.2752768236390064,0.1673241412938423,0,927734a2339a3f2710640065b0893eaae162cc0144ac67e2f377bcff2e71ae34,M2_FAS_START_SAFE_PLUS_FEASIBILITY_AWARE,0.002433904043909939,1.4521671981111606,1.4494230607731688,0.13518108305500617,0,,0.09666454290246379,0,0,0,0,0,False,0,0.023700233781710267,0.017589757614769042,0.017898996477015316,G0_09_446,9f9fce4d1875b57e7a55c3a9cbf5b5a0c3f8476d84b3deb53c920d9b6322bb1d,11869465237976476092,CERTIFIED_ENDPOINT_LIPSCHITZ_LOWER_BOUND,0,54c035f7834b564019656c3e3fcc3646292f727d,SUCCESS,STOPPED_GOAL,59,0,2.680282363900915
4,2.4915254237288136,4.0,0.06896551724137931,a3166060848f911fbbca79622a8a1c2b45c8acb14596f1f6c6fd13720878d374,2000.0,06c1ff17d2ed5eb184b6a9699a3a32da431a1460840431a3effe76d5f03b9ee3,0,True,0.024104231872040978,0.007006541136806838,0.01376384118195032,0.4063793859347966,58,False,59,0,0,0,,0.2542372881355932,15,G0_SAFE_CONTROL,0,51,0.4820846374408196,0.2752768236390064,0.1673241412938423,0,927734a2339a3f2710640065b0893eaae162cc0144ac67e2f377bcff2e71ae34,M3_FAS_PLUS_DISCRETE_TIME_VERIFICATION,0.002433904043909939,1.4521671981111606,1.4494230607731688,0.13518108305500617,0,,0.09666454290246379,0,0,0,0,0,False,0,0.1052604210563004,0.07666496725287289,0.07925827538128942,G0_09_446,9f9fce4d1875b57e7a55c3a9cbf5b5a0c3f8476d84b3deb53c920d9b6322bb1d,11869465237976476092,CERTIFIED_ENDPOINT_LIPSCHITZ_LOWER_BOUND,0,54c035f7834b564019656c3e3fcc3646292f727d,SUCCESS,STOPPED_GOAL,59,0,6.348348190076649
4,2.4915254237288136,4.0,0.06896551724137931,a3166060848f911fbbca79622a8a1c2b45c8acb14596f1f6c6fd13720878d374,2000.0,06c1ff17d2ed5eb184b6a9699a3a32da431a1460840431a3effe76d5f03b9ee3,0,True,0.024104231872040978,0.007006541136806838,0.01376384118195032,0.4063793859347966,59,False,59,0,0,0,,0.2542372881355932,15,G0_SAFE_CONTROL,0,51,0.4820846374408196,0.2752768236390064,0.1673241412938423,0,927734a2339a3f2710640065b0893eaae162cc0144ac67e2f377bcff2e71ae34,M4_FULL_FAS_CBF,0.002433904043909939,1.4521671981111606,1.4494230607731688,0.13518108305500617,0,,0.09666454290246379,0,0,0,0,0,False,0,0.11813562805764377,0.11294498830490435,0.11640505003742874,G0_09_446,9f9fce4d1875b57e7a55c3a9cbf5b5a0c3f8476d84b3deb53c920d9b6322bb1d,11869465237976476092,CERTIFIED_ENDPOINT_LIPSCHITZ_LOWER_BOUND,0,54c035f7834b564019656c3e3fcc3646292f727d,SUCCESS,STOPPED_GOAL,59,0,8.566401744028553
2000,2000.0,2000.0,0.0,a3166060848f911fbbca79622a8a1c2b45c8acb14596f1f6c6fd13720878d374,2000.0,06c1ff17d2ed5eb184b6a9699a3a32da431a1460840431a3effe76d5f03b9ee3,0,True,0.016769326211004982,0.006447866506098561,0.01594229580945546,0.1998838616890554,0,False,0,0,0,0,,0.0,0,G0_SAFE_CONTROL,0,4,0.3353865242200996,0.31884591618910924,0.1653510906433748,0,927734a2339a3f2710640065b0893eaae162cc0144ac67e2f377bcff2e71ae34,M0_SAFER_BASELINE,0.025270562844443616,1.5608804049568774,1.5608804024260137,0.06740578178065038,0,,0.03259421821935016,0,0,0,0,0,False,0,0.04047669097781181,0.02636524977424415,0.033205712307244534,G0_10_215,9f9fce4d1875b57e7a55c3a9cbf5b5a0c3f8476d84b3deb53c920d9b6322bb1d,4883325096880679332,CERTIFIED_ENDPOINT_LIPSCHITZ_LOWER_BOUND,0,54c035f7834b564019656c3e3fcc3646292f727d,SUCCESS,STOPPED_GOAL,32,0,2.6199717100244015
2000,2000.0,2000.0,0.0,a3166060848f911fbbca79622a8a1c2b45c8acb14596f1f6c6fd13720878d374,2000.0,06c1ff17d2ed5eb184b6a9699a3a32da431a1460840431a3effe76d5f03b9ee3,0,True,0.016769326211004982,0.006447866506098561,0.01594229580945546,0.1998838616890554,0,False,0,0,0,0,,0.0,0,G0_SAFE_CONTROL,0,4,0.3353865242200996,0.31884591618910924,0.1653510906433748,0,927734a2339a3f2710640065b0893eaae162cc0144ac67e2f377bcff2e71ae34,M1_FAS_START_SAFE_ONLY,0.025270562844443616,1.5608804049568774,1.5608804024260137,0.06740578178065038,0,,0.03259421821935016,0,0,0,0,0,False,0,0.03123377007432282,0.02477737914093516,0.03100687237456441,G0_10_215,9f9fce4d1875b57e7a55c3a9cbf5b5a0c3f8476d84b3deb53c920d9b6322bb1d,4883325096880679332,CERTIFIED_ENDPOINT_LIPSCHITZ_LOWER_BOUND,0,54c035f7834b564019656c3e3fcc3646292f727d,SUCCESS,STOPPED_GOAL,32,0,2.5310930281411856
2,0.34375,2.0,0.12903225806451613,a3166060848f911fbbca79622a8a1c2b45c8acb14596f1f6c6fd13720878d374,2000.0,06c1ff17d2ed5eb184b6a9699a3a32da431a1460840431a3effe76d5f03b9ee3,0,True,0.016769266705567682,0.006448393898213917,0.015943457178773886,0.19990021084463142,0,False,0,0,0,0,,0.0,0,G0_SAFE_CONTROL,0,4,0.33538533411135363,0.3188691435754777,0.16535723063077268,0,927734a2339a3f2710640065b0893eaae162cc0144ac67e2f377bcff2e71ae34,M2_FAS_START_SAFE_PLUS_FEASIBILITY_AWARE,0.025270562844443616,1.5608804049568774,1.560880402425593,0.06740605341039618,0,,0.03259394658960435,0,0,0,0,0,False,0,0.030181312933564186,0.01804781355895102,0.022506976732984182,G0_10_215,9f9fce4d1875b57e7a55c3a9cbf5b5a0c3f8476d84b3deb53c920d9b6322bb1d,4883325096880679332,CERTIFIED_ENDPOINT_LIPSCHITZ_LOWER_BOUND,0,54c035f7834b564019656c3e3fcc3646292f727d,SUCCESS,STOPPED_GOAL,32,0,2.3866073358803988
2,0.34375,2.0,0.12903225806451613,a3166060848f911fbbca79622a8a1c2b45c8acb14596f1f6c6fd13720878d374,2000.0,06c1ff17d2ed5eb184b6a9699a3a32da431a1460840431a3effe76d5f03b9ee3,0,True,0.016769266705567682,0.006448393898213917,0.015943457178773886,0.19990021084463142,31,False,32,0,0,0,,0.0,0,G0_SAFE_CONTROL,0,4,0.33538533411135363,0.3188691435754777,0.16535723063077268,0,927734a2339a3f2710640065b0893eaae162cc0144ac67e2f377bcff2e71ae34,M3_FAS_PLUS_DISCRETE_TIME_VERIFICATION,0.025270562844443616,1.5608804049568774,1.560880402425593,0.06740605341039618,0,,0.03259394658960435,0,0,0,0,0,False,0,0.10649148607626557,0.08053500784532816,0.08558204229921103,G0_10_215,9f9fce4d1875b57e7a55c3a9cbf5b5a0c3f8476d84b3deb53c920d9b6322bb1d,4883325096880679332,CERTIFIED_ENDPOINT_LIPSCHITZ_LOWER_BOUND,0,54c035f7834b564019656c3e3fcc3646292f727d,SUCCESS,STOPPED_GOAL,32,0,4.39537466596812
2,0.34375,2.0,0.12903225806451613,a3166060848f911fbbca79622a8a1c2b45c8acb14596f1f6c6fd13720878d374,2000.0,06c1ff17d2ed5eb184b6a9699a3a32da431a1460840431a3effe76d5f03b9ee3,0,True,0.016769266705567682,0.006448393898213917,0.015943457178773886,0.19990021084463142,32,False,32,0,0,0,,0.0,0,G0_SAFE_CONTROL,0,4,0.33538533411135363,0.3188691435754777,0.16535723063077268,0,927734a2339a3f2710640065b0893eaae162cc0144ac67e2f377bcff2e71ae34,M4_FULL_FAS_CBF,0.025270562844443616,1.5608804049568774,1.560880402425593,0.06740605341039618,0,,0.03259394658960435,0,0,0,0,0,False,0,0.1184971199836582,0.11105535132810473,0.11796338548883796,G0_10_215,9f9fce4d1875b57e7a55c3a9cbf5b5a0c3f8476d84b3deb53c920d9b6322bb1d,4883325096880679332,CERTIFIED_ENDPOINT_LIPSCHITZ_LOWER_BOUND,0,54c035f7834b564019656c3e3fcc3646292f727d,SUCCESS,STOPPED_GOAL,32,0,5.341044429922476
2000,2000.0,2000.0,0.0,a3166060848f911fbbca79622a8a1c2b45c8acb14596f1f6c6fd13720878d374,2000.0,06c1ff17d2ed5eb184b6a9699a3a32da431a1460840431a3effe76d5f03b9ee3,0,True,0.03321933174357414,0.009301946838197699,0.022128171825237717,0.8371752154377929,0,False,0,0,0,0,,0.0,0,G0_SAFE_CONTROL,0,31,0.6643866348714828,0.44256343650475427,0.22754809328541126,0,927734a2339a3f2710640065b0893eaae162cc0144ac67e2f377bcff2e71ae34,M0_SAFER_BASELINE,0.006443928245020748,1.4191534149047047,1.418701000767789,0.29861623524963327,0,,0.14992304913929178,0,0,0,0,0,False,0,0.040827954886481166,0.02376651128365116,0.0254207894904539,G0_11_120,9f9fce4d1875b57e7a55c3a9cbf5b5a0c3f8476d84b3deb53c920d9b6322bb1d,10902419461335644820,CERTIFIED_ENDPOINT_LIPSCHITZ_LOWER_BOUND,0,54c035f7834b564019656c3e3fcc3646292f727d,SUCCESS,STOPPED_GOAL,91,0,3.973327961983159
2000,2000.0,2000.0,0.0,a3166060848f911fbbca79622a8a1c2b45c8acb14596f1f6c6fd13720878d374,2000.0,06c1ff17d2ed5eb184b6a9699a3a32da431a1460840431a3effe76d5f03b9ee3,0,True,0.03321933174357414,0.009301946838197699,0.022128171825237717,0.8371752154377929,0,False,0,0,0,0,,0.0,0,G0_SAFE_CONTROL,0,31,0.6643866348714828,0.44256343650475427,0.22754809328541126,0,927734a2339a3f2710640065b0893eaae162cc0144ac67e2f377bcff2e71ae34,M1_FAS_START_SAFE_ONLY,0.006443928245020748,1.4191534149047047,1.418701000767789,0.29861623524963327,0,,0.14992304913929178,0,0,0,0,0,False,0,0.0333053742069751,0.024435134880426947,0.028455949493218214,G0_11_120,9f9fce4d1875b57e7a55c3a9cbf5b5a0c3f8476d84b3deb53c920d9b6322bb1d,10902419461335644820,CERTIFIED_ENDPOINT_LIPSCHITZ_LOWER_BOUND,0,54c035f7834b564019656c3e3fcc3646292f727d,SUCCESS,STOPPED_GOAL,91,0,3.9720847920980304
3,0.4835164835164835,2.0,0.06666666666666667,a3166060848f911fbbca79622a8a1c2b45c8acb14596f1f6c6fd13720878d374,2000.0,06c1ff17d2ed5eb184b6a9699a3a32da431a1460840431a3effe76d5f03b9ee3,0,True,0.03322149213038545,0.009302480541606747,0.022129519133293966,0.8372232487446073,0,False,0,0,0,0,,0.0,0,G0_SAFE_CONTROL,0,31,0.6644298426077089,0.44259038266587936,0.22755712067505104,0,927734a2339a3f2710640065b0893eaae162cc0144ac67e2f377bcff2e71ae34,M2_FAS_START_SAFE_PLUS_FEASIBILITY_AWARE,0.006444044725906959,1.419152206575213,1.4186997206033776,0.29861977582920934,0,,0.1499234563317002,0,0,0,0,0,False,0,0.028012999100610614,0.016675704492903922,0.018493704788852487,G0_11_120,9f9fce4d1875b57e7a55c3a9cbf5b5a0c3f8476d84b3deb53c920d9b6322bb1d,10902419461335644820,CERTIFIED_ENDPOINT_LIPSCHITZ_LOWER_BOUND,0,54c035f7834b564019656c3e3fcc3646292f727d,SUCCESS,STOPPED_GOAL,91,0,3.2705292208120227
3,0.4835164835164835,2.0,0.06666666666666667,a3166060848f911fbbca79622a8a1c2b45c8acb14596f1f6c6fd13720878d374,2000.0,06c1ff17d2ed5eb184b6a9699a3a32da431a1460840431a3effe76d5f03b9ee3,0,True,0.03322149213038545,0.009302480541606747,0.022129519133293966,0.8372232487446073,90,False,91,0,0,0,,0.0,0,G0_SAFE_CONTROL,0,31,0.6644298426077089,0.44259038266587936,0.22755712067505104,0,927734a2339a3f2710640065b0893eaae162cc0144ac67e2f377bcff2e71ae34,M3_FAS_PLUS_DISCRETE_TIME_VERIFICATION,0.006444044725906959,1.419152206575213,1.4186997206033776,0.29861977582920934,0,,0.1499234563317002,0,0,0,0,0,False,0,0.10775916883721948,0.08814102115170301,0.1020093900617212,G0_11_120,9f9fce4d1875b57e7a55c3a9cbf5b5a0c3f8476d84b3deb53c920d9b6322bb1d,10902419461335644820,CERTIFIED_ENDPOINT_LIPSCHITZ_LOWER_BOUND,0,54c035f7834b564019656c3e3fcc3646292f727d,SUCCESS,STOPPED_GOAL,91,0,9.9925055031199
3,0.4835164835164835,2.0,0.06666666666666667,a3166060848f911fbbca79622a8a1c2b45c8acb14596f1f6c6fd13720878d374,2000.0,06c1ff17d2ed5eb184b6a9699a3a32da431a1460840431a3effe76d5f03b9ee3,0,True,0.03322149213038545,0.009302480541606747,0.022129519133293966,0.8372232487446073,91,False,91,0,0,0,,0.0,0,G0_SAFE_CONTROL,0,31,0.6644298426077089,0.44259038266587936,0.22755712067505104,0,927734a2339a3f2710640065b0893eaae162cc0144ac67e2f377bcff2e71ae34,M4_FULL_FAS_CBF,0.006444044725906959,1.419152206575213,1.4186997206033776,0.29861977582920934,0,,0.1499234563317002,0,0,0,0,0,False,0,0.12295613088645041,0.1139217860333662,0.1178383342572488,G0_11_120,9f9fce4d1875b57e7a55c3a9cbf5b5a0c3f8476d84b3deb53c920d9b6322bb1d,10902419461335644820,CERTIFIED_ENDPOINT_LIPSCHITZ_LOWER_BOUND,0,54c035f7834b564019656c3e3fcc3646292f727d,SUCCESS,STOPPED_GOAL,91,0,12.325173476012424
2000,2000.0,2000.0,0.0,a3166060848f911fbbca79622a8a1c2b45c8acb14596f1f6c6fd13720878d374,2000.0,06c1ff17d2ed5eb184b6a9699a3a32da431a1460840431a3effe76d5f03b9ee3,0,True,0.024559141525237707,0.009587209086103053,0.020989134192877793,0.8916104450075839,0,False,0,0,0,0,,0.0,0,G0_SAFE_CONTROL,0,55,0.4911828305047541,0.41978268385755585,0.22324257924004762,0,927734a2339a3f2710640065b0893eaae162cc0144ac67e2f377bcff2e71ae34,M0_SAFER_BASELINE,0.0020353584423553547,1.497371957206788,1.4938269313989594,0.296687186485022,0,,0.15084726399786627,0,0,0,0,0,False,0,0.042413796996697783,0.025272763041937922,0.02672257649246603,G0_12_208,9f9fce4d1875b57e7a55c3a9cbf5b5a0c3f8476d84b3deb53c920d9b6322bb1d,5774355951945151954,CERTIFIED_ENDPOINT_LIPSCHITZ_LOWER_BOUND,0,54c035f7834b564019656c3e3fcc3646292f727d,SUCCESS,STOPPED_GOAL,94,0,5.125090327812359
2000,2000.0,2000.0,0.0,a3166060848f911fbbca79622a8a1c2b45c8acb14596f1f6c6fd13720878d374,2000.0,06c1ff17d2ed5eb184b6a9699a3a32da431a1460840431a3effe76d5f03b9ee3,0,True,0.024559141525237707,0.009587209086103053,0.020989134192877793,0.8916104450075839,0,False,0,0,0,0,,0.0,0,G0_SAFE_CONTROL,0,55,0.4911828305047541,0.41978268385755585,0.22324257924004762,0,927734a2339a3f2710640065b0893eaae162cc0144ac67e2f377bcff2e71ae34,M1_FAS_START_SAFE_ONLY,0.0020353584423553547,1.497371957206788,1.4938269313989594,0.296687186485022,0,,0.15084726399786627,0,0,0,0,0,False,0,0.03321996610611677,0.025412858253050792,0.026845705532468855,G0_12_208,9f9fce4d1875b57e7a55c3a9cbf5b5a0c3f8476d84b3deb53c920d9b6322bb1d,5774355951945151954,CERTIFIED_ENDPOINT_LIPSCHITZ_LOWER_BOUND,0,54c035f7834b564019656c3e3fcc3646292f727d,SUCCESS,STOPPED_GOAL,94,0,5.131759784882888
3,1.2340425531914894,3.0,0.0967741935483871,a3166060848f911fbbca79622a8a1c2b45c8acb14596f1f6c6fd13720878d374,2000.0,06c1ff17d2ed5eb184b6a9699a3a32da431a1460840431a3effe76d5f03b9ee3,0,True,0.024559214625448095,0.009587232231175235,0.020989148064762687,0.8916125974992968,0,False,0,0,0,0,,0.44680851063829785,42,G0_SAFE_CONTROL,0,56,0.49118429250896184,0.4197829612952538,0.22324133043216277,0,927734a2339a3f2710640065b0893eaae162cc0144ac67e2f377bcff2e71ae34,M2_FAS_START_SAFE_PLUS_FEASIBILITY_AWARE,0.0020353066145203033,1.497371790128687,1.493826794824899,0.29669157561650195,0,,0.15084937834138865,0,0,0,0,0,False,0,0.031184975989162922,0.01808437637151464,0.0196430086158216,G0_12_208,9f9fce4d1875b57e7a55c3a9cbf5b5a0c3f8476d84b3deb53c920d9b6322bb1d,5774355951945151954,CERTIFIED_ENDPOINT_LIPSCHITZ_LOWER_BOUND,0,54c035f7834b564019656c3e3fcc3646292f727d,SUCCESS,STOPPED_GOAL,94,0,4.468579582171515
3,1.2340425531914894,3.0,0.0967741935483871,a3166060848f911fbbca79622a8a1c2b45c8acb14596f1f6c6fd13720878d374,2000.0,06c1ff17d2ed5eb184b6a9699a3a32da431a1460840431a3effe76d5f03b9ee3,0,True,0.024559214625448095,0.009587232231175235,0.020989148064762687,0.8916125974992968,93,False,94,0,0,0,,0.44680851063829785,42,G0_SAFE_CONTROL,0,56,0.49118429250896184,0.4197829612952538,0.22324133043216277,0,927734a2339a3f2710640065b0893eaae162cc0144ac67e2f377bcff2e71ae34,M3_FAS_PLUS_DISCRETE_TIME_VERIFICATION,0.0020353066145203033,1.497371790128687,1.493826794824899,0.29669157561650195,0,,0.15084937834138865,0,0,0,0,0,False,0,0.10463007888756692,0.08331278097619743,0.08589962208643556,G0_12_208,9f9fce4d1875b57e7a55c3a9cbf5b5a0c3f8476d84b3deb53c920d9b6322bb1d,5774355951945151954,CERTIFIED_ENDPOINT_LIPSCHITZ_LOWER_BOUND,0,54c035f7834b564019656c3e3fcc3646292f727d,SUCCESS,STOPPED_GOAL,94,0,10.654531506123021
3,1.2340425531914894,3.0,0.0967741935483871,a3166060848f911fbbca79622a8a1c2b45c8acb14596f1f6c6fd13720878d374,2000.0,06c1ff17d2ed5eb184b6a9699a3a32da431a1460840431a3effe76d5f03b9ee3,0,True,0.024559214625448095,0.009587232231175235,0.020989148064762687,0.8916125974992968,94,False,94,0,0,0,,0.44680851063829785,42,G0_SAFE_CONTROL,0,56,0.49118429250896184,0.4197829612952538,0.22324133043216277,0,927734a2339a3f2710640065b0893eaae162cc0144ac67e2f377bcff2e71ae34,M4_FULL_FAS_CBF,0.0020353066145203033,1.497371790128687,1.493826794824899,0.29669157561650195,0,,0.15084937834138865,0,0,0,0,0,False,0,0.1496217898093164,0.11716802796643032,0.12624485269188881,G0_12_208,9f9fce4d1875b57e7a55c3a9cbf5b5a0c3f8476d84b3deb53c920d9b6322bb1d,5774355951945151954,CERTIFIED_ENDPOINT_LIPSCHITZ_LOWER_BOUND,0,54c035f7834b564019656c3e3fcc3646292f727d,SUCCESS,STOPPED_GOAL,94,0,13.880456499988213
2000,2000.0,2000.0,0.0,a3166060848f911fbbca79622a8a1c2b45c8acb14596f1f6c6fd13720878d374,2000.0,06c1ff17d2ed5eb184b6a9699a3a32da431a1460840431a3effe76d5f03b9ee3,0,True,0.022790063165494562,0.00427956384608834,0.016136359671470826,0.38944030999403895,0,False,0,0,0,0,,0.0,0,G0_SAFE_CONTROL,0,17,0.45580126330989124,0.3227271934294165,0.1364859574878222,0,927734a2339a3f2710640065b0893eaae162cc0144ac67e2f377bcff2e71ae34,M0_SAFER_BASELINE,0.0239367386971064,1.6109269838839277,1.6067092892058747,0.23757031256925698,0,,0.1372724835444843,0,0,0,0,0,False,0,0.035521039040759206,0.02490172322343468,0.029186332901008426,G0_13_272,9f9fce4d1875b57e7a55c3a9cbf5b5a0c3f8476d84b3deb53c920d9b6322bb1d,9109535406840399141,CERTIFIED_ENDPOINT_LIPSCHITZ_LOWER_BOUND,0,54c035f7834b564019656c3e3fcc3646292f727d,SUCCESS,STOPPED_GOAL,92,0,5.110527090961114
2000,2000.0,2000.0,0.0,a3166060848f911fbbca79622a8a1c2b45c8acb14596f1f6c6fd13720878d374,2000.0,06c1ff17d2ed5eb184b6a9699a3a32da431a1460840431a3effe76d5f03b9ee3,0,True,0.022790063165494562,0.00427956384608834,0.016136359671470826,0.38944030999403895,0,False,0,0,0,0,,0.0,0,G0_SAFE_CONTROL,0,17,0.45580126330989124,0.3227271934294165,0.1364859574878222,0,927734a2339a3f2710640065b0893eaae162cc0144ac67e2f377bcff2e71ae34,M1_FAS_START_SAFE_ONLY,0.0239367386971064,1.6109269838839277,1.6067092892058747,0.23757031256925698,0,,0.1372724835444843,0,0,0,0,0,False,0,0.02932169009000063,0.024699889937095265,0.0265198131557554,G0_13_272,9f9fce4d1875b57e7a55c3a9cbf5b5a0c3f8476d84b3deb53c920d9b6322bb1d,9109535406840399141,CERTIFIED_ENDPOINT_LIPSCHITZ_LOWER_BOUND,0,54c035f7834b564019656c3e3fcc3646292f727d,SUCCESS,STOPPED_GOAL,92,0,5.193529423791915
0,0.0,0.0,0.0,a3166060848f911fbbca79622a8a1c2b45c8acb14596f1f6c6fd13720878d374,2000.0,06c1ff17d2ed5eb184b6a9699a3a32da431a1460840431a3effe76d5f03b9ee3,0,True,0.022790178517507503,0.00427854436369824,0.01613661912089672,0.3893475370965399,0,False,0,0,0,0,,0.0,0,G0_SAFE_CONTROL,0,17,0.45580357035015007,0.32273238241793434,0.13647800368416485,0,927734a2339a3f2710640065b0893eaae162cc0144ac67e2f377bcff2e71ae34,M2_FAS_START_SAFE_PLUS_FEASIBILITY_AWARE,0.0239367386971064,1.6109269810721236,1.6067092886745709,0.23757136760112219,0,,0.13727243094041408,0,0,0,0,0,False,0,0.023789479164406657,0.01777997923394044,0.017933255666866897,G0_13_272,9f9fce4d1875b57e7a55c3a9cbf5b5a0c3f8476d84b3deb53c920d9b6322bb1d,9109535406840399141,CERTIFIED_ENDPOINT_LIPSCHITZ_LOWER_BOUND,0,54c035f7834b564019656c3e3fcc3646292f727d,SUCCESS,STOPPED_GOAL,92,0,4.485939627047628
0,0.0,0.0,0.0,a3166060848f911fbbca79622a8a1c2b45c8acb14596f1f6c6fd13720878d374,2000.0,06c1ff17d2ed5eb184b6a9699a3a32da431a1460840431a3effe76d5f03b9ee3,0,True,0.022790178517507503,0.00427854436369824,0.01613661912089672,0.3893475370965399,91,False,92,0,0,0,,0.0,0,G0_SAFE_CONTROL,0,17,0.45580357035015007,0.32273238241793434,0.13647800368416485,0,927734a2339a3f2710640065b0893eaae162cc0144ac67e2f377bcff2e71ae34,M3_FAS_PLUS_DISCRETE_TIME_VERIFICATION,0.0239367386971064,1.6109269810721236,1.6067092886745709,0.23757136760112219,0,,0.13727243094041408,0,0,0,0,0,False,0,0.0970870980527252,0.08282700783613148,0.0847792592830956,G0_13_272,9f9fce4d1875b57e7a55c3a9cbf5b5a0c3f8476d84b3deb53c920d9b6322bb1d,9109535406840399141,CERTIFIED_ENDPOINT_LIPSCHITZ_LOWER_BOUND,0,54c035f7834b564019656c3e3fcc3646292f727d,SUCCESS,STOPPED_GOAL,92,0,10.55363870295696
0,0.0,0.0,0.0,a3166060848f911fbbca79622a8a1c2b45c8acb14596f1f6c6fd13720878d374,2000.0,06c1ff17d2ed5eb184b6a9699a3a32da431a1460840431a3effe76d5f03b9ee3,0,True,0.022790178517507503,0.00427854436369824,0.01613661912089672,0.3893475370965399,92,False,92,0,0,0,,0.0,0,G0_SAFE_CONTROL,0,17,0.45580357035015007,0.32273238241793434,0.13647800368416485,0,927734a2339a3f2710640065b0893eaae162cc0144ac67e2f377bcff2e71ae34,M4_FULL_FAS_CBF,0.0239367386971064,1.6109269810721236,1.6067092886745709,0.23757136760112219,0,,0.13727243094041408,0,0,0,0,0,False,0,0.12338147894479334,0.11556708417151884,0.11853629918769001,G0_13_272,9f9fce4d1875b57e7a55c3a9cbf5b5a0c3f8476d84b3deb53c920d9b6322bb1d,9109535406840399141,CERTIFIED_ENDPOINT_LIPSCHITZ_LOWER_BOUND,0,54c035f7834b564019656c3e3fcc3646292f727d,SUCCESS,STOPPED_GOAL,92,0,13.596347352024168
2000,2000.0,2000.0,0.0,a3166060848f911fbbca79622a8a1c2b45c8acb14596f1f6c6fd13720878d374,2000.0,06c1ff17d2ed5eb184b6a9699a3a32da431a1460840431a3effe76d5f03b9ee3,0,True,0.01904649149640609,0.008860456610296687,0.015919263818800673,0.6733947023825483,0,False,0,0,0,0,,0.0,0,G0_SAFE_CONTROL,0,24,0.38092982992812174,0.3183852763760134,0.19420678617705053,0,927734a2339a3f2710640065b0893eaae162cc0144ac67e2f377bcff2e71ae34,M0_SAFER_BASELINE,0.003869750515510549,1.5232810409305593,1.5215282474153222,0.21333426635598093,0,,0.09785786728664964,0,0,0,0,0,False,0,0.038903957000002265,0.02500941510034072,0.026437677955254913,G0_14_006,9f9fce4d1875b57e7a55c3a9cbf5b5a0c3f8476d84b3deb53c920d9b6322bb1d,4165789938654952837,CERTIFIED_ENDPOINT_LIPSCHITZ_LOWER_BOUND,0,54c035f7834b564019656c3e3fcc3646292f727d,SUCCESS,STOPPED_GOAL,77,0,3.5243081760127097
2000,2000.0,2000.0,0.0,a3166060848f911fbbca79622a8a1c2b45c8acb14596f1f6c6fd13720878d374,2000.0,06c1ff17d2ed5eb184b6a9699a3a32da431a1460840431a3effe76d5f03b9ee3,0,True,0.01904649149640609,0.008860456610296687,0.015919263818800673,0.6733947023825483,0,False,0,0,0,0,,0.0,0,G0_SAFE_CONTROL,0,24,0.38092982992812174,0.3183852763760134,0.19420678617705053,0,927734a2339a3f2710640065b0893eaae162cc0144ac67e2f377bcff2e71ae34,M1_FAS_START_SAFE_ONLY,0.003869750515510549,1.5232810409305593,1.5215282474153222,0.21333426635598093,0,,0.09785786728664964,0,0,0,0,0,False,0,0.02983267605304718,0.024994068740246195,0.026659969403408465,G0_14_006,9f9fce4d1875b57e7a55c3a9cbf5b5a0c3f8476d84b3deb53c920d9b6322bb1d,4165789938654952837,CERTIFIED_ENDPOINT_LIPSCHITZ_LOWER_BOUND,0,54c035f7834b564019656c3e3fcc3646292f727d,SUCCESS,STOPPED_GOAL,77,0,3.560898832976818
3,1.077922077922078,3.0,0.07894736842105263,a3166060848f911fbbca79622a8a1c2b45c8acb14596f1f6c6fd13720878d374,2000.0,06c1ff17d2ed5eb184b6a9699a3a32da431a1460840431a3effe76d5f03b9ee3,0,True,0.019048452688606134,0.008859838259672853,0.015917650389617902,0.6733477077351367,0,False,0,0,0,0,,0.2077922077922078,16,G0_SAFE_CONTROL,0,25,0.3809690537721227,0.318353007792358,0.1941984790028621,0,927734a2339a3f2710640065b0893eaae162cc0144ac67e2f377bcff2e71ae34,M2_FAS_START_SAFE_PLUS_FEASIBILITY_AWARE,0.0038697941520880047,1.5232812769356279,1.521528419244307,0.213333766905726,0,,0.09785797987447414,0,0,0,0,0,False,0,0.027705689193680882,0.018018477426197093,0.019283553236164142,G0_14_006,9f9fce4d1875b57e7a55c3a9cbf5b5a0c3f8476d84b3deb53c920d9b6322bb1d,4165789938654952837,CERTIFIED_ENDPOINT_LIPSCHITZ_LOWER_BOUND,0,54c035f7834b564019656c3e3fcc3646292f727d,SUCCESS,STOPPED_GOAL,77,0,3.020006466889754
3,1.077922077922078,3.0,0.07894736842105263,a3166060848f911fbbca79622a8a1c2b45c8acb14596f1f6c6fd13720878d374,2000.0,06c1ff17d2ed5eb184b6a9699a3a32da431a1460840431a3effe76d5f03b9ee3,0,True,0.019048452688606134,0.008859838259672853,0.015917650389617902,0.6733477077351367,76,False,77,0,0,0,,0.2077922077922078,16,G0_SAFE_CONTROL,0,25,0.3809690537721227,0.318353007792358,0.1941984790028621,0,927734a2339a3f2710640065b0893eaae162cc0144ac67e2f377bcff2e71ae34,M3_FAS_PLUS_DISCRETE_TIME_VERIFICATION,0.0038697941520880047,1.5232812769356279,1.521528419244307,0.213333766905726,0,,0.09785797987447414,0,0,0,0,0,False,0,0.09058134211227298,0.08282413566186546,0.08485177105758339,G0_14_006,9f9fce4d1875b57e7a55c3a9cbf5b5a0c3f8476d84b3deb53c920d9b6322bb1d,4165789938654952837,CERTIFIED_ENDPOINT_LIPSCHITZ_LOWER_BOUND,0,54c035f7834b564019656c3e3fcc3646292f727d,SUCCESS,STOPPED_GOAL,77,0,8.066039021825418
3,1.077922077922078,3.0,0.07894736842105263,a3166060848f911fbbca79622a8a1c2b45c8acb14596f1f6c6fd13720878d374,2000.0,06c1ff17d2ed5eb184b6a9699a3a32da431a1460840431a3effe76d5f03b9ee3,0,True,0.019048452688606134,0.008859838259672853,0.015917650389617902,0.6733477077351367,77,False,77,0,0,0,,0.2077922077922078,16,G0_SAFE_CONTROL,0,25,0.3809690537721227,0.318353007792358,0.1941984790028621,0,927734a2339a3f2710640065b0893eaae162cc0144ac67e2f377bcff2e71ae34,M4_FULL_FAS_CBF,0.0038697941520880047,1.5232812769356279,1.521528419244307,0.213333766905726,0,,0.09785797987447414,0,0,0,0,0,False,0,0.12644545803777874,0.11537769598026688,0.11925750138470903,G0_14_006,9f9fce4d1875b57e7a55c3a9cbf5b5a0c3f8476d84b3deb53c920d9b6322bb1d,4165789938654952837,CERTIFIED_ENDPOINT_LIPSCHITZ_LOWER_BOUND,0,54c035f7834b564019656c3e3fcc3646292f727d,SUCCESS,STOPPED_GOAL,77,0,10.59443330601789
2000,2000.0,2000.0,0.0,a3166060848f911fbbca79622a8a1c2b45c8acb14596f1f6c6fd13720878d374,2000.0,06c1ff17d2ed5eb184b6a9699a3a32da431a1460840431a3effe76d5f03b9ee3,0,True,0.022541754943116186,0.007158883879309169,0.01643924126302044,0.40805638112062265,0,False,0,0,0,0,,0.0,0,G0_SAFE_CONTROL,0,30,0.4508350988623237,0.3287848252604087,0.17035104017871186,0,927734a2339a3f2710640065b0893eaae162cc0144ac67e2f377bcff2e71ae34,M0_SAFER_BASELINE,0.007870553360515325,1.548144591704061,1.5467644472413868,0.1833533554739527,0,,0.14136392751697527,0,0,0,0,0,False,0,0.04085307684727013,0.025196007505091357,0.026636335649527606,G0_15_422,9f9fce4d1875b57e7a55c3a9cbf5b5a0c3f8476d84b3deb53c920d9b6322bb1d,18009528014223293775,CERTIFIED_ENDPOINT_LIPSCHITZ_LOWER_BOUND,0,54c035f7834b564019656c3e3fcc3646292f727d,SUCCESS,STOPPED_GOAL,58,0,3.320787878939882
2000,2000.0,2000.0,0.0,a3166060848f911fbbca79622a8a1c2b45c8acb14596f1f6c6fd13720878d374,2000.0,06c1ff17d2ed5eb184b6a9699a3a32da431a1460840431a3effe76d5f03b9ee3,0,True,0.022541754943116186,0.007158883879309169,0.01643924126302044,0.40805638112062265,0,False,0,0,0,0,,0.0,0,G0_SAFE_CONTROL,0,30,0.4508350988623237,0.3287848252604087,0.17035104017871186,0,927734a2339a3f2710640065b0893eaae162cc0144ac67e2f377bcff2e71ae34,M1_FAS_START_SAFE_ONLY,0.007870553360515325,1.548144591704061,1.5467644472413868,0.1833533554739527,0,,0.14136392751697527,0,0,0,0,0,False,0,0.032857911894097924,0.02508246644510556,0.027473326213657848,G0_15_422,9f9fce4d1875b57e7a55c3a9cbf5b5a0c3f8476d84b3deb53c920d9b6322bb1d,18009528014223293775,CERTIFIED_ENDPOINT_LIPSCHITZ_LOWER_BOUND,0,54c035f7834b564019656c3e3fcc3646292f727d,SUCCESS,STOPPED_GOAL,58,0,3.3277207911014557
12,4.379310344827586,11.149999999999999,0.2631578947368421,a3166060848f911fbbca79622a8a1c2b45c8acb14596f1f6c6fd13720878d374,2000.0,06c1ff17d2ed5eb184b6a9699a3a32da431a1460840431a3effe76d5f03b9ee3,0,True,0.022541400882124456,0.007159155152818501,0.016439293127437842,0.4080718437106546,0,False,0,0,0,0,,0.0,0,G0_SAFE_CONTROL,0,30,0.4508280176424891,0.3287858625487568,0.17035263961736918,0,927734a2339a3f2710640065b0893eaae162cc0144ac67e2f377bcff2e71ae34,M2_FAS_START_SAFE_PLUS_FEASIBILITY_AWARE,0.007870579903813034,1.5481445058356649,1.5467643532057769,0.18335249811266477,0,,0.1413645652200813,0,0,0,0,0,False,0,0.029676400125026703,0.01807276704901103,0.020952832023613147,G0_15_422,9f9fce4d1875b57e7a55c3a9cbf5b5a0c3f8476d84b3deb53c920d9b6322bb1d,18009528014223293775,CERTIFIED_ENDPOINT_LIPSCHITZ_LOWER_BOUND,0,54c035f7834b564019656c3e3fcc3646292f727d,SUCCESS,STOPPED_GOAL,58,0,2.902436044998467
12,4.379310344827586,11.149999999999999,0.2631578947368421,a3166060848f911fbbca79622a8a1c2b45c8acb14596f1f6c6fd13720878d374,2000.0,06c1ff17d2ed5eb184b6a9699a3a32da431a1460840431a3effe76d5f03b9ee3,0,True,0.022541400882124456,0.007159155152818501,0.016439293127437842,0.4080718437106546,57,False,58,0,0,0,,0.0,0,G0_SAFE_CONTROL,0,30,0.4508280176424891,0.3287858625487568,0.17035263961736918,0,927734a2339a3f2710640065b0893eaae162cc0144ac67e2f377bcff2e71ae34,M3_FAS_PLUS_DISCRETE_TIME_VERIFICATION,0.007870579903813034,1.5481445058356649,1.5467643532057769,0.18335249811266477,0,,0.1413645652200813,0,0,0,0,0,False,0,0.08582817204296589,0.08137877689974414,0.08473101009149103,G0_15_422,9f9fce4d1875b57e7a55c3a9cbf5b5a0c3f8476d84b3deb53c920d9b6322bb1d,18009528014223293775,CERTIFIED_ENDPOINT_LIPSCHITZ_LOWER_BOUND,0,54c035f7834b564019656c3e3fcc3646292f727d,SUCCESS,STOPPED_GOAL,58,0,6.664197162957862
12,4.379310344827586,11.149999999999999,0.2631578947368421,a3166060848f911fbbca79622a8a1c2b45c8acb14596f1f6c6fd13720878d374,2000.0,06c1ff17d2ed5eb184b6a9699a3a32da431a1460840431a3effe76d5f03b9ee3,0,True,0.022541400882124456,0.007159155152818501,0.016439293127437842,0.4080718437106546,58,False,58,0,0,0,,0.0,0,G0_SAFE_CONTROL,0,30,0.4508280176424891,0.3287858625487568,0.17035263961736918,0,927734a2339a3f2710640065b0893eaae162cc0144ac67e2f377bcff2e71ae34,M4_FULL_FAS_CBF,0.007870579903813034,1.5481445058356649,1.5467643532057769,0.18335249811266477,0,,0.1413645652200813,0,0,0,0,0,False,0,0.12026515603065491,0.11391628750647276,0.11787285730242729,G0_15_422,9f9fce4d1875b57e7a55c3a9cbf5b5a0c3f8476d84b3deb53c920d9b6322bb1d,18009528014223293775,CERTIFIED_ENDPOINT_LIPSCHITZ_LOWER_BOUND,0,54c035f7834b564019656c3e3fcc3646292f727d,SUCCESS,STOPPED_GOAL,58,0,8.615048956824467
2000,2000.0,2000.0,0.0,a3166060848f911fbbca79622a8a1c2b45c8acb14596f1f6c6fd13720878d374,2000.0,06c1ff17d2ed5eb184b6a9699a3a32da431a1460840431a3effe76d5f03b9ee3,0,True,0.0237902018949204,0.010728865307507864,0.02073076454299395,0.8797669552156447,0,False,0,0,0,0,,0.0,0,G0_SAFE_CONTROL,0,24,0.4758040378984079,0.41461529085987897,0.24096034085729612,0,927734a2339a3f2710640065b0893eaae162cc0144ac67e2f377bcff2e71ae34,M0_SAFER_BASELINE,0.016028825948940235,1.6100076888264163,1.6098259782650257,0.26273596501429447,0,,0.10607615935930291,0,0,0,0,0,False,0,0.042037548031657934,0.02549515102698232,0.02732046090532094,G0_16_291,9f9fce4d1875b57e7a55c3a9cbf5b5a0c3f8476d84b3deb53c920d9b6322bb1d,18109272984104070169,CERTIFIED_ENDPOINT_LIPSCHITZ_LOWER_BOUND,0,54c035f7834b564019656c3e3fcc3646292f727d,SUCCESS,STOPPED_GOAL,83,0,4.842351860832423
2000,2000.0,2000.0,0.0,a3166060848f911fbbca79622a8a1c2b45c8acb14596f1f6c6fd13720878d374,2000.0,06c1ff17d2ed5eb184b6a9699a3a32da431a1460840431a3effe76d5f03b9ee3,0,True,0.0237902018949204,0.010728865307507864,0.02073076454299395,0.8797669552156447,0,False,0,0,0,0,,0.0,0,G0_SAFE_CONTROL,0,24,0.4758040378984079,0.41461529085987897,0.24096034085729612,0,927734a2339a3f2710640065b0893eaae162cc0144ac67e2f377bcff2e71ae34,M1_FAS_START_SAFE_ONLY,0.016028825948940235,1.6100076888264163,1.6098259782650257,0.26273596501429447,0,,0.10607615935930291,0,0,0,0,0,False,0,0.03293310198932886,0.025234071765139345,0.02708421207498759,G0_16_291,9f9fce4d1875b57e7a55c3a9cbf5b5a0c3f8476d84b3deb53c920d9b6322bb1d,18109272984104070169,CERTIFIED_ENDPOINT_LIPSCHITZ_LOWER_BOUND,0,54c035f7834b564019656c3e3fcc3646292f727d,SUCCESS,STOPPED_GOAL,83,0,4.716833390062675
0,0.0,0.0,0.0,a3166060848f911fbbca79622a8a1c2b45c8acb14596f1f6c6fd13720878d374,2000.0,06c1ff17d2ed5eb184b6a9699a3a32da431a1460840431a3effe76d5f03b9ee3,0,True,0.02379012606785636,0.010728582618227766,0.02073062775201116,0.8797437746946768,0,False,0,0,0,0,,0.0,0,G0_SAFE_CONTROL,0,25,0.4758025213571272,0.41461255504022304,0.24095616289340163,0,927734a2339a3f2710640065b0893eaae162cc0144ac67e2f377bcff2e71ae34,M2_FAS_START_SAFE_PLUS_FEASIBILITY_AWARE,0.016028825948940235,1.6100076888264163,1.6098259719362997,0.26274218537269284,0,,0.1060759524760069,0,0,0,0,0,False,0,0.031354312086477876,0.018014031143615113,0.020072303758934137,G0_16_291,9f9fce4d1875b57e7a55c3a9cbf5b5a0c3f8476d84b3deb53c920d9b6322bb1d,18109272984104070169,CERTIFIED_ENDPOINT_LIPSCHITZ_LOWER_BOUND,0,54c035f7834b564019656c3e3fcc3646292f727d,SUCCESS,STOPPED_GOAL,83,0,4.170703306794167
0,0.0,0.0,0.0,a3166060848f911fbbca79622a8a1c2b45c8acb14596f1f6c6fd13720878d374,2000.0,06c1ff17d2ed5eb184b6a9699a3a32da431a1460840431a3effe76d5f03b9ee3,0,True,0.02379012606785636,0.010728582618227766,0.02073062775201116,0.8797437746946768,82,False,83,0,0,0,,0.0,0,G0_SAFE_CONTROL,0,25,0.4758025213571272,0.41461255504022304,0.24095616289340163,0,927734a2339a3f2710640065b0893eaae162cc0144ac67e2f377bcff2e71ae34,M3_FAS_PLUS_DISCRETE_TIME_VERIFICATION,0.016028825948940235,1.6100076888264163,1.6098259719362997,0.26274218537269284,0,,0.1060759524760069,0,0,0,0,0,False,0,0.09736837516538799,0.0823696228464888,0.08469586134888231,G0_16_291,9f9fce4d1875b57e7a55c3a9cbf5b5a0c3f8476d84b3deb53c920d9b6322bb1d,18109272984104070169,CERTIFIED_ENDPOINT_LIPSCHITZ_LOWER_BOUND,0,54c035f7834b564019656c3e3fcc3646292f727d,SUCCESS,STOPPED_GOAL,83,0,9.631667595822364
0,0.0,0.0,0.0,a3166060848f911fbbca79622a8a1c2b45c8acb14596f1f6c6fd13720878d374,2000.0,06c1ff17d2ed5eb184b6a9699a3a32da431a1460840431a3effe76d5f03b9ee3,0,True,0.02379012606785636,0.010728582618227766,0.02073062775201116,0.8797437746946768,83,False,83,0,0,0,,0.0,0,G0_SAFE_CONTROL,0,25,0.4758025213571272,0.41461255504022304,0.24095616289340163,0,927734a2339a3f2710640065b0893eaae162cc0144ac67e2f377bcff2e71ae34,M4_FULL_FAS_CBF,0.016028825948940235,1.6100076888264163,1.6098259719362997,0.26274218537269284,0,,0.1060759524760069,0,0,0,0,0,False,0,0.1324128641281277,0.11590163048268073,0.11918328132014722,G0_16_291,9f9fce4d1875b57e7a55c3a9cbf5b5a0c3f8476d84b3deb53c920d9b6322bb1d,18109272984104070169,CERTIFIED_ENDPOINT_LIPSCHITZ_LOWER_BOUND,0,54c035f7834b564019656c3e3fcc3646292f727d,SUCCESS,STOPPED_GOAL,83,0,12.414609566098079
2000,2000.0,2000.0,0.0,a3166060848f911fbbca79622a8a1c2b45c8acb14596f1f6c6fd13720878d374,2000.0,06c1ff17d2ed5eb184b6a9699a3a32da431a1460840431a3effe76d5f03b9ee3,0,True,0.02046906101986807,0.008854723485318988,0.01698511657561259,0.6995231553402,0,False,0,0,0,0,,0.0,0,G0_SAFE_CONTROL,0,24,0.40938122039736136,0.3397023315122518,0.2001308137310283,0,927734a2339a3f2710640065b0893eaae162cc0144ac67e2f377bcff2e71ae34,M0_SAFER_BASELINE,0.015320231653065893,1.511214345961869,1.5111125146705575,0.22412981157266818,0,,0.09721621608318923,0,0,0,0,0,False,0,0.03541404497809708,0.025186766477418132,0.027012775372713804,G0_17_114,9f9fce4d1875b57e7a55c3a9cbf5b5a0c3f8476d84b3deb53c920d9b6322bb1d,429756142311308958,CERTIFIED_ENDPOINT_LIPSCHITZ_LOWER_BOUND,0,54c035f7834b564019656c3e3fcc3646292f727d,SUCCESS,STOPPED_GOAL,80,0,4.662307744147256
2000,2000.0,2000.0,0.0,a3166060848f911fbbca79622a8a1c2b45c8acb14596f1f6c6fd13720878d374,2000.0,06c1ff17d2ed5eb184b6a9699a3a32da431a1460840431a3effe76d5f03b9ee3,0,True,0.02046906101986807,0.008854723485318988,0.01698511657561259,0.6995231553402,0,False,0,0,0,0,,0.0,0,G0_SAFE_CONTROL,0,24,0.40938122039736136,0.3397023315122518,0.2001308137310283,0,927734a2339a3f2710640065b0893eaae162cc0144ac67e2f377bcff2e71ae34,M1_FAS_START_SAFE_ONLY,0.015320231653065893,1.511214345961869,1.5111125146705575,0.22412981157266818,0,,0.09721621608318923,0,0,0,0,0,False,0,0.02821771102026105,0.02514307751366294,0.026711531216278672,G0_17_114,9f9fce4d1875b57e7a55c3a9cbf5b5a0c3f8476d84b3deb53c920d9b6322bb1d,429756142311308958,CERTIFIED_ENDPOINT_LIPSCHITZ_LOWER_BOUND,0,54c035f7834b564019656c3e3fcc3646292f727d,SUCCESS,STOPPED_GOAL,80,0,4.670603980077431
16,3.075,15.049999999999997,0.17721518987341772,a3166060848f911fbbca79622a8a1c2b45c8acb14596f1f6c6fd13720878d374,2000.0,06c1ff17d2ed5eb184b6a9699a3a32da431a1460840431a3effe76d5f03b9ee3,0,True,0.02046928412480618,0.008854207633942944,0.016984610957075826,0.6994824030814926,0,False,0,0,0,0,,0.0,0,G0_SAFE_CONTROL,0,26,0.4093856824961236,0.3396922191415165,0.2001236464074371,0,927734a2339a3f2710640065b0893eaae162cc0144ac67e2f377bcff2e71ae34,M2_FAS_START_SAFE_PLUS_FEASIBILITY_AWARE,0.015320231653065893,1.511214345961869,1.5111125396860756,0.2241316980104523,0,,0.09721726075912078,0,0,0,0,0,False,0,0.024043818935751915,0.01766560972024353,0.017948060063645244,G0_17_114,9f9fce4d1875b57e7a55c3a9cbf5b5a0c3f8476d84b3deb53c920d9b6322bb1d,429756142311308958,CERTIFIED_ENDPOINT_LIPSCHITZ_LOWER_BOUND,0,54c035f7834b564019656c3e3fcc3646292f727d,SUCCESS,STOPPED_GOAL,80,0,4.069600956980139
16,3.075,15.049999999999997,0.17721518987341772,a3166060848f911fbbca79622a8a1c2b45c8acb14596f1f6c6fd13720878d374,2000.0,06c1ff17d2ed5eb184b6a9699a3a32da431a1460840431a3effe76d5f03b9ee3,0,True,0.02046928412480618,0.008854207633942944,0.016984610957075826,0.6994824030814926,79,False,80,0,0,0,,0.0,0,G0_SAFE_CONTROL,0,26,0.4093856824961236,0.3396922191415165,0.2001236464074371,0,927734a2339a3f2710640065b0893eaae162cc0144ac67e2f377bcff2e71ae34,M3_FAS_PLUS_DISCRETE_TIME_VERIFICATION,0.015320231653065893,1.511214345961869,1.5111125396860756,0.2241316980104523,0,,0.09721726075912078,0,0,0,0,0,False,0,0.08536519296467304,0.08222796525058831,0.08452877402305603,G0_17_114,9f9fce4d1875b57e7a55c3a9cbf5b5a0c3f8476d84b3deb53c920d9b6322bb1d,429756142311308958,CERTIFIED_ENDPOINT_LIPSCHITZ_LOWER_BOUND,0,54c035f7834b564019656c3e3fcc3646292f727d,SUCCESS,STOPPED_GOAL,80,0,9.306710715871304
16,3.075,15.049999999999997,0.17721518987341772,a3166060848f911fbbca79622a8a1c2b45c8acb14596f1f6c6fd13720878d374,2000.0,06c1ff17d2ed5eb184b6a9699a3a32da431a1460840431a3effe76d5f03b9ee3,0,True,0.02046928412480618,0.008854207633942944,0.016984610957075826,0.6994824030814926,80,False,80,0,0,0,,0.0,0,G0_SAFE_CONTROL,0,26,0.4093856824961236,0.3396922191415165,0.2001236464074371,0,927734a2339a3f2710640065b0893eaae162cc0144ac67e2f377bcff2e71ae34,M4_FULL_FAS_CBF,0.015320231653065893,1.511214345961869,1.5111125396860756,0.2241316980104523,0,,0.09721726075912078,0,0,0,0,0,False,0,0.13283106801100075,0.1153353321981145,0.1191046480089426,G0_17_114,9f9fce4d1875b57e7a55c3a9cbf5b5a0c3f8476d84b3deb53c920d9b6322bb1d,429756142311308958,CERTIFIED_ENDPOINT_LIPSCHITZ_LOWER_BOUND,0,54c035f7834b564019656c3e3fcc3646292f727d,SUCCESS,STOPPED_GOAL,80,0,11.91817914485
2000,2000.0,2000.0,0.0,a3166060848f911fbbca79622a8a1c2b45c8acb14596f1f6c6fd13720878d374,2000.0,06c1ff17d2ed5eb184b6a9699a3a32da431a1460840431a3effe76d5f03b9ee3,0,True,0.027307857854363685,0.005632795051648143,0.019372111175192636,0.4111940387703144,0,False,0,0,0,0,,0.0,0,G0_SAFE_CONTROL,0,67,0.5461571570872736,0.38744222350385277,0.15789177948618668,0,927734a2339a3f2710640065b0893eaae162cc0144ac67e2f377bcff2e71ae34,M0_SAFER_BASELINE,0.0008565449860846227,1.5116139060457006,1.511432497402964,0.21562697385940338,0,,0.16997645541791634,0,0,0,0,0,False,0,0.03469815803691745,0.026115425626394916,0.027167181961704045,G0_18_326,9f9fce4d1875b57e7a55c3a9cbf5b5a0c3f8476d84b3deb53c920d9b6322bb1d,17102317619470123809,CERTIFIED_ENDPOINT_LIPSCHITZ_LOWER_BOUND,0,54c035f7834b564019656c3e3fcc3646292f727d,SUCCESS,STOPPED_GOAL,74,0,4.355722238076851
2000,2000.0,2000.0,0.0,a3166060848f911fbbca79622a8a1c2b45c8acb14596f1f6c6fd13720878d374,2000.0,06c1ff17d2ed5eb184b6a9699a3a32da431a1460840431a3effe76d5f03b9ee3,0,True,0.027307857854363685,0.005632795051648143,0.019372111175192636,0.4111940387703144,0,False,0,0,0,0,,0.0,0,G0_SAFE_CONTROL,0,67,0.5461571570872736,0.38744222350385277,0.15789177948618668,0,927734a2339a3f2710640065b0893eaae162cc0144ac67e2f377bcff2e71ae34,M1_FAS_START_SAFE_ONLY,0.0008565449860846227,1.5116139060457006,1.511432497402964,0.21562697385940338,0,,0.16997645541791634,0,0,0,0,0,False,0,0.028687260812148452,0.025882835018758973,0.02674755109474063,G0_18_326,9f9fce4d1875b57e7a55c3a9cbf5b5a0c3f8476d84b3deb53c920d9b6322bb1d,17102317619470123809,CERTIFIED_ENDPOINT_LIPSCHITZ_LOWER_BOUND,0,54c035f7834b564019656c3e3fcc3646292f727d,SUCCESS,STOPPED_GOAL,74,0,4.392001678934321
67,34.432432432432435,67.0,0.4520547945205479,a3166060848f911fbbca79622a8a1c2b45c8acb14596f1f6c6fd13720878d374,2000.0,06c1ff17d2ed5eb184b6a9699a3a32da431a1460840431a3effe76d5f03b9ee3,0,True,0.027307846394559483,0.00563282729697555,0.019372276869152237,0.41119639267921515,0,False,0,0,0,0,,0.7567567567567568,37,G0_SAFE_CONTROL,0,67,0.5461569278911896,0.38744553738304477,0.1578955605505711,0,927734a2339a3f2710640065b0893eaae162cc0144ac67e2f377bcff2e71ae34,M2_FAS_START_SAFE_PLUS_FEASIBILITY_AWARE,0.0008565465540534348,1.5116139060457006,1.5114325046826833,0.2156269094959325,0,,0.16997633436541143,0,0,0,0,0,False,0,0.030170794809237123,0.018249081013103328,0.02033586832694709,G0_18_326,9f9fce4d1875b57e7a55c3a9cbf5b5a0c3f8476d84b3deb53c920d9b6322bb1d,17102317619470123809,CERTIFIED_ENDPOINT_LIPSCHITZ_LOWER_BOUND,0,54c035f7834b564019656c3e3fcc3646292f727d,SUCCESS,STOPPED_GOAL,74,0,3.8081658019218594
67,34.432432432432435,67.0,0.4520547945205479,a3166060848f911fbbca79622a8a1c2b45c8acb14596f1f6c6fd13720878d374,2000.0,06c1ff17d2ed5eb184b6a9699a3a32da431a1460840431a3effe76d5f03b9ee3,0,True,0.027307846394559483,0.00563282729697555,0.019372276869152237,0.41119639267921515,73,False,74,0,0,0,,0.7567567567567568,37,G0_SAFE_CONTROL,0,67,0.5461569278911896,0.38744553738304477,0.1578955605505711,0,927734a2339a3f2710640065b0893eaae162cc0144ac67e2f377bcff2e71ae34,M3_FAS_PLUS_DISCRETE_TIME_VERIFICATION,0.0008565465540534348,1.5116139060457006,1.5114325046826833,0.2156269094959325,0,,0.16997633436541143,0,0,0,0,0,False,0,0.08578352583572268,0.08194871550736328,0.08447287767194211,G0_18_326,9f9fce4d1875b57e7a55c3a9cbf5b5a0c3f8476d84b3deb53c920d9b6322bb1d,17102317619470123809,CERTIFIED_ENDPOINT_LIPSCHITZ_LOWER_BOUND,0,54c035f7834b564019656c3e3fcc3646292f727d,SUCCESS,STOPPED_GOAL,74,0,8.566643737023696
67,34.432432432432435,67.0,0.4520547945205479,a3166060848f911fbbca79622a8a1c2b45c8acb14596f1f6c6fd13720878d374,2000.0,06c1ff17d2ed5eb184b6a9699a3a32da431a1460840431a3effe76d5f03b9ee3,0,True,0.027307846394559483,0.00563282729697555,0.019372276869152237,0.41119639267921515,74,False,74,0,0,0,,0.7567567567567568,37,G0_SAFE_CONTROL,0,67,0.5461569278911896,0.38744553738304477,0.1578955605505711,0,927734a2339a3f2710640065b0893eaae162cc0144ac67e2f377bcff2e71ae34,M4_FULL_FAS_CBF,0.0008565465540534348,1.5116139060457006,1.5114325046826833,0.2156269094959325,0,,0.16997633436541143,0,0,0,0,0,False,0,0.12390956608578563,0.11534922065213322,0.11789263875689357,G0_18_326,9f9fce4d1875b57e7a55c3a9cbf5b5a0c3f8476d84b3deb53c920d9b6322bb1d,17102317619470123809,CERTIFIED_ENDPOINT_LIPSCHITZ_LOWER_BOUND,0,54c035f7834b564019656c3e3fcc3646292f727d,SUCCESS,STOPPED_GOAL,74,0,11.114582075970247
2000,2000.0,2000.0,0.0,a3166060848f911fbbca79622a8a1c2b45c8acb14596f1f6c6fd13720878d374,2000.0,06c1ff17d2ed5eb184b6a9699a3a32da431a1460840431a3effe76d5f03b9ee3,0,True,0.02379009536775489,0.010729224782697366,0.020730514952922857,0.879796432181184,0,False,0,0,0,0,,0.0,0,G0_SAFE_CONTROL,0,24,0.4758019073550978,0.41461029905845714,0.24096577998184074,0,927734a2339a3f2710640065b0893eaae162cc0144ac67e2f377bcff2e71ae34,M0_SAFER_BASELINE,0.010609501135095074,1.4795211273264055,1.4770042651881898,0.2627355396077365,0,,0.10607610781098291,0,0,0,0,0,False,0,0.03630510810762644,0.02546830117388303,0.027355790440924465,G0_19_170,9f9fce4d1875b57e7a55c3a9cbf5b5a0c3f8476d84b3deb53c920d9b6322bb1d,1828916058722900258,CERTIFIED_ENDPOINT_LIPSCHITZ_LOWER_BOUND,0,54c035f7834b564019656c3e3fcc3646292f727d,SUCCESS,STOPPED_GOAL,83,0,4.666204306064174
2000,2000.0,2000.0,0.0,a3166060848f911fbbca79622a8a1c2b45c8acb14596f1f6c6fd13720878d374,2000.0,06c1ff17d2ed5eb184b6a9699a3a32da431a1460840431a3effe76d5f03b9ee3,0,True,0.02379009536775489,0.010729224782697366,0.020730514952922857,0.879796432181184,0,False,0,0,0,0,,0.0,0,G0_SAFE_CONTROL,0,24,0.4758019073550978,0.41461029905845714,0.24096577998184074,0,927734a2339a3f2710640065b0893eaae162cc0144ac67e2f377bcff2e71ae34,M1_FAS_START_SAFE_ONLY,0.010609501135095074,1.4795211273264055,1.4770042651881898,0.2627355396077365,0,,0.10607610781098291,0,0,0,0,0,False,0,0.034357271855697036,0.025431095985584847,0.02774261502781883,G0_19_170,9f9fce4d1875b57e7a55c3a9cbf5b5a0c3f8476d84b3deb53c920d9b6322bb1d,1828916058722900258,CERTIFIED_ENDPOINT_LIPSCHITZ_LOWER_BOUND,0,54c035f7834b564019656c3e3fcc3646292f727d,SUCCESS,STOPPED_GOAL,83,0,4.57820871588774
3,0.42168674698795183,2.0,0.07317073170731707,a3166060848f911fbbca79622a8a1c2b45c8acb14596f1f6c6fd13720878d374,2000.0,06c1ff17d2ed5eb184b6a9699a3a32da431a1460840431a3effe76d5f03b9ee3,0,True,0.023790126067855837,0.010728646205847282,0.020730627752012176,0.8797489888794771,0,False,0,0,0,0,,0.0,0,G0_SAFE_CONTROL,0,25,0.47580252135711676,0.4146125550402435,0.24095591063384936,0,927734a2339a3f2710640065b0893eaae162cc0144ac67e2f377bcff2e71ae34,M2_FAS_START_SAFE_PLUS_FEASIBILITY_AWARE,0.01060966261144592,1.479519341491685,1.4770023711809923,0.26273993863533884,0,,0.1060759414993871,0,0,0,0,0,False,0,0.029421816812828183,0.017341829093527935,0.019335388345643873,G0_19_170,9f9fce4d1875b57e7a55c3a9cbf5b5a0c3f8476d84b3deb53c920d9b6322bb1d,1828916058722900258,CERTIFIED_ENDPOINT_LIPSCHITZ_LOWER_BOUND,0,54c035f7834b564019656c3e3fcc3646292f727d,SUCCESS,STOPPED_GOAL,83,0,3.9161300528794527
3,0.42168674698795183,2.0,0.07317073170731707,a3166060848f911fbbca79622a8a1c2b45c8acb14596f1f6c6fd13720878d374,2000.0,06c1ff17d2ed5eb184b6a9699a3a32da431a1460840431a3effe76d5f03b9ee3,0,True,0.023790126067855837,0.010728646205847282,0.020730627752012176,0.8797489888794771,82,False,83,0,0,0,,0.0,0,G0_SAFE_CONTROL,0,25,0.47580252135711676,0.4146125550402435,0.24095591063384936,0,927734a2339a3f2710640065b0893eaae162cc0144ac67e2f377bcff2e71ae34,M3_FAS_PLUS_DISCRETE_TIME_VERIFICATION,0.01060966261144592,1.479519341491685,1.4770023711809923,0.26273993863533884,0,,0.1060759414993871,0,0,0,0,0,False,0,0.11139678093604743,0.08322264175374239,0.08663421915844083,G0_19_170,9f9fce4d1875b57e7a55c3a9cbf5b5a0c3f8476d84b3deb53c920d9b6322bb1d,1828916058722900258,CERTIFIED_ENDPOINT_LIPSCHITZ_LOWER_BOUND,0,54c035f7834b564019656c3e3fcc3646292f727d,SUCCESS,STOPPED_GOAL,83,0,9.584789290092885
3,0.42168674698795183,2.0,0.07317073170731707,a3166060848f911fbbca79622a8a1c2b45c8acb14596f1f6c6fd13720878d374,2000.0,06c1ff17d2ed5eb184b6a9699a3a32da431a1460840431a3effe76d5f03b9ee3,0,True,0.023790126067855837,0.010728646205847282,0.020730627752012176,0.8797489888794771,83,False,83,0,0,0,,0.0,0,G0_SAFE_CONTROL,0,25,0.47580252135711676,0.4146125550402435,0.24095591063384936,0,927734a2339a3f2710640065b0893eaae162cc0144ac67e2f377bcff2e71ae34,M4_FULL_FAS_CBF,0.01060966261144592,1.479519341491685,1.4770023711809923,0.26273993863533884,0,,0.1060759414993871,0,0,0,0,0,False,0,0.13356519700028002,0.11562259075331635,0.11950775525765493,G0_19_170,9f9fce4d1875b57e7a55c3a9cbf5b5a0c3f8476d84b3deb53c920d9b6322bb1d,1828916058722900258,CERTIFIED_ENDPOINT_LIPSCHITZ_LOWER_BOUND,0,54c035f7834b564019656c3e3fcc3646292f727d,SUCCESS,STOPPED_GOAL,83,0,12.290698837023228
2000,2000.0,2000.0,0.0,a3166060848f911fbbca79622a8a1c2b45c8acb14596f1f6c6fd13720878d374,2000.0,06c1ff17d2ed5eb184b6a9699a3a32da431a1460840431a3effe76d5f03b9ee3,0,False,0.0,0.0,0.0,0.0,0,True,0,0,0,0,,0.0,0,G1_START_SAFE_BOUNDARY,1,0,0.0,0.0,0.0,0,927734a2339a3f2710640065b0893eaae162cc0144ac67e2f377bcff2e71ae34,M0_SAFER_BASELINE,-9.395467303297336e-06,1.4524558225502697,1.4524558225502697,0.0,0,,0.0,1,0,0,0,0,False,0,0.0,0.0,0.0,G1_00_261,9f9fce4d1875b57e7a55c3a9cbf5b5a0c3f8476d84b3deb53c920d9b6322bb1d,14695345615722389568,CERTIFIED_ENDPOINT_LIPSCHITZ_LOWER_BOUND,0,54c035f7834b564019656c3e3fcc3646292f727d,QP_INFEASIBLE,PrimalInfeasible,0,0,1.2621492040343583
2000,2000.0,2000.0,0.0,a3166060848f911fbbca79622a8a1c2b45c8acb14596f1f6c6fd13720878d374,2000.0,06c1ff17d2ed5eb184b6a9699a3a32da431a1460840431a3effe76d5f03b9ee3,0,False,0.0,0.0,0.0,0.0,0,True,0,0,0,0,,0.0,0,G1_START_SAFE_BOUNDARY,1,0,0.0,0.0,0.0,0,927734a2339a3f2710640065b0893eaae162cc0144ac67e2f377bcff2e71ae34,M1_FAS_START_SAFE_ONLY,0.0005054554658512449,1.4526550711934434,1.4526550711934434,0.0,0,,-0.0022772030431134765,1,0,0,0,0,False,0,0.05207966407760978,0.05207966407760978,0.05207966407760978,G1_00_261,9f9fce4d1875b57e7a55c3a9cbf5b5a0c3f8476d84b3deb53c920d9b6322bb1d,14695345615722389568,CERTIFIED_ENDPOINT_LIPSCHITZ_LOWER_BOUND,0,54c035f7834b564019656c3e3fcc3646292f727d,QP_INFEASIBLE,PrimalInfeasible,0,0,1.236611797939986
1210,1210.0,1210.0,0.0,a3166060848f911fbbca79622a8a1c2b45c8acb14596f1f6c6fd13720878d374,2000.0,06c1ff17d2ed5eb184b6a9699a3a32da431a1460840431a3effe76d5f03b9ee3,0,False,0.0,0.0,0.0,0.0,0,True,0,0,0,0,,1.0,1,G1_START_SAFE_BOUNDARY,1,0,0.0,0.0,0.0,0,927734a2339a3f2710640065b0893eaae162cc0144ac67e2f377bcff2e71ae34,M2_FAS_START_SAFE_PLUS_FEASIBILITY_AWARE,0.0005054554658512449,1.4526550711934434,1.4526550711934434,0.0,0,,-0.0022772030431134765,1,0,0,0,0,False,0,0.05570696899667382,0.05570696899667382,0.05570696899667382,G1_00_261,9f9fce4d1875b57e7a55c3a9cbf5b5a0c3f8476d84b3deb53c920d9b6322bb1d,14695345615722389568,CERTIFIED_ENDPOINT_LIPSCHITZ_LOWER_BOUND,0,54c035f7834b564019656c3e3fcc3646292f727d,QP_INFEASIBLE,PrimalInfeasible,0,0,1.3081439069937915
1210,1210.0,1210.0,0.0,a3166060848f911fbbca79622a8a1c2b45c8acb14596f1f6c6fd13720878d374,2000.0,06c1ff17d2ed5eb184b6a9699a3a32da431a1460840431a3effe76d5f03b9ee3,0,False,0.0,0.0,0.0,0.0,0,True,0,0,0,0,,1.0,1,G1_START_SAFE_BOUNDARY,1,0,0.0,0.0,0.0,0,927734a2339a3f2710640065b0893eaae162cc0144ac67e2f377bcff2e71ae34,M3_FAS_PLUS_DISCRETE_TIME_VERIFICATION,0.0005054554658512449,1.4526550711934434,1.4526550711934434,0.0,0,,-0.0022772030431134765,1,0,0,0,0,False,0,0.05822455300949514,0.05822455300949514,0.05822455300949514,G1_00_261,9f9fce4d1875b57e7a55c3a9cbf5b5a0c3f8476d84b3deb53c920d9b6322bb1d,14695345615722389568,CERTIFIED_ENDPOINT_LIPSCHITZ_LOWER_BOUND,0,54c035f7834b564019656c3e3fcc3646292f727d,QP_INFEASIBLE,PrimalInfeasible,0,0,1.2109674769453704
1210,1210.0,1210.0,0.0,a3166060848f911fbbca79622a8a1c2b45c8acb14596f1f6c6fd13720878d374,2000.0,06c1ff17d2ed5eb184b6a9699a3a32da431a1460840431a3effe76d5f03b9ee3,0,False,0.0,0.0,0.0,0.0,0,True,0,0,0,0,,1.0,1,G1_START_SAFE_BOUNDARY,1,0,0.0,0.0,0.0,0,927734a2339a3f2710640065b0893eaae162cc0144ac67e2f377bcff2e71ae34,M4_FULL_FAS_CBF,0.0005054554658512449,1.4526550711934434,1.4526550711934434,0.0,0,,-0.0022772030431134765,1,0,0,0,0,False,0,0.0756911188364029,0.0756911188364029,0.0756911188364029,G1_00_261,9f9fce4d1875b57e7a55c3a9cbf5b5a0c3f8476d84b3deb53c920d9b6322bb1d,14695345615722389568,CERTIFIED_ENDPOINT_LIPSCHITZ_LOWER_BOUND,0,54c035f7834b564019656c3e3fcc3646292f727d,QP_INFEASIBLE,PrimalInfeasible,0,0,1.262614293023944
2000,2000.0,2000.0,0.0,a3166060848f911fbbca79622a8a1c2b45c8acb14596f1f6c6fd13720878d374,2000.0,06c1ff17d2ed5eb184b6a9699a3a32da431a1460840431a3effe76d5f03b9ee3,0,False,0.0,0.0,0.0,0.0,0,True,0,0,0,0,,0.0,0,G1_START_SAFE_BOUNDARY,1,0,0.0,0.0,0.0,0,927734a2339a3f2710640065b0893eaae162cc0144ac67e2f377bcff2e71ae34,M0_SAFER_BASELINE,-0.0003137651776084875,1.4543856860723288,1.4543856860723288,0.0,0,,0.0,1,0,0,0,0,False,0,0.0,0.0,0.0,G1_01_438,9f9fce4d1875b57e7a55c3a9cbf5b5a0c3f8476d84b3deb53c920d9b6322bb1d,8431149585130485141,CERTIFIED_ENDPOINT_LIPSCHITZ_LOWER_BOUND,0,54c035f7834b564019656c3e3fcc3646292f727d,QP_INFEASIBLE,PrimalInfeasible,0,0,1.2015085918828845
2000,2000.0,2000.0,0.0,a3166060848f911fbbca79622a8a1c2b45c8acb14596f1f6c6fd13720878d374,2000.0,06c1ff17d2ed5eb184b6a9699a3a32da431a1460840431a3effe76d5f03b9ee3,0,False,0.0,0.0,0.0,0.0,0,True,0,0,0,0,,0.0,0,G1_START_SAFE_BOUNDARY,1,0,0.0,0.0,0.0,0,927734a2339a3f2710640065b0893eaae162cc0144ac67e2f377bcff2e71ae34,M1_FAS_START_SAFE_ONLY,0.0005140869212781063,1.454647609220393,1.454647609220393,0.0,0,,-0.002892900047758107,1,0,0,0,0,False,0,0.07448425190523267,0.07448425190523267,0.07448425190523267,G1_01_438,9f9fce4d1875b57e7a55c3a9cbf5b5a0c3f8476d84b3deb53c920d9b6322bb1d,8431149585130485141,CERTIFIED_ENDPOINT_LIPSCHITZ_LOWER_BOUND,0,54c035f7834b564019656c3e3fcc3646292f727d,QP_INFEASIBLE,PrimalInfeasible,0,0,1.2743688388727605
25,25.0,25.0,0.0,a3166060848f911fbbca79622a8a1c2b45c8acb14596f1f6c6fd13720878d374,2000.0,06c1ff17d2ed5eb184b6a9699a3a32da431a1460840431a3effe76d5f03b9ee3,0,False,0.0,0.0,0.0,0.0,0,True,0,0,0,0,,1.0,1,G1_START_SAFE_BOUNDARY,1,0,0.0,0.0,0.0,0,927734a2339a3f2710640065b0893eaae162cc0144ac67e2f377bcff2e71ae34,M2_FAS_START_SAFE_PLUS_FEASIBILITY_AWARE,0.0005140869212781063,1.454647609220393,1.454647609220393,0.0,0,,-0.002892900047758107,1,0,0,0,0,False,0,0.07695470214821398,0.07695470214821398,0.07695470214821398,G1_01_438,9f9fce4d1875b57e7a55c3a9cbf5b5a0c3f8476d84b3deb53c920d9b6322bb1d,8431149585130485141,CERTIFIED_ENDPOINT_LIPSCHITZ_LOWER_BOUND,0,54c035f7834b564019656c3e3fcc3646292f727d,QP_INFEASIBLE,PrimalInfeasible,0,0,1.263716297922656
25,25.0,25.0,0.0,a3166060848f911fbbca79622a8a1c2b45c8acb14596f1f6c6fd13720878d374,2000.0,06c1ff17d2ed5eb184b6a9699a3a32da431a1460840431a3effe76d5f03b9ee3,0,False,0.0,0.0,0.0,0.0,0,True,0,0,0,0,,1.0,1,G1_START_SAFE_BOUNDARY,1,0,0.0,0.0,0.0,0,927734a2339a3f2710640065b0893eaae162cc0144ac67e2f377bcff2e71ae34,M3_FAS_PLUS_DISCRETE_TIME_VERIFICATION,0.0005140869212781063,1.454647609220393,1.454647609220393,0.0,0,,-0.002892900047758107,1,0,0,0,0,False,0,0.07707976410165429,0.07707976410165429,0.07707976410165429,G1_01_438,9f9fce4d1875b57e7a55c3a9cbf5b5a0c3f8476d84b3deb53c920d9b6322bb1d,8431149585130485141,CERTIFIED_ENDPOINT_LIPSCHITZ_LOWER_BOUND,0,54c035f7834b564019656c3e3fcc3646292f727d,QP_INFEASIBLE,PrimalInfeasible,0,0,1.2415731179062277
25,25.0,25.0,0.0,a3166060848f911fbbca79622a8a1c2b45c8acb14596f1f6c6fd13720878d374,2000.0,06c1ff17d2ed5eb184b6a9699a3a32da431a1460840431a3effe76d5f03b9ee3,0,False,0.0,0.0,0.0,0.0,0,True,0,0,0,0,,1.0,1,G1_START_SAFE_BOUNDARY,1,0,0.0,0.0,0.0,0,927734a2339a3f2710640065b0893eaae162cc0144ac67e2f377bcff2e71ae34,M4_FULL_FAS_CBF,0.0005140869212781063,1.454647609220393,1.454647609220393,0.0,0,,-0.002892900047758107,1,0,0,0,0,False,0,0.07532266597263515,0.07532266597263515,0.07532266597263515,G1_01_438,9f9fce4d1875b57e7a55c3a9cbf5b5a0c3f8476d84b3deb53c920d9b6322bb1d,8431149585130485141,CERTIFIED_ENDPOINT_LIPSCHITZ_LOWER_BOUND,0,54c035f7834b564019656c3e3fcc3646292f727d,QP_INFEASIBLE,PrimalInfeasible,0,0,1.257746676914394
2000,2000.0,2000.0,0.0,a3166060848f911fbbca79622a8a1c2b45c8acb14596f1f6c6fd13720878d374,2000.0,06c1ff17d2ed5eb184b6a9699a3a32da431a1460840431a3effe76d5f03b9ee3,0,False,0.0,0.0,0.0,0.0,0,True,0,0,0,0,,0.0,0,G1_START_SAFE_BOUNDARY,1,0,0.0,0.0,0.0,0,927734a2339a3f2710640065b0893eaae162cc0144ac67e2f377bcff2e71ae34,M0_SAFER_BASELINE,-0.000543849617737081,1.6118193699247767,1.6118193699247767,0.0,0,,0.0,1,0,0,0,0,False,0,0.0,0.0,0.0,G1_02_383,9f9fce4d1875b57e7a55c3a9cbf5b5a0c3f8476d84b3deb53c920d9b6322bb1d,5400776477021252225,CERTIFIED_ENDPOINT_LIPSCHITZ_LOWER_BOUND,0,54c035f7834b564019656c3e3fcc3646292f727d,QP_INFEASIBLE,PrimalInfeasible,0,0,1.1676223271060735
2000,2000.0,2000.0,0.0,a3166060848f911fbbca79622a8a1c2b45c8acb14596f1f6c6fd13720878d374,2000.0,06c1ff17d2ed5eb184b6a9699a3a32da431a1460840431a3effe76d5f03b9ee3,0,False,0.0,0.0,0.0,0.0,0,True,0,0,0,0,,0.0,0,G1_START_SAFE_BOUNDARY,1,0,0.0,0.0,0.0,0,927734a2339a3f2710640065b0893eaae162cc0144ac67e2f377bcff2e71ae34,M1_FAS_START_SAFE_ONLY,0.000523570938957392,1.6095192235128317,1.6095192235128317,0.0,0,,-0.004820796317692666,1,0,0,0,0,False,0,0.053506619995459914,0.053506619995459914,0.053506619995459914,G1_02_383,9f9fce4d1875b57e7a55c3a9cbf5b5a0c3f8476d84b3deb53c920d9b6322bb1d,5400776477021252225,CERTIFIED_ENDPOINT_LIPSCHITZ_LOWER_BOUND,0,54c035f7834b564019656c3e3fcc3646292f727d,QP_INFEASIBLE,PrimalInfeasible,0,0,1.206587083172053
1905,1905.0,1905.0,0.0,a3166060848f911fbbca79622a8a1c2b45c8acb14596f1f6c6fd13720878d374,2000.0,06c1ff17d2ed5eb184b6a9699a3a32da431a1460840431a3effe76d5f03b9ee3,0,False,0.0,0.0,0.0,0.0,0,True,0,0,0,0,,8.0,1,G1_START_SAFE_BOUNDARY,1,0,0.0,0.0,0.0,0,927734a2339a3f2710640065b0893eaae162cc0144ac67e2f377bcff2e71ae34,M2_FAS_START_SAFE_PLUS_FEASIBILITY_AWARE,0.000523570938957392,1.6095192235128317,1.6095192235128317,0.0,0,,-0.004820796317692666,1,0,0,0,0,False,0,0.05168863199651241,0.05168863199651241,0.05168863199651241,G1_02_383,9f9fce4d1875b57e7a55c3a9cbf5b5a0c3f8476d84b3deb53c920d9b6322bb1d,5400776477021252225,CERTIFIED_ENDPOINT_LIPSCHITZ_LOWER_BOUND,0,54c035f7834b564019656c3e3fcc3646292f727d,QP_INFEASIBLE,PrimalInfeasible,0,0,1.2336724740453064
1905,1905.0,1905.0,0.0,a3166060848f911fbbca79622a8a1c2b45c8acb14596f1f6c6fd13720878d374,2000.0,06c1ff17d2ed5eb184b6a9699a3a32da431a1460840431a3effe76d5f03b9ee3,0,False,0.0,0.0,0.0,0.0,0,True,0,0,0,0,,8.0,1,G1_START_SAFE_BOUNDARY,1,0,0.0,0.0,0.0,0,927734a2339a3f2710640065b0893eaae162cc0144ac67e2f377bcff2e71ae34,M3_FAS_PLUS_DISCRETE_TIME_VERIFICATION,0.000523570938957392,1.6095192235128317,1.6095192235128317,0.0,0,,-0.004820796317692666,1,0,0,0,0,False,0,0.055315532023087144,0.055315532023087144,0.055315532023087144,G1_02_383,9f9fce4d1875b57e7a55c3a9cbf5b5a0c3f8476d84b3deb53c920d9b6322bb1d,5400776477021252225,CERTIFIED_ENDPOINT_LIPSCHITZ_LOWER_BOUND,0,54c035f7834b564019656c3e3fcc3646292f727d,QP_INFEASIBLE,PrimalInfeasible,0,0,1.221611866960302
1905,1905.0,1905.0,0.0,a3166060848f911fbbca79622a8a1c2b45c8acb14596f1f6c6fd13720878d374,2000.0,06c1ff17d2ed5eb184b6a9699a3a32da431a1460840431a3effe76d5f03b9ee3,0,False,0.0,0.0,0.0,0.0,0,True,0,0,0,0,,8.0,1,G1_START_SAFE_BOUNDARY,1,0,0.0,0.0,0.0,0,927734a2339a3f2710640065b0893eaae162cc0144ac67e2f377bcff2e71ae34,M4_FULL_FAS_CBF,0.000523570938957392,1.6095192235128317,1.6095192235128317,0.0,0,,-0.004820796317692666,1,0,0,0,0,False,0,0.05462607182562351,0.05462607182562351,0.05462607182562351,G1_02_383,9f9fce4d1875b57e7a55c3a9cbf5b5a0c3f8476d84b3deb53c920d9b6322bb1d,5400776477021252225,CERTIFIED_ENDPOINT_LIPSCHITZ_LOWER_BOUND,0,54c035f7834b564019656c3e3fcc3646292f727d,QP_INFEASIBLE,PrimalInfeasible,0,0,1.2190044149756432
2000,2000.0,2000.0,0.0,a3166060848f911fbbca79622a8a1c2b45c8acb14596f1f6c6fd13720878d374,2000.0,06c1ff17d2ed5eb184b6a9699a3a32da431a1460840431a3effe76d5f03b9ee3,0,False,0.0,0.0,0.0,0.0,0,True,0,0,0,0,,0.0,0,G1_START_SAFE_BOUNDARY,1,0,0.0,0.0,0.0,0,927734a2339a3f2710640065b0893eaae162cc0144ac67e2f377bcff2e71ae34,M0_SAFER_BASELINE,-0.0007352238073433919,1.4524845451587234,1.4524845451587234,0.0,0,,0.0,1,0,0,0,0,False,0,0.0,0.0,0.0,G1_03_115,9f9fce4d1875b57e7a55c3a9cbf5b5a0c3f8476d84b3deb53c920d9b6322bb1d,6807808891779970824,CERTIFIED_ENDPOINT_LIPSCHITZ_LOWER_BOUND,0,54c035f7834b564019656c3e3fcc3646292f727d,QP_INFEASIBLE,PrimalInfeasible,0,0,1.1688119010068476
2000,2000.0,2000.0,0.0,a3166060848f911fbbca79622a8a1c2b45c8acb14596f1f6c6fd13720878d374,2000.0,06c1ff17d2ed5eb184b6a9699a3a32da431a1460840431a3effe76d5f03b9ee3,0,False,0.0,0.0,0.0,0.0,0,True,0,0,0,0,,0.0,0,G1_START_SAFE_BOUNDARY,1,0,0.0,0.0,0.0,0,927734a2339a3f2710640065b0893eaae162cc0144ac67e2f377bcff2e71ae34,M1_FAS_START_SAFE_ONLY,0.0005309918547253614,1.4547621264719235,1.4547621264719235,0.0,0,,-0.005642237039876652,1,0,0,0,0,False,0,0.05642977892421186,0.05642977892421186,0.05642977892421186,G1_03_115,9f9fce4d1875b57e7a55c3a9cbf5b5a0c3f8476d84b3deb53c920d9b6322bb1d,6807808891779970824,CERTIFIED_ENDPOINT_LIPSCHITZ_LOWER_BOUND,0,54c035f7834b564019656c3e3fcc3646292f727d,QP_INFEASIBLE,PrimalInfeasible,0,0,1.2201505990233272
1252,1252.0,1252.0,0.0,a3166060848f911fbbca79622a8a1c2b45c8acb14596f1f6c6fd13720878d374,2000.0,06c1ff17d2ed5eb184b6a9699a3a32da431a1460840431a3effe76d5f03b9ee3,0,False,0.0,0.0,0.0,0.0,0,True,0,0,0,0,,6.0,1,G1_START_SAFE_BOUNDARY,1,0,0.0,0.0,0.0,0,927734a2339a3f2710640065b0893eaae162cc0144ac67e2f377bcff2e71ae34,M2_FAS_START_SAFE_PLUS_FEASIBILITY_AWARE,0.0005309918547253614,1.4547621264719235,1.4547621264719235,0.0,0,,-0.005642237039876652,1,0,0,0,0,False,0,0.057653660885989666,0.057653660885989666,0.057653660885989666,G1_03_115,9f9fce4d1875b57e7a55c3a9cbf5b5a0c3f8476d84b3deb53c920d9b6322bb1d,6807808891779970824,CERTIFIED_ENDPOINT_LIPSCHITZ_LOWER_BOUND,0,54c035f7834b564019656c3e3fcc3646292f727d,QP_INFEASIBLE,PrimalInfeasible,0,0,1.2038713900838047
1252,1252.0,1252.0,0.0,a3166060848f911fbbca79622a8a1c2b45c8acb14596f1f6c6fd13720878d374,2000.0,06c1ff17d2ed5eb184b6a9699a3a32da431a1460840431a3effe76d5f03b9ee3,0,False,0.0,0.0,0.0,0.0,0,True,0,0,0,0,,6.0,1,G1_START_SAFE_BOUNDARY,1,0,0.0,0.0,0.0,0,927734a2339a3f2710640065b0893eaae162cc0144ac67e2f377bcff2e71ae34,M3_FAS_PLUS_DISCRETE_TIME_VERIFICATION,0.0005309918547253614,1.4547621264719235,1.4547621264719235,0.0,0,,-0.005642237039876652,1,0,0,0,0,False,0,0.05443501495756209,0.05443501495756209,0.05443501495756209,G1_03_115,9f9fce4d1875b57e7a55c3a9cbf5b5a0c3f8476d84b3deb53c920d9b6322bb1d,6807808891779970824,CERTIFIED_ENDPOINT_LIPSCHITZ_LOWER_BOUND,0,54c035f7834b564019656c3e3fcc3646292f727d,QP_INFEASIBLE,PrimalInfeasible,0,0,1.197219470050186
1252,1252.0,1252.0,0.0,a3166060848f911fbbca79622a8a1c2b45c8acb14596f1f6c6fd13720878d374,2000.0,06c1ff17d2ed5eb184b6a9699a3a32da431a1460840431a3effe76d5f03b9ee3,0,False,0.0,0.0,0.0,0.0,0,True,0,0,0,0,,6.0,1,G1_START_SAFE_BOUNDARY,1,0,0.0,0.0,0.0,0,927734a2339a3f2710640065b0893eaae162cc0144ac67e2f377bcff2e71ae34,M4_FULL_FAS_CBF,0.0005309918547253614,1.4547621264719235,1.4547621264719235,0.0,0,,-0.005642237039876652,1,0,0,0,0,False,0,0.05771930399350822,0.05771930399350822,0.05771930399350822,G1_03_115,9f9fce4d1875b57e7a55c3a9cbf5b5a0c3f8476d84b3deb53c920d9b6322bb1d,6807808891779970824,CERTIFIED_ENDPOINT_LIPSCHITZ_LOWER_BOUND,0,54c035f7834b564019656c3e3fcc3646292f727d,QP_INFEASIBLE,PrimalInfeasible,0,0,1.2290686569176614
2000,2000.0,2000.0,0.0,a3166060848f911fbbca79622a8a1c2b45c8acb14596f1f6c6fd13720878d374,2000.0,06c1ff17d2ed5eb184b6a9699a3a32da431a1460840431a3effe76d5f03b9ee3,0,False,0.0,0.0,0.0,0.0,0,True,0,0,0,0,,0.0,0,G1_START_SAFE_BOUNDARY,1,0,0.0,0.0,0.0,0,927734a2339a3f2710640065b0893eaae162cc0144ac67e2f377bcff2e71ae34,M0_SAFER_BASELINE,-0.0010214535663065523,1.461402576664894,1.461402576664894,0.0,0,,0.0,1,0,0,0,0,False,0,0.0,0.0,0.0,G1_04_389,9f9fce4d1875b57e7a55c3a9cbf5b5a0c3f8476d84b3deb53c920d9b6322bb1d,7973389439869023157,CERTIFIED_ENDPOINT_LIPSCHITZ_LOWER_BOUND,0,54c035f7834b564019656c3e3fcc3646292f727d,QP_INFEASIBLE,PrimalInfeasible,0,0,1.1669785887934268
2000,2000.0,2000.0,0.0,a3166060848f911fbbca79622a8a1c2b45c8acb14596f1f6c6fd13720878d374,2000.0,06c1ff17d2ed5eb184b6a9699a3a32da431a1460840431a3effe76d5f03b9ee3,0,False,0.0,0.0,0.0,0.0,0,True,0,0,0,0,,0.0,0,G1_START_SAFE_BOUNDARY,1,0,0.0,0.0,0.0,0,927734a2339a3f2710640065b0893eaae162cc0144ac67e2f377bcff2e71ae34,M1_FAS_START_SAFE_ONLY,0.0005522347745815521,1.4625312423770327,1.4625312423770327,0.0,0,,-0.004285920987972411,1,0,0,0,0,False,0,0.05471591395325959,0.05471591395325959,0.05471591395325959,G1_04_389,9f9fce4d1875b57e7a55c3a9cbf5b5a0c3f8476d84b3deb53c920d9b6322bb1d,7973389439869023157,CERTIFIED_ENDPOINT_LIPSCHITZ_LOWER_BOUND,0,54c035f7834b564019656c3e3fcc3646292f727d,QP_INFEASIBLE,PrimalInfeasible,0,0,1.209403076209128
45,45.0,45.0,0.0,a3166060848f911fbbca79622a8a1c2b45c8acb14596f1f6c6fd13720878d374,2000.0,06c1ff17d2ed5eb184b6a9699a3a32da431a1460840431a3effe76d5f03b9ee3,0,False,0.0,0.0,0.0,0.0,0,True,0,0,0,0,,2.0,1,G1_START_SAFE_BOUNDARY,1,0,0.0,0.0,0.0,0,927734a2339a3f2710640065b0893eaae162cc0144ac67e2f377bcff2e71ae34,M2_FAS_START_SAFE_PLUS_FEASIBILITY_AWARE,0.0005522347745815521,1.4625312423770327,1.4625312423770327,0.0,0,,-0.004285920987972411,1,0,0,0,0,False,0,0.052637910936027765,0.052637910936027765,0.052637910936027765,G1_04_389,9f9fce4d1875b57e7a55c3a9cbf5b5a0c3f8476d84b3deb53c920d9b6322bb1d,7973389439869023157,CERTIFIED_ENDPOINT_LIPSCHITZ_LOWER_BOUND,0,54c035f7834b564019656c3e3fcc3646292f727d,QP_INFEASIBLE,PrimalInfeasible,0,0,1.2021670769900084
45,45.0,45.0,0.0,a3166060848f911fbbca79622a8a1c2b45c8acb14596f1f6c6fd13720878d374,2000.0,06c1ff17d2ed5eb184b6a9699a3a32da431a1460840431a3effe76d5f03b9ee3,0,False,0.0,0.0,0.0,0.0,0,True,0,0,0,0,,2.0,1,G1_START_SAFE_BOUNDARY,1,0,0.0,0.0,0.0,0,927734a2339a3f2710640065b0893eaae162cc0144ac67e2f377bcff2e71ae34,M3_FAS_PLUS_DISCRETE_TIME_VERIFICATION,0.0005522347745815521,1.4625312423770327,1.4625312423770327,0.0,0,,-0.004285920987972411,1,0,0,0,0,False,0,0.054247964173555374,0.054247964173555374,0.054247964173555374,G1_04_389,9f9fce4d1875b57e7a55c3a9cbf5b5a0c3f8476d84b3deb53c920d9b6322bb1d,7973389439869023157,CERTIFIED_ENDPOINT_LIPSCHITZ_LOWER_BOUND,0,54c035f7834b564019656c3e3fcc3646292f727d,QP_INFEASIBLE,PrimalInfeasible,0,0,1.2033389369025826
45,45.0,45.0,0.0,a3166060848f911fbbca79622a8a1c2b45c8acb14596f1f6c6fd13720878d374,2000.0,06c1ff17d2ed5eb184b6a9699a3a32da431a1460840431a3effe76d5f03b9ee3,0,False,0.0,0.0,0.0,0.0,0,True,0,0,0,0,,2.0,1,G1_START_SAFE_BOUNDARY,1,0,0.0,0.0,0.0,0,927734a2339a3f2710640065b0893eaae162cc0144ac67e2f377bcff2e71ae34,M4_FULL_FAS_CBF,0.0005522347745815521,1.4625312423770327,1.4625312423770327,0.0,0,,-0.004285920987972411,1,0,0,0,0,False,0,0.05414916598238051,0.05414916598238051,0.05414916598238051,G1_04_389,9f9fce4d1875b57e7a55c3a9cbf5b5a0c3f8476d84b3deb53c920d9b6322bb1d,7973389439869023157,CERTIFIED_ENDPOINT_LIPSCHITZ_LOWER_BOUND,0,54c035f7834b564019656c3e3fcc3646292f727d,QP_INFEASIBLE,PrimalInfeasible,0,0,1.197285875910893
2000,2000.0,2000.0,0.0,a3166060848f911fbbca79622a8a1c2b45c8acb14596f1f6c6fd13720878d374,2000.0,06c1ff17d2ed5eb184b6a9699a3a32da431a1460840431a3effe76d5f03b9ee3,0,False,0.0,0.0,0.0,0.0,0,True,0,0,0,0,,0.0,0,G1_START_SAFE_BOUNDARY,1,0,0.0,0.0,0.0,0,927734a2339a3f2710640065b0893eaae162cc0144ac67e2f377bcff2e71ae34,M0_SAFER_BASELINE,-0.0010800998429758187,1.511549225602347,1.511549225602347,0.0,0,,0.0,1,0,0,0,0,False,0,0.0,0.0,0.0,G1_05_195,9f9fce4d1875b57e7a55c3a9cbf5b5a0c3f8476d84b3deb53c920d9b6322bb1d,7347788414499878109,CERTIFIED_ENDPOINT_LIPSCHITZ_LOWER_BOUND,0,54c035f7834b564019656c3e3fcc3646292f727d,QP_INFEASIBLE,PrimalInfeasible,0,0,1.1588813071139157
2000,2000.0,2000.0,0.0,a3166060848f911fbbca79622a8a1c2b45c8acb14596f1f6c6fd13720878d374,2000.0,06c1ff17d2ed5eb184b6a9699a3a32da431a1460840431a3effe76d5f03b9ee3,0,False,0.0,0.0,0.0,0.0,0,True,0,0,0,0,,0.0,0,G1_START_SAFE_BOUNDARY,1,0,0.0,0.0,0.0,0,927734a2339a3f2710640065b0893eaae162cc0144ac67e2f377bcff2e71ae34,M1_FAS_START_SAFE_ONLY,0.000556640317003889,1.5154613176377587,1.5154613176377587,0.0,0,,-0.004908168119687077,1,0,0,0,0,False,0,0.05458210199140012,0.05458210199140012,0.05458210199140012,G1_05_195,9f9fce4d1875b57e7a55c3a9cbf5b5a0c3f8476d84b3deb53c920d9b6322bb1d,7347788414499878109,CERTIFIED_ENDPOINT_LIPSCHITZ_LOWER_BOUND,0,54c035f7834b564019656c3e3fcc3646292f727d,QP_INFEASIBLE,PrimalInfeasible,0,0,1.2105575010646135
45,45.0,45.0,0.0,a3166060848f911fbbca79622a8a1c2b45c8acb14596f1f6c6fd13720878d374,2000.0,06c1ff17d2ed5eb184b6a9699a3a32da431a1460840431a3effe76d5f03b9ee3,0,False,0.0,0.0,0.0,0.0,0,True,0,0,0,0,,4.0,1,G1_START_SAFE_BOUNDARY,1,0,0.0,0.0,0.0,0,927734a2339a3f2710640065b0893eaae162cc0144ac67e2f377bcff2e71ae34,M2_FAS_START_SAFE_PLUS_FEASIBILITY_AWARE,0.000556640317003889,1.5154613176377587,1.5154613176377587,0.0,0,,-0.004908168119687077,1,0,0,0,0,False,0,0.05894076102413237,0.05894076102413237,0.05894076102413237,G1_05_195,9f9fce4d1875b57e7a55c3a9cbf5b5a0c3f8476d84b3deb53c920d9b6322bb1d,7347788414499878109,CERTIFIED_ENDPOINT_LIPSCHITZ_LOWER_BOUND,0,54c035f7834b564019656c3e3fcc3646292f727d,QP_INFEASIBLE,PrimalInfeasible,0,0,1.2026413360144943
45,45.0,45.0,0.0,a3166060848f911fbbca79622a8a1c2b45c8acb14596f1f6c6fd13720878d374,2000.0,06c1ff17d2ed5eb184b6a9699a3a32da431a1460840431a3effe76d5f03b9ee3,0,False,0.0,0.0,0.0,0.0,0,True,0,0,0,0,,4.0,1,G1_START_SAFE_BOUNDARY,1,0,0.0,0.0,0.0,0,927734a2339a3f2710640065b0893eaae162cc0144ac67e2f377bcff2e71ae34,M3_FAS_PLUS_DISCRETE_TIME_VERIFICATION,0.000556640317003889,1.5154613176377587,1.5154613176377587,0.0,0,,-0.004908168119687077,1,0,0,0,0,False,0,0.05511918803676963,0.05511918803676963,0.05511918803676963,G1_05_195,9f9fce4d1875b57e7a55c3a9cbf5b5a0c3f8476d84b3deb53c920d9b6322bb1d,7347788414499878109,CERTIFIED_ENDPOINT_LIPSCHITZ_LOWER_BOUND,0,54c035f7834b564019656c3e3fcc3646292f727d,QP_INFEASIBLE,PrimalInfeasible,0,0,1.2006308450363576
45,45.0,45.0,0.0,a3166060848f911fbbca79622a8a1c2b45c8acb14596f1f6c6fd13720878d374,2000.0,06c1ff17d2ed5eb184b6a9699a3a32da431a1460840431a3effe76d5f03b9ee3,0,False,0.0,0.0,0.0,0.0,0,True,0,0,0,0,,4.0,1,G1_START_SAFE_BOUNDARY,1,0,0.0,0.0,0.0,0,927734a2339a3f2710640065b0893eaae162cc0144ac67e2f377bcff2e71ae34,M4_FULL_FAS_CBF,0.000556640317003889,1.5154613176377587,1.5154613176377587,0.0,0,,-0.004908168119687077,1,0,0,0,0,False,0,0.05254837800748646,0.05254837800748646,0.05254837800748646,G1_05_195,9f9fce4d1875b57e7a55c3a9cbf5b5a0c3f8476d84b3deb53c920d9b6322bb1d,7347788414499878109,CERTIFIED_ENDPOINT_LIPSCHITZ_LOWER_BOUND,0,54c035f7834b564019656c3e3fcc3646292f727d,QP_INFEASIBLE,PrimalInfeasible,0,0,1.208875599084422
2000,2000.0,2000.0,0.0,a3166060848f911fbbca79622a8a1c2b45c8acb14596f1f6c6fd13720878d374,2000.0,06c1ff17d2ed5eb184b6a9699a3a32da431a1460840431a3effe76d5f03b9ee3,0,False,0.0,0.0,0.0,0.0,0,True,0,0,0,0,,0.0,0,G1_START_SAFE_BOUNDARY,1,0,0.0,0.0,0.0,0,927734a2339a3f2710640065b0893eaae162cc0144ac67e2f377bcff2e71ae34,M0_SAFER_BASELINE,-0.0012511590161803088,1.5034103612203873,1.5034103612203873,0.0,0,,0.0,1,0,0,0,0,False,0,0.0,0.0,0.0,G1_06_500,9f9fce4d1875b57e7a55c3a9cbf5b5a0c3f8476d84b3deb53c920d9b6322bb1d,10593205191451338633,CERTIFIED_ENDPOINT_LIPSCHITZ_LOWER_BOUND,0,54c035f7834b564019656c3e3fcc3646292f727d,QP_INFEASIBLE,PrimalInfeasible,0,0,1.1517452851403505
2000,2000.0,2000.0,0.0,a3166060848f911fbbca79622a8a1c2b45c8acb14596f1f6c6fd13720878d374,2000.0,06c1ff17d2ed5eb184b6a9699a3a32da431a1460840431a3effe76d5f03b9ee3,0,False,0.0,0.0,0.0,0.0,0,True,0,0,0,0,,0.0,0,G1_START_SAFE_BOUNDARY,1,0,0.0,0.0,0.0,0,927734a2339a3f2710640065b0893eaae162cc0144ac67e2f377bcff2e71ae34,M1_FAS_START_SAFE_ONLY,0.0005876365171697453,1.5060913944684597,1.5060913944684597,0.0,0,,-0.00982455956338988,1,0,0,0,0,False,0,0.05697288899682462,0.05697288899682462,0.05697288899682462,G1_06_500,9f9fce4d1875b57e7a55c3a9cbf5b5a0c3f8476d84b3deb53c920d9b6322bb1d,10593205191451338633,CERTIFIED_ENDPOINT_LIPSCHITZ_LOWER_BOUND,0,54c035f7834b564019656c3e3fcc3646292f727d,QP_INFEASIBLE,PrimalInfeasible,0,0,1.204453949816525
1728,1728.0,1728.0,0.0,a3166060848f911fbbca79622a8a1c2b45c8acb14596f1f6c6fd13720878d374,2000.0,06c1ff17d2ed5eb184b6a9699a3a32da431a1460840431a3effe76d5f03b9ee3,0,False,0.0,0.0,0.0,0.0,0,True,0,0,0,0,,10.0,1,G1_START_SAFE_BOUNDARY,1,0,0.0,0.0,0.0,0,927734a2339a3f2710640065b0893eaae162cc0144ac67e2f377bcff2e71ae34,M2_FAS_START_SAFE_PLUS_FEASIBILITY_AWARE,0.0005876365171697453,1.5060913944684597,1.5060913944684597,0.0,0,,-0.00982455956338988,1,0,0,0,0,False,0,0.055509519996121526,0.055509519996121526,0.055509519996121526,G1_06_500,9f9fce4d1875b57e7a55c3a9cbf5b5a0c3f8476d84b3deb53c920d9b6322bb1d,10593205191451338633,CERTIFIED_ENDPOINT_LIPSCHITZ_LOWER_BOUND,0,54c035f7834b564019656c3e3fcc3646292f727d,QP_INFEASIBLE,PrimalInfeasible,0,0,1.1911444519646466
1728,1728.0,1728.0,0.0,a3166060848f911fbbca79622a8a1c2b45c8acb14596f1f6c6fd13720878d374,2000.0,06c1ff17d2ed5eb184b6a9699a3a32da431a1460840431a3effe76d5f03b9ee3,0,False,0.0,0.0,0.0,0.0,0,True,0,0,0,0,,10.0,1,G1_START_SAFE_BOUNDARY,1,0,0.0,0.0,0.0,0,927734a2339a3f2710640065b0893eaae162cc0144ac67e2f377bcff2e71ae34,M3_FAS_PLUS_DISCRETE_TIME_VERIFICATION,0.0005876365171697453,1.5060913944684597,1.5060913944684597,0.0,0,,-0.00982455956338988,1,0,0,0,0,False,0,0.05771647091023624,0.05771647091023624,0.05771647091023624,G1_06_500,9f9fce4d1875b57e7a55c3a9cbf5b5a0c3f8476d84b3deb53c920d9b6322bb1d,10593205191451338633,CERTIFIED_ENDPOINT_LIPSCHITZ_LOWER_BOUND,0,54c035f7834b564019656c3e3fcc3646292f727d,QP_INFEASIBLE,PrimalInfeasible,0,0,1.1918244948610663
1728,1728.0,1728.0,0.0,a3166060848f911fbbca79622a8a1c2b45c8acb14596f1f6c6fd13720878d374,2000.0,06c1ff17d2ed5eb184b6a9699a3a32da431a1460840431a3effe76d5f03b9ee3,0,False,0.0,0.0,0.0,0.0,0,True,0,0,0,0,,10.0,1,G1_START_SAFE_BOUNDARY,1,0,0.0,0.0,0.0,0,927734a2339a3f2710640065b0893eaae162cc0144ac67e2f377bcff2e71ae34,M4_FULL_FAS_CBF,0.0005876365171697453,1.5060913944684597,1.5060913944684597,0.0,0,,-0.00982455956338988,1,0,0,0,0,False,0,0.06828307406976819,0.06828307406976819,0.06828307406976819,G1_06_500,9f9fce4d1875b57e7a55c3a9cbf5b5a0c3f8476d84b3deb53c920d9b6322bb1d,10593205191451338633,CERTIFIED_ENDPOINT_LIPSCHITZ_LOWER_BOUND,0,54c035f7834b564019656c3e3fcc3646292f727d,QP_INFEASIBLE,PrimalInfeasible,0,0,1.2184191378764808
2000,2000.0,2000.0,0.0,a3166060848f911fbbca79622a8a1c2b45c8acb14596f1f6c6fd13720878d374,2000.0,06c1ff17d2ed5eb184b6a9699a3a32da431a1460840431a3effe76d5f03b9ee3,0,False,0.0,0.0,0.0,0.0,0,True,0,0,0,0,,0.0,0,G1_START_SAFE_BOUNDARY,1,0,0.0,0.0,0.0,0,927734a2339a3f2710640065b0893eaae162cc0144ac67e2f377bcff2e71ae34,M0_SAFER_BASELINE,-0.0016868414942264893,1.6059584975103827,1.6059584975103827,0.0,0,,0.0,1,0,0,0,0,False,0,0.0,0.0,0.0,G1_07_264,9f9fce4d1875b57e7a55c3a9cbf5b5a0c3f8476d84b3deb53c920d9b6322bb1d,13917393531465758172,CERTIFIED_ENDPOINT_LIPSCHITZ_LOWER_BOUND,0,54c035f7834b564019656c3e3fcc3646292f727d,QP_INFEASIBLE,PrimalInfeasible,0,0,1.1778754889965057
2000,2000.0,2000.0,0.0,a3166060848f911fbbca79622a8a1c2b45c8acb14596f1f6c6fd13720878d374,2000.0,06c1ff17d2ed5eb184b6a9699a3a32da431a1460840431a3effe76d5f03b9ee3,0,False,0.0,0.0,0.0,0.0,0,True,0,0,0,0,,0.0,0,G1_START_SAFE_BOUNDARY,1,0,0.0,0.0,0.0,0,927734a2339a3f2710640065b0893eaae162cc0144ac67e2f377bcff2e71ae34,M1_FAS_START_SAFE_ONLY,0.0006364034601910179,1.5979127244075482,1.5979127244075482,0.0,0,,-0.008586778524033348,1,0,0,0,0,False,0,0.05030090408399701,0.05030090408399701,0.05030090408399701,G1_07_264,9f9fce4d1875b57e7a55c3a9cbf5b5a0c3f8476d84b3deb53c920d9b6322bb1d,13917393531465758172,CERTIFIED_ENDPOINT_LIPSCHITZ_LOWER_BOUND,0,54c035f7834b564019656c3e3fcc3646292f727d,QP_INFEASIBLE,PrimalInfeasible,0,0,1.2110066839959472
104,104.0,104.0,0.0,a3166060848f911fbbca79622a8a1c2b45c8acb14596f1f6c6fd13720878d374,2000.0,06c1ff17d2ed5eb184b6a9699a3a32da431a1460840431a3effe76d5f03b9ee3,0,False,0.0,0.0,0.0,0.0,0,True,0,0,0,0,,11.0,1,G1_START_SAFE_BOUNDARY,1,0,0.0,0.0,0.0,0,927734a2339a3f2710640065b0893eaae162cc0144ac67e2f377bcff2e71ae34,M2_FAS_START_SAFE_PLUS_FEASIBILITY_AWARE,0.0006364034601910179,1.5979127244075482,1.5979127244075482,0.0,0,,-0.008586778524033348,1,0,0,0,0,False,0,0.053002709057182074,0.053002709057182074,0.053002709057182074,G1_07_264,9f9fce4d1875b57e7a55c3a9cbf5b5a0c3f8476d84b3deb53c920d9b6322bb1d,13917393531465758172,CERTIFIED_ENDPOINT_LIPSCHITZ_LOWER_BOUND,0,54c035f7834b564019656c3e3fcc3646292f727d,QP_INFEASIBLE,PrimalInfeasible,0,0,1.186968273948878
104,104.0,104.0,0.0,a3166060848f911fbbca79622a8a1c2b45c8acb14596f1f6c6fd13720878d374,2000.0,06c1ff17d2ed5eb184b6a9699a3a32da431a1460840431a3effe76d5f03b9ee3,0,False,0.0,0.0,0.0,0.0,0,True,0,0,0,0,,11.0,1,G1_START_SAFE_BOUNDARY,1,0,0.0,0.0,0.0,0,927734a2339a3f2710640065b0893eaae162cc0144ac67e2f377bcff2e71ae34,M3_FAS_PLUS_DISCRETE_TIME_VERIFICATION,0.0006364034601910179,1.5979127244075482,1.5979127244075482,0.0,0,,-0.008586778524033348,1,0,0,0,0,False,0,0.05777970398776233,0.05777970398776233,0.05777970398776233,G1_07_264,9f9fce4d1875b57e7a55c3a9cbf5b5a0c3f8476d84b3deb53c920d9b6322bb1d,13917393531465758172,CERTIFIED_ENDPOINT_LIPSCHITZ_LOWER_BOUND,0,54c035f7834b564019656c3e3fcc3646292f727d,QP_INFEASIBLE,PrimalInfeasible,0,0,1.1877789441496134
104,104.0,104.0,0.0,a3166060848f911fbbca79622a8a1c2b45c8acb14596f1f6c6fd13720878d374,2000.0,06c1ff17d2ed5eb184b6a9699a3a32da431a1460840431a3effe76d5f03b9ee3,0,False,0.0,0.0,0.0,0.0,0,True,0,0,0,0,,11.0,1,G1_START_SAFE_BOUNDARY,1,0,0.0,0.0,0.0,0,927734a2339a3f2710640065b0893eaae162cc0144ac67e2f377bcff2e71ae34,M4_FULL_FAS_CBF,0.0006364034601910179,1.5979127244075482,1.5979127244075482,0.0,0,,-0.008586778524033348,1,0,0,0,0,False,0,0.056450858945026994,0.056450858945026994,0.056450858945026994,G1_07_264,9f9fce4d1875b57e7a55c3a9cbf5b5a0c3f8476d84b3deb53c920d9b6322bb1d,13917393531465758172,CERTIFIED_ENDPOINT_LIPSCHITZ_LOWER_BOUND,0,54c035f7834b564019656c3e3fcc3646292f727d,QP_INFEASIBLE,PrimalInfeasible,0,0,1.1863499381579459
2000,2000.0,2000.0,0.0,a3166060848f911fbbca79622a8a1c2b45c8acb14596f1f6c6fd13720878d374,2000.0,06c1ff17d2ed5eb184b6a9699a3a32da431a1460840431a3effe76d5f03b9ee3,0,False,0.0,0.0,0.0,0.0,0,True,0,0,0,0,,0.0,0,G1_START_SAFE_BOUNDARY,1,0,0.0,0.0,0.0,0,927734a2339a3f2710640065b0893eaae162cc0144ac67e2f377bcff2e71ae34,M0_SAFER_BASELINE,-0.002005212796333861,1.6072705991217728,1.6072705991217728,0.0,0,,0.0,1,0,0,0,0,False,0,0.0,0.0,0.0,G1_08_385,9f9fce4d1875b57e7a55c3a9cbf5b5a0c3f8476d84b3deb53c920d9b6322bb1d,11920223253912130405,CERTIFIED_ENDPOINT_LIPSCHITZ_LOWER_BOUND,0,54c035f7834b564019656c3e3fcc3646292f727d,QP_INFEASIBLE,PrimalInfeasible,0,0,1.1464198289904743
2000,2000.0,2000.0,0.0,a3166060848f911fbbca79622a8a1c2b45c8acb14596f1f6c6fd13720878d374,2000.0,06c1ff17d2ed5eb184b6a9699a3a32da431a1460840431a3effe76d5f03b9ee3,0,False,0.0,0.0,0.0,0.0,0,True,0,0,0,0,,0.0,0,G1_START_SAFE_BOUNDARY,1,0,0.0,0.0,0.0,0,927734a2339a3f2710640065b0893eaae162cc0144ac67e2f377bcff2e71ae34,M1_FAS_START_SAFE_ONLY,0.0006554351788161574,1.6125870300742036,1.6125870300742036,0.0,0,,-0.01215215041471962,1,0,0,0,0,False,0,0.05673786113038659,0.05673786113038659,0.05673786113038659,G1_08_385,9f9fce4d1875b57e7a55c3a9cbf5b5a0c3f8476d84b3deb53c920d9b6322bb1d,11920223253912130405,CERTIFIED_ENDPOINT_LIPSCHITZ_LOWER_BOUND,0,54c035f7834b564019656c3e3fcc3646292f727d,QP_INFEASIBLE,PrimalInfeasible,0,0,1.2280204030685127
24,24.0,24.0,0.0,a3166060848f911fbbca79622a8a1c2b45c8acb14596f1f6c6fd13720878d374,2000.0,06c1ff17d2ed5eb184b6a9699a3a32da431a1460840431a3effe76d5f03b9ee3,0,False,0.0,0.0,0.0,0.0,0,True,0,0,0,0,,1.0,1,G1_START_SAFE_BOUNDARY,1,0,0.0,0.0,0.0,0,927734a2339a3f2710640065b0893eaae162cc0144ac67e2f377bcff2e71ae34,M2_FAS_START_SAFE_PLUS_FEASIBILITY_AWARE,0.0006554351788161574,1.6125870300742036,1.6125870300742036,0.0,0,,-0.01215215041471962,1,0,0,0,0,False,0,0.05665800301358104,0.05665800301358104,0.05665800301358104,G1_08_385,9f9fce4d1875b57e7a55c3a9cbf5b5a0c3f8476d84b3deb53c920d9b6322bb1d,11920223253912130405,CERTIFIED_ENDPOINT_LIPSCHITZ_LOWER_BOUND,0,54c035f7834b564019656c3e3fcc3646292f727d,QP_INFEASIBLE,PrimalInfeasible,0,0,1.1957169820088893
24,24.0,24.0,0.0,a3166060848f911fbbca79622a8a1c2b45c8acb14596f1f6c6fd13720878d374,2000.0,06c1ff17d2ed5eb184b6a9699a3a32da431a1460840431a3effe76d5f03b9ee3,0,False,0.0,0.0,0.0,0.0,0,True,0,0,0,0,,1.0,1,G1_START_SAFE_BOUNDARY,1,0,0.0,0.0,0.0,0,927734a2339a3f2710640065b0893eaae162cc0144ac67e2f377bcff2e71ae34,M3_FAS_PLUS_DISCRETE_TIME_VERIFICATION,0.0006554351788161574,1.6125870300742036,1.6125870300742036,0.0,0,,-0.01215215041471962,1,0,0,0,0,False,0,0.058087063021957874,0.058087063021957874,0.058087063021957874,G1_08_385,9f9fce4d1875b57e7a55c3a9cbf5b5a0c3f8476d84b3deb53c920d9b6322bb1d,11920223253912130405,CERTIFIED_ENDPOINT_LIPSCHITZ_LOWER_BOUND,0,54c035f7834b564019656c3e3fcc3646292f727d,QP_INFEASIBLE,PrimalInfeasible,0,0,1.2069886908866465
24,24.0,24.0,0.0,a3166060848f911fbbca79622a8a1c2b45c8acb14596f1f6c6fd13720878d374,2000.0,06c1ff17d2ed5eb184b6a9699a3a32da431a1460840431a3effe76d5f03b9ee3,0,False,0.0,0.0,0.0,0.0,0,True,0,0,0,0,,1.0,1,G1_START_SAFE_BOUNDARY,1,0,0.0,0.0,0.0,0,927734a2339a3f2710640065b0893eaae162cc0144ac67e2f377bcff2e71ae34,M4_FULL_FAS_CBF,0.0006554351788161574,1.6125870300742036,1.6125870300742036,0.0,0,,-0.01215215041471962,1,0,0,0,0,False,0,0.058254175120964646,0.058254175120964646,0.058254175120964646,G1_08_385,9f9fce4d1875b57e7a55c3a9cbf5b5a0c3f8476d84b3deb53c920d9b6322bb1d,11920223253912130405,CERTIFIED_ENDPOINT_LIPSCHITZ_LOWER_BOUND,0,54c035f7834b564019656c3e3fcc3646292f727d,QP_INFEASIBLE,PrimalInfeasible,0,0,1.2007359089329839
2000,2000.0,2000.0,0.0,a3166060848f911fbbca79622a8a1c2b45c8acb14596f1f6c6fd13720878d374,2000.0,06c1ff17d2ed5eb184b6a9699a3a32da431a1460840431a3effe76d5f03b9ee3,0,False,0.0,0.0,0.0,0.0,0,True,0,0,0,0,,0.0,0,G1_START_SAFE_BOUNDARY,1,0,0.0,0.0,0.0,0,927734a2339a3f2710640065b0893eaae162cc0144ac67e2f377bcff2e71ae34,M0_SAFER_BASELINE,-0.0020526214479508163,1.5544135413284161,1.5544135413284161,0.0,0,,0.0,1,0,0,0,0,False,0,0.0,0.0,0.0,G1_09_209,9f9fce4d1875b57e7a55c3a9cbf5b5a0c3f8476d84b3deb53c920d9b6322bb1d,6572678004562783434,CERTIFIED_ENDPOINT_LIPSCHITZ_LOWER_BOUND,0,54c035f7834b564019656c3e3fcc3646292f727d,QP_INFEASIBLE,PrimalInfeasible,0,0,1.1727046000305563
2000,2000.0,2000.0,0.0,a3166060848f911fbbca79622a8a1c2b45c8acb14596f1f6c6fd13720878d374,2000.0,06c1ff17d2ed5eb184b6a9699a3a32da431a1460840431a3effe76d5f03b9ee3,0,False,0.0,0.0,0.0,0.0,0,True,0,0,0,0,,0.0,0,G1_START_SAFE_BOUNDARY,1,0,0.0,0.0,0.0,0,927734a2339a3f2710640065b0893eaae162cc0144ac67e2f377bcff2e71ae34,M1_FAS_START_SAFE_ONLY,0.0006621261716072552,1.5664610543626285,1.5664610543626285,0.0,0,,-0.009896484612897744,1,0,0,0,0,False,0,0.058779922081157565,0.058779922081157565,0.058779922081157565,G1_09_209,9f9fce4d1875b57e7a55c3a9cbf5b5a0c3f8476d84b3deb53c920d9b6322bb1d,6572678004562783434,CERTIFIED_ENDPOINT_LIPSCHITZ_LOWER_BOUND,0,54c035f7834b564019656c3e3fcc3646292f727d,QP_INFEASIBLE,PrimalInfeasible,0,0,1.2185038160532713
23,23.0,23.0,0.0,a3166060848f911fbbca79622a8a1c2b45c8acb14596f1f6c6fd13720878d374,2000.0,06c1ff17d2ed5eb184b6a9699a3a32da431a1460840431a3effe76d5f03b9ee3,0,False,0.0,0.0,0.0,0.0,0,True,0,0,0,0,,2.0,1,G1_START_SAFE_BOUNDARY,1,0,0.0,0.0,0.0,0,927734a2339a3f2710640065b0893eaae162cc0144ac67e2f377bcff2e71ae34,M2_FAS_START_SAFE_PLUS_FEASIBILITY_AWARE,0.0006621261716072552,1.5664610543626285,1.5664610543626285,0.0,0,,-0.009896484612897744,1,0,0,0,0,False,0,0.05618528206832707,0.05618528206832707,0.05618528206832707,G1_09_209,9f9fce4d1875b57e7a55c3a9cbf5b5a0c3f8476d84b3deb53c920d9b6322bb1d,6572678004562783434,CERTIFIED_ENDPOINT_LIPSCHITZ_LOWER_BOUND,0,54c035f7834b564019656c3e3fcc3646292f727d,QP_INFEASIBLE,PrimalInfeasible,0,0,1.2159215020947158
23,23.0,23.0,0.0,a3166060848f911fbbca79622a8a1c2b45c8acb14596f1f6c6fd13720878d374,2000.0,06c1ff17d2ed5eb184b6a9699a3a32da431a1460840431a3effe76d5f03b9ee3,0,False,0.0,0.0,0.0,0.0,0,True,0,0,0,0,,2.0,1,G1_START_SAFE_BOUNDARY,1,0,0.0,0.0,0.0,0,927734a2339a3f2710640065b0893eaae162cc0144ac67e2f377bcff2e71ae34,M3_FAS_PLUS_DISCRETE_TIME_VERIFICATION,0.0006621261716072552,1.5664610543626285,1.5664610543626285,0.0,0,,-0.009896484612897744,1,0,0,0,0,False,0,0.0584996419493109,0.0584996419493109,0.0584996419493109,G1_09_209,9f9fce4d1875b57e7a55c3a9cbf5b5a0c3f8476d84b3deb53c920d9b6322bb1d,6572678004562783434,CERTIFIED_ENDPOINT_LIPSCHITZ_LOWER_BOUND,0,54c035f7834b564019656c3e3fcc3646292f727d,QP_INFEASIBLE,PrimalInfeasible,0,0,1.2204504569526762
23,23.0,23.0,0.0,a3166060848f911fbbca79622a8a1c2b45c8acb14596f1f6c6fd13720878d374,2000.0,06c1ff17d2ed5eb184b6a9699a3a32da431a1460840431a3effe76d5f03b9ee3,0,False,0.0,0.0,0.0,0.0,0,True,0,0,0,0,,2.0,1,G1_START_SAFE_BOUNDARY,1,0,0.0,0.0,0.0,0,927734a2339a3f2710640065b0893eaae162cc0144ac67e2f377bcff2e71ae34,M4_FULL_FAS_CBF,0.0006621261716072552,1.5664610543626285,1.5664610543626285,0.0,0,,-0.009896484612897744,1,0,0,0,0,False,0,0.054300227900967,0.054300227900967,0.054300227900967,G1_09_209,9f9fce4d1875b57e7a55c3a9cbf5b5a0c3f8476d84b3deb53c920d9b6322bb1d,6572678004562783434,CERTIFIED_ENDPOINT_LIPSCHITZ_LOWER_BOUND,0,54c035f7834b564019656c3e3fcc3646292f727d,QP_INFEASIBLE,PrimalInfeasible,0,0,1.236109171062708
2000,2000.0,2000.0,0.0,a3166060848f911fbbca79622a8a1c2b45c8acb14596f1f6c6fd13720878d374,2000.0,06c1ff17d2ed5eb184b6a9699a3a32da431a1460840431a3effe76d5f03b9ee3,0,False,0.0,0.0,0.0,0.0,0,True,0,0,0,0,,0.0,0,G1_START_SAFE_BOUNDARY,1,0,0.0,0.0,0.0,0,927734a2339a3f2710640065b0893eaae162cc0144ac67e2f377bcff2e71ae34,M0_SAFER_BASELINE,7.700820379759159e-05,1.5530191217090596,1.5530191217090596,0.0,0,,0.0,1,0,0,0,0,False,0,0.0,0.0,0.0,G1_10_318,9f9fce4d1875b57e7a55c3a9cbf5b5a0c3f8476d84b3deb53c920d9b6322bb1d,13008911973394562702,CERTIFIED_ENDPOINT_LIPSCHITZ_LOWER_BOUND,0,54c035f7834b564019656c3e3fcc3646292f727d,QP_INFEASIBLE,PrimalInfeasible,0,0,1.1679318898823112
2000,2000.0,2000.0,0.0,a3166060848f911fbbca79622a8a1c2b45c8acb14596f1f6c6fd13720878d374,2000.0,06c1ff17d2ed5eb184b6a9699a3a32da431a1460840431a3effe76d5f03b9ee3,0,False,0.0,0.0,0.0,0.0,0,True,0,0,0,0,,0.0,0,G1_START_SAFE_BOUNDARY,1,0,0.0,0.0,0.0,0,927734a2339a3f2710640065b0893eaae162cc0144ac67e2f377bcff2e71ae34,M1_FAS_START_SAFE_ONLY,0.0005036891000374261,1.5542866091232406,1.5542866091232406,0.0,0,,-0.00186788040146868,1,0,0,0,0,False,0,0.05581576400436461,0.05581576400436461,0.05581576400436461,G1_10_318,9f9fce4d1875b57e7a55c3a9cbf5b5a0c3f8476d84b3deb53c920d9b6322bb1d,13008911973394562702,CERTIFIED_ENDPOINT_LIPSCHITZ_LOWER_BOUND,0,54c035f7834b564019656c3e3fcc3646292f727d,QP_INFEASIBLE,PrimalInfeasible,0,0,1.2133863519411534
238,238.0,238.0,0.0,a3166060848f911fbbca79622a8a1c2b45c8acb14596f1f6c6fd13720878d374,2000.0,06c1ff17d2ed5eb184b6a9699a3a32da431a1460840431a3effe76d5f03b9ee3,0,False,0.0,0.0,0.0,0.0,0,True,0,0,0,0,,3.0,1,G1_START_SAFE_BOUNDARY,1,0,0.0,0.0,0.0,0,927734a2339a3f2710640065b0893eaae162cc0144ac67e2f377bcff2e71ae34,M2_FAS_START_SAFE_PLUS_FEASIBILITY_AWARE,0.0005036891000374261,1.5542866091232406,1.5542866091232406,0.0,0,,-0.00186788040146868,1,0,0,0,0,False,0,0.056580713018774986,0.056580713018774986,0.056580713018774986,G1_10_318,9f9fce4d1875b57e7a55c3a9cbf5b5a0c3f8476d84b3deb53c920d9b6322bb1d,13008911973394562702,CERTIFIED_ENDPOINT_LIPSCHITZ_LOWER_BOUND,0,54c035f7834b564019656c3e3fcc3646292f727d,QP_INFEASIBLE,PrimalInfeasible,0,0,1.2310997620224953
238,238.0,238.0,0.0,a3166060848f911fbbca79622a8a1c2b45c8acb14596f1f6c6fd13720878d374,2000.0,06c1ff17d2ed5eb184b6a9699a3a32da431a1460840431a3effe76d5f03b9ee3,0,False,0.0,0.0,0.0,0.0,0,True,0,0,0,0,,3.0,1,G1_START_SAFE_BOUNDARY,1,0,0.0,0.0,0.0,0,927734a2339a3f2710640065b0893eaae162cc0144ac67e2f377bcff2e71ae34,M3_FAS_PLUS_DISCRETE_TIME_VERIFICATION,0.0005036891000374261,1.5542866091232406,1.5542866091232406,0.0,0,,-0.00186788040146868,1,0,0,0,0,False,0,0.05269415793009102,0.05269415793009102,0.05269415793009102,G1_10_318,9f9fce4d1875b57e7a55c3a9cbf5b5a0c3f8476d84b3deb53c920d9b6322bb1d,13008911973394562702,CERTIFIED_ENDPOINT_LIPSCHITZ_LOWER_BOUND,0,54c035f7834b564019656c3e3fcc3646292f727d,QP_INFEASIBLE,PrimalInfeasible,0,0,1.190934371901676
238,238.0,238.0,0.0,a3166060848f911fbbca79622a8a1c2b45c8acb14596f1f6c6fd13720878d374,2000.0,06c1ff17d2ed5eb184b6a9699a3a32da431a1460840431a3effe76d5f03b9ee3,0,False,0.0,0.0,0.0,0.0,0,True,0,0,0,0,,3.0,1,G1_START_SAFE_BOUNDARY,1,0,0.0,0.0,0.0,0,927734a2339a3f2710640065b0893eaae162cc0144ac67e2f377bcff2e71ae34,M4_FULL_FAS_CBF,0.0005036891000374261,1.5542866091232406,1.5542866091232406,0.0,0,,-0.00186788040146868,1,0,0,0,0,False,0,0.05368259293027222,0.05368259293027222,0.05368259293027222,G1_10_318,9f9fce4d1875b57e7a55c3a9cbf5b5a0c3f8476d84b3deb53c920d9b6322bb1d,13008911973394562702,CERTIFIED_ENDPOINT_LIPSCHITZ_LOWER_BOUND,0,54c035f7834b564019656c3e3fcc3646292f727d,QP_INFEASIBLE,PrimalInfeasible,0,0,1.1892525099683553
2000,2000.0,2000.0,0.0,a3166060848f911fbbca79622a8a1c2b45c8acb14596f1f6c6fd13720878d374,2000.0,06c1ff17d2ed5eb184b6a9699a3a32da431a1460840431a3effe76d5f03b9ee3,0,False,0.0,0.0,0.0,0.0,0,True,0,0,0,0,,0.0,0,G1_START_SAFE_BOUNDARY,1,0,0.0,0.0,0.0,0,927734a2339a3f2710640065b0893eaae162cc0144ac67e2f377bcff2e71ae34,M0_SAFER_BASELINE,0.00011551125327036345,1.454252187626447,1.454252187626447,0.0,0,,0.0,1,0,0,0,0,False,0,0.0,0.0,0.0,G1_11_012,9f9fce4d1875b57e7a55c3a9cbf5b5a0c3f8476d84b3deb53c920d9b6322bb1d,7336122007631983630,CERTIFIED_ENDPOINT_LIPSCHITZ_LOWER_BOUND,0,54c035f7834b564019656c3e3fcc3646292f727d,QP_INFEASIBLE,PrimalInfeasible,0,0,1.170390937011689
2000,2000.0,2000.0,0.0,a3166060848f911fbbca79622a8a1c2b45c8acb14596f1f6c6fd13720878d374,2000.0,06c1ff17d2ed5eb184b6a9699a3a32da431a1460840431a3effe76d5f03b9ee3,0,False,0.0,0.0,0.0,0.0,0,True,0,0,0,0,,0.0,0,G1_START_SAFE_BOUNDARY,1,0,0.0,0.0,0.0,0,927734a2339a3f2710640065b0893eaae162cc0144ac67e2f377bcff2e71ae34,M1_FAS_START_SAFE_ONLY,0.0005030270105748705,1.452757134119243,1.452757134119243,0.0,0,,-0.0017307034659510001,1,0,0,0,0,False,0,0.05370600800961256,0.05370600800961256,0.05370600800961256,G1_11_012,9f9fce4d1875b57e7a55c3a9cbf5b5a0c3f8476d84b3deb53c920d9b6322bb1d,7336122007631983630,CERTIFIED_ENDPOINT_LIPSCHITZ_LOWER_BOUND,0,54c035f7834b564019656c3e3fcc3646292f727d,QP_INFEASIBLE,PrimalInfeasible,0,0,1.2037388049066067
67,67.0,67.0,0.0,a3166060848f911fbbca79622a8a1c2b45c8acb14596f1f6c6fd13720878d374,2000.0,06c1ff17d2ed5eb184b6a9699a3a32da431a1460840431a3effe76d5f03b9ee3,0,False,0.0,0.0,0.0,0.0,0,True,0,0,0,0,,3.0,1,G1_START_SAFE_BOUNDARY,1,0,0.0,0.0,0.0,0,927734a2339a3f2710640065b0893eaae162cc0144ac67e2f377bcff2e71ae34,M2_FAS_START_SAFE_PLUS_FEASIBILITY_AWARE,0.0005030270105748705,1.452757134119243,1.452757134119243,0.0,0,,-0.0017307034659510001,1,0,0,0,0,False,0,0.05716823204420507,0.05716823204420507,0.05716823204420507,G1_11_012,9f9fce4d1875b57e7a55c3a9cbf5b5a0c3f8476d84b3deb53c920d9b6322bb1d,7336122007631983630,CERTIFIED_ENDPOINT_LIPSCHITZ_LOWER_BOUND,0,54c035f7834b564019656c3e3fcc3646292f727d,QP_INFEASIBLE,PrimalInfeasible,0,0,1.208075757138431
67,67.0,67.0,0.0,a3166060848f911fbbca79622a8a1c2b45c8acb14596f1f6c6fd13720878d374,2000.0,06c1ff17d2ed5eb184b6a9699a3a32da431a1460840431a3effe76d5f03b9ee3,0,False,0.0,0.0,0.0,0.0,0,True,0,0,0,0,,3.0,1,G1_START_SAFE_BOUNDARY,1,0,0.0,0.0,0.0,0,927734a2339a3f2710640065b0893eaae162cc0144ac67e2f377bcff2e71ae34,M3_FAS_PLUS_DISCRETE_TIME_VERIFICATION,0.0005030270105748705,1.452757134119243,1.452757134119243,0.0,0,,-0.0017307034659510001,1,0,0,0,0,False,0,0.05613211286254227,0.05613211286254227,0.05613211286254227,G1_11_012,9f9fce4d1875b57e7a55c3a9cbf5b5a0c3f8476d84b3deb53c920d9b6322bb1d,7336122007631983630,CERTIFIED_ENDPOINT_LIPSCHITZ_LOWER_BOUND,0,54c035f7834b564019656c3e3fcc3646292f727d,QP_INFEASIBLE,PrimalInfeasible,0,0,1.2032704891171306
67,67.0,67.0,0.0,a3166060848f911fbbca79622a8a1c2b45c8acb14596f1f6c6fd13720878d374,2000.0,06c1ff17d2ed5eb184b6a9699a3a32da431a1460840431a3effe76d5f03b9ee3,0,False,0.0,0.0,0.0,0.0,0,True,0,0,0,0,,3.0,1,G1_START_SAFE_BOUNDARY,1,0,0.0,0.0,0.0,0,927734a2339a3f2710640065b0893eaae162cc0144ac67e2f377bcff2e71ae34,M4_FULL_FAS_CBF,0.0005030270105748705,1.452757134119243,1.452757134119243,0.0,0,,-0.0017307034659510001,1,0,0,0,0,False,0,0.05602164403535426,0.05602164403535426,0.05602164403535426,G1_11_012,9f9fce4d1875b57e7a55c3a9cbf5b5a0c3f8476d84b3deb53c920d9b6322bb1d,7336122007631983630,CERTIFIED_ENDPOINT_LIPSCHITZ_LOWER_BOUND,0,54c035f7834b564019656c3e3fcc3646292f727d,QP_INFEASIBLE,PrimalInfeasible,0,0,1.1994178369641304
2000,2000.0,2000.0,0.0,a3166060848f911fbbca79622a8a1c2b45c8acb14596f1f6c6fd13720878d374,2000.0,06c1ff17d2ed5eb184b6a9699a3a32da431a1460840431a3effe76d5f03b9ee3,0,False,0.0,0.0,0.0,0.0,0,True,0,0,0,0,,0.0,0,G1_START_SAFE_BOUNDARY,1,0,0.0,0.0,0.0,0,927734a2339a3f2710640065b0893eaae162cc0144ac67e2f377bcff2e71ae34,M0_SAFER_BASELINE,0.00016337200054856657,1.4528707689732425,1.4528707689732425,0.0,0,,0.0,1,0,0,0,0,False,0,0.0,0.0,0.0,G1_12_086,9f9fce4d1875b57e7a55c3a9cbf5b5a0c3f8476d84b3deb53c920d9b6322bb1d,9367358990595772454,CERTIFIED_ENDPOINT_LIPSCHITZ_LOWER_BOUND,0,54c035f7834b564019656c3e3fcc3646292f727d,QP_INFEASIBLE,PrimalInfeasible,0,0,1.1503131131175905
2000,2000.0,2000.0,0.0,a3166060848f911fbbca79622a8a1c2b45c8acb14596f1f6c6fd13720878d374,2000.0,06c1ff17d2ed5eb184b6a9699a3a32da431a1460840431a3effe76d5f03b9ee3,0,False,0.0,0.0,0.0,0.0,0,True,0,0,0,0,,0.0,0,G1_START_SAFE_BOUNDARY,1,0,0.0,0.0,0.0,0,927734a2339a3f2710640065b0893eaae162cc0144ac67e2f377bcff2e71ae34,M1_FAS_START_SAFE_ONLY,0.0005023124527869793,1.45374945591071,1.45374945591071,0.0,0,,-0.0008736548784105957,1,0,0,0,0,False,0,0.05663743196055293,0.05663743196055293,0.05663743196055293,G1_12_086,9f9fce4d1875b57e7a55c3a9cbf5b5a0c3f8476d84b3deb53c920d9b6322bb1d,9367358990595772454,CERTIFIED_ENDPOINT_LIPSCHITZ_LOWER_BOUND,0,54c035f7834b564019656c3e3fcc3646292f727d,QP_INFEASIBLE,PrimalInfeasible,0,0,1.1979836910031736
15,15.0,15.0,0.0,a3166060848f911fbbca79622a8a1c2b45c8acb14596f1f6c6fd13720878d374,2000.0,06c1ff17d2ed5eb184b6a9699a3a32da431a1460840431a3effe76d5f03b9ee3,0,False,0.0,0.0,0.0,0.0,0,True,0,0,0,0,,1.0,1,G1_START_SAFE_BOUNDARY,1,0,0.0,0.0,0.0,0,927734a2339a3f2710640065b0893eaae162cc0144ac67e2f377bcff2e71ae34,M2_FAS_START_SAFE_PLUS_FEASIBILITY_AWARE,0.0005023124527869793,1.45374945591071,1.45374945591071,0.0,0,,-0.0008736548784105957,1,0,0,0,0,False,0,0.05589878000319004,0.05589878000319004,0.05589878000319004,G1_12_086,9f9fce4d1875b57e7a55c3a9cbf5b5a0c3f8476d84b3deb53c920d9b6322bb1d,9367358990595772454,CERTIFIED_ENDPOINT_LIPSCHITZ_LOWER_BOUND,0,54c035f7834b564019656c3e3fcc3646292f727d,QP_INFEASIBLE,PrimalInfeasible,0,0,1.2224070189986378
15,15.0,15.0,0.0,a3166060848f911fbbca79622a8a1c2b45c8acb14596f1f6c6fd13720878d374,2000.0,06c1ff17d2ed5eb184b6a9699a3a32da431a1460840431a3effe76d5f03b9ee3,0,False,0.0,0.0,0.0,0.0,0,True,0,0,0,0,,1.0,1,G1_START_SAFE_BOUNDARY,1,0,0.0,0.0,0.0,0,927734a2339a3f2710640065b0893eaae162cc0144ac67e2f377bcff2e71ae34,M3_FAS_PLUS_DISCRETE_TIME_VERIFICATION,0.0005023124527869793,1.45374945591071,1.45374945591071,0.0,0,,-0.0008736548784105957,1,0,0,0,0,False,0,0.055461659794673324,0.055461659794673324,0.055461659794673324,G1_12_086,9f9fce4d1875b57e7a55c3a9cbf5b5a0c3f8476d84b3deb53c920d9b6322bb1d,9367358990595772454,CERTIFIED_ENDPOINT_LIPSCHITZ_LOWER_BOUND,0,54c035f7834b564019656c3e3fcc3646292f727d,QP_INFEASIBLE,PrimalInfeasible,0,0,1.1848734221421182
15,15.0,15.0,0.0,a3166060848f911fbbca79622a8a1c2b45c8acb14596f1f6c6fd13720878d374,2000.0,06c1ff17d2ed5eb184b6a9699a3a32da431a1460840431a3effe76d5f03b9ee3,0,False,0.0,0.0,0.0,0.0,0,True,0,0,0,0,,1.0,1,G1_START_SAFE_BOUNDARY,1,0,0.0,0.0,0.0,0,927734a2339a3f2710640065b0893eaae162cc0144ac67e2f377bcff2e71ae34,M4_FULL_FAS_CBF,0.0005023124527869793,1.45374945591071,1.45374945591071,0.0,0,,-0.0008736548784105957,1,0,0,0,0,False,0,0.056809532921761274,0.056809532921761274,0.056809532921761274,G1_12_086,9f9fce4d1875b57e7a55c3a9cbf5b5a0c3f8476d84b3deb53c920d9b6322bb1d,9367358990595772454,CERTIFIED_ENDPOINT_LIPSCHITZ_LOWER_BOUND,0,54c035f7834b564019656c3e3fcc3646292f727d,QP_INFEASIBLE,PrimalInfeasible,0,0,1.1750158970244229
2000,2000.0,2000.0,0.0,a3166060848f911fbbca79622a8a1c2b45c8acb14596f1f6c6fd13720878d374,2000.0,06c1ff17d2ed5eb184b6a9699a3a32da431a1460840431a3effe76d5f03b9ee3,0,False,0.0,0.0,0.0,0.0,0,True,0,0,0,0,,0.0,0,G1_START_SAFE_BOUNDARY,1,0,0.0,0.0,0.0,0,927734a2339a3f2710640065b0893eaae162cc0144ac67e2f377bcff2e71ae34,M0_SAFER_BASELINE,0.0002863571511630275,1.503210767763494,1.503210767763494,0.0,0,,0.0,1,0,0,0,0,False,0,0.0,0.0,0.0,G1_13_015,9f9fce4d1875b57e7a55c3a9cbf5b5a0c3f8476d84b3deb53c920d9b6322bb1d,936263958760282263,CERTIFIED_ENDPOINT_LIPSCHITZ_LOWER_BOUND,0,54c035f7834b564019656c3e3fcc3646292f727d,QP_INFEASIBLE,PrimalInfeasible,0,0,1.1363402609713376
2000,2000.0,2000.0,0.0,a3166060848f911fbbca79622a8a1c2b45c8acb14596f1f6c6fd13720878d374,2000.0,06c1ff17d2ed5eb184b6a9699a3a32da431a1460840431a3effe76d5f03b9ee3,0,False,0.0,0.0,0.0,0.0,0,True,0,0,0,0,,0.0,0,G1_START_SAFE_BOUNDARY,1,0,0.0,0.0,0.0,0,927734a2339a3f2710640065b0893eaae162cc0144ac67e2f377bcff2e71ae34,M1_FAS_START_SAFE_ONLY,0.0005010973295361213,1.5041337156647767,1.5041337156647767,0.0,0,,-0.00032496272096591006,1,0,0,0,0,False,0,0.05720420507714152,0.05720420507714152,0.05720420507714152,G1_13_015,9f9fce4d1875b57e7a55c3a9cbf5b5a0c3f8476d84b3deb53c920d9b6322bb1d,936263958760282263,CERTIFIED_ENDPOINT_LIPSCHITZ_LOWER_BOUND,0,54c035f7834b564019656c3e3fcc3646292f727d,QP_INFEASIBLE,PrimalInfeasible,0,0,1.2109808961395174
16,16.0,16.0,0.0,a3166060848f911fbbca79622a8a1c2b45c8acb14596f1f6c6fd13720878d374,2000.0,06c1ff17d2ed5eb184b6a9699a3a32da431a1460840431a3effe76d5f03b9ee3,0,False,0.0,0.0,0.0,0.0,0,True,0,0,0,0,,1.0,1,G1_START_SAFE_BOUNDARY,1,0,0.0,0.0,0.0,0,927734a2339a3f2710640065b0893eaae162cc0144ac67e2f377bcff2e71ae34,M2_FAS_START_SAFE_PLUS_FEASIBILITY_AWARE,0.0005010973295361213,1.5041337156647767,1.5041337156647767,0.0,0,,-0.00032496272096591006,1,0,0,0,0,False,0,0.056972234044224024,0.056972234044224024,0.056972234044224024,G1_13_015,9f9fce4d1875b57e7a55c3a9cbf5b5a0c3f8476d84b3deb53c920d9b6322bb1d,936263958760282263,CERTIFIED_ENDPOINT_LIPSCHITZ_LOWER_BOUND,0,54c035f7834b564019656c3e3fcc3646292f727d,QP_INFEASIBLE,PrimalInfeasible,0,0,1.1924659649375826
16,16.0,16.0,0.0,a3166060848f911fbbca79622a8a1c2b45c8acb14596f1f6c6fd13720878d374,2000.0,06c1ff17d2ed5eb184b6a9699a3a32da431a1460840431a3effe76d5f03b9ee3,0,False,0.0,0.0,0.0,0.0,0,True,0,0,0,0,,1.0,1,G1_START_SAFE_BOUNDARY,1,0,0.0,0.0,0.0,0,927734a2339a3f2710640065b0893eaae162cc0144ac67e2f377bcff2e71ae34,M3_FAS_PLUS_DISCRETE_TIME_VERIFICATION,0.0005010973295361213,1.5041337156647767,1.5041337156647767,0.0,0,,-0.00032496272096591006,1,0,0,0,0,False,0,0.05523164104670286,0.05523164104670286,0.05523164104670286,G1_13_015,9f9fce4d1875b57e7a55c3a9cbf5b5a0c3f8476d84b3deb53c920d9b6322bb1d,936263958760282263,CERTIFIED_ENDPOINT_LIPSCHITZ_LOWER_BOUND,0,54c035f7834b564019656c3e3fcc3646292f727d,QP_INFEASIBLE,PrimalInfeasible,0,0,1.1954175040591508
16,16.0,16.0,0.0,a3166060848f911fbbca79622a8a1c2b45c8acb14596f1f6c6fd13720878d374,2000.0,06c1ff17d2ed5eb184b6a9699a3a32da431a1460840431a3effe76d5f03b9ee3,0,False,0.0,0.0,0.0,0.0,0,True,0,0,0,0,,1.0,1,G1_START_SAFE_BOUNDARY,1,0,0.0,0.0,0.0,0,927734a2339a3f2710640065b0893eaae162cc0144ac67e2f377bcff2e71ae34,M4_FULL_FAS_CBF,0.0005010973295361213,1.5041337156647767,1.5041337156647767,0.0,0,,-0.00032496272096591006,1,0,0,0,0,False,0,0.06718618795275688,0.06718618795275688,0.06718618795275688,G1_13_015,9f9fce4d1875b57e7a55c3a9cbf5b5a0c3f8476d84b3deb53c920d9b6322bb1d,936263958760282263,CERTIFIED_ENDPOINT_LIPSCHITZ_LOWER_BOUND,0,54c035f7834b564019656c3e3fcc3646292f727d,QP_INFEASIBLE,PrimalInfeasible,0,0,1.282184928189963
2000,2000.0,2000.0,0.0,a3166060848f911fbbca79622a8a1c2b45c8acb14596f1f6c6fd13720878d374,2000.0,06c1ff17d2ed5eb184b6a9699a3a32da431a1460840431a3effe76d5f03b9ee3,0,False,0.0,0.0,0.0,0.0,0,True,0,0,0,0,,0.0,0,G1_START_SAFE_BOUNDARY,1,0,0.0,0.0,0.0,0,927734a2339a3f2710640065b0893eaae162cc0144ac67e2f377bcff2e71ae34,M0_SAFER_BASELINE,0.00069158221543935,1.652941960112398,1.652941960112398,0.0,0,,0.0,1,0,0,0,0,False,0,0.0,0.0,0.0,G1_14_258,9f9fce4d1875b57e7a55c3a9cbf5b5a0c3f8476d84b3deb53c920d9b6322bb1d,810164502745319584,CERTIFIED_ENDPOINT_LIPSCHITZ_LOWER_BOUND,0,54c035f7834b564019656c3e3fcc3646292f727d,QP_INFEASIBLE,PrimalInfeasible,0,0,1.220164196798578
2000,2000.0,2000.0,0.0,a3166060848f911fbbca79622a8a1c2b45c8acb14596f1f6c6fd13720878d374,2000.0,06c1ff17d2ed5eb184b6a9699a3a32da431a1460840431a3effe76d5f03b9ee3,0,False,0.0,0.0,0.0,0.0,0,True,0,0,0,0,,0.0,0,G1_START_SAFE_BOUNDARY,1,0,0.0,0.0,0.0,0,927734a2339a3f2710640065b0893eaae162cc0144ac67e2f377bcff2e71ae34,M1_FAS_START_SAFE_ONLY,0.00069158221543935,1.652941960112398,1.652941960112398,0.0,0,,0.0,1,0,0,0,0,False,0,0.024389203172177076,0.024389203172177076,0.024389203172177076,G1_14_258,9f9fce4d1875b57e7a55c3a9cbf5b5a0c3f8476d84b3deb53c920d9b6322bb1d,810164502745319584,CERTIFIED_ENDPOINT_LIPSCHITZ_LOWER_BOUND,0,54c035f7834b564019656c3e3fcc3646292f727d,QP_INFEASIBLE,PrimalInfeasible,0,0,1.2931871700566262
75,75.0,75.0,0.0,a3166060848f911fbbca79622a8a1c2b45c8acb14596f1f6c6fd13720878d374,2000.0,06c1ff17d2ed5eb184b6a9699a3a32da431a1460840431a3effe76d5f03b9ee3,0,False,0.0,0.0,0.0,0.0,0,True,0,0,0,0,,5.0,1,G1_START_SAFE_BOUNDARY,1,0,0.0,0.0,0.0,0,927734a2339a3f2710640065b0893eaae162cc0144ac67e2f377bcff2e71ae34,M2_FAS_START_SAFE_PLUS_FEASIBILITY_AWARE,0.00069158221543935,1.652941960112398,1.652941960112398,0.0,0,,0.0,1,0,0,0,0,False,0,0.024007854983210564,0.024007854983210564,0.024007854983210564,G1_14_258,9f9fce4d1875b57e7a55c3a9cbf5b5a0c3f8476d84b3deb53c920d9b6322bb1d,810164502745319584,CERTIFIED_ENDPOINT_LIPSCHITZ_LOWER_BOUND,0,54c035f7834b564019656c3e3fcc3646292f727d,QP_INFEASIBLE,PrimalInfeasible,0,0,1.2267879429273307
75,75.0,75.0,0.0,a3166060848f911fbbca79622a8a1c2b45c8acb14596f1f6c6fd13720878d374,2000.0,06c1ff17d2ed5eb184b6a9699a3a32da431a1460840431a3effe76d5f03b9ee3,0,False,0.0,0.0,0.0,0.0,0,True,0,0,0,0,,5.0,1,G1_START_SAFE_BOUNDARY,1,0,0.0,0.0,0.0,0,927734a2339a3f2710640065b0893eaae162cc0144ac67e2f377bcff2e71ae34,M3_FAS_PLUS_DISCRETE_TIME_VERIFICATION,0.00069158221543935,1.652941960112398,1.652941960112398,0.0,0,,0.0,1,0,0,0,0,False,0,0.031602583127096295,0.031602583127096295,0.031602583127096295,G1_14_258,9f9fce4d1875b57e7a55c3a9cbf5b5a0c3f8476d84b3deb53c920d9b6322bb1d,810164502745319584,CERTIFIED_ENDPOINT_LIPSCHITZ_LOWER_BOUND,0,54c035f7834b564019656c3e3fcc3646292f727d,QP_INFEASIBLE,PrimalInfeasible,0,0,1.2988019450567663
75,75.0,75.0,0.0,a3166060848f911fbbca79622a8a1c2b45c8acb14596f1f6c6fd13720878d374,2000.0,06c1ff17d2ed5eb184b6a9699a3a32da431a1460840431a3effe76d5f03b9ee3,0,False,0.0,0.0,0.0,0.0,0,True,0,0,0,0,,5.0,1,G1_START_SAFE_BOUNDARY,1,0,0.0,0.0,0.0,0,927734a2339a3f2710640065b0893eaae162cc0144ac67e2f377bcff2e71ae34,M4_FULL_FAS_CBF,0.00069158221543935,1.652941960112398,1.652941960112398,0.0,0,,0.0,1,0,0,0,0,False,0,0.026901740115135908,0.026901740115135908,0.026901740115135908,G1_14_258,9f9fce4d1875b57e7a55c3a9cbf5b5a0c3f8476d84b3deb53c920d9b6322bb1d,810164502745319584,CERTIFIED_ENDPOINT_LIPSCHITZ_LOWER_BOUND,0,54c035f7834b564019656c3e3fcc3646292f727d,QP_INFEASIBLE,PrimalInfeasible,0,0,1.2297333560418338
2000,2000.0,2000.0,0.0,a3166060848f911fbbca79622a8a1c2b45c8acb14596f1f6c6fd13720878d374,2000.0,06c1ff17d2ed5eb184b6a9699a3a32da431a1460840431a3effe76d5f03b9ee3,0,False,0.0,0.0,0.0,0.0,0,True,0,0,0,0,,0.0,0,G1_START_SAFE_BOUNDARY,1,0,0.0,0.0,0.0,0,927734a2339a3f2710640065b0893eaae162cc0144ac67e2f377bcff2e71ae34,M0_SAFER_BASELINE,0.0012785413190750192,1.452443970619131,1.452443970619131,0.0,0,,0.0,1,0,0,0,0,False,0,0.0,0.0,0.0,G1_15_501,9f9fce4d1875b57e7a55c3a9cbf5b5a0c3f8476d84b3deb53c920d9b6322bb1d,319243663270455766,CERTIFIED_ENDPOINT_LIPSCHITZ_LOWER_BOUND,0,54c035f7834b564019656c3e3fcc3646292f727d,QP_INFEASIBLE,PrimalInfeasible,0,0,1.2278265880886465
2000,2000.0,2000.0,0.0,a3166060848f911fbbca79622a8a1c2b45c8acb14596f1f6c6fd13720878d374,2000.0,06c1ff17d2ed5eb184b6a9699a3a32da431a1460840431a3effe76d5f03b9ee3,0,False,0.0,0.0,0.0,0.0,0,True,0,0,0,0,,0.0,0,G1_START_SAFE_BOUNDARY,1,0,0.0,0.0,0.0,0,927734a2339a3f2710640065b0893eaae162cc0144ac67e2f377bcff2e71ae34,M1_FAS_START_SAFE_ONLY,0.0012785413190750192,1.452443970619131,1.452443970619131,0.0,0,,0.0,1,0,0,0,0,False,0,0.028518575010821223,0.028518575010821223,0.028518575010821223,G1_15_501,9f9fce4d1875b57e7a55c3a9cbf5b5a0c3f8476d84b3deb53c920d9b6322bb1d,319243663270455766,CERTIFIED_ENDPOINT_LIPSCHITZ_LOWER_BOUND,0,54c035f7834b564019656c3e3fcc3646292f727d,QP_INFEASIBLE,PrimalInfeasible,0,0,1.2429059999994934
149,149.0,149.0,0.0,a3166060848f911fbbca79622a8a1c2b45c8acb14596f1f6c6fd13720878d374,2000.0,06c1ff17d2ed5eb184b6a9699a3a32da431a1460840431a3effe76d5f03b9ee3,0,False,0.0,0.0,0.0,0.0,0,True,0,0,0,0,,6.0,1,G1_START_SAFE_BOUNDARY,1,0,0.0,0.0,0.0,0,927734a2339a3f2710640065b0893eaae162cc0144ac67e2f377bcff2e71ae34,M2_FAS_START_SAFE_PLUS_FEASIBILITY_AWARE,0.0012785413190750192,1.452443970619131,1.452443970619131,0.0,0,,0.0,1,0,0,0,0,False,0,0.024347658967599273,0.024347658967599273,0.024347658967599273,G1_15_501,9f9fce4d1875b57e7a55c3a9cbf5b5a0c3f8476d84b3deb53c920d9b6322bb1d,319243663270455766,CERTIFIED_ENDPOINT_LIPSCHITZ_LOWER_BOUND,0,54c035f7834b564019656c3e3fcc3646292f727d,QP_INFEASIBLE,PrimalInfeasible,0,0,1.2332566669210792
149,149.0,149.0,0.0,a3166060848f911fbbca79622a8a1c2b45c8acb14596f1f6c6fd13720878d374,2000.0,06c1ff17d2ed5eb184b6a9699a3a32da431a1460840431a3effe76d5f03b9ee3,0,False,0.0,0.0,0.0,0.0,0,True,0,0,0,0,,6.0,1,G1_START_SAFE_BOUNDARY,1,0,0.0,0.0,0.0,0,927734a2339a3f2710640065b0893eaae162cc0144ac67e2f377bcff2e71ae34,M3_FAS_PLUS_DISCRETE_TIME_VERIFICATION,0.0012785413190750192,1.452443970619131,1.452443970619131,0.0,0,,0.0,1,0,0,0,0,False,0,0.025351341115310788,0.025351341115310788,0.025351341115310788,G1_15_501,9f9fce4d1875b57e7a55c3a9cbf5b5a0c3f8476d84b3deb53c920d9b6322bb1d,319243663270455766,CERTIFIED_ENDPOINT_LIPSCHITZ_LOWER_BOUND,0,54c035f7834b564019656c3e3fcc3646292f727d,QP_INFEASIBLE,PrimalInfeasible,0,0,1.2372152430471033
149,149.0,149.0,0.0,a3166060848f911fbbca79622a8a1c2b45c8acb14596f1f6c6fd13720878d374,2000.0,06c1ff17d2ed5eb184b6a9699a3a32da431a1460840431a3effe76d5f03b9ee3,0,False,0.0,0.0,0.0,0.0,0,True,0,0,0,0,,6.0,1,G1_START_SAFE_BOUNDARY,1,0,0.0,0.0,0.0,0,927734a2339a3f2710640065b0893eaae162cc0144ac67e2f377bcff2e71ae34,M4_FULL_FAS_CBF,0.0012785413190750192,1.452443970619131,1.452443970619131,0.0,0,,0.0,1,0,0,0,0,False,0,0.029423830099403858,0.029423830099403858,0.029423830099403858,G1_15_501,9f9fce4d1875b57e7a55c3a9cbf5b5a0c3f8476d84b3deb53c920d9b6322bb1d,319243663270455766,CERTIFIED_ENDPOINT_LIPSCHITZ_LOWER_BOUND,0,54c035f7834b564019656c3e3fcc3646292f727d,QP_INFEASIBLE,PrimalInfeasible,0,0,1.2568071600981057
2000,2000.0,2000.0,0.0,a3166060848f911fbbca79622a8a1c2b45c8acb14596f1f6c6fd13720878d374,2000.0,06c1ff17d2ed5eb184b6a9699a3a32da431a1460840431a3effe76d5f03b9ee3,0,False,0.0,0.0,0.0,0.0,0,True,0,0,0,0,,0.0,0,G1_START_SAFE_BOUNDARY,1,0,0.0,0.0,0.0,0,927734a2339a3f2710640065b0893eaae162cc0144ac67e2f377bcff2e71ae34,M0_SAFER_BASELINE,0.001346708057587069,1.5107092359417813,1.5107092359417813,0.0,0,,0.0,1,0,0,0,0,False,0,0.0,0.0,0.0,G1_16_031,9f9fce4d1875b57e7a55c3a9cbf5b5a0c3f8476d84b3deb53c920d9b6322bb1d,3911973694635590904,CERTIFIED_ENDPOINT_LIPSCHITZ_LOWER_BOUND,0,54c035f7834b564019656c3e3fcc3646292f727d,QP_INFEASIBLE,PrimalInfeasible,0,0,1.2290296230930835
2000,2000.0,2000.0,0.0,a3166060848f911fbbca79622a8a1c2b45c8acb14596f1f6c6fd13720878d374,2000.0,06c1ff17d2ed5eb184b6a9699a3a32da431a1460840431a3effe76d5f03b9ee3,0,False,0.0,0.0,0.0,0.0,0,True,0,0,0,0,,0.0,0,G1_START_SAFE_BOUNDARY,1,0,0.0,0.0,0.0,0,927734a2339a3f2710640065b0893eaae162cc0144ac67e2f377bcff2e71ae34,M1_FAS_START_SAFE_ONLY,0.001346708057587069,1.5107092359417813,1.5107092359417813,0.0,0,,0.0,1,0,0,0,0,False,0,0.025078041944652796,0.025078041944652796,0.025078041944652796,G1_16_031,9f9fce4d1875b57e7a55c3a9cbf5b5a0c3f8476d84b3deb53c920d9b6322bb1d,3911973694635590904,CERTIFIED_ENDPOINT_LIPSCHITZ_LOWER_BOUND,0,54c035f7834b564019656c3e3fcc3646292f727d,QP_INFEASIBLE,PrimalInfeasible,0,0,1.25992133282125
72,72.0,72.0,0.0,a3166060848f911fbbca79622a8a1c2b45c8acb14596f1f6c6fd13720878d374,2000.0,06c1ff17d2ed5eb184b6a9699a3a32da431a1460840431a3effe76d5f03b9ee3,0,False,0.0,0.0,0.0,0.0,0,True,0,0,0,0,,7.0,1,G1_START_SAFE_BOUNDARY,1,0,0.0,0.0,0.0,0,927734a2339a3f2710640065b0893eaae162cc0144ac67e2f377bcff2e71ae34,M2_FAS_START_SAFE_PLUS_FEASIBILITY_AWARE,0.001346708057587069,1.5107092359417813,1.5107092359417813,0.0,0,,0.0,1,0,0,0,0,False,0,0.02287349314428866,0.02287349314428866,0.02287349314428866,G1_16_031,9f9fce4d1875b57e7a55c3a9cbf5b5a0c3f8476d84b3deb53c920d9b6322bb1d,3911973694635590904,CERTIFIED_ENDPOINT_LIPSCHITZ_LOWER_BOUND,0,54c035f7834b564019656c3e3fcc3646292f727d,QP_INFEASIBLE,PrimalInfeasible,0,0,1.212059697136283
72,72.0,72.0,0.0,a3166060848f911fbbca79622a8a1c2b45c8acb14596f1f6c6fd13720878d374,2000.0,06c1ff17d2ed5eb184b6a9699a3a32da431a1460840431a3effe76d5f03b9ee3,0,False,0.0,0.0,0.0,0.0,0,True,0,0,0,0,,7.0,1,G1_START_SAFE_BOUNDARY,1,0,0.0,0.0,0.0,0,927734a2339a3f2710640065b0893eaae162cc0144ac67e2f377bcff2e71ae34,M3_FAS_PLUS_DISCRETE_TIME_VERIFICATION,0.001346708057587069,1.5107092359417813,1.5107092359417813,0.0,0,,0.0,1,0,0,0,0,False,0,0.02218506415374577,0.02218506415374577,0.02218506415374577,G1_16_031,9f9fce4d1875b57e7a55c3a9cbf5b5a0c3f8476d84b3deb53c920d9b6322bb1d,3911973694635590904,CERTIFIED_ENDPOINT_LIPSCHITZ_LOWER_BOUND,0,54c035f7834b564019656c3e3fcc3646292f727d,QP_INFEASIBLE,PrimalInfeasible,0,0,1.2269496549852192
72,72.0,72.0,0.0,a3166060848f911fbbca79622a8a1c2b45c8acb14596f1f6c6fd13720878d374,2000.0,06c1ff17d2ed5eb184b6a9699a3a32da431a1460840431a3effe76d5f03b9ee3,0,False,0.0,0.0,0.0,0.0,0,True,0,0,0,0,,7.0,1,G1_START_SAFE_BOUNDARY,1,0,0.0,0.0,0.0,0,927734a2339a3f2710640065b0893eaae162cc0144ac67e2f377bcff2e71ae34,M4_FULL_FAS_CBF,0.001346708057587069,1.5107092359417813,1.5107092359417813,0.0,0,,0.0,1,0,0,0,0,False,0,0.025622048880904913,0.025622048880904913,0.025622048880904913,G1_16_031,9f9fce4d1875b57e7a55c3a9cbf5b5a0c3f8476d84b3deb53c920d9b6322bb1d,3911973694635590904,CERTIFIED_ENDPOINT_LIPSCHITZ_LOWER_BOUND,0,54c035f7834b564019656c3e3fcc3646292f727d,QP_INFEASIBLE,PrimalInfeasible,0,0,1.2270792098715901
2000,2000.0,2000.0,0.0,a3166060848f911fbbca79622a8a1c2b45c8acb14596f1f6c6fd13720878d374,2000.0,06c1ff17d2ed5eb184b6a9699a3a32da431a1460840431a3effe76d5f03b9ee3,0,False,0.0,0.0,0.0,0.0,0,True,0,0,0,0,,0.0,0,G1_START_SAFE_BOUNDARY,1,0,0.0,0.0,0.0,0,927734a2339a3f2710640065b0893eaae162cc0144ac67e2f377bcff2e71ae34,M0_SAFER_BASELINE,0.0013908667467328415,1.453564428849091,1.453564428849091,0.0,0,,0.0,1,0,0,0,0,False,0,0.0,0.0,0.0,G1_17_447,9f9fce4d1875b57e7a55c3a9cbf5b5a0c3f8476d84b3deb53c920d9b6322bb1d,12179615257161411270,CERTIFIED_ENDPOINT_LIPSCHITZ_LOWER_BOUND,0,54c035f7834b564019656c3e3fcc3646292f727d,QP_INFEASIBLE,PrimalInfeasible,0,0,1.2746430279221386
2000,2000.0,2000.0,0.0,a3166060848f911fbbca79622a8a1c2b45c8acb14596f1f6c6fd13720878d374,2000.0,06c1ff17d2ed5eb184b6a9699a3a32da431a1460840431a3effe76d5f03b9ee3,0,False,0.0,0.0,0.0,0.0,0,True,0,0,0,0,,0.0,0,G1_START_SAFE_BOUNDARY,1,0,0.0,0.0,0.0,0,927734a2339a3f2710640065b0893eaae162cc0144ac67e2f377bcff2e71ae34,M1_FAS_START_SAFE_ONLY,0.0013908667467328415,1.453564428849091,1.453564428849091,0.0,0,,0.0,1,0,0,0,0,False,0,0.01953862700611353,0.01953862700611353,0.01953862700611353,G1_17_447,9f9fce4d1875b57e7a55c3a9cbf5b5a0c3f8476d84b3deb53c920d9b6322bb1d,12179615257161411270,CERTIFIED_ENDPOINT_LIPSCHITZ_LOWER_BOUND,0,54c035f7834b564019656c3e3fcc3646292f727d,QP_INFEASIBLE,PrimalInfeasible,0,0,1.2718699118122458
1015,1015.0,1015.0,0.0,a3166060848f911fbbca79622a8a1c2b45c8acb14596f1f6c6fd13720878d374,2000.0,06c1ff17d2ed5eb184b6a9699a3a32da431a1460840431a3effe76d5f03b9ee3,0,False,0.0,0.0,0.0,0.0,0,True,0,0,0,0,,2.0,1,G1_START_SAFE_BOUNDARY,1,0,0.0,0.0,0.0,0,927734a2339a3f2710640065b0893eaae162cc0144ac67e2f377bcff2e71ae34,M2_FAS_START_SAFE_PLUS_FEASIBILITY_AWARE,0.0013908667467328415,1.453564428849091,1.453564428849091,0.0,0,,0.0,1,0,0,0,0,False,0,0.024745809845626354,0.024745809845626354,0.024745809845626354,G1_17_447,9f9fce4d1875b57e7a55c3a9cbf5b5a0c3f8476d84b3deb53c920d9b6322bb1d,12179615257161411270,CERTIFIED_ENDPOINT_LIPSCHITZ_LOWER_BOUND,0,54c035f7834b564019656c3e3fcc3646292f727d,QP_INFEASIBLE,PrimalInfeasible,0,0,1.26078065414913
1015,1015.0,1015.0,0.0,a3166060848f911fbbca79622a8a1c2b45c8acb14596f1f6c6fd13720878d374,2000.0,06c1ff17d2ed5eb184b6a9699a3a32da431a1460840431a3effe76d5f03b9ee3,0,False,0.0,0.0,0.0,0.0,0,True,0,0,0,0,,2.0,1,G1_START_SAFE_BOUNDARY,1,0,0.0,0.0,0.0,0,927734a2339a3f2710640065b0893eaae162cc0144ac67e2f377bcff2e71ae34,M3_FAS_PLUS_DISCRETE_TIME_VERIFICATION,0.0013908667467328415,1.453564428849091,1.453564428849091,0.0,0,,0.0,1,0,0,0,0,False,0,0.025343612069264054,0.025343612069264054,0.025343612069264054,G1_17_447,9f9fce4d1875b57e7a55c3a9cbf5b5a0c3f8476d84b3deb53c920d9b6322bb1d,12179615257161411270,CERTIFIED_ENDPOINT_LIPSCHITZ_LOWER_BOUND,0,54c035f7834b564019656c3e3fcc3646292f727d,QP_INFEASIBLE,PrimalInfeasible,0,0,1.282332468079403
1015,1015.0,1015.0,0.0,a3166060848f911fbbca79622a8a1c2b45c8acb14596f1f6c6fd13720878d374,2000.0,06c1ff17d2ed5eb184b6a9699a3a32da431a1460840431a3effe76d5f03b9ee3,0,False,0.0,0.0,0.0,0.0,0,True,0,0,0,0,,2.0,1,G1_START_SAFE_BOUNDARY,1,0,0.0,0.0,0.0,0,927734a2339a3f2710640065b0893eaae162cc0144ac67e2f377bcff2e71ae34,M4_FULL_FAS_CBF,0.0013908667467328415,1.453564428849091,1.453564428849091,0.0,0,,0.0,1,0,0,0,0,False,0,0.02354134409688413,0.02354134409688413,0.02354134409688413,G1_17_447,9f9fce4d1875b57e7a55c3a9cbf5b5a0c3f8476d84b3deb53c920d9b6322bb1d,12179615257161411270,CERTIFIED_ENDPOINT_LIPSCHITZ_LOWER_BOUND,0,54c035f7834b564019656c3e3fcc3646292f727d,QP_INFEASIBLE,PrimalInfeasible,0,0,1.282872200012207
2000,2000.0,2000.0,0.0,a3166060848f911fbbca79622a8a1c2b45c8acb14596f1f6c6fd13720878d374,2000.0,06c1ff17d2ed5eb184b6a9699a3a32da431a1460840431a3effe76d5f03b9ee3,0,False,0.0,0.0,0.0,0.0,0,True,0,0,0,0,,0.0,0,G1_START_SAFE_BOUNDARY,1,0,0.0,0.0,0.0,0,927734a2339a3f2710640065b0893eaae162cc0144ac67e2f377bcff2e71ae34,M0_SAFER_BASELINE,0.0018425983429311774,1.5541380890631056,1.5541380890631056,0.0,0,,0.0,1,0,0,0,0,False,0,0.0,0.0,0.0,G1_18_213,9f9fce4d1875b57e7a55c3a9cbf5b5a0c3f8476d84b3deb53c920d9b6322bb1d,12156675305540272806,CERTIFIED_ENDPOINT_LIPSCHITZ_LOWER_BOUND,0,54c035f7834b564019656c3e3fcc3646292f727d,QP_INFEASIBLE,PrimalInfeasible,0,0,1.2355200292076916
2000,2000.0,2000.0,0.0,a3166060848f911fbbca79622a8a1c2b45c8acb14596f1f6c6fd13720878d374,2000.0,06c1ff17d2ed5eb184b6a9699a3a32da431a1460840431a3effe76d5f03b9ee3,0,False,0.0,0.0,0.0,0.0,0,True,0,0,0,0,,0.0,0,G1_START_SAFE_BOUNDARY,1,0,0.0,0.0,0.0,0,927734a2339a3f2710640065b0893eaae162cc0144ac67e2f377bcff2e71ae34,M1_FAS_START_SAFE_ONLY,0.0018425983429311774,1.5541380890631056,1.5541380890631056,0.0,0,,0.0,1,0,0,0,0,False,0,0.025930587900802493,0.025930587900802493,0.025930587900802493,G1_18_213,9f9fce4d1875b57e7a55c3a9cbf5b5a0c3f8476d84b3deb53c920d9b6322bb1d,12156675305540272806,CERTIFIED_ENDPOINT_LIPSCHITZ_LOWER_BOUND,0,54c035f7834b564019656c3e3fcc3646292f727d,QP_INFEASIBLE,PrimalInfeasible,0,0,1.269372577080503
26,26.0,26.0,0.0,a3166060848f911fbbca79622a8a1c2b45c8acb14596f1f6c6fd13720878d374,2000.0,06c1ff17d2ed5eb184b6a9699a3a32da431a1460840431a3effe76d5f03b9ee3,0,False,0.0,0.0,0.0,0.0,0,True,0,0,0,0,,1.0,1,G1_START_SAFE_BOUNDARY,1,0,0.0,0.0,0.0,0,927734a2339a3f2710640065b0893eaae162cc0144ac67e2f377bcff2e71ae34,M2_FAS_START_SAFE_PLUS_FEASIBILITY_AWARE,0.0018425983429311774,1.5541380890631056,1.5541380890631056,0.0,0,,0.0,1,0,0,0,0,False,0,0.02424963191151619,0.02424963191151619,0.02424963191151619,G1_18_213,9f9fce4d1875b57e7a55c3a9cbf5b5a0c3f8476d84b3deb53c920d9b6322bb1d,12156675305540272806,CERTIFIED_ENDPOINT_LIPSCHITZ_LOWER_BOUND,0,54c035f7834b564019656c3e3fcc3646292f727d,QP_INFEASIBLE,PrimalInfeasible,0,0,1.3002569500822574
26,26.0,26.0,0.0,a3166060848f911fbbca79622a8a1c2b45c8acb14596f1f6c6fd13720878d374,2000.0,06c1ff17d2ed5eb184b6a9699a3a32da431a1460840431a3effe76d5f03b9ee3,0,False,0.0,0.0,0.0,0.0,0,True,0,0,0,0,,1.0,1,G1_START_SAFE_BOUNDARY,1,0,0.0,0.0,0.0,0,927734a2339a3f2710640065b0893eaae162cc0144ac67e2f377bcff2e71ae34,M3_FAS_PLUS_DISCRETE_TIME_VERIFICATION,0.0018425983429311774,1.5541380890631056,1.5541380890631056,0.0,0,,0.0,1,0,0,0,0,False,0,0.024047248996794224,0.024047248996794224,0.024047248996794224,G1_18_213,9f9fce4d1875b57e7a55c3a9cbf5b5a0c3f8476d84b3deb53c920d9b6322bb1d,12156675305540272806,CERTIFIED_ENDPOINT_LIPSCHITZ_LOWER_BOUND,0,54c035f7834b564019656c3e3fcc3646292f727d,QP_INFEASIBLE,PrimalInfeasible,0,0,1.2836502739228308
26,26.0,26.0,0.0,a3166060848f911fbbca79622a8a1c2b45c8acb14596f1f6c6fd13720878d374,2000.0,06c1ff17d2ed5eb184b6a9699a3a32da431a1460840431a3effe76d5f03b9ee3,0,False,0.0,0.0,0.0,0.0,0,True,0,0,0,0,,1.0,1,G1_START_SAFE_BOUNDARY,1,0,0.0,0.0,0.0,0,927734a2339a3f2710640065b0893eaae162cc0144ac67e2f377bcff2e71ae34,M4_FULL_FAS_CBF,0.0018425983429311774,1.5541380890631056,1.5541380890631056,0.0,0,,0.0,1,0,0,0,0,False,0,0.02321919985115528,0.02321919985115528,0.02321919985115528,G1_18_213,9f9fce4d1875b57e7a55c3a9cbf5b5a0c3f8476d84b3deb53c920d9b6322bb1d,12156675305540272806,CERTIFIED_ENDPOINT_LIPSCHITZ_LOWER_BOUND,0,54c035f7834b564019656c3e3fcc3646292f727d,QP_INFEASIBLE,PrimalInfeasible,0,0,1.2410009349696338
2000,2000.0,2000.0,0.0,a3166060848f911fbbca79622a8a1c2b45c8acb14596f1f6c6fd13720878d374,2000.0,06c1ff17d2ed5eb184b6a9699a3a32da431a1460840431a3effe76d5f03b9ee3,0,False,0.0,0.0,0.0,0.0,0,True,0,0,0,0,,0.0,0,G1_START_SAFE_BOUNDARY,1,0,0.0,0.0,0.0,0,927734a2339a3f2710640065b0893eaae162cc0144ac67e2f377bcff2e71ae34,M0_SAFER_BASELINE,0.0026347306984076425,1.5588598388884831,1.5588598388884831,0.0,0,,0.0,1,0,0,0,0,False,0,0.0,0.0,0.0,G1_19_074,9f9fce4d1875b57e7a55c3a9cbf5b5a0c3f8476d84b3deb53c920d9b6322bb1d,2577887116984343047,CERTIFIED_ENDPOINT_LIPSCHITZ_LOWER_BOUND,0,54c035f7834b564019656c3e3fcc3646292f727d,QP_INFEASIBLE,PrimalInfeasible,0,0,1.2252482711337507
2000,2000.0,2000.0,0.0,a3166060848f911fbbca79622a8a1c2b45c8acb14596f1f6c6fd13720878d374,2000.0,06c1ff17d2ed5eb184b6a9699a3a32da431a1460840431a3effe76d5f03b9ee3,0,False,0.0,0.0,0.0,0.0,0,True,0,0,0,0,,0.0,0,G1_START_SAFE_BOUNDARY,1,0,0.0,0.0,0.0,0,927734a2339a3f2710640065b0893eaae162cc0144ac67e2f377bcff2e71ae34,M1_FAS_START_SAFE_ONLY,0.0026347306984076425,1.5588598388884831,1.5588598388884831,0.0,0,,0.0,1,0,0,0,0,False,0,0.02479304000735283,0.02479304000735283,0.02479304000735283,G1_19_074,9f9fce4d1875b57e7a55c3a9cbf5b5a0c3f8476d84b3deb53c920d9b6322bb1d,2577887116984343047,CERTIFIED_ENDPOINT_LIPSCHITZ_LOWER_BOUND,0,54c035f7834b564019656c3e3fcc3646292f727d,QP_INFEASIBLE,PrimalInfeasible,0,0,1.2522055150475353
106,106.0,106.0,0.0,a3166060848f911fbbca79622a8a1c2b45c8acb14596f1f6c6fd13720878d374,2000.0,06c1ff17d2ed5eb184b6a9699a3a32da431a1460840431a3effe76d5f03b9ee3,0,False,0.0,0.0,0.0,0.0,0,True,0,0,0,0,,6.0,1,G1_START_SAFE_BOUNDARY,1,0,0.0,0.0,0.0,0,927734a2339a3f2710640065b0893eaae162cc0144ac67e2f377bcff2e71ae34,M2_FAS_START_SAFE_PLUS_FEASIBILITY_AWARE,0.0026347306984076425,1.5588598388884831,1.5588598388884831,0.0,0,,0.0,1,0,0,0,0,False,0,0.02585025900043547,0.02585025900043547,0.02585025900043547,G1_19_074,9f9fce4d1875b57e7a55c3a9cbf5b5a0c3f8476d84b3deb53c920d9b6322bb1d,2577887116984343047,CERTIFIED_ENDPOINT_LIPSCHITZ_LOWER_BOUND,0,54c035f7834b564019656c3e3fcc3646292f727d,QP_INFEASIBLE,PrimalInfeasible,0,0,1.2333322199992836
106,106.0,106.0,0.0,a3166060848f911fbbca79622a8a1c2b45c8acb14596f1f6c6fd13720878d374,2000.0,06c1ff17d2ed5eb184b6a9699a3a32da431a1460840431a3effe76d5f03b9ee3,0,False,0.0,0.0,0.0,0.0,0,True,0,0,0,0,,6.0,1,G1_START_SAFE_BOUNDARY,1,0,0.0,0.0,0.0,0,927734a2339a3f2710640065b0893eaae162cc0144ac67e2f377bcff2e71ae34,M3_FAS_PLUS_DISCRETE_TIME_VERIFICATION,0.0026347306984076425,1.5588598388884831,1.5588598388884831,0.0,0,,0.0,1,0,0,0,0,False,0,0.023401502054184675,0.023401502054184675,0.023401502054184675,G1_19_074,9f9fce4d1875b57e7a55c3a9cbf5b5a0c3f8476d84b3deb53c920d9b6322bb1d,2577887116984343047,CERTIFIED_ENDPOINT_LIPSCHITZ_LOWER_BOUND,0,54c035f7834b564019656c3e3fcc3646292f727d,QP_INFEASIBLE,PrimalInfeasible,0,0,1.2161845220252872
106,106.0,106.0,0.0,a3166060848f911fbbca79622a8a1c2b45c8acb14596f1f6c6fd13720878d374,2000.0,06c1ff17d2ed5eb184b6a9699a3a32da431a1460840431a3effe76d5f03b9ee3,0,False,0.0,0.0,0.0,0.0,0,True,0,0,0,0,,6.0,1,G1_START_SAFE_BOUNDARY,1,0,0.0,0.0,0.0,0,927734a2339a3f2710640065b0893eaae162cc0144ac67e2f377bcff2e71ae34,M4_FULL_FAS_CBF,0.0026347306984076425,1.5588598388884831,1.5588598388884831,0.0,0,,0.0,1,0,0,0,0,False,0,0.024111707927659154,0.024111707927659154,0.024111707927659154,G1_19_074,9f9fce4d1875b57e7a55c3a9cbf5b5a0c3f8476d84b3deb53c920d9b6322bb1d,2577887116984343047,CERTIFIED_ENDPOINT_LIPSCHITZ_LOWER_BOUND,0,54c035f7834b564019656c3e3fcc3646292f727d,QP_INFEASIBLE,PrimalInfeasible,0,0,1.2287657889537513
2000,2000.0,2000.0,0.0,a3166060848f911fbbca79622a8a1c2b45c8acb14596f1f6c6fd13720878d374,2000.0,06c1ff17d2ed5eb184b6a9699a3a32da431a1460840431a3effe76d5f03b9ee3,0,False,0.0,0.0,0.0,0.0,0,True,0,0,0,0,,0.0,0,G2_FEASIBILITY_DENSE,1,0,0.0,0.0,0.0,0,927734a2339a3f2710640065b0893eaae162cc0144ac67e2f377bcff2e71ae34,M0_SAFER_BASELINE,-0.013132539438974678,1.5533149924480638,1.5533149924480638,0.0,0,,0.0,1,0,0,0,0,False,0,0.0,0.0,0.0,G2_00_350,9f9fce4d1875b57e7a55c3a9cbf5b5a0c3f8476d84b3deb53c920d9b6322bb1d,1472215000241583971,CERTIFIED_ENDPOINT_LIPSCHITZ_LOWER_BOUND,0,54c035f7834b564019656c3e3fcc3646292f727d,QP_INFEASIBLE,PrimalInfeasible,0,0,1.2147762349341065
,,,,a3166060848f911fbbca79622a8a1c2b45c8acb14596f1f6c6fd13720878d374,,06c1ff17d2ed5eb184b6a9699a3a32da431a1460840431a3effe76d5f03b9ee3,0,False,,,,,,True,,,,,,,,G2_FEASIBILITY_DENSE,,,,,,,927734a2339a3f2710640065b0893eaae162cc0144ac67e2f377bcff2e71ae34,M1_FAS_START_SAFE_ONLY,,1.5533149924480638,1.5533149924480638,,,,0.0,0,,,,,False,0,,,,G2_00_350,9f9fce4d1875b57e7a55c3a9cbf5b5a0c3f8476d84b3deb53c920d9b6322bb1d,,CERTIFIED_ENDPOINT_LIPSCHITZ_LOWER_BOUND,,54c035f7834b564019656c3e3fcc3646292f727d,START_STATE_REJECTED,,0,,1.2574780581053346
,,,,a3166060848f911fbbca79622a8a1c2b45c8acb14596f1f6c6fd13720878d374,,06c1ff17d2ed5eb184b6a9699a3a32da431a1460840431a3effe76d5f03b9ee3,0,False,,,,,,True,,,,,,,,G2_FEASIBILITY_DENSE,,,,,,,927734a2339a3f2710640065b0893eaae162cc0144ac67e2f377bcff2e71ae34,M2_FAS_START_SAFE_PLUS_FEASIBILITY_AWARE,,1.5533149924480638,1.5533149924480638,,,,0.0,0,,,,,False,0,,,,G2_00_350,9f9fce4d1875b57e7a55c3a9cbf5b5a0c3f8476d84b3deb53c920d9b6322bb1d,,CERTIFIED_ENDPOINT_LIPSCHITZ_LOWER_BOUND,,54c035f7834b564019656c3e3fcc3646292f727d,START_STATE_REJECTED,,0,,1.229861358879134
,,,,a3166060848f911fbbca79622a8a1c2b45c8acb14596f1f6c6fd13720878d374,,06c1ff17d2ed5eb184b6a9699a3a32da431a1460840431a3effe76d5f03b9ee3,0,False,,,,,,True,,,,,,,,G2_FEASIBILITY_DENSE,,,,,,,927734a2339a3f2710640065b0893eaae162cc0144ac67e2f377bcff2e71ae34,M3_FAS_PLUS_DISCRETE_TIME_VERIFICATION,,1.5533149924480638,1.5533149924480638,,,,0.0,0,,,,,False,0,,,,G2_00_350,9f9fce4d1875b57e7a55c3a9cbf5b5a0c3f8476d84b3deb53c920d9b6322bb1d,,CERTIFIED_ENDPOINT_LIPSCHITZ_LOWER_BOUND,,54c035f7834b564019656c3e3fcc3646292f727d,START_STATE_REJECTED,,0,,1.2329530699644238
,,,,a3166060848f911fbbca79622a8a1c2b45c8acb14596f1f6c6fd13720878d374,,06c1ff17d2ed5eb184b6a9699a3a32da431a1460840431a3effe76d5f03b9ee3,0,False,,,,,,True,,,,,,,,G2_FEASIBILITY_DENSE,,,,,,,927734a2339a3f2710640065b0893eaae162cc0144ac67e2f377bcff2e71ae34,M4_FULL_FAS_CBF,,1.5533149924480638,1.5533149924480638,,,,0.0,0,,,,,False,0,,,,G2_00_350,9f9fce4d1875b57e7a55c3a9cbf5b5a0c3f8476d84b3deb53c920d9b6322bb1d,,CERTIFIED_ENDPOINT_LIPSCHITZ_LOWER_BOUND,,54c035f7834b564019656c3e3fcc3646292f727d,START_STATE_REJECTED,,0,,1.230932564008981
2000,2000.0,2000.0,0.0,a3166060848f911fbbca79622a8a1c2b45c8acb14596f1f6c6fd13720878d374,2000.0,06c1ff17d2ed5eb184b6a9699a3a32da431a1460840431a3effe76d5f03b9ee3,0,False,0.0,0.0,0.0,0.0,0,True,0,0,0,0,,0.0,0,G2_FEASIBILITY_DENSE,1,0,0.0,0.0,0.0,0,927734a2339a3f2710640065b0893eaae162cc0144ac67e2f377bcff2e71ae34,M0_SAFER_BASELINE,-0.012393359186045658,1.5017497656198702,1.5017497656198702,0.0,0,,0.0,1,0,0,0,0,False,0,0.0,0.0,0.0,G2_01_104,9f9fce4d1875b57e7a55c3a9cbf5b5a0c3f8476d84b3deb53c920d9b6322bb1d,12344264032573343660,CERTIFIED_ENDPOINT_LIPSCHITZ_LOWER_BOUND,0,54c035f7834b564019656c3e3fcc3646292f727d,QP_INFEASIBLE,PrimalInfeasible,0,0,1.2161761038005352
,,,,a3166060848f911fbbca79622a8a1c2b45c8acb14596f1f6c6fd13720878d374,,06c1ff17d2ed5eb184b6a9699a3a32da431a1460840431a3effe76d5f03b9ee3,0,False,,,,,,True,,,,,,,,G2_FEASIBILITY_DENSE,,,,,,,927734a2339a3f2710640065b0893eaae162cc0144ac67e2f377bcff2e71ae34,M1_FAS_START_SAFE_ONLY,,1.5017497656198702,1.5017497656198702,,,,0.0,0,,,,,False,0,,,,G2_01_104,9f9fce4d1875b57e7a55c3a9cbf5b5a0c3f8476d84b3deb53c920d9b6322bb1d,,CERTIFIED_ENDPOINT_LIPSCHITZ_LOWER_BOUND,,54c035f7834b564019656c3e3fcc3646292f727d,START_STATE_REJECTED,,0,,1.234204706037417
,,,,a3166060848f911fbbca79622a8a1c2b45c8acb14596f1f6c6fd13720878d374,,06c1ff17d2ed5eb184b6a9699a3a32da431a1460840431a3effe76d5f03b9ee3,0,False,,,,,,True,,,,,,,,G2_FEASIBILITY_DENSE,,,,,,,927734a2339a3f2710640065b0893eaae162cc0144ac67e2f377bcff2e71ae34,M2_FAS_START_SAFE_PLUS_FEASIBILITY_AWARE,,1.5017497656198702,1.5017497656198702,,,,0.0,0,,,,,False,0,,,,G2_01_104,9f9fce4d1875b57e7a55c3a9cbf5b5a0c3f8476d84b3deb53c920d9b6322bb1d,,CERTIFIED_ENDPOINT_LIPSCHITZ_LOWER_BOUND,,54c035f7834b564019656c3e3fcc3646292f727d,START_STATE_REJECTED,,0,,1.2539376029744744
,,,,a3166060848f911fbbca79622a8a1c2b45c8acb14596f1f6c6fd13720878d374,,06c1ff17d2ed5eb184b6a9699a3a32da431a1460840431a3effe76d5f03b9ee3,0,False,,,,,,True,,,,,,,,G2_FEASIBILITY_DENSE,,,,,,,927734a2339a3f2710640065b0893eaae162cc0144ac67e2f377bcff2e71ae34,M3_FAS_PLUS_DISCRETE_TIME_VERIFICATION,,1.5017497656198702,1.5017497656198702,,,,0.0,0,,,,,False,0,,,,G2_01_104,9f9fce4d1875b57e7a55c3a9cbf5b5a0c3f8476d84b3deb53c920d9b6322bb1d,,CERTIFIED_ENDPOINT_LIPSCHITZ_LOWER_BOUND,,54c035f7834b564019656c3e3fcc3646292f727d,START_STATE_REJECTED,,0,,1.2883223090320826
,,,,a3166060848f911fbbca79622a8a1c2b45c8acb14596f1f6c6fd13720878d374,,06c1ff17d2ed5eb184b6a9699a3a32da431a1460840431a3effe76d5f03b9ee3,0,False,,,,,,True,,,,,,,,G2_FEASIBILITY_DENSE,,,,,,,927734a2339a3f2710640065b0893eaae162cc0144ac67e2f377bcff2e71ae34,M4_FULL_FAS_CBF,,1.5017497656198702,1.5017497656198702,,,,0.0,0,,,,,False,0,,,,G2_01_104,9f9fce4d1875b57e7a55c3a9cbf5b5a0c3f8476d84b3deb53c920d9b6322bb1d,,CERTIFIED_ENDPOINT_LIPSCHITZ_LOWER_BOUND,,54c035f7834b564019656c3e3fcc3646292f727d,START_STATE_REJECTED,,0,,1.2337899431586266
2000,2000.0,2000.0,0.0,a3166060848f911fbbca79622a8a1c2b45c8acb14596f1f6c6fd13720878d374,2000.0,06c1ff17d2ed5eb184b6a9699a3a32da431a1460840431a3effe76d5f03b9ee3,0,False,0.0,0.0,0.0,0.0,0,True,0,0,0,0,,0.0,0,G2_FEASIBILITY_DENSE,1,0,0.0,0.0,0.0,0,927734a2339a3f2710640065b0893eaae162cc0144ac67e2f377bcff2e71ae34,M0_SAFER_BASELINE,-0.015748843264448645,1.5054461376395727,1.5054461376395727,0.0,0,,0.0,1,0,0,0,0,False,0,0.0,0.0,0.0,G2_02_124,9f9fce4d1875b57e7a55c3a9cbf5b5a0c3f8476d84b3deb53c920d9b6322bb1d,15372654917148418092,CERTIFIED_ENDPOINT_LIPSCHITZ_LOWER_BOUND,0,54c035f7834b564019656c3e3fcc3646292f727d,QP_INFEASIBLE,PrimalInfeasible,0,0,1.2113115140236914
,,,,a3166060848f911fbbca79622a8a1c2b45c8acb14596f1f6c6fd13720878d374,,06c1ff17d2ed5eb184b6a9699a3a32da431a1460840431a3effe76d5f03b9ee3,0,False,,,,,,True,,,,,,,,G2_FEASIBILITY_DENSE,,,,,,,927734a2339a3f2710640065b0893eaae162cc0144ac67e2f377bcff2e71ae34,M1_FAS_START_SAFE_ONLY,,1.5054461376395727,1.5054461376395727,,,,0.0,0,,,,,False,0,,,,G2_02_124,9f9fce4d1875b57e7a55c3a9cbf5b5a0c3f8476d84b3deb53c920d9b6322bb1d,,CERTIFIED_ENDPOINT_LIPSCHITZ_LOWER_BOUND,,54c035f7834b564019656c3e3fcc3646292f727d,START_STATE_REJECTED,,0,,1.254045678069815
,,,,a3166060848f911fbbca79622a8a1c2b45c8acb14596f1f6c6fd13720878d374,,06c1ff17d2ed5eb184b6a9699a3a32da431a1460840431a3effe76d5f03b9ee3,0,False,,,,,,True,,,,,,,,G2_FEASIBILITY_DENSE,,,,,,,927734a2339a3f2710640065b0893eaae162cc0144ac67e2f377bcff2e71ae34,M2_FAS_START_SAFE_PLUS_FEASIBILITY_AWARE,,1.5054461376395727,1.5054461376395727,,,,0.0,0,,,,,False,0,,,,G2_02_124,9f9fce4d1875b57e7a55c3a9cbf5b5a0c3f8476d84b3deb53c920d9b6322bb1d,,CERTIFIED_ENDPOINT_LIPSCHITZ_LOWER_BOUND,,54c035f7834b564019656c3e3fcc3646292f727d,START_STATE_REJECTED,,0,,1.2780496019404382
,,,,a3166060848f911fbbca79622a8a1c2b45c8acb14596f1f6c6fd13720878d374,,06c1ff17d2ed5eb184b6a9699a3a32da431a1460840431a3effe76d5f03b9ee3,0,False,,,,,,True,,,,,,,,G2_FEASIBILITY_DENSE,,,,,,,927734a2339a3f2710640065b0893eaae162cc0144ac67e2f377bcff2e71ae34,M3_FAS_PLUS_DISCRETE_TIME_VERIFICATION,,1.5054461376395727,1.5054461376395727,,,,0.0,0,,,,,False,0,,,,G2_02_124,9f9fce4d1875b57e7a55c3a9cbf5b5a0c3f8476d84b3deb53c920d9b6322bb1d,,CERTIFIED_ENDPOINT_LIPSCHITZ_LOWER_BOUND,,54c035f7834b564019656c3e3fcc3646292f727d,START_STATE_REJECTED,,0,,1.222203235840425
,,,,a3166060848f911fbbca79622a8a1c2b45c8acb14596f1f6c6fd13720878d374,,06c1ff17d2ed5eb184b6a9699a3a32da431a1460840431a3effe76d5f03b9ee3,0,False,,,,,,True,,,,,,,,G2_FEASIBILITY_DENSE,,,,,,,927734a2339a3f2710640065b0893eaae162cc0144ac67e2f377bcff2e71ae34,M4_FULL_FAS_CBF,,1.5054461376395727,1.5054461376395727,,,,0.0,0,,,,,False,0,,,,G2_02_124,9f9fce4d1875b57e7a55c3a9cbf5b5a0c3f8476d84b3deb53c920d9b6322bb1d,,CERTIFIED_ENDPOINT_LIPSCHITZ_LOWER_BOUND,,54c035f7834b564019656c3e3fcc3646292f727d,START_STATE_REJECTED,,0,,1.1925944681279361
2000,2000.0,2000.0,0.0,a3166060848f911fbbca79622a8a1c2b45c8acb14596f1f6c6fd13720878d374,2000.0,06c1ff17d2ed5eb184b6a9699a3a32da431a1460840431a3effe76d5f03b9ee3,0,False,0.0,0.0,0.0,0.0,0,True,0,0,0,0,,0.0,0,G2_FEASIBILITY_DENSE,1,0,0.0,0.0,0.0,0,927734a2339a3f2710640065b0893eaae162cc0144ac67e2f377bcff2e71ae34,M0_SAFER_BASELINE,-0.016718390356146556,1.5515651561854247,1.5515651561854247,0.0,0,,0.0,1,0,0,0,0,False,0,0.0,0.0,0.0,G2_03_221,9f9fce4d1875b57e7a55c3a9cbf5b5a0c3f8476d84b3deb53c920d9b6322bb1d,3401956321348436726,CERTIFIED_ENDPOINT_LIPSCHITZ_LOWER_BOUND,0,54c035f7834b564019656c3e3fcc3646292f727d,QP_INFEASIBLE,PrimalInfeasible,0,0,1.1912103351205587
,,,,a3166060848f911fbbca79622a8a1c2b45c8acb14596f1f6c6fd13720878d374,,06c1ff17d2ed5eb184b6a9699a3a32da431a1460840431a3effe76d5f03b9ee3,0,False,,,,,,True,,,,,,,,G2_FEASIBILITY_DENSE,,,,,,,927734a2339a3f2710640065b0893eaae162cc0144ac67e2f377bcff2e71ae34,M1_FAS_START_SAFE_ONLY,,1.5515651561854247,1.5515651561854247,,,,0.0,0,,,,,False,0,,,,G2_03_221,9f9fce4d1875b57e7a55c3a9cbf5b5a0c3f8476d84b3deb53c920d9b6322bb1d,,CERTIFIED_ENDPOINT_LIPSCHITZ_LOWER_BOUND,,54c035f7834b564019656c3e3fcc3646292f727d,START_STATE_REJECTED,,0,,1.2168972650542855
,,,,a3166060848f911fbbca79622a8a1c2b45c8acb14596f1f6c6fd13720878d374,,06c1ff17d2ed5eb184b6a9699a3a32da431a1460840431a3effe76d5f03b9ee3,0,False,,,,,,True,,,,,,,,G2_FEASIBILITY_DENSE,,,,,,,927734a2339a3f2710640065b0893eaae162cc0144ac67e2f377bcff2e71ae34,M2_FAS_START_SAFE_PLUS_FEASIBILITY_AWARE,,1.5515651561854247,1.5515651561854247,,,,0.0,0,,,,,False,0,,,,G2_03_221,9f9fce4d1875b57e7a55c3a9cbf5b5a0c3f8476d84b3deb53c920d9b6322bb1d,,CERTIFIED_ENDPOINT_LIPSCHITZ_LOWER_BOUND,,54c035f7834b564019656c3e3fcc3646292f727d,START_STATE_REJECTED,,0,,1.2006840149406344
,,,,a3166060848f911fbbca79622a8a1c2b45c8acb14596f1f6c6fd13720878d374,,06c1ff17d2ed5eb184b6a9699a3a32da431a1460840431a3effe76d5f03b9ee3,0,False,,,,,,True,,,,,,,,G2_FEASIBILITY_DENSE,,,,,,,927734a2339a3f2710640065b0893eaae162cc0144ac67e2f377bcff2e71ae34,M3_FAS_PLUS_DISCRETE_TIME_VERIFICATION,,1.5515651561854247,1.5515651561854247,,,,0.0,0,,,,,False,0,,,,G2_03_221,9f9fce4d1875b57e7a55c3a9cbf5b5a0c3f8476d84b3deb53c920d9b6322bb1d,,CERTIFIED_ENDPOINT_LIPSCHITZ_LOWER_BOUND,,54c035f7834b564019656c3e3fcc3646292f727d,START_STATE_REJECTED,,0,,1.1945462489966303
,,,,a3166060848f911fbbca79622a8a1c2b45c8acb14596f1f6c6fd13720878d374,,06c1ff17d2ed5eb184b6a9699a3a32da431a1460840431a3effe76d5f03b9ee3,0,False,,,,,,True,,,,,,,,G2_FEASIBILITY_DENSE,,,,,,,927734a2339a3f2710640065b0893eaae162cc0144ac67e2f377bcff2e71ae34,M4_FULL_FAS_CBF,,1.5515651561854247,1.5515651561854247,,,,0.0,0,,,,,False,0,,,,G2_03_221,9f9fce4d1875b57e7a55c3a9cbf5b5a0c3f8476d84b3deb53c920d9b6322bb1d,,CERTIFIED_ENDPOINT_LIPSCHITZ_LOWER_BOUND,,54c035f7834b564019656c3e3fcc3646292f727d,START_STATE_REJECTED,,0,,1.2072580908425152
2000,2000.0,2000.0,0.0,a3166060848f911fbbca79622a8a1c2b45c8acb14596f1f6c6fd13720878d374,2000.0,06c1ff17d2ed5eb184b6a9699a3a32da431a1460840431a3effe76d5f03b9ee3,0,False,0.0,0.0,0.0,0.0,0,True,0,0,0,0,,0.0,0,G2_FEASIBILITY_DENSE,1,0,0.0,0.0,0.0,0,927734a2339a3f2710640065b0893eaae162cc0144ac67e2f377bcff2e71ae34,M0_SAFER_BASELINE,-0.012450618167421728,1.5498083670501166,1.5498083670501166,0.0,0,,0.0,1,0,0,0,0,False,0,0.0,0.0,0.0,G2_04_321,9f9fce4d1875b57e7a55c3a9cbf5b5a0c3f8476d84b3deb53c920d9b6322bb1d,2194031517715391203,CERTIFIED_ENDPOINT_LIPSCHITZ_LOWER_BOUND,0,54c035f7834b564019656c3e3fcc3646292f727d,QP_INFEASIBLE,PrimalInfeasible,0,0,1.180234839906916
,,,,a3166060848f911fbbca79622a8a1c2b45c8acb14596f1f6c6fd13720878d374,,06c1ff17d2ed5eb184b6a9699a3a32da431a1460840431a3effe76d5f03b9ee3,0,False,,,,,,True,,,,,,,,G2_FEASIBILITY_DENSE,,,,,,,927734a2339a3f2710640065b0893eaae162cc0144ac67e2f377bcff2e71ae34,M1_FAS_START_SAFE_ONLY,,1.5498083670501166,1.5498083670501166,,,,0.0,0,,,,,False,0,,,,G2_04_321,9f9fce4d1875b57e7a55c3a9cbf5b5a0c3f8476d84b3deb53c920d9b6322bb1d,,CERTIFIED_ENDPOINT_LIPSCHITZ_LOWER_BOUND,,54c035f7834b564019656c3e3fcc3646292f727d,START_STATE_REJECTED,,0,,1.2244469821453094
,,,,a3166060848f911fbbca79622a8a1c2b45c8acb14596f1f6c6fd13720878d374,,06c1ff17d2ed5eb184b6a9699a3a32da431a1460840431a3effe76d5f03b9ee3,0,False,,,,,,True,,,,,,,,G2_FEASIBILITY_DENSE,,,,,,,927734a2339a3f2710640065b0893eaae162cc0144ac67e2f377bcff2e71ae34,M2_FAS_START_SAFE_PLUS_FEASIBILITY_AWARE,,1.5498083670501166,1.5498083670501166,,,,0.0,0,,,,,False,0,,,,G2_04_321,9f9fce4d1875b57e7a55c3a9cbf5b5a0c3f8476d84b3deb53c920d9b6322bb1d,,CERTIFIED_ENDPOINT_LIPSCHITZ_LOWER_BOUND,,54c035f7834b564019656c3e3fcc3646292f727d,START_STATE_REJECTED,,0,,1.1903906059451401
,,,,a3166060848f911fbbca79622a8a1c2b45c8acb14596f1f6c6fd13720878d374,,06c1ff17d2ed5eb184b6a9699a3a32da431a1460840431a3effe76d5f03b9ee3,0,False,,,,,,True,,,,,,,,G2_FEASIBILITY_DENSE,,,,,,,927734a2339a3f2710640065b0893eaae162cc0144ac67e2f377bcff2e71ae34,M3_FAS_PLUS_DISCRETE_TIME_VERIFICATION,,1.5498083670501166,1.5498083670501166,,,,0.0,0,,,,,False,0,,,,G2_04_321,9f9fce4d1875b57e7a55c3a9cbf5b5a0c3f8476d84b3deb53c920d9b6322bb1d,,CERTIFIED_ENDPOINT_LIPSCHITZ_LOWER_BOUND,,54c035f7834b564019656c3e3fcc3646292f727d,START_STATE_REJECTED,,0,,1.1851665279828012
,,,,a3166060848f911fbbca79622a8a1c2b45c8acb14596f1f6c6fd13720878d374,,06c1ff17d2ed5eb184b6a9699a3a32da431a1460840431a3effe76d5f03b9ee3,0,False,,,,,,True,,,,,,,,G2_FEASIBILITY_DENSE,,,,,,,927734a2339a3f2710640065b0893eaae162cc0144ac67e2f377bcff2e71ae34,M4_FULL_FAS_CBF,,1.5498083670501166,1.5498083670501166,,,,0.0,0,,,,,False,0,,,,G2_04_321,9f9fce4d1875b57e7a55c3a9cbf5b5a0c3f8476d84b3deb53c920d9b6322bb1d,,CERTIFIED_ENDPOINT_LIPSCHITZ_LOWER_BOUND,,54c035f7834b564019656c3e3fcc3646292f727d,START_STATE_REJECTED,,0,,1.1895287670195103
2000,2000.0,2000.0,0.0,a3166060848f911fbbca79622a8a1c2b45c8acb14596f1f6c6fd13720878d374,2000.0,06c1ff17d2ed5eb184b6a9699a3a32da431a1460840431a3effe76d5f03b9ee3,0,False,0.0,0.0,0.0,0.0,0,True,0,0,0,0,,0.0,0,G2_FEASIBILITY_DENSE,1,0,0.0,0.0,0.0,0,927734a2339a3f2710640065b0893eaae162cc0144ac67e2f377bcff2e71ae34,M0_SAFER_BASELINE,-0.01582431928387535,1.4550620805276313,1.4550620805276313,0.0,0,,0.0,1,0,0,0,0,False,0,0.0,0.0,0.0,G2_05_341,9f9fce4d1875b57e7a55c3a9cbf5b5a0c3f8476d84b3deb53c920d9b6322bb1d,10899840228157830140,CERTIFIED_ENDPOINT_LIPSCHITZ_LOWER_BOUND,0,54c035f7834b564019656c3e3fcc3646292f727d,QP_INFEASIBLE,PrimalInfeasible,0,0,1.1897713399957865
,,,,a3166060848f911fbbca79622a8a1c2b45c8acb14596f1f6c6fd13720878d374,,06c1ff17d2ed5eb184b6a9699a3a32da431a1460840431a3effe76d5f03b9ee3,0,False,,,,,,True,,,,,,,,G2_FEASIBILITY_DENSE,,,,,,,927734a2339a3f2710640065b0893eaae162cc0144ac67e2f377bcff2e71ae34,M1_FAS_START_SAFE_ONLY,,1.4550620805276313,1.4550620805276313,,,,0.0,0,,,,,False,0,,,,G2_05_341,9f9fce4d1875b57e7a55c3a9cbf5b5a0c3f8476d84b3deb53c920d9b6322bb1d,,CERTIFIED_ENDPOINT_LIPSCHITZ_LOWER_BOUND,,54c035f7834b564019656c3e3fcc3646292f727d,START_STATE_REJECTED,,0,,1.1775343890767545
,,,,a3166060848f911fbbca79622a8a1c2b45c8acb14596f1f6c6fd13720878d374,,06c1ff17d2ed5eb184b6a9699a3a32da431a1460840431a3effe76d5f03b9ee3,0,False,,,,,,True,,,,,,,,G2_FEASIBILITY_DENSE,,,,,,,927734a2339a3f2710640065b0893eaae162cc0144ac67e2f377bcff2e71ae34,M2_FAS_START_SAFE_PLUS_FEASIBILITY_AWARE,,1.4550620805276313,1.4550620805276313,,,,0.0,0,,,,,False,0,,,,G2_05_341,9f9fce4d1875b57e7a55c3a9cbf5b5a0c3f8476d84b3deb53c920d9b6322bb1d,,CERTIFIED_ENDPOINT_LIPSCHITZ_LOWER_BOUND,,54c035f7834b564019656c3e3fcc3646292f727d,START_STATE_REJECTED,,0,,1.2081707881297916
,,,,a3166060848f911fbbca79622a8a1c2b45c8acb14596f1f6c6fd13720878d374,,06c1ff17d2ed5eb184b6a9699a3a32da431a1460840431a3effe76d5f03b9ee3,0,False,,,,,,True,,,,,,,,G2_FEASIBILITY_DENSE,,,,,,,927734a2339a3f2710640065b0893eaae162cc0144ac67e2f377bcff2e71ae34,M3_FAS_PLUS_DISCRETE_TIME_VERIFICATION,,1.4550620805276313,1.4550620805276313,,,,0.0,0,,,,,False,0,,,,G2_05_341,9f9fce4d1875b57e7a55c3a9cbf5b5a0c3f8476d84b3deb53c920d9b6322bb1d,,CERTIFIED_ENDPOINT_LIPSCHITZ_LOWER_BOUND,,54c035f7834b564019656c3e3fcc3646292f727d,START_STATE_REJECTED,,0,,1.197402706835419
,,,,a3166060848f911fbbca79622a8a1c2b45c8acb14596f1f6c6fd13720878d374,,06c1ff17d2ed5eb184b6a9699a3a32da431a1460840431a3effe76d5f03b9ee3,0,False,,,,,,True,,,,,,,,G2_FEASIBILITY_DENSE,,,,,,,927734a2339a3f2710640065b0893eaae162cc0144ac67e2f377bcff2e71ae34,M4_FULL_FAS_CBF,,1.4550620805276313,1.4550620805276313,,,,0.0,0,,,,,False,0,,,,G2_05_341,9f9fce4d1875b57e7a55c3a9cbf5b5a0c3f8476d84b3deb53c920d9b6322bb1d,,CERTIFIED_ENDPOINT_LIPSCHITZ_LOWER_BOUND,,54c035f7834b564019656c3e3fcc3646292f727d,START_STATE_REJECTED,,0,,1.1867512911558151
2000,2000.0,2000.0,0.0,a3166060848f911fbbca79622a8a1c2b45c8acb14596f1f6c6fd13720878d374,2000.0,06c1ff17d2ed5eb184b6a9699a3a32da431a1460840431a3effe76d5f03b9ee3,0,False,0.0,0.0,0.0,0.0,0,True,0,0,0,0,,0.0,0,G2_FEASIBILITY_DENSE,1,0,0.0,0.0,0.0,0,927734a2339a3f2710640065b0893eaae162cc0144ac67e2f377bcff2e71ae34,M0_SAFER_BASELINE,-0.013117208887140977,1.5505257927417129,1.5505257927417129,0.0,0,,0.0,1,0,0,0,0,False,0,0.0,0.0,0.0,G2_06_480,9f9fce4d1875b57e7a55c3a9cbf5b5a0c3f8476d84b3deb53c920d9b6322bb1d,5008437410324472967,CERTIFIED_ENDPOINT_LIPSCHITZ_LOWER_BOUND,0,54c035f7834b564019656c3e3fcc3646292f727d,QP_INFEASIBLE,PrimalInfeasible,0,0,1.1670271179173142
,,,,a3166060848f911fbbca79622a8a1c2b45c8acb14596f1f6c6fd13720878d374,,06c1ff17d2ed5eb184b6a9699a3a32da431a1460840431a3effe76d5f03b9ee3,0,False,,,,,,True,,,,,,,,G2_FEASIBILITY_DENSE,,,,,,,927734a2339a3f2710640065b0893eaae162cc0144ac67e2f377bcff2e71ae34,M1_FAS_START_SAFE_ONLY,,1.5505257927417129,1.5505257927417129,,,,0.0,0,,,,,False,0,,,,G2_06_480,9f9fce4d1875b57e7a55c3a9cbf5b5a0c3f8476d84b3deb53c920d9b6322bb1d,,CERTIFIED_ENDPOINT_LIPSCHITZ_LOWER_BOUND,,54c035f7834b564019656c3e3fcc3646292f727d,START_STATE_REJECTED,,0,,1.1795562801416963
,,,,a3166060848f911fbbca79622a8a1c2b45c8acb14596f1f6c6fd13720878d374,,06c1ff17d2ed5eb184b6a9699a3a32da431a1460840431a3effe76d5f03b9ee3,0,False,,,,,,True,,,,,,,,G2_FEASIBILITY_DENSE,,,,,,,927734a2339a3f2710640065b0893eaae162cc0144ac67e2f377bcff2e71ae34,M2_FAS_START_SAFE_PLUS_FEASIBILITY_AWARE,,1.5505257927417129,1.5505257927417129,,,,0.0,0,,,,,False,0,,,,G2_06_480,9f9fce4d1875b57e7a55c3a9cbf5b5a0c3f8476d84b3deb53c920d9b6322bb1d,,CERTIFIED_ENDPOINT_LIPSCHITZ_LOWER_BOUND,,54c035f7834b564019656c3e3fcc3646292f727d,START_STATE_REJECTED,,0,,1.167471454013139
,,,,a3166060848f911fbbca79622a8a1c2b45c8acb14596f1f6c6fd13720878d374,,06c1ff17d2ed5eb184b6a9699a3a32da431a1460840431a3effe76d5f03b9ee3,0,False,,,,,,True,,,,,,,,G2_FEASIBILITY_DENSE,,,,,,,927734a2339a3f2710640065b0893eaae162cc0144ac67e2f377bcff2e71ae34,M3_FAS_PLUS_DISCRETE_TIME_VERIFICATION,,1.5505257927417129,1.5505257927417129,,,,0.0,0,,,,,False,0,,,,G2_06_480,9f9fce4d1875b57e7a55c3a9cbf5b5a0c3f8476d84b3deb53c920d9b6322bb1d,,CERTIFIED_ENDPOINT_LIPSCHITZ_LOWER_BOUND,,54c035f7834b564019656c3e3fcc3646292f727d,START_STATE_REJECTED,,0,,1.1637811539694667
,,,,a3166060848f911fbbca79622a8a1c2b45c8acb14596f1f6c6fd13720878d374,,06c1ff17d2ed5eb184b6a9699a3a32da431a1460840431a3effe76d5f03b9ee3,0,False,,,,,,True,,,,,,,,G2_FEASIBILITY_DENSE,,,,,,,927734a2339a3f2710640065b0893eaae162cc0144ac67e2f377bcff2e71ae34,M4_FULL_FAS_CBF,,1.5505257927417129,1.5505257927417129,,,,0.0,0,,,,,False,0,,,,G2_06_480,9f9fce4d1875b57e7a55c3a9cbf5b5a0c3f8476d84b3deb53c920d9b6322bb1d,,CERTIFIED_ENDPOINT_LIPSCHITZ_LOWER_BOUND,,54c035f7834b564019656c3e3fcc3646292f727d,START_STATE_REJECTED,,0,,1.1671157800592482
2000,2000.0,2000.0,0.0,a3166060848f911fbbca79622a8a1c2b45c8acb14596f1f6c6fd13720878d374,2000.0,06c1ff17d2ed5eb184b6a9699a3a32da431a1460840431a3effe76d5f03b9ee3,0,False,0.0,0.0,0.0,0.0,0,True,0,0,0,0,,0.0,0,G2_FEASIBILITY_DENSE,1,0,0.0,0.0,0.0,0,927734a2339a3f2710640065b0893eaae162cc0144ac67e2f377bcff2e71ae34,M0_SAFER_BASELINE,-0.012999017819219763,1.5499796042683176,1.5499796042683176,0.0,0,,0.0,1,0,0,0,0,False,0,0.0,0.0,0.0,G2_07_497,9f9fce4d1875b57e7a55c3a9cbf5b5a0c3f8476d84b3deb53c920d9b6322bb1d,10415032066018855415,CERTIFIED_ENDPOINT_LIPSCHITZ_LOWER_BOUND,0,54c035f7834b564019656c3e3fcc3646292f727d,QP_INFEASIBLE,PrimalInfeasible,0,0,1.1357399779371917
,,,,a3166060848f911fbbca79622a8a1c2b45c8acb14596f1f6c6fd13720878d374,,06c1ff17d2ed5eb184b6a9699a3a32da431a1460840431a3effe76d5f03b9ee3,0,False,,,,,,True,,,,,,,,G2_FEASIBILITY_DENSE,,,,,,,927734a2339a3f2710640065b0893eaae162cc0144ac67e2f377bcff2e71ae34,M1_FAS_START_SAFE_ONLY,,1.5499796042683176,1.5499796042683176,,,,0.0,0,,,,,False,0,,,,G2_07_497,9f9fce4d1875b57e7a55c3a9cbf5b5a0c3f8476d84b3deb53c920d9b6322bb1d,,CERTIFIED_ENDPOINT_LIPSCHITZ_LOWER_BOUND,,54c035f7834b564019656c3e3fcc3646292f727d,START_STATE_REJECTED,,0,,1.160466122906655
,,,,a3166060848f911fbbca79622a8a1c2b45c8acb14596f1f6c6fd13720878d374,,06c1ff17d2ed5eb184b6a9699a3a32da431a1460840431a3effe76d5f03b9ee3,0,False,,,,,,True,,,,,,,,G2_FEASIBILITY_DENSE,,,,,,,927734a2339a3f2710640065b0893eaae162cc0144ac67e2f377bcff2e71ae34,M2_FAS_START_SAFE_PLUS_FEASIBILITY_AWARE,,1.5499796042683176,1.5499796042683176,,,,0.0,0,,,,,False,0,,,,G2_07_497,9f9fce4d1875b57e7a55c3a9cbf5b5a0c3f8476d84b3deb53c920d9b6322bb1d,,CERTIFIED_ENDPOINT_LIPSCHITZ_LOWER_BOUND,,54c035f7834b564019656c3e3fcc3646292f727d,START_STATE_REJECTED,,0,,1.1659990940243006
,,,,a3166060848f911fbbca79622a8a1c2b45c8acb14596f1f6c6fd13720878d374,,06c1ff17d2ed5eb184b6a9699a3a32da431a1460840431a3effe76d5f03b9ee3,0,False,,,,,,True,,,,,,,,G2_FEASIBILITY_DENSE,,,,,,,927734a2339a3f2710640065b0893eaae162cc0144ac67e2f377bcff2e71ae34,M3_FAS_PLUS_DISCRETE_TIME_VERIFICATION,,1.5499796042683176,1.5499796042683176,,,,0.0,0,,,,,False,0,,,,G2_07_497,9f9fce4d1875b57e7a55c3a9cbf5b5a0c3f8476d84b3deb53c920d9b6322bb1d,,CERTIFIED_ENDPOINT_LIPSCHITZ_LOWER_BOUND,,54c035f7834b564019656c3e3fcc3646292f727d,START_STATE_REJECTED,,0,,1.1766262219753116
,,,,a3166060848f911fbbca79622a8a1c2b45c8acb14596f1f6c6fd13720878d374,,06c1ff17d2ed5eb184b6a9699a3a32da431a1460840431a3effe76d5f03b9ee3,0,False,,,,,,True,,,,,,,,G2_FEASIBILITY_DENSE,,,,,,,927734a2339a3f2710640065b0893eaae162cc0144ac67e2f377bcff2e71ae34,M4_FULL_FAS_CBF,,1.5499796042683176,1.5499796042683176,,,,0.0,0,,,,,False,0,,,,G2_07_497,9f9fce4d1875b57e7a55c3a9cbf5b5a0c3f8476d84b3deb53c920d9b6322bb1d,,CERTIFIED_ENDPOINT_LIPSCHITZ_LOWER_BOUND,,54c035f7834b564019656c3e3fcc3646292f727d,START_STATE_REJECTED,,0,,1.1729182340204716
2000,2000.0,2000.0,0.0,a3166060848f911fbbca79622a8a1c2b45c8acb14596f1f6c6fd13720878d374,2000.0,06c1ff17d2ed5eb184b6a9699a3a32da431a1460840431a3effe76d5f03b9ee3,0,False,0.0,0.0,0.0,0.0,0,True,0,0,0,0,,0.0,0,G2_FEASIBILITY_DENSE,1,0,0.0,0.0,0.0,0,927734a2339a3f2710640065b0893eaae162cc0144ac67e2f377bcff2e71ae34,M0_SAFER_BASELINE,-0.016111990158625113,1.553712621374467,1.553712621374467,0.0,0,,0.0,1,0,0,0,0,False,0,0.0,0.0,0.0,G2_08_469,9f9fce4d1875b57e7a55c3a9cbf5b5a0c3f8476d84b3deb53c920d9b6322bb1d,3268002363608242597,CERTIFIED_ENDPOINT_LIPSCHITZ_LOWER_BOUND,0,54c035f7834b564019656c3e3fcc3646292f727d,QP_INFEASIBLE,PrimalInfeasible,0,0,1.2778990799561143
,,,,a3166060848f911fbbca79622a8a1c2b45c8acb14596f1f6c6fd13720878d374,,06c1ff17d2ed5eb184b6a9699a3a32da431a1460840431a3effe76d5f03b9ee3,0,False,,,,,,True,,,,,,,,G2_FEASIBILITY_DENSE,,,,,,,927734a2339a3f2710640065b0893eaae162cc0144ac67e2f377bcff2e71ae34,M1_FAS_START_SAFE_ONLY,,1.553712621374467,1.553712621374467,,,,0.0,0,,,,,False,0,,,,G2_08_469,9f9fce4d1875b57e7a55c3a9cbf5b5a0c3f8476d84b3deb53c920d9b6322bb1d,,CERTIFIED_ENDPOINT_LIPSCHITZ_LOWER_BOUND,,54c035f7834b564019656c3e3fcc3646292f727d,START_STATE_REJECTED,,0,,1.1963328099809587
,,,,a3166060848f911fbbca79622a8a1c2b45c8acb14596f1f6c6fd13720878d374,,06c1ff17d2ed5eb184b6a9699a3a32da431a1460840431a3effe76d5f03b9ee3,0,False,,,,,,True,,,,,,,,G2_FEASIBILITY_DENSE,,,,,,,927734a2339a3f2710640065b0893eaae162cc0144ac67e2f377bcff2e71ae34,M2_FAS_START_SAFE_PLUS_FEASIBILITY_AWARE,,1.553712621374467,1.553712621374467,,,,0.0,0,,,,,False,0,,,,G2_08_469,9f9fce4d1875b57e7a55c3a9cbf5b5a0c3f8476d84b3deb53c920d9b6322bb1d,,CERTIFIED_ENDPOINT_LIPSCHITZ_LOWER_BOUND,,54c035f7834b564019656c3e3fcc3646292f727d,START_STATE_REJECTED,,0,,1.2057060559745878
,,,,a3166060848f911fbbca79622a8a1c2b45c8acb14596f1f6c6fd13720878d374,,06c1ff17d2ed5eb184b6a9699a3a32da431a1460840431a3effe76d5f03b9ee3,0,False,,,,,,True,,,,,,,,G2_FEASIBILITY_DENSE,,,,,,,927734a2339a3f2710640065b0893eaae162cc0144ac67e2f377bcff2e71ae34,M3_FAS_PLUS_DISCRETE_TIME_VERIFICATION,,1.553712621374467,1.553712621374467,,,,0.0,0,,,,,False,0,,,,G2_08_469,9f9fce4d1875b57e7a55c3a9cbf5b5a0c3f8476d84b3deb53c920d9b6322bb1d,,CERTIFIED_ENDPOINT_LIPSCHITZ_LOWER_BOUND,,54c035f7834b564019656c3e3fcc3646292f727d,START_STATE_REJECTED,,0,,1.2247402758803219
,,,,a3166060848f911fbbca79622a8a1c2b45c8acb14596f1f6c6fd13720878d374,,06c1ff17d2ed5eb184b6a9699a3a32da431a1460840431a3effe76d5f03b9ee3,0,False,,,,,,True,,,,,,,,G2_FEASIBILITY_DENSE,,,,,,,927734a2339a3f2710640065b0893eaae162cc0144ac67e2f377bcff2e71ae34,M4_FULL_FAS_CBF,,1.553712621374467,1.553712621374467,,,,0.0,0,,,,,False,0,,,,G2_08_469,9f9fce4d1875b57e7a55c3a9cbf5b5a0c3f8476d84b3deb53c920d9b6322bb1d,,CERTIFIED_ENDPOINT_LIPSCHITZ_LOWER_BOUND,,54c035f7834b564019656c3e3fcc3646292f727d,START_STATE_REJECTED,,0,,1.1978859349619597
2000,2000.0,2000.0,0.0,a3166060848f911fbbca79622a8a1c2b45c8acb14596f1f6c6fd13720878d374,2000.0,06c1ff17d2ed5eb184b6a9699a3a32da431a1460840431a3effe76d5f03b9ee3,0,False,0.0,0.0,0.0,0.0,0,True,0,0,0,0,,0.0,0,G2_FEASIBILITY_DENSE,1,0,0.0,0.0,0.0,0,927734a2339a3f2710640065b0893eaae162cc0144ac67e2f377bcff2e71ae34,M0_SAFER_BASELINE,-0.013255840936628547,1.6032104410972454,1.6032104410972454,0.0,0,,0.0,1,0,0,0,0,False,0,0.0,0.0,0.0,G2_09_058,9f9fce4d1875b57e7a55c3a9cbf5b5a0c3f8476d84b3deb53c920d9b6322bb1d,15430284161990364996,CERTIFIED_ENDPOINT_LIPSCHITZ_LOWER_BOUND,0,54c035f7834b564019656c3e3fcc3646292f727d,QP_INFEASIBLE,PrimalInfeasible,0,0,1.1654904440511018
,,,,a3166060848f911fbbca79622a8a1c2b45c8acb14596f1f6c6fd13720878d374,,06c1ff17d2ed5eb184b6a9699a3a32da431a1460840431a3effe76d5f03b9ee3,0,False,,,,,,True,,,,,,,,G2_FEASIBILITY_DENSE,,,,,,,927734a2339a3f2710640065b0893eaae162cc0144ac67e2f377bcff2e71ae34,M1_FAS_START_SAFE_ONLY,,1.6032104410972454,1.6032104410972454,,,,0.0,0,,,,,False,0,,,,G2_09_058,9f9fce4d1875b57e7a55c3a9cbf5b5a0c3f8476d84b3deb53c920d9b6322bb1d,,CERTIFIED_ENDPOINT_LIPSCHITZ_LOWER_BOUND,,54c035f7834b564019656c3e3fcc3646292f727d,START_STATE_REJECTED,,0,,1.187985299155116
,,,,a3166060848f911fbbca79622a8a1c2b45c8acb14596f1f6c6fd13720878d374,,06c1ff17d2ed5eb184b6a9699a3a32da431a1460840431a3effe76d5f03b9ee3,0,False,,,,,,True,,,,,,,,G2_FEASIBILITY_DENSE,,,,,,,927734a2339a3f2710640065b0893eaae162cc0144ac67e2f377bcff2e71ae34,M2_FAS_START_SAFE_PLUS_FEASIBILITY_AWARE,,1.6032104410972454,1.6032104410972454,,,,0.0,0,,,,,False,0,,,,G2_09_058,9f9fce4d1875b57e7a55c3a9cbf5b5a0c3f8476d84b3deb53c920d9b6322bb1d,,CERTIFIED_ENDPOINT_LIPSCHITZ_LOWER_BOUND,,54c035f7834b564019656c3e3fcc3646292f727d,START_STATE_REJECTED,,0,,1.2671501250006258
,,,,a3166060848f911fbbca79622a8a1c2b45c8acb14596f1f6c6fd13720878d374,,06c1ff17d2ed5eb184b6a9699a3a32da431a1460840431a3effe76d5f03b9ee3,0,False,,,,,,True,,,,,,,,G2_FEASIBILITY_DENSE,,,,,,,927734a2339a3f2710640065b0893eaae162cc0144ac67e2f377bcff2e71ae34,M3_FAS_PLUS_DISCRETE_TIME_VERIFICATION,,1.6032104410972454,1.6032104410972454,,,,0.0,0,,,,,False,0,,,,G2_09_058,9f9fce4d1875b57e7a55c3a9cbf5b5a0c3f8476d84b3deb53c920d9b6322bb1d,,CERTIFIED_ENDPOINT_LIPSCHITZ_LOWER_BOUND,,54c035f7834b564019656c3e3fcc3646292f727d,START_STATE_REJECTED,,0,,1.2548815680202097
,,,,a3166060848f911fbbca79622a8a1c2b45c8acb14596f1f6c6fd13720878d374,,06c1ff17d2ed5eb184b6a9699a3a32da431a1460840431a3effe76d5f03b9ee3,0,False,,,,,,True,,,,,,,,G2_FEASIBILITY_DENSE,,,,,,,927734a2339a3f2710640065b0893eaae162cc0144ac67e2f377bcff2e71ae34,M4_FULL_FAS_CBF,,1.6032104410972454,1.6032104410972454,,,,0.0,0,,,,,False,0,,,,G2_09_058,9f9fce4d1875b57e7a55c3a9cbf5b5a0c3f8476d84b3deb53c920d9b6322bb1d,,CERTIFIED_ENDPOINT_LIPSCHITZ_LOWER_BOUND,,54c035f7834b564019656c3e3fcc3646292f727d,START_STATE_REJECTED,,0,,1.1879890619311482
2000,2000.0,2000.0,0.0,a3166060848f911fbbca79622a8a1c2b45c8acb14596f1f6c6fd13720878d374,2000.0,06c1ff17d2ed5eb184b6a9699a3a32da431a1460840431a3effe76d5f03b9ee3,0,False,0.0,0.0,0.0,0.0,0,True,0,0,0,0,,0.0,0,G2_FEASIBILITY_DENSE,1,0,0.0,0.0,0.0,0,927734a2339a3f2710640065b0893eaae162cc0144ac67e2f377bcff2e71ae34,M0_SAFER_BASELINE,-0.016018863748435343,1.5532716961390178,1.5532716961390178,0.0,0,,0.0,1,0,0,0,0,False,0,0.0,0.0,0.0,G2_10_339,9f9fce4d1875b57e7a55c3a9cbf5b5a0c3f8476d84b3deb53c920d9b6322bb1d,16250470844382901024,CERTIFIED_ENDPOINT_LIPSCHITZ_LOWER_BOUND,0,54c035f7834b564019656c3e3fcc3646292f727d,QP_INFEASIBLE,PrimalInfeasible,0,0,1.1704872441478074
,,,,a3166060848f911fbbca79622a8a1c2b45c8acb14596f1f6c6fd13720878d374,,06c1ff17d2ed5eb184b6a9699a3a32da431a1460840431a3effe76d5f03b9ee3,0,False,,,,,,True,,,,,,,,G2_FEASIBILITY_DENSE,,,,,,,927734a2339a3f2710640065b0893eaae162cc0144ac67e2f377bcff2e71ae34,M1_FAS_START_SAFE_ONLY,,1.5532716961390178,1.5532716961390178,,,,0.0,0,,,,,False,0,,,,G2_10_339,9f9fce4d1875b57e7a55c3a9cbf5b5a0c3f8476d84b3deb53c920d9b6322bb1d,,CERTIFIED_ENDPOINT_LIPSCHITZ_LOWER_BOUND,,54c035f7834b564019656c3e3fcc3646292f727d,START_STATE_REJECTED,,0,,1.1980795490089804
,,,,a3166060848f911fbbca79622a8a1c2b45c8acb14596f1f6c6fd13720878d374,,06c1ff17d2ed5eb184b6a9699a3a32da431a1460840431a3effe76d5f03b9ee3,0,False,,,,,,True,,,,,,,,G2_FEASIBILITY_DENSE,,,,,,,927734a2339a3f2710640065b0893eaae162cc0144ac67e2f377bcff2e71ae34,M2_FAS_START_SAFE_PLUS_FEASIBILITY_AWARE,,1.5532716961390178,1.5532716961390178,,,,0.0,0,,,,,False,0,,,,G2_10_339,9f9fce4d1875b57e7a55c3a9cbf5b5a0c3f8476d84b3deb53c920d9b6322bb1d,,CERTIFIED_ENDPOINT_LIPSCHITZ_LOWER_BOUND,,54c035f7834b564019656c3e3fcc3646292f727d,START_STATE_REJECTED,,0,,1.1844511819072068
,,,,a3166060848f911fbbca79622a8a1c2b45c8acb14596f1f6c6fd13720878d374,,06c1ff17d2ed5eb184b6a9699a3a32da431a1460840431a3effe76d5f03b9ee3,0,False,,,,,,True,,,,,,,,G2_FEASIBILITY_DENSE,,,,,,,927734a2339a3f2710640065b0893eaae162cc0144ac67e2f377bcff2e71ae34,M3_FAS_PLUS_DISCRETE_TIME_VERIFICATION,,1.5532716961390178,1.5532716961390178,,,,0.0,0,,,,,False,0,,,,G2_10_339,9f9fce4d1875b57e7a55c3a9cbf5b5a0c3f8476d84b3deb53c920d9b6322bb1d,,CERTIFIED_ENDPOINT_LIPSCHITZ_LOWER_BOUND,,54c035f7834b564019656c3e3fcc3646292f727d,START_STATE_REJECTED,,0,,1.2307000041473657
,,,,a3166060848f911fbbca79622a8a1c2b45c8acb14596f1f6c6fd13720878d374,,06c1ff17d2ed5eb184b6a9699a3a32da431a1460840431a3effe76d5f03b9ee3,0,False,,,,,,True,,,,,,,,G2_FEASIBILITY_DENSE,,,,,,,927734a2339a3f2710640065b0893eaae162cc0144ac67e2f377bcff2e71ae34,M4_FULL_FAS_CBF,,1.5532716961390178,1.5532716961390178,,,,0.0,0,,,,,False,0,,,,G2_10_339,9f9fce4d1875b57e7a55c3a9cbf5b5a0c3f8476d84b3deb53c920d9b6322bb1d,,CERTIFIED_ENDPOINT_LIPSCHITZ_LOWER_BOUND,,54c035f7834b564019656c3e3fcc3646292f727d,START_STATE_REJECTED,,0,,1.2079521720297635
2000,2000.0,2000.0,0.0,a3166060848f911fbbca79622a8a1c2b45c8acb14596f1f6c6fd13720878d374,2000.0,06c1ff17d2ed5eb184b6a9699a3a32da431a1460840431a3effe76d5f03b9ee3,0,False,0.0,0.0,0.0,0.0,0,True,0,0,0,0,,0.0,0,G2_FEASIBILITY_DENSE,1,0,0.0,0.0,0.0,0,927734a2339a3f2710640065b0893eaae162cc0144ac67e2f377bcff2e71ae34,M0_SAFER_BASELINE,-0.013960807170039113,1.5494210047655428,1.5494210047655428,0.0,0,,0.0,1,0,0,0,0,False,0,0.0,0.0,0.0,G2_11_210,9f9fce4d1875b57e7a55c3a9cbf5b5a0c3f8476d84b3deb53c920d9b6322bb1d,15954604344557753391,CERTIFIED_ENDPOINT_LIPSCHITZ_LOWER_BOUND,0,54c035f7834b564019656c3e3fcc3646292f727d,QP_INFEASIBLE,PrimalInfeasible,0,0,1.1779481349512935
,,,,a3166060848f911fbbca79622a8a1c2b45c8acb14596f1f6c6fd13720878d374,,06c1ff17d2ed5eb184b6a9699a3a32da431a1460840431a3effe76d5f03b9ee3,0,False,,,,,,True,,,,,,,,G2_FEASIBILITY_DENSE,,,,,,,927734a2339a3f2710640065b0893eaae162cc0144ac67e2f377bcff2e71ae34,M1_FAS_START_SAFE_ONLY,,1.5494210047655428,1.5494210047655428,,,,0.0,0,,,,,False,0,,,,G2_11_210,9f9fce4d1875b57e7a55c3a9cbf5b5a0c3f8476d84b3deb53c920d9b6322bb1d,,CERTIFIED_ENDPOINT_LIPSCHITZ_LOWER_BOUND,,54c035f7834b564019656c3e3fcc3646292f727d,START_STATE_REJECTED,,0,,1.1938388799317181
,,,,a3166060848f911fbbca79622a8a1c2b45c8acb14596f1f6c6fd13720878d374,,06c1ff17d2ed5eb184b6a9699a3a32da431a1460840431a3effe76d5f03b9ee3,0,False,,,,,,True,,,,,,,,G2_FEASIBILITY_DENSE,,,,,,,927734a2339a3f2710640065b0893eaae162cc0144ac67e2f377bcff2e71ae34,M2_FAS_START_SAFE_PLUS_FEASIBILITY_AWARE,,1.5494210047655428,1.5494210047655428,,,,0.0,0,,,,,False,0,,,,G2_11_210,9f9fce4d1875b57e7a55c3a9cbf5b5a0c3f8476d84b3deb53c920d9b6322bb1d,,CERTIFIED_ENDPOINT_LIPSCHITZ_LOWER_BOUND,,54c035f7834b564019656c3e3fcc3646292f727d,START_STATE_REJECTED,,0,,1.1963913210202008
,,,,a3166060848f911fbbca79622a8a1c2b45c8acb14596f1f6c6fd13720878d374,,06c1ff17d2ed5eb184b6a9699a3a32da431a1460840431a3effe76d5f03b9ee3,0,False,,,,,,True,,,,,,,,G2_FEASIBILITY_DENSE,,,,,,,927734a2339a3f2710640065b0893eaae162cc0144ac67e2f377bcff2e71ae34,M3_FAS_PLUS_DISCRETE_TIME_VERIFICATION,,1.5494210047655428,1.5494210047655428,,,,0.0,0,,,,,False,0,,,,G2_11_210,9f9fce4d1875b57e7a55c3a9cbf5b5a0c3f8476d84b3deb53c920d9b6322bb1d,,CERTIFIED_ENDPOINT_LIPSCHITZ_LOWER_BOUND,,54c035f7834b564019656c3e3fcc3646292f727d,START_STATE_REJECTED,,0,,1.189883786952123
,,,,a3166060848f911fbbca79622a8a1c2b45c8acb14596f1f6c6fd13720878d374,,06c1ff17d2ed5eb184b6a9699a3a32da431a1460840431a3effe76d5f03b9ee3,0,False,,,,,,True,,,,,,,,G2_FEASIBILITY_DENSE,,,,,,,927734a2339a3f2710640065b0893eaae162cc0144ac67e2f377bcff2e71ae34,M4_FULL_FAS_CBF,,1.5494210047655428,1.5494210047655428,,,,0.0,0,,,,,False,0,,,,G2_11_210,9f9fce4d1875b57e7a55c3a9cbf5b5a0c3f8476d84b3deb53c920d9b6322bb1d,,CERTIFIED_ENDPOINT_LIPSCHITZ_LOWER_BOUND,,54c035f7834b564019656c3e3fcc3646292f727d,START_STATE_REJECTED,,0,,1.1783317439258099
2000,2000.0,2000.0,0.0,a3166060848f911fbbca79622a8a1c2b45c8acb14596f1f6c6fd13720878d374,2000.0,06c1ff17d2ed5eb184b6a9699a3a32da431a1460840431a3effe76d5f03b9ee3,0,False,0.0,0.0,0.0,0.0,0,True,0,0,0,0,,0.0,0,G2_FEASIBILITY_DENSE,1,0,0.0,0.0,0.0,0,927734a2339a3f2710640065b0893eaae162cc0144ac67e2f377bcff2e71ae34,M0_SAFER_BASELINE,-0.012944433273169333,1.5519686504367376,1.5519686504367376,0.0,0,,0.0,1,0,0,0,0,False,0,0.0,0.0,0.0,G2_12_356,9f9fce4d1875b57e7a55c3a9cbf5b5a0c3f8476d84b3deb53c920d9b6322bb1d,4309727134076954990,CERTIFIED_ENDPOINT_LIPSCHITZ_LOWER_BOUND,0,54c035f7834b564019656c3e3fcc3646292f727d,QP_INFEASIBLE,PrimalInfeasible,0,0,1.1741842799820006
,,,,a3166060848f911fbbca79622a8a1c2b45c8acb14596f1f6c6fd13720878d374,,06c1ff17d2ed5eb184b6a9699a3a32da431a1460840431a3effe76d5f03b9ee3,0,False,,,,,,True,,,,,,,,G2_FEASIBILITY_DENSE,,,,,,,927734a2339a3f2710640065b0893eaae162cc0144ac67e2f377bcff2e71ae34,M1_FAS_START_SAFE_ONLY,,1.5519686504367376,1.5519686504367376,,,,0.0,0,,,,,False,0,,,,G2_12_356,9f9fce4d1875b57e7a55c3a9cbf5b5a0c3f8476d84b3deb53c920d9b6322bb1d,,CERTIFIED_ENDPOINT_LIPSCHITZ_LOWER_BOUND,,54c035f7834b564019656c3e3fcc3646292f727d,START_STATE_REJECTED,,0,,1.200760327046737
,,,,a3166060848f911fbbca79622a8a1c2b45c8acb14596f1f6c6fd13720878d374,,06c1ff17d2ed5eb184b6a9699a3a32da431a1460840431a3effe76d5f03b9ee3,0,False,,,,,,True,,,,,,,,G2_FEASIBILITY_DENSE,,,,,,,927734a2339a3f2710640065b0893eaae162cc0144ac67e2f377bcff2e71ae34,M2_FAS_START_SAFE_PLUS_FEASIBILITY_AWARE,,1.5519686504367376,1.5519686504367376,,,,0.0,0,,,,,False,0,,,,G2_12_356,9f9fce4d1875b57e7a55c3a9cbf5b5a0c3f8476d84b3deb53c920d9b6322bb1d,,CERTIFIED_ENDPOINT_LIPSCHITZ_LOWER_BOUND,,54c035f7834b564019656c3e3fcc3646292f727d,START_STATE_REJECTED,,0,,1.2001309259794652
,,,,a3166060848f911fbbca79622a8a1c2b45c8acb14596f1f6c6fd13720878d374,,06c1ff17d2ed5eb184b6a9699a3a32da431a1460840431a3effe76d5f03b9ee3,0,False,,,,,,True,,,,,,,,G2_FEASIBILITY_DENSE,,,,,,,927734a2339a3f2710640065b0893eaae162cc0144ac67e2f377bcff2e71ae34,M3_FAS_PLUS_DISCRETE_TIME_VERIFICATION,,1.5519686504367376,1.5519686504367376,,,,0.0,0,,,,,False,0,,,,G2_12_356,9f9fce4d1875b57e7a55c3a9cbf5b5a0c3f8476d84b3deb53c920d9b6322bb1d,,CERTIFIED_ENDPOINT_LIPSCHITZ_LOWER_BOUND,,54c035f7834b564019656c3e3fcc3646292f727d,START_STATE_REJECTED,,0,,1.2104141861200333
,,,,a3166060848f911fbbca79622a8a1c2b45c8acb14596f1f6c6fd13720878d374,,06c1ff17d2ed5eb184b6a9699a3a32da431a1460840431a3effe76d5f03b9ee3,0,False,,,,,,True,,,,,,,,G2_FEASIBILITY_DENSE,,,,,,,927734a2339a3f2710640065b0893eaae162cc0144ac67e2f377bcff2e71ae34,M4_FULL_FAS_CBF,,1.5519686504367376,1.5519686504367376,,,,0.0,0,,,,,False,0,,,,G2_12_356,9f9fce4d1875b57e7a55c3a9cbf5b5a0c3f8476d84b3deb53c920d9b6322bb1d,,CERTIFIED_ENDPOINT_LIPSCHITZ_LOWER_BOUND,,54c035f7834b564019656c3e3fcc3646292f727d,START_STATE_REJECTED,,0,,1.2171178790740669
2000,2000.0,2000.0,0.0,a3166060848f911fbbca79622a8a1c2b45c8acb14596f1f6c6fd13720878d374,2000.0,06c1ff17d2ed5eb184b6a9699a3a32da431a1460840431a3effe76d5f03b9ee3,0,False,0.0,0.0,0.0,0.0,0,True,0,0,0,0,,0.0,0,G2_FEASIBILITY_DENSE,1,0,0.0,0.0,0.0,0,927734a2339a3f2710640065b0893eaae162cc0144ac67e2f377bcff2e71ae34,M0_SAFER_BASELINE,-0.012452041381170747,1.5500691578034784,1.5500691578034784,0.0,0,,0.0,1,0,0,0,0,False,0,0.0,0.0,0.0,G2_13_048,9f9fce4d1875b57e7a55c3a9cbf5b5a0c3f8476d84b3deb53c920d9b6322bb1d,16582565396657645014,CERTIFIED_ENDPOINT_LIPSCHITZ_LOWER_BOUND,0,54c035f7834b564019656c3e3fcc3646292f727d,QP_INFEASIBLE,PrimalInfeasible,0,0,1.168603200931102
,,,,a3166060848f911fbbca79622a8a1c2b45c8acb14596f1f6c6fd13720878d374,,06c1ff17d2ed5eb184b6a9699a3a32da431a1460840431a3effe76d5f03b9ee3,0,False,,,,,,True,,,,,,,,G2_FEASIBILITY_DENSE,,,,,,,927734a2339a3f2710640065b0893eaae162cc0144ac67e2f377bcff2e71ae34,M1_FAS_START_SAFE_ONLY,,1.5500691578034784,1.5500691578034784,,,,0.0,0,,,,,False,0,,,,G2_13_048,9f9fce4d1875b57e7a55c3a9cbf5b5a0c3f8476d84b3deb53c920d9b6322bb1d,,CERTIFIED_ENDPOINT_LIPSCHITZ_LOWER_BOUND,,54c035f7834b564019656c3e3fcc3646292f727d,START_STATE_REJECTED,,0,,1.1900373010430485
,,,,a3166060848f911fbbca79622a8a1c2b45c8acb14596f1f6c6fd13720878d374,,06c1ff17d2ed5eb184b6a9699a3a32da431a1460840431a3effe76d5f03b9ee3,0,False,,,,,,True,,,,,,,,G2_FEASIBILITY_DENSE,,,,,,,927734a2339a3f2710640065b0893eaae162cc0144ac67e2f377bcff2e71ae34,M2_FAS_START_SAFE_PLUS_FEASIBILITY_AWARE,,1.5500691578034784,1.5500691578034784,,,,0.0,0,,,,,False,0,,,,G2_13_048,9f9fce4d1875b57e7a55c3a9cbf5b5a0c3f8476d84b3deb53c920d9b6322bb1d,,CERTIFIED_ENDPOINT_LIPSCHITZ_LOWER_BOUND,,54c035f7834b564019656c3e3fcc3646292f727d,START_STATE_REJECTED,,0,,1.1854244461283088
,,,,a3166060848f911fbbca79622a8a1c2b45c8acb14596f1f6c6fd13720878d374,,06c1ff17d2ed5eb184b6a9699a3a32da431a1460840431a3effe76d5f03b9ee3,0,False,,,,,,True,,,,,,,,G2_FEASIBILITY_DENSE,,,,,,,927734a2339a3f2710640065b0893eaae162cc0144ac67e2f377bcff2e71ae34,M3_FAS_PLUS_DISCRETE_TIME_VERIFICATION,,1.5500691578034784,1.5500691578034784,,,,0.0,0,,,,,False,0,,,,G2_13_048,9f9fce4d1875b57e7a55c3a9cbf5b5a0c3f8476d84b3deb53c920d9b6322bb1d,,CERTIFIED_ENDPOINT_LIPSCHITZ_LOWER_BOUND,,54c035f7834b564019656c3e3fcc3646292f727d,START_STATE_REJECTED,,0,,1.189816027879715
,,,,a3166060848f911fbbca79622a8a1c2b45c8acb14596f1f6c6fd13720878d374,,06c1ff17d2ed5eb184b6a9699a3a32da431a1460840431a3effe76d5f03b9ee3,0,False,,,,,,True,,,,,,,,G2_FEASIBILITY_DENSE,,,,,,,927734a2339a3f2710640065b0893eaae162cc0144ac67e2f377bcff2e71ae34,M4_FULL_FAS_CBF,,1.5500691578034784,1.5500691578034784,,,,0.0,0,,,,,False,0,,,,G2_13_048,9f9fce4d1875b57e7a55c3a9cbf5b5a0c3f8476d84b3deb53c920d9b6322bb1d,,CERTIFIED_ENDPOINT_LIPSCHITZ_LOWER_BOUND,,54c035f7834b564019656c3e3fcc3646292f727d,START_STATE_REJECTED,,0,,1.1762939009349793
2000,2000.0,2000.0,0.0,a3166060848f911fbbca79622a8a1c2b45c8acb14596f1f6c6fd13720878d374,2000.0,06c1ff17d2ed5eb184b6a9699a3a32da431a1460840431a3effe76d5f03b9ee3,0,False,0.0,0.0,0.0,0.0,0,True,0,0,0,0,,0.0,0,G2_FEASIBILITY_DENSE,1,0,0.0,0.0,0.0,0,927734a2339a3f2710640065b0893eaae162cc0144ac67e2f377bcff2e71ae34,M0_SAFER_BASELINE,-0.013271529446069439,1.5585301835046554,1.5585301835046554,0.0,0,,0.0,1,0,0,0,0,False,0,0.0,0.0,0.0,G2_14_001,9f9fce4d1875b57e7a55c3a9cbf5b5a0c3f8476d84b3deb53c920d9b6322bb1d,1439708513188883151,CERTIFIED_ENDPOINT_LIPSCHITZ_LOWER_BOUND,0,54c035f7834b564019656c3e3fcc3646292f727d,QP_INFEASIBLE,PrimalInfeasible,0,0,1.1642536229919642
,,,,a3166060848f911fbbca79622a8a1c2b45c8acb14596f1f6c6fd13720878d374,,06c1ff17d2ed5eb184b6a9699a3a32da431a1460840431a3effe76d5f03b9ee3,0,False,,,,,,True,,,,,,,,G2_FEASIBILITY_DENSE,,,,,,,927734a2339a3f2710640065b0893eaae162cc0144ac67e2f377bcff2e71ae34,M1_FAS_START_SAFE_ONLY,,1.5585301835046554,1.5585301835046554,,,,0.0,0,,,,,False,0,,,,G2_14_001,9f9fce4d1875b57e7a55c3a9cbf5b5a0c3f8476d84b3deb53c920d9b6322bb1d,,CERTIFIED_ENDPOINT_LIPSCHITZ_LOWER_BOUND,,54c035f7834b564019656c3e3fcc3646292f727d,START_STATE_REJECTED,,0,,1.1879222760908306
,,,,a3166060848f911fbbca79622a8a1c2b45c8acb14596f1f6c6fd13720878d374,,06c1ff17d2ed5eb184b6a9699a3a32da431a1460840431a3effe76d5f03b9ee3,0,False,,,,,,True,,,,,,,,G2_FEASIBILITY_DENSE,,,,,,,927734a2339a3f2710640065b0893eaae162cc0144ac67e2f377bcff2e71ae34,M2_FAS_START_SAFE_PLUS_FEASIBILITY_AWARE,,1.5585301835046554,1.5585301835046554,,,,0.0,0,,,,,False,0,,,,G2_14_001,9f9fce4d1875b57e7a55c3a9cbf5b5a0c3f8476d84b3deb53c920d9b6322bb1d,,CERTIFIED_ENDPOINT_LIPSCHITZ_LOWER_BOUND,,54c035f7834b564019656c3e3fcc3646292f727d,START_STATE_REJECTED,,0,,1.183081422932446
,,,,a3166060848f911fbbca79622a8a1c2b45c8acb14596f1f6c6fd13720878d374,,06c1ff17d2ed5eb184b6a9699a3a32da431a1460840431a3effe76d5f03b9ee3,0,False,,,,,,True,,,,,,,,G2_FEASIBILITY_DENSE,,,,,,,927734a2339a3f2710640065b0893eaae162cc0144ac67e2f377bcff2e71ae34,M3_FAS_PLUS_DISCRETE_TIME_VERIFICATION,,1.5585301835046554,1.5585301835046554,,,,0.0,0,,,,,False,0,,,,G2_14_001,9f9fce4d1875b57e7a55c3a9cbf5b5a0c3f8476d84b3deb53c920d9b6322bb1d,,CERTIFIED_ENDPOINT_LIPSCHITZ_LOWER_BOUND,,54c035f7834b564019656c3e3fcc3646292f727d,START_STATE_REJECTED,,0,,1.1828614310361445
,,,,a3166060848f911fbbca79622a8a1c2b45c8acb14596f1f6c6fd13720878d374,,06c1ff17d2ed5eb184b6a9699a3a32da431a1460840431a3effe76d5f03b9ee3,0,False,,,,,,True,,,,,,,,G2_FEASIBILITY_DENSE,,,,,,,927734a2339a3f2710640065b0893eaae162cc0144ac67e2f377bcff2e71ae34,M4_FULL_FAS_CBF,,1.5585301835046554,1.5585301835046554,,,,0.0,0,,,,,False,0,,,,G2_14_001,9f9fce4d1875b57e7a55c3a9cbf5b5a0c3f8476d84b3deb53c920d9b6322bb1d,,CERTIFIED_ENDPOINT_LIPSCHITZ_LOWER_BOUND,,54c035f7834b564019656c3e3fcc3646292f727d,START_STATE_REJECTED,,0,,1.2349901050329208
2000,2000.0,2000.0,0.0,a3166060848f911fbbca79622a8a1c2b45c8acb14596f1f6c6fd13720878d374,2000.0,06c1ff17d2ed5eb184b6a9699a3a32da431a1460840431a3effe76d5f03b9ee3,0,False,0.0,0.0,0.0,0.0,0,True,0,0,0,0,,0.0,0,G2_FEASIBILITY_DENSE,1,0,0.0,0.0,0.0,0,927734a2339a3f2710640065b0893eaae162cc0144ac67e2f377bcff2e71ae34,M0_SAFER_BASELINE,-0.013049596765740268,1.552316744637861,1.552316744637861,0.0,0,,0.0,1,0,0,0,0,False,0,0.0,0.0,0.0,G2_15_322,9f9fce4d1875b57e7a55c3a9cbf5b5a0c3f8476d84b3deb53c920d9b6322bb1d,1455525892184753133,CERTIFIED_ENDPOINT_LIPSCHITZ_LOWER_BOUND,0,54c035f7834b564019656c3e3fcc3646292f727d,QP_INFEASIBLE,PrimalInfeasible,0,0,1.2059491148684174
,,,,a3166060848f911fbbca79622a8a1c2b45c8acb14596f1f6c6fd13720878d374,,06c1ff17d2ed5eb184b6a9699a3a32da431a1460840431a3effe76d5f03b9ee3,0,False,,,,,,True,,,,,,,,G2_FEASIBILITY_DENSE,,,,,,,927734a2339a3f2710640065b0893eaae162cc0144ac67e2f377bcff2e71ae34,M1_FAS_START_SAFE_ONLY,,1.552316744637861,1.552316744637861,,,,0.0,0,,,,,False,0,,,,G2_15_322,9f9fce4d1875b57e7a55c3a9cbf5b5a0c3f8476d84b3deb53c920d9b6322bb1d,,CERTIFIED_ENDPOINT_LIPSCHITZ_LOWER_BOUND,,54c035f7834b564019656c3e3fcc3646292f727d,START_STATE_REJECTED,,0,,1.228302425937727
,,,,a3166060848f911fbbca79622a8a1c2b45c8acb14596f1f6c6fd13720878d374,,06c1ff17d2ed5eb184b6a9699a3a32da431a1460840431a3effe76d5f03b9ee3,0,False,,,,,,True,,,,,,,,G2_FEASIBILITY_DENSE,,,,,,,927734a2339a3f2710640065b0893eaae162cc0144ac67e2f377bcff2e71ae34,M2_FAS_START_SAFE_PLUS_FEASIBILITY_AWARE,,1.552316744637861,1.552316744637861,,,,0.0,0,,,,,False,0,,,,G2_15_322,9f9fce4d1875b57e7a55c3a9cbf5b5a0c3f8476d84b3deb53c920d9b6322bb1d,,CERTIFIED_ENDPOINT_LIPSCHITZ_LOWER_BOUND,,54c035f7834b564019656c3e3fcc3646292f727d,START_STATE_REJECTED,,0,,1.2321980360429734
,,,,a3166060848f911fbbca79622a8a1c2b45c8acb14596f1f6c6fd13720878d374,,06c1ff17d2ed5eb184b6a9699a3a32da431a1460840431a3effe76d5f03b9ee3,0,False,,,,,,True,,,,,,,,G2_FEASIBILITY_DENSE,,,,,,,927734a2339a3f2710640065b0893eaae162cc0144ac67e2f377bcff2e71ae34,M3_FAS_PLUS_DISCRETE_TIME_VERIFICATION,,1.552316744637861,1.552316744637861,,,,0.0,0,,,,,False,0,,,,G2_15_322,9f9fce4d1875b57e7a55c3a9cbf5b5a0c3f8476d84b3deb53c920d9b6322bb1d,,CERTIFIED_ENDPOINT_LIPSCHITZ_LOWER_BOUND,,54c035f7834b564019656c3e3fcc3646292f727d,START_STATE_REJECTED,,0,,1.2328760589007288
,,,,a3166060848f911fbbca79622a8a1c2b45c8acb14596f1f6c6fd13720878d374,,06c1ff17d2ed5eb184b6a9699a3a32da431a1460840431a3effe76d5f03b9ee3,0,False,,,,,,True,,,,,,,,G2_FEASIBILITY_DENSE,,,,,,,927734a2339a3f2710640065b0893eaae162cc0144ac67e2f377bcff2e71ae34,M4_FULL_FAS_CBF,,1.552316744637861,1.552316744637861,,,,0.0,0,,,,,False,0,,,,G2_15_322,9f9fce4d1875b57e7a55c3a9cbf5b5a0c3f8476d84b3deb53c920d9b6322bb1d,,CERTIFIED_ENDPOINT_LIPSCHITZ_LOWER_BOUND,,54c035f7834b564019656c3e3fcc3646292f727d,START_STATE_REJECTED,,0,,1.2749500260688365
2000,2000.0,2000.0,0.0,a3166060848f911fbbca79622a8a1c2b45c8acb14596f1f6c6fd13720878d374,2000.0,06c1ff17d2ed5eb184b6a9699a3a32da431a1460840431a3effe76d5f03b9ee3,0,False,0.0,0.0,0.0,0.0,0,True,0,0,0,0,,0.0,0,G2_FEASIBILITY_DENSE,1,0,0.0,0.0,0.0,0,927734a2339a3f2710640065b0893eaae162cc0144ac67e2f377bcff2e71ae34,M0_SAFER_BASELINE,-0.013066015449673802,1.5588222203550621,1.5588222203550621,0.0,0,,0.0,1,0,0,0,0,False,0,0.0,0.0,0.0,G2_16_000,9f9fce4d1875b57e7a55c3a9cbf5b5a0c3f8476d84b3deb53c920d9b6322bb1d,1404146338375405209,CERTIFIED_ENDPOINT_LIPSCHITZ_LOWER_BOUND,0,54c035f7834b564019656c3e3fcc3646292f727d,QP_INFEASIBLE,PrimalInfeasible,0,0,1.1709218800533563
,,,,a3166060848f911fbbca79622a8a1c2b45c8acb14596f1f6c6fd13720878d374,,06c1ff17d2ed5eb184b6a9699a3a32da431a1460840431a3effe76d5f03b9ee3,0,False,,,,,,True,,,,,,,,G2_FEASIBILITY_DENSE,,,,,,,927734a2339a3f2710640065b0893eaae162cc0144ac67e2f377bcff2e71ae34,M1_FAS_START_SAFE_ONLY,,1.5588222203550621,1.5588222203550621,,,,0.0,0,,,,,False,0,,,,G2_16_000,9f9fce4d1875b57e7a55c3a9cbf5b5a0c3f8476d84b3deb53c920d9b6322bb1d,,CERTIFIED_ENDPOINT_LIPSCHITZ_LOWER_BOUND,,54c035f7834b564019656c3e3fcc3646292f727d,START_STATE_REJECTED,,0,,1.1864843021612614
,,,,a3166060848f911fbbca79622a8a1c2b45c8acb14596f1f6c6fd13720878d374,,06c1ff17d2ed5eb184b6a9699a3a32da431a1460840431a3effe76d5f03b9ee3,0,False,,,,,,True,,,,,,,,G2_FEASIBILITY_DENSE,,,,,,,927734a2339a3f2710640065b0893eaae162cc0144ac67e2f377bcff2e71ae34,M2_FAS_START_SAFE_PLUS_FEASIBILITY_AWARE,,1.5588222203550621,1.5588222203550621,,,,0.0,0,,,,,False,0,,,,G2_16_000,9f9fce4d1875b57e7a55c3a9cbf5b5a0c3f8476d84b3deb53c920d9b6322bb1d,,CERTIFIED_ENDPOINT_LIPSCHITZ_LOWER_BOUND,,54c035f7834b564019656c3e3fcc3646292f727d,START_STATE_REJECTED,,0,,1.2360596470534801
,,,,a3166060848f911fbbca79622a8a1c2b45c8acb14596f1f6c6fd13720878d374,,06c1ff17d2ed5eb184b6a9699a3a32da431a1460840431a3effe76d5f03b9ee3,0,False,,,,,,True,,,,,,,,G2_FEASIBILITY_DENSE,,,,,,,927734a2339a3f2710640065b0893eaae162cc0144ac67e2f377bcff2e71ae34,M3_FAS_PLUS_DISCRETE_TIME_VERIFICATION,,1.5588222203550621,1.5588222203550621,,,,0.0,0,,,,,False,0,,,,G2_16_000,9f9fce4d1875b57e7a55c3a9cbf5b5a0c3f8476d84b3deb53c920d9b6322bb1d,,CERTIFIED_ENDPOINT_LIPSCHITZ_LOWER_BOUND,,54c035f7834b564019656c3e3fcc3646292f727d,START_STATE_REJECTED,,0,,1.2383580920286477
,,,,a3166060848f911fbbca79622a8a1c2b45c8acb14596f1f6c6fd13720878d374,,06c1ff17d2ed5eb184b6a9699a3a32da431a1460840431a3effe76d5f03b9ee3,0,False,,,,,,True,,,,,,,,G2_FEASIBILITY_DENSE,,,,,,,927734a2339a3f2710640065b0893eaae162cc0144ac67e2f377bcff2e71ae34,M4_FULL_FAS_CBF,,1.5588222203550621,1.5588222203550621,,,,0.0,0,,,,,False,0,,,,G2_16_000,9f9fce4d1875b57e7a55c3a9cbf5b5a0c3f8476d84b3deb53c920d9b6322bb1d,,CERTIFIED_ENDPOINT_LIPSCHITZ_LOWER_BOUND,,54c035f7834b564019656c3e3fcc3646292f727d,START_STATE_REJECTED,,0,,1.2544368039816618
2000,2000.0,2000.0,0.0,a3166060848f911fbbca79622a8a1c2b45c8acb14596f1f6c6fd13720878d374,2000.0,06c1ff17d2ed5eb184b6a9699a3a32da431a1460840431a3effe76d5f03b9ee3,0,False,0.0,0.0,0.0,0.0,0,True,0,0,0,0,,0.0,0,G2_FEASIBILITY_DENSE,1,0,0.0,0.0,0.0,0,927734a2339a3f2710640065b0893eaae162cc0144ac67e2f377bcff2e71ae34,M0_SAFER_BASELINE,-0.013300463417923243,1.5539341463582481,1.5539341463582481,0.0,0,,0.0,1,0,0,0,0,False,0,0.0,0.0,0.0,G2_17_024,9f9fce4d1875b57e7a55c3a9cbf5b5a0c3f8476d84b3deb53c920d9b6322bb1d,9398754799675783792,CERTIFIED_ENDPOINT_LIPSCHITZ_LOWER_BOUND,0,54c035f7834b564019656c3e3fcc3646292f727d,QP_INFEASIBLE,PrimalInfeasible,0,0,1.26652916893363
,,,,a3166060848f911fbbca79622a8a1c2b45c8acb14596f1f6c6fd13720878d374,,06c1ff17d2ed5eb184b6a9699a3a32da431a1460840431a3effe76d5f03b9ee3,0,False,,,,,,True,,,,,,,,G2_FEASIBILITY_DENSE,,,,,,,927734a2339a3f2710640065b0893eaae162cc0144ac67e2f377bcff2e71ae34,M1_FAS_START_SAFE_ONLY,,1.5539341463582481,1.5539341463582481,,,,0.0,0,,,,,False,0,,,,G2_17_024,9f9fce4d1875b57e7a55c3a9cbf5b5a0c3f8476d84b3deb53c920d9b6322bb1d,,CERTIFIED_ENDPOINT_LIPSCHITZ_LOWER_BOUND,,54c035f7834b564019656c3e3fcc3646292f727d,START_STATE_REJECTED,,0,,1.3372828029096127
,,,,a3166060848f911fbbca79622a8a1c2b45c8acb14596f1f6c6fd13720878d374,,06c1ff17d2ed5eb184b6a9699a3a32da431a1460840431a3effe76d5f03b9ee3,0,False,,,,,,True,,,,,,,,G2_FEASIBILITY_DENSE,,,,,,,927734a2339a3f2710640065b0893eaae162cc0144ac67e2f377bcff2e71ae34,M2_FAS_START_SAFE_PLUS_FEASIBILITY_AWARE,,1.5539341463582481,1.5539341463582481,,,,0.0,0,,,,,False,0,,,,G2_17_024,9f9fce4d1875b57e7a55c3a9cbf5b5a0c3f8476d84b3deb53c920d9b6322bb1d,,CERTIFIED_ENDPOINT_LIPSCHITZ_LOWER_BOUND,,54c035f7834b564019656c3e3fcc3646292f727d,START_STATE_REJECTED,,0,,1.2248795970808715
,,,,a3166060848f911fbbca79622a8a1c2b45c8acb14596f1f6c6fd13720878d374,,06c1ff17d2ed5eb184b6a9699a3a32da431a1460840431a3effe76d5f03b9ee3,0,False,,,,,,True,,,,,,,,G2_FEASIBILITY_DENSE,,,,,,,927734a2339a3f2710640065b0893eaae162cc0144ac67e2f377bcff2e71ae34,M3_FAS_PLUS_DISCRETE_TIME_VERIFICATION,,1.5539341463582481,1.5539341463582481,,,,0.0,0,,,,,False,0,,,,G2_17_024,9f9fce4d1875b57e7a55c3a9cbf5b5a0c3f8476d84b3deb53c920d9b6322bb1d,,CERTIFIED_ENDPOINT_LIPSCHITZ_LOWER_BOUND,,54c035f7834b564019656c3e3fcc3646292f727d,START_STATE_REJECTED,,0,,1.2364950019400567
,,,,a3166060848f911fbbca79622a8a1c2b45c8acb14596f1f6c6fd13720878d374,,06c1ff17d2ed5eb184b6a9699a3a32da431a1460840431a3effe76d5f03b9ee3,0,False,,,,,,True,,,,,,,,G2_FEASIBILITY_DENSE,,,,,,,927734a2339a3f2710640065b0893eaae162cc0144ac67e2f377bcff2e71ae34,M4_FULL_FAS_CBF,,1.5539341463582481,1.5539341463582481,,,,0.0,0,,,,,False,0,,,,G2_17_024,9f9fce4d1875b57e7a55c3a9cbf5b5a0c3f8476d84b3deb53c920d9b6322bb1d,,CERTIFIED_ENDPOINT_LIPSCHITZ_LOWER_BOUND,,54c035f7834b564019656c3e3fcc3646292f727d,START_STATE_REJECTED,,0,,1.2604603271465749
2000,2000.0,2000.0,0.0,a3166060848f911fbbca79622a8a1c2b45c8acb14596f1f6c6fd13720878d374,2000.0,06c1ff17d2ed5eb184b6a9699a3a32da431a1460840431a3effe76d5f03b9ee3,0,False,0.0,0.0,0.0,0.0,0,True,0,0,0,0,,0.0,0,G2_FEASIBILITY_DENSE,1,0,0.0,0.0,0.0,0,927734a2339a3f2710640065b0893eaae162cc0144ac67e2f377bcff2e71ae34,M0_SAFER_BASELINE,-0.014461144635205274,1.5533500145041887,1.5533500145041887,0.0,0,,0.0,1,0,0,0,0,False,0,0.0,0.0,0.0,G2_18_049,9f9fce4d1875b57e7a55c3a9cbf5b5a0c3f8476d84b3deb53c920d9b6322bb1d,7858312856451674860,CERTIFIED_ENDPOINT_LIPSCHITZ_LOWER_BOUND,0,54c035f7834b564019656c3e3fcc3646292f727d,QP_INFEASIBLE,PrimalInfeasible,0,0,1.2150686411187053
,,,,a3166060848f911fbbca79622a8a1c2b45c8acb14596f1f6c6fd13720878d374,,06c1ff17d2ed5eb184b6a9699a3a32da431a1460840431a3effe76d5f03b9ee3,0,False,,,,,,True,,,,,,,,G2_FEASIBILITY_DENSE,,,,,,,927734a2339a3f2710640065b0893eaae162cc0144ac67e2f377bcff2e71ae34,M1_FAS_START_SAFE_ONLY,,1.5533500145041887,1.5533500145041887,,,,0.0,0,,,,,False,0,,,,G2_18_049,9f9fce4d1875b57e7a55c3a9cbf5b5a0c3f8476d84b3deb53c920d9b6322bb1d,,CERTIFIED_ENDPOINT_LIPSCHITZ_LOWER_BOUND,,54c035f7834b564019656c3e3fcc3646292f727d,START_STATE_REJECTED,,0,,1.233218170935288
,,,,a3166060848f911fbbca79622a8a1c2b45c8acb14596f1f6c6fd13720878d374,,06c1ff17d2ed5eb184b6a9699a3a32da431a1460840431a3effe76d5f03b9ee3,0,False,,,,,,True,,,,,,,,G2_FEASIBILITY_DENSE,,,,,,,927734a2339a3f2710640065b0893eaae162cc0144ac67e2f377bcff2e71ae34,M2_FAS_START_SAFE_PLUS_FEASIBILITY_AWARE,,1.5533500145041887,1.5533500145041887,,,,0.0,0,,,,,False,0,,,,G2_18_049,9f9fce4d1875b57e7a55c3a9cbf5b5a0c3f8476d84b3deb53c920d9b6322bb1d,,CERTIFIED_ENDPOINT_LIPSCHITZ_LOWER_BOUND,,54c035f7834b564019656c3e3fcc3646292f727d,START_STATE_REJECTED,,0,,1.2414264271501452
,,,,a3166060848f911fbbca79622a8a1c2b45c8acb14596f1f6c6fd13720878d374,,06c1ff17d2ed5eb184b6a9699a3a32da431a1460840431a3effe76d5f03b9ee3,0,False,,,,,,True,,,,,,,,G2_FEASIBILITY_DENSE,,,,,,,927734a2339a3f2710640065b0893eaae162cc0144ac67e2f377bcff2e71ae34,M3_FAS_PLUS_DISCRETE_TIME_VERIFICATION,,1.5533500145041887,1.5533500145041887,,,,0.0,0,,,,,False,0,,,,G2_18_049,9f9fce4d1875b57e7a55c3a9cbf5b5a0c3f8476d84b3deb53c920d9b6322bb1d,,CERTIFIED_ENDPOINT_LIPSCHITZ_LOWER_BOUND,,54c035f7834b564019656c3e3fcc3646292f727d,START_STATE_REJECTED,,0,,1.2458548091817647
,,,,a3166060848f911fbbca79622a8a1c2b45c8acb14596f1f6c6fd13720878d374,,06c1ff17d2ed5eb184b6a9699a3a32da431a1460840431a3effe76d5f03b9ee3,0,False,,,,,,True,,,,,,,,G2_FEASIBILITY_DENSE,,,,,,,927734a2339a3f2710640065b0893eaae162cc0144ac67e2f377bcff2e71ae34,M4_FULL_FAS_CBF,,1.5533500145041887,1.5533500145041887,,,,0.0,0,,,,,False,0,,,,G2_18_049,9f9fce4d1875b57e7a55c3a9cbf5b5a0c3f8476d84b3deb53c920d9b6322bb1d,,CERTIFIED_ENDPOINT_LIPSCHITZ_LOWER_BOUND,,54c035f7834b564019656c3e3fcc3646292f727d,START_STATE_REJECTED,,0,,1.2746721098665148
2000,2000.0,2000.0,0.0,a3166060848f911fbbca79622a8a1c2b45c8acb14596f1f6c6fd13720878d374,2000.0,06c1ff17d2ed5eb184b6a9699a3a32da431a1460840431a3effe76d5f03b9ee3,0,False,0.0,0.0,0.0,0.0,0,True,0,0,0,0,,0.0,0,G2_FEASIBILITY_DENSE,1,0,0.0,0.0,0.0,0,927734a2339a3f2710640065b0893eaae162cc0144ac67e2f377bcff2e71ae34,M0_SAFER_BASELINE,-0.01290736852083093,1.6037120795831394,1.6037120795831394,0.0,0,,0.0,1,0,0,0,0,False,0,0.0,0.0,0.0,G2_19_020,9f9fce4d1875b57e7a55c3a9cbf5b5a0c3f8476d84b3deb53c920d9b6322bb1d,11388296183313085361,CERTIFIED_ENDPOINT_LIPSCHITZ_LOWER_BOUND,0,54c035f7834b564019656c3e3fcc3646292f727d,QP_INFEASIBLE,PrimalInfeasible,0,0,1.2079967700410634
,,,,a3166060848f911fbbca79622a8a1c2b45c8acb14596f1f6c6fd13720878d374,,06c1ff17d2ed5eb184b6a9699a3a32da431a1460840431a3effe76d5f03b9ee3,0,False,,,,,,True,,,,,,,,G2_FEASIBILITY_DENSE,,,,,,,927734a2339a3f2710640065b0893eaae162cc0144ac67e2f377bcff2e71ae34,M1_FAS_START_SAFE_ONLY,,1.6037120795831394,1.6037120795831394,,,,0.0,0,,,,,False,0,,,,G2_19_020,9f9fce4d1875b57e7a55c3a9cbf5b5a0c3f8476d84b3deb53c920d9b6322bb1d,,CERTIFIED_ENDPOINT_LIPSCHITZ_LOWER_BOUND,,54c035f7834b564019656c3e3fcc3646292f727d,START_STATE_REJECTED,,0,,1.1876779498998076
,,,,a3166060848f911fbbca79622a8a1c2b45c8acb14596f1f6c6fd13720878d374,,06c1ff17d2ed5eb184b6a9699a3a32da431a1460840431a3effe76d5f03b9ee3,0,False,,,,,,True,,,,,,,,G2_FEASIBILITY_DENSE,,,,,,,927734a2339a3f2710640065b0893eaae162cc0144ac67e2f377bcff2e71ae34,M2_FAS_START_SAFE_PLUS_FEASIBILITY_AWARE,,1.6037120795831394,1.6037120795831394,,,,0.0,0,,,,,False,0,,,,G2_19_020,9f9fce4d1875b57e7a55c3a9cbf5b5a0c3f8476d84b3deb53c920d9b6322bb1d,,CERTIFIED_ENDPOINT_LIPSCHITZ_LOWER_BOUND,,54c035f7834b564019656c3e3fcc3646292f727d,START_STATE_REJECTED,,0,,1.238580962875858
,,,,a3166060848f911fbbca79622a8a1c2b45c8acb14596f1f6c6fd13720878d374,,06c1ff17d2ed5eb184b6a9699a3a32da431a1460840431a3effe76d5f03b9ee3,0,False,,,,,,True,,,,,,,,G2_FEASIBILITY_DENSE,,,,,,,927734a2339a3f2710640065b0893eaae162cc0144ac67e2f377bcff2e71ae34,M3_FAS_PLUS_DISCRETE_TIME_VERIFICATION,,1.6037120795831394,1.6037120795831394,,,,0.0,0,,,,,False,0,,,,G2_19_020,9f9fce4d1875b57e7a55c3a9cbf5b5a0c3f8476d84b3deb53c920d9b6322bb1d,,CERTIFIED_ENDPOINT_LIPSCHITZ_LOWER_BOUND,,54c035f7834b564019656c3e3fcc3646292f727d,START_STATE_REJECTED,,0,,1.302484564948827
,,,,a3166060848f911fbbca79622a8a1c2b45c8acb14596f1f6c6fd13720878d374,,06c1ff17d2ed5eb184b6a9699a3a32da431a1460840431a3effe76d5f03b9ee3,0,False,,,,,,True,,,,,,,,G2_FEASIBILITY_DENSE,,,,,,,927734a2339a3f2710640065b0893eaae162cc0144ac67e2f377bcff2e71ae34,M4_FULL_FAS_CBF,,1.6037120795831394,1.6037120795831394,,,,0.0,0,,,,,False,0,,,,G2_19_020,9f9fce4d1875b57e7a55c3a9cbf5b5a0c3f8476d84b3deb53c920d9b6322bb1d,,CERTIFIED_ENDPOINT_LIPSCHITZ_LOWER_BOUND,,54c035f7834b564019656c3e3fcc3646292f727d,START_STATE_REJECTED,,0,,1.1832684718538076
2000,2000.0,2000.0,0.0,a3166060848f911fbbca79622a8a1c2b45c8acb14596f1f6c6fd13720878d374,2000.0,06c1ff17d2ed5eb184b6a9699a3a32da431a1460840431a3effe76d5f03b9ee3,0,False,0.0,0.0,0.0,0.0,0,True,0,0,0,0,,0.0,0,G3_SAMPLED_DATA_GAP,1,0,0.0,0.0,0.0,0,927734a2339a3f2710640065b0893eaae162cc0144ac67e2f377bcff2e71ae34,M0_SAFER_BASELINE,0.009441948489930845,1.6112735011203354,1.6112735011203354,0.0,0,,0.0,1,0,0,0,0,False,0,0.0,0.0,0.0,G3_00_402,9f9fce4d1875b57e7a55c3a9cbf5b5a0c3f8476d84b3deb53c920d9b6322bb1d,17253869151703349986,CERTIFIED_ENDPOINT_LIPSCHITZ_LOWER_BOUND,0,54c035f7834b564019656c3e3fcc3646292f727d,QP_INFEASIBLE,PrimalInfeasible,0,0,1.1855828219559044
2000,2000.0,2000.0,0.0,a3166060848f911fbbca79622a8a1c2b45c8acb14596f1f6c6fd13720878d374,2000.0,06c1ff17d2ed5eb184b6a9699a3a32da431a1460840431a3effe76d5f03b9ee3,0,False,0.0,0.0,0.0,0.0,0,True,0,0,0,0,,0.0,0,G3_SAMPLED_DATA_GAP,1,0,0.0,0.0,0.0,0,927734a2339a3f2710640065b0893eaae162cc0144ac67e2f377bcff2e71ae34,M1_FAS_START_SAFE_ONLY,0.009441948489930845,1.6112735011203354,1.6112735011203354,0.0,0,,0.0,1,0,0,0,0,False,0,0.024254020070657134,0.024254020070657134,0.024254020070657134,G3_00_402,9f9fce4d1875b57e7a55c3a9cbf5b5a0c3f8476d84b3deb53c920d9b6322bb1d,17253869151703349986,CERTIFIED_ENDPOINT_LIPSCHITZ_LOWER_BOUND,0,54c035f7834b564019656c3e3fcc3646292f727d,QP_INFEASIBLE,PrimalInfeasible,0,0,1.1874891591724008
737,737.0,737.0,0.0,a3166060848f911fbbca79622a8a1c2b45c8acb14596f1f6c6fd13720878d374,2000.0,06c1ff17d2ed5eb184b6a9699a3a32da431a1460840431a3effe76d5f03b9ee3,0,False,0.0,0.0,0.0,0.0,0,True,0,0,0,0,,0.0,0,G3_SAMPLED_DATA_GAP,1,0,0.0,0.0,0.0,0,927734a2339a3f2710640065b0893eaae162cc0144ac67e2f377bcff2e71ae34,M2_FAS_START_SAFE_PLUS_FEASIBILITY_AWARE,0.009441948489930845,1.6112735011203354,1.6112735011203354,0.0,0,,0.0,1,0,0,0,0,False,0,0.025983110070228577,0.025983110070228577,0.025983110070228577,G3_00_402,9f9fce4d1875b57e7a55c3a9cbf5b5a0c3f8476d84b3deb53c920d9b6322bb1d,17253869151703349986,CERTIFIED_ENDPOINT_LIPSCHITZ_LOWER_BOUND,0,54c035f7834b564019656c3e3fcc3646292f727d,QP_INFEASIBLE,PrimalInfeasible,0,0,1.2569377240724862
737,737.0,737.0,0.0,a3166060848f911fbbca79622a8a1c2b45c8acb14596f1f6c6fd13720878d374,2000.0,06c1ff17d2ed5eb184b6a9699a3a32da431a1460840431a3effe76d5f03b9ee3,0,False,0.0,0.0,0.0,0.0,0,True,0,0,0,0,,0.0,0,G3_SAMPLED_DATA_GAP,1,0,0.0,0.0,0.0,0,927734a2339a3f2710640065b0893eaae162cc0144ac67e2f377bcff2e71ae34,M3_FAS_PLUS_DISCRETE_TIME_VERIFICATION,0.009441948489930845,1.6112735011203354,1.6112735011203354,0.0,0,,0.0,1,0,0,0,0,False,0,0.0226081779692322,0.0226081779692322,0.0226081779692322,G3_00_402,9f9fce4d1875b57e7a55c3a9cbf5b5a0c3f8476d84b3deb53c920d9b6322bb1d,17253869151703349986,CERTIFIED_ENDPOINT_LIPSCHITZ_LOWER_BOUND,0,54c035f7834b564019656c3e3fcc3646292f727d,QP_INFEASIBLE,PrimalInfeasible,0,0,1.244031545938924
737,737.0,737.0,0.0,a3166060848f911fbbca79622a8a1c2b45c8acb14596f1f6c6fd13720878d374,2000.0,06c1ff17d2ed5eb184b6a9699a3a32da431a1460840431a3effe76d5f03b9ee3,0,False,0.0,0.0,0.0,0.0,0,True,0,0,0,0,,0.0,0,G3_SAMPLED_DATA_GAP,1,0,0.0,0.0,0.0,0,927734a2339a3f2710640065b0893eaae162cc0144ac67e2f377bcff2e71ae34,M4_FULL_FAS_CBF,0.009441948489930845,1.6112735011203354,1.6112735011203354,0.0,0,,0.0,1,0,0,0,0,False,0,0.019201265880838037,0.019201265880838037,0.019201265880838037,G3_00_402,9f9fce4d1875b57e7a55c3a9cbf5b5a0c3f8476d84b3deb53c920d9b6322bb1d,17253869151703349986,CERTIFIED_ENDPOINT_LIPSCHITZ_LOWER_BOUND,0,54c035f7834b564019656c3e3fcc3646292f727d,QP_INFEASIBLE,PrimalInfeasible,0,0,1.2310650378931314
2000,2000.0,2000.0,0.0,a3166060848f911fbbca79622a8a1c2b45c8acb14596f1f6c6fd13720878d374,2000.0,06c1ff17d2ed5eb184b6a9699a3a32da431a1460840431a3effe76d5f03b9ee3,0,False,0.0,0.0,0.0,0.0,0,True,0,0,0,0,,0.0,0,G3_SAMPLED_DATA_GAP,1,0,0.0,0.0,0.0,0,927734a2339a3f2710640065b0893eaae162cc0144ac67e2f377bcff2e71ae34,M0_SAFER_BASELINE,0.008614498661208163,1.452546289409948,1.452546289409948,0.0,0,,0.0,1,0,0,0,0,False,0,0.0,0.0,0.0,G3_01_328,9f9fce4d1875b57e7a55c3a9cbf5b5a0c3f8476d84b3deb53c920d9b6322bb1d,7456256932435426150,CERTIFIED_ENDPOINT_LIPSCHITZ_LOWER_BOUND,0,54c035f7834b564019656c3e3fcc3646292f727d,QP_INFEASIBLE,PrimalInfeasible,0,0,1.1920612081885338
2000,2000.0,2000.0,0.0,a3166060848f911fbbca79622a8a1c2b45c8acb14596f1f6c6fd13720878d374,2000.0,06c1ff17d2ed5eb184b6a9699a3a32da431a1460840431a3effe76d5f03b9ee3,0,False,0.0,0.0,0.0,0.0,0,True,0,0,0,0,,0.0,0,G3_SAMPLED_DATA_GAP,1,0,0.0,0.0,0.0,0,927734a2339a3f2710640065b0893eaae162cc0144ac67e2f377bcff2e71ae34,M1_FAS_START_SAFE_ONLY,0.008614498661208163,1.452546289409948,1.452546289409948,0.0,0,,0.0,1,0,0,0,0,False,0,0.022775211138650775,0.022775211138650775,0.022775211138650775,G3_01_328,9f9fce4d1875b57e7a55c3a9cbf5b5a0c3f8476d84b3deb53c920d9b6322bb1d,7456256932435426150,CERTIFIED_ENDPOINT_LIPSCHITZ_LOWER_BOUND,0,54c035f7834b564019656c3e3fcc3646292f727d,QP_INFEASIBLE,PrimalInfeasible,0,0,1.1848641471005976
12,12.0,12.0,0.0,a3166060848f911fbbca79622a8a1c2b45c8acb14596f1f6c6fd13720878d374,2000.0,06c1ff17d2ed5eb184b6a9699a3a32da431a1460840431a3effe76d5f03b9ee3,0,False,0.0,0.0,0.0,0.0,0,True,0,0,0,0,,0.0,0,G3_SAMPLED_DATA_GAP,1,0,0.0,0.0,0.0,0,927734a2339a3f2710640065b0893eaae162cc0144ac67e2f377bcff2e71ae34,M2_FAS_START_SAFE_PLUS_FEASIBILITY_AWARE,0.008614498661208163,1.452546289409948,1.452546289409948,0.0,0,,0.0,1,0,0,0,0,False,0,0.02396371099166572,0.02396371099166572,0.02396371099166572,G3_01_328,9f9fce4d1875b57e7a55c3a9cbf5b5a0c3f8476d84b3deb53c920d9b6322bb1d,7456256932435426150,CERTIFIED_ENDPOINT_LIPSCHITZ_LOWER_BOUND,0,54c035f7834b564019656c3e3fcc3646292f727d,QP_INFEASIBLE,PrimalInfeasible,0,0,1.1702907320577651
12,12.0,12.0,0.0,a3166060848f911fbbca79622a8a1c2b45c8acb14596f1f6c6fd13720878d374,2000.0,06c1ff17d2ed5eb184b6a9699a3a32da431a1460840431a3effe76d5f03b9ee3,0,False,0.0,0.0,0.0,0.0,0,True,0,0,0,0,,0.0,0,G3_SAMPLED_DATA_GAP,1,0,0.0,0.0,0.0,0,927734a2339a3f2710640065b0893eaae162cc0144ac67e2f377bcff2e71ae34,M3_FAS_PLUS_DISCRETE_TIME_VERIFICATION,0.008614498661208163,1.452546289409948,1.452546289409948,0.0,0,,0.0,1,0,0,0,0,False,0,0.02278981707058847,0.02278981707058847,0.02278981707058847,G3_01_328,9f9fce4d1875b57e7a55c3a9cbf5b5a0c3f8476d84b3deb53c920d9b6322bb1d,7456256932435426150,CERTIFIED_ENDPOINT_LIPSCHITZ_LOWER_BOUND,0,54c035f7834b564019656c3e3fcc3646292f727d,QP_INFEASIBLE,PrimalInfeasible,0,0,1.1648987859953195
12,12.0,12.0,0.0,a3166060848f911fbbca79622a8a1c2b45c8acb14596f1f6c6fd13720878d374,2000.0,06c1ff17d2ed5eb184b6a9699a3a32da431a1460840431a3effe76d5f03b9ee3,0,False,0.0,0.0,0.0,0.0,0,True,0,0,0,0,,0.0,0,G3_SAMPLED_DATA_GAP,1,0,0.0,0.0,0.0,0,927734a2339a3f2710640065b0893eaae162cc0144ac67e2f377bcff2e71ae34,M4_FULL_FAS_CBF,0.008614498661208163,1.452546289409948,1.452546289409948,0.0,0,,0.0,1,0,0,0,0,False,0,0.0206878911703825,0.0206878911703825,0.0206878911703825,G3_01_328,9f9fce4d1875b57e7a55c3a9cbf5b5a0c3f8476d84b3deb53c920d9b6322bb1d,7456256932435426150,CERTIFIED_ENDPOINT_LIPSCHITZ_LOWER_BOUND,0,54c035f7834b564019656c3e3fcc3646292f727d,QP_INFEASIBLE,PrimalInfeasible,0,0,1.1730427518486977
2000,2000.0,2000.0,0.0,a3166060848f911fbbca79622a8a1c2b45c8acb14596f1f6c6fd13720878d374,2000.0,06c1ff17d2ed5eb184b6a9699a3a32da431a1460840431a3effe76d5f03b9ee3,0,False,0.0,0.0,0.0,0.0,0,True,0,0,0,0,,0.0,0,G3_SAMPLED_DATA_GAP,1,0,0.0,0.0,0.0,0,927734a2339a3f2710640065b0893eaae162cc0144ac67e2f377bcff2e71ae34,M0_SAFER_BASELINE,0.00808912371270663,1.461533048830176,1.461533048830176,0.0,0,,0.0,1,0,0,0,0,False,0,0.0,0.0,0.0,G3_02_391,9f9fce4d1875b57e7a55c3a9cbf5b5a0c3f8476d84b3deb53c920d9b6322bb1d,14979744716183738132,CERTIFIED_ENDPOINT_LIPSCHITZ_LOWER_BOUND,0,54c035f7834b564019656c3e3fcc3646292f727d,QP_INFEASIBLE,PrimalInfeasible,0,0,1.1990410978905857
2000,2000.0,2000.0,0.0,a3166060848f911fbbca79622a8a1c2b45c8acb14596f1f6c6fd13720878d374,2000.0,06c1ff17d2ed5eb184b6a9699a3a32da431a1460840431a3effe76d5f03b9ee3,0,False,0.0,0.0,0.0,0.0,0,True,0,0,0,0,,0.0,0,G3_SAMPLED_DATA_GAP,1,0,0.0,0.0,0.0,0,927734a2339a3f2710640065b0893eaae162cc0144ac67e2f377bcff2e71ae34,M1_FAS_START_SAFE_ONLY,0.00808912371270663,1.461533048830176,1.461533048830176,0.0,0,,0.0,1,0,0,0,0,False,0,0.021435562055557966,0.021435562055557966,0.021435562055557966,G3_02_391,9f9fce4d1875b57e7a55c3a9cbf5b5a0c3f8476d84b3deb53c920d9b6322bb1d,14979744716183738132,CERTIFIED_ENDPOINT_LIPSCHITZ_LOWER_BOUND,0,54c035f7834b564019656c3e3fcc3646292f727d,QP_INFEASIBLE,PrimalInfeasible,0,0,1.2035697000101209
23,23.0,23.0,0.0,a3166060848f911fbbca79622a8a1c2b45c8acb14596f1f6c6fd13720878d374,2000.0,06c1ff17d2ed5eb184b6a9699a3a32da431a1460840431a3effe76d5f03b9ee3,0,False,0.0,0.0,0.0,0.0,0,True,0,0,0,0,,0.0,0,G3_SAMPLED_DATA_GAP,1,0,0.0,0.0,0.0,0,927734a2339a3f2710640065b0893eaae162cc0144ac67e2f377bcff2e71ae34,M2_FAS_START_SAFE_PLUS_FEASIBILITY_AWARE,0.00808912371270663,1.461533048830176,1.461533048830176,0.0,0,,0.0,1,0,0,0,0,False,0,0.022862020879983902,0.022862020879983902,0.022862020879983902,G3_02_391,9f9fce4d1875b57e7a55c3a9cbf5b5a0c3f8476d84b3deb53c920d9b6322bb1d,14979744716183738132,CERTIFIED_ENDPOINT_LIPSCHITZ_LOWER_BOUND,0,54c035f7834b564019656c3e3fcc3646292f727d,QP_INFEASIBLE,PrimalInfeasible,0,0,1.1870357799343765
23,23.0,23.0,0.0,a3166060848f911fbbca79622a8a1c2b45c8acb14596f1f6c6fd13720878d374,2000.0,06c1ff17d2ed5eb184b6a9699a3a32da431a1460840431a3effe76d5f03b9ee3,0,False,0.0,0.0,0.0,0.0,0,True,0,0,0,0,,0.0,0,G3_SAMPLED_DATA_GAP,1,0,0.0,0.0,0.0,0,927734a2339a3f2710640065b0893eaae162cc0144ac67e2f377bcff2e71ae34,M3_FAS_PLUS_DISCRETE_TIME_VERIFICATION,0.00808912371270663,1.461533048830176,1.461533048830176,0.0,0,,0.0,1,0,0,0,0,False,0,0.02548421616666019,0.02548421616666019,0.02548421616666019,G3_02_391,9f9fce4d1875b57e7a55c3a9cbf5b5a0c3f8476d84b3deb53c920d9b6322bb1d,14979744716183738132,CERTIFIED_ENDPOINT_LIPSCHITZ_LOWER_BOUND,0,54c035f7834b564019656c3e3fcc3646292f727d,QP_INFEASIBLE,PrimalInfeasible,0,0,1.189174264902249
23,23.0,23.0,0.0,a3166060848f911fbbca79622a8a1c2b45c8acb14596f1f6c6fd13720878d374,2000.0,06c1ff17d2ed5eb184b6a9699a3a32da431a1460840431a3effe76d5f03b9ee3,0,False,0.0,0.0,0.0,0.0,0,True,0,0,0,0,,0.0,0,G3_SAMPLED_DATA_GAP,1,0,0.0,0.0,0.0,0,927734a2339a3f2710640065b0893eaae162cc0144ac67e2f377bcff2e71ae34,M4_FULL_FAS_CBF,0.00808912371270663,1.461533048830176,1.461533048830176,0.0,0,,0.0,1,0,0,0,0,False,0,0.020388455828651786,0.020388455828651786,0.020388455828651786,G3_02_391,9f9fce4d1875b57e7a55c3a9cbf5b5a0c3f8476d84b3deb53c920d9b6322bb1d,14979744716183738132,CERTIFIED_ENDPOINT_LIPSCHITZ_LOWER_BOUND,0,54c035f7834b564019656c3e3fcc3646292f727d,QP_INFEASIBLE,PrimalInfeasible,0,0,1.183717021951452
2000,2000.0,2000.0,0.0,a3166060848f911fbbca79622a8a1c2b45c8acb14596f1f6c6fd13720878d374,2000.0,06c1ff17d2ed5eb184b6a9699a3a32da431a1460840431a3effe76d5f03b9ee3,0,False,0.0,0.0,0.0,0.0,0,True,0,0,0,0,,0.0,0,G3_SAMPLED_DATA_GAP,1,0,0.0,0.0,0.0,0,927734a2339a3f2710640065b0893eaae162cc0144ac67e2f377bcff2e71ae34,M0_SAFER_BASELINE,0.008033152127424812,1.4540578493083824,1.4540578493083824,0.0,0,,0.0,1,0,0,0,0,False,0,0.0,0.0,0.0,G3_03_016,9f9fce4d1875b57e7a55c3a9cbf5b5a0c3f8476d84b3deb53c920d9b6322bb1d,14653032213873434626,CERTIFIED_ENDPOINT_LIPSCHITZ_LOWER_BOUND,0,54c035f7834b564019656c3e3fcc3646292f727d,QP_INFEASIBLE,PrimalInfeasible,0,0,1.1709640349727124
2000,2000.0,2000.0,0.0,a3166060848f911fbbca79622a8a1c2b45c8acb14596f1f6c6fd13720878d374,2000.0,06c1ff17d2ed5eb184b6a9699a3a32da431a1460840431a3effe76d5f03b9ee3,0,False,0.0,0.0,0.0,0.0,0,True,0,0,0,0,,0.0,0,G3_SAMPLED_DATA_GAP,1,0,0.0,0.0,0.0,0,927734a2339a3f2710640065b0893eaae162cc0144ac67e2f377bcff2e71ae34,M1_FAS_START_SAFE_ONLY,0.008033152127424812,1.4540578493083824,1.4540578493083824,0.0,0,,0.0,1,0,0,0,0,False,0,0.02353443601168692,0.02353443601168692,0.02353443601168692,G3_03_016,9f9fce4d1875b57e7a55c3a9cbf5b5a0c3f8476d84b3deb53c920d9b6322bb1d,14653032213873434626,CERTIFIED_ENDPOINT_LIPSCHITZ_LOWER_BOUND,0,54c035f7834b564019656c3e3fcc3646292f727d,QP_INFEASIBLE,PrimalInfeasible,0,0,1.1995523909572512
45,45.0,45.0,0.0,a3166060848f911fbbca79622a8a1c2b45c8acb14596f1f6c6fd13720878d374,2000.0,06c1ff17d2ed5eb184b6a9699a3a32da431a1460840431a3effe76d5f03b9ee3,0,False,0.0,0.0,0.0,0.0,0,True,0,0,0,0,,0.0,0,G3_SAMPLED_DATA_GAP,1,0,0.0,0.0,0.0,0,927734a2339a3f2710640065b0893eaae162cc0144ac67e2f377bcff2e71ae34,M2_FAS_START_SAFE_PLUS_FEASIBILITY_AWARE,0.008033152127424812,1.4540578493083824,1.4540578493083824,0.0,0,,0.0,1,0,0,0,0,False,0,0.020298955962061882,0.020298955962061882,0.020298955962061882,G3_03_016,9f9fce4d1875b57e7a55c3a9cbf5b5a0c3f8476d84b3deb53c920d9b6322bb1d,14653032213873434626,CERTIFIED_ENDPOINT_LIPSCHITZ_LOWER_BOUND,0,54c035f7834b564019656c3e3fcc3646292f727d,QP_INFEASIBLE,PrimalInfeasible,0,0,1.181129664182663
45,45.0,45.0,0.0,a3166060848f911fbbca79622a8a1c2b45c8acb14596f1f6c6fd13720878d374,2000.0,06c1ff17d2ed5eb184b6a9699a3a32da431a1460840431a3effe76d5f03b9ee3,0,False,0.0,0.0,0.0,0.0,0,True,0,0,0,0,,0.0,0,G3_SAMPLED_DATA_GAP,1,0,0.0,0.0,0.0,0,927734a2339a3f2710640065b0893eaae162cc0144ac67e2f377bcff2e71ae34,M3_FAS_PLUS_DISCRETE_TIME_VERIFICATION,0.008033152127424812,1.4540578493083824,1.4540578493083824,0.0,0,,0.0,1,0,0,0,0,False,0,0.022164187161251903,0.022164187161251903,0.022164187161251903,G3_03_016,9f9fce4d1875b57e7a55c3a9cbf5b5a0c3f8476d84b3deb53c920d9b6322bb1d,14653032213873434626,CERTIFIED_ENDPOINT_LIPSCHITZ_LOWER_BOUND,0,54c035f7834b564019656c3e3fcc3646292f727d,QP_INFEASIBLE,PrimalInfeasible,0,0,1.1834762960206717
45,45.0,45.0,0.0,a3166060848f911fbbca79622a8a1c2b45c8acb14596f1f6c6fd13720878d374,2000.0,06c1ff17d2ed5eb184b6a9699a3a32da431a1460840431a3effe76d5f03b9ee3,0,False,0.0,0.0,0.0,0.0,0,True,0,0,0,0,,0.0,0,G3_SAMPLED_DATA_GAP,1,0,0.0,0.0,0.0,0,927734a2339a3f2710640065b0893eaae162cc0144ac67e2f377bcff2e71ae34,M4_FULL_FAS_CBF,0.008033152127424812,1.4540578493083824,1.4540578493083824,0.0,0,,0.0,1,0,0,0,0,False,0,0.024150521960109472,0.024150521960109472,0.024150521960109472,G3_03_016,9f9fce4d1875b57e7a55c3a9cbf5b5a0c3f8476d84b3deb53c920d9b6322bb1d,14653032213873434626,CERTIFIED_ENDPOINT_LIPSCHITZ_LOWER_BOUND,0,54c035f7834b564019656c3e3fcc3646292f727d,QP_INFEASIBLE,PrimalInfeasible,0,0,1.199498790083453
2000,2000.0,2000.0,0.0,a3166060848f911fbbca79622a8a1c2b45c8acb14596f1f6c6fd13720878d374,2000.0,06c1ff17d2ed5eb184b6a9699a3a32da431a1460840431a3effe76d5f03b9ee3,0,False,0.0,0.0,0.0,0.0,0,True,0,0,0,0,,0.0,0,G3_SAMPLED_DATA_GAP,1,0,0.0,0.0,0.0,0,927734a2339a3f2710640065b0893eaae162cc0144ac67e2f377bcff2e71ae34,M0_SAFER_BASELINE,0.007175551474185658,1.5521259703599875,1.5521259703599875,0.0,0,,0.0,1,0,0,0,0,False,0,0.0,0.0,0.0,G3_04_233,9f9fce4d1875b57e7a55c3a9cbf5b5a0c3f8476d84b3deb53c920d9b6322bb1d,14054057758725009611,CERTIFIED_ENDPOINT_LIPSCHITZ_LOWER_BOUND,0,54c035f7834b564019656c3e3fcc3646292f727d,QP_INFEASIBLE,PrimalInfeasible,0,0,1.1786228860728443
2000,2000.0,2000.0,0.0,a3166060848f911fbbca79622a8a1c2b45c8acb14596f1f6c6fd13720878d374,2000.0,06c1ff17d2ed5eb184b6a9699a3a32da431a1460840431a3effe76d5f03b9ee3,0,False,0.0,0.0,0.0,0.0,0,True,0,0,0,0,,0.0,0,G3_SAMPLED_DATA_GAP,1,0,0.0,0.0,0.0,0,927734a2339a3f2710640065b0893eaae162cc0144ac67e2f377bcff2e71ae34,M1_FAS_START_SAFE_ONLY,0.007175551474185658,1.5521259703599875,1.5521259703599875,0.0,0,,0.0,1,0,0,0,0,False,0,0.0252339958678931,0.0252339958678931,0.0252339958678931,G3_04_233,9f9fce4d1875b57e7a55c3a9cbf5b5a0c3f8476d84b3deb53c920d9b6322bb1d,14054057758725009611,CERTIFIED_ENDPOINT_LIPSCHITZ_LOWER_BOUND,0,54c035f7834b564019656c3e3fcc3646292f727d,QP_INFEASIBLE,PrimalInfeasible,0,0,1.1851692700292915
1359,1359.0,1359.0,0.0,a3166060848f911fbbca79622a8a1c2b45c8acb14596f1f6c6fd13720878d374,2000.0,06c1ff17d2ed5eb184b6a9699a3a32da431a1460840431a3effe76d5f03b9ee3,0,False,0.0,0.0,0.0,0.0,0,True,0,0,0,0,,0.0,0,G3_SAMPLED_DATA_GAP,1,0,0.0,0.0,0.0,0,927734a2339a3f2710640065b0893eaae162cc0144ac67e2f377bcff2e71ae34,M2_FAS_START_SAFE_PLUS_FEASIBILITY_AWARE,0.007175551474185658,1.5521259703599875,1.5521259703599875,0.0,0,,0.0,1,0,0,0,0,False,0,0.024416767992079258,0.024416767992079258,0.024416767992079258,G3_04_233,9f9fce4d1875b57e7a55c3a9cbf5b5a0c3f8476d84b3deb53c920d9b6322bb1d,14054057758725009611,CERTIFIED_ENDPOINT_LIPSCHITZ_LOWER_BOUND,0,54c035f7834b564019656c3e3fcc3646292f727d,QP_INFEASIBLE,PrimalInfeasible,0,0,1.188616168918088
1359,1359.0,1359.0,0.0,a3166060848f911fbbca79622a8a1c2b45c8acb14596f1f6c6fd13720878d374,2000.0,06c1ff17d2ed5eb184b6a9699a3a32da431a1460840431a3effe76d5f03b9ee3,0,False,0.0,0.0,0.0,0.0,0,True,0,0,0,0,,0.0,0,G3_SAMPLED_DATA_GAP,1,0,0.0,0.0,0.0,0,927734a2339a3f2710640065b0893eaae162cc0144ac67e2f377bcff2e71ae34,M3_FAS_PLUS_DISCRETE_TIME_VERIFICATION,0.007175551474185658,1.5521259703599875,1.5521259703599875,0.0,0,,0.0,1,0,0,0,0,False,0,0.02330120000988245,0.02330120000988245,0.02330120000988245,G3_04_233,9f9fce4d1875b57e7a55c3a9cbf5b5a0c3f8476d84b3deb53c920d9b6322bb1d,14054057758725009611,CERTIFIED_ENDPOINT_LIPSCHITZ_LOWER_BOUND,0,54c035f7834b564019656c3e3fcc3646292f727d,QP_INFEASIBLE,PrimalInfeasible,0,0,1.1823042379692197
1359,1359.0,1359.0,0.0,a3166060848f911fbbca79622a8a1c2b45c8acb14596f1f6c6fd13720878d374,2000.0,06c1ff17d2ed5eb184b6a9699a3a32da431a1460840431a3effe76d5f03b9ee3,0,False,0.0,0.0,0.0,0.0,0,True,0,0,0,0,,0.0,0,G3_SAMPLED_DATA_GAP,1,0,0.0,0.0,0.0,0,927734a2339a3f2710640065b0893eaae162cc0144ac67e2f377bcff2e71ae34,M4_FULL_FAS_CBF,0.007175551474185658,1.5521259703599875,1.5521259703599875,0.0,0,,0.0,1,0,0,0,0,False,0,0.023317195009440184,0.023317195009440184,0.023317195009440184,G3_04_233,9f9fce4d1875b57e7a55c3a9cbf5b5a0c3f8476d84b3deb53c920d9b6322bb1d,14054057758725009611,CERTIFIED_ENDPOINT_LIPSCHITZ_LOWER_BOUND,0,54c035f7834b564019656c3e3fcc3646292f727d,QP_INFEASIBLE,PrimalInfeasible,0,0,1.1783063479233533
2000,2000.0,2000.0,0.0,a3166060848f911fbbca79622a8a1c2b45c8acb14596f1f6c6fd13720878d374,2000.0,06c1ff17d2ed5eb184b6a9699a3a32da431a1460840431a3effe76d5f03b9ee3,0,False,0.0,0.0,0.0,0.0,0,True,0,0,0,0,,0.0,0,G3_SAMPLED_DATA_GAP,1,0,0.0,0.0,0.0,0,927734a2339a3f2710640065b0893eaae162cc0144ac67e2f377bcff2e71ae34,M0_SAFER_BASELINE,0.007065151082489833,1.5525045989374697,1.5525045989374697,0.0,0,,0.0,1,0,0,0,0,False,0,0.0,0.0,0.0,G3_05_266,9f9fce4d1875b57e7a55c3a9cbf5b5a0c3f8476d84b3deb53c920d9b6322bb1d,9360254871323300301,CERTIFIED_ENDPOINT_LIPSCHITZ_LOWER_BOUND,0,54c035f7834b564019656c3e3fcc3646292f727d,QP_INFEASIBLE,PrimalInfeasible,0,0,1.1739381339866668
2000,2000.0,2000.0,0.0,a3166060848f911fbbca79622a8a1c2b45c8acb14596f1f6c6fd13720878d374,2000.0,06c1ff17d2ed5eb184b6a9699a3a32da431a1460840431a3effe76d5f03b9ee3,0,False,0.0,0.0,0.0,0.0,0,True,0,0,0,0,,0.0,0,G3_SAMPLED_DATA_GAP,1,0,0.0,0.0,0.0,0,927734a2339a3f2710640065b0893eaae162cc0144ac67e2f377bcff2e71ae34,M1_FAS_START_SAFE_ONLY,0.007065151082489833,1.5525045989374697,1.5525045989374697,0.0,0,,0.0,1,0,0,0,0,False,0,0.02453964320011437,0.02453964320011437,0.02453964320011437,G3_05_266,9f9fce4d1875b57e7a55c3a9cbf5b5a0c3f8476d84b3deb53c920d9b6322bb1d,9360254871323300301,CERTIFIED_ENDPOINT_LIPSCHITZ_LOWER_BOUND,0,54c035f7834b564019656c3e3fcc3646292f727d,QP_INFEASIBLE,PrimalInfeasible,0,0,1.188872944097966
126,126.0,126.0,0.0,a3166060848f911fbbca79622a8a1c2b45c8acb14596f1f6c6fd13720878d374,2000.0,06c1ff17d2ed5eb184b6a9699a3a32da431a1460840431a3effe76d5f03b9ee3,0,False,0.0,0.0,0.0,0.0,0,True,0,0,0,0,,0.0,0,G3_SAMPLED_DATA_GAP,1,0,0.0,0.0,0.0,0,927734a2339a3f2710640065b0893eaae162cc0144ac67e2f377bcff2e71ae34,M2_FAS_START_SAFE_PLUS_FEASIBILITY_AWARE,0.007065151082489833,1.5525045989374697,1.5525045989374697,0.0,0,,0.0,1,0,0,0,0,False,0,0.02034451998770237,0.02034451998770237,0.02034451998770237,G3_05_266,9f9fce4d1875b57e7a55c3a9cbf5b5a0c3f8476d84b3deb53c920d9b6322bb1d,9360254871323300301,CERTIFIED_ENDPOINT_LIPSCHITZ_LOWER_BOUND,0,54c035f7834b564019656c3e3fcc3646292f727d,QP_INFEASIBLE,PrimalInfeasible,0,0,1.1770074099767953
126,126.0,126.0,0.0,a3166060848f911fbbca79622a8a1c2b45c8acb14596f1f6c6fd13720878d374,2000.0,06c1ff17d2ed5eb184b6a9699a3a32da431a1460840431a3effe76d5f03b9ee3,0,False,0.0,0.0,0.0,0.0,0,True,0,0,0,0,,0.0,0,G3_SAMPLED_DATA_GAP,1,0,0.0,0.0,0.0,0,927734a2339a3f2710640065b0893eaae162cc0144ac67e2f377bcff2e71ae34,M3_FAS_PLUS_DISCRETE_TIME_VERIFICATION,0.007065151082489833,1.5525045989374697,1.5525045989374697,0.0,0,,0.0,1,0,0,0,0,False,0,0.025369892129674554,0.025369892129674554,0.025369892129674554,G3_05_266,9f9fce4d1875b57e7a55c3a9cbf5b5a0c3f8476d84b3deb53c920d9b6322bb1d,9360254871323300301,CERTIFIED_ENDPOINT_LIPSCHITZ_LOWER_BOUND,0,54c035f7834b564019656c3e3fcc3646292f727d,QP_INFEASIBLE,PrimalInfeasible,0,0,1.1802038410678506
126,126.0,126.0,0.0,a3166060848f911fbbca79622a8a1c2b45c8acb14596f1f6c6fd13720878d374,2000.0,06c1ff17d2ed5eb184b6a9699a3a32da431a1460840431a3effe76d5f03b9ee3,0,False,0.0,0.0,0.0,0.0,0,True,0,0,0,0,,0.0,0,G3_SAMPLED_DATA_GAP,1,0,0.0,0.0,0.0,0,927734a2339a3f2710640065b0893eaae162cc0144ac67e2f377bcff2e71ae34,M4_FULL_FAS_CBF,0.007065151082489833,1.5525045989374697,1.5525045989374697,0.0,0,,0.0,1,0,0,0,0,False,0,0.021771926898509264,0.021771926898509264,0.021771926898509264,G3_05_266,9f9fce4d1875b57e7a55c3a9cbf5b5a0c3f8476d84b3deb53c920d9b6322bb1d,9360254871323300301,CERTIFIED_ENDPOINT_LIPSCHITZ_LOWER_BOUND,0,54c035f7834b564019656c3e3fcc3646292f727d,QP_INFEASIBLE,PrimalInfeasible,0,0,1.185548909008503
2000,2000.0,2000.0,0.0,a3166060848f911fbbca79622a8a1c2b45c8acb14596f1f6c6fd13720878d374,2000.0,06c1ff17d2ed5eb184b6a9699a3a32da431a1460840431a3effe76d5f03b9ee3,0,False,0.0,0.0,0.0,0.0,0,True,0,0,0,0,,0.0,0,G3_SAMPLED_DATA_GAP,1,0,0.0,0.0,0.0,0,927734a2339a3f2710640065b0893eaae162cc0144ac67e2f377bcff2e71ae34,M0_SAFER_BASELINE,0.006984699530801088,1.5516876895903033,1.5516876895903033,0.0,0,,0.0,1,0,0,0,0,False,0,0.0,0.0,0.0,G3_06_224,9f9fce4d1875b57e7a55c3a9cbf5b5a0c3f8476d84b3deb53c920d9b6322bb1d,306672893208942569,CERTIFIED_ENDPOINT_LIPSCHITZ_LOWER_BOUND,0,54c035f7834b564019656c3e3fcc3646292f727d,QP_INFEASIBLE,PrimalInfeasible,0,0,1.1672979299910367
2000,2000.0,2000.0,0.0,a3166060848f911fbbca79622a8a1c2b45c8acb14596f1f6c6fd13720878d374,2000.0,06c1ff17d2ed5eb184b6a9699a3a32da431a1460840431a3effe76d5f03b9ee3,0,False,0.0,0.0,0.0,0.0,0,True,0,0,0,0,,0.0,0,G3_SAMPLED_DATA_GAP,1,0,0.0,0.0,0.0,0,927734a2339a3f2710640065b0893eaae162cc0144ac67e2f377bcff2e71ae34,M1_FAS_START_SAFE_ONLY,0.006984699530801088,1.5516876895903033,1.5516876895903033,0.0,0,,0.0,1,0,0,0,0,False,0,0.021594391902908683,0.021594391902908683,0.021594391902908683,G3_06_224,9f9fce4d1875b57e7a55c3a9cbf5b5a0c3f8476d84b3deb53c920d9b6322bb1d,306672893208942569,CERTIFIED_ENDPOINT_LIPSCHITZ_LOWER_BOUND,0,54c035f7834b564019656c3e3fcc3646292f727d,QP_INFEASIBLE,PrimalInfeasible,0,0,1.1809894959442317
35,35.0,35.0,0.0,a3166060848f911fbbca79622a8a1c2b45c8acb14596f1f6c6fd13720878d374,2000.0,06c1ff17d2ed5eb184b6a9699a3a32da431a1460840431a3effe76d5f03b9ee3,0,False,0.0,0.0,0.0,0.0,0,True,0,0,0,0,,0.0,0,G3_SAMPLED_DATA_GAP,1,0,0.0,0.0,0.0,0,927734a2339a3f2710640065b0893eaae162cc0144ac67e2f377bcff2e71ae34,M2_FAS_START_SAFE_PLUS_FEASIBILITY_AWARE,0.006984699530801088,1.5516876895903033,1.5516876895903033,0.0,0,,0.0,1,0,0,0,0,False,0,0.026628064922988415,0.026628064922988415,0.026628064922988415,G3_06_224,9f9fce4d1875b57e7a55c3a9cbf5b5a0c3f8476d84b3deb53c920d9b6322bb1d,306672893208942569,CERTIFIED_ENDPOINT_LIPSCHITZ_LOWER_BOUND,0,54c035f7834b564019656c3e3fcc3646292f727d,QP_INFEASIBLE,PrimalInfeasible,0,0,1.1814157799817622
35,35.0,35.0,0.0,a3166060848f911fbbca79622a8a1c2b45c8acb14596f1f6c6fd13720878d374,2000.0,06c1ff17d2ed5eb184b6a9699a3a32da431a1460840431a3effe76d5f03b9ee3,0,False,0.0,0.0,0.0,0.0,0,True,0,0,0,0,,0.0,0,G3_SAMPLED_DATA_GAP,1,0,0.0,0.0,0.0,0,927734a2339a3f2710640065b0893eaae162cc0144ac67e2f377bcff2e71ae34,M3_FAS_PLUS_DISCRETE_TIME_VERIFICATION,0.006984699530801088,1.5516876895903033,1.5516876895903033,0.0,0,,0.0,1,0,0,0,0,False,0,0.025644083973020315,0.025644083973020315,0.025644083973020315,G3_06_224,9f9fce4d1875b57e7a55c3a9cbf5b5a0c3f8476d84b3deb53c920d9b6322bb1d,306672893208942569,CERTIFIED_ENDPOINT_LIPSCHITZ_LOWER_BOUND,0,54c035f7834b564019656c3e3fcc3646292f727d,QP_INFEASIBLE,PrimalInfeasible,0,0,1.1787137840874493
35,35.0,35.0,0.0,a3166060848f911fbbca79622a8a1c2b45c8acb14596f1f6c6fd13720878d374,2000.0,06c1ff17d2ed5eb184b6a9699a3a32da431a1460840431a3effe76d5f03b9ee3,0,False,0.0,0.0,0.0,0.0,0,True,0,0,0,0,,0.0,0,G3_SAMPLED_DATA_GAP,1,0,0.0,0.0,0.0,0,927734a2339a3f2710640065b0893eaae162cc0144ac67e2f377bcff2e71ae34,M4_FULL_FAS_CBF,0.006984699530801088,1.5516876895903033,1.5516876895903033,0.0,0,,0.0,1,0,0,0,0,False,0,0.021343667060136795,0.021343667060136795,0.021343667060136795,G3_06_224,9f9fce4d1875b57e7a55c3a9cbf5b5a0c3f8476d84b3deb53c920d9b6322bb1d,306672893208942569,CERTIFIED_ENDPOINT_LIPSCHITZ_LOWER_BOUND,0,54c035f7834b564019656c3e3fcc3646292f727d,QP_INFEASIBLE,PrimalInfeasible,0,0,1.179083339869976
2000,2000.0,2000.0,0.0,a3166060848f911fbbca79622a8a1c2b45c8acb14596f1f6c6fd13720878d374,2000.0,06c1ff17d2ed5eb184b6a9699a3a32da431a1460840431a3effe76d5f03b9ee3,0,False,0.0,0.0,0.0,0.0,0,True,0,0,0,0,,0.0,0,G3_SAMPLED_DATA_GAP,1,0,0.0,0.0,0.0,0,927734a2339a3f2710640065b0893eaae162cc0144ac67e2f377bcff2e71ae34,M0_SAFER_BASELINE,0.006913701499759461,1.6037920784372988,1.6037920784372988,0.0,0,,0.0,1,0,0,0,0,False,0,0.0,0.0,0.0,G3_07_417,9f9fce4d1875b57e7a55c3a9cbf5b5a0c3f8476d84b3deb53c920d9b6322bb1d,604697307885052077,CERTIFIED_ENDPOINT_LIPSCHITZ_LOWER_BOUND,0,54c035f7834b564019656c3e3fcc3646292f727d,QP_INFEASIBLE,PrimalInfeasible,0,0,1.1846407349221408
2000,2000.0,2000.0,0.0,a3166060848f911fbbca79622a8a1c2b45c8acb14596f1f6c6fd13720878d374,2000.0,06c1ff17d2ed5eb184b6a9699a3a32da431a1460840431a3effe76d5f03b9ee3,0,False,0.0,0.0,0.0,0.0,0,True,0,0,0,0,,0.0,0,G3_SAMPLED_DATA_GAP,1,0,0.0,0.0,0.0,0,927734a2339a3f2710640065b0893eaae162cc0144ac67e2f377bcff2e71ae34,M1_FAS_START_SAFE_ONLY,0.006913701499759461,1.6037920784372988,1.6037920784372988,0.0,0,,0.0,1,0,0,0,0,False,0,0.023981136037036777,0.023981136037036777,0.023981136037036777,G3_07_417,9f9fce4d1875b57e7a55c3a9cbf5b5a0c3f8476d84b3deb53c920d9b6322bb1d,604697307885052077,CERTIFIED_ENDPOINT_LIPSCHITZ_LOWER_BOUND,0,54c035f7834b564019656c3e3fcc3646292f727d,QP_INFEASIBLE,PrimalInfeasible,0,0,1.1967667578719556
378,378.0,378.0,0.0,a3166060848f911fbbca79622a8a1c2b45c8acb14596f1f6c6fd13720878d374,2000.0,06c1ff17d2ed5eb184b6a9699a3a32da431a1460840431a3effe76d5f03b9ee3,0,False,0.0,0.0,0.0,0.0,0,True,0,0,0,0,,0.0,0,G3_SAMPLED_DATA_GAP,1,0,0.0,0.0,0.0,0,927734a2339a3f2710640065b0893eaae162cc0144ac67e2f377bcff2e71ae34,M2_FAS_START_SAFE_PLUS_FEASIBILITY_AWARE,0.006913701499759461,1.6037920784372988,1.6037920784372988,0.0,0,,0.0,1,0,0,0,0,False,0,0.0245189790148288,0.0245189790148288,0.0245189790148288,G3_07_417,9f9fce4d1875b57e7a55c3a9cbf5b5a0c3f8476d84b3deb53c920d9b6322bb1d,604697307885052077,CERTIFIED_ENDPOINT_LIPSCHITZ_LOWER_BOUND,0,54c035f7834b564019656c3e3fcc3646292f727d,QP_INFEASIBLE,PrimalInfeasible,0,0,1.17916972306557
378,378.0,378.0,0.0,a3166060848f911fbbca79622a8a1c2b45c8acb14596f1f6c6fd13720878d374,2000.0,06c1ff17d2ed5eb184b6a9699a3a32da431a1460840431a3effe76d5f03b9ee3,0,False,0.0,0.0,0.0,0.0,0,True,0,0,0,0,,0.0,0,G3_SAMPLED_DATA_GAP,1,0,0.0,0.0,0.0,0,927734a2339a3f2710640065b0893eaae162cc0144ac67e2f377bcff2e71ae34,M3_FAS_PLUS_DISCRETE_TIME_VERIFICATION,0.006913701499759461,1.6037920784372988,1.6037920784372988,0.0,0,,0.0,1,0,0,0,0,False,0,0.020086280070245266,0.020086280070245266,0.020086280070245266,G3_07_417,9f9fce4d1875b57e7a55c3a9cbf5b5a0c3f8476d84b3deb53c920d9b6322bb1d,604697307885052077,CERTIFIED_ENDPOINT_LIPSCHITZ_LOWER_BOUND,0,54c035f7834b564019656c3e3fcc3646292f727d,QP_INFEASIBLE,PrimalInfeasible,0,0,1.173829382052645
378,378.0,378.0,0.0,a3166060848f911fbbca79622a8a1c2b45c8acb14596f1f6c6fd13720878d374,2000.0,06c1ff17d2ed5eb184b6a9699a3a32da431a1460840431a3effe76d5f03b9ee3,0,False,0.0,0.0,0.0,0.0,0,True,0,0,0,0,,0.0,0,G3_SAMPLED_DATA_GAP,1,0,0.0,0.0,0.0,0,927734a2339a3f2710640065b0893eaae162cc0144ac67e2f377bcff2e71ae34,M4_FULL_FAS_CBF,0.006913701499759461,1.6037920784372988,1.6037920784372988,0.0,0,,0.0,1,0,0,0,0,False,0,0.023664376931264997,0.023664376931264997,0.023664376931264997,G3_07_417,9f9fce4d1875b57e7a55c3a9cbf5b5a0c3f8476d84b3deb53c920d9b6322bb1d,604697307885052077,CERTIFIED_ENDPOINT_LIPSCHITZ_LOWER_BOUND,0,54c035f7834b564019656c3e3fcc3646292f727d,QP_INFEASIBLE,PrimalInfeasible,0,0,1.1781581649556756
2000,2000.0,2000.0,0.0,a3166060848f911fbbca79622a8a1c2b45c8acb14596f1f6c6fd13720878d374,2000.0,06c1ff17d2ed5eb184b6a9699a3a32da431a1460840431a3effe76d5f03b9ee3,0,False,0.0,0.0,0.0,0.0,0,True,0,0,0,0,,0.0,0,G3_SAMPLED_DATA_GAP,1,0,0.0,0.0,0.0,0,927734a2339a3f2710640065b0893eaae162cc0144ac67e2f377bcff2e71ae34,M0_SAFER_BASELINE,0.006882888884607988,1.5614011293115484,1.5614011293115484,0.0,0,,0.0,1,0,0,0,0,False,0,0.0,0.0,0.0,G3_08_040,9f9fce4d1875b57e7a55c3a9cbf5b5a0c3f8476d84b3deb53c920d9b6322bb1d,8989173779194962498,CERTIFIED_ENDPOINT_LIPSCHITZ_LOWER_BOUND,0,54c035f7834b564019656c3e3fcc3646292f727d,QP_INFEASIBLE,PrimalInfeasible,0,0,1.1659381489735097
2000,2000.0,2000.0,0.0,a3166060848f911fbbca79622a8a1c2b45c8acb14596f1f6c6fd13720878d374,2000.0,06c1ff17d2ed5eb184b6a9699a3a32da431a1460840431a3effe76d5f03b9ee3,0,False,0.0,0.0,0.0,0.0,0,True,0,0,0,0,,0.0,0,G3_SAMPLED_DATA_GAP,1,0,0.0,0.0,0.0,0,927734a2339a3f2710640065b0893eaae162cc0144ac67e2f377bcff2e71ae34,M1_FAS_START_SAFE_ONLY,0.006882888884607988,1.5614011293115484,1.5614011293115484,0.0,0,,0.0,1,0,0,0,0,False,0,0.025034351041540504,0.025034351041540504,0.025034351041540504,G3_08_040,9f9fce4d1875b57e7a55c3a9cbf5b5a0c3f8476d84b3deb53c920d9b6322bb1d,8989173779194962498,CERTIFIED_ENDPOINT_LIPSCHITZ_LOWER_BOUND,0,54c035f7834b564019656c3e3fcc3646292f727d,QP_INFEASIBLE,PrimalInfeasible,0,0,1.1797393499873579
48,48.0,48.0,0.0,a3166060848f911fbbca79622a8a1c2b45c8acb14596f1f6c6fd13720878d374,2000.0,06c1ff17d2ed5eb184b6a9699a3a32da431a1460840431a3effe76d5f03b9ee3,0,False,0.0,0.0,0.0,0.0,0,True,0,0,0,0,,0.0,0,G3_SAMPLED_DATA_GAP,1,0,0.0,0.0,0.0,0,927734a2339a3f2710640065b0893eaae162cc0144ac67e2f377bcff2e71ae34,M2_FAS_START_SAFE_PLUS_FEASIBILITY_AWARE,0.006882888884607988,1.5614011293115484,1.5614011293115484,0.0,0,,0.0,1,0,0,0,0,False,0,0.020076113985851407,0.020076113985851407,0.020076113985851407,G3_08_040,9f9fce4d1875b57e7a55c3a9cbf5b5a0c3f8476d84b3deb53c920d9b6322bb1d,8989173779194962498,CERTIFIED_ENDPOINT_LIPSCHITZ_LOWER_BOUND,0,54c035f7834b564019656c3e3fcc3646292f727d,QP_INFEASIBLE,PrimalInfeasible,0,0,1.1695795529522002
48,48.0,48.0,0.0,a3166060848f911fbbca79622a8a1c2b45c8acb14596f1f6c6fd13720878d374,2000.0,06c1ff17d2ed5eb184b6a9699a3a32da431a1460840431a3effe76d5f03b9ee3,0,False,0.0,0.0,0.0,0.0,0,True,0,0,0,0,,0.0,0,G3_SAMPLED_DATA_GAP,1,0,0.0,0.0,0.0,0,927734a2339a3f2710640065b0893eaae162cc0144ac67e2f377bcff2e71ae34,M3_FAS_PLUS_DISCRETE_TIME_VERIFICATION,0.006882888884607988,1.5614011293115484,1.5614011293115484,0.0,0,,0.0,1,0,0,0,0,False,0,0.02132564107887447,0.02132564107887447,0.02132564107887447,G3_08_040,9f9fce4d1875b57e7a55c3a9cbf5b5a0c3f8476d84b3deb53c920d9b6322bb1d,8989173779194962498,CERTIFIED_ENDPOINT_LIPSCHITZ_LOWER_BOUND,0,54c035f7834b564019656c3e3fcc3646292f727d,QP_INFEASIBLE,PrimalInfeasible,0,0,1.177653371822089
48,48.0,48.0,0.0,a3166060848f911fbbca79622a8a1c2b45c8acb14596f1f6c6fd13720878d374,2000.0,06c1ff17d2ed5eb184b6a9699a3a32da431a1460840431a3effe76d5f03b9ee3,0,False,0.0,0.0,0.0,0.0,0,True,0,0,0,0,,0.0,0,G3_SAMPLED_DATA_GAP,1,0,0.0,0.0,0.0,0,927734a2339a3f2710640065b0893eaae162cc0144ac67e2f377bcff2e71ae34,M4_FULL_FAS_CBF,0.006882888884607988,1.5614011293115484,1.5614011293115484,0.0,0,,0.0,1,0,0,0,0,False,0,0.019800180103629827,0.019800180103629827,0.019800180103629827,G3_08_040,9f9fce4d1875b57e7a55c3a9cbf5b5a0c3f8476d84b3deb53c920d9b6322bb1d,8989173779194962498,CERTIFIED_ENDPOINT_LIPSCHITZ_LOWER_BOUND,0,54c035f7834b564019656c3e3fcc3646292f727d,QP_INFEASIBLE,PrimalInfeasible,0,0,1.1702287029474974
2000,2000.0,2000.0,0.0,a3166060848f911fbbca79622a8a1c2b45c8acb14596f1f6c6fd13720878d374,2000.0,06c1ff17d2ed5eb184b6a9699a3a32da431a1460840431a3effe76d5f03b9ee3,0,False,0.0,0.0,0.0,0.0,0,True,0,0,0,0,,0.0,0,G3_SAMPLED_DATA_GAP,1,0,0.0,0.0,0.0,0,927734a2339a3f2710640065b0893eaae162cc0144ac67e2f377bcff2e71ae34,M0_SAFER_BASELINE,0.0067139302676991995,1.5524169833659707,1.5524169833659707,0.0,0,,0.0,1,0,0,0,0,False,0,0.0,0.0,0.0,G3_09_401,9f9fce4d1875b57e7a55c3a9cbf5b5a0c3f8476d84b3deb53c920d9b6322bb1d,12596242318979971043,CERTIFIED_ENDPOINT_LIPSCHITZ_LOWER_BOUND,0,54c035f7834b564019656c3e3fcc3646292f727d,QP_INFEASIBLE,PrimalInfeasible,0,0,1.1720652440562844
2000,2000.0,2000.0,0.0,a3166060848f911fbbca79622a8a1c2b45c8acb14596f1f6c6fd13720878d374,2000.0,06c1ff17d2ed5eb184b6a9699a3a32da431a1460840431a3effe76d5f03b9ee3,0,False,0.0,0.0,0.0,0.0,0,True,0,0,0,0,,0.0,0,G3_SAMPLED_DATA_GAP,1,0,0.0,0.0,0.0,0,927734a2339a3f2710640065b0893eaae162cc0144ac67e2f377bcff2e71ae34,M1_FAS_START_SAFE_ONLY,0.0067139302676991995,1.5524169833659707,1.5524169833659707,0.0,0,,0.0,1,0,0,0,0,False,0,0.022173064993694425,0.022173064993694425,0.022173064993694425,G3_09_401,9f9fce4d1875b57e7a55c3a9cbf5b5a0c3f8476d84b3deb53c920d9b6322bb1d,12596242318979971043,CERTIFIED_ENDPOINT_LIPSCHITZ_LOWER_BOUND,0,54c035f7834b564019656c3e3fcc3646292f727d,QP_INFEASIBLE,PrimalInfeasible,0,0,1.1859273300506175
52,52.0,52.0,0.0,a3166060848f911fbbca79622a8a1c2b45c8acb14596f1f6c6fd13720878d374,2000.0,06c1ff17d2ed5eb184b6a9699a3a32da431a1460840431a3effe76d5f03b9ee3,0,False,0.0,0.0,0.0,0.0,0,True,0,0,0,0,,0.0,0,G3_SAMPLED_DATA_GAP,1,0,0.0,0.0,0.0,0,927734a2339a3f2710640065b0893eaae162cc0144ac67e2f377bcff2e71ae34,M2_FAS_START_SAFE_PLUS_FEASIBILITY_AWARE,0.0067139302676991995,1.5524169833659707,1.5524169833659707,0.0,0,,0.0,1,0,0,0,0,False,0,0.023986418033018708,0.023986418033018708,0.023986418033018708,G3_09_401,9f9fce4d1875b57e7a55c3a9cbf5b5a0c3f8476d84b3deb53c920d9b6322bb1d,12596242318979971043,CERTIFIED_ENDPOINT_LIPSCHITZ_LOWER_BOUND,0,54c035f7834b564019656c3e3fcc3646292f727d,QP_INFEASIBLE,PrimalInfeasible,0,0,1.263587408931926
52,52.0,52.0,0.0,a3166060848f911fbbca79622a8a1c2b45c8acb14596f1f6c6fd13720878d374,2000.0,06c1ff17d2ed5eb184b6a9699a3a32da431a1460840431a3effe76d5f03b9ee3,0,False,0.0,0.0,0.0,0.0,0,True,0,0,0,0,,0.0,0,G3_SAMPLED_DATA_GAP,1,0,0.0,0.0,0.0,0,927734a2339a3f2710640065b0893eaae162cc0144ac67e2f377bcff2e71ae34,M3_FAS_PLUS_DISCRETE_TIME_VERIFICATION,0.0067139302676991995,1.5524169833659707,1.5524169833659707,0.0,0,,0.0,1,0,0,0,0,False,0,0.024389425991103053,0.024389425991103053,0.024389425991103053,G3_09_401,9f9fce4d1875b57e7a55c3a9cbf5b5a0c3f8476d84b3deb53c920d9b6322bb1d,12596242318979971043,CERTIFIED_ENDPOINT_LIPSCHITZ_LOWER_BOUND,0,54c035f7834b564019656c3e3fcc3646292f727d,QP_INFEASIBLE,PrimalInfeasible,0,0,1.1974422140046954
52,52.0,52.0,0.0,a3166060848f911fbbca79622a8a1c2b45c8acb14596f1f6c6fd13720878d374,2000.0,06c1ff17d2ed5eb184b6a9699a3a32da431a1460840431a3effe76d5f03b9ee3,0,False,0.0,0.0,0.0,0.0,0,True,0,0,0,0,,0.0,0,G3_SAMPLED_DATA_GAP,1,0,0.0,0.0,0.0,0,927734a2339a3f2710640065b0893eaae162cc0144ac67e2f377bcff2e71ae34,M4_FULL_FAS_CBF,0.0067139302676991995,1.5524169833659707,1.5524169833659707,0.0,0,,0.0,1,0,0,0,0,False,0,0.02430535899475217,0.02430535899475217,0.02430535899475217,G3_09_401,9f9fce4d1875b57e7a55c3a9cbf5b5a0c3f8476d84b3deb53c920d9b6322bb1d,12596242318979971043,CERTIFIED_ENDPOINT_LIPSCHITZ_LOWER_BOUND,0,54c035f7834b564019656c3e3fcc3646292f727d,QP_INFEASIBLE,PrimalInfeasible,0,0,1.199460872914642
2000,2000.0,2000.0,0.0,a3166060848f911fbbca79622a8a1c2b45c8acb14596f1f6c6fd13720878d374,2000.0,06c1ff17d2ed5eb184b6a9699a3a32da431a1460840431a3effe76d5f03b9ee3,0,False,0.0,0.0,0.0,0.0,0,True,0,0,0,0,,0.0,0,G3_SAMPLED_DATA_GAP,1,0,0.0,0.0,0.0,0,927734a2339a3f2710640065b0893eaae162cc0144ac67e2f377bcff2e71ae34,M0_SAFER_BASELINE,0.0061034423939400236,1.6115625759764092,1.6115625759764092,0.0,0,,0.0,1,0,0,0,0,False,0,0.0,0.0,0.0,G3_10_499,9f9fce4d1875b57e7a55c3a9cbf5b5a0c3f8476d84b3deb53c920d9b6322bb1d,2997497614576098370,CERTIFIED_ENDPOINT_LIPSCHITZ_LOWER_BOUND,0,54c035f7834b564019656c3e3fcc3646292f727d,QP_INFEASIBLE,PrimalInfeasible,0,0,1.1794925350695848
2000,2000.0,2000.0,0.0,a3166060848f911fbbca79622a8a1c2b45c8acb14596f1f6c6fd13720878d374,2000.0,06c1ff17d2ed5eb184b6a9699a3a32da431a1460840431a3effe76d5f03b9ee3,0,False,0.0,0.0,0.0,0.0,0,True,0,0,0,0,,0.0,0,G3_SAMPLED_DATA_GAP,1,0,0.0,0.0,0.0,0,927734a2339a3f2710640065b0893eaae162cc0144ac67e2f377bcff2e71ae34,M1_FAS_START_SAFE_ONLY,0.0061034423939400236,1.6115625759764092,1.6115625759764092,0.0,0,,0.0,1,0,0,0,0,False,0,0.020699840039014816,0.020699840039014816,0.020699840039014816,G3_10_499,9f9fce4d1875b57e7a55c3a9cbf5b5a0c3f8476d84b3deb53c920d9b6322bb1d,2997497614576098370,CERTIFIED_ENDPOINT_LIPSCHITZ_LOWER_BOUND,0,54c035f7834b564019656c3e3fcc3646292f727d,QP_INFEASIBLE,PrimalInfeasible,0,0,1.1801984370686114
624,624.0,624.0,0.0,a3166060848f911fbbca79622a8a1c2b45c8acb14596f1f6c6fd13720878d374,2000.0,06c1ff17d2ed5eb184b6a9699a3a32da431a1460840431a3effe76d5f03b9ee3,0,False,0.0,0.0,0.0,0.0,0,True,0,0,0,0,,0.0,0,G3_SAMPLED_DATA_GAP,1,0,0.0,0.0,0.0,0,927734a2339a3f2710640065b0893eaae162cc0144ac67e2f377bcff2e71ae34,M2_FAS_START_SAFE_PLUS_FEASIBILITY_AWARE,0.0061034423939400236,1.6115625759764092,1.6115625759764092,0.0,0,,0.0,1,0,0,0,0,False,0,0.021210683975368738,0.021210683975368738,0.021210683975368738,G3_10_499,9f9fce4d1875b57e7a55c3a9cbf5b5a0c3f8476d84b3deb53c920d9b6322bb1d,2997497614576098370,CERTIFIED_ENDPOINT_LIPSCHITZ_LOWER_BOUND,0,54c035f7834b564019656c3e3fcc3646292f727d,QP_INFEASIBLE,PrimalInfeasible,0,0,1.1753760951105505
624,624.0,624.0,0.0,a3166060848f911fbbca79622a8a1c2b45c8acb14596f1f6c6fd13720878d374,2000.0,06c1ff17d2ed5eb184b6a9699a3a32da431a1460840431a3effe76d5f03b9ee3,0,False,0.0,0.0,0.0,0.0,0,True,0,0,0,0,,0.0,0,G3_SAMPLED_DATA_GAP,1,0,0.0,0.0,0.0,0,927734a2339a3f2710640065b0893eaae162cc0144ac67e2f377bcff2e71ae34,M3_FAS_PLUS_DISCRETE_TIME_VERIFICATION,0.0061034423939400236,1.6115625759764092,1.6115625759764092,0.0,0,,0.0,1,0,0,0,0,False,0,0.024382839910686016,0.024382839910686016,0.024382839910686016,G3_10_499,9f9fce4d1875b57e7a55c3a9cbf5b5a0c3f8476d84b3deb53c920d9b6322bb1d,2997497614576098370,CERTIFIED_ENDPOINT_LIPSCHITZ_LOWER_BOUND,0,54c035f7834b564019656c3e3fcc3646292f727d,QP_INFEASIBLE,PrimalInfeasible,0,0,1.1787301830481738
624,624.0,624.0,0.0,a3166060848f911fbbca79622a8a1c2b45c8acb14596f1f6c6fd13720878d374,2000.0,06c1ff17d2ed5eb184b6a9699a3a32da431a1460840431a3effe76d5f03b9ee3,0,False,0.0,0.0,0.0,0.0,0,True,0,0,0,0,,0.0,0,G3_SAMPLED_DATA_GAP,1,0,0.0,0.0,0.0,0,927734a2339a3f2710640065b0893eaae162cc0144ac67e2f377bcff2e71ae34,M4_FULL_FAS_CBF,0.0061034423939400236,1.6115625759764092,1.6115625759764092,0.0,0,,0.0,1,0,0,0,0,False,0,0.0199404819868505,0.0199404819868505,0.0199404819868505,G3_10_499,9f9fce4d1875b57e7a55c3a9cbf5b5a0c3f8476d84b3deb53c920d9b6322bb1d,2997497614576098370,CERTIFIED_ENDPOINT_LIPSCHITZ_LOWER_BOUND,0,54c035f7834b564019656c3e3fcc3646292f727d,QP_INFEASIBLE,PrimalInfeasible,0,0,1.170875480165705
2000,2000.0,2000.0,0.0,a3166060848f911fbbca79622a8a1c2b45c8acb14596f1f6c6fd13720878d374,2000.0,06c1ff17d2ed5eb184b6a9699a3a32da431a1460840431a3effe76d5f03b9ee3,0,False,0.0,0.0,0.0,0.0,0,True,0,0,0,0,,0.0,0,G3_SAMPLED_DATA_GAP,1,0,0.0,0.0,0.0,0,927734a2339a3f2710640065b0893eaae162cc0144ac67e2f377bcff2e71ae34,M0_SAFER_BASELINE,0.005791148341843223,1.602504597445566,1.602504597445566,0.0,0,,0.0,1,0,0,0,0,False,0,0.0,0.0,0.0,G3_11_345,9f9fce4d1875b57e7a55c3a9cbf5b5a0c3f8476d84b3deb53c920d9b6322bb1d,10565707689209032456,CERTIFIED_ENDPOINT_LIPSCHITZ_LOWER_BOUND,0,54c035f7834b564019656c3e3fcc3646292f727d,QP_INFEASIBLE,PrimalInfeasible,0,0,1.16994151705876
2000,2000.0,2000.0,0.0,a3166060848f911fbbca79622a8a1c2b45c8acb14596f1f6c6fd13720878d374,2000.0,06c1ff17d2ed5eb184b6a9699a3a32da431a1460840431a3effe76d5f03b9ee3,0,False,0.0,0.0,0.0,0.0,0,True,0,0,0,0,,0.0,0,G3_SAMPLED_DATA_GAP,1,0,0.0,0.0,0.0,0,927734a2339a3f2710640065b0893eaae162cc0144ac67e2f377bcff2e71ae34,M1_FAS_START_SAFE_ONLY,0.005791148341843223,1.602504597445566,1.602504597445566,0.0,0,,0.0,1,0,0,0,0,False,0,0.021104489918798208,0.021104489918798208,0.021104489918798208,G3_11_345,9f9fce4d1875b57e7a55c3a9cbf5b5a0c3f8476d84b3deb53c920d9b6322bb1d,10565707689209032456,CERTIFIED_ENDPOINT_LIPSCHITZ_LOWER_BOUND,0,54c035f7834b564019656c3e3fcc3646292f727d,QP_INFEASIBLE,PrimalInfeasible,0,0,1.1830196999944746
57,57.0,57.0,0.0,a3166060848f911fbbca79622a8a1c2b45c8acb14596f1f6c6fd13720878d374,2000.0,06c1ff17d2ed5eb184b6a9699a3a32da431a1460840431a3effe76d5f03b9ee3,0,False,0.0,0.0,0.0,0.0,0,True,0,0,0,0,,0.0,0,G3_SAMPLED_DATA_GAP,1,0,0.0,0.0,0.0,0,927734a2339a3f2710640065b0893eaae162cc0144ac67e2f377bcff2e71ae34,M2_FAS_START_SAFE_PLUS_FEASIBILITY_AWARE,0.005791148341843223,1.602504597445566,1.602504597445566,0.0,0,,0.0,1,0,0,0,0,False,0,0.022251737071201205,0.022251737071201205,0.022251737071201205,G3_11_345,9f9fce4d1875b57e7a55c3a9cbf5b5a0c3f8476d84b3deb53c920d9b6322bb1d,10565707689209032456,CERTIFIED_ENDPOINT_LIPSCHITZ_LOWER_BOUND,0,54c035f7834b564019656c3e3fcc3646292f727d,QP_INFEASIBLE,PrimalInfeasible,0,0,1.1658810109365731
57,57.0,57.0,0.0,a3166060848f911fbbca79622a8a1c2b45c8acb14596f1f6c6fd13720878d374,2000.0,06c1ff17d2ed5eb184b6a9699a3a32da431a1460840431a3effe76d5f03b9ee3,0,False,0.0,0.0,0.0,0.0,0,True,0,0,0,0,,0.0,0,G3_SAMPLED_DATA_GAP,1,0,0.0,0.0,0.0,0,927734a2339a3f2710640065b0893eaae162cc0144ac67e2f377bcff2e71ae34,M3_FAS_PLUS_DISCRETE_TIME_VERIFICATION,0.005791148341843223,1.602504597445566,1.602504597445566,0.0,0,,0.0,1,0,0,0,0,False,0,0.024251705966889858,0.024251705966889858,0.024251705966889858,G3_11_345,9f9fce4d1875b57e7a55c3a9cbf5b5a0c3f8476d84b3deb53c920d9b6322bb1d,10565707689209032456,CERTIFIED_ENDPOINT_LIPSCHITZ_LOWER_BOUND,0,54c035f7834b564019656c3e3fcc3646292f727d,QP_INFEASIBLE,PrimalInfeasible,0,0,1.1806100450921804
57,57.0,57.0,0.0,a3166060848f911fbbca79622a8a1c2b45c8acb14596f1f6c6fd13720878d374,2000.0,06c1ff17d2ed5eb184b6a9699a3a32da431a1460840431a3effe76d5f03b9ee3,0,False,0.0,0.0,0.0,0.0,0,True,0,0,0,0,,0.0,0,G3_SAMPLED_DATA_GAP,1,0,0.0,0.0,0.0,0,927734a2339a3f2710640065b0893eaae162cc0144ac67e2f377bcff2e71ae34,M4_FULL_FAS_CBF,0.005791148341843223,1.602504597445566,1.602504597445566,0.0,0,,0.0,1,0,0,0,0,False,0,0.02162822592072189,0.02162822592072189,0.02162822592072189,G3_11_345,9f9fce4d1875b57e7a55c3a9cbf5b5a0c3f8476d84b3deb53c920d9b6322bb1d,10565707689209032456,CERTIFIED_ENDPOINT_LIPSCHITZ_LOWER_BOUND,0,54c035f7834b564019656c3e3fcc3646292f727d,QP_INFEASIBLE,PrimalInfeasible,0,0,1.1855368458200246
2000,2000.0,2000.0,0.0,a3166060848f911fbbca79622a8a1c2b45c8acb14596f1f6c6fd13720878d374,2000.0,06c1ff17d2ed5eb184b6a9699a3a32da431a1460840431a3effe76d5f03b9ee3,0,False,0.0,0.0,0.0,0.0,0,True,0,0,0,0,,0.0,0,G3_SAMPLED_DATA_GAP,1,0,0.0,0.0,0.0,0,927734a2339a3f2710640065b0893eaae162cc0144ac67e2f377bcff2e71ae34,M0_SAFER_BASELINE,0.005530442981118402,1.5525192382338857,1.5525192382338857,0.0,0,,0.0,1,0,0,0,0,False,0,0.0,0.0,0.0,G3_12_347,9f9fce4d1875b57e7a55c3a9cbf5b5a0c3f8476d84b3deb53c920d9b6322bb1d,8725365932261941688,CERTIFIED_ENDPOINT_LIPSCHITZ_LOWER_BOUND,0,54c035f7834b564019656c3e3fcc3646292f727d,QP_INFEASIBLE,PrimalInfeasible,0,0,1.1837714209686965
2000,2000.0,2000.0,0.0,a3166060848f911fbbca79622a8a1c2b45c8acb14596f1f6c6fd13720878d374,2000.0,06c1ff17d2ed5eb184b6a9699a3a32da431a1460840431a3effe76d5f03b9ee3,0,False,0.0,0.0,0.0,0.0,0,True,0,0,0,0,,0.0,0,G3_SAMPLED_DATA_GAP,1,0,0.0,0.0,0.0,0,927734a2339a3f2710640065b0893eaae162cc0144ac67e2f377bcff2e71ae34,M1_FAS_START_SAFE_ONLY,0.005530442981118402,1.5525192382338857,1.5525192382338857,0.0,0,,0.0,1,0,0,0,0,False,0,0.022490665083751082,0.022490665083751082,0.022490665083751082,G3_12_347,9f9fce4d1875b57e7a55c3a9cbf5b5a0c3f8476d84b3deb53c920d9b6322bb1d,8725365932261941688,CERTIFIED_ENDPOINT_LIPSCHITZ_LOWER_BOUND,0,54c035f7834b564019656c3e3fcc3646292f727d,QP_INFEASIBLE,PrimalInfeasible,0,0,1.188089142087847
152,152.0,152.0,0.0,a3166060848f911fbbca79622a8a1c2b45c8acb14596f1f6c6fd13720878d374,2000.0,06c1ff17d2ed5eb184b6a9699a3a32da431a1460840431a3effe76d5f03b9ee3,0,False,0.0,0.0,0.0,0.0,0,True,0,0,0,0,,0.0,0,G3_SAMPLED_DATA_GAP,1,0,0.0,0.0,0.0,0,927734a2339a3f2710640065b0893eaae162cc0144ac67e2f377bcff2e71ae34,M2_FAS_START_SAFE_PLUS_FEASIBILITY_AWARE,0.005530442981118402,1.5525192382338857,1.5525192382338857,0.0,0,,0.0,1,0,0,0,0,False,0,0.02505728299729526,0.02505728299729526,0.02505728299729526,G3_12_347,9f9fce4d1875b57e7a55c3a9cbf5b5a0c3f8476d84b3deb53c920d9b6322bb1d,8725365932261941688,CERTIFIED_ENDPOINT_LIPSCHITZ_LOWER_BOUND,0,54c035f7834b564019656c3e3fcc3646292f727d,QP_INFEASIBLE,PrimalInfeasible,0,0,1.1964325690642
152,152.0,152.0,0.0,a3166060848f911fbbca79622a8a1c2b45c8acb14596f1f6c6fd13720878d374,2000.0,06c1ff17d2ed5eb184b6a9699a3a32da431a1460840431a3effe76d5f03b9ee3,0,False,0.0,0.0,0.0,0.0,0,True,0,0,0,0,,0.0,0,G3_SAMPLED_DATA_GAP,1,0,0.0,0.0,0.0,0,927734a2339a3f2710640065b0893eaae162cc0144ac67e2f377bcff2e71ae34,M3_FAS_PLUS_DISCRETE_TIME_VERIFICATION,0.005530442981118402,1.5525192382338857,1.5525192382338857,0.0,0,,0.0,1,0,0,0,0,False,0,0.023720538010820746,0.023720538010820746,0.023720538010820746,G3_12_347,9f9fce4d1875b57e7a55c3a9cbf5b5a0c3f8476d84b3deb53c920d9b6322bb1d,8725365932261941688,CERTIFIED_ENDPOINT_LIPSCHITZ_LOWER_BOUND,0,54c035f7834b564019656c3e3fcc3646292f727d,QP_INFEASIBLE,PrimalInfeasible,0,0,1.17983933002688
152,152.0,152.0,0.0,a3166060848f911fbbca79622a8a1c2b45c8acb14596f1f6c6fd13720878d374,2000.0,06c1ff17d2ed5eb184b6a9699a3a32da431a1460840431a3effe76d5f03b9ee3,0,False,0.0,0.0,0.0,0.0,0,True,0,0,0,0,,0.0,0,G3_SAMPLED_DATA_GAP,1,0,0.0,0.0,0.0,0,927734a2339a3f2710640065b0893eaae162cc0144ac67e2f377bcff2e71ae34,M4_FULL_FAS_CBF,0.005530442981118402,1.5525192382338857,1.5525192382338857,0.0,0,,0.0,1,0,0,0,0,False,0,0.020457751117646694,0.020457751117646694,0.020457751117646694,G3_12_347,9f9fce4d1875b57e7a55c3a9cbf5b5a0c3f8476d84b3deb53c920d9b6322bb1d,8725365932261941688,CERTIFIED_ENDPOINT_LIPSCHITZ_LOWER_BOUND,0,54c035f7834b564019656c3e3fcc3646292f727d,QP_INFEASIBLE,PrimalInfeasible,0,0,1.1851016141008586
2000,2000.0,2000.0,0.0,a3166060848f911fbbca79622a8a1c2b45c8acb14596f1f6c6fd13720878d374,2000.0,06c1ff17d2ed5eb184b6a9699a3a32da431a1460840431a3effe76d5f03b9ee3,0,False,0.0,0.0,0.0,0.0,0,True,0,0,0,0,,0.0,0,G3_SAMPLED_DATA_GAP,1,0,0.0,0.0,0.0,0,927734a2339a3f2710640065b0893eaae162cc0144ac67e2f377bcff2e71ae34,M0_SAFER_BASELINE,0.005201377038133101,1.5536517436196813,1.5536517436196813,0.0,0,,0.0,1,0,0,0,0,False,0,0.0,0.0,0.0,G3_13_204,9f9fce4d1875b57e7a55c3a9cbf5b5a0c3f8476d84b3deb53c920d9b6322bb1d,2845300568325188737,CERTIFIED_ENDPOINT_LIPSCHITZ_LOWER_BOUND,0,54c035f7834b564019656c3e3fcc3646292f727d,QP_INFEASIBLE,PrimalInfeasible,0,0,1.1832833979278803
2000,2000.0,2000.0,0.0,a3166060848f911fbbca79622a8a1c2b45c8acb14596f1f6c6fd13720878d374,2000.0,06c1ff17d2ed5eb184b6a9699a3a32da431a1460840431a3effe76d5f03b9ee3,0,False,0.0,0.0,0.0,0.0,0,True,0,0,0,0,,0.0,0,G3_SAMPLED_DATA_GAP,1,0,0.0,0.0,0.0,0,927734a2339a3f2710640065b0893eaae162cc0144ac67e2f377bcff2e71ae34,M1_FAS_START_SAFE_ONLY,0.005201377038133101,1.5536517436196813,1.5536517436196813,0.0,0,,0.0,1,0,0,0,0,False,0,0.030710328137502074,0.030710328137502074,0.030710328137502074,G3_13_204,9f9fce4d1875b57e7a55c3a9cbf5b5a0c3f8476d84b3deb53c920d9b6322bb1d,2845300568325188737,CERTIFIED_ENDPOINT_LIPSCHITZ_LOWER_BOUND,0,54c035f7834b564019656c3e3fcc3646292f727d,QP_INFEASIBLE,PrimalInfeasible,0,0,1.2238664629403502
60,60.0,60.0,0.0,a3166060848f911fbbca79622a8a1c2b45c8acb14596f1f6c6fd13720878d374,2000.0,06c1ff17d2ed5eb184b6a9699a3a32da431a1460840431a3effe76d5f03b9ee3,0,False,0.0,0.0,0.0,0.0,0,True,0,0,0,0,,0.0,0,G3_SAMPLED_DATA_GAP,1,0,0.0,0.0,0.0,0,927734a2339a3f2710640065b0893eaae162cc0144ac67e2f377bcff2e71ae34,M2_FAS_START_SAFE_PLUS_FEASIBILITY_AWARE,0.005201377038133101,1.5536517436196813,1.5536517436196813,0.0,0,,0.0,1,0,0,0,0,False,0,0.030572813004255295,0.030572813004255295,0.030572813004255295,G3_13_204,9f9fce4d1875b57e7a55c3a9cbf5b5a0c3f8476d84b3deb53c920d9b6322bb1d,2845300568325188737,CERTIFIED_ENDPOINT_LIPSCHITZ_LOWER_BOUND,0,54c035f7834b564019656c3e3fcc3646292f727d,QP_INFEASIBLE,PrimalInfeasible,0,0,1.198618503054604
60,60.0,60.0,0.0,a3166060848f911fbbca79622a8a1c2b45c8acb14596f1f6c6fd13720878d374,2000.0,06c1ff17d2ed5eb184b6a9699a3a32da431a1460840431a3effe76d5f03b9ee3,0,False,0.0,0.0,0.0,0.0,0,True,0,0,0,0,,0.0,0,G3_SAMPLED_DATA_GAP,1,0,0.0,0.0,0.0,0,927734a2339a3f2710640065b0893eaae162cc0144ac67e2f377bcff2e71ae34,M3_FAS_PLUS_DISCRETE_TIME_VERIFICATION,0.005201377038133101,1.5536517436196813,1.5536517436196813,0.0,0,,0.0,1,0,0,0,0,False,0,0.025043330155313015,0.025043330155313015,0.025043330155313015,G3_13_204,9f9fce4d1875b57e7a55c3a9cbf5b5a0c3f8476d84b3deb53c920d9b6322bb1d,2845300568325188737,CERTIFIED_ENDPOINT_LIPSCHITZ_LOWER_BOUND,0,54c035f7834b564019656c3e3fcc3646292f727d,QP_INFEASIBLE,PrimalInfeasible,0,0,1.1792485599871725
60,60.0,60.0,0.0,a3166060848f911fbbca79622a8a1c2b45c8acb14596f1f6c6fd13720878d374,2000.0,06c1ff17d2ed5eb184b6a9699a3a32da431a1460840431a3effe76d5f03b9ee3,0,False,0.0,0.0,0.0,0.0,0,True,0,0,0,0,,0.0,0,G3_SAMPLED_DATA_GAP,1,0,0.0,0.0,0.0,0,927734a2339a3f2710640065b0893eaae162cc0144ac67e2f377bcff2e71ae34,M4_FULL_FAS_CBF,0.005201377038133101,1.5536517436196813,1.5536517436196813,0.0,0,,0.0,1,0,0,0,0,False,0,0.021467717830091715,0.021467717830091715,0.021467717830091715,G3_13_204,9f9fce4d1875b57e7a55c3a9cbf5b5a0c3f8476d84b3deb53c920d9b6322bb1d,2845300568325188737,CERTIFIED_ENDPOINT_LIPSCHITZ_LOWER_BOUND,0,54c035f7834b564019656c3e3fcc3646292f727d,QP_INFEASIBLE,PrimalInfeasible,0,0,1.1693652868270874
2000,2000.0,2000.0,0.0,a3166060848f911fbbca79622a8a1c2b45c8acb14596f1f6c6fd13720878d374,2000.0,06c1ff17d2ed5eb184b6a9699a3a32da431a1460840431a3effe76d5f03b9ee3,0,False,0.0,0.0,0.0,0.0,0,True,0,0,0,0,,0.0,0,G3_SAMPLED_DATA_GAP,1,0,0.0,0.0,0.0,0,927734a2339a3f2710640065b0893eaae162cc0144ac67e2f377bcff2e71ae34,M0_SAFER_BASELINE,0.005124581528680217,1.6533971211499432,1.6533971211499432,0.0,0,,0.0,1,0,0,0,0,False,0,0.0,0.0,0.0,G3_14_368,9f9fce4d1875b57e7a55c3a9cbf5b5a0c3f8476d84b3deb53c920d9b6322bb1d,1398343078090432740,CERTIFIED_ENDPOINT_LIPSCHITZ_LOWER_BOUND,0,54c035f7834b564019656c3e3fcc3646292f727d,QP_INFEASIBLE,PrimalInfeasible,0,0,1.2117932778783143
2000,2000.0,2000.0,0.0,a3166060848f911fbbca79622a8a1c2b45c8acb14596f1f6c6fd13720878d374,2000.0,06c1ff17d2ed5eb184b6a9699a3a32da431a1460840431a3effe76d5f03b9ee3,0,False,0.0,0.0,0.0,0.0,0,True,0,0,0,0,,0.0,0,G3_SAMPLED_DATA_GAP,1,0,0.0,0.0,0.0,0,927734a2339a3f2710640065b0893eaae162cc0144ac67e2f377bcff2e71ae34,M1_FAS_START_SAFE_ONLY,0.005124581528680217,1.6533971211499432,1.6533971211499432,0.0,0,,0.0,1,0,0,0,0,False,0,0.021132259164005518,0.021132259164005518,0.021132259164005518,G3_14_368,9f9fce4d1875b57e7a55c3a9cbf5b5a0c3f8476d84b3deb53c920d9b6322bb1d,1398343078090432740,CERTIFIED_ENDPOINT_LIPSCHITZ_LOWER_BOUND,0,54c035f7834b564019656c3e3fcc3646292f727d,QP_INFEASIBLE,PrimalInfeasible,0,0,1.215141551103443
98,98.0,98.0,0.0,a3166060848f911fbbca79622a8a1c2b45c8acb14596f1f6c6fd13720878d374,2000.0,06c1ff17d2ed5eb184b6a9699a3a32da431a1460840431a3effe76d5f03b9ee3,0,False,0.0,0.0,0.0,0.0,0,True,0,0,0,0,,0.0,0,G3_SAMPLED_DATA_GAP,1,0,0.0,0.0,0.0,0,927734a2339a3f2710640065b0893eaae162cc0144ac67e2f377bcff2e71ae34,M2_FAS_START_SAFE_PLUS_FEASIBILITY_AWARE,0.005124581528680217,1.6533971211499432,1.6533971211499432,0.0,0,,0.0,1,0,0,0,0,False,0,0.027025118935853243,0.027025118935853243,0.027025118935853243,G3_14_368,9f9fce4d1875b57e7a55c3a9cbf5b5a0c3f8476d84b3deb53c920d9b6322bb1d,1398343078090432740,CERTIFIED_ENDPOINT_LIPSCHITZ_LOWER_BOUND,0,54c035f7834b564019656c3e3fcc3646292f727d,QP_INFEASIBLE,PrimalInfeasible,0,0,1.2637291098944843
98,98.0,98.0,0.0,a3166060848f911fbbca79622a8a1c2b45c8acb14596f1f6c6fd13720878d374,2000.0,06c1ff17d2ed5eb184b6a9699a3a32da431a1460840431a3effe76d5f03b9ee3,0,False,0.0,0.0,0.0,0.0,0,True,0,0,0,0,,0.0,0,G3_SAMPLED_DATA_GAP,1,0,0.0,0.0,0.0,0,927734a2339a3f2710640065b0893eaae162cc0144ac67e2f377bcff2e71ae34,M3_FAS_PLUS_DISCRETE_TIME_VERIFICATION,0.005124581528680217,1.6533971211499432,1.6533971211499432,0.0,0,,0.0,1,0,0,0,0,False,0,0.024745900183916092,0.024745900183916092,0.024745900183916092,G3_14_368,9f9fce4d1875b57e7a55c3a9cbf5b5a0c3f8476d84b3deb53c920d9b6322bb1d,1398343078090432740,CERTIFIED_ENDPOINT_LIPSCHITZ_LOWER_BOUND,0,54c035f7834b564019656c3e3fcc3646292f727d,QP_INFEASIBLE,PrimalInfeasible,0,0,1.244820814114064
98,98.0,98.0,0.0,a3166060848f911fbbca79622a8a1c2b45c8acb14596f1f6c6fd13720878d374,2000.0,06c1ff17d2ed5eb184b6a9699a3a32da431a1460840431a3effe76d5f03b9ee3,0,False,0.0,0.0,0.0,0.0,0,True,0,0,0,0,,0.0,0,G3_SAMPLED_DATA_GAP,1,0,0.0,0.0,0.0,0,927734a2339a3f2710640065b0893eaae162cc0144ac67e2f377bcff2e71ae34,M4_FULL_FAS_CBF,0.005124581528680217,1.6533971211499432,1.6533971211499432,0.0,0,,0.0,1,0,0,0,0,False,0,0.031760500045493245,0.031760500045493245,0.031760500045493245,G3_14_368,9f9fce4d1875b57e7a55c3a9cbf5b5a0c3f8476d84b3deb53c920d9b6322bb1d,1398343078090432740,CERTIFIED_ENDPOINT_LIPSCHITZ_LOWER_BOUND,0,54c035f7834b564019656c3e3fcc3646292f727d,QP_INFEASIBLE,PrimalInfeasible,0,0,1.2618727767840028
2000,2000.0,2000.0,0.0,a3166060848f911fbbca79622a8a1c2b45c8acb14596f1f6c6fd13720878d374,2000.0,06c1ff17d2ed5eb184b6a9699a3a32da431a1460840431a3effe76d5f03b9ee3,0,False,0.0,0.0,0.0,0.0,0,True,0,0,0,0,,0.0,0,G3_SAMPLED_DATA_GAP,1,0,0.0,0.0,0.0,0,927734a2339a3f2710640065b0893eaae162cc0144ac67e2f377bcff2e71ae34,M0_SAFER_BASELINE,0.004845839378409746,1.5111100410146572,1.5111100410146572,0.0,0,,0.0,1,0,0,0,0,False,0,0.0,0.0,0.0,G3_15_145,9f9fce4d1875b57e7a55c3a9cbf5b5a0c3f8476d84b3deb53c920d9b6322bb1d,17500736654160044445,CERTIFIED_ENDPOINT_LIPSCHITZ_LOWER_BOUND,0,54c035f7834b564019656c3e3fcc3646292f727d,QP_INFEASIBLE,PrimalInfeasible,0,0,1.252126157982275
2000,2000.0,2000.0,0.0,a3166060848f911fbbca79622a8a1c2b45c8acb14596f1f6c6fd13720878d374,2000.0,06c1ff17d2ed5eb184b6a9699a3a32da431a1460840431a3effe76d5f03b9ee3,0,False,0.0,0.0,0.0,0.0,0,True,0,0,0,0,,0.0,0,G3_SAMPLED_DATA_GAP,1,0,0.0,0.0,0.0,0,927734a2339a3f2710640065b0893eaae162cc0144ac67e2f377bcff2e71ae34,M1_FAS_START_SAFE_ONLY,0.004845839378409746,1.5111100410146572,1.5111100410146572,0.0,0,,0.0,1,0,0,0,0,False,0,0.025297296000644565,0.025297296000644565,0.025297296000644565,G3_15_145,9f9fce4d1875b57e7a55c3a9cbf5b5a0c3f8476d84b3deb53c920d9b6322bb1d,17500736654160044445,CERTIFIED_ENDPOINT_LIPSCHITZ_LOWER_BOUND,0,54c035f7834b564019656c3e3fcc3646292f727d,QP_INFEASIBLE,PrimalInfeasible,0,0,1.2329290269408375
24,24.0,24.0,0.0,a3166060848f911fbbca79622a8a1c2b45c8acb14596f1f6c6fd13720878d374,2000.0,06c1ff17d2ed5eb184b6a9699a3a32da431a1460840431a3effe76d5f03b9ee3,0,False,0.0,0.0,0.0,0.0,0,True,0,0,0,0,,1.0,1,G3_SAMPLED_DATA_GAP,1,0,0.0,0.0,0.0,0,927734a2339a3f2710640065b0893eaae162cc0144ac67e2f377bcff2e71ae34,M2_FAS_START_SAFE_PLUS_FEASIBILITY_AWARE,0.004845839378409746,1.5111100410146572,1.5111100410146572,0.0,0,,0.0,1,0,0,0,0,False,0,0.030150727136060596,0.030150727136060596,0.030150727136060596,G3_15_145,9f9fce4d1875b57e7a55c3a9cbf5b5a0c3f8476d84b3deb53c920d9b6322bb1d,17500736654160044445,CERTIFIED_ENDPOINT_LIPSCHITZ_LOWER_BOUND,0,54c035f7834b564019656c3e3fcc3646292f727d,QP_INFEASIBLE,PrimalInfeasible,0,0,1.2437287920620292
24,24.0,24.0,0.0,a3166060848f911fbbca79622a8a1c2b45c8acb14596f1f6c6fd13720878d374,2000.0,06c1ff17d2ed5eb184b6a9699a3a32da431a1460840431a3effe76d5f03b9ee3,0,False,0.0,0.0,0.0,0.0,0,True,0,0,0,0,,1.0,1,G3_SAMPLED_DATA_GAP,1,0,0.0,0.0,0.0,0,927734a2339a3f2710640065b0893eaae162cc0144ac67e2f377bcff2e71ae34,M3_FAS_PLUS_DISCRETE_TIME_VERIFICATION,0.004845839378409746,1.5111100410146572,1.5111100410146572,0.0,0,,0.0,1,0,0,0,0,False,0,0.03589476807974279,0.03589476807974279,0.03589476807974279,G3_15_145,9f9fce4d1875b57e7a55c3a9cbf5b5a0c3f8476d84b3deb53c920d9b6322bb1d,17500736654160044445,CERTIFIED_ENDPOINT_LIPSCHITZ_LOWER_BOUND,0,54c035f7834b564019656c3e3fcc3646292f727d,QP_INFEASIBLE,PrimalInfeasible,0,0,1.246727273100987
24,24.0,24.0,0.0,a3166060848f911fbbca79622a8a1c2b45c8acb14596f1f6c6fd13720878d374,2000.0,06c1ff17d2ed5eb184b6a9699a3a32da431a1460840431a3effe76d5f03b9ee3,0,False,0.0,0.0,0.0,0.0,0,True,0,0,0,0,,1.0,1,G3_SAMPLED_DATA_GAP,1,0,0.0,0.0,0.0,0,927734a2339a3f2710640065b0893eaae162cc0144ac67e2f377bcff2e71ae34,M4_FULL_FAS_CBF,0.004845839378409746,1.5111100410146572,1.5111100410146572,0.0,0,,0.0,1,0,0,0,0,False,0,0.027657243888825178,0.027657243888825178,0.027657243888825178,G3_15_145,9f9fce4d1875b57e7a55c3a9cbf5b5a0c3f8476d84b3deb53c920d9b6322bb1d,17500736654160044445,CERTIFIED_ENDPOINT_LIPSCHITZ_LOWER_BOUND,0,54c035f7834b564019656c3e3fcc3646292f727d,QP_INFEASIBLE,PrimalInfeasible,0,0,1.2320093240123242
2000,2000.0,2000.0,0.0,a3166060848f911fbbca79622a8a1c2b45c8acb14596f1f6c6fd13720878d374,2000.0,06c1ff17d2ed5eb184b6a9699a3a32da431a1460840431a3effe76d5f03b9ee3,0,False,0.0,0.0,0.0,0.0,0,True,0,0,0,0,,0.0,0,G3_SAMPLED_DATA_GAP,1,0,0.0,0.0,0.0,0,927734a2339a3f2710640065b0893eaae162cc0144ac67e2f377bcff2e71ae34,M0_SAFER_BASELINE,0.004771324749324152,1.4610900319493287,1.4610900319493287,0.0,0,,0.0,1,0,0,0,0,False,0,0.0,0.0,0.0,G3_16_473,9f9fce4d1875b57e7a55c3a9cbf5b5a0c3f8476d84b3deb53c920d9b6322bb1d,3334071956303530481,CERTIFIED_ENDPOINT_LIPSCHITZ_LOWER_BOUND,0,54c035f7834b564019656c3e3fcc3646292f727d,QP_INFEASIBLE,PrimalInfeasible,0,0,1.2858450289350003
2000,2000.0,2000.0,0.0,a3166060848f911fbbca79622a8a1c2b45c8acb14596f1f6c6fd13720878d374,2000.0,06c1ff17d2ed5eb184b6a9699a3a32da431a1460840431a3effe76d5f03b9ee3,0,False,0.0,0.0,0.0,0.0,0,True,0,0,0,0,,0.0,0,G3_SAMPLED_DATA_GAP,1,0,0.0,0.0,0.0,0,927734a2339a3f2710640065b0893eaae162cc0144ac67e2f377bcff2e71ae34,M1_FAS_START_SAFE_ONLY,0.004771324749324152,1.4610900319493287,1.4610900319493287,0.0,0,,0.0,1,0,0,0,0,False,0,0.022346069803461432,0.022346069803461432,0.022346069803461432,G3_16_473,9f9fce4d1875b57e7a55c3a9cbf5b5a0c3f8476d84b3deb53c920d9b6322bb1d,3334071956303530481,CERTIFIED_ENDPOINT_LIPSCHITZ_LOWER_BOUND,0,54c035f7834b564019656c3e3fcc3646292f727d,QP_INFEASIBLE,PrimalInfeasible,0,0,1.1796009200625122
57,57.0,57.0,0.0,a3166060848f911fbbca79622a8a1c2b45c8acb14596f1f6c6fd13720878d374,2000.0,06c1ff17d2ed5eb184b6a9699a3a32da431a1460840431a3effe76d5f03b9ee3,0,False,0.0,0.0,0.0,0.0,0,True,0,0,0,0,,1.0,1,G3_SAMPLED_DATA_GAP,1,0,0.0,0.0,0.0,0,927734a2339a3f2710640065b0893eaae162cc0144ac67e2f377bcff2e71ae34,M2_FAS_START_SAFE_PLUS_FEASIBILITY_AWARE,0.004771324749324152,1.4610900319493287,1.4610900319493287,0.0,0,,0.0,1,0,0,0,0,False,0,0.026731887832283974,0.026731887832283974,0.026731887832283974,G3_16_473,9f9fce4d1875b57e7a55c3a9cbf5b5a0c3f8476d84b3deb53c920d9b6322bb1d,3334071956303530481,CERTIFIED_ENDPOINT_LIPSCHITZ_LOWER_BOUND,0,54c035f7834b564019656c3e3fcc3646292f727d,QP_INFEASIBLE,PrimalInfeasible,0,0,1.2574622880201787
57,57.0,57.0,0.0,a3166060848f911fbbca79622a8a1c2b45c8acb14596f1f6c6fd13720878d374,2000.0,06c1ff17d2ed5eb184b6a9699a3a32da431a1460840431a3effe76d5f03b9ee3,0,False,0.0,0.0,0.0,0.0,0,True,0,0,0,0,,1.0,1,G3_SAMPLED_DATA_GAP,1,0,0.0,0.0,0.0,0,927734a2339a3f2710640065b0893eaae162cc0144ac67e2f377bcff2e71ae34,M3_FAS_PLUS_DISCRETE_TIME_VERIFICATION,0.004771324749324152,1.4610900319493287,1.4610900319493287,0.0,0,,0.0,1,0,0,0,0,False,0,0.023356863996014,0.023356863996014,0.023356863996014,G3_16_473,9f9fce4d1875b57e7a55c3a9cbf5b5a0c3f8476d84b3deb53c920d9b6322bb1d,3334071956303530481,CERTIFIED_ENDPOINT_LIPSCHITZ_LOWER_BOUND,0,54c035f7834b564019656c3e3fcc3646292f727d,QP_INFEASIBLE,PrimalInfeasible,0,0,1.2281337520107627
57,57.0,57.0,0.0,a3166060848f911fbbca79622a8a1c2b45c8acb14596f1f6c6fd13720878d374,2000.0,06c1ff17d2ed5eb184b6a9699a3a32da431a1460840431a3effe76d5f03b9ee3,0,False,0.0,0.0,0.0,0.0,0,True,0,0,0,0,,1.0,1,G3_SAMPLED_DATA_GAP,1,0,0.0,0.0,0.0,0,927734a2339a3f2710640065b0893eaae162cc0144ac67e2f377bcff2e71ae34,M4_FULL_FAS_CBF,0.004771324749324152,1.4610900319493287,1.4610900319493287,0.0,0,,0.0,1,0,0,0,0,False,0,0.023217763053253293,0.023217763053253293,0.023217763053253293,G3_16_473,9f9fce4d1875b57e7a55c3a9cbf5b5a0c3f8476d84b3deb53c920d9b6322bb1d,3334071956303530481,CERTIFIED_ENDPOINT_LIPSCHITZ_LOWER_BOUND,0,54c035f7834b564019656c3e3fcc3646292f727d,QP_INFEASIBLE,PrimalInfeasible,0,0,1.211751860100776
2000,2000.0,2000.0,0.0,a3166060848f911fbbca79622a8a1c2b45c8acb14596f1f6c6fd13720878d374,2000.0,06c1ff17d2ed5eb184b6a9699a3a32da431a1460840431a3effe76d5f03b9ee3,0,False,0.0,0.0,0.0,0.0,0,True,0,0,0,0,,0.0,0,G3_SAMPLED_DATA_GAP,1,0,0.0,0.0,0.0,0,927734a2339a3f2710640065b0893eaae162cc0144ac67e2f377bcff2e71ae34,M0_SAFER_BASELINE,0.004309271513328657,1.4523738729306872,1.4523738729306872,0.0,0,,0.0,1,0,0,0,0,False,0,0.0,0.0,0.0,G3_17_496,9f9fce4d1875b57e7a55c3a9cbf5b5a0c3f8476d84b3deb53c920d9b6322bb1d,17203583446729682018,CERTIFIED_ENDPOINT_LIPSCHITZ_LOWER_BOUND,0,54c035f7834b564019656c3e3fcc3646292f727d,QP_INFEASIBLE,PrimalInfeasible,0,0,1.2291780801024288
2000,2000.0,2000.0,0.0,a3166060848f911fbbca79622a8a1c2b45c8acb14596f1f6c6fd13720878d374,2000.0,06c1ff17d2ed5eb184b6a9699a3a32da431a1460840431a3effe76d5f03b9ee3,0,False,0.0,0.0,0.0,0.0,0,True,0,0,0,0,,0.0,0,G3_SAMPLED_DATA_GAP,1,0,0.0,0.0,0.0,0,927734a2339a3f2710640065b0893eaae162cc0144ac67e2f377bcff2e71ae34,M1_FAS_START_SAFE_ONLY,0.004309271513328657,1.4523738729306872,1.4523738729306872,0.0,0,,0.0,1,0,0,0,0,False,0,0.02817997499369085,0.02817997499369085,0.02817997499369085,G3_17_496,9f9fce4d1875b57e7a55c3a9cbf5b5a0c3f8476d84b3deb53c920d9b6322bb1d,17203583446729682018,CERTIFIED_ENDPOINT_LIPSCHITZ_LOWER_BOUND,0,54c035f7834b564019656c3e3fcc3646292f727d,QP_INFEASIBLE,PrimalInfeasible,0,0,1.320032763062045
714,714.0,714.0,0.0,a3166060848f911fbbca79622a8a1c2b45c8acb14596f1f6c6fd13720878d374,2000.0,06c1ff17d2ed5eb184b6a9699a3a32da431a1460840431a3effe76d5f03b9ee3,0,False,0.0,0.0,0.0,0.0,0,True,0,0,0,0,,1.0,1,G3_SAMPLED_DATA_GAP,1,0,0.0,0.0,0.0,0,927734a2339a3f2710640065b0893eaae162cc0144ac67e2f377bcff2e71ae34,M2_FAS_START_SAFE_PLUS_FEASIBILITY_AWARE,0.004309271513328657,1.4523738729306872,1.4523738729306872,0.0,0,,0.0,1,0,0,0,0,False,0,0.02045085607096553,0.02045085607096553,0.02045085607096553,G3_17_496,9f9fce4d1875b57e7a55c3a9cbf5b5a0c3f8476d84b3deb53c920d9b6322bb1d,17203583446729682018,CERTIFIED_ENDPOINT_LIPSCHITZ_LOWER_BOUND,0,54c035f7834b564019656c3e3fcc3646292f727d,QP_INFEASIBLE,PrimalInfeasible,0,0,1.2291235390584916
714,714.0,714.0,0.0,a3166060848f911fbbca79622a8a1c2b45c8acb14596f1f6c6fd13720878d374,2000.0,06c1ff17d2ed5eb184b6a9699a3a32da431a1460840431a3effe76d5f03b9ee3,0,False,0.0,0.0,0.0,0.0,0,True,0,0,0,0,,1.0,1,G3_SAMPLED_DATA_GAP,1,0,0.0,0.0,0.0,0,927734a2339a3f2710640065b0893eaae162cc0144ac67e2f377bcff2e71ae34,M3_FAS_PLUS_DISCRETE_TIME_VERIFICATION,0.004309271513328657,1.4523738729306872,1.4523738729306872,0.0,0,,0.0,1,0,0,0,0,False,0,0.02413755189627409,0.02413755189627409,0.02413755189627409,G3_17_496,9f9fce4d1875b57e7a55c3a9cbf5b5a0c3f8476d84b3deb53c920d9b6322bb1d,17203583446729682018,CERTIFIED_ENDPOINT_LIPSCHITZ_LOWER_BOUND,0,54c035f7834b564019656c3e3fcc3646292f727d,QP_INFEASIBLE,PrimalInfeasible,0,0,1.2563052189070731
714,714.0,714.0,0.0,a3166060848f911fbbca79622a8a1c2b45c8acb14596f1f6c6fd13720878d374,2000.0,06c1ff17d2ed5eb184b6a9699a3a32da431a1460840431a3effe76d5f03b9ee3,0,False,0.0,0.0,0.0,0.0,0,True,0,0,0,0,,1.0,1,G3_SAMPLED_DATA_GAP,1,0,0.0,0.0,0.0,0,927734a2339a3f2710640065b0893eaae162cc0144ac67e2f377bcff2e71ae34,M4_FULL_FAS_CBF,0.004309271513328657,1.4523738729306872,1.4523738729306872,0.0,0,,0.0,1,0,0,0,0,False,0,0.03003225289285183,0.03003225289285183,0.03003225289285183,G3_17_496,9f9fce4d1875b57e7a55c3a9cbf5b5a0c3f8476d84b3deb53c920d9b6322bb1d,17203583446729682018,CERTIFIED_ENDPOINT_LIPSCHITZ_LOWER_BOUND,0,54c035f7834b564019656c3e3fcc3646292f727d,QP_INFEASIBLE,PrimalInfeasible,0,0,1.2677729721181095
2000,2000.0,2000.0,0.0,a3166060848f911fbbca79622a8a1c2b45c8acb14596f1f6c6fd13720878d374,2000.0,06c1ff17d2ed5eb184b6a9699a3a32da431a1460840431a3effe76d5f03b9ee3,0,False,0.0,0.0,0.0,0.0,0,True,0,0,0,0,,0.0,0,G3_SAMPLED_DATA_GAP,1,0,0.0,0.0,0.0,0,927734a2339a3f2710640065b0893eaae162cc0144ac67e2f377bcff2e71ae34,M0_SAFER_BASELINE,0.004027032923406008,1.561089246462461,1.561089246462461,0.0,0,,0.0,1,0,0,0,0,False,0,0.0,0.0,0.0,G3_18_018,9f9fce4d1875b57e7a55c3a9cbf5b5a0c3f8476d84b3deb53c920d9b6322bb1d,11270371398139618593,CERTIFIED_ENDPOINT_LIPSCHITZ_LOWER_BOUND,0,54c035f7834b564019656c3e3fcc3646292f727d,QP_INFEASIBLE,PrimalInfeasible,0,0,1.2265572720207274
2000,2000.0,2000.0,0.0,a3166060848f911fbbca79622a8a1c2b45c8acb14596f1f6c6fd13720878d374,2000.0,06c1ff17d2ed5eb184b6a9699a3a32da431a1460840431a3effe76d5f03b9ee3,0,False,0.0,0.0,0.0,0.0,0,True,0,0,0,0,,0.0,0,G3_SAMPLED_DATA_GAP,1,0,0.0,0.0,0.0,0,927734a2339a3f2710640065b0893eaae162cc0144ac67e2f377bcff2e71ae34,M1_FAS_START_SAFE_ONLY,0.004027032923406008,1.561089246462461,1.561089246462461,0.0,0,,0.0,1,0,0,0,0,False,0,0.023224133998155594,0.023224133998155594,0.023224133998155594,G3_18_018,9f9fce4d1875b57e7a55c3a9cbf5b5a0c3f8476d84b3deb53c920d9b6322bb1d,11270371398139618593,CERTIFIED_ENDPOINT_LIPSCHITZ_LOWER_BOUND,0,54c035f7834b564019656c3e3fcc3646292f727d,QP_INFEASIBLE,PrimalInfeasible,0,0,1.2334899380803108
1368,1368.0,1368.0,0.0,a3166060848f911fbbca79622a8a1c2b45c8acb14596f1f6c6fd13720878d374,2000.0,06c1ff17d2ed5eb184b6a9699a3a32da431a1460840431a3effe76d5f03b9ee3,0,False,0.0,0.0,0.0,0.0,0,True,0,0,0,0,,1.0,1,G3_SAMPLED_DATA_GAP,1,0,0.0,0.0,0.0,0,927734a2339a3f2710640065b0893eaae162cc0144ac67e2f377bcff2e71ae34,M2_FAS_START_SAFE_PLUS_FEASIBILITY_AWARE,0.004027032923406008,1.561089246462461,1.561089246462461,0.0,0,,0.0,1,0,0,0,0,False,0,0.021194125059992075,0.021194125059992075,0.021194125059992075,G3_18_018,9f9fce4d1875b57e7a55c3a9cbf5b5a0c3f8476d84b3deb53c920d9b6322bb1d,11270371398139618593,CERTIFIED_ENDPOINT_LIPSCHITZ_LOWER_BOUND,0,54c035f7834b564019656c3e3fcc3646292f727d,QP_INFEASIBLE,PrimalInfeasible,0,0,1.2301183419767767
1368,1368.0,1368.0,0.0,a3166060848f911fbbca79622a8a1c2b45c8acb14596f1f6c6fd13720878d374,2000.0,06c1ff17d2ed5eb184b6a9699a3a32da431a1460840431a3effe76d5f03b9ee3,0,False,0.0,0.0,0.0,0.0,0,True,0,0,0,0,,1.0,1,G3_SAMPLED_DATA_GAP,1,0,0.0,0.0,0.0,0,927734a2339a3f2710640065b0893eaae162cc0144ac67e2f377bcff2e71ae34,M3_FAS_PLUS_DISCRETE_TIME_VERIFICATION,0.004027032923406008,1.561089246462461,1.561089246462461,0.0,0,,0.0,1,0,0,0,0,False,0,0.02433377900160849,0.02433377900160849,0.02433377900160849,G3_18_018,9f9fce4d1875b57e7a55c3a9cbf5b5a0c3f8476d84b3deb53c920d9b6322bb1d,11270371398139618593,CERTIFIED_ENDPOINT_LIPSCHITZ_LOWER_BOUND,0,54c035f7834b564019656c3e3fcc3646292f727d,QP_INFEASIBLE,PrimalInfeasible,0,0,1.2452789300587028
1368,1368.0,1368.0,0.0,a3166060848f911fbbca79622a8a1c2b45c8acb14596f1f6c6fd13720878d374,2000.0,06c1ff17d2ed5eb184b6a9699a3a32da431a1460840431a3effe76d5f03b9ee3,0,False,0.0,0.0,0.0,0.0,0,True,0,0,0,0,,1.0,1,G3_SAMPLED_DATA_GAP,1,0,0.0,0.0,0.0,0,927734a2339a3f2710640065b0893eaae162cc0144ac67e2f377bcff2e71ae34,M4_FULL_FAS_CBF,0.004027032923406008,1.561089246462461,1.561089246462461,0.0,0,,0.0,1,0,0,0,0,False,0,0.022264938801527023,0.022264938801527023,0.022264938801527023,G3_18_018,9f9fce4d1875b57e7a55c3a9cbf5b5a0c3f8476d84b3deb53c920d9b6322bb1d,11270371398139618593,CERTIFIED_ENDPOINT_LIPSCHITZ_LOWER_BOUND,0,54c035f7834b564019656c3e3fcc3646292f727d,QP_INFEASIBLE,PrimalInfeasible,0,0,1.2328506938647479
2000,2000.0,2000.0,0.0,a3166060848f911fbbca79622a8a1c2b45c8acb14596f1f6c6fd13720878d374,2000.0,06c1ff17d2ed5eb184b6a9699a3a32da431a1460840431a3effe76d5f03b9ee3,0,False,0.0,0.0,0.0,0.0,0,True,0,0,0,0,,0.0,0,G3_SAMPLED_DATA_GAP,1,0,0.0,0.0,0.0,0,927734a2339a3f2710640065b0893eaae162cc0144ac67e2f377bcff2e71ae34,M0_SAFER_BASELINE,0.0036155721059398793,1.5104462104181346,1.5104462104181346,0.0,0,,0.0,1,0,0,0,0,False,0,0.0,0.0,0.0,G3_19_084,9f9fce4d1875b57e7a55c3a9cbf5b5a0c3f8476d84b3deb53c920d9b6322bb1d,17494575091272666256,CERTIFIED_ENDPOINT_LIPSCHITZ_LOWER_BOUND,0,54c035f7834b564019656c3e3fcc3646292f727d,QP_INFEASIBLE,PrimalInfeasible,0,0,1.2211158720310777
2000,2000.0,2000.0,0.0,a3166060848f911fbbca79622a8a1c2b45c8acb14596f1f6c6fd13720878d374,2000.0,06c1ff17d2ed5eb184b6a9699a3a32da431a1460840431a3effe76d5f03b9ee3,0,False,0.0,0.0,0.0,0.0,0,True,0,0,0,0,,0.0,0,G3_SAMPLED_DATA_GAP,1,0,0.0,0.0,0.0,0,927734a2339a3f2710640065b0893eaae162cc0144ac67e2f377bcff2e71ae34,M1_FAS_START_SAFE_ONLY,0.0036155721059398793,1.5104462104181346,1.5104462104181346,0.0,0,,0.0,1,0,0,0,0,False,0,0.023895558901131153,0.023895558901131153,0.023895558901131153,G3_19_084,9f9fce4d1875b57e7a55c3a9cbf5b5a0c3f8476d84b3deb53c920d9b6322bb1d,17494575091272666256,CERTIFIED_ENDPOINT_LIPSCHITZ_LOWER_BOUND,0,54c035f7834b564019656c3e3fcc3646292f727d,QP_INFEASIBLE,PrimalInfeasible,0,0,1.2424800619482994
80,80.0,80.0,0.0,a3166060848f911fbbca79622a8a1c2b45c8acb14596f1f6c6fd13720878d374,2000.0,06c1ff17d2ed5eb184b6a9699a3a32da431a1460840431a3effe76d5f03b9ee3,0,False,0.0,0.0,0.0,0.0,0,True,0,0,0,0,,3.0,1,G3_SAMPLED_DATA_GAP,1,0,0.0,0.0,0.0,0,927734a2339a3f2710640065b0893eaae162cc0144ac67e2f377bcff2e71ae34,M2_FAS_START_SAFE_PLUS_FEASIBILITY_AWARE,0.0036155721059398793,1.5104462104181346,1.5104462104181346,0.0,0,,0.0,1,0,0,0,0,False,0,0.01941084209829569,0.01941084209829569,0.01941084209829569,G3_19_084,9f9fce4d1875b57e7a55c3a9cbf5b5a0c3f8476d84b3deb53c920d9b6322bb1d,17494575091272666256,CERTIFIED_ENDPOINT_LIPSCHITZ_LOWER_BOUND,0,54c035f7834b564019656c3e3fcc3646292f727d,QP_INFEASIBLE,PrimalInfeasible,0,0,1.202737599145621
80,80.0,80.0,0.0,a3166060848f911fbbca79622a8a1c2b45c8acb14596f1f6c6fd13720878d374,2000.0,06c1ff17d2ed5eb184b6a9699a3a32da431a1460840431a3effe76d5f03b9ee3,0,False,0.0,0.0,0.0,0.0,0,True,0,0,0,0,,3.0,1,G3_SAMPLED_DATA_GAP,1,0,0.0,0.0,0.0,0,927734a2339a3f2710640065b0893eaae162cc0144ac67e2f377bcff2e71ae34,M3_FAS_PLUS_DISCRETE_TIME_VERIFICATION,0.0036155721059398793,1.5104462104181346,1.5104462104181346,0.0,0,,0.0,1,0,0,0,0,False,0,0.021814210806041956,0.021814210806041956,0.021814210806041956,G3_19_084,9f9fce4d1875b57e7a55c3a9cbf5b5a0c3f8476d84b3deb53c920d9b6322bb1d,17494575091272666256,CERTIFIED_ENDPOINT_LIPSCHITZ_LOWER_BOUND,0,54c035f7834b564019656c3e3fcc3646292f727d,QP_INFEASIBLE,PrimalInfeasible,0,0,1.2105191540904343
80,80.0,80.0,0.0,a3166060848f911fbbca79622a8a1c2b45c8acb14596f1f6c6fd13720878d374,2000.0,06c1ff17d2ed5eb184b6a9699a3a32da431a1460840431a3effe76d5f03b9ee3,0,False,0.0,0.0,0.0,0.0,0,True,0,0,0,0,,3.0,1,G3_SAMPLED_DATA_GAP,1,0,0.0,0.0,0.0,0,927734a2339a3f2710640065b0893eaae162cc0144ac67e2f377bcff2e71ae34,M4_FULL_FAS_CBF,0.0036155721059398793,1.5104462104181346,1.5104462104181346,0.0,0,,0.0,1,0,0,0,0,False,0,0.020390870980918407,0.020390870980918407,0.020390870980918407,G3_19_084,9f9fce4d1875b57e7a55c3a9cbf5b5a0c3f8476d84b3deb53c920d9b6322bb1d,17494575091272666256,CERTIFIED_ENDPOINT_LIPSCHITZ_LOWER_BOUND,0,54c035f7834b564019656c3e3fcc3646292f727d,QP_INFEASIBLE,PrimalInfeasible,0,0,1.2296183279249817
2000,2000.0,2000.0,0.0,a3166060848f911fbbca79622a8a1c2b45c8acb14596f1f6c6fd13720878d374,2000.0,06c1ff17d2ed5eb184b6a9699a3a32da431a1460840431a3effe76d5f03b9ee3,0,False,0.0,0.0,0.0,0.0,0,True,0,0,0,0,,0.0,0,G4_PREDICTIVE_RECOVERY,1,0,0.0,0.0,0.0,0,927734a2339a3f2710640065b0893eaae162cc0144ac67e2f377bcff2e71ae34,M0_SAFER_BASELINE,0.01125182111041351,1.4614677767960833,1.4614677767960833,0.0,0,,0.0,1,0,0,0,0,False,0,0.0,0.0,0.0,G4_00_429,9f9fce4d1875b57e7a55c3a9cbf5b5a0c3f8476d84b3deb53c920d9b6322bb1d,5792367178287386316,CERTIFIED_ENDPOINT_LIPSCHITZ_LOWER_BOUND,0,54c035f7834b564019656c3e3fcc3646292f727d,QP_INFEASIBLE,PrimalInfeasible,0,0,1.2243377668783069
2000,2000.0,2000.0,0.0,a3166060848f911fbbca79622a8a1c2b45c8acb14596f1f6c6fd13720878d374,2000.0,06c1ff17d2ed5eb184b6a9699a3a32da431a1460840431a3effe76d5f03b9ee3,0,False,0.0,0.0,0.0,0.0,0,True,0,0,0,0,,0.0,0,G4_PREDICTIVE_RECOVERY,1,0,0.0,0.0,0.0,0,927734a2339a3f2710640065b0893eaae162cc0144ac67e2f377bcff2e71ae34,M1_FAS_START_SAFE_ONLY,0.01125182111041351,1.4614677767960833,1.4614677767960833,0.0,0,,0.0,1,0,0,0,0,False,0,0.02219582605175674,0.02219582605175674,0.02219582605175674,G4_00_429,9f9fce4d1875b57e7a55c3a9cbf5b5a0c3f8476d84b3deb53c920d9b6322bb1d,5792367178287386316,CERTIFIED_ENDPOINT_LIPSCHITZ_LOWER_BOUND,0,54c035f7834b564019656c3e3fcc3646292f727d,QP_INFEASIBLE,PrimalInfeasible,0,0,1.2402321679983288
8,8.0,8.0,0.0,a3166060848f911fbbca79622a8a1c2b45c8acb14596f1f6c6fd13720878d374,2000.0,06c1ff17d2ed5eb184b6a9699a3a32da431a1460840431a3effe76d5f03b9ee3,0,False,0.0,0.0,0.0,0.0,0,True,0,0,0,0,,0.0,0,G4_PREDICTIVE_RECOVERY,1,0,0.0,0.0,0.0,0,927734a2339a3f2710640065b0893eaae162cc0144ac67e2f377bcff2e71ae34,M2_FAS_START_SAFE_PLUS_FEASIBILITY_AWARE,0.01125182111041351,1.4614677767960833,1.4614677767960833,0.0,0,,0.0,1,0,0,0,0,False,0,0.02388751204125583,0.02388751204125583,0.02388751204125583,G4_00_429,9f9fce4d1875b57e7a55c3a9cbf5b5a0c3f8476d84b3deb53c920d9b6322bb1d,5792367178287386316,CERTIFIED_ENDPOINT_LIPSCHITZ_LOWER_BOUND,0,54c035f7834b564019656c3e3fcc3646292f727d,QP_INFEASIBLE,PrimalInfeasible,0,0,1.2396702109836042
8,8.0,8.0,0.0,a3166060848f911fbbca79622a8a1c2b45c8acb14596f1f6c6fd13720878d374,2000.0,06c1ff17d2ed5eb184b6a9699a3a32da431a1460840431a3effe76d5f03b9ee3,0,False,0.0,0.0,0.0,0.0,0,True,0,0,0,0,,0.0,0,G4_PREDICTIVE_RECOVERY,1,0,0.0,0.0,0.0,0,927734a2339a3f2710640065b0893eaae162cc0144ac67e2f377bcff2e71ae34,M3_FAS_PLUS_DISCRETE_TIME_VERIFICATION,0.01125182111041351,1.4614677767960833,1.4614677767960833,0.0,0,,0.0,1,0,0,0,0,False,0,0.024923833087086678,0.024923833087086678,0.024923833087086678,G4_00_429,9f9fce4d1875b57e7a55c3a9cbf5b5a0c3f8476d84b3deb53c920d9b6322bb1d,5792367178287386316,CERTIFIED_ENDPOINT_LIPSCHITZ_LOWER_BOUND,0,54c035f7834b564019656c3e3fcc3646292f727d,QP_INFEASIBLE,PrimalInfeasible,0,0,1.2400795698631555
8,8.0,8.0,0.0,a3166060848f911fbbca79622a8a1c2b45c8acb14596f1f6c6fd13720878d374,2000.0,06c1ff17d2ed5eb184b6a9699a3a32da431a1460840431a3effe76d5f03b9ee3,0,False,0.0,0.0,0.0,0.0,0,True,0,0,0,0,,0.0,0,G4_PREDICTIVE_RECOVERY,1,0,0.0,0.0,0.0,0,927734a2339a3f2710640065b0893eaae162cc0144ac67e2f377bcff2e71ae34,M4_FULL_FAS_CBF,0.01125182111041351,1.4614677767960833,1.4614677767960833,0.0,0,,0.0,1,0,0,0,0,False,0,0.024280997924506664,0.024280997924506664,0.024280997924506664,G4_00_429,9f9fce4d1875b57e7a55c3a9cbf5b5a0c3f8476d84b3deb53c920d9b6322bb1d,5792367178287386316,CERTIFIED_ENDPOINT_LIPSCHITZ_LOWER_BOUND,0,54c035f7834b564019656c3e3fcc3646292f727d,QP_INFEASIBLE,PrimalInfeasible,0,0,1.1837996051181108
2000,2000.0,2000.0,0.0,a3166060848f911fbbca79622a8a1c2b45c8acb14596f1f6c6fd13720878d374,2000.0,06c1ff17d2ed5eb184b6a9699a3a32da431a1460840431a3effe76d5f03b9ee3,0,False,0.0,0.0,0.0,0.0,0,True,0,0,0,0,,0.0,0,G4_PREDICTIVE_RECOVERY,1,0,0.0,0.0,0.0,0,927734a2339a3f2710640065b0893eaae162cc0144ac67e2f377bcff2e71ae34,M0_SAFER_BASELINE,0.009441948489930845,1.6112735011203354,1.6112735011203354,0.0,0,,0.0,1,0,0,0,0,False,0,0.0,0.0,0.0,G4_01_402,9f9fce4d1875b57e7a55c3a9cbf5b5a0c3f8476d84b3deb53c920d9b6322bb1d,16988705315853941270,CERTIFIED_ENDPOINT_LIPSCHITZ_LOWER_BOUND,0,54c035f7834b564019656c3e3fcc3646292f727d,QP_INFEASIBLE,PrimalInfeasible,0,0,1.260319801978767
2000,2000.0,2000.0,0.0,a3166060848f911fbbca79622a8a1c2b45c8acb14596f1f6c6fd13720878d374,2000.0,06c1ff17d2ed5eb184b6a9699a3a32da431a1460840431a3effe76d5f03b9ee3,0,False,0.0,0.0,0.0,0.0,0,True,0,0,0,0,,0.0,0,G4_PREDICTIVE_RECOVERY,1,0,0.0,0.0,0.0,0,927734a2339a3f2710640065b0893eaae162cc0144ac67e2f377bcff2e71ae34,M1_FAS_START_SAFE_ONLY,0.009441948489930845,1.6112735011203354,1.6112735011203354,0.0,0,,0.0,1,0,0,0,0,False,0,0.023194073932245374,0.023194073932245374,0.023194073932245374,G4_01_402,9f9fce4d1875b57e7a55c3a9cbf5b5a0c3f8476d84b3deb53c920d9b6322bb1d,16988705315853941270,CERTIFIED_ENDPOINT_LIPSCHITZ_LOWER_BOUND,0,54c035f7834b564019656c3e3fcc3646292f727d,QP_INFEASIBLE,PrimalInfeasible,0,0,1.2348253459203988
137,137.0,137.0,0.0,a3166060848f911fbbca79622a8a1c2b45c8acb14596f1f6c6fd13720878d374,2000.0,06c1ff17d2ed5eb184b6a9699a3a32da431a1460840431a3effe76d5f03b9ee3,0,False,0.0,0.0,0.0,0.0,0,True,0,0,0,0,,0.0,0,G4_PREDICTIVE_RECOVERY,1,0,0.0,0.0,0.0,0,927734a2339a3f2710640065b0893eaae162cc0144ac67e2f377bcff2e71ae34,M2_FAS_START_SAFE_PLUS_FEASIBILITY_AWARE,0.009441948489930845,1.6112735011203354,1.6112735011203354,0.0,0,,0.0,1,0,0,0,0,False,0,0.02145777619443834,0.02145777619443834,0.02145777619443834,G4_01_402,9f9fce4d1875b57e7a55c3a9cbf5b5a0c3f8476d84b3deb53c920d9b6322bb1d,16988705315853941270,CERTIFIED_ENDPOINT_LIPSCHITZ_LOWER_BOUND,0,54c035f7834b564019656c3e3fcc3646292f727d,QP_INFEASIBLE,PrimalInfeasible,0,0,1.2276206600945443
137,137.0,137.0,0.0,a3166060848f911fbbca79622a8a1c2b45c8acb14596f1f6c6fd13720878d374,2000.0,06c1ff17d2ed5eb184b6a9699a3a32da431a1460840431a3effe76d5f03b9ee3,0,False,0.0,0.0,0.0,0.0,0,True,0,0,0,0,,0.0,0,G4_PREDICTIVE_RECOVERY,1,0,0.0,0.0,0.0,0,927734a2339a3f2710640065b0893eaae162cc0144ac67e2f377bcff2e71ae34,M3_FAS_PLUS_DISCRETE_TIME_VERIFICATION,0.009441948489930845,1.6112735011203354,1.6112735011203354,0.0,0,,0.0,1,0,0,0,0,False,0,0.017604494001716375,0.017604494001716375,0.017604494001716375,G4_01_402,9f9fce4d1875b57e7a55c3a9cbf5b5a0c3f8476d84b3deb53c920d9b6322bb1d,16988705315853941270,CERTIFIED_ENDPOINT_LIPSCHITZ_LOWER_BOUND,0,54c035f7834b564019656c3e3fcc3646292f727d,QP_INFEASIBLE,PrimalInfeasible,0,0,1.2339281169697642
137,137.0,137.0,0.0,a3166060848f911fbbca79622a8a1c2b45c8acb14596f1f6c6fd13720878d374,2000.0,06c1ff17d2ed5eb184b6a9699a3a32da431a1460840431a3effe76d5f03b9ee3,0,False,0.0,0.0,0.0,0.0,0,True,0,0,0,0,,0.0,0,G4_PREDICTIVE_RECOVERY,1,0,0.0,0.0,0.0,0,927734a2339a3f2710640065b0893eaae162cc0144ac67e2f377bcff2e71ae34,M4_FULL_FAS_CBF,0.009441948489930845,1.6112735011203354,1.6112735011203354,0.0,0,,0.0,1,0,0,0,0,False,0,0.021679521072655916,0.021679521072655916,0.021679521072655916,G4_01_402,9f9fce4d1875b57e7a55c3a9cbf5b5a0c3f8476d84b3deb53c920d9b6322bb1d,16988705315853941270,CERTIFIED_ENDPOINT_LIPSCHITZ_LOWER_BOUND,0,54c035f7834b564019656c3e3fcc3646292f727d,QP_INFEASIBLE,PrimalInfeasible,0,0,1.2252316360827535
2000,2000.0,2000.0,0.0,a3166060848f911fbbca79622a8a1c2b45c8acb14596f1f6c6fd13720878d374,2000.0,06c1ff17d2ed5eb184b6a9699a3a32da431a1460840431a3effe76d5f03b9ee3,0,False,0.0,0.0,0.0,0.0,0,True,0,0,0,0,,0.0,0,G4_PREDICTIVE_RECOVERY,1,0,0.0,0.0,0.0,0,927734a2339a3f2710640065b0893eaae162cc0144ac67e2f377bcff2e71ae34,M0_SAFER_BASELINE,0.008033152127424812,1.4540578493083824,1.4540578493083824,0.0,0,,0.0,1,0,0,0,0,False,0,0.0,0.0,0.0,G4_02_016,9f9fce4d1875b57e7a55c3a9cbf5b5a0c3f8476d84b3deb53c920d9b6322bb1d,1417993809616583408,CERTIFIED_ENDPOINT_LIPSCHITZ_LOWER_BOUND,0,54c035f7834b564019656c3e3fcc3646292f727d,QP_INFEASIBLE,PrimalInfeasible,0,0,1.2331479671411216
2000,2000.0,2000.0,0.0,a3166060848f911fbbca79622a8a1c2b45c8acb14596f1f6c6fd13720878d374,2000.0,06c1ff17d2ed5eb184b6a9699a3a32da431a1460840431a3effe76d5f03b9ee3,0,False,0.0,0.0,0.0,0.0,0,True,0,0,0,0,,0.0,0,G4_PREDICTIVE_RECOVERY,1,0,0.0,0.0,0.0,0,927734a2339a3f2710640065b0893eaae162cc0144ac67e2f377bcff2e71ae34,M1_FAS_START_SAFE_ONLY,0.008033152127424812,1.4540578493083824,1.4540578493083824,0.0,0,,0.0,1,0,0,0,0,False,0,0.021364239044487476,0.021364239044487476,0.021364239044487476,G4_02_016,9f9fce4d1875b57e7a55c3a9cbf5b5a0c3f8476d84b3deb53c920d9b6322bb1d,1417993809616583408,CERTIFIED_ENDPOINT_LIPSCHITZ_LOWER_BOUND,0,54c035f7834b564019656c3e3fcc3646292f727d,QP_INFEASIBLE,PrimalInfeasible,0,0,1.248239223845303
22,22.0,22.0,0.0,a3166060848f911fbbca79622a8a1c2b45c8acb14596f1f6c6fd13720878d374,2000.0,06c1ff17d2ed5eb184b6a9699a3a32da431a1460840431a3effe76d5f03b9ee3,0,False,0.0,0.0,0.0,0.0,0,True,0,0,0,0,,0.0,0,G4_PREDICTIVE_RECOVERY,1,0,0.0,0.0,0.0,0,927734a2339a3f2710640065b0893eaae162cc0144ac67e2f377bcff2e71ae34,M2_FAS_START_SAFE_PLUS_FEASIBILITY_AWARE,0.008033152127424812,1.4540578493083824,1.4540578493083824,0.0,0,,0.0,1,0,0,0,0,False,0,0.03293328103609383,0.03293328103609383,0.03293328103609383,G4_02_016,9f9fce4d1875b57e7a55c3a9cbf5b5a0c3f8476d84b3deb53c920d9b6322bb1d,1417993809616583408,CERTIFIED_ENDPOINT_LIPSCHITZ_LOWER_BOUND,0,54c035f7834b564019656c3e3fcc3646292f727d,QP_INFEASIBLE,PrimalInfeasible,0,0,1.2914406228810549
22,22.0,22.0,0.0,a3166060848f911fbbca79622a8a1c2b45c8acb14596f1f6c6fd13720878d374,2000.0,06c1ff17d2ed5eb184b6a9699a3a32da431a1460840431a3effe76d5f03b9ee3,0,False,0.0,0.0,0.0,0.0,0,True,0,0,0,0,,0.0,0,G4_PREDICTIVE_RECOVERY,1,0,0.0,0.0,0.0,0,927734a2339a3f2710640065b0893eaae162cc0144ac67e2f377bcff2e71ae34,M3_FAS_PLUS_DISCRETE_TIME_VERIFICATION,0.008033152127424812,1.4540578493083824,1.4540578493083824,0.0,0,,0.0,1,0,0,0,0,False,0,0.02262144978158176,0.02262144978158176,0.02262144978158176,G4_02_016,9f9fce4d1875b57e7a55c3a9cbf5b5a0c3f8476d84b3deb53c920d9b6322bb1d,1417993809616583408,CERTIFIED_ENDPOINT_LIPSCHITZ_LOWER_BOUND,0,54c035f7834b564019656c3e3fcc3646292f727d,QP_INFEASIBLE,PrimalInfeasible,0,0,1.22661933908239
22,22.0,22.0,0.0,a3166060848f911fbbca79622a8a1c2b45c8acb14596f1f6c6fd13720878d374,2000.0,06c1ff17d2ed5eb184b6a9699a3a32da431a1460840431a3effe76d5f03b9ee3,0,False,0.0,0.0,0.0,0.0,0,True,0,0,0,0,,0.0,0,G4_PREDICTIVE_RECOVERY,1,0,0.0,0.0,0.0,0,927734a2339a3f2710640065b0893eaae162cc0144ac67e2f377bcff2e71ae34,M4_FULL_FAS_CBF,0.008033152127424812,1.4540578493083824,1.4540578493083824,0.0,0,,0.0,1,0,0,0,0,False,0,0.023327354807406664,0.023327354807406664,0.023327354807406664,G4_02_016,9f9fce4d1875b57e7a55c3a9cbf5b5a0c3f8476d84b3deb53c920d9b6322bb1d,1417993809616583408,CERTIFIED_ENDPOINT_LIPSCHITZ_LOWER_BOUND,0,54c035f7834b564019656c3e3fcc3646292f727d,QP_INFEASIBLE,PrimalInfeasible,0,0,1.2511979569680989
2000,2000.0,2000.0,0.0,a3166060848f911fbbca79622a8a1c2b45c8acb14596f1f6c6fd13720878d374,2000.0,06c1ff17d2ed5eb184b6a9699a3a32da431a1460840431a3effe76d5f03b9ee3,0,False,0.0,0.0,0.0,0.0,0,True,0,0,0,0,,0.0,0,G4_PREDICTIVE_RECOVERY,1,0,0.0,0.0,0.0,0,927734a2339a3f2710640065b0893eaae162cc0144ac67e2f377bcff2e71ae34,M0_SAFER_BASELINE,0.006984699530801088,1.5516876895903033,1.5516876895903033,0.0,0,,0.0,1,0,0,0,0,False,0,0.0,0.0,0.0,G4_03_224,9f9fce4d1875b57e7a55c3a9cbf5b5a0c3f8476d84b3deb53c920d9b6322bb1d,18446116627152181677,CERTIFIED_ENDPOINT_LIPSCHITZ_LOWER_BOUND,0,54c035f7834b564019656c3e3fcc3646292f727d,QP_INFEASIBLE,PrimalInfeasible,0,0,1.2471643250901252
2000,2000.0,2000.0,0.0,a3166060848f911fbbca79622a8a1c2b45c8acb14596f1f6c6fd13720878d374,2000.0,06c1ff17d2ed5eb184b6a9699a3a32da431a1460840431a3effe76d5f03b9ee3,0,False,0.0,0.0,0.0,0.0,0,True,0,0,0,0,,0.0,0,G4_PREDICTIVE_RECOVERY,1,0,0.0,0.0,0.0,0,927734a2339a3f2710640065b0893eaae162cc0144ac67e2f377bcff2e71ae34,M1_FAS_START_SAFE_ONLY,0.006984699530801088,1.5516876895903033,1.5516876895903033,0.0,0,,0.0,1,0,0,0,0,False,0,0.02339548710733652,0.02339548710733652,0.02339548710733652,G4_03_224,9f9fce4d1875b57e7a55c3a9cbf5b5a0c3f8476d84b3deb53c920d9b6322bb1d,18446116627152181677,CERTIFIED_ENDPOINT_LIPSCHITZ_LOWER_BOUND,0,54c035f7834b564019656c3e3fcc3646292f727d,QP_INFEASIBLE,PrimalInfeasible,0,0,1.2563279720488936
12,12.0,12.0,0.0,a3166060848f911fbbca79622a8a1c2b45c8acb14596f1f6c6fd13720878d374,2000.0,06c1ff17d2ed5eb184b6a9699a3a32da431a1460840431a3effe76d5f03b9ee3,0,False,0.0,0.0,0.0,0.0,0,True,0,0,0,0,,0.0,0,G4_PREDICTIVE_RECOVERY,1,0,0.0,0.0,0.0,0,927734a2339a3f2710640065b0893eaae162cc0144ac67e2f377bcff2e71ae34,M2_FAS_START_SAFE_PLUS_FEASIBILITY_AWARE,0.006984699530801088,1.5516876895903033,1.5516876895903033,0.0,0,,0.0,1,0,0,0,0,False,0,0.025578919099643826,0.025578919099643826,0.025578919099643826,G4_03_224,9f9fce4d1875b57e7a55c3a9cbf5b5a0c3f8476d84b3deb53c920d9b6322bb1d,18446116627152181677,CERTIFIED_ENDPOINT_LIPSCHITZ_LOWER_BOUND,0,54c035f7834b564019656c3e3fcc3646292f727d,QP_INFEASIBLE,PrimalInfeasible,0,0,1.2370287680532783
12,12.0,12.0,0.0,a3166060848f911fbbca79622a8a1c2b45c8acb14596f1f6c6fd13720878d374,2000.0,06c1ff17d2ed5eb184b6a9699a3a32da431a1460840431a3effe76d5f03b9ee3,0,False,0.0,0.0,0.0,0.0,0,True,0,0,0,0,,0.0,0,G4_PREDICTIVE_RECOVERY,1,0,0.0,0.0,0.0,0,927734a2339a3f2710640065b0893eaae162cc0144ac67e2f377bcff2e71ae34,M3_FAS_PLUS_DISCRETE_TIME_VERIFICATION,0.006984699530801088,1.5516876895903033,1.5516876895903033,0.0,0,,0.0,1,0,0,0,0,False,0,0.023127665976062417,0.023127665976062417,0.023127665976062417,G4_03_224,9f9fce4d1875b57e7a55c3a9cbf5b5a0c3f8476d84b3deb53c920d9b6322bb1d,18446116627152181677,CERTIFIED_ENDPOINT_LIPSCHITZ_LOWER_BOUND,0,54c035f7834b564019656c3e3fcc3646292f727d,QP_INFEASIBLE,PrimalInfeasible,0,0,1.2229814678430557
12,12.0,12.0,0.0,a3166060848f911fbbca79622a8a1c2b45c8acb14596f1f6c6fd13720878d374,2000.0,06c1ff17d2ed5eb184b6a9699a3a32da431a1460840431a3effe76d5f03b9ee3,0,False,0.0,0.0,0.0,0.0,0,True,0,0,0,0,,0.0,0,G4_PREDICTIVE_RECOVERY,1,0,0.0,0.0,0.0,0,927734a2339a3f2710640065b0893eaae162cc0144ac67e2f377bcff2e71ae34,M4_FULL_FAS_CBF,0.006984699530801088,1.5516876895903033,1.5516876895903033,0.0,0,,0.0,1,0,0,0,0,False,0,0.021309893112629652,0.021309893112629652,0.021309893112629652,G4_03_224,9f9fce4d1875b57e7a55c3a9cbf5b5a0c3f8476d84b3deb53c920d9b6322bb1d,18446116627152181677,CERTIFIED_ENDPOINT_LIPSCHITZ_LOWER_BOUND,0,54c035f7834b564019656c3e3fcc3646292f727d,QP_INFEASIBLE,PrimalInfeasible,0,0,1.2004616758786142
2000,2000.0,2000.0,0.0,a3166060848f911fbbca79622a8a1c2b45c8acb14596f1f6c6fd13720878d374,2000.0,06c1ff17d2ed5eb184b6a9699a3a32da431a1460840431a3effe76d5f03b9ee3,0,False,0.0,0.0,0.0,0.0,0,True,0,0,0,0,,0.0,0,G4_PREDICTIVE_RECOVERY,1,0,0.0,0.0,0.0,0,927734a2339a3f2710640065b0893eaae162cc0144ac67e2f377bcff2e71ae34,M0_SAFER_BASELINE,0.00808912371270663,1.461533048830176,1.461533048830176,0.0,0,,0.0,1,0,0,0,0,False,0,0.0,0.0,0.0,G4_04_391,9f9fce4d1875b57e7a55c3a9cbf5b5a0c3f8476d84b3deb53c920d9b6322bb1d,16597870891116632579,CERTIFIED_ENDPOINT_LIPSCHITZ_LOWER_BOUND,0,54c035f7834b564019656c3e3fcc3646292f727d,QP_INFEASIBLE,PrimalInfeasible,0,0,1.2117806340102106
2000,2000.0,2000.0,0.0,a3166060848f911fbbca79622a8a1c2b45c8acb14596f1f6c6fd13720878d374,2000.0,06c1ff17d2ed5eb184b6a9699a3a32da431a1460840431a3effe76d5f03b9ee3,0,False,0.0,0.0,0.0,0.0,0,True,0,0,0,0,,0.0,0,G4_PREDICTIVE_RECOVERY,1,0,0.0,0.0,0.0,0,927734a2339a3f2710640065b0893eaae162cc0144ac67e2f377bcff2e71ae34,M1_FAS_START_SAFE_ONLY,0.00808912371270663,1.461533048830176,1.461533048830176,0.0,0,,0.0,1,0,0,0,0,False,0,0.02157444297336042,0.02157444297336042,0.02157444297336042,G4_04_391,9f9fce4d1875b57e7a55c3a9cbf5b5a0c3f8476d84b3deb53c920d9b6322bb1d,16597870891116632579,CERTIFIED_ENDPOINT_LIPSCHITZ_LOWER_BOUND,0,54c035f7834b564019656c3e3fcc3646292f727d,QP_INFEASIBLE,PrimalInfeasible,0,0,1.2658114680089056
18,18.0,18.0,0.0,a3166060848f911fbbca79622a8a1c2b45c8acb14596f1f6c6fd13720878d374,2000.0,06c1ff17d2ed5eb184b6a9699a3a32da431a1460840431a3effe76d5f03b9ee3,0,False,0.0,0.0,0.0,0.0,0,True,0,0,0,0,,0.0,0,G4_PREDICTIVE_RECOVERY,1,0,0.0,0.0,0.0,0,927734a2339a3f2710640065b0893eaae162cc0144ac67e2f377bcff2e71ae34,M2_FAS_START_SAFE_PLUS_FEASIBILITY_AWARE,0.00808912371270663,1.461533048830176,1.461533048830176,0.0,0,,0.0,1,0,0,0,0,False,0,0.021682992111891508,0.021682992111891508,0.021682992111891508,G4_04_391,9f9fce4d1875b57e7a55c3a9cbf5b5a0c3f8476d84b3deb53c920d9b6322bb1d,16597870891116632579,CERTIFIED_ENDPOINT_LIPSCHITZ_LOWER_BOUND,0,54c035f7834b564019656c3e3fcc3646292f727d,QP_INFEASIBLE,PrimalInfeasible,0,0,1.2275816288311034
18,18.0,18.0,0.0,a3166060848f911fbbca79622a8a1c2b45c8acb14596f1f6c6fd13720878d374,2000.0,06c1ff17d2ed5eb184b6a9699a3a32da431a1460840431a3effe76d5f03b9ee3,0,False,0.0,0.0,0.0,0.0,0,True,0,0,0,0,,0.0,0,G4_PREDICTIVE_RECOVERY,1,0,0.0,0.0,0.0,0,927734a2339a3f2710640065b0893eaae162cc0144ac67e2f377bcff2e71ae34,M3_FAS_PLUS_DISCRETE_TIME_VERIFICATION,0.00808912371270663,1.461533048830176,1.461533048830176,0.0,0,,0.0,1,0,0,0,0,False,0,0.018722305074334145,0.018722305074334145,0.018722305074334145,G4_04_391,9f9fce4d1875b57e7a55c3a9cbf5b5a0c3f8476d84b3deb53c920d9b6322bb1d,16597870891116632579,CERTIFIED_ENDPOINT_LIPSCHITZ_LOWER_BOUND,0,54c035f7834b564019656c3e3fcc3646292f727d,QP_INFEASIBLE,PrimalInfeasible,0,0,1.1724711079150438
18,18.0,18.0,0.0,a3166060848f911fbbca79622a8a1c2b45c8acb14596f1f6c6fd13720878d374,2000.0,06c1ff17d2ed5eb184b6a9699a3a32da431a1460840431a3effe76d5f03b9ee3,0,False,0.0,0.0,0.0,0.0,0,True,0,0,0,0,,0.0,0,G4_PREDICTIVE_RECOVERY,1,0,0.0,0.0,0.0,0,927734a2339a3f2710640065b0893eaae162cc0144ac67e2f377bcff2e71ae34,M4_FULL_FAS_CBF,0.00808912371270663,1.461533048830176,1.461533048830176,0.0,0,,0.0,1,0,0,0,0,False,0,0.023336241953074932,0.023336241953074932,0.023336241953074932,G4_04_391,9f9fce4d1875b57e7a55c3a9cbf5b5a0c3f8476d84b3deb53c920d9b6322bb1d,16597870891116632579,CERTIFIED_ENDPOINT_LIPSCHITZ_LOWER_BOUND,0,54c035f7834b564019656c3e3fcc3646292f727d,QP_INFEASIBLE,PrimalInfeasible,0,0,1.1887067891657352
2000,2000.0,2000.0,0.0,a3166060848f911fbbca79622a8a1c2b45c8acb14596f1f6c6fd13720878d374,2000.0,06c1ff17d2ed5eb184b6a9699a3a32da431a1460840431a3effe76d5f03b9ee3,0,False,0.0,0.0,0.0,0.0,0,True,0,0,0,0,,0.0,0,G4_PREDICTIVE_RECOVERY,1,0,0.0,0.0,0.0,0,927734a2339a3f2710640065b0893eaae162cc0144ac67e2f377bcff2e71ae34,M0_SAFER_BASELINE,0.007175551474185658,1.5521259703599875,1.5521259703599875,0.0,0,,0.0,1,0,0,0,0,False,0,0.0,0.0,0.0,G4_05_233,9f9fce4d1875b57e7a55c3a9cbf5b5a0c3f8476d84b3deb53c920d9b6322bb1d,15368325989348575339,CERTIFIED_ENDPOINT_LIPSCHITZ_LOWER_BOUND,0,54c035f7834b564019656c3e3fcc3646292f727d,QP_INFEASIBLE,PrimalInfeasible,0,0,1.1766556890215725
2000,2000.0,2000.0,0.0,a3166060848f911fbbca79622a8a1c2b45c8acb14596f1f6c6fd13720878d374,2000.0,06c1ff17d2ed5eb184b6a9699a3a32da431a1460840431a3effe76d5f03b9ee3,0,False,0.0,0.0,0.0,0.0,0,True,0,0,0,0,,0.0,0,G4_PREDICTIVE_RECOVERY,1,0,0.0,0.0,0.0,0,927734a2339a3f2710640065b0893eaae162cc0144ac67e2f377bcff2e71ae34,M1_FAS_START_SAFE_ONLY,0.007175551474185658,1.5521259703599875,1.5521259703599875,0.0,0,,0.0,1,0,0,0,0,False,0,0.027149769943207502,0.027149769943207502,0.027149769943207502,G4_05_233,9f9fce4d1875b57e7a55c3a9cbf5b5a0c3f8476d84b3deb53c920d9b6322bb1d,15368325989348575339,CERTIFIED_ENDPOINT_LIPSCHITZ_LOWER_BOUND,0,54c035f7834b564019656c3e3fcc3646292f727d,QP_INFEASIBLE,PrimalInfeasible,0,0,1.21901960298419
419,419.0,419.0,0.0,a3166060848f911fbbca79622a8a1c2b45c8acb14596f1f6c6fd13720878d374,2000.0,06c1ff17d2ed5eb184b6a9699a3a32da431a1460840431a3effe76d5f03b9ee3,0,False,0.0,0.0,0.0,0.0,0,True,0,0,0,0,,0.0,0,G4_PREDICTIVE_RECOVERY,1,0,0.0,0.0,0.0,0,927734a2339a3f2710640065b0893eaae162cc0144ac67e2f377bcff2e71ae34,M2_FAS_START_SAFE_PLUS_FEASIBILITY_AWARE,0.007175551474185658,1.5521259703599875,1.5521259703599875,0.0,0,,0.0,1,0,0,0,0,False,0,0.029912772122770548,0.029912772122770548,0.029912772122770548,G4_05_233,9f9fce4d1875b57e7a55c3a9cbf5b5a0c3f8476d84b3deb53c920d9b6322bb1d,15368325989348575339,CERTIFIED_ENDPOINT_LIPSCHITZ_LOWER_BOUND,0,54c035f7834b564019656c3e3fcc3646292f727d,QP_INFEASIBLE,PrimalInfeasible,0,0,1.276738635962829
419,419.0,419.0,0.0,a3166060848f911fbbca79622a8a1c2b45c8acb14596f1f6c6fd13720878d374,2000.0,06c1ff17d2ed5eb184b6a9699a3a32da431a1460840431a3effe76d5f03b9ee3,0,False,0.0,0.0,0.0,0.0,0,True,0,0,0,0,,0.0,0,G4_PREDICTIVE_RECOVERY,1,0,0.0,0.0,0.0,0,927734a2339a3f2710640065b0893eaae162cc0144ac67e2f377bcff2e71ae34,M3_FAS_PLUS_DISCRETE_TIME_VERIFICATION,0.007175551474185658,1.5521259703599875,1.5521259703599875,0.0,0,,0.0,1,0,0,0,0,False,0,0.020911609986796975,0.020911609986796975,0.020911609986796975,G4_05_233,9f9fce4d1875b57e7a55c3a9cbf5b5a0c3f8476d84b3deb53c920d9b6322bb1d,15368325989348575339,CERTIFIED_ENDPOINT_LIPSCHITZ_LOWER_BOUND,0,54c035f7834b564019656c3e3fcc3646292f727d,QP_INFEASIBLE,PrimalInfeasible,0,0,1.1549702431075275
419,419.0,419.0,0.0,a3166060848f911fbbca79622a8a1c2b45c8acb14596f1f6c6fd13720878d374,2000.0,06c1ff17d2ed5eb184b6a9699a3a32da431a1460840431a3effe76d5f03b9ee3,0,False,0.0,0.0,0.0,0.0,0,True,0,0,0,0,,0.0,0,G4_PREDICTIVE_RECOVERY,1,0,0.0,0.0,0.0,0,927734a2339a3f2710640065b0893eaae162cc0144ac67e2f377bcff2e71ae34,M4_FULL_FAS_CBF,0.007175551474185658,1.5521259703599875,1.5521259703599875,0.0,0,,0.0,1,0,0,0,0,False,0,0.019730332074686885,0.019730332074686885,0.019730332074686885,G4_05_233,9f9fce4d1875b57e7a55c3a9cbf5b5a0c3f8476d84b3deb53c920d9b6322bb1d,15368325989348575339,CERTIFIED_ENDPOINT_LIPSCHITZ_LOWER_BOUND,0,54c035f7834b564019656c3e3fcc3646292f727d,QP_INFEASIBLE,PrimalInfeasible,0,0,1.1562012769281864
2000,2000.0,2000.0,0.0,a3166060848f911fbbca79622a8a1c2b45c8acb14596f1f6c6fd13720878d374,2000.0,06c1ff17d2ed5eb184b6a9699a3a32da431a1460840431a3effe76d5f03b9ee3,0,False,0.0,0.0,0.0,0.0,0,True,0,0,0,0,,0.0,0,G4_PREDICTIVE_RECOVERY,1,0,0.0,0.0,0.0,0,927734a2339a3f2710640065b0893eaae162cc0144ac67e2f377bcff2e71ae34,M0_SAFER_BASELINE,0.008614498661208163,1.452546289409948,1.452546289409948,0.0,0,,0.0,1,0,0,0,0,False,0,0.0,0.0,0.0,G4_06_328,9f9fce4d1875b57e7a55c3a9cbf5b5a0c3f8476d84b3deb53c920d9b6322bb1d,15855967951080306811,CERTIFIED_ENDPOINT_LIPSCHITZ_LOWER_BOUND,0,54c035f7834b564019656c3e3fcc3646292f727d,QP_INFEASIBLE,PrimalInfeasible,0,0,1.1533801208715886
2000,2000.0,2000.0,0.0,a3166060848f911fbbca79622a8a1c2b45c8acb14596f1f6c6fd13720878d374,2000.0,06c1ff17d2ed5eb184b6a9699a3a32da431a1460840431a3effe76d5f03b9ee3,0,False,0.0,0.0,0.0,0.0,0,True,0,0,0,0,,0.0,0,G4_PREDICTIVE_RECOVERY,1,0,0.0,0.0,0.0,0,927734a2339a3f2710640065b0893eaae162cc0144ac67e2f377bcff2e71ae34,M1_FAS_START_SAFE_ONLY,0.008614498661208163,1.452546289409948,1.452546289409948,0.0,0,,0.0,1,0,0,0,0,False,0,0.024043544894084334,0.024043544894084334,0.024043544894084334,G4_06_328,9f9fce4d1875b57e7a55c3a9cbf5b5a0c3f8476d84b3deb53c920d9b6322bb1d,15855967951080306811,CERTIFIED_ENDPOINT_LIPSCHITZ_LOWER_BOUND,0,54c035f7834b564019656c3e3fcc3646292f727d,QP_INFEASIBLE,PrimalInfeasible,0,0,1.1845807449426502
6,6.0,6.0,0.0,a3166060848f911fbbca79622a8a1c2b45c8acb14596f1f6c6fd13720878d374,2000.0,06c1ff17d2ed5eb184b6a9699a3a32da431a1460840431a3effe76d5f03b9ee3,0,False,0.0,0.0,0.0,0.0,0,True,0,0,0,0,,0.0,0,G4_PREDICTIVE_RECOVERY,1,0,0.0,0.0,0.0,0,927734a2339a3f2710640065b0893eaae162cc0144ac67e2f377bcff2e71ae34,M2_FAS_START_SAFE_PLUS_FEASIBILITY_AWARE,0.008614498661208163,1.452546289409948,1.452546289409948,0.0,0,,0.0,1,0,0,0,0,False,0,0.02335432404652238,0.02335432404652238,0.02335432404652238,G4_06_328,9f9fce4d1875b57e7a55c3a9cbf5b5a0c3f8476d84b3deb53c920d9b6322bb1d,15855967951080306811,CERTIFIED_ENDPOINT_LIPSCHITZ_LOWER_BOUND,0,54c035f7834b564019656c3e3fcc3646292f727d,QP_INFEASIBLE,PrimalInfeasible,0,0,1.1678535679820925
6,6.0,6.0,0.0,a3166060848f911fbbca79622a8a1c2b45c8acb14596f1f6c6fd13720878d374,2000.0,06c1ff17d2ed5eb184b6a9699a3a32da431a1460840431a3effe76d5f03b9ee3,0,False,0.0,0.0,0.0,0.0,0,True,0,0,0,0,,0.0,0,G4_PREDICTIVE_RECOVERY,1,0,0.0,0.0,0.0,0,927734a2339a3f2710640065b0893eaae162cc0144ac67e2f377bcff2e71ae34,M3_FAS_PLUS_DISCRETE_TIME_VERIFICATION,0.008614498661208163,1.452546289409948,1.452546289409948,0.0,0,,0.0,1,0,0,0,0,False,0,0.02721574902534485,0.02721574902534485,0.02721574902534485,G4_06_328,9f9fce4d1875b57e7a55c3a9cbf5b5a0c3f8476d84b3deb53c920d9b6322bb1d,15855967951080306811,CERTIFIED_ENDPOINT_LIPSCHITZ_LOWER_BOUND,0,54c035f7834b564019656c3e3fcc3646292f727d,QP_INFEASIBLE,PrimalInfeasible,0,0,1.188352155033499
6,6.0,6.0,0.0,a3166060848f911fbbca79622a8a1c2b45c8acb14596f1f6c6fd13720878d374,2000.0,06c1ff17d2ed5eb184b6a9699a3a32da431a1460840431a3effe76d5f03b9ee3,0,False,0.0,0.0,0.0,0.0,0,True,0,0,0,0,,0.0,0,G4_PREDICTIVE_RECOVERY,1,0,0.0,0.0,0.0,0,927734a2339a3f2710640065b0893eaae162cc0144ac67e2f377bcff2e71ae34,M4_FULL_FAS_CBF,0.008614498661208163,1.452546289409948,1.452546289409948,0.0,0,,0.0,1,0,0,0,0,False,0,0.02073666895739734,0.02073666895739734,0.02073666895739734,G4_06_328,9f9fce4d1875b57e7a55c3a9cbf5b5a0c3f8476d84b3deb53c920d9b6322bb1d,15855967951080306811,CERTIFIED_ENDPOINT_LIPSCHITZ_LOWER_BOUND,0,54c035f7834b564019656c3e3fcc3646292f727d,QP_INFEASIBLE,PrimalInfeasible,0,0,1.2342285730410367
2000,2000.0,2000.0,0.0,a3166060848f911fbbca79622a8a1c2b45c8acb14596f1f6c6fd13720878d374,2000.0,06c1ff17d2ed5eb184b6a9699a3a32da431a1460840431a3effe76d5f03b9ee3,0,False,0.0,0.0,0.0,0.0,0,True,0,0,0,0,,0.0,0,G4_PREDICTIVE_RECOVERY,1,0,0.0,0.0,0.0,0,927734a2339a3f2710640065b0893eaae162cc0144ac67e2f377bcff2e71ae34,M0_SAFER_BASELINE,0.006913701499759461,1.6037920784372988,1.6037920784372988,0.0,0,,0.0,1,0,0,0,0,False,0,0.0,0.0,0.0,G4_07_417,9f9fce4d1875b57e7a55c3a9cbf5b5a0c3f8476d84b3deb53c920d9b6322bb1d,16304108724892670521,CERTIFIED_ENDPOINT_LIPSCHITZ_LOWER_BOUND,0,54c035f7834b564019656c3e3fcc3646292f727d,QP_INFEASIBLE,PrimalInfeasible,0,0,1.2212673798203468
2000,2000.0,2000.0,0.0,a3166060848f911fbbca79622a8a1c2b45c8acb14596f1f6c6fd13720878d374,2000.0,06c1ff17d2ed5eb184b6a9699a3a32da431a1460840431a3effe76d5f03b9ee3,0,False,0.0,0.0,0.0,0.0,0,True,0,0,0,0,,0.0,0,G4_PREDICTIVE_RECOVERY,1,0,0.0,0.0,0.0,0,927734a2339a3f2710640065b0893eaae162cc0144ac67e2f377bcff2e71ae34,M1_FAS_START_SAFE_ONLY,0.006913701499759461,1.6037920784372988,1.6037920784372988,0.0,0,,0.0,1,0,0,0,0,False,0,0.02026056218892336,0.02026056218892336,0.02026056218892336,G4_07_417,9f9fce4d1875b57e7a55c3a9cbf5b5a0c3f8476d84b3deb53c920d9b6322bb1d,16304108724892670521,CERTIFIED_ENDPOINT_LIPSCHITZ_LOWER_BOUND,0,54c035f7834b564019656c3e3fcc3646292f727d,QP_INFEASIBLE,PrimalInfeasible,0,0,1.1929953510407358
91,91.0,91.0,0.0,a3166060848f911fbbca79622a8a1c2b45c8acb14596f1f6c6fd13720878d374,2000.0,06c1ff17d2ed5eb184b6a9699a3a32da431a1460840431a3effe76d5f03b9ee3,0,False,0.0,0.0,0.0,0.0,0,True,0,0,0,0,,0.0,0,G4_PREDICTIVE_RECOVERY,1,0,0.0,0.0,0.0,0,927734a2339a3f2710640065b0893eaae162cc0144ac67e2f377bcff2e71ae34,M2_FAS_START_SAFE_PLUS_FEASIBILITY_AWARE,0.006913701499759461,1.6037920784372988,1.6037920784372988,0.0,0,,0.0,1,0,0,0,0,False,0,0.02349562500603497,0.02349562500603497,0.02349562500603497,G4_07_417,9f9fce4d1875b57e7a55c3a9cbf5b5a0c3f8476d84b3deb53c920d9b6322bb1d,16304108724892670521,CERTIFIED_ENDPOINT_LIPSCHITZ_LOWER_BOUND,0,54c035f7834b564019656c3e3fcc3646292f727d,QP_INFEASIBLE,PrimalInfeasible,0,0,1.2106111939065158
91,91.0,91.0,0.0,a3166060848f911fbbca79622a8a1c2b45c8acb14596f1f6c6fd13720878d374,2000.0,06c1ff17d2ed5eb184b6a9699a3a32da431a1460840431a3effe76d5f03b9ee3,0,False,0.0,0.0,0.0,0.0,0,True,0,0,0,0,,0.0,0,G4_PREDICTIVE_RECOVERY,1,0,0.0,0.0,0.0,0,927734a2339a3f2710640065b0893eaae162cc0144ac67e2f377bcff2e71ae34,M3_FAS_PLUS_DISCRETE_TIME_VERIFICATION,0.006913701499759461,1.6037920784372988,1.6037920784372988,0.0,0,,0.0,1,0,0,0,0,False,0,0.021431104047223926,0.021431104047223926,0.021431104047223926,G4_07_417,9f9fce4d1875b57e7a55c3a9cbf5b5a0c3f8476d84b3deb53c920d9b6322bb1d,16304108724892670521,CERTIFIED_ENDPOINT_LIPSCHITZ_LOWER_BOUND,0,54c035f7834b564019656c3e3fcc3646292f727d,QP_INFEASIBLE,PrimalInfeasible,0,0,1.2066869989503175
91,91.0,91.0,0.0,a3166060848f911fbbca79622a8a1c2b45c8acb14596f1f6c6fd13720878d374,2000.0,06c1ff17d2ed5eb184b6a9699a3a32da431a1460840431a3effe76d5f03b9ee3,0,False,0.0,0.0,0.0,0.0,0,True,0,0,0,0,,0.0,0,G4_PREDICTIVE_RECOVERY,1,0,0.0,0.0,0.0,0,927734a2339a3f2710640065b0893eaae162cc0144ac67e2f377bcff2e71ae34,M4_FULL_FAS_CBF,0.006913701499759461,1.6037920784372988,1.6037920784372988,0.0,0,,0.0,1,0,0,0,0,False,0,0.024561117868870497,0.024561117868870497,0.024561117868870497,G4_07_417,9f9fce4d1875b57e7a55c3a9cbf5b5a0c3f8476d84b3deb53c920d9b6322bb1d,16304108724892670521,CERTIFIED_ENDPOINT_LIPSCHITZ_LOWER_BOUND,0,54c035f7834b564019656c3e3fcc3646292f727d,QP_INFEASIBLE,PrimalInfeasible,0,0,1.1966272799763829
2000,2000.0,2000.0,0.0,a3166060848f911fbbca79622a8a1c2b45c8acb14596f1f6c6fd13720878d374,2000.0,06c1ff17d2ed5eb184b6a9699a3a32da431a1460840431a3effe76d5f03b9ee3,0,False,0.0,0.0,0.0,0.0,0,True,0,0,0,0,,0.0,0,G4_PREDICTIVE_RECOVERY,1,0,0.0,0.0,0.0,0,927734a2339a3f2710640065b0893eaae162cc0144ac67e2f377bcff2e71ae34,M0_SAFER_BASELINE,0.007065151082489833,1.5525045989374697,1.5525045989374697,0.0,0,,0.0,1,0,0,0,0,False,0,0.0,0.0,0.0,G4_08_266,9f9fce4d1875b57e7a55c3a9cbf5b5a0c3f8476d84b3deb53c920d9b6322bb1d,5095258083949440460,CERTIFIED_ENDPOINT_LIPSCHITZ_LOWER_BOUND,0,54c035f7834b564019656c3e3fcc3646292f727d,QP_INFEASIBLE,PrimalInfeasible,0,0,1.1794753158465028
2000,2000.0,2000.0,0.0,a3166060848f911fbbca79622a8a1c2b45c8acb14596f1f6c6fd13720878d374,2000.0,06c1ff17d2ed5eb184b6a9699a3a32da431a1460840431a3effe76d5f03b9ee3,0,False,0.0,0.0,0.0,0.0,0,True,0,0,0,0,,0.0,0,G4_PREDICTIVE_RECOVERY,1,0,0.0,0.0,0.0,0,927734a2339a3f2710640065b0893eaae162cc0144ac67e2f377bcff2e71ae34,M1_FAS_START_SAFE_ONLY,0.007065151082489833,1.5525045989374697,1.5525045989374697,0.0,0,,0.0,1,0,0,0,0,False,0,0.021531403064727783,0.021531403064727783,0.021531403064727783,G4_08_266,9f9fce4d1875b57e7a55c3a9cbf5b5a0c3f8476d84b3deb53c920d9b6322bb1d,5095258083949440460,CERTIFIED_ENDPOINT_LIPSCHITZ_LOWER_BOUND,0,54c035f7834b564019656c3e3fcc3646292f727d,QP_INFEASIBLE,PrimalInfeasible,0,0,1.1951679098419845
69,69.0,69.0,0.0,a3166060848f911fbbca79622a8a1c2b45c8acb14596f1f6c6fd13720878d374,2000.0,06c1ff17d2ed5eb184b6a9699a3a32da431a1460840431a3effe76d5f03b9ee3,0,False,0.0,0.0,0.0,0.0,0,True,0,0,0,0,,0.0,0,G4_PREDICTIVE_RECOVERY,1,0,0.0,0.0,0.0,0,927734a2339a3f2710640065b0893eaae162cc0144ac67e2f377bcff2e71ae34,M2_FAS_START_SAFE_PLUS_FEASIBILITY_AWARE,0.007065151082489833,1.5525045989374697,1.5525045989374697,0.0,0,,0.0,1,0,0,0,0,False,0,0.021486232057213783,0.021486232057213783,0.021486232057213783,G4_08_266,9f9fce4d1875b57e7a55c3a9cbf5b5a0c3f8476d84b3deb53c920d9b6322bb1d,5095258083949440460,CERTIFIED_ENDPOINT_LIPSCHITZ_LOWER_BOUND,0,54c035f7834b564019656c3e3fcc3646292f727d,QP_INFEASIBLE,PrimalInfeasible,0,0,1.1760567801538855
69,69.0,69.0,0.0,a3166060848f911fbbca79622a8a1c2b45c8acb14596f1f6c6fd13720878d374,2000.0,06c1ff17d2ed5eb184b6a9699a3a32da431a1460840431a3effe76d5f03b9ee3,0,False,0.0,0.0,0.0,0.0,0,True,0,0,0,0,,0.0,0,G4_PREDICTIVE_RECOVERY,1,0,0.0,0.0,0.0,0,927734a2339a3f2710640065b0893eaae162cc0144ac67e2f377bcff2e71ae34,M3_FAS_PLUS_DISCRETE_TIME_VERIFICATION,0.007065151082489833,1.5525045989374697,1.5525045989374697,0.0,0,,0.0,1,0,0,0,0,False,0,0.024864234030246735,0.024864234030246735,0.024864234030246735,G4_08_266,9f9fce4d1875b57e7a55c3a9cbf5b5a0c3f8476d84b3deb53c920d9b6322bb1d,5095258083949440460,CERTIFIED_ENDPOINT_LIPSCHITZ_LOWER_BOUND,0,54c035f7834b564019656c3e3fcc3646292f727d,QP_INFEASIBLE,PrimalInfeasible,0,0,1.1834009040612727
69,69.0,69.0,0.0,a3166060848f911fbbca79622a8a1c2b45c8acb14596f1f6c6fd13720878d374,2000.0,06c1ff17d2ed5eb184b6a9699a3a32da431a1460840431a3effe76d5f03b9ee3,0,False,0.0,0.0,0.0,0.0,0,True,0,0,0,0,,0.0,0,G4_PREDICTIVE_RECOVERY,1,0,0.0,0.0,0.0,0,927734a2339a3f2710640065b0893eaae162cc0144ac67e2f377bcff2e71ae34,M4_FULL_FAS_CBF,0.007065151082489833,1.5525045989374697,1.5525045989374697,0.0,0,,0.0,1,0,0,0,0,False,0,0.023369947914034128,0.023369947914034128,0.023369947914034128,G4_08_266,9f9fce4d1875b57e7a55c3a9cbf5b5a0c3f8476d84b3deb53c920d9b6322bb1d,5095258083949440460,CERTIFIED_ENDPOINT_LIPSCHITZ_LOWER_BOUND,0,54c035f7834b564019656c3e3fcc3646292f727d,QP_INFEASIBLE,PrimalInfeasible,0,0,1.1787416238803416
2000,2000.0,2000.0,0.0,a3166060848f911fbbca79622a8a1c2b45c8acb14596f1f6c6fd13720878d374,2000.0,06c1ff17d2ed5eb184b6a9699a3a32da431a1460840431a3effe76d5f03b9ee3,0,False,0.0,0.0,0.0,0.0,0,True,0,0,0,0,,0.0,0,G4_PREDICTIVE_RECOVERY,1,0,0.0,0.0,0.0,0,927734a2339a3f2710640065b0893eaae162cc0144ac67e2f377bcff2e71ae34,M0_SAFER_BASELINE,0.006882888884607988,1.5614011293115484,1.5614011293115484,0.0,0,,0.0,1,0,0,0,0,False,0,0.0,0.0,0.0,G4_09_040,9f9fce4d1875b57e7a55c3a9cbf5b5a0c3f8476d84b3deb53c920d9b6322bb1d,8575044388559804227,CERTIFIED_ENDPOINT_LIPSCHITZ_LOWER_BOUND,0,54c035f7834b564019656c3e3fcc3646292f727d,QP_INFEASIBLE,PrimalInfeasible,0,0,1.1817996359895915
2000,2000.0,2000.0,0.0,a3166060848f911fbbca79622a8a1c2b45c8acb14596f1f6c6fd13720878d374,2000.0,06c1ff17d2ed5eb184b6a9699a3a32da431a1460840431a3effe76d5f03b9ee3,0,False,0.0,0.0,0.0,0.0,0,True,0,0,0,0,,0.0,0,G4_PREDICTIVE_RECOVERY,1,0,0.0,0.0,0.0,0,927734a2339a3f2710640065b0893eaae162cc0144ac67e2f377bcff2e71ae34,M1_FAS_START_SAFE_ONLY,0.006882888884607988,1.5614011293115484,1.5614011293115484,0.0,0,,0.0,1,0,0,0,0,False,0,0.028617915930226445,0.028617915930226445,0.028617915930226445,G4_09_040,9f9fce4d1875b57e7a55c3a9cbf5b5a0c3f8476d84b3deb53c920d9b6322bb1d,8575044388559804227,CERTIFIED_ENDPOINT_LIPSCHITZ_LOWER_BOUND,0,54c035f7834b564019656c3e3fcc3646292f727d,QP_INFEASIBLE,PrimalInfeasible,0,0,1.2381648998707533
44,44.0,44.0,0.0,a3166060848f911fbbca79622a8a1c2b45c8acb14596f1f6c6fd13720878d374,2000.0,06c1ff17d2ed5eb184b6a9699a3a32da431a1460840431a3effe76d5f03b9ee3,0,False,0.0,0.0,0.0,0.0,0,True,0,0,0,0,,0.0,0,G4_PREDICTIVE_RECOVERY,1,0,0.0,0.0,0.0,0,927734a2339a3f2710640065b0893eaae162cc0144ac67e2f377bcff2e71ae34,M2_FAS_START_SAFE_PLUS_FEASIBILITY_AWARE,0.006882888884607988,1.5614011293115484,1.5614011293115484,0.0,0,,0.0,1,0,0,0,0,False,0,0.023045062087476254,0.023045062087476254,0.023045062087476254,G4_09_040,9f9fce4d1875b57e7a55c3a9cbf5b5a0c3f8476d84b3deb53c920d9b6322bb1d,8575044388559804227,CERTIFIED_ENDPOINT_LIPSCHITZ_LOWER_BOUND,0,54c035f7834b564019656c3e3fcc3646292f727d,QP_INFEASIBLE,PrimalInfeasible,0,0,1.190715097123757
44,44.0,44.0,0.0,a3166060848f911fbbca79622a8a1c2b45c8acb14596f1f6c6fd13720878d374,2000.0,06c1ff17d2ed5eb184b6a9699a3a32da431a1460840431a3effe76d5f03b9ee3,0,False,0.0,0.0,0.0,0.0,0,True,0,0,0,0,,0.0,0,G4_PREDICTIVE_RECOVERY,1,0,0.0,0.0,0.0,0,927734a2339a3f2710640065b0893eaae162cc0144ac67e2f377bcff2e71ae34,M3_FAS_PLUS_DISCRETE_TIME_VERIFICATION,0.006882888884607988,1.5614011293115484,1.5614011293115484,0.0,0,,0.0,1,0,0,0,0,False,0,0.021097108023241162,0.021097108023241162,0.021097108023241162,G4_09_040,9f9fce4d1875b57e7a55c3a9cbf5b5a0c3f8476d84b3deb53c920d9b6322bb1d,8575044388559804227,CERTIFIED_ENDPOINT_LIPSCHITZ_LOWER_BOUND,0,54c035f7834b564019656c3e3fcc3646292f727d,QP_INFEASIBLE,PrimalInfeasible,0,0,1.1706695060711354
44,44.0,44.0,0.0,a3166060848f911fbbca79622a8a1c2b45c8acb14596f1f6c6fd13720878d374,2000.0,06c1ff17d2ed5eb184b6a9699a3a32da431a1460840431a3effe76d5f03b9ee3,0,False,0.0,0.0,0.0,0.0,0,True,0,0,0,0,,0.0,0,G4_PREDICTIVE_RECOVERY,1,0,0.0,0.0,0.0,0,927734a2339a3f2710640065b0893eaae162cc0144ac67e2f377bcff2e71ae34,M4_FULL_FAS_CBF,0.006882888884607988,1.5614011293115484,1.5614011293115484,0.0,0,,0.0,1,0,0,0,0,False,0,0.021212664898484945,0.021212664898484945,0.021212664898484945,G4_09_040,9f9fce4d1875b57e7a55c3a9cbf5b5a0c3f8476d84b3deb53c920d9b6322bb1d,8575044388559804227,CERTIFIED_ENDPOINT_LIPSCHITZ_LOWER_BOUND,0,54c035f7834b564019656c3e3fcc3646292f727d,QP_INFEASIBLE,PrimalInfeasible,0,0,1.1723306418862194
2000,2000.0,2000.0,0.0,a3166060848f911fbbca79622a8a1c2b45c8acb14596f1f6c6fd13720878d374,2000.0,06c1ff17d2ed5eb184b6a9699a3a32da431a1460840431a3effe76d5f03b9ee3,0,False,0.0,0.0,0.0,0.0,0,True,0,0,0,0,,0.0,0,G4_PREDICTIVE_RECOVERY,1,0,0.0,0.0,0.0,0,927734a2339a3f2710640065b0893eaae162cc0144ac67e2f377bcff2e71ae34,M0_SAFER_BASELINE,0.0061034423939400236,1.6115625759764092,1.6115625759764092,0.0,0,,0.0,1,0,0,0,0,False,0,0.0,0.0,0.0,G4_10_499,9f9fce4d1875b57e7a55c3a9cbf5b5a0c3f8476d84b3deb53c920d9b6322bb1d,2373912494336244486,CERTIFIED_ENDPOINT_LIPSCHITZ_LOWER_BOUND,0,54c035f7834b564019656c3e3fcc3646292f727d,QP_INFEASIBLE,PrimalInfeasible,0,0,1.1933703660033643
2000,2000.0,2000.0,0.0,a3166060848f911fbbca79622a8a1c2b45c8acb14596f1f6c6fd13720878d374,2000.0,06c1ff17d2ed5eb184b6a9699a3a32da431a1460840431a3effe76d5f03b9ee3,0,False,0.0,0.0,0.0,0.0,0,True,0,0,0,0,,0.0,0,G4_PREDICTIVE_RECOVERY,1,0,0.0,0.0,0.0,0,927734a2339a3f2710640065b0893eaae162cc0144ac67e2f377bcff2e71ae34,M1_FAS_START_SAFE_ONLY,0.0061034423939400236,1.6115625759764092,1.6115625759764092,0.0,0,,0.0,1,0,0,0,0,False,0,0.022355938097462058,0.022355938097462058,0.022355938097462058,G4_10_499,9f9fce4d1875b57e7a55c3a9cbf5b5a0c3f8476d84b3deb53c920d9b6322bb1d,2373912494336244486,CERTIFIED_ENDPOINT_LIPSCHITZ_LOWER_BOUND,0,54c035f7834b564019656c3e3fcc3646292f727d,QP_INFEASIBLE,PrimalInfeasible,0,0,1.1836795459967107
261,261.0,261.0,0.0,a3166060848f911fbbca79622a8a1c2b45c8acb14596f1f6c6fd13720878d374,2000.0,06c1ff17d2ed5eb184b6a9699a3a32da431a1460840431a3effe76d5f03b9ee3,0,False,0.0,0.0,0.0,0.0,0,True,0,0,0,0,,0.0,0,G4_PREDICTIVE_RECOVERY,1,0,0.0,0.0,0.0,0,927734a2339a3f2710640065b0893eaae162cc0144ac67e2f377bcff2e71ae34,M2_FAS_START_SAFE_PLUS_FEASIBILITY_AWARE,0.0061034423939400236,1.6115625759764092,1.6115625759764092,0.0,0,,0.0,1,0,0,0,0,False,0,0.03106590104289353,0.03106590104289353,0.03106590104289353,G4_10_499,9f9fce4d1875b57e7a55c3a9cbf5b5a0c3f8476d84b3deb53c920d9b6322bb1d,2373912494336244486,CERTIFIED_ENDPOINT_LIPSCHITZ_LOWER_BOUND,0,54c035f7834b564019656c3e3fcc3646292f727d,QP_INFEASIBLE,PrimalInfeasible,0,0,1.2295911679975688
261,261.0,261.0,0.0,a3166060848f911fbbca79622a8a1c2b45c8acb14596f1f6c6fd13720878d374,2000.0,06c1ff17d2ed5eb184b6a9699a3a32da431a1460840431a3effe76d5f03b9ee3,0,False,0.0,0.0,0.0,0.0,0,True,0,0,0,0,,0.0,0,G4_PREDICTIVE_RECOVERY,1,0,0.0,0.0,0.0,0,927734a2339a3f2710640065b0893eaae162cc0144ac67e2f377bcff2e71ae34,M3_FAS_PLUS_DISCRETE_TIME_VERIFICATION,0.0061034423939400236,1.6115625759764092,1.6115625759764092,0.0,0,,0.0,1,0,0,0,0,False,0,0.023771157022565603,0.023771157022565603,0.023771157022565603,G4_10_499,9f9fce4d1875b57e7a55c3a9cbf5b5a0c3f8476d84b3deb53c920d9b6322bb1d,2373912494336244486,CERTIFIED_ENDPOINT_LIPSCHITZ_LOWER_BOUND,0,54c035f7834b564019656c3e3fcc3646292f727d,QP_INFEASIBLE,PrimalInfeasible,0,0,1.1702036450151354
261,261.0,261.0,0.0,a3166060848f911fbbca79622a8a1c2b45c8acb14596f1f6c6fd13720878d374,2000.0,06c1ff17d2ed5eb184b6a9699a3a32da431a1460840431a3effe76d5f03b9ee3,0,False,0.0,0.0,0.0,0.0,0,True,0,0,0,0,,0.0,0,G4_PREDICTIVE_RECOVERY,1,0,0.0,0.0,0.0,0,927734a2339a3f2710640065b0893eaae162cc0144ac67e2f377bcff2e71ae34,M4_FULL_FAS_CBF,0.0061034423939400236,1.6115625759764092,1.6115625759764092,0.0,0,,0.0,1,0,0,0,0,False,0,0.021585238864645362,0.021585238864645362,0.021585238864645362,G4_10_499,9f9fce4d1875b57e7a55c3a9cbf5b5a0c3f8476d84b3deb53c920d9b6322bb1d,2373912494336244486,CERTIFIED_ENDPOINT_LIPSCHITZ_LOWER_BOUND,0,54c035f7834b564019656c3e3fcc3646292f727d,QP_INFEASIBLE,PrimalInfeasible,0,0,1.1703524379990995
2000,2000.0,2000.0,0.0,a3166060848f911fbbca79622a8a1c2b45c8acb14596f1f6c6fd13720878d374,2000.0,06c1ff17d2ed5eb184b6a9699a3a32da431a1460840431a3effe76d5f03b9ee3,0,False,0.0,0.0,0.0,0.0,0,True,0,0,0,0,,0.0,0,G4_PREDICTIVE_RECOVERY,1,0,0.0,0.0,0.0,0,927734a2339a3f2710640065b0893eaae162cc0144ac67e2f377bcff2e71ae34,M0_SAFER_BASELINE,0.0067139302676991995,1.5524169833659707,1.5524169833659707,0.0,0,,0.0,1,0,0,0,0,False,0,0.0,0.0,0.0,G4_11_401,9f9fce4d1875b57e7a55c3a9cbf5b5a0c3f8476d84b3deb53c920d9b6322bb1d,15030540026189077484,CERTIFIED_ENDPOINT_LIPSCHITZ_LOWER_BOUND,0,54c035f7834b564019656c3e3fcc3646292f727d,QP_INFEASIBLE,PrimalInfeasible,0,0,1.1741119290236384
2000,2000.0,2000.0,0.0,a3166060848f911fbbca79622a8a1c2b45c8acb14596f1f6c6fd13720878d374,2000.0,06c1ff17d2ed5eb184b6a9699a3a32da431a1460840431a3effe76d5f03b9ee3,0,False,0.0,0.0,0.0,0.0,0,True,0,0,0,0,,0.0,0,G4_PREDICTIVE_RECOVERY,1,0,0.0,0.0,0.0,0,927734a2339a3f2710640065b0893eaae162cc0144ac67e2f377bcff2e71ae34,M1_FAS_START_SAFE_ONLY,0.0067139302676991995,1.5524169833659707,1.5524169833659707,0.0,0,,0.0,1,0,0,0,0,False,0,0.023671091999858618,0.023671091999858618,0.023671091999858618,G4_11_401,9f9fce4d1875b57e7a55c3a9cbf5b5a0c3f8476d84b3deb53c920d9b6322bb1d,15030540026189077484,CERTIFIED_ENDPOINT_LIPSCHITZ_LOWER_BOUND,0,54c035f7834b564019656c3e3fcc3646292f727d,QP_INFEASIBLE,PrimalInfeasible,0,0,1.1860221561510116
23,23.0,23.0,0.0,a3166060848f911fbbca79622a8a1c2b45c8acb14596f1f6c6fd13720878d374,2000.0,06c1ff17d2ed5eb184b6a9699a3a32da431a1460840431a3effe76d5f03b9ee3,0,False,0.0,0.0,0.0,0.0,0,True,0,0,0,0,,0.0,0,G4_PREDICTIVE_RECOVERY,1,0,0.0,0.0,0.0,0,927734a2339a3f2710640065b0893eaae162cc0144ac67e2f377bcff2e71ae34,M2_FAS_START_SAFE_PLUS_FEASIBILITY_AWARE,0.0067139302676991995,1.5524169833659707,1.5524169833659707,0.0,0,,0.0,1,0,0,0,0,False,0,0.02348043001256883,0.02348043001256883,0.02348043001256883,G4_11_401,9f9fce4d1875b57e7a55c3a9cbf5b5a0c3f8476d84b3deb53c920d9b6322bb1d,15030540026189077484,CERTIFIED_ENDPOINT_LIPSCHITZ_LOWER_BOUND,0,54c035f7834b564019656c3e3fcc3646292f727d,QP_INFEASIBLE,PrimalInfeasible,0,0,1.173397104954347
23,23.0,23.0,0.0,a3166060848f911fbbca79622a8a1c2b45c8acb14596f1f6c6fd13720878d374,2000.0,06c1ff17d2ed5eb184b6a9699a3a32da431a1460840431a3effe76d5f03b9ee3,0,False,0.0,0.0,0.0,0.0,0,True,0,0,0,0,,0.0,0,G4_PREDICTIVE_RECOVERY,1,0,0.0,0.0,0.0,0,927734a2339a3f2710640065b0893eaae162cc0144ac67e2f377bcff2e71ae34,M3_FAS_PLUS_DISCRETE_TIME_VERIFICATION,0.0067139302676991995,1.5524169833659707,1.5524169833659707,0.0,0,,0.0,1,0,0,0,0,False,0,0.023195446934551,0.023195446934551,0.023195446934551,G4_11_401,9f9fce4d1875b57e7a55c3a9cbf5b5a0c3f8476d84b3deb53c920d9b6322bb1d,15030540026189077484,CERTIFIED_ENDPOINT_LIPSCHITZ_LOWER_BOUND,0,54c035f7834b564019656c3e3fcc3646292f727d,QP_INFEASIBLE,PrimalInfeasible,0,0,1.182533903978765
23,23.0,23.0,0.0,a3166060848f911fbbca79622a8a1c2b45c8acb14596f1f6c6fd13720878d374,2000.0,06c1ff17d2ed5eb184b6a9699a3a32da431a1460840431a3effe76d5f03b9ee3,0,False,0.0,0.0,0.0,0.0,0,True,0,0,0,0,,0.0,0,G4_PREDICTIVE_RECOVERY,1,0,0.0,0.0,0.0,0,927734a2339a3f2710640065b0893eaae162cc0144ac67e2f377bcff2e71ae34,M4_FULL_FAS_CBF,0.0067139302676991995,1.5524169833659707,1.5524169833659707,0.0,0,,0.0,1,0,0,0,0,False,0,0.01978772785514593,0.01978772785514593,0.01978772785514593,G4_11_401,9f9fce4d1875b57e7a55c3a9cbf5b5a0c3f8476d84b3deb53c920d9b6322bb1d,15030540026189077484,CERTIFIED_ENDPOINT_LIPSCHITZ_LOWER_BOUND,0,54c035f7834b564019656c3e3fcc3646292f727d,QP_INFEASIBLE,PrimalInfeasible,0,0,1.1776838530786335
2000,2000.0,2000.0,0.0,a3166060848f911fbbca79622a8a1c2b45c8acb14596f1f6c6fd13720878d374,2000.0,06c1ff17d2ed5eb184b6a9699a3a32da431a1460840431a3effe76d5f03b9ee3,0,False,0.0,0.0,0.0,0.0,0,True,0,0,0,0,,0.0,0,G4_PREDICTIVE_RECOVERY,1,0,0.0,0.0,0.0,0,927734a2339a3f2710640065b0893eaae162cc0144ac67e2f377bcff2e71ae34,M0_SAFER_BASELINE,0.005201377038133101,1.5536517436196813,1.5536517436196813,0.0,0,,0.0,1,0,0,0,0,False,0,0.0,0.0,0.0,G4_12_204,9f9fce4d1875b57e7a55c3a9cbf5b5a0c3f8476d84b3deb53c920d9b6322bb1d,5996556670260243185,CERTIFIED_ENDPOINT_LIPSCHITZ_LOWER_BOUND,0,54c035f7834b564019656c3e3fcc3646292f727d,QP_INFEASIBLE,PrimalInfeasible,0,0,1.1568815568462014
2000,2000.0,2000.0,0.0,a3166060848f911fbbca79622a8a1c2b45c8acb14596f1f6c6fd13720878d374,2000.0,06c1ff17d2ed5eb184b6a9699a3a32da431a1460840431a3effe76d5f03b9ee3,0,False,0.0,0.0,0.0,0.0,0,True,0,0,0,0,,0.0,0,G4_PREDICTIVE_RECOVERY,1,0,0.0,0.0,0.0,0,927734a2339a3f2710640065b0893eaae162cc0144ac67e2f377bcff2e71ae34,M1_FAS_START_SAFE_ONLY,0.005201377038133101,1.5536517436196813,1.5536517436196813,0.0,0,,0.0,1,0,0,0,0,False,0,0.02102675219066441,0.02102675219066441,0.02102675219066441,G4_12_204,9f9fce4d1875b57e7a55c3a9cbf5b5a0c3f8476d84b3deb53c920d9b6322bb1d,5996556670260243185,CERTIFIED_ENDPOINT_LIPSCHITZ_LOWER_BOUND,0,54c035f7834b564019656c3e3fcc3646292f727d,QP_INFEASIBLE,PrimalInfeasible,0,0,1.1948836911469698
32,32.0,32.0,0.0,a3166060848f911fbbca79622a8a1c2b45c8acb14596f1f6c6fd13720878d374,2000.0,06c1ff17d2ed5eb184b6a9699a3a32da431a1460840431a3effe76d5f03b9ee3,0,False,0.0,0.0,0.0,0.0,0,True,0,0,0,0,,0.0,0,G4_PREDICTIVE_RECOVERY,1,0,0.0,0.0,0.0,0,927734a2339a3f2710640065b0893eaae162cc0144ac67e2f377bcff2e71ae34,M2_FAS_START_SAFE_PLUS_FEASIBILITY_AWARE,0.005201377038133101,1.5536517436196813,1.5536517436196813,0.0,0,,0.0,1,0,0,0,0,False,0,0.02338611101731658,0.02338611101731658,0.02338611101731658,G4_12_204,9f9fce4d1875b57e7a55c3a9cbf5b5a0c3f8476d84b3deb53c920d9b6322bb1d,5996556670260243185,CERTIFIED_ENDPOINT_LIPSCHITZ_LOWER_BOUND,0,54c035f7834b564019656c3e3fcc3646292f727d,QP_INFEASIBLE,PrimalInfeasible,0,0,1.1685167248360813
32,32.0,32.0,0.0,a3166060848f911fbbca79622a8a1c2b45c8acb14596f1f6c6fd13720878d374,2000.0,06c1ff17d2ed5eb184b6a9699a3a32da431a1460840431a3effe76d5f03b9ee3,0,False,0.0,0.0,0.0,0.0,0,True,0,0,0,0,,0.0,0,G4_PREDICTIVE_RECOVERY,1,0,0.0,0.0,0.0,0,927734a2339a3f2710640065b0893eaae162cc0144ac67e2f377bcff2e71ae34,M3_FAS_PLUS_DISCRETE_TIME_VERIFICATION,0.005201377038133101,1.5536517436196813,1.5536517436196813,0.0,0,,0.0,1,0,0,0,0,False,0,0.01789349503815174,0.01789349503815174,0.01789349503815174,G4_12_204,9f9fce4d1875b57e7a55c3a9cbf5b5a0c3f8476d84b3deb53c920d9b6322bb1d,5996556670260243185,CERTIFIED_ENDPOINT_LIPSCHITZ_LOWER_BOUND,0,54c035f7834b564019656c3e3fcc3646292f727d,QP_INFEASIBLE,PrimalInfeasible,0,0,1.1782425411511213
32,32.0,32.0,0.0,a3166060848f911fbbca79622a8a1c2b45c8acb14596f1f6c6fd13720878d374,2000.0,06c1ff17d2ed5eb184b6a9699a3a32da431a1460840431a3effe76d5f03b9ee3,0,False,0.0,0.0,0.0,0.0,0,True,0,0,0,0,,0.0,0,G4_PREDICTIVE_RECOVERY,1,0,0.0,0.0,0.0,0,927734a2339a3f2710640065b0893eaae162cc0144ac67e2f377bcff2e71ae34,M4_FULL_FAS_CBF,0.005201377038133101,1.5536517436196813,1.5536517436196813,0.0,0,,0.0,1,0,0,0,0,False,0,0.021306507056578994,0.021306507056578994,0.021306507056578994,G4_12_204,9f9fce4d1875b57e7a55c3a9cbf5b5a0c3f8476d84b3deb53c920d9b6322bb1d,5996556670260243185,CERTIFIED_ENDPOINT_LIPSCHITZ_LOWER_BOUND,0,54c035f7834b564019656c3e3fcc3646292f727d,QP_INFEASIBLE,PrimalInfeasible,0,0,1.17928860289976
2000,2000.0,2000.0,0.0,a3166060848f911fbbca79622a8a1c2b45c8acb14596f1f6c6fd13720878d374,2000.0,06c1ff17d2ed5eb184b6a9699a3a32da431a1460840431a3effe76d5f03b9ee3,0,False,0.0,0.0,0.0,0.0,0,True,0,0,0,0,,0.0,0,G4_PREDICTIVE_RECOVERY,1,0,0.0,0.0,0.0,0,927734a2339a3f2710640065b0893eaae162cc0144ac67e2f377bcff2e71ae34,M0_SAFER_BASELINE,0.005530442981118402,1.5525192382338857,1.5525192382338857,0.0,0,,0.0,1,0,0,0,0,False,0,0.0,0.0,0.0,G4_13_347,9f9fce4d1875b57e7a55c3a9cbf5b5a0c3f8476d84b3deb53c920d9b6322bb1d,3694598379324000050,CERTIFIED_ENDPOINT_LIPSCHITZ_LOWER_BOUND,0,54c035f7834b564019656c3e3fcc3646292f727d,QP_INFEASIBLE,PrimalInfeasible,0,0,1.1796828359365463
2000,2000.0,2000.0,0.0,a3166060848f911fbbca79622a8a1c2b45c8acb14596f1f6c6fd13720878d374,2000.0,06c1ff17d2ed5eb184b6a9699a3a32da431a1460840431a3effe76d5f03b9ee3,0,False,0.0,0.0,0.0,0.0,0,True,0,0,0,0,,0.0,0,G4_PREDICTIVE_RECOVERY,1,0,0.0,0.0,0.0,0,927734a2339a3f2710640065b0893eaae162cc0144ac67e2f377bcff2e71ae34,M1_FAS_START_SAFE_ONLY,0.005530442981118402,1.5525192382338857,1.5525192382338857,0.0,0,,0.0,1,0,0,0,0,False,0,0.02158485003747046,0.02158485003747046,0.02158485003747046,G4_13_347,9f9fce4d1875b57e7a55c3a9cbf5b5a0c3f8476d84b3deb53c920d9b6322bb1d,3694598379324000050,CERTIFIED_ENDPOINT_LIPSCHITZ_LOWER_BOUND,0,54c035f7834b564019656c3e3fcc3646292f727d,QP_INFEASIBLE,PrimalInfeasible,0,0,1.1931867699604481
93,93.0,93.0,0.0,a3166060848f911fbbca79622a8a1c2b45c8acb14596f1f6c6fd13720878d374,2000.0,06c1ff17d2ed5eb184b6a9699a3a32da431a1460840431a3effe76d5f03b9ee3,0,False,0.0,0.0,0.0,0.0,0,True,0,0,0,0,,0.0,0,G4_PREDICTIVE_RECOVERY,1,0,0.0,0.0,0.0,0,927734a2339a3f2710640065b0893eaae162cc0144ac67e2f377bcff2e71ae34,M2_FAS_START_SAFE_PLUS_FEASIBILITY_AWARE,0.005530442981118402,1.5525192382338857,1.5525192382338857,0.0,0,,0.0,1,0,0,0,0,False,0,0.021408942993730307,0.021408942993730307,0.021408942993730307,G4_13_347,9f9fce4d1875b57e7a55c3a9cbf5b5a0c3f8476d84b3deb53c920d9b6322bb1d,3694598379324000050,CERTIFIED_ENDPOINT_LIPSCHITZ_LOWER_BOUND,0,54c035f7834b564019656c3e3fcc3646292f727d,QP_INFEASIBLE,PrimalInfeasible,0,0,1.1792147029191256
93,93.0,93.0,0.0,a3166060848f911fbbca79622a8a1c2b45c8acb14596f1f6c6fd13720878d374,2000.0,06c1ff17d2ed5eb184b6a9699a3a32da431a1460840431a3effe76d5f03b9ee3,0,False,0.0,0.0,0.0,0.0,0,True,0,0,0,0,,0.0,0,G4_PREDICTIVE_RECOVERY,1,0,0.0,0.0,0.0,0,927734a2339a3f2710640065b0893eaae162cc0144ac67e2f377bcff2e71ae34,M3_FAS_PLUS_DISCRETE_TIME_VERIFICATION,0.005530442981118402,1.5525192382338857,1.5525192382338857,0.0,0,,0.0,1,0,0,0,0,False,0,0.020241786958649755,0.020241786958649755,0.020241786958649755,G4_13_347,9f9fce4d1875b57e7a55c3a9cbf5b5a0c3f8476d84b3deb53c920d9b6322bb1d,3694598379324000050,CERTIFIED_ENDPOINT_LIPSCHITZ_LOWER_BOUND,0,54c035f7834b564019656c3e3fcc3646292f727d,QP_INFEASIBLE,PrimalInfeasible,0,0,1.1695161510724574
93,93.0,93.0,0.0,a3166060848f911fbbca79622a8a1c2b45c8acb14596f1f6c6fd13720878d374,2000.0,06c1ff17d2ed5eb184b6a9699a3a32da431a1460840431a3effe76d5f03b9ee3,0,False,0.0,0.0,0.0,0.0,0,True,0,0,0,0,,0.0,0,G4_PREDICTIVE_RECOVERY,1,0,0.0,0.0,0.0,0,927734a2339a3f2710640065b0893eaae162cc0144ac67e2f377bcff2e71ae34,M4_FULL_FAS_CBF,0.005530442981118402,1.5525192382338857,1.5525192382338857,0.0,0,,0.0,1,0,0,0,0,False,0,0.020543967839330435,0.020543967839330435,0.020543967839330435,G4_13_347,9f9fce4d1875b57e7a55c3a9cbf5b5a0c3f8476d84b3deb53c920d9b6322bb1d,3694598379324000050,CERTIFIED_ENDPOINT_LIPSCHITZ_LOWER_BOUND,0,54c035f7834b564019656c3e3fcc3646292f727d,QP_INFEASIBLE,PrimalInfeasible,0,0,1.1717494030017406
2000,2000.0,2000.0,0.0,a3166060848f911fbbca79622a8a1c2b45c8acb14596f1f6c6fd13720878d374,2000.0,06c1ff17d2ed5eb184b6a9699a3a32da431a1460840431a3effe76d5f03b9ee3,0,False,0.0,0.0,0.0,0.0,0,True,0,0,0,0,,0.0,0,G4_PREDICTIVE_RECOVERY,1,0,0.0,0.0,0.0,0,927734a2339a3f2710640065b0893eaae162cc0144ac67e2f377bcff2e71ae34,M0_SAFER_BASELINE,0.005791148341843223,1.602504597445566,1.602504597445566,0.0,0,,0.0,1,0,0,0,0,False,0,0.0,0.0,0.0,G4_14_345,9f9fce4d1875b57e7a55c3a9cbf5b5a0c3f8476d84b3deb53c920d9b6322bb1d,3404340366868170093,CERTIFIED_ENDPOINT_LIPSCHITZ_LOWER_BOUND,0,54c035f7834b564019656c3e3fcc3646292f727d,QP_INFEASIBLE,PrimalInfeasible,0,0,1.2058972970116884
2000,2000.0,2000.0,0.0,a3166060848f911fbbca79622a8a1c2b45c8acb14596f1f6c6fd13720878d374,2000.0,06c1ff17d2ed5eb184b6a9699a3a32da431a1460840431a3effe76d5f03b9ee3,0,False,0.0,0.0,0.0,0.0,0,True,0,0,0,0,,0.0,0,G4_PREDICTIVE_RECOVERY,1,0,0.0,0.0,0.0,0,927734a2339a3f2710640065b0893eaae162cc0144ac67e2f377bcff2e71ae34,M1_FAS_START_SAFE_ONLY,0.005791148341843223,1.602504597445566,1.602504597445566,0.0,0,,0.0,1,0,0,0,0,False,0,0.022721407003700733,0.022721407003700733,0.022721407003700733,G4_14_345,9f9fce4d1875b57e7a55c3a9cbf5b5a0c3f8476d84b3deb53c920d9b6322bb1d,3404340366868170093,CERTIFIED_ENDPOINT_LIPSCHITZ_LOWER_BOUND,0,54c035f7834b564019656c3e3fcc3646292f727d,QP_INFEASIBLE,PrimalInfeasible,0,0,1.1872999349143356
24,24.0,24.0,0.0,a3166060848f911fbbca79622a8a1c2b45c8acb14596f1f6c6fd13720878d374,2000.0,06c1ff17d2ed5eb184b6a9699a3a32da431a1460840431a3effe76d5f03b9ee3,0,False,0.0,0.0,0.0,0.0,0,True,0,0,0,0,,0.0,0,G4_PREDICTIVE_RECOVERY,1,0,0.0,0.0,0.0,0,927734a2339a3f2710640065b0893eaae162cc0144ac67e2f377bcff2e71ae34,M2_FAS_START_SAFE_PLUS_FEASIBILITY_AWARE,0.005791148341843223,1.602504597445566,1.602504597445566,0.0,0,,0.0,1,0,0,0,0,False,0,0.024556796066462994,0.024556796066462994,0.024556796066462994,G4_14_345,9f9fce4d1875b57e7a55c3a9cbf5b5a0c3f8476d84b3deb53c920d9b6322bb1d,3404340366868170093,CERTIFIED_ENDPOINT_LIPSCHITZ_LOWER_BOUND,0,54c035f7834b564019656c3e3fcc3646292f727d,QP_INFEASIBLE,PrimalInfeasible,0,0,1.1753084999509156
24,24.0,24.0,0.0,a3166060848f911fbbca79622a8a1c2b45c8acb14596f1f6c6fd13720878d374,2000.0,06c1ff17d2ed5eb184b6a9699a3a32da431a1460840431a3effe76d5f03b9ee3,0,False,0.0,0.0,0.0,0.0,0,True,0,0,0,0,,0.0,0,G4_PREDICTIVE_RECOVERY,1,0,0.0,0.0,0.0,0,927734a2339a3f2710640065b0893eaae162cc0144ac67e2f377bcff2e71ae34,M3_FAS_PLUS_DISCRETE_TIME_VERIFICATION,0.005791148341843223,1.602504597445566,1.602504597445566,0.0,0,,0.0,1,0,0,0,0,False,0,0.023413964081555605,0.023413964081555605,0.023413964081555605,G4_14_345,9f9fce4d1875b57e7a55c3a9cbf5b5a0c3f8476d84b3deb53c920d9b6322bb1d,3404340366868170093,CERTIFIED_ENDPOINT_LIPSCHITZ_LOWER_BOUND,0,54c035f7834b564019656c3e3fcc3646292f727d,QP_INFEASIBLE,PrimalInfeasible,0,0,1.1784348760265857
24,24.0,24.0,0.0,a3166060848f911fbbca79622a8a1c2b45c8acb14596f1f6c6fd13720878d374,2000.0,06c1ff17d2ed5eb184b6a9699a3a32da431a1460840431a3effe76d5f03b9ee3,0,False,0.0,0.0,0.0,0.0,0,True,0,0,0,0,,0.0,0,G4_PREDICTIVE_RECOVERY,1,0,0.0,0.0,0.0,0,927734a2339a3f2710640065b0893eaae162cc0144ac67e2f377bcff2e71ae34,M4_FULL_FAS_CBF,0.005791148341843223,1.602504597445566,1.602504597445566,0.0,0,,0.0,1,0,0,0,0,False,0,0.030913440976291895,0.030913440976291895,0.030913440976291895,G4_14_345,9f9fce4d1875b57e7a55c3a9cbf5b5a0c3f8476d84b3deb53c920d9b6322bb1d,3404340366868170093,CERTIFIED_ENDPOINT_LIPSCHITZ_LOWER_BOUND,0,54c035f7834b564019656c3e3fcc3646292f727d,QP_INFEASIBLE,PrimalInfeasible,0,0,1.2051760898903012
2000,2000.0,2000.0,0.0,a3166060848f911fbbca79622a8a1c2b45c8acb14596f1f6c6fd13720878d374,2000.0,06c1ff17d2ed5eb184b6a9699a3a32da431a1460840431a3effe76d5f03b9ee3,0,False,0.0,0.0,0.0,0.0,0,True,0,0,0,0,,0.0,0,G4_PREDICTIVE_RECOVERY,1,0,0.0,0.0,0.0,0,927734a2339a3f2710640065b0893eaae162cc0144ac67e2f377bcff2e71ae34,M0_SAFER_BASELINE,0.004845839378409746,1.5111100410146572,1.5111100410146572,0.0,0,,0.0,1,0,0,0,0,False,0,0.0,0.0,0.0,G4_15_145,9f9fce4d1875b57e7a55c3a9cbf5b5a0c3f8476d84b3deb53c920d9b6322bb1d,14719582897910562218,CERTIFIED_ENDPOINT_LIPSCHITZ_LOWER_BOUND,0,54c035f7834b564019656c3e3fcc3646292f727d,QP_INFEASIBLE,PrimalInfeasible,0,0,1.2025032478850335
2000,2000.0,2000.0,0.0,a3166060848f911fbbca79622a8a1c2b45c8acb14596f1f6c6fd13720878d374,2000.0,06c1ff17d2ed5eb184b6a9699a3a32da431a1460840431a3effe76d5f03b9ee3,0,False,0.0,0.0,0.0,0.0,0,True,0,0,0,0,,0.0,0,G4_PREDICTIVE_RECOVERY,1,0,0.0,0.0,0.0,0,927734a2339a3f2710640065b0893eaae162cc0144ac67e2f377bcff2e71ae34,M1_FAS_START_SAFE_ONLY,0.004845839378409746,1.5111100410146572,1.5111100410146572,0.0,0,,0.0,1,0,0,0,0,False,0,0.02212337194941938,0.02212337194941938,0.02212337194941938,G4_15_145,9f9fce4d1875b57e7a55c3a9cbf5b5a0c3f8476d84b3deb53c920d9b6322bb1d,14719582897910562218,CERTIFIED_ENDPOINT_LIPSCHITZ_LOWER_BOUND,0,54c035f7834b564019656c3e3fcc3646292f727d,QP_INFEASIBLE,PrimalInfeasible,0,0,1.191649415064603
21,21.0,21.0,0.0,a3166060848f911fbbca79622a8a1c2b45c8acb14596f1f6c6fd13720878d374,2000.0,06c1ff17d2ed5eb184b6a9699a3a32da431a1460840431a3effe76d5f03b9ee3,0,False,0.0,0.0,0.0,0.0,0,True,0,0,0,0,,1.0,1,G4_PREDICTIVE_RECOVERY,1,0,0.0,0.0,0.0,0,927734a2339a3f2710640065b0893eaae162cc0144ac67e2f377bcff2e71ae34,M2_FAS_START_SAFE_PLUS_FEASIBILITY_AWARE,0.004845839378409746,1.5111100410146572,1.5111100410146572,0.0,0,,0.0,1,0,0,0,0,False,0,0.0223004890140146,0.0223004890140146,0.0223004890140146,G4_15_145,9f9fce4d1875b57e7a55c3a9cbf5b5a0c3f8476d84b3deb53c920d9b6322bb1d,14719582897910562218,CERTIFIED_ENDPOINT_LIPSCHITZ_LOWER_BOUND,0,54c035f7834b564019656c3e3fcc3646292f727d,QP_INFEASIBLE,PrimalInfeasible,0,0,1.190188623033464
21,21.0,21.0,0.0,a3166060848f911fbbca79622a8a1c2b45c8acb14596f1f6c6fd13720878d374,2000.0,06c1ff17d2ed5eb184b6a9699a3a32da431a1460840431a3effe76d5f03b9ee3,0,False,0.0,0.0,0.0,0.0,0,True,0,0,0,0,,1.0,1,G4_PREDICTIVE_RECOVERY,1,0,0.0,0.0,0.0,0,927734a2339a3f2710640065b0893eaae162cc0144ac67e2f377bcff2e71ae34,M3_FAS_PLUS_DISCRETE_TIME_VERIFICATION,0.004845839378409746,1.5111100410146572,1.5111100410146572,0.0,0,,0.0,1,0,0,0,0,False,0,0.02106512407772243,0.02106512407772243,0.02106512407772243,G4_15_145,9f9fce4d1875b57e7a55c3a9cbf5b5a0c3f8476d84b3deb53c920d9b6322bb1d,14719582897910562218,CERTIFIED_ENDPOINT_LIPSCHITZ_LOWER_BOUND,0,54c035f7834b564019656c3e3fcc3646292f727d,QP_INFEASIBLE,PrimalInfeasible,0,0,1.189226813847199
21,21.0,21.0,0.0,a3166060848f911fbbca79622a8a1c2b45c8acb14596f1f6c6fd13720878d374,2000.0,06c1ff17d2ed5eb184b6a9699a3a32da431a1460840431a3effe76d5f03b9ee3,0,False,0.0,0.0,0.0,0.0,0,True,0,0,0,0,,1.0,1,G4_PREDICTIVE_RECOVERY,1,0,0.0,0.0,0.0,0,927734a2339a3f2710640065b0893eaae162cc0144ac67e2f377bcff2e71ae34,M4_FULL_FAS_CBF,0.004845839378409746,1.5111100410146572,1.5111100410146572,0.0,0,,0.0,1,0,0,0,0,False,0,0.02104555699042976,0.02104555699042976,0.02104555699042976,G4_15_145,9f9fce4d1875b57e7a55c3a9cbf5b5a0c3f8476d84b3deb53c920d9b6322bb1d,14719582897910562218,CERTIFIED_ENDPOINT_LIPSCHITZ_LOWER_BOUND,0,54c035f7834b564019656c3e3fcc3646292f727d,QP_INFEASIBLE,PrimalInfeasible,0,0,1.186385011067614
2000,2000.0,2000.0,0.0,a3166060848f911fbbca79622a8a1c2b45c8acb14596f1f6c6fd13720878d374,2000.0,06c1ff17d2ed5eb184b6a9699a3a32da431a1460840431a3effe76d5f03b9ee3,0,False,0.0,0.0,0.0,0.0,0,True,0,0,0,0,,0.0,0,G4_PREDICTIVE_RECOVERY,1,0,0.0,0.0,0.0,0,927734a2339a3f2710640065b0893eaae162cc0144ac67e2f377bcff2e71ae34,M0_SAFER_BASELINE,0.004309271513328657,1.4523738729306872,1.4523738729306872,0.0,0,,0.0,1,0,0,0,0,False,0,0.0,0.0,0.0,G4_16_496,9f9fce4d1875b57e7a55c3a9cbf5b5a0c3f8476d84b3deb53c920d9b6322bb1d,5859267918044959148,CERTIFIED_ENDPOINT_LIPSCHITZ_LOWER_BOUND,0,54c035f7834b564019656c3e3fcc3646292f727d,QP_INFEASIBLE,PrimalInfeasible,0,0,1.2085731318220496
2000,2000.0,2000.0,0.0,a3166060848f911fbbca79622a8a1c2b45c8acb14596f1f6c6fd13720878d374,2000.0,06c1ff17d2ed5eb184b6a9699a3a32da431a1460840431a3effe76d5f03b9ee3,0,False,0.0,0.0,0.0,0.0,0,True,0,0,0,0,,0.0,0,G4_PREDICTIVE_RECOVERY,1,0,0.0,0.0,0.0,0,927734a2339a3f2710640065b0893eaae162cc0144ac67e2f377bcff2e71ae34,M1_FAS_START_SAFE_ONLY,0.004309271513328657,1.4523738729306872,1.4523738729306872,0.0,0,,0.0,1,0,0,0,0,False,0,0.0252265608869493,0.0252265608869493,0.0252265608869493,G4_16_496,9f9fce4d1875b57e7a55c3a9cbf5b5a0c3f8476d84b3deb53c920d9b6322bb1d,5859267918044959148,CERTIFIED_ENDPOINT_LIPSCHITZ_LOWER_BOUND,0,54c035f7834b564019656c3e3fcc3646292f727d,QP_INFEASIBLE,PrimalInfeasible,0,0,1.1899604159407318
185,185.0,185.0,0.0,a3166060848f911fbbca79622a8a1c2b45c8acb14596f1f6c6fd13720878d374,2000.0,06c1ff17d2ed5eb184b6a9699a3a32da431a1460840431a3effe76d5f03b9ee3,0,False,0.0,0.0,0.0,0.0,0,True,0,0,0,0,,1.0,1,G4_PREDICTIVE_RECOVERY,1,0,0.0,0.0,0.0,0,927734a2339a3f2710640065b0893eaae162cc0144ac67e2f377bcff2e71ae34,M2_FAS_START_SAFE_PLUS_FEASIBILITY_AWARE,0.004309271513328657,1.4523738729306872,1.4523738729306872,0.0,0,,0.0,1,0,0,0,0,False,0,0.03132495004683733,0.03132495004683733,0.03132495004683733,G4_16_496,9f9fce4d1875b57e7a55c3a9cbf5b5a0c3f8476d84b3deb53c920d9b6322bb1d,5859267918044959148,CERTIFIED_ENDPOINT_LIPSCHITZ_LOWER_BOUND,0,54c035f7834b564019656c3e3fcc3646292f727d,QP_INFEASIBLE,PrimalInfeasible,0,0,1.2276857469696552
185,185.0,185.0,0.0,a3166060848f911fbbca79622a8a1c2b45c8acb14596f1f6c6fd13720878d374,2000.0,06c1ff17d2ed5eb184b6a9699a3a32da431a1460840431a3effe76d5f03b9ee3,0,False,0.0,0.0,0.0,0.0,0,True,0,0,0,0,,1.0,1,G4_PREDICTIVE_RECOVERY,1,0,0.0,0.0,0.0,0,927734a2339a3f2710640065b0893eaae162cc0144ac67e2f377bcff2e71ae34,M3_FAS_PLUS_DISCRETE_TIME_VERIFICATION,0.004309271513328657,1.4523738729306872,1.4523738729306872,0.0,0,,0.0,1,0,0,0,0,False,0,0.02355182496830821,0.02355182496830821,0.02355182496830821,G4_16_496,9f9fce4d1875b57e7a55c3a9cbf5b5a0c3f8476d84b3deb53c920d9b6322bb1d,5859267918044959148,CERTIFIED_ENDPOINT_LIPSCHITZ_LOWER_BOUND,0,54c035f7834b564019656c3e3fcc3646292f727d,QP_INFEASIBLE,PrimalInfeasible,0,0,1.2192455399781466
185,185.0,185.0,0.0,a3166060848f911fbbca79622a8a1c2b45c8acb14596f1f6c6fd13720878d374,2000.0,06c1ff17d2ed5eb184b6a9699a3a32da431a1460840431a3effe76d5f03b9ee3,0,False,0.0,0.0,0.0,0.0,0,True,0,0,0,0,,1.0,1,G4_PREDICTIVE_RECOVERY,1,0,0.0,0.0,0.0,0,927734a2339a3f2710640065b0893eaae162cc0144ac67e2f377bcff2e71ae34,M4_FULL_FAS_CBF,0.004309271513328657,1.4523738729306872,1.4523738729306872,0.0,0,,0.0,1,0,0,0,0,False,0,0.025557588087394834,0.025557588087394834,0.025557588087394834,G4_16_496,9f9fce4d1875b57e7a55c3a9cbf5b5a0c3f8476d84b3deb53c920d9b6322bb1d,5859267918044959148,CERTIFIED_ENDPOINT_LIPSCHITZ_LOWER_BOUND,0,54c035f7834b564019656c3e3fcc3646292f727d,QP_INFEASIBLE,PrimalInfeasible,0,0,1.1822197549045086
2000,2000.0,2000.0,0.0,a3166060848f911fbbca79622a8a1c2b45c8acb14596f1f6c6fd13720878d374,2000.0,06c1ff17d2ed5eb184b6a9699a3a32da431a1460840431a3effe76d5f03b9ee3,0,False,0.0,0.0,0.0,0.0,0,True,0,0,0,0,,0.0,0,G4_PREDICTIVE_RECOVERY,1,0,0.0,0.0,0.0,0,927734a2339a3f2710640065b0893eaae162cc0144ac67e2f377bcff2e71ae34,M0_SAFER_BASELINE,0.004771324749324152,1.4610900319493287,1.4610900319493287,0.0,0,,0.0,1,0,0,0,0,False,0,0.0,0.0,0.0,G4_17_473,9f9fce4d1875b57e7a55c3a9cbf5b5a0c3f8476d84b3deb53c920d9b6322bb1d,1445707906486393351,CERTIFIED_ENDPOINT_LIPSCHITZ_LOWER_BOUND,0,54c035f7834b564019656c3e3fcc3646292f727d,QP_INFEASIBLE,PrimalInfeasible,0,0,1.2287307591177523
2000,2000.0,2000.0,0.0,a3166060848f911fbbca79622a8a1c2b45c8acb14596f1f6c6fd13720878d374,2000.0,06c1ff17d2ed5eb184b6a9699a3a32da431a1460840431a3effe76d5f03b9ee3,0,False,0.0,0.0,0.0,0.0,0,True,0,0,0,0,,0.0,0,G4_PREDICTIVE_RECOVERY,1,0,0.0,0.0,0.0,0,927734a2339a3f2710640065b0893eaae162cc0144ac67e2f377bcff2e71ae34,M1_FAS_START_SAFE_ONLY,0.004771324749324152,1.4610900319493287,1.4610900319493287,0.0,0,,0.0,1,0,0,0,0,False,0,0.024571849033236504,0.024571849033236504,0.024571849033236504,G4_17_473,9f9fce4d1875b57e7a55c3a9cbf5b5a0c3f8476d84b3deb53c920d9b6322bb1d,1445707906486393351,CERTIFIED_ENDPOINT_LIPSCHITZ_LOWER_BOUND,0,54c035f7834b564019656c3e3fcc3646292f727d,QP_INFEASIBLE,PrimalInfeasible,0,0,1.1916516560595483
41,41.0,41.0,0.0,a3166060848f911fbbca79622a8a1c2b45c8acb14596f1f6c6fd13720878d374,2000.0,06c1ff17d2ed5eb184b6a9699a3a32da431a1460840431a3effe76d5f03b9ee3,0,False,0.0,0.0,0.0,0.0,0,True,0,0,0,0,,1.0,1,G4_PREDICTIVE_RECOVERY,1,0,0.0,0.0,0.0,0,927734a2339a3f2710640065b0893eaae162cc0144ac67e2f377bcff2e71ae34,M2_FAS_START_SAFE_PLUS_FEASIBILITY_AWARE,0.004771324749324152,1.4610900319493287,1.4610900319493287,0.0,0,,0.0,1,0,0,0,0,False,0,0.02247891901060939,0.02247891901060939,0.02247891901060939,G4_17_473,9f9fce4d1875b57e7a55c3a9cbf5b5a0c3f8476d84b3deb53c920d9b6322bb1d,1445707906486393351,CERTIFIED_ENDPOINT_LIPSCHITZ_LOWER_BOUND,0,54c035f7834b564019656c3e3fcc3646292f727d,QP_INFEASIBLE,PrimalInfeasible,0,0,1.1779648358933628
41,41.0,41.0,0.0,a3166060848f911fbbca79622a8a1c2b45c8acb14596f1f6c6fd13720878d374,2000.0,06c1ff17d2ed5eb184b6a9699a3a32da431a1460840431a3effe76d5f03b9ee3,0,False,0.0,0.0,0.0,0.0,0,True,0,0,0,0,,1.0,1,G4_PREDICTIVE_RECOVERY,1,0,0.0,0.0,0.0,0,927734a2339a3f2710640065b0893eaae162cc0144ac67e2f377bcff2e71ae34,M3_FAS_PLUS_DISCRETE_TIME_VERIFICATION,0.004771324749324152,1.4610900319493287,1.4610900319493287,0.0,0,,0.0,1,0,0,0,0,False,0,0.02093429397791624,0.02093429397791624,0.02093429397791624,G4_17_473,9f9fce4d1875b57e7a55c3a9cbf5b5a0c3f8476d84b3deb53c920d9b6322bb1d,1445707906486393351,CERTIFIED_ENDPOINT_LIPSCHITZ_LOWER_BOUND,0,54c035f7834b564019656c3e3fcc3646292f727d,QP_INFEASIBLE,PrimalInfeasible,0,0,1.1739903148263693
41,41.0,41.0,0.0,a3166060848f911fbbca79622a8a1c2b45c8acb14596f1f6c6fd13720878d374,2000.0,06c1ff17d2ed5eb184b6a9699a3a32da431a1460840431a3effe76d5f03b9ee3,0,False,0.0,0.0,0.0,0.0,0,True,0,0,0,0,,1.0,1,G4_PREDICTIVE_RECOVERY,1,0,0.0,0.0,0.0,0,927734a2339a3f2710640065b0893eaae162cc0144ac67e2f377bcff2e71ae34,M4_FULL_FAS_CBF,0.004771324749324152,1.4610900319493287,1.4610900319493287,0.0,0,,0.0,1,0,0,0,0,False,0,0.023654968943446875,0.023654968943446875,0.023654968943446875,G4_17_473,9f9fce4d1875b57e7a55c3a9cbf5b5a0c3f8476d84b3deb53c920d9b6322bb1d,1445707906486393351,CERTIFIED_ENDPOINT_LIPSCHITZ_LOWER_BOUND,0,54c035f7834b564019656c3e3fcc3646292f727d,QP_INFEASIBLE,PrimalInfeasible,0,0,1.1720661979634315
2000,2000.0,2000.0,0.0,a3166060848f911fbbca79622a8a1c2b45c8acb14596f1f6c6fd13720878d374,2000.0,06c1ff17d2ed5eb184b6a9699a3a32da431a1460840431a3effe76d5f03b9ee3,0,False,0.0,0.0,0.0,0.0,0,True,0,0,0,0,,0.0,0,G4_PREDICTIVE_RECOVERY,1,0,0.0,0.0,0.0,0,927734a2339a3f2710640065b0893eaae162cc0144ac67e2f377bcff2e71ae34,M0_SAFER_BASELINE,0.003572386496374695,1.5022063068862372,1.5022063068862372,0.0,0,,0.0,1,0,0,0,0,False,0,0.0,0.0,0.0,G4_18_300,9f9fce4d1875b57e7a55c3a9cbf5b5a0c3f8476d84b3deb53c920d9b6322bb1d,12162326842289526458,CERTIFIED_ENDPOINT_LIPSCHITZ_LOWER_BOUND,0,54c035f7834b564019656c3e3fcc3646292f727d,QP_INFEASIBLE,PrimalInfeasible,0,0,1.166144082089886
2000,2000.0,2000.0,0.0,a3166060848f911fbbca79622a8a1c2b45c8acb14596f1f6c6fd13720878d374,2000.0,06c1ff17d2ed5eb184b6a9699a3a32da431a1460840431a3effe76d5f03b9ee3,0,False,0.0,0.0,0.0,0.0,0,True,0,0,0,0,,0.0,0,G4_PREDICTIVE_RECOVERY,1,0,0.0,0.0,0.0,0,927734a2339a3f2710640065b0893eaae162cc0144ac67e2f377bcff2e71ae34,M1_FAS_START_SAFE_ONLY,0.003572386496374695,1.5022063068862372,1.5022063068862372,0.0,0,,0.0,1,0,0,0,0,False,0,0.021484486060217023,0.021484486060217023,0.021484486060217023,G4_18_300,9f9fce4d1875b57e7a55c3a9cbf5b5a0c3f8476d84b3deb53c920d9b6322bb1d,12162326842289526458,CERTIFIED_ENDPOINT_LIPSCHITZ_LOWER_BOUND,0,54c035f7834b564019656c3e3fcc3646292f727d,QP_INFEASIBLE,PrimalInfeasible,0,0,1.1865678259637207
12,12.0,12.0,0.0,a3166060848f911fbbca79622a8a1c2b45c8acb14596f1f6c6fd13720878d374,2000.0,06c1ff17d2ed5eb184b6a9699a3a32da431a1460840431a3effe76d5f03b9ee3,0,False,0.0,0.0,0.0,0.0,0,True,0,0,0,0,,1.0,1,G4_PREDICTIVE_RECOVERY,1,0,0.0,0.0,0.0,0,927734a2339a3f2710640065b0893eaae162cc0144ac67e2f377bcff2e71ae34,M2_FAS_START_SAFE_PLUS_FEASIBILITY_AWARE,0.003572386496374695,1.5022063068862372,1.5022063068862372,0.0,0,,0.0,1,0,0,0,0,False,0,0.029879061970859766,0.029879061970859766,0.029879061970859766,G4_18_300,9f9fce4d1875b57e7a55c3a9cbf5b5a0c3f8476d84b3deb53c920d9b6322bb1d,12162326842289526458,CERTIFIED_ENDPOINT_LIPSCHITZ_LOWER_BOUND,0,54c035f7834b564019656c3e3fcc3646292f727d,QP_INFEASIBLE,PrimalInfeasible,0,0,1.1855748929083347
12,12.0,12.0,0.0,a3166060848f911fbbca79622a8a1c2b45c8acb14596f1f6c6fd13720878d374,2000.0,06c1ff17d2ed5eb184b6a9699a3a32da431a1460840431a3effe76d5f03b9ee3,0,False,0.0,0.0,0.0,0.0,0,True,0,0,0,0,,1.0,1,G4_PREDICTIVE_RECOVERY,1,0,0.0,0.0,0.0,0,927734a2339a3f2710640065b0893eaae162cc0144ac67e2f377bcff2e71ae34,M3_FAS_PLUS_DISCRETE_TIME_VERIFICATION,0.003572386496374695,1.5022063068862372,1.5022063068862372,0.0,0,,0.0,1,0,0,0,0,False,0,0.02467199182137847,0.02467199182137847,0.02467199182137847,G4_18_300,9f9fce4d1875b57e7a55c3a9cbf5b5a0c3f8476d84b3deb53c920d9b6322bb1d,12162326842289526458,CERTIFIED_ENDPOINT_LIPSCHITZ_LOWER_BOUND,0,54c035f7834b564019656c3e3fcc3646292f727d,QP_INFEASIBLE,PrimalInfeasible,0,0,1.1712729600258172
12,12.0,12.0,0.0,a3166060848f911fbbca79622a8a1c2b45c8acb14596f1f6c6fd13720878d374,2000.0,06c1ff17d2ed5eb184b6a9699a3a32da431a1460840431a3effe76d5f03b9ee3,0,False,0.0,0.0,0.0,0.0,0,True,0,0,0,0,,1.0,1,G4_PREDICTIVE_RECOVERY,1,0,0.0,0.0,0.0,0,927734a2339a3f2710640065b0893eaae162cc0144ac67e2f377bcff2e71ae34,M4_FULL_FAS_CBF,0.003572386496374695,1.5022063068862372,1.5022063068862372,0.0,0,,0.0,1,0,0,0,0,False,0,0.023208088940009475,0.023208088940009475,0.023208088940009475,G4_18_300,9f9fce4d1875b57e7a55c3a9cbf5b5a0c3f8476d84b3deb53c920d9b6322bb1d,12162326842289526458,CERTIFIED_ENDPOINT_LIPSCHITZ_LOWER_BOUND,0,54c035f7834b564019656c3e3fcc3646292f727d,QP_INFEASIBLE,PrimalInfeasible,0,0,1.1732591229956597
2000,2000.0,2000.0,0.0,a3166060848f911fbbca79622a8a1c2b45c8acb14596f1f6c6fd13720878d374,2000.0,06c1ff17d2ed5eb184b6a9699a3a32da431a1460840431a3effe76d5f03b9ee3,0,False,0.0,0.0,0.0,0.0,0,True,0,0,0,0,,0.0,0,G4_PREDICTIVE_RECOVERY,1,0,0.0,0.0,0.0,0,927734a2339a3f2710640065b0893eaae162cc0144ac67e2f377bcff2e71ae34,M0_SAFER_BASELINE,0.004027032923406008,1.561089246462461,1.561089246462461,0.0,0,,0.0,1,0,0,0,0,False,0,0.0,0.0,0.0,G4_19_018,9f9fce4d1875b57e7a55c3a9cbf5b5a0c3f8476d84b3deb53c920d9b6322bb1d,7011217063981759071,CERTIFIED_ENDPOINT_LIPSCHITZ_LOWER_BOUND,0,54c035f7834b564019656c3e3fcc3646292f727d,QP_INFEASIBLE,PrimalInfeasible,0,0,1.178920587990433
2000,2000.0,2000.0,0.0,a3166060848f911fbbca79622a8a1c2b45c8acb14596f1f6c6fd13720878d374,2000.0,06c1ff17d2ed5eb184b6a9699a3a32da431a1460840431a3effe76d5f03b9ee3,0,False,0.0,0.0,0.0,0.0,0,True,0,0,0,0,,0.0,0,G4_PREDICTIVE_RECOVERY,1,0,0.0,0.0,0.0,0,927734a2339a3f2710640065b0893eaae162cc0144ac67e2f377bcff2e71ae34,M1_FAS_START_SAFE_ONLY,0.004027032923406008,1.561089246462461,1.561089246462461,0.0,0,,0.0,1,0,0,0,0,False,0,0.021236429922282696,0.021236429922282696,0.021236429922282696,G4_19_018,9f9fce4d1875b57e7a55c3a9cbf5b5a0c3f8476d84b3deb53c920d9b6322bb1d,7011217063981759071,CERTIFIED_ENDPOINT_LIPSCHITZ_LOWER_BOUND,0,54c035f7834b564019656c3e3fcc3646292f727d,QP_INFEASIBLE,PrimalInfeasible,0,0,1.1904110051691532
217,217.0,217.0,0.0,a3166060848f911fbbca79622a8a1c2b45c8acb14596f1f6c6fd13720878d374,2000.0,06c1ff17d2ed5eb184b6a9699a3a32da431a1460840431a3effe76d5f03b9ee3,0,False,0.0,0.0,0.0,0.0,0,True,0,0,0,0,,1.0,1,G4_PREDICTIVE_RECOVERY,1,0,0.0,0.0,0.0,0,927734a2339a3f2710640065b0893eaae162cc0144ac67e2f377bcff2e71ae34,M2_FAS_START_SAFE_PLUS_FEASIBILITY_AWARE,0.004027032923406008,1.561089246462461,1.561089246462461,0.0,0,,0.0,1,0,0,0,0,False,0,0.021056864876300097,0.021056864876300097,0.021056864876300097,G4_19_018,9f9fce4d1875b57e7a55c3a9cbf5b5a0c3f8476d84b3deb53c920d9b6322bb1d,7011217063981759071,CERTIFIED_ENDPOINT_LIPSCHITZ_LOWER_BOUND,0,54c035f7834b564019656c3e3fcc3646292f727d,QP_INFEASIBLE,PrimalInfeasible,0,0,1.1883776620961726
217,217.0,217.0,0.0,a3166060848f911fbbca79622a8a1c2b45c8acb14596f1f6c6fd13720878d374,2000.0,06c1ff17d2ed5eb184b6a9699a3a32da431a1460840431a3effe76d5f03b9ee3,0,False,0.0,0.0,0.0,0.0,0,True,0,0,0,0,,1.0,1,G4_PREDICTIVE_RECOVERY,1,0,0.0,0.0,0.0,0,927734a2339a3f2710640065b0893eaae162cc0144ac67e2f377bcff2e71ae34,M3_FAS_PLUS_DISCRETE_TIME_VERIFICATION,0.004027032923406008,1.561089246462461,1.561089246462461,0.0,0,,0.0,1,0,0,0,0,False,0,0.020214572083204985,0.020214572083204985,0.020214572083204985,G4_19_018,9f9fce4d1875b57e7a55c3a9cbf5b5a0c3f8476d84b3deb53c920d9b6322bb1d,7011217063981759071,CERTIFIED_ENDPOINT_LIPSCHITZ_LOWER_BOUND,0,54c035f7834b564019656c3e3fcc3646292f727d,QP_INFEASIBLE,PrimalInfeasible,0,0,1.1856926418840885
217,217.0,217.0,0.0,a3166060848f911fbbca79622a8a1c2b45c8acb14596f1f6c6fd13720878d374,2000.0,06c1ff17d2ed5eb184b6a9699a3a32da431a1460840431a3effe76d5f03b9ee3,0,False,0.0,0.0,0.0,0.0,0,True,0,0,0,0,,1.0,1,G4_PREDICTIVE_RECOVERY,1,0,0.0,0.0,0.0,0,927734a2339a3f2710640065b0893eaae162cc0144ac67e2f377bcff2e71ae34,M4_FULL_FAS_CBF,0.004027032923406008,1.561089246462461,1.561089246462461,0.0,0,,0.0,1,0,0,0,0,False,0,0.02373621892184019,0.02373621892184019,0.02373621892184019,G4_19_018,9f9fce4d1875b57e7a55c3a9cbf5b5a0c3f8476d84b3deb53c920d9b6322bb1d,7011217063981759071,CERTIFIED_ENDPOINT_LIPSCHITZ_LOWER_BOUND,0,54c035f7834b564019656c3e3fcc3646292f727d,QP_INFEASIBLE,PrimalInfeasible,0,0,1.1722696078941226
