cohort,group,state_id,position_m,velocity_m_per_s,goal_m,route_id,route_execution_order,route_subset,source_type,route_fraction,velocity_direction_type,velocity_magnitude,surface_clearance_offset_m,surface_tangent_offset_m,represented_primitive_id,physical_start_clearance_m,physical_goal_clearance_m,u_nom,u_filtered,current_status,current_h,endpoint_diagnostic_pass,segment_safe,segment_unsafe,segment_lower_bound,terminal,primary_backup_pass,primary_backup_horizon,b2_status,b3_status,b3_directional_rescue,b3_selected_candidate,directional_slot_states,selection_reference_future_read_count,selection_formal_method_run_count,selection_progress_read_count,selection_runtime_input_count,registry_record_sha256
ACTIVATED,G0,16673c25ede2d2bf022e1f9eec4dd83dbb8d880d94572d25a91ed1ad0cc30e72,"[1.0945530824320724,0.17063033292548943,1.8317443484998848]","[-0.04137636067222549,-0.07774643189419078,0.04736548432396596]","[0.4716522991657257,0.12523484230041504,2.2526073455810547]",8f0977d300d1500f616cbdf672c46986622e84ce42ea1cc643ca7c9344c40789,0,diagnostic,REPRESENTED_SPHERE_SURFACE_NEIGHBOR,0.0,ROUTE_OUTWARD,0.1,-2e-05,-0.0025,936984,0.1344823372554296,0.2942480265571591,"[-0.058623639327774514,-0.022253568105809224,0.05263451567603405]","[-0.05862358730204419,-0.022253572414532713,0.05263451523049366]",FINITE,9.9586890613991e-07,True,True,False,9.9586890613991e-07,False,True,16,,,False,,"[{""slot_index"":1,""candidate_id"":""ALT-01-OUTWARD"",""source"":""TASK_LOCAL_REPRESENTED_MAP_DIRECTIONAL_V1"",""formula"":""u_box(n)"",""availability"":""AVAILABLE"",""acceleration"":[0.037323663810260393,-0.1,0.0014612637776639558],""provenance"":{""query_status"":""FINITE"",""map_input"":""REPRESENTED_GAUSSIAN_SPHERE_ONLY"",""reference_input"":false,""active_primitive_id"":936984,""active_primitive_center"":[1.0499999523162842,0.28999999165534973,1.8300000429153442],""normal_source"":""REPRESENTED_SPHERE_OUTWARD_NORMAL"",""frame_status"":""AVAILABLE""},""duplicate_of"":null},{""slot_index"":2,""candidate_id"":""ALT-02-GOAL-TANGENT"",""source"":""TASK_LOCAL_REPRESENTED_MAP_DIRECTIONAL_V1"",""formula"":""u_box(t_g)"",""availability"":""AVAILABLE"",""acceleration"":[-0.10000000000000002,-0.036226530215496364,0.07508114630186583],""provenance"":{""query_status"":""FINITE"",""map_input"":""REPRESENTED_GAUSSIAN_SPHERE_ONLY"",""reference_input"":false,""active_primitive_id"":936984,""active_primitive_center"":[1.0499999523162842,0.28999999165534973,1.8300000429153442],""normal_source"":""REPRESENTED_SPHERE_OUTWARD_NORMAL"",""frame_status"":""AVAILABLE""},""duplicate_of"":null},{""slot_index"":3,""candidate_id"":""ALT-03-AUX-TANGENT-POS"",""source"":""TASK_LOCAL_REPRESENTED_MAP_DIRECTIONAL_V1"",""formula"":""u_box(t_a)"",""availability"":""AVAILABLE"",""acceleration"":[-0.06567219831788793,-0.02597253429463993,-0.1],""provenance"":{""query_status"":""FINITE"",""map_input"":""REPRESENTED_GAUSSIAN_SPHERE_ONLY"",""reference_input"":false,""active_primitive_id"":936984,""active_primitive_center"":[1.0499999523162842,0.28999999165534973,1.8300000429153442],""normal_source"":""REPRESENTED_SPHERE_OUTWARD_NORMAL"",""frame_status"":""AVAILABLE""},""duplicate_of"":null},{""slot_index"":4,""candidate_id"":""ALT-04-AUX-TANGENT-NEG"",""source"":""TASK_LOCAL_REPRESENTED_MAP_DIRECTIONAL_V1"",""formula"":""u_box(-t_a)"",""availability"":""AVAILABLE"",""acceleration"":[0.06567219831788793,0.02597253429463993,0.1],""provenance"":{""query_status"":""FINITE"",""map_input"":""REPRESENTED_GAUSSIAN_SPHERE_ONLY"",""reference_input"":false,""active_primitive_id"":936984,""active_primitive_center"":[1.0499999523162842,0.28999999165534973,1.8300000429153442],""normal_source"":""REPRESENTED_SPHERE_OUTWARD_NORMAL"",""frame_status"":""AVAILABLE""},""duplicate_of"":null},{""slot_index"":5,""candidate_id"":""ALT-05-BRAKE-BIASED-GOAL-TANGENT"",""source"":""TASK_LOCAL_REPRESENTED_MAP_DIRECTIONAL_V1"",""formula"":""u_box(normalize(project_Hv(b_hat+t_g)))"",""availability"":""AVAILABLE"",""acceleration"":[-0.06377816982611105,0.1,-0.00021653309088030305],""provenance"":{""query_status"":""FINITE"",""map_input"":""REPRESENTED_GAUSSIAN_SPHERE_ONLY"",""reference_input"":false,""active_primitive_id"":936984,""active_primitive_center"":[1.0499999523162842,0.28999999165534973,1.8300000429153442],""normal_source"":""REPRESENTED_SPHERE_OUTWARD_NORMAL"",""frame_status"":""AVAILABLE""},""duplicate_of"":null},{""slot_index"":6,""candidate_id"":""ALT-06-BRAKE-BIASED-OUTWARD"",""source"":""TASK_LOCAL_REPRESENTED_MAP_DIRECTIONAL_V1"",""formula"":""u_box(normalize(project_Hv(b_hat+n)))"",""availability"":""AVAILABLE"",""acceleration"":[0.1,-0.03877412978408614,-0.0608054109145401],""provenance"":{""query_status"":""FINITE"",""map_input"":""REPRESENTED_GAUSSIAN_SPHERE_ONLY"",""reference_input"":false,""active_primitive_id"":936984,""active_primitive_center"":[1.0499999523162842,0.28999999165534973,1.8300000429153442],""normal_source"":""REPRESENTED_SPHERE_OUTWARD_NORMAL"",""frame_status"":""AVAILABLE""},""duplicate_of"":null}]",0,0,0,0,4d5317bc6a8f4de9ceebce39920d3aa0fa90962bbf83f56d454a168f86ce0345
ACTIVATED,G0,1b08529e208b7a95585f65dbd64a2139c0a5a068f61de72ce2ddf12ea248dfa1,"[1.0906789938936645,0.16933120587198472,1.8346259638273408]","[-0.010344090168056373,-0.019436607973547695,0.01184137108099149]","[0.4716522991657257,0.12523484230041504,2.2526073455810547]",8f0977d300d1500f616cbdf672c46986622e84ce42ea1cc643ca7c9344c40789,0,diagnostic,REPRESENTED_SPHERE_SURFACE_NEIGHBOR,0.0,ROUTE_OUTWARD,0.025,-2e-05,0.0025,936984,0.13438973352626057,0.2942480265571591,"[-0.08965590983194363,-0.08056339202645231,0.08815862891900851]","[-0.08965590978107452,-0.08056338905299038,0.0881586289094718]",FINITE,9.9586890613991e-07,True,True,False,9.9586890613991e-07,False,True,5,,,False,,"[{""slot_index"":1,""candidate_id"":""ALT-01-OUTWARD"",""source"":""TASK_LOCAL_REPRESENTED_MAP_DIRECTIONAL_V1"",""formula"":""u_box(n)"",""availability"":""AVAILABLE"",""acceleration"":[0.033711320879958845,-0.1,0.003833568790773606],""provenance"":{""query_status"":""FINITE"",""map_input"":""REPRESENTED_GAUSSIAN_SPHERE_ONLY"",""reference_input"":false,""active_primitive_id"":936984,""active_primitive_center"":[1.0499999523162842,0.28999999165534973,1.8300000429153442],""normal_source"":""REPRESENTED_SPHERE_OUTWARD_NORMAL"",""frame_status"":""AVAILABLE""},""duplicate_of"":null},{""slot_index"":2,""candidate_id"":""ALT-02-GOAL-TANGENT"",""source"":""TASK_LOCAL_REPRESENTED_MAP_DIRECTIONAL_V1"",""formula"":""u_box(t_g)"",""availability"":""AVAILABLE"",""acceleration"":[-0.10000000000000002,-0.030886205761422304,0.0736941287015864],""provenance"":{""query_status"":""FINITE"",""map_input"":""REPRESENTED_GAUSSIAN_SPHERE_ONLY"",""reference_input"":false,""active_primitive_id"":936984,""active_primitive_center"":[1.0499999523162842,0.28999999165534973,1.8300000429153442],""normal_source"":""REPRESENTED_SPHERE_OUTWARD_NORMAL"",""frame_status"":""AVAILABLE""},""duplicate_of"":null},{""slot_index"":3,""candidate_id"":""ALT-03-AUX-TANGENT-POS"",""source"":""TASK_LOCAL_REPRESENTED_MAP_DIRECTIONAL_V1"",""formula"":""u_box(t_a)"",""availability"":""AVAILABLE"",""acceleration"":[-0.06567219831788797,-0.02597253429463976,-0.1],""provenance"":{""query_status"":""FINITE"",""map_input"":""REPRESENTED_GAUSSIAN_SPHERE_ONLY"",""reference_input"":false,""active_primitive_id"":936984,""active_primitive_center"":[1.0499999523162842,0.28999999165534973,1.8300000429153442],""normal_source"":""REPRESENTED_SPHERE_OUTWARD_NORMAL"",""frame_status"":""AVAILABLE""},""duplicate_of"":null},{""slot_index"":4,""candidate_id"":""ALT-04-AUX-TANGENT-NEG"",""source"":""TASK_LOCAL_REPRESENTED_MAP_DIRECTIONAL_V1"",""formula"":""u_box(-t_a)"",""availability"":""AVAILABLE"",""acceleration"":[0.06567219831788797,0.02597253429463976,0.1],""provenance"":{""query_status"":""FINITE"",""map_input"":""REPRESENTED_GAUSSIAN_SPHERE_ONLY"",""reference_input"":false,""active_primitive_id"":936984,""active_primitive_center"":[1.0499999523162842,0.28999999165534973,1.8300000429153442],""normal_source"":""REPRESENTED_SPHERE_OUTWARD_NORMAL"",""frame_status"":""AVAILABLE""},""duplicate_of"":null},{""slot_index"":5,""candidate_id"":""ALT-05-BRAKE-BIASED-GOAL-TANGENT"",""source"":""TASK_LOCAL_REPRESENTED_MAP_DIRECTIONAL_V1"",""formula"":""u_box(normalize(project_Hv(b_hat+t_g)))"",""availability"":""AVAILABLE"",""acceleration"":[-0.060668501976254334,0.1,-0.0004846293379734313],""provenance"":{""query_status"":""FINITE"",""map_input"":""REPRESENTED_GAUSSIAN_SPHERE_ONLY"",""reference_input"":false,""active_primitive_id"":936984,""active_primitive_center"":[1.0499999523162842,0.28999999165534973,1.8300000429153442],""normal_source"":""REPRESENTED_SPHERE_OUTWARD_NORMAL"",""frame_status"":""AVAILABLE""},""duplicate_of"":null},{""slot_index"":6,""candidate_id"":""ALT-06-BRAKE-BIASED-OUTWARD"",""source"":""TASK_LOCAL_REPRESENTED_MAP_DIRECTIONAL_V1"",""formula"":""u_box(normalize(project_Hv(b_hat+n)))"",""availability"":""AVAILABLE"",""acceleration"":[0.1,-0.041226052919062214,-0.06034504378100162],""provenance"":{""query_status"":""FINITE"",""map_input"":""REPRESENTED_GAUSSIAN_SPHERE_ONLY"",""reference_input"":false,""active_primitive_id"":936984,""active_primitive_center"":[1.0499999523162842,0.28999999165534973,1.8300000429153442],""normal_source"":""REPRESENTED_SPHERE_OUTWARD_NORMAL"",""frame_status"":""AVAILABLE""},""duplicate_of"":null}]",0,0,0,0,5bd12ee4c2d171ff86d9956e7bbd28ba7fe588741803f956efa4717f1f7a9917
ACTIVATED,G0,268bfa7aff7902e7c03489a2ef13d2cd844a637d02376c677b5405b93fd40600,"[1.0906789938936645,0.16933120587198472,1.8346259638273408]","[0.008362620865190141,-0.02355155881467443,0.0006250197309028147]","[0.4716522991657257,0.12523484230041504,2.2526073455810547]",8f0977d300d1500f616cbdf672c46986622e84ce42ea1cc643ca7c9344c40789,0,diagnostic,REPRESENTED_SPHERE_SURFACE_NEIGHBOR,0.0,OUTWARD_NORMAL,0.025,-2e-05,0.0025,936984,0.13438973352626057,0.2942480265571591,"[-0.1,-0.07644844118532558,0.09937498026909719]","[-0.0999535702200946,-0.07644839682276586,0.09937451448189359]",FINITE,9.9586890613991e-07,True,True,False,9.9586890613991e-07,False,True,6,,,False,,"[{""slot_index"":1,""candidate_id"":""ALT-01-OUTWARD"",""source"":""TASK_LOCAL_REPRESENTED_MAP_DIRECTIONAL_V1"",""formula"":""u_box(n)"",""availability"":""AVAILABLE"",""acceleration"":[0.033711320879958845,-0.1,0.003833568790773606],""provenance"":{""query_status"":""FINITE"",""map_input"":""REPRESENTED_GAUSSIAN_SPHERE_ONLY"",""reference_input"":false,""active_primitive_id"":936984,""active_primitive_center"":[1.0499999523162842,0.28999999165534973,1.8300000429153442],""normal_source"":""REPRESENTED_SPHERE_OUTWARD_NORMAL"",""frame_status"":""AVAILABLE""},""duplicate_of"":null},{""slot_index"":2,""candidate_id"":""ALT-02-GOAL-TANGENT"",""source"":""TASK_LOCAL_REPRESENTED_MAP_DIRECTIONAL_V1"",""formula"":""u_box(t_g)"",""availability"":""AVAILABLE"",""acceleration"":[-0.10000000000000002,-0.030886205761422304,0.0736941287015864],""provenance"":{""query_status"":""FINITE"",""map_input"":""REPRESENTED_GAUSSIAN_SPHERE_ONLY"",""reference_input"":false,""active_primitive_id"":936984,""active_primitive_center"":[1.0499999523162842,0.28999999165534973,1.8300000429153442],""normal_source"":""REPRESENTED_SPHERE_OUTWARD_NORMAL"",""frame_status"":""AVAILABLE""},""duplicate_of"":null},{""slot_index"":3,""candidate_id"":""ALT-03-AUX-TANGENT-POS"",""source"":""TASK_LOCAL_REPRESENTED_MAP_DIRECTIONAL_V1"",""formula"":""u_box(t_a)"",""availability"":""AVAILABLE"",""acceleration"":[-0.06567219831788797,-0.02597253429463976,-0.1],""provenance"":{""query_status"":""FINITE"",""map_input"":""REPRESENTED_GAUSSIAN_SPHERE_ONLY"",""reference_input"":false,""active_primitive_id"":936984,""active_primitive_center"":[1.0499999523162842,0.28999999165534973,1.8300000429153442],""normal_source"":""REPRESENTED_SPHERE_OUTWARD_NORMAL"",""frame_status"":""AVAILABLE""},""duplicate_of"":null},{""slot_index"":4,""candidate_id"":""ALT-04-AUX-TANGENT-NEG"",""source"":""TASK_LOCAL_REPRESENTED_MAP_DIRECTIONAL_V1"",""formula"":""u_box(-t_a)"",""availability"":""AVAILABLE"",""acceleration"":[0.06567219831788797,0.02597253429463976,0.1],""provenance"":{""query_status"":""FINITE"",""map_input"":""REPRESENTED_GAUSSIAN_SPHERE_ONLY"",""reference_input"":false,""active_primitive_id"":936984,""active_primitive_center"":[1.0499999523162842,0.28999999165534973,1.8300000429153442],""normal_source"":""REPRESENTED_SPHERE_OUTWARD_NORMAL"",""frame_status"":""AVAILABLE""},""duplicate_of"":null},{""slot_index"":5,""candidate_id"":""ALT-05-BRAKE-BIASED-GOAL-TANGENT"",""source"":""TASK_LOCAL_REPRESENTED_MAP_DIRECTIONAL_V1"",""formula"":""u_box(normalize(project_Hv(b_hat+t_g)))"",""availability"":""AVAILABLE"",""acceleration"":[-0.1,0.031170594716470077,0.032826901289676254],""provenance"":{""query_status"":""FINITE"",""map_input"":""REPRESENTED_GAUSSIAN_SPHERE_ONLY"",""reference_input"":false,""active_primitive_id"":936984,""active_primitive_center"":[1.0499999523162842,0.28999999165534973,1.8300000429153442],""normal_source"":""REPRESENTED_SPHERE_OUTWARD_NORMAL"",""frame_status"":""AVAILABLE""},""duplicate_of"":null},{""slot_index"":6,""candidate_id"":""ALT-06-BRAKE-BIASED-OUTWARD"",""source"":""TASK_LOCAL_REPRESENTED_MAP_DIRECTIONAL_V1"",""formula"":""u_box(normalize(project_Hv(b_hat+n)))"",""availability"":""AVAILABLE"",""acceleration"":[-0.1,-0.03585182237202874,-0.012966337362461737],""provenance"":{""query_status"":""FINITE"",""map_input"":""REPRESENTED_GAUSSIAN_SPHERE_ONLY"",""reference_input"":false,""active_primitive_id"":936984,""active_primitive_center"":[1.0499999523162842,0.28999999165534973,1.8300000429153442],""normal_source"":""REPRESENTED_SPHERE_OUTWARD_NORMAL"",""frame_status"":""AVAILABLE""},""duplicate_of"":null}]",0,0,0,0,3eec013f0f90a3eec273aa05ffbb2f8faf153d4d2d7b6a75be98f1bc96544e3d
ACTIVATED,G0,27516cd9f03702e7e24f3433449198d5bd7f637a2b86a8733264955cfeaf1715,"[1.0906789938936645,0.16933120587198472,1.8346259638273408]","[-0.031032270504169113,-0.058309823920643086,0.03552411324297446]","[0.4716522991657257,0.12523484230041504,2.2526073455810547]",8f0977d300d1500f616cbdf672c46986622e84ce42ea1cc643ca7c9344c40789,0,diagnostic,REPRESENTED_SPHERE_SURFACE_NEIGHBOR,0.0,ROUTE_OUTWARD,0.075,-2e-05,0.0025,936984,0.13438973352626057,0.2942480265571591,"[-0.0689677294958309,-0.04169017607935692,0.06447588675702554]","[-0.068967727205815,-0.04169017623876761,0.06447588672748432]",FINITE,9.9586890613991e-07,True,True,False,9.9586890613991e-07,False,True,13,,,False,,"[{""slot_index"":1,""candidate_id"":""ALT-01-OUTWARD"",""source"":""TASK_LOCAL_REPRESENTED_MAP_DIRECTIONAL_V1"",""formula"":""u_box(n)"",""availability"":""AVAILABLE"",""acceleration"":[0.033711320879958845,-0.1,0.003833568790773606],""provenance"":{""query_status"":""FINITE"",""map_input"":""REPRESENTED_GAUSSIAN_SPHERE_ONLY"",""reference_input"":false,""active_primitive_id"":936984,""active_primitive_center"":[1.0499999523162842,0.28999999165534973,1.8300000429153442],""normal_source"":""REPRESENTED_SPHERE_OUTWARD_NORMAL"",""frame_status"":""AVAILABLE""},""duplicate_of"":null},{""slot_index"":2,""candidate_id"":""ALT-02-GOAL-TANGENT"",""source"":""TASK_LOCAL_REPRESENTED_MAP_DIRECTIONAL_V1"",""formula"":""u_box(t_g)"",""availability"":""AVAILABLE"",""acceleration"":[-0.10000000000000002,-0.030886205761422304,0.0736941287015864],""provenance"":{""query_status"":""FINITE"",""map_input"":""REPRESENTED_GAUSSIAN_SPHERE_ONLY"",""reference_input"":false,""active_primitive_id"":936984,""active_primitive_center"":[1.0499999523162842,0.28999999165534973,1.8300000429153442],""normal_source"":""REPRESENTED_SPHERE_OUTWARD_NORMAL"",""frame_status"":""AVAILABLE""},""duplicate_of"":null},{""slot_index"":3,""candidate_id"":""ALT-03-AUX-TANGENT-POS"",""source"":""TASK_LOCAL_REPRESENTED_MAP_DIRECTIONAL_V1"",""formula"":""u_box(t_a)"",""availability"":""AVAILABLE"",""acceleration"":[-0.06567219831788797,-0.02597253429463976,-0.1],""provenance"":{""query_status"":""FINITE"",""map_input"":""REPRESENTED_GAUSSIAN_SPHERE_ONLY"",""reference_input"":false,""active_primitive_id"":936984,""active_primitive_center"":[1.0499999523162842,0.28999999165534973,1.8300000429153442],""normal_source"":""REPRESENTED_SPHERE_OUTWARD_NORMAL"",""frame_status"":""AVAILABLE""},""duplicate_of"":null},{""slot_index"":4,""candidate_id"":""ALT-04-AUX-TANGENT-NEG"",""source"":""TASK_LOCAL_REPRESENTED_MAP_DIRECTIONAL_V1"",""formula"":""u_box(-t_a)"",""availability"":""AVAILABLE"",""acceleration"":[0.06567219831788797,0.02597253429463976,0.1],""provenance"":{""query_status"":""FINITE"",""map_input"":""REPRESENTED_GAUSSIAN_SPHERE_ONLY"",""reference_input"":false,""active_primitive_id"":936984,""active_primitive_center"":[1.0499999523162842,0.28999999165534973,1.8300000429153442],""normal_source"":""REPRESENTED_SPHERE_OUTWARD_NORMAL"",""frame_status"":""AVAILABLE""},""duplicate_of"":null},{""slot_index"":5,""candidate_id"":""ALT-05-BRAKE-BIASED-GOAL-TANGENT"",""source"":""TASK_LOCAL_REPRESENTED_MAP_DIRECTIONAL_V1"",""formula"":""u_box(normalize(project_Hv(b_hat+t_g)))"",""availability"":""AVAILABLE"",""acceleration"":[-0.060668501976254334,0.1,-0.0004846293379734313],""provenance"":{""query_status"":""FINITE"",""map_input"":""REPRESENTED_GAUSSIAN_SPHERE_ONLY"",""reference_input"":false,""active_primitive_id"":936984,""active_primitive_center"":[1.0499999523162842,0.28999999165534973,1.8300000429153442],""normal_source"":""REPRESENTED_SPHERE_OUTWARD_NORMAL"",""frame_status"":""AVAILABLE""},""duplicate_of"":null},{""slot_index"":6,""candidate_id"":""ALT-06-BRAKE-BIASED-OUTWARD"",""source"":""TASK_LOCAL_REPRESENTED_MAP_DIRECTIONAL_V1"",""formula"":""u_box(normalize(project_Hv(b_hat+n)))"",""availability"":""AVAILABLE"",""acceleration"":[0.1,-0.041226052919062214,-0.06034504378100162],""provenance"":{""query_status"":""FINITE"",""map_input"":""REPRESENTED_GAUSSIAN_SPHERE_ONLY"",""reference_input"":false,""active_primitive_id"":936984,""active_primitive_center"":[1.0499999523162842,0.28999999165534973,1.8300000429153442],""normal_source"":""REPRESENTED_SPHERE_OUTWARD_NORMAL"",""frame_status"":""AVAILABLE""},""duplicate_of"":null}]",0,0,0,0,067655e36151dc46be80a88b6cced7e6b0d626f869d96cc350fa5e3c2f52881c
ACTIVATED,G0,2af4f2a33860b33a6132bc23e926b8743956994fd88327e2bb5a7a918d4ccfdb,"[1.0945530824320724,0.17063033292548943,1.8317443484998848]","[0.016725241730380282,-0.04710311762934886,0.0012500394618056294]","[0.4716522991657257,0.12523484230041504,2.2526073455810547]",8f0977d300d1500f616cbdf672c46986622e84ce42ea1cc643ca7c9344c40789,0,diagnostic,REPRESENTED_SPHERE_SURFACE_NEIGHBOR,0.0,OUTWARD_NORMAL,0.05,-2e-05,-0.0025,936984,0.1344823372554296,0.2942480265571591,"[-0.1,-0.05289688237065115,0.09874996053819438]","[-0.09993384642880351,-0.05289687391723733,0.0987492170939113]",FINITE,9.9586890613991e-07,True,True,False,9.9586890613991e-07,False,True,10,,,False,,"[{""slot_index"":1,""candidate_id"":""ALT-01-OUTWARD"",""source"":""TASK_LOCAL_REPRESENTED_MAP_DIRECTIONAL_V1"",""formula"":""u_box(n)"",""availability"":""AVAILABLE"",""acceleration"":[0.037323663810260393,-0.1,0.0014612637776639558],""provenance"":{""query_status"":""FINITE"",""map_input"":""REPRESENTED_GAUSSIAN_SPHERE_ONLY"",""reference_input"":false,""active_primitive_id"":936984,""active_primitive_center"":[1.0499999523162842,0.28999999165534973,1.8300000429153442],""normal_source"":""REPRESENTED_SPHERE_OUTWARD_NORMAL"",""frame_status"":""AVAILABLE""},""duplicate_of"":null},{""slot_index"":2,""candidate_id"":""ALT-02-GOAL-TANGENT"",""source"":""TASK_LOCAL_REPRESENTED_MAP_DIRECTIONAL_V1"",""formula"":""u_box(t_g)"",""availability"":""AVAILABLE"",""acceleration"":[-0.10000000000000002,-0.036226530215496364,0.07508114630186583],""provenance"":{""query_status"":""FINITE"",""map_input"":""REPRESENTED_GAUSSIAN_SPHERE_ONLY"",""reference_input"":false,""active_primitive_id"":936984,""active_primitive_center"":[1.0499999523162842,0.28999999165534973,1.8300000429153442],""normal_source"":""REPRESENTED_SPHERE_OUTWARD_NORMAL"",""frame_status"":""AVAILABLE""},""duplicate_of"":null},{""slot_index"":3,""candidate_id"":""ALT-03-AUX-TANGENT-POS"",""source"":""TASK_LOCAL_REPRESENTED_MAP_DIRECTIONAL_V1"",""formula"":""u_box(t_a)"",""availability"":""AVAILABLE"",""acceleration"":[-0.06567219831788793,-0.02597253429463993,-0.1],""provenance"":{""query_status"":""FINITE"",""map_input"":""REPRESENTED_GAUSSIAN_SPHERE_ONLY"",""reference_input"":false,""active_primitive_id"":936984,""active_primitive_center"":[1.0499999523162842,0.28999999165534973,1.8300000429153442],""normal_source"":""REPRESENTED_SPHERE_OUTWARD_NORMAL"",""frame_status"":""AVAILABLE""},""duplicate_of"":null},{""slot_index"":4,""candidate_id"":""ALT-04-AUX-TANGENT-NEG"",""source"":""TASK_LOCAL_REPRESENTED_MAP_DIRECTIONAL_V1"",""formula"":""u_box(-t_a)"",""availability"":""AVAILABLE"",""acceleration"":[0.06567219831788793,0.02597253429463993,0.1],""provenance"":{""query_status"":""FINITE"",""map_input"":""REPRESENTED_GAUSSIAN_SPHERE_ONLY"",""reference_input"":false,""active_primitive_id"":936984,""active_primitive_center"":[1.0499999523162842,0.28999999165534973,1.8300000429153442],""normal_source"":""REPRESENTED_SPHERE_OUTWARD_NORMAL"",""frame_status"":""AVAILABLE""},""duplicate_of"":null},{""slot_index"":5,""candidate_id"":""ALT-05-BRAKE-BIASED-GOAL-TANGENT"",""source"":""TASK_LOCAL_REPRESENTED_MAP_DIRECTIONAL_V1"",""formula"":""u_box(normalize(project_Hv(b_hat+t_g)))"",""availability"":""AVAILABLE"",""acceleration"":[-0.1,0.028547349280528315,0.027493534534826274],""provenance"":{""query_status"":""FINITE"",""map_input"":""REPRESENTED_GAUSSIAN_SPHERE_ONLY"",""reference_input"":false,""active_primitive_id"":936984,""active_primitive_center"":[1.0499999523162842,0.28999999165534973,1.8300000429153442],""normal_source"":""REPRESENTED_SPHERE_OUTWARD_NORMAL"",""frame_status"":""AVAILABLE""},""duplicate_of"":null},{""slot_index"":6,""candidate_id"":""ALT-06-BRAKE-BIASED-OUTWARD"",""source"":""TASK_LOCAL_REPRESENTED_MAP_DIRECTIONAL_V1"",""formula"":""u_box(normalize(project_Hv(b_hat+n)))"",""availability"":""AVAILABLE"",""acceleration"":[-0.1,-0.03663958291471237,-0.042650182264597214],""provenance"":{""query_status"":""FINITE"",""map_input"":""REPRESENTED_GAUSSIAN_SPHERE_ONLY"",""reference_input"":false,""active_primitive_id"":936984,""active_primitive_center"":[1.0499999523162842,0.28999999165534973,1.8300000429153442],""normal_source"":""REPRESENTED_SPHERE_OUTWARD_NORMAL"",""frame_status"":""AVAILABLE""},""duplicate_of"":null}]",0,0,0,0,6ca4b3ff5100b5e12e141f3c5be313ce68b4915996a81e7bf7a1054d64f12ca5
ACTIVATED,G0,32f4caf77583594bc044ae2fe8b8b401a09dde6f0221d49bd7245dbee47e498c,"[1.0945530824320724,0.17063033292548943,1.8317443484998848]","[0.0,-0.025,0.0]","[0.4716522991657257,0.12523484230041504,2.2526073455810547]",8f0977d300d1500f616cbdf672c46986622e84ce42ea1cc643ca7c9344c40789,0,diagnostic,REPRESENTED_SPHERE_SURFACE_NEIGHBOR,0.0,AXIS_Y_NEG,0.025,-2e-05,-0.0025,936984,0.1344823372554296,0.2942480265571591,"[-0.1,-0.07500000000000001,0.1]","[-0.09996404171019467,-0.0749999471633601,0.0999560036773134]",FINITE,9.9586890613991e-07,True,True,False,9.9586890613991e-07,False,True,6,,,False,,"[{""slot_index"":1,""candidate_id"":""ALT-01-OUTWARD"",""source"":""TASK_LOCAL_REPRESENTED_MAP_DIRECTIONAL_V1"",""formula"":""u_box(n)"",""availability"":""AVAILABLE"",""acceleration"":[0.037323663810260393,-0.1,0.0014612637776639558],""provenance"":{""query_status"":""FINITE"",""map_input"":""REPRESENTED_GAUSSIAN_SPHERE_ONLY"",""reference_input"":false,""active_primitive_id"":936984,""active_primitive_center"":[1.0499999523162842,0.28999999165534973,1.8300000429153442],""normal_source"":""REPRESENTED_SPHERE_OUTWARD_NORMAL"",""frame_status"":""AVAILABLE""},""duplicate_of"":null},{""slot_index"":2,""candidate_id"":""ALT-02-GOAL-TANGENT"",""source"":""TASK_LOCAL_REPRESENTED_MAP_DIRECTIONAL_V1"",""formula"":""u_box(t_g)"",""availability"":""AVAILABLE"",""acceleration"":[-0.10000000000000002,-0.036226530215496364,0.07508114630186583],""provenance"":{""query_status"":""FINITE"",""map_input"":""REPRESENTED_GAUSSIAN_SPHERE_ONLY"",""reference_input"":false,""active_primitive_id"":936984,""active_primitive_center"":[1.0499999523162842,0.28999999165534973,1.8300000429153442],""normal_source"":""REPRESENTED_SPHERE_OUTWARD_NORMAL"",""frame_status"":""AVAILABLE""},""duplicate_of"":null},{""slot_index"":3,""candidate_id"":""ALT-03-AUX-TANGENT-POS"",""source"":""TASK_LOCAL_REPRESENTED_MAP_DIRECTIONAL_V1"",""formula"":""u_box(t_a)"",""availability"":""AVAILABLE"",""acceleration"":[-0.06567219831788793,-0.02597253429463993,-0.1],""provenance"":{""query_status"":""FINITE"",""map_input"":""REPRESENTED_GAUSSIAN_SPHERE_ONLY"",""reference_input"":false,""active_primitive_id"":936984,""active_primitive_center"":[1.0499999523162842,0.28999999165534973,1.8300000429153442],""normal_source"":""REPRESENTED_SPHERE_OUTWARD_NORMAL"",""frame_status"":""AVAILABLE""},""duplicate_of"":null},{""slot_index"":4,""candidate_id"":""ALT-04-AUX-TANGENT-NEG"",""source"":""TASK_LOCAL_REPRESENTED_MAP_DIRECTIONAL_V1"",""formula"":""u_box(-t_a)"",""availability"":""AVAILABLE"",""acceleration"":[0.06567219831788793,0.02597253429463993,0.1],""provenance"":{""query_status"":""FINITE"",""map_input"":""REPRESENTED_GAUSSIAN_SPHERE_ONLY"",""reference_input"":false,""active_primitive_id"":936984,""active_primitive_center"":[1.0499999523162842,0.28999999165534973,1.8300000429153442],""normal_source"":""REPRESENTED_SPHERE_OUTWARD_NORMAL"",""frame_status"":""AVAILABLE""},""duplicate_of"":null},{""slot_index"":5,""candidate_id"":""ALT-05-BRAKE-BIASED-GOAL-TANGENT"",""source"":""TASK_LOCAL_REPRESENTED_MAP_DIRECTIONAL_V1"",""formula"":""u_box(normalize(project_Hv(b_hat+t_g)))"",""availability"":""AVAILABLE"",""acceleration"":[-0.1,0.09396386889848,0.07508114630186583],""provenance"":{""query_status"":""FINITE"",""map_input"":""REPRESENTED_GAUSSIAN_SPHERE_ONLY"",""reference_input"":false,""active_primitive_id"":936984,""active_primitive_center"":[1.0499999523162842,0.28999999165534973,1.8300000429153442],""normal_source"":""REPRESENTED_SPHERE_OUTWARD_NORMAL"",""frame_status"":""AVAILABLE""},""duplicate_of"":null},{""slot_index"":6,""candidate_id"":""ALT-06-BRAKE-BIASED-OUTWARD"",""source"":""TASK_LOCAL_REPRESENTED_MAP_DIRECTIONAL_V1"",""formula"":""u_box(normalize(project_Hv(b_hat+n)))"",""availability"":""AVAILABLE"",""acceleration"":[0.1,0.01808038133434561,0.003915113438735481],""provenance"":{""query_status"":""FINITE"",""map_input"":""REPRESENTED_GAUSSIAN_SPHERE_ONLY"",""reference_input"":false,""active_primitive_id"":936984,""active_primitive_center"":[1.0499999523162842,0.28999999165534973,1.8300000429153442],""normal_source"":""REPRESENTED_SPHERE_OUTWARD_NORMAL"",""frame_status"":""AVAILABLE""},""duplicate_of"":null}]",0,0,0,0,35904d0574d2d8c801591906976d7854bf90e18f84413aa3685dad23c981f1f2
ACTIVATED,G0,3c75d7c13ee7223b0cb69a33268c796fb521a713545c13849f4836c0cbe1ef9c,"[1.0945530824320724,0.17063033292548943,1.8317443484998848]","[0.0,0.0,0.05]","[0.4716522991657257,0.12523484230041504,2.2526073455810547]",8f0977d300d1500f616cbdf672c46986622e84ce42ea1cc643ca7c9344c40789,0,diagnostic,REPRESENTED_SPHERE_SURFACE_NEIGHBOR,0.0,AXIS_Z_POS,0.05,-2e-05,-0.0025,936984,0.1344823372554296,0.2942480265571591,"[-0.1,-0.1,0.05]","[-0.09999757050972242,-0.09997187681104903,0.04999999604394382]",FINITE,9.9586890613991e-07,True,True,False,9.9586890613991e-07,False,True,11,,,False,,"[{""slot_index"":1,""candidate_id"":""ALT-01-OUTWARD"",""source"":""TASK_LOCAL_REPRESENTED_MAP_DIRECTIONAL_V1"",""formula"":""u_box(n)"",""availability"":""AVAILABLE"",""acceleration"":[0.037323663810260393,-0.1,0.0014612637776639558],""provenance"":{""query_status"":""FINITE"",""map_input"":""REPRESENTED_GAUSSIAN_SPHERE_ONLY"",""reference_input"":false,""active_primitive_id"":936984,""active_primitive_center"":[1.0499999523162842,0.28999999165534973,1.8300000429153442],""normal_source"":""REPRESENTED_SPHERE_OUTWARD_NORMAL"",""frame_status"":""AVAILABLE""},""duplicate_of"":null},{""slot_index"":2,""candidate_id"":""ALT-02-GOAL-TANGENT"",""source"":""TASK_LOCAL_REPRESENTED_MAP_DIRECTIONAL_V1"",""formula"":""u_box(t_g)"",""availability"":""AVAILABLE"",""acceleration"":[-0.10000000000000002,-0.036226530215496364,0.07508114630186583],""provenance"":{""query_status"":""FINITE"",""map_input"":""REPRESENTED_GAUSSIAN_SPHERE_ONLY"",""reference_input"":false,""active_primitive_id"":936984,""active_primitive_center"":[1.0499999523162842,0.28999999165534973,1.8300000429153442],""normal_source"":""REPRESENTED_SPHERE_OUTWARD_NORMAL"",""frame_status"":""AVAILABLE""},""duplicate_of"":null},{""slot_index"":3,""candidate_id"":""ALT-03-AUX-TANGENT-POS"",""source"":""TASK_LOCAL_REPRESENTED_MAP_DIRECTIONAL_V1"",""formula"":""u_box(t_a)"",""availability"":""AVAILABLE"",""acceleration"":[-0.06567219831788793,-0.02597253429463993,-0.1],""provenance"":{""query_status"":""FINITE"",""map_input"":""REPRESENTED_GAUSSIAN_SPHERE_ONLY"",""reference_input"":false,""active_primitive_id"":936984,""active_primitive_center"":[1.0499999523162842,0.28999999165534973,1.8300000429153442],""normal_source"":""REPRESENTED_SPHERE_OUTWARD_NORMAL"",""frame_status"":""AVAILABLE""},""duplicate_of"":null},{""slot_index"":4,""candidate_id"":""ALT-04-AUX-TANGENT-NEG"",""source"":""TASK_LOCAL_REPRESENTED_MAP_DIRECTIONAL_V1"",""formula"":""u_box(-t_a)"",""availability"":""AVAILABLE"",""acceleration"":[0.06567219831788793,0.02597253429463993,0.1],""provenance"":{""query_status"":""FINITE"",""map_input"":""REPRESENTED_GAUSSIAN_SPHERE_ONLY"",""reference_input"":false,""active_primitive_id"":936984,""active_primitive_center"":[1.0499999523162842,0.28999999165534973,1.8300000429153442],""normal_source"":""REPRESENTED_SPHERE_OUTWARD_NORMAL"",""frame_status"":""AVAILABLE""},""duplicate_of"":null},{""slot_index"":5,""candidate_id"":""ALT-05-BRAKE-BIASED-GOAL-TANGENT"",""source"":""TASK_LOCAL_REPRESENTED_MAP_DIRECTIONAL_V1"",""formula"":""u_box(normalize(project_Hv(b_hat+t_g)))"",""availability"":""AVAILABLE"",""acceleration"":[-0.1,-0.036226530215496364,-0.055109252812110536],""provenance"":{""query_status"":""FINITE"",""map_input"":""REPRESENTED_GAUSSIAN_SPHERE_ONLY"",""reference_input"":false,""active_primitive_id"":936984,""active_primitive_center"":[1.0499999523162842,0.28999999165534973,1.8300000429153442],""normal_source"":""REPRESENTED_SPHERE_OUTWARD_NORMAL"",""frame_status"":""AVAILABLE""},""duplicate_of"":null},{""slot_index"":6,""candidate_id"":""ALT-06-BRAKE-BIASED-OUTWARD"",""source"":""TASK_LOCAL_REPRESENTED_MAP_DIRECTIONAL_V1"",""formula"":""u_box(normalize(project_Hv(b_hat+n)))"",""availability"":""AVAILABLE"",""acceleration"":[0.03544945234015441,-0.0949784901084905,-0.09999999999999999],""provenance"":{""query_status"":""FINITE"",""map_input"":""REPRESENTED_GAUSSIAN_SPHERE_ONLY"",""reference_input"":false,""active_primitive_id"":936984,""active_primitive_center"":[1.0499999523162842,0.28999999165534973,1.8300000429153442],""normal_source"":""REPRESENTED_SPHERE_OUTWARD_NORMAL"",""frame_status"":""AVAILABLE""},""duplicate_of"":null}]",0,0,0,0,2ddc684727fc8663cc2a17da807778da2b63faefb0d96e9c8c4b315a5f66bde2
ACTIVATED,G0,3e4db02c9f634aaf69d33ddd33cbaa76acad1e73ffda432a23a30547cae8792c,"[1.0945530824320724,0.17063033292548943,1.8317443484998848]","[0.0,-0.05,0.0]","[0.4716522991657257,0.12523484230041504,2.2526073455810547]",8f0977d300d1500f616cbdf672c46986622e84ce42ea1cc643ca7c9344c40789,0,diagnostic,REPRESENTED_SPHERE_SURFACE_NEIGHBOR,0.0,AXIS_Y_NEG,0.05,-2e-05,-0.0025,936984,0.1344823372554296,0.2942480265571591,"[-0.1,-0.05,0.1]","[-0.09997304792213843,-0.049999999847001715,0.09997299419191585]",FINITE,9.9586890613991e-07,True,True,False,9.9586890613991e-07,False,True,11,,,False,,"[{""slot_index"":1,""candidate_id"":""ALT-01-OUTWARD"",""source"":""TASK_LOCAL_REPRESENTED_MAP_DIRECTIONAL_V1"",""formula"":""u_box(n)"",""availability"":""AVAILABLE"",""acceleration"":[0.037323663810260393,-0.1,0.0014612637776639558],""provenance"":{""query_status"":""FINITE"",""map_input"":""REPRESENTED_GAUSSIAN_SPHERE_ONLY"",""reference_input"":false,""active_primitive_id"":936984,""active_primitive_center"":[1.0499999523162842,0.28999999165534973,1.8300000429153442],""normal_source"":""REPRESENTED_SPHERE_OUTWARD_NORMAL"",""frame_status"":""AVAILABLE""},""duplicate_of"":null},{""slot_index"":2,""candidate_id"":""ALT-02-GOAL-TANGENT"",""source"":""TASK_LOCAL_REPRESENTED_MAP_DIRECTIONAL_V1"",""formula"":""u_box(t_g)"",""availability"":""AVAILABLE"",""acceleration"":[-0.10000000000000002,-0.036226530215496364,0.07508114630186583],""provenance"":{""query_status"":""FINITE"",""map_input"":""REPRESENTED_GAUSSIAN_SPHERE_ONLY"",""reference_input"":false,""active_primitive_id"":936984,""active_primitive_center"":[1.0499999523162842,0.28999999165534973,1.8300000429153442],""normal_source"":""REPRESENTED_SPHERE_OUTWARD_NORMAL"",""frame_status"":""AVAILABLE""},""duplicate_of"":null},{""slot_index"":3,""candidate_id"":""ALT-03-AUX-TANGENT-POS"",""source"":""TASK_LOCAL_REPRESENTED_MAP_DIRECTIONAL_V1"",""formula"":""u_box(t_a)"",""availability"":""AVAILABLE"",""acceleration"":[-0.06567219831788793,-0.02597253429463993,-0.1],""provenance"":{""query_status"":""FINITE"",""map_input"":""REPRESENTED_GAUSSIAN_SPHERE_ONLY"",""reference_input"":false,""active_primitive_id"":936984,""active_primitive_center"":[1.0499999523162842,0.28999999165534973,1.8300000429153442],""normal_source"":""REPRESENTED_SPHERE_OUTWARD_NORMAL"",""frame_status"":""AVAILABLE""},""duplicate_of"":null},{""slot_index"":4,""candidate_id"":""ALT-04-AUX-TANGENT-NEG"",""source"":""TASK_LOCAL_REPRESENTED_MAP_DIRECTIONAL_V1"",""formula"":""u_box(-t_a)"",""availability"":""AVAILABLE"",""acceleration"":[0.06567219831788793,0.02597253429463993,0.1],""provenance"":{""query_status"":""FINITE"",""map_input"":""REPRESENTED_GAUSSIAN_SPHERE_ONLY"",""reference_input"":false,""active_primitive_id"":936984,""active_primitive_center"":[1.0499999523162842,0.28999999165534973,1.8300000429153442],""normal_source"":""REPRESENTED_SPHERE_OUTWARD_NORMAL"",""frame_status"":""AVAILABLE""},""duplicate_of"":null},{""slot_index"":5,""candidate_id"":""ALT-05-BRAKE-BIASED-GOAL-TANGENT"",""source"":""TASK_LOCAL_REPRESENTED_MAP_DIRECTIONAL_V1"",""formula"":""u_box(normalize(project_Hv(b_hat+t_g)))"",""availability"":""AVAILABLE"",""acceleration"":[-0.1,0.09396386889848,0.07508114630186583],""provenance"":{""query_status"":""FINITE"",""map_input"":""REPRESENTED_GAUSSIAN_SPHERE_ONLY"",""reference_input"":false,""active_primitive_id"":936984,""active_primitive_center"":[1.0499999523162842,0.28999999165534973,1.8300000429153442],""normal_source"":""REPRESENTED_SPHERE_OUTWARD_NORMAL"",""frame_status"":""AVAILABLE""},""duplicate_of"":null},{""slot_index"":6,""candidate_id"":""ALT-06-BRAKE-BIASED-OUTWARD"",""source"":""TASK_LOCAL_REPRESENTED_MAP_DIRECTIONAL_V1"",""formula"":""u_box(normalize(project_Hv(b_hat+n)))"",""availability"":""AVAILABLE"",""acceleration"":[0.1,0.01808038133434561,0.003915113438735481],""provenance"":{""query_status"":""FINITE"",""map_input"":""REPRESENTED_GAUSSIAN_SPHERE_ONLY"",""reference_input"":false,""active_primitive_id"":936984,""active_primitive_center"":[1.0499999523162842,0.28999999165534973,1.8300000429153442],""normal_source"":""REPRESENTED_SPHERE_OUTWARD_NORMAL"",""frame_status"":""AVAILABLE""},""duplicate_of"":null}]",0,0,0,0,04478c15d29381310032e0c765bfd407d9dcb3185090d43118c3ac64dd3a8ff0
ACTIVATED,G0,40e848a70950a9b08c6039a12d53b71dadd89815d0bdc4d81621dcec92c82558,"[1.0945530824320724,0.17063033292548943,1.8317443484998848]","[0.0,-0.1,0.0]","[0.4716522991657257,0.12523484230041504,2.2526073455810547]",8f0977d300d1500f616cbdf672c46986622e84ce42ea1cc643ca7c9344c40789,0,diagnostic,REPRESENTED_SPHERE_SURFACE_NEIGHBOR,0.0,AXIS_Y_NEG,0.1,-2e-05,-0.0025,936984,0.1344823372554296,0.2942480265571591,"[-0.1,0.0,0.1]","[-0.09999528924506422,2.3516399042826414e-05,0.09997140855877963]",FINITE,9.9586890613991e-07,True,True,False,9.9586890613991e-07,False,True,20,,,False,,"[{""slot_index"":1,""candidate_id"":""ALT-01-OUTWARD"",""source"":""TASK_LOCAL_REPRESENTED_MAP_DIRECTIONAL_V1"",""formula"":""u_box(n)"",""availability"":""AVAILABLE"",""acceleration"":[0.037323663810260393,-0.1,0.0014612637776639558],""provenance"":{""query_status"":""FINITE"",""map_input"":""REPRESENTED_GAUSSIAN_SPHERE_ONLY"",""reference_input"":false,""active_primitive_id"":936984,""active_primitive_center"":[1.0499999523162842,0.28999999165534973,1.8300000429153442],""normal_source"":""REPRESENTED_SPHERE_OUTWARD_NORMAL"",""frame_status"":""AVAILABLE""},""duplicate_of"":null},{""slot_index"":2,""candidate_id"":""ALT-02-GOAL-TANGENT"",""source"":""TASK_LOCAL_REPRESENTED_MAP_DIRECTIONAL_V1"",""formula"":""u_box(t_g)"",""availability"":""AVAILABLE"",""acceleration"":[-0.10000000000000002,-0.036226530215496364,0.07508114630186583],""provenance"":{""query_status"":""FINITE"",""map_input"":""REPRESENTED_GAUSSIAN_SPHERE_ONLY"",""reference_input"":false,""active_primitive_id"":936984,""active_primitive_center"":[1.0499999523162842,0.28999999165534973,1.8300000429153442],""normal_source"":""REPRESENTED_SPHERE_OUTWARD_NORMAL"",""frame_status"":""AVAILABLE""},""duplicate_of"":null},{""slot_index"":3,""candidate_id"":""ALT-03-AUX-TANGENT-POS"",""source"":""TASK_LOCAL_REPRESENTED_MAP_DIRECTIONAL_V1"",""formula"":""u_box(t_a)"",""availability"":""AVAILABLE"",""acceleration"":[-0.06567219831788793,-0.02597253429463993,-0.1],""provenance"":{""query_status"":""FINITE"",""map_input"":""REPRESENTED_GAUSSIAN_SPHERE_ONLY"",""reference_input"":false,""active_primitive_id"":936984,""active_primitive_center"":[1.0499999523162842,0.28999999165534973,1.8300000429153442],""normal_source"":""REPRESENTED_SPHERE_OUTWARD_NORMAL"",""frame_status"":""AVAILABLE""},""duplicate_of"":null},{""slot_index"":4,""candidate_id"":""ALT-04-AUX-TANGENT-NEG"",""source"":""TASK_LOCAL_REPRESENTED_MAP_DIRECTIONAL_V1"",""formula"":""u_box(-t_a)"",""availability"":""AVAILABLE"",""acceleration"":[0.06567219831788793,0.02597253429463993,0.1],""provenance"":{""query_status"":""FINITE"",""map_input"":""REPRESENTED_GAUSSIAN_SPHERE_ONLY"",""reference_input"":false,""active_primitive_id"":936984,""active_primitive_center"":[1.0499999523162842,0.28999999165534973,1.8300000429153442],""normal_source"":""REPRESENTED_SPHERE_OUTWARD_NORMAL"",""frame_status"":""AVAILABLE""},""duplicate_of"":null},{""slot_index"":5,""candidate_id"":""ALT-05-BRAKE-BIASED-GOAL-TANGENT"",""source"":""TASK_LOCAL_REPRESENTED_MAP_DIRECTIONAL_V1"",""formula"":""u_box(normalize(project_Hv(b_hat+t_g)))"",""availability"":""AVAILABLE"",""acceleration"":[-0.1,0.09396386889848,0.07508114630186583],""provenance"":{""query_status"":""FINITE"",""map_input"":""REPRESENTED_GAUSSIAN_SPHERE_ONLY"",""reference_input"":false,""active_primitive_id"":936984,""active_primitive_center"":[1.0499999523162842,0.28999999165534973,1.8300000429153442],""normal_source"":""REPRESENTED_SPHERE_OUTWARD_NORMAL"",""frame_status"":""AVAILABLE""},""duplicate_of"":null},{""slot_index"":6,""candidate_id"":""ALT-06-BRAKE-BIASED-OUTWARD"",""source"":""TASK_LOCAL_REPRESENTED_MAP_DIRECTIONAL_V1"",""formula"":""u_box(normalize(project_Hv(b_hat+n)))"",""availability"":""AVAILABLE"",""acceleration"":[0.1,0.01808038133434561,0.003915113438735481],""provenance"":{""query_status"":""FINITE"",""map_input"":""REPRESENTED_GAUSSIAN_SPHERE_ONLY"",""reference_input"":false,""active_primitive_id"":936984,""active_primitive_center"":[1.0499999523162842,0.28999999165534973,1.8300000429153442],""normal_source"":""REPRESENTED_SPHERE_OUTWARD_NORMAL"",""frame_status"":""AVAILABLE""},""duplicate_of"":null}]",0,0,0,0,02e6df88aa27ce462695f70dbdd214d88c917fa4f1d5f69d87b06c253a7bf33d
ACTIVATED,G0,4d7f5c7988bc467defc6a090b8cfa31b62a73a6c022d1273d791e429d981965b,"[1.0945530824320724,0.17063033292548943,1.8317443484998848]","[0.0,0.0,0.1]","[0.4716522991657257,0.12523484230041504,2.2526073455810547]",8f0977d300d1500f616cbdf672c46986622e84ce42ea1cc643ca7c9344c40789,0,diagnostic,REPRESENTED_SPHERE_SURFACE_NEIGHBOR,0.0,AXIS_Z_POS,0.1,-2e-05,-0.0025,936984,0.1344823372554296,0.2942480265571591,"[-0.1,-0.1,0.0]","[-0.030558137796285363,-0.09999999654753926,-0.08418208347267243]",FINITE,9.9586890613991e-07,True,True,False,9.9586890613991e-07,False,True,20,,,False,,"[{""slot_index"":1,""candidate_id"":""ALT-01-OUTWARD"",""source"":""TASK_LOCAL_REPRESENTED_MAP_DIRECTIONAL_V1"",""formula"":""u_box(n)"",""availability"":""AVAILABLE"",""acceleration"":[0.037323663810260393,-0.1,0.0014612637776639558],""provenance"":{""query_status"":""FINITE"",""map_input"":""REPRESENTED_GAUSSIAN_SPHERE_ONLY"",""reference_input"":false,""active_primitive_id"":936984,""active_primitive_center"":[1.0499999523162842,0.28999999165534973,1.8300000429153442],""normal_source"":""REPRESENTED_SPHERE_OUTWARD_NORMAL"",""frame_status"":""AVAILABLE""},""duplicate_of"":null},{""slot_index"":2,""candidate_id"":""ALT-02-GOAL-TANGENT"",""source"":""TASK_LOCAL_REPRESENTED_MAP_DIRECTIONAL_V1"",""formula"":""u_box(t_g)"",""availability"":""AVAILABLE"",""acceleration"":[-0.10000000000000002,-0.036226530215496364,0.07508114630186583],""provenance"":{""query_status"":""FINITE"",""map_input"":""REPRESENTED_GAUSSIAN_SPHERE_ONLY"",""reference_input"":false,""active_primitive_id"":936984,""active_primitive_center"":[1.0499999523162842,0.28999999165534973,1.8300000429153442],""normal_source"":""REPRESENTED_SPHERE_OUTWARD_NORMAL"",""frame_status"":""AVAILABLE""},""duplicate_of"":null},{""slot_index"":3,""candidate_id"":""ALT-03-AUX-TANGENT-POS"",""source"":""TASK_LOCAL_REPRESENTED_MAP_DIRECTIONAL_V1"",""formula"":""u_box(t_a)"",""availability"":""AVAILABLE"",""acceleration"":[-0.06567219831788793,-0.02597253429463993,-0.1],""provenance"":{""query_status"":""FINITE"",""map_input"":""REPRESENTED_GAUSSIAN_SPHERE_ONLY"",""reference_input"":false,""active_primitive_id"":936984,""active_primitive_center"":[1.0499999523162842,0.28999999165534973,1.8300000429153442],""normal_source"":""REPRESENTED_SPHERE_OUTWARD_NORMAL"",""frame_status"":""AVAILABLE""},""duplicate_of"":null},{""slot_index"":4,""candidate_id"":""ALT-04-AUX-TANGENT-NEG"",""source"":""TASK_LOCAL_REPRESENTED_MAP_DIRECTIONAL_V1"",""formula"":""u_box(-t_a)"",""availability"":""AVAILABLE"",""acceleration"":[0.06567219831788793,0.02597253429463993,0.1],""provenance"":{""query_status"":""FINITE"",""map_input"":""REPRESENTED_GAUSSIAN_SPHERE_ONLY"",""reference_input"":false,""active_primitive_id"":936984,""active_primitive_center"":[1.0499999523162842,0.28999999165534973,1.8300000429153442],""normal_source"":""REPRESENTED_SPHERE_OUTWARD_NORMAL"",""frame_status"":""AVAILABLE""},""duplicate_of"":null},{""slot_index"":5,""candidate_id"":""ALT-05-BRAKE-BIASED-GOAL-TANGENT"",""source"":""TASK_LOCAL_REPRESENTED_MAP_DIRECTIONAL_V1"",""formula"":""u_box(normalize(project_Hv(b_hat+t_g)))"",""availability"":""AVAILABLE"",""acceleration"":[-0.1,-0.036226530215496364,-0.055109252812110536],""provenance"":{""query_status"":""FINITE"",""map_input"":""REPRESENTED_GAUSSIAN_SPHERE_ONLY"",""reference_input"":false,""active_primitive_id"":936984,""active_primitive_center"":[1.0499999523162842,0.28999999165534973,1.8300000429153442],""normal_source"":""REPRESENTED_SPHERE_OUTWARD_NORMAL"",""frame_status"":""AVAILABLE""},""duplicate_of"":null},{""slot_index"":6,""candidate_id"":""ALT-06-BRAKE-BIASED-OUTWARD"",""source"":""TASK_LOCAL_REPRESENTED_MAP_DIRECTIONAL_V1"",""formula"":""u_box(normalize(project_Hv(b_hat+n)))"",""availability"":""AVAILABLE"",""acceleration"":[0.03544945234015441,-0.0949784901084905,-0.09999999999999999],""provenance"":{""query_status"":""FINITE"",""map_input"":""REPRESENTED_GAUSSIAN_SPHERE_ONLY"",""reference_input"":false,""active_primitive_id"":936984,""active_primitive_center"":[1.0499999523162842,0.28999999165534973,1.8300000429153442],""normal_source"":""REPRESENTED_SPHERE_OUTWARD_NORMAL"",""frame_status"":""AVAILABLE""},""duplicate_of"":null}]",0,0,0,0,3c5a231562956612ddc83d423652e6a5cbfe301eee233a0d3074f4eba9ec2ad7
ACTIVATED,G0,51c3250208358e100fdf3ff8090d555d59b84fd9cb72f18175425cf52f99d9b7,"[1.0945530824320724,0.17063033292548943,1.8317443484998848]","[0.025,0.0,0.0]","[0.4716522991657257,0.12523484230041504,2.2526073455810547]",8f0977d300d1500f616cbdf672c46986622e84ce42ea1cc643ca7c9344c40789,0,diagnostic,REPRESENTED_SPHERE_SURFACE_NEIGHBOR,0.0,AXIS_X_POS,0.025,-2e-05,-0.0025,936984,0.1344823372554296,0.2942480265571591,"[-0.1,-0.1,0.1]","[-0.09999443022623582,-0.09996060502239003,0.09999332225524574]",FINITE,9.9586890613991e-07,True,True,False,9.9586890613991e-07,False,True,5,,,False,,"[{""slot_index"":1,""candidate_id"":""ALT-01-OUTWARD"",""source"":""TASK_LOCAL_REPRESENTED_MAP_DIRECTIONAL_V1"",""formula"":""u_box(n)"",""availability"":""AVAILABLE"",""acceleration"":[0.037323663810260393,-0.1,0.0014612637776639558],""provenance"":{""query_status"":""FINITE"",""map_input"":""REPRESENTED_GAUSSIAN_SPHERE_ONLY"",""reference_input"":false,""active_primitive_id"":936984,""active_primitive_center"":[1.0499999523162842,0.28999999165534973,1.8300000429153442],""normal_source"":""REPRESENTED_SPHERE_OUTWARD_NORMAL"",""frame_status"":""AVAILABLE""},""duplicate_of"":null},{""slot_index"":2,""candidate_id"":""ALT-02-GOAL-TANGENT"",""source"":""TASK_LOCAL_REPRESENTED_MAP_DIRECTIONAL_V1"",""formula"":""u_box(t_g)"",""availability"":""AVAILABLE"",""acceleration"":[-0.10000000000000002,-0.036226530215496364,0.07508114630186583],""provenance"":{""query_status"":""FINITE"",""map_input"":""REPRESENTED_GAUSSIAN_SPHERE_ONLY"",""reference_input"":false,""active_primitive_id"":936984,""active_primitive_center"":[1.0499999523162842,0.28999999165534973,1.8300000429153442],""normal_source"":""REPRESENTED_SPHERE_OUTWARD_NORMAL"",""frame_status"":""AVAILABLE""},""duplicate_of"":null},{""slot_index"":3,""candidate_id"":""ALT-03-AUX-TANGENT-POS"",""source"":""TASK_LOCAL_REPRESENTED_MAP_DIRECTIONAL_V1"",""formula"":""u_box(t_a)"",""availability"":""AVAILABLE"",""acceleration"":[-0.06567219831788793,-0.02597253429463993,-0.1],""provenance"":{""query_status"":""FINITE"",""map_input"":""REPRESENTED_GAUSSIAN_SPHERE_ONLY"",""reference_input"":false,""active_primitive_id"":936984,""active_primitive_center"":[1.0499999523162842,0.28999999165534973,1.8300000429153442],""normal_source"":""REPRESENTED_SPHERE_OUTWARD_NORMAL"",""frame_status"":""AVAILABLE""},""duplicate_of"":null},{""slot_index"":4,""candidate_id"":""ALT-04-AUX-TANGENT-NEG"",""source"":""TASK_LOCAL_REPRESENTED_MAP_DIRECTIONAL_V1"",""formula"":""u_box(-t_a)"",""availability"":""AVAILABLE"",""acceleration"":[0.06567219831788793,0.02597253429463993,0.1],""provenance"":{""query_status"":""FINITE"",""map_input"":""REPRESENTED_GAUSSIAN_SPHERE_ONLY"",""reference_input"":false,""active_primitive_id"":936984,""active_primitive_center"":[1.0499999523162842,0.28999999165534973,1.8300000429153442],""normal_source"":""REPRESENTED_SPHERE_OUTWARD_NORMAL"",""frame_status"":""AVAILABLE""},""duplicate_of"":null},{""slot_index"":5,""candidate_id"":""ALT-05-BRAKE-BIASED-GOAL-TANGENT"",""source"":""TASK_LOCAL_REPRESENTED_MAP_DIRECTIONAL_V1"",""formula"":""u_box(normalize(project_Hv(b_hat+t_g)))"",""availability"":""AVAILABLE"",""acceleration"":[-0.1,-0.01573763734496988,0.03261697559535929],""provenance"":{""query_status"":""FINITE"",""map_input"":""REPRESENTED_GAUSSIAN_SPHERE_ONLY"",""reference_input"":false,""active_primitive_id"":936984,""active_primitive_center"":[1.0499999523162842,0.28999999165534973,1.8300000429153442],""normal_source"":""REPRESENTED_SPHERE_OUTWARD_NORMAL"",""frame_status"":""AVAILABLE""},""duplicate_of"":null},{""slot_index"":6,""candidate_id"":""ALT-06-BRAKE-BIASED-OUTWARD"",""source"":""TASK_LOCAL_REPRESENTED_MAP_DIRECTIONAL_V1"",""formula"":""u_box(normalize(project_Hv(b_hat+n)))"",""availability"":""AVAILABLE"",""acceleration"":[-0.06942459693458383,-0.1,0.001461263777663956],""provenance"":{""query_status"":""FINITE"",""map_input"":""REPRESENTED_GAUSSIAN_SPHERE_ONLY"",""reference_input"":false,""active_primitive_id"":936984,""active_primitive_center"":[1.0499999523162842,0.28999999165534973,1.8300000429153442],""normal_source"":""REPRESENTED_SPHERE_OUTWARD_NORMAL"",""frame_status"":""AVAILABLE""},""duplicate_of"":null}]",0,0,0,0,181f2fbab0b82a38147392b99802a8740496c2b6bc8d91c9414c55293b575445
ACTIVATED,G0,67488e99a304e8c46139402ea461364083d17399e3ebb9cd99516fe4897353b8,"[1.0945530824320724,0.17063033292548943,1.8317443484998848]","[0.1,0.0,0.0]","[0.4716522991657257,0.12523484230041504,2.2526073455810547]",8f0977d300d1500f616cbdf672c46986622e84ce42ea1cc643ca7c9344c40789,0,diagnostic,REPRESENTED_SPHERE_SURFACE_NEIGHBOR,0.0,AXIS_X_POS,0.1,-2e-05,-0.0025,936984,0.1344823372554296,0.2942480265571591,"[-0.1,-0.1,0.1]","[-0.09997870525940003,-0.0999442711681815,0.09998121037927257]",FINITE,9.9586890613991e-07,True,True,False,9.9586890613991e-07,False,True,20,,,False,,"[{""slot_index"":1,""candidate_id"":""ALT-01-OUTWARD"",""source"":""TASK_LOCAL_REPRESENTED_MAP_DIRECTIONAL_V1"",""formula"":""u_box(n)"",""availability"":""AVAILABLE"",""acceleration"":[0.037323663810260393,-0.1,0.0014612637776639558],""provenance"":{""query_status"":""FINITE"",""map_input"":""REPRESENTED_GAUSSIAN_SPHERE_ONLY"",""reference_input"":false,""active_primitive_id"":936984,""active_primitive_center"":[1.0499999523162842,0.28999999165534973,1.8300000429153442],""normal_source"":""REPRESENTED_SPHERE_OUTWARD_NORMAL"",""frame_status"":""AVAILABLE""},""duplicate_of"":null},{""slot_index"":2,""candidate_id"":""ALT-02-GOAL-TANGENT"",""source"":""TASK_LOCAL_REPRESENTED_MAP_DIRECTIONAL_V1"",""formula"":""u_box(t_g)"",""availability"":""AVAILABLE"",""acceleration"":[-0.10000000000000002,-0.036226530215496364,0.07508114630186583],""provenance"":{""query_status"":""FINITE"",""map_input"":""REPRESENTED_GAUSSIAN_SPHERE_ONLY"",""reference_input"":false,""active_primitive_id"":936984,""active_primitive_center"":[1.0499999523162842,0.28999999165534973,1.8300000429153442],""normal_source"":""REPRESENTED_SPHERE_OUTWARD_NORMAL"",""frame_status"":""AVAILABLE""},""duplicate_of"":null},{""slot_index"":3,""candidate_id"":""ALT-03-AUX-TANGENT-POS"",""source"":""TASK_LOCAL_REPRESENTED_MAP_DIRECTIONAL_V1"",""formula"":""u_box(t_a)"",""availability"":""AVAILABLE"",""acceleration"":[-0.06567219831788793,-0.02597253429463993,-0.1],""provenance"":{""query_status"":""FINITE"",""map_input"":""REPRESENTED_GAUSSIAN_SPHERE_ONLY"",""reference_input"":false,""active_primitive_id"":936984,""active_primitive_center"":[1.0499999523162842,0.28999999165534973,1.8300000429153442],""normal_source"":""REPRESENTED_SPHERE_OUTWARD_NORMAL"",""frame_status"":""AVAILABLE""},""duplicate_of"":null},{""slot_index"":4,""candidate_id"":""ALT-04-AUX-TANGENT-NEG"",""source"":""TASK_LOCAL_REPRESENTED_MAP_DIRECTIONAL_V1"",""formula"":""u_box(-t_a)"",""availability"":""AVAILABLE"",""acceleration"":[0.06567219831788793,0.02597253429463993,0.1],""provenance"":{""query_status"":""FINITE"",""map_input"":""REPRESENTED_GAUSSIAN_SPHERE_ONLY"",""reference_input"":false,""active_primitive_id"":936984,""active_primitive_center"":[1.0499999523162842,0.28999999165534973,1.8300000429153442],""normal_source"":""REPRESENTED_SPHERE_OUTWARD_NORMAL"",""frame_status"":""AVAILABLE""},""duplicate_of"":null},{""slot_index"":5,""candidate_id"":""ALT-05-BRAKE-BIASED-GOAL-TANGENT"",""source"":""TASK_LOCAL_REPRESENTED_MAP_DIRECTIONAL_V1"",""formula"":""u_box(normalize(project_Hv(b_hat+t_g)))"",""availability"":""AVAILABLE"",""acceleration"":[-0.1,-0.01573763734496988,0.03261697559535929],""provenance"":{""query_status"":""FINITE"",""map_input"":""REPRESENTED_GAUSSIAN_SPHERE_ONLY"",""reference_input"":false,""active_primitive_id"":936984,""active_primitive_center"":[1.0499999523162842,0.28999999165534973,1.8300000429153442],""normal_source"":""REPRESENTED_SPHERE_OUTWARD_NORMAL"",""frame_status"":""AVAILABLE""},""duplicate_of"":null},{""slot_index"":6,""candidate_id"":""ALT-06-BRAKE-BIASED-OUTWARD"",""source"":""TASK_LOCAL_REPRESENTED_MAP_DIRECTIONAL_V1"",""formula"":""u_box(normalize(project_Hv(b_hat+n)))"",""availability"":""AVAILABLE"",""acceleration"":[-0.06942459693458383,-0.1,0.001461263777663956],""provenance"":{""query_status"":""FINITE"",""map_input"":""REPRESENTED_GAUSSIAN_SPHERE_ONLY"",""reference_input"":false,""active_primitive_id"":936984,""active_primitive_center"":[1.0499999523162842,0.28999999165534973,1.8300000429153442],""normal_source"":""REPRESENTED_SPHERE_OUTWARD_NORMAL"",""frame_status"":""AVAILABLE""},""duplicate_of"":null}]",0,0,0,0,0e2dfcc1677f81d95720350177be4cf514f6a546837d4bcd9655c5853fd8a7b4
ACTIVATED,G0,7372c8b90d808f1c20691dc5727f846337e8d2a6e61e2957532dea5885289dd4,"[1.0945530824320724,0.17063033292548943,1.8317443484998848]","[0.033450483460760565,-0.09420623525869772,0.002500078923611259]","[0.4716522991657257,0.12523484230041504,2.2526073455810547]",8f0977d300d1500f616cbdf672c46986622e84ce42ea1cc643ca7c9344c40789,0,diagnostic,REPRESENTED_SPHERE_SURFACE_NEIGHBOR,0.0,OUTWARD_NORMAL,0.1,-2e-05,-0.0025,936984,0.1344823372554296,0.2942480265571591,"[-0.1,-0.00579376474130229,0.09749992107638875]","[-0.09994336741256667,-0.005793765915907306,0.09749966208360543]",FINITE,9.9586890613991e-07,True,True,False,9.9586890613991e-07,False,True,19,,,False,,"[{""slot_index"":1,""candidate_id"":""ALT-01-OUTWARD"",""source"":""TASK_LOCAL_REPRESENTED_MAP_DIRECTIONAL_V1"",""formula"":""u_box(n)"",""availability"":""AVAILABLE"",""acceleration"":[0.037323663810260393,-0.1,0.0014612637776639558],""provenance"":{""query_status"":""FINITE"",""map_input"":""REPRESENTED_GAUSSIAN_SPHERE_ONLY"",""reference_input"":false,""active_primitive_id"":936984,""active_primitive_center"":[1.0499999523162842,0.28999999165534973,1.8300000429153442],""normal_source"":""REPRESENTED_SPHERE_OUTWARD_NORMAL"",""frame_status"":""AVAILABLE""},""duplicate_of"":null},{""slot_index"":2,""candidate_id"":""ALT-02-GOAL-TANGENT"",""source"":""TASK_LOCAL_REPRESENTED_MAP_DIRECTIONAL_V1"",""formula"":""u_box(t_g)"",""availability"":""AVAILABLE"",""acceleration"":[-0.10000000000000002,-0.036226530215496364,0.07508114630186583],""provenance"":{""query_status"":""FINITE"",""map_input"":""REPRESENTED_GAUSSIAN_SPHERE_ONLY"",""reference_input"":false,""active_primitive_id"":936984,""active_primitive_center"":[1.0499999523162842,0.28999999165534973,1.8300000429153442],""normal_source"":""REPRESENTED_SPHERE_OUTWARD_NORMAL"",""frame_status"":""AVAILABLE""},""duplicate_of"":null},{""slot_index"":3,""candidate_id"":""ALT-03-AUX-TANGENT-POS"",""source"":""TASK_LOCAL_REPRESENTED_MAP_DIRECTIONAL_V1"",""formula"":""u_box(t_a)"",""availability"":""AVAILABLE"",""acceleration"":[-0.06567219831788793,-0.02597253429463993,-0.1],""provenance"":{""query_status"":""FINITE"",""map_input"":""REPRESENTED_GAUSSIAN_SPHERE_ONLY"",""reference_input"":false,""active_primitive_id"":936984,""active_primitive_center"":[1.0499999523162842,0.28999999165534973,1.8300000429153442],""normal_source"":""REPRESENTED_SPHERE_OUTWARD_NORMAL"",""frame_status"":""AVAILABLE""},""duplicate_of"":null},{""slot_index"":4,""candidate_id"":""ALT-04-AUX-TANGENT-NEG"",""source"":""TASK_LOCAL_REPRESENTED_MAP_DIRECTIONAL_V1"",""formula"":""u_box(-t_a)"",""availability"":""AVAILABLE"",""acceleration"":[0.06567219831788793,0.02597253429463993,0.1],""provenance"":{""query_status"":""FINITE"",""map_input"":""REPRESENTED_GAUSSIAN_SPHERE_ONLY"",""reference_input"":false,""active_primitive_id"":936984,""active_primitive_center"":[1.0499999523162842,0.28999999165534973,1.8300000429153442],""normal_source"":""REPRESENTED_SPHERE_OUTWARD_NORMAL"",""frame_status"":""AVAILABLE""},""duplicate_of"":null},{""slot_index"":5,""candidate_id"":""ALT-05-BRAKE-BIASED-GOAL-TANGENT"",""source"":""TASK_LOCAL_REPRESENTED_MAP_DIRECTIONAL_V1"",""formula"":""u_box(normalize(project_Hv(b_hat+t_g)))"",""availability"":""AVAILABLE"",""acceleration"":[-0.1,0.027070974230881995,0.016961598552770296],""provenance"":{""query_status"":""FINITE"",""map_input"":""REPRESENTED_GAUSSIAN_SPHERE_ONLY"",""reference_input"":false,""active_primitive_id"":936984,""active_primitive_center"":[1.0499999523162842,0.28999999165534973,1.8300000429153442],""normal_source"":""REPRESENTED_SPHERE_OUTWARD_NORMAL"",""frame_status"":""AVAILABLE""},""duplicate_of"":null},{""slot_index"":6,""candidate_id"":""ALT-06-BRAKE-BIASED-OUTWARD"",""source"":""TASK_LOCAL_REPRESENTED_MAP_DIRECTIONAL_V1"",""formula"":""u_box(normalize(project_Hv(b_hat+n)))"",""availability"":""AVAILABLE"",""acceleration"":[-0.09999999999999999,-0.03786384848563648,-0.08878210606282934],""provenance"":{""query_status"":""FINITE"",""map_input"":""REPRESENTED_GAUSSIAN_SPHERE_ONLY"",""reference_input"":false,""active_primitive_id"":936984,""active_primitive_center"":[1.0499999523162842,0.28999999165534973,1.8300000429153442],""normal_source"":""REPRESENTED_SPHERE_OUTWARD_NORMAL"",""frame_status"":""AVAILABLE""},""duplicate_of"":null}]",0,0,0,0,8a7426081277befdcfd59c0a32d6818d01b7d4b8f493ae3184ec3e1299fb5dce
ACTIVATED,G0,7c81c8300c444f11063dd4534e17c925bc0d1850fa7dc9752318a41c9fd6670b,"[1.0945530824320724,0.17063033292548943,1.8317443484998848]","[0.0,-0.075,0.0]","[0.4716522991657257,0.12523484230041504,2.2526073455810547]",8f0977d300d1500f616cbdf672c46986622e84ce42ea1cc643ca7c9344c40789,0,diagnostic,REPRESENTED_SPHERE_SURFACE_NEIGHBOR,0.0,AXIS_Y_NEG,0.075,-2e-05,-0.0025,936984,0.1344823372554296,0.2942480265571591,"[-0.1,-0.02500000000000001,0.1]","[-0.09996786002406992,-0.025000000829156932,0.09997050177743573]",FINITE,9.9586890613991e-07,True,True,False,9.9586890613991e-07,False,True,16,,,False,,"[{""slot_index"":1,""candidate_id"":""ALT-01-OUTWARD"",""source"":""TASK_LOCAL_REPRESENTED_MAP_DIRECTIONAL_V1"",""formula"":""u_box(n)"",""availability"":""AVAILABLE"",""acceleration"":[0.037323663810260393,-0.1,0.0014612637776639558],""provenance"":{""query_status"":""FINITE"",""map_input"":""REPRESENTED_GAUSSIAN_SPHERE_ONLY"",""reference_input"":false,""active_primitive_id"":936984,""active_primitive_center"":[1.0499999523162842,0.28999999165534973,1.8300000429153442],""normal_source"":""REPRESENTED_SPHERE_OUTWARD_NORMAL"",""frame_status"":""AVAILABLE""},""duplicate_of"":null},{""slot_index"":2,""candidate_id"":""ALT-02-GOAL-TANGENT"",""source"":""TASK_LOCAL_REPRESENTED_MAP_DIRECTIONAL_V1"",""formula"":""u_box(t_g)"",""availability"":""AVAILABLE"",""acceleration"":[-0.10000000000000002,-0.036226530215496364,0.07508114630186583],""provenance"":{""query_status"":""FINITE"",""map_input"":""REPRESENTED_GAUSSIAN_SPHERE_ONLY"",""reference_input"":false,""active_primitive_id"":936984,""active_primitive_center"":[1.0499999523162842,0.28999999165534973,1.8300000429153442],""normal_source"":""REPRESENTED_SPHERE_OUTWARD_NORMAL"",""frame_status"":""AVAILABLE""},""duplicate_of"":null},{""slot_index"":3,""candidate_id"":""ALT-03-AUX-TANGENT-POS"",""source"":""TASK_LOCAL_REPRESENTED_MAP_DIRECTIONAL_V1"",""formula"":""u_box(t_a)"",""availability"":""AVAILABLE"",""acceleration"":[-0.06567219831788793,-0.02597253429463993,-0.1],""provenance"":{""query_status"":""FINITE"",""map_input"":""REPRESENTED_GAUSSIAN_SPHERE_ONLY"",""reference_input"":false,""active_primitive_id"":936984,""active_primitive_center"":[1.0499999523162842,0.28999999165534973,1.8300000429153442],""normal_source"":""REPRESENTED_SPHERE_OUTWARD_NORMAL"",""frame_status"":""AVAILABLE""},""duplicate_of"":null},{""slot_index"":4,""candidate_id"":""ALT-04-AUX-TANGENT-NEG"",""source"":""TASK_LOCAL_REPRESENTED_MAP_DIRECTIONAL_V1"",""formula"":""u_box(-t_a)"",""availability"":""AVAILABLE"",""acceleration"":[0.06567219831788793,0.02597253429463993,0.1],""provenance"":{""query_status"":""FINITE"",""map_input"":""REPRESENTED_GAUSSIAN_SPHERE_ONLY"",""reference_input"":false,""active_primitive_id"":936984,""active_primitive_center"":[1.0499999523162842,0.28999999165534973,1.8300000429153442],""normal_source"":""REPRESENTED_SPHERE_OUTWARD_NORMAL"",""frame_status"":""AVAILABLE""},""duplicate_of"":null},{""slot_index"":5,""candidate_id"":""ALT-05-BRAKE-BIASED-GOAL-TANGENT"",""source"":""TASK_LOCAL_REPRESENTED_MAP_DIRECTIONAL_V1"",""formula"":""u_box(normalize(project_Hv(b_hat+t_g)))"",""availability"":""AVAILABLE"",""acceleration"":[-0.1,0.09396386889848,0.07508114630186583],""provenance"":{""query_status"":""FINITE"",""map_input"":""REPRESENTED_GAUSSIAN_SPHERE_ONLY"",""reference_input"":false,""active_primitive_id"":936984,""active_primitive_center"":[1.0499999523162842,0.28999999165534973,1.8300000429153442],""normal_source"":""REPRESENTED_SPHERE_OUTWARD_NORMAL"",""frame_status"":""AVAILABLE""},""duplicate_of"":null},{""slot_index"":6,""candidate_id"":""ALT-06-BRAKE-BIASED-OUTWARD"",""source"":""TASK_LOCAL_REPRESENTED_MAP_DIRECTIONAL_V1"",""formula"":""u_box(normalize(project_Hv(b_hat+n)))"",""availability"":""AVAILABLE"",""acceleration"":[0.1,0.01808038133434561,0.003915113438735481],""provenance"":{""query_status"":""FINITE"",""map_input"":""REPRESENTED_GAUSSIAN_SPHERE_ONLY"",""reference_input"":false,""active_primitive_id"":936984,""active_primitive_center"":[1.0499999523162842,0.28999999165534973,1.8300000429153442],""normal_source"":""REPRESENTED_SPHERE_OUTWARD_NORMAL"",""frame_status"":""AVAILABLE""},""duplicate_of"":null}]",0,0,0,0,7233c8c6f00336b4d171f548ae778ef2229a471034258290f8ad6af2a7382d1a
ACTIVATED,G0,7ef9955d2c51727795afaee9529605e7b06bec4789fad385eac2753e2a6391d3,"[1.0945530824320724,0.17063033292548943,1.8317443484998848]","[-0.020688180336112746,-0.03887321594709539,0.02368274216198298]","[0.4716522991657257,0.12523484230041504,2.2526073455810547]",8f0977d300d1500f616cbdf672c46986622e84ce42ea1cc643ca7c9344c40789,0,diagnostic,REPRESENTED_SPHERE_SURFACE_NEIGHBOR,0.0,ROUTE_OUTWARD,0.05,-2e-05,-0.0025,936984,0.1344823372554296,0.2942480265571591,"[-0.07931181966388726,-0.061126784052904615,0.07631725783801703]","[-0.07931181939994641,-0.06112678333327592,0.07631725782262438]",FINITE,9.9586890613991e-07,True,True,False,9.9586890613991e-07,False,True,9,,,False,,"[{""slot_index"":1,""candidate_id"":""ALT-01-OUTWARD"",""source"":""TASK_LOCAL_REPRESENTED_MAP_DIRECTIONAL_V1"",""formula"":""u_box(n)"",""availability"":""AVAILABLE"",""acceleration"":[0.037323663810260393,-0.1,0.0014612637776639558],""provenance"":{""query_status"":""FINITE"",""map_input"":""REPRESENTED_GAUSSIAN_SPHERE_ONLY"",""reference_input"":false,""active_primitive_id"":936984,""active_primitive_center"":[1.0499999523162842,0.28999999165534973,1.8300000429153442],""normal_source"":""REPRESENTED_SPHERE_OUTWARD_NORMAL"",""frame_status"":""AVAILABLE""},""duplicate_of"":null},{""slot_index"":2,""candidate_id"":""ALT-02-GOAL-TANGENT"",""source"":""TASK_LOCAL_REPRESENTED_MAP_DIRECTIONAL_V1"",""formula"":""u_box(t_g)"",""availability"":""AVAILABLE"",""acceleration"":[-0.10000000000000002,-0.036226530215496364,0.07508114630186583],""provenance"":{""query_status"":""FINITE"",""map_input"":""REPRESENTED_GAUSSIAN_SPHERE_ONLY"",""reference_input"":false,""active_primitive_id"":936984,""active_primitive_center"":[1.0499999523162842,0.28999999165534973,1.8300000429153442],""normal_source"":""REPRESENTED_SPHERE_OUTWARD_NORMAL"",""frame_status"":""AVAILABLE""},""duplicate_of"":null},{""slot_index"":3,""candidate_id"":""ALT-03-AUX-TANGENT-POS"",""source"":""TASK_LOCAL_REPRESENTED_MAP_DIRECTIONAL_V1"",""formula"":""u_box(t_a)"",""availability"":""AVAILABLE"",""acceleration"":[-0.06567219831788793,-0.02597253429463993,-0.1],""provenance"":{""query_status"":""FINITE"",""map_input"":""REPRESENTED_GAUSSIAN_SPHERE_ONLY"",""reference_input"":false,""active_primitive_id"":936984,""active_primitive_center"":[1.0499999523162842,0.28999999165534973,1.8300000429153442],""normal_source"":""REPRESENTED_SPHERE_OUTWARD_NORMAL"",""frame_status"":""AVAILABLE""},""duplicate_of"":null},{""slot_index"":4,""candidate_id"":""ALT-04-AUX-TANGENT-NEG"",""source"":""TASK_LOCAL_REPRESENTED_MAP_DIRECTIONAL_V1"",""formula"":""u_box(-t_a)"",""availability"":""AVAILABLE"",""acceleration"":[0.06567219831788793,0.02597253429463993,0.1],""provenance"":{""query_status"":""FINITE"",""map_input"":""REPRESENTED_GAUSSIAN_SPHERE_ONLY"",""reference_input"":false,""active_primitive_id"":936984,""active_primitive_center"":[1.0499999523162842,0.28999999165534973,1.8300000429153442],""normal_source"":""REPRESENTED_SPHERE_OUTWARD_NORMAL"",""frame_status"":""AVAILABLE""},""duplicate_of"":null},{""slot_index"":5,""candidate_id"":""ALT-05-BRAKE-BIASED-GOAL-TANGENT"",""source"":""TASK_LOCAL_REPRESENTED_MAP_DIRECTIONAL_V1"",""formula"":""u_box(normalize(project_Hv(b_hat+t_g)))"",""availability"":""AVAILABLE"",""acceleration"":[-0.06377816982611105,0.1,-0.00021653309088030305],""provenance"":{""query_status"":""FINITE"",""map_input"":""REPRESENTED_GAUSSIAN_SPHERE_ONLY"",""reference_input"":false,""active_primitive_id"":936984,""active_primitive_center"":[1.0499999523162842,0.28999999165534973,1.8300000429153442],""normal_source"":""REPRESENTED_SPHERE_OUTWARD_NORMAL"",""frame_status"":""AVAILABLE""},""duplicate_of"":null},{""slot_index"":6,""candidate_id"":""ALT-06-BRAKE-BIASED-OUTWARD"",""source"":""TASK_LOCAL_REPRESENTED_MAP_DIRECTIONAL_V1"",""formula"":""u_box(normalize(project_Hv(b_hat+n)))"",""availability"":""AVAILABLE"",""acceleration"":[0.1,-0.03877412978408614,-0.0608054109145401],""provenance"":{""query_status"":""FINITE"",""map_input"":""REPRESENTED_GAUSSIAN_SPHERE_ONLY"",""reference_input"":false,""active_primitive_id"":936984,""active_primitive_center"":[1.0499999523162842,0.28999999165534973,1.8300000429153442],""normal_source"":""REPRESENTED_SPHERE_OUTWARD_NORMAL"",""frame_status"":""AVAILABLE""},""duplicate_of"":null}]",0,0,0,0,319428d47259dcaab24cf7a7d62608ef6af069004493ac9121f58cc1c9198a20
ACTIVATED,G0,b0c82abc83530dfeadb43749dae9a5ab8a2fb7a22c2775708737d322e54b80bc,"[1.0945530824320724,0.17063033292548943,1.8317443484998848]","[0.075,0.0,0.0]","[0.4716522991657257,0.12523484230041504,2.2526073455810547]",8f0977d300d1500f616cbdf672c46986622e84ce42ea1cc643ca7c9344c40789,0,diagnostic,REPRESENTED_SPHERE_SURFACE_NEIGHBOR,0.0,AXIS_X_POS,0.075,-2e-05,-0.0025,936984,0.1344823372554296,0.2942480265571591,"[-0.1,-0.1,0.1]","[-0.09996710921427471,-0.09997284036158513,0.0999920702474921]",FINITE,9.9586890613991e-07,True,True,False,9.9586890613991e-07,False,True,15,,,False,,"[{""slot_index"":1,""candidate_id"":""ALT-01-OUTWARD"",""source"":""TASK_LOCAL_REPRESENTED_MAP_DIRECTIONAL_V1"",""formula"":""u_box(n)"",""availability"":""AVAILABLE"",""acceleration"":[0.037323663810260393,-0.1,0.0014612637776639558],""provenance"":{""query_status"":""FINITE"",""map_input"":""REPRESENTED_GAUSSIAN_SPHERE_ONLY"",""reference_input"":false,""active_primitive_id"":936984,""active_primitive_center"":[1.0499999523162842,0.28999999165534973,1.8300000429153442],""normal_source"":""REPRESENTED_SPHERE_OUTWARD_NORMAL"",""frame_status"":""AVAILABLE""},""duplicate_of"":null},{""slot_index"":2,""candidate_id"":""ALT-02-GOAL-TANGENT"",""source"":""TASK_LOCAL_REPRESENTED_MAP_DIRECTIONAL_V1"",""formula"":""u_box(t_g)"",""availability"":""AVAILABLE"",""acceleration"":[-0.10000000000000002,-0.036226530215496364,0.07508114630186583],""provenance"":{""query_status"":""FINITE"",""map_input"":""REPRESENTED_GAUSSIAN_SPHERE_ONLY"",""reference_input"":false,""active_primitive_id"":936984,""active_primitive_center"":[1.0499999523162842,0.28999999165534973,1.8300000429153442],""normal_source"":""REPRESENTED_SPHERE_OUTWARD_NORMAL"",""frame_status"":""AVAILABLE""},""duplicate_of"":null},{""slot_index"":3,""candidate_id"":""ALT-03-AUX-TANGENT-POS"",""source"":""TASK_LOCAL_REPRESENTED_MAP_DIRECTIONAL_V1"",""formula"":""u_box(t_a)"",""availability"":""AVAILABLE"",""acceleration"":[-0.06567219831788793,-0.02597253429463993,-0.1],""provenance"":{""query_status"":""FINITE"",""map_input"":""REPRESENTED_GAUSSIAN_SPHERE_ONLY"",""reference_input"":false,""active_primitive_id"":936984,""active_primitive_center"":[1.0499999523162842,0.28999999165534973,1.8300000429153442],""normal_source"":""REPRESENTED_SPHERE_OUTWARD_NORMAL"",""frame_status"":""AVAILABLE""},""duplicate_of"":null},{""slot_index"":4,""candidate_id"":""ALT-04-AUX-TANGENT-NEG"",""source"":""TASK_LOCAL_REPRESENTED_MAP_DIRECTIONAL_V1"",""formula"":""u_box(-t_a)"",""availability"":""AVAILABLE"",""acceleration"":[0.06567219831788793,0.02597253429463993,0.1],""provenance"":{""query_status"":""FINITE"",""map_input"":""REPRESENTED_GAUSSIAN_SPHERE_ONLY"",""reference_input"":false,""active_primitive_id"":936984,""active_primitive_center"":[1.0499999523162842,0.28999999165534973,1.8300000429153442],""normal_source"":""REPRESENTED_SPHERE_OUTWARD_NORMAL"",""frame_status"":""AVAILABLE""},""duplicate_of"":null},{""slot_index"":5,""candidate_id"":""ALT-05-BRAKE-BIASED-GOAL-TANGENT"",""source"":""TASK_LOCAL_REPRESENTED_MAP_DIRECTIONAL_V1"",""formula"":""u_box(normalize(project_Hv(b_hat+t_g)))"",""availability"":""AVAILABLE"",""acceleration"":[-0.1,-0.01573763734496988,0.03261697559535929],""provenance"":{""query_status"":""FINITE"",""map_input"":""REPRESENTED_GAUSSIAN_SPHERE_ONLY"",""reference_input"":false,""active_primitive_id"":936984,""active_primitive_center"":[1.0499999523162842,0.28999999165534973,1.8300000429153442],""normal_source"":""REPRESENTED_SPHERE_OUTWARD_NORMAL"",""frame_status"":""AVAILABLE""},""duplicate_of"":null},{""slot_index"":6,""candidate_id"":""ALT-06-BRAKE-BIASED-OUTWARD"",""source"":""TASK_LOCAL_REPRESENTED_MAP_DIRECTIONAL_V1"",""formula"":""u_box(normalize(project_Hv(b_hat+n)))"",""availability"":""AVAILABLE"",""acceleration"":[-0.06942459693458383,-0.1,0.001461263777663956],""provenance"":{""query_status"":""FINITE"",""map_input"":""REPRESENTED_GAUSSIAN_SPHERE_ONLY"",""reference_input"":false,""active_primitive_id"":936984,""active_primitive_center"":[1.0499999523162842,0.28999999165534973,1.8300000429153442],""normal_source"":""REPRESENTED_SPHERE_OUTWARD_NORMAL"",""frame_status"":""AVAILABLE""},""duplicate_of"":null}]",0,0,0,0,b5d3264f72dbae22b612374f00f92f74f9bb0e43744f67c371a824f9893db2bf
ACTIVATED,G0,b472fcd9bd787199dc83cf4daba89f2899c434b3543cd023f38b1685703637f0,"[1.0945530824320724,0.17063033292548943,1.8317443484998848]","[0.0,0.0,0.025]","[0.4716522991657257,0.12523484230041504,2.2526073455810547]",8f0977d300d1500f616cbdf672c46986622e84ce42ea1cc643ca7c9344c40789,0,diagnostic,REPRESENTED_SPHERE_SURFACE_NEIGHBOR,0.0,AXIS_Z_POS,0.025,-2e-05,-0.0025,936984,0.1344823372554296,0.2942480265571591,"[-0.1,-0.1,0.07500000000000001]","[-0.09999392003284863,-0.09996622566266151,0.07499999998280081]",FINITE,9.9586890613991e-07,True,True,False,9.9586890613991e-07,False,True,6,,,False,,"[{""slot_index"":1,""candidate_id"":""ALT-01-OUTWARD"",""source"":""TASK_LOCAL_REPRESENTED_MAP_DIRECTIONAL_V1"",""formula"":""u_box(n)"",""availability"":""AVAILABLE"",""acceleration"":[0.037323663810260393,-0.1,0.0014612637776639558],""provenance"":{""query_status"":""FINITE"",""map_input"":""REPRESENTED_GAUSSIAN_SPHERE_ONLY"",""reference_input"":false,""active_primitive_id"":936984,""active_primitive_center"":[1.0499999523162842,0.28999999165534973,1.8300000429153442],""normal_source"":""REPRESENTED_SPHERE_OUTWARD_NORMAL"",""frame_status"":""AVAILABLE""},""duplicate_of"":null},{""slot_index"":2,""candidate_id"":""ALT-02-GOAL-TANGENT"",""source"":""TASK_LOCAL_REPRESENTED_MAP_DIRECTIONAL_V1"",""formula"":""u_box(t_g)"",""availability"":""AVAILABLE"",""acceleration"":[-0.10000000000000002,-0.036226530215496364,0.07508114630186583],""provenance"":{""query_status"":""FINITE"",""map_input"":""REPRESENTED_GAUSSIAN_SPHERE_ONLY"",""reference_input"":false,""active_primitive_id"":936984,""active_primitive_center"":[1.0499999523162842,0.28999999165534973,1.8300000429153442],""normal_source"":""REPRESENTED_SPHERE_OUTWARD_NORMAL"",""frame_status"":""AVAILABLE""},""duplicate_of"":null},{""slot_index"":3,""candidate_id"":""ALT-03-AUX-TANGENT-POS"",""source"":""TASK_LOCAL_REPRESENTED_MAP_DIRECTIONAL_V1"",""formula"":""u_box(t_a)"",""availability"":""AVAILABLE"",""acceleration"":[-0.06567219831788793,-0.02597253429463993,-0.1],""provenance"":{""query_status"":""FINITE"",""map_input"":""REPRESENTED_GAUSSIAN_SPHERE_ONLY"",""reference_input"":false,""active_primitive_id"":936984,""active_primitive_center"":[1.0499999523162842,0.28999999165534973,1.8300000429153442],""normal_source"":""REPRESENTED_SPHERE_OUTWARD_NORMAL"",""frame_status"":""AVAILABLE""},""duplicate_of"":null},{""slot_index"":4,""candidate_id"":""ALT-04-AUX-TANGENT-NEG"",""source"":""TASK_LOCAL_REPRESENTED_MAP_DIRECTIONAL_V1"",""formula"":""u_box(-t_a)"",""availability"":""AVAILABLE"",""acceleration"":[0.06567219831788793,0.02597253429463993,0.1],""provenance"":{""query_status"":""FINITE"",""map_input"":""REPRESENTED_GAUSSIAN_SPHERE_ONLY"",""reference_input"":false,""active_primitive_id"":936984,""active_primitive_center"":[1.0499999523162842,0.28999999165534973,1.8300000429153442],""normal_source"":""REPRESENTED_SPHERE_OUTWARD_NORMAL"",""frame_status"":""AVAILABLE""},""duplicate_of"":null},{""slot_index"":5,""candidate_id"":""ALT-05-BRAKE-BIASED-GOAL-TANGENT"",""source"":""TASK_LOCAL_REPRESENTED_MAP_DIRECTIONAL_V1"",""formula"":""u_box(normalize(project_Hv(b_hat+t_g)))"",""availability"":""AVAILABLE"",""acceleration"":[-0.1,-0.036226530215496364,-0.055109252812110536],""provenance"":{""query_status"":""FINITE"",""map_input"":""REPRESENTED_GAUSSIAN_SPHERE_ONLY"",""reference_input"":false,""active_primitive_id"":936984,""active_primitive_center"":[1.0499999523162842,0.28999999165534973,1.8300000429153442],""normal_source"":""REPRESENTED_SPHERE_OUTWARD_NORMAL"",""frame_status"":""AVAILABLE""},""duplicate_of"":null},{""slot_index"":6,""candidate_id"":""ALT-06-BRAKE-BIASED-OUTWARD"",""source"":""TASK_LOCAL_REPRESENTED_MAP_DIRECTIONAL_V1"",""formula"":""u_box(normalize(project_Hv(b_hat+n)))"",""availability"":""AVAILABLE"",""acceleration"":[0.03544945234015441,-0.0949784901084905,-0.09999999999999999],""provenance"":{""query_status"":""FINITE"",""map_input"":""REPRESENTED_GAUSSIAN_SPHERE_ONLY"",""reference_input"":false,""active_primitive_id"":936984,""active_primitive_center"":[1.0499999523162842,0.28999999165534973,1.8300000429153442],""normal_source"":""REPRESENTED_SPHERE_OUTWARD_NORMAL"",""frame_status"":""AVAILABLE""},""duplicate_of"":null}]",0,0,0,0,afd37bdf7ed543098fdc05a666b48797b33a4ff4b8ce28b8bfb865bfb624079e
ACTIVATED,G0,b8c5d914e5f8da6402151743448ea10d7ba8a53642cf1242134e57a8eaf6b533,"[1.0945530824320724,0.17063033292548943,1.8317443484998848]","[0.02508786259557042,-0.07065467644402328,0.001875059192708444]","[0.4716522991657257,0.12523484230041504,2.2526073455810547]",8f0977d300d1500f616cbdf672c46986622e84ce42ea1cc643ca7c9344c40789,0,diagnostic,REPRESENTED_SPHERE_SURFACE_NEIGHBOR,0.0,OUTWARD_NORMAL,0.075,-2e-05,-0.0025,936984,0.1344823372554296,0.2942480265571591,"[-0.1,-0.02934532355597673,0.09812494080729156]","[-0.09994859715494205,-0.02934532457299797,0.09812470538476885]",FINITE,9.9586890613991e-07,True,True,False,9.9586890613991e-07,False,True,15,,,False,,"[{""slot_index"":1,""candidate_id"":""ALT-01-OUTWARD"",""source"":""TASK_LOCAL_REPRESENTED_MAP_DIRECTIONAL_V1"",""formula"":""u_box(n)"",""availability"":""AVAILABLE"",""acceleration"":[0.037323663810260393,-0.1,0.0014612637776639558],""provenance"":{""query_status"":""FINITE"",""map_input"":""REPRESENTED_GAUSSIAN_SPHERE_ONLY"",""reference_input"":false,""active_primitive_id"":936984,""active_primitive_center"":[1.0499999523162842,0.28999999165534973,1.8300000429153442],""normal_source"":""REPRESENTED_SPHERE_OUTWARD_NORMAL"",""frame_status"":""AVAILABLE""},""duplicate_of"":null},{""slot_index"":2,""candidate_id"":""ALT-02-GOAL-TANGENT"",""source"":""TASK_LOCAL_REPRESENTED_MAP_DIRECTIONAL_V1"",""formula"":""u_box(t_g)"",""availability"":""AVAILABLE"",""acceleration"":[-0.10000000000000002,-0.036226530215496364,0.07508114630186583],""provenance"":{""query_status"":""FINITE"",""map_input"":""REPRESENTED_GAUSSIAN_SPHERE_ONLY"",""reference_input"":false,""active_primitive_id"":936984,""active_primitive_center"":[1.0499999523162842,0.28999999165534973,1.8300000429153442],""normal_source"":""REPRESENTED_SPHERE_OUTWARD_NORMAL"",""frame_status"":""AVAILABLE""},""duplicate_of"":null},{""slot_index"":3,""candidate_id"":""ALT-03-AUX-TANGENT-POS"",""source"":""TASK_LOCAL_REPRESENTED_MAP_DIRECTIONAL_V1"",""formula"":""u_box(t_a)"",""availability"":""AVAILABLE"",""acceleration"":[-0.06567219831788793,-0.02597253429463993,-0.1],""provenance"":{""query_status"":""FINITE"",""map_input"":""REPRESENTED_GAUSSIAN_SPHERE_ONLY"",""reference_input"":false,""active_primitive_id"":936984,""active_primitive_center"":[1.0499999523162842,0.28999999165534973,1.8300000429153442],""normal_source"":""REPRESENTED_SPHERE_OUTWARD_NORMAL"",""frame_status"":""AVAILABLE""},""duplicate_of"":null},{""slot_index"":4,""candidate_id"":""ALT-04-AUX-TANGENT-NEG"",""source"":""TASK_LOCAL_REPRESENTED_MAP_DIRECTIONAL_V1"",""formula"":""u_box(-t_a)"",""availability"":""AVAILABLE"",""acceleration"":[0.06567219831788793,0.02597253429463993,0.1],""provenance"":{""query_status"":""FINITE"",""map_input"":""REPRESENTED_GAUSSIAN_SPHERE_ONLY"",""reference_input"":false,""active_primitive_id"":936984,""active_primitive_center"":[1.0499999523162842,0.28999999165534973,1.8300000429153442],""normal_source"":""REPRESENTED_SPHERE_OUTWARD_NORMAL"",""frame_status"":""AVAILABLE""},""duplicate_of"":null},{""slot_index"":5,""candidate_id"":""ALT-05-BRAKE-BIASED-GOAL-TANGENT"",""source"":""TASK_LOCAL_REPRESENTED_MAP_DIRECTIONAL_V1"",""formula"":""u_box(normalize(project_Hv(b_hat+t_g)))"",""availability"":""AVAILABLE"",""acceleration"":[-0.1,0.027916043112433075,0.022071498650712774],""provenance"":{""query_status"":""FINITE"",""map_input"":""REPRESENTED_GAUSSIAN_SPHERE_ONLY"",""reference_input"":false,""active_primitive_id"":936984,""active_primitive_center"":[1.0499999523162842,0.28999999165534973,1.8300000429153442],""normal_source"":""REPRESENTED_SPHERE_OUTWARD_NORMAL"",""frame_status"":""AVAILABLE""},""duplicate_of"":null},{""slot_index"":6,""candidate_id"":""ALT-06-BRAKE-BIASED-OUTWARD"",""source"":""TASK_LOCAL_REPRESENTED_MAP_DIRECTIONAL_V1"",""formula"":""u_box(normalize(project_Hv(b_hat+n)))"",""availability"":""AVAILABLE"",""acceleration"":[-0.1,-0.037249490205470685,-0.06563228462006152],""provenance"":{""query_status"":""FINITE"",""map_input"":""REPRESENTED_GAUSSIAN_SPHERE_ONLY"",""reference_input"":false,""active_primitive_id"":936984,""active_primitive_center"":[1.0499999523162842,0.28999999165534973,1.8300000429153442],""normal_source"":""REPRESENTED_SPHERE_OUTWARD_NORMAL"",""frame_status"":""AVAILABLE""},""duplicate_of"":null}]",0,0,0,0,d8beffebba3b224198141356d6e93e200bbff512a59466cd7bb6bd48abb7882d
ACTIVATED,G0,d26f7bed3c565a9bc81a072a3ebb59f8c554dd20b021d0ea296aaecd9f6c24e9,"[1.0945530824320724,0.17063033292548943,1.8317443484998848]","[0.05,0.0,0.0]","[0.4716522991657257,0.12523484230041504,2.2526073455810547]",8f0977d300d1500f616cbdf672c46986622e84ce42ea1cc643ca7c9344c40789,0,diagnostic,REPRESENTED_SPHERE_SURFACE_NEIGHBOR,0.0,AXIS_X_POS,0.05,-2e-05,-0.0025,936984,0.1344823372554296,0.2942480265571591,"[-0.1,-0.1,0.1]","[-0.09998187563489347,-0.09992687094171672,0.09999043790841848]",FINITE,9.9586890613991e-07,True,True,False,9.9586890613991e-07,False,True,10,,,False,,"[{""slot_index"":1,""candidate_id"":""ALT-01-OUTWARD"",""source"":""TASK_LOCAL_REPRESENTED_MAP_DIRECTIONAL_V1"",""formula"":""u_box(n)"",""availability"":""AVAILABLE"",""acceleration"":[0.037323663810260393,-0.1,0.0014612637776639558],""provenance"":{""query_status"":""FINITE"",""map_input"":""REPRESENTED_GAUSSIAN_SPHERE_ONLY"",""reference_input"":false,""active_primitive_id"":936984,""active_primitive_center"":[1.0499999523162842,0.28999999165534973,1.8300000429153442],""normal_source"":""REPRESENTED_SPHERE_OUTWARD_NORMAL"",""frame_status"":""AVAILABLE""},""duplicate_of"":null},{""slot_index"":2,""candidate_id"":""ALT-02-GOAL-TANGENT"",""source"":""TASK_LOCAL_REPRESENTED_MAP_DIRECTIONAL_V1"",""formula"":""u_box(t_g)"",""availability"":""AVAILABLE"",""acceleration"":[-0.10000000000000002,-0.036226530215496364,0.07508114630186583],""provenance"":{""query_status"":""FINITE"",""map_input"":""REPRESENTED_GAUSSIAN_SPHERE_ONLY"",""reference_input"":false,""active_primitive_id"":936984,""active_primitive_center"":[1.0499999523162842,0.28999999165534973,1.8300000429153442],""normal_source"":""REPRESENTED_SPHERE_OUTWARD_NORMAL"",""frame_status"":""AVAILABLE""},""duplicate_of"":null},{""slot_index"":3,""candidate_id"":""ALT-03-AUX-TANGENT-POS"",""source"":""TASK_LOCAL_REPRESENTED_MAP_DIRECTIONAL_V1"",""formula"":""u_box(t_a)"",""availability"":""AVAILABLE"",""acceleration"":[-0.06567219831788793,-0.02597253429463993,-0.1],""provenance"":{""query_status"":""FINITE"",""map_input"":""REPRESENTED_GAUSSIAN_SPHERE_ONLY"",""reference_input"":false,""active_primitive_id"":936984,""active_primitive_center"":[1.0499999523162842,0.28999999165534973,1.8300000429153442],""normal_source"":""REPRESENTED_SPHERE_OUTWARD_NORMAL"",""frame_status"":""AVAILABLE""},""duplicate_of"":null},{""slot_index"":4,""candidate_id"":""ALT-04-AUX-TANGENT-NEG"",""source"":""TASK_LOCAL_REPRESENTED_MAP_DIRECTIONAL_V1"",""formula"":""u_box(-t_a)"",""availability"":""AVAILABLE"",""acceleration"":[0.06567219831788793,0.02597253429463993,0.1],""provenance"":{""query_status"":""FINITE"",""map_input"":""REPRESENTED_GAUSSIAN_SPHERE_ONLY"",""reference_input"":false,""active_primitive_id"":936984,""active_primitive_center"":[1.0499999523162842,0.28999999165534973,1.8300000429153442],""normal_source"":""REPRESENTED_SPHERE_OUTWARD_NORMAL"",""frame_status"":""AVAILABLE""},""duplicate_of"":null},{""slot_index"":5,""candidate_id"":""ALT-05-BRAKE-BIASED-GOAL-TANGENT"",""source"":""TASK_LOCAL_REPRESENTED_MAP_DIRECTIONAL_V1"",""formula"":""u_box(normalize(project_Hv(b_hat+t_g)))"",""availability"":""AVAILABLE"",""acceleration"":[-0.1,-0.01573763734496988,0.03261697559535929],""provenance"":{""query_status"":""FINITE"",""map_input"":""REPRESENTED_GAUSSIAN_SPHERE_ONLY"",""reference_input"":false,""active_primitive_id"":936984,""active_primitive_center"":[1.0499999523162842,0.28999999165534973,1.8300000429153442],""normal_source"":""REPRESENTED_SPHERE_OUTWARD_NORMAL"",""frame_status"":""AVAILABLE""},""duplicate_of"":null},{""slot_index"":6,""candidate_id"":""ALT-06-BRAKE-BIASED-OUTWARD"",""source"":""TASK_LOCAL_REPRESENTED_MAP_DIRECTIONAL_V1"",""formula"":""u_box(normalize(project_Hv(b_hat+n)))"",""availability"":""AVAILABLE"",""acceleration"":[-0.06942459693458383,-0.1,0.001461263777663956],""provenance"":{""query_status"":""FINITE"",""map_input"":""REPRESENTED_GAUSSIAN_SPHERE_ONLY"",""reference_input"":false,""active_primitive_id"":936984,""active_primitive_center"":[1.0499999523162842,0.28999999165534973,1.8300000429153442],""normal_source"":""REPRESENTED_SPHERE_OUTWARD_NORMAL"",""frame_status"":""AVAILABLE""},""duplicate_of"":null}]",0,0,0,0,54c57cedef750ea153d0887b9a9021771c6c72da32e793e22cd8376783878cfc
ACTIVATED,G0,f69ad54a8dbeb2f508736a67896913d0e770d6406924def161b35d4c6d2431bf,"[1.0945530824320724,0.17063033292548943,1.8317443484998848]","[0.0,0.0,0.075]","[0.4716522991657257,0.12523484230041504,2.2526073455810547]",8f0977d300d1500f616cbdf672c46986622e84ce42ea1cc643ca7c9344c40789,0,diagnostic,REPRESENTED_SPHERE_SURFACE_NEIGHBOR,0.0,AXIS_Z_POS,0.075,-2e-05,-0.0025,936984,0.1344823372554296,0.2942480265571591,"[-0.1,-0.1,0.02500000000000001]","[-0.07132298126918292,-0.0999999984772185,-0.009764208744676992]",FINITE,9.9586890613991e-07,True,True,False,9.9586890613991e-07,False,True,15,,,False,,"[{""slot_index"":1,""candidate_id"":""ALT-01-OUTWARD"",""source"":""TASK_LOCAL_REPRESENTED_MAP_DIRECTIONAL_V1"",""formula"":""u_box(n)"",""availability"":""AVAILABLE"",""acceleration"":[0.037323663810260393,-0.1,0.0014612637776639558],""provenance"":{""query_status"":""FINITE"",""map_input"":""REPRESENTED_GAUSSIAN_SPHERE_ONLY"",""reference_input"":false,""active_primitive_id"":936984,""active_primitive_center"":[1.0499999523162842,0.28999999165534973,1.8300000429153442],""normal_source"":""REPRESENTED_SPHERE_OUTWARD_NORMAL"",""frame_status"":""AVAILABLE""},""duplicate_of"":null},{""slot_index"":2,""candidate_id"":""ALT-02-GOAL-TANGENT"",""source"":""TASK_LOCAL_REPRESENTED_MAP_DIRECTIONAL_V1"",""formula"":""u_box(t_g)"",""availability"":""AVAILABLE"",""acceleration"":[-0.10000000000000002,-0.036226530215496364,0.07508114630186583],""provenance"":{""query_status"":""FINITE"",""map_input"":""REPRESENTED_GAUSSIAN_SPHERE_ONLY"",""reference_input"":false,""active_primitive_id"":936984,""active_primitive_center"":[1.0499999523162842,0.28999999165534973,1.8300000429153442],""normal_source"":""REPRESENTED_SPHERE_OUTWARD_NORMAL"",""frame_status"":""AVAILABLE""},""duplicate_of"":null},{""slot_index"":3,""candidate_id"":""ALT-03-AUX-TANGENT-POS"",""source"":""TASK_LOCAL_REPRESENTED_MAP_DIRECTIONAL_V1"",""formula"":""u_box(t_a)"",""availability"":""AVAILABLE"",""acceleration"":[-0.06567219831788793,-0.02597253429463993,-0.1],""provenance"":{""query_status"":""FINITE"",""map_input"":""REPRESENTED_GAUSSIAN_SPHERE_ONLY"",""reference_input"":false,""active_primitive_id"":936984,""active_primitive_center"":[1.0499999523162842,0.28999999165534973,1.8300000429153442],""normal_source"":""REPRESENTED_SPHERE_OUTWARD_NORMAL"",""frame_status"":""AVAILABLE""},""duplicate_of"":null},{""slot_index"":4,""candidate_id"":""ALT-04-AUX-TANGENT-NEG"",""source"":""TASK_LOCAL_REPRESENTED_MAP_DIRECTIONAL_V1"",""formula"":""u_box(-t_a)"",""availability"":""AVAILABLE"",""acceleration"":[0.06567219831788793,0.02597253429463993,0.1],""provenance"":{""query_status"":""FINITE"",""map_input"":""REPRESENTED_GAUSSIAN_SPHERE_ONLY"",""reference_input"":false,""active_primitive_id"":936984,""active_primitive_center"":[1.0499999523162842,0.28999999165534973,1.8300000429153442],""normal_source"":""REPRESENTED_SPHERE_OUTWARD_NORMAL"",""frame_status"":""AVAILABLE""},""duplicate_of"":null},{""slot_index"":5,""candidate_id"":""ALT-05-BRAKE-BIASED-GOAL-TANGENT"",""source"":""TASK_LOCAL_REPRESENTED_MAP_DIRECTIONAL_V1"",""formula"":""u_box(normalize(project_Hv(b_hat+t_g)))"",""availability"":""AVAILABLE"",""acceleration"":[-0.1,-0.036226530215496364,-0.055109252812110536],""provenance"":{""query_status"":""FINITE"",""map_input"":""REPRESENTED_GAUSSIAN_SPHERE_ONLY"",""reference_input"":false,""active_primitive_id"":936984,""active_primitive_center"":[1.0499999523162842,0.28999999165534973,1.8300000429153442],""normal_source"":""REPRESENTED_SPHERE_OUTWARD_NORMAL"",""frame_status"":""AVAILABLE""},""duplicate_of"":null},{""slot_index"":6,""candidate_id"":""ALT-06-BRAKE-BIASED-OUTWARD"",""source"":""TASK_LOCAL_REPRESENTED_MAP_DIRECTIONAL_V1"",""formula"":""u_box(normalize(project_Hv(b_hat+n)))"",""availability"":""AVAILABLE"",""acceleration"":[0.03544945234015441,-0.0949784901084905,-0.09999999999999999],""provenance"":{""query_status"":""FINITE"",""map_input"":""REPRESENTED_GAUSSIAN_SPHERE_ONLY"",""reference_input"":false,""active_primitive_id"":936984,""active_primitive_center"":[1.0499999523162842,0.28999999165534973,1.8300000429153442],""normal_source"":""REPRESENTED_SPHERE_OUTWARD_NORMAL"",""frame_status"":""AVAILABLE""},""duplicate_of"":null}]",0,0,0,0,f27b9a582bb2122fea087cdf9373ee6f06745b47fbdb986e31895778be594274
ACTIVATED,G1,030d8f7ba9a25b1ee01f298345bcb252bc73e0f3d7a5be6a52276b0865322bf8,"[0.6200725933602931,0.19332224243948323,2.092426878117831]","[0.06714360434094302,-0.016053710394926746,-0.029308953899153715]","[0.4716522991657257,0.12523484230041504,2.2526073455810547]",8f0977d300d1500f616cbdf672c46986622e84ce42ea1cc643ca7c9344c40789,0,diagnostic,REPRESENTED_SPHERE_SURFACE_NEIGHBOR,0.75,TANGENT_NEG,0.075,0.0,0.0025,834407,0.140412709139075,0.2942480265571591,"[-0.1,-0.08394628960507326,0.1]","[-0.09997292325676962,-0.08394628674566015,0.09996660233858923]",FINITE,5.395603008016836e-06,True,False,True,-1.5612511283791264e-17,False,False,,,,False,,"[{""slot_index"":1,""candidate_id"":""ALT-01-OUTWARD"",""source"":""TASK_LOCAL_REPRESENTED_MAP_DIRECTIONAL_V1"",""formula"":""u_box(n)"",""availability"":""AVAILABLE"",""acceleration"":[0.010418714892387304,-0.1,0.08525941938359327],""provenance"":{""query_status"":""FINITE"",""map_input"":""REPRESENTED_GAUSSIAN_SPHERE_ONLY"",""reference_input"":false,""active_primitive_id"":834407,""active_primitive_center"":[0.6100000143051147,0.28999999165534973,2.009999990463257],""normal_source"":""REPRESENTED_SPHERE_OUTWARD_NORMAL"",""frame_status"":""AVAILABLE""},""duplicate_of"":null},{""slot_index"":2,""candidate_id"":""ALT-02-GOAL-TANGENT"",""source"":""TASK_LOCAL_REPRESENTED_MAP_DIRECTIONAL_V1"",""formula"":""u_box(t_g)"",""availability"":""AVAILABLE"",""acceleration"":[-0.1,0.02552748477150537,0.0421609716835697],""provenance"":{""query_status"":""FINITE"",""map_input"":""REPRESENTED_GAUSSIAN_SPHERE_ONLY"",""reference_input"":false,""active_primitive_id"":834407,""active_primitive_center"":[0.6100000143051147,0.28999999165534973,2.009999990463257],""normal_source"":""REPRESENTED_SPHERE_OUTWARD_NORMAL"",""frame_status"":""AVAILABLE""},""duplicate_of"":null},{""slot_index"":3,""candidate_id"":""ALT-03-AUX-TANGENT-POS"",""source"":""TASK_LOCAL_REPRESENTED_MAP_DIRECTIONAL_V1"",""formula"":""u_box(t_a)"",""availability"":""AVAILABLE"",""acceleration"":[-0.06567219831788819,-0.09210161848989724,-0.1],""provenance"":{""query_status"":""FINITE"",""map_input"":""REPRESENTED_GAUSSIAN_SPHERE_ONLY"",""reference_input"":false,""active_primitive_id"":834407,""active_primitive_center"":[0.6100000143051147,0.28999999165534973,2.009999990463257],""normal_source"":""REPRESENTED_SPHERE_OUTWARD_NORMAL"",""frame_status"":""AVAILABLE""},""duplicate_of"":null},{""slot_index"":4,""candidate_id"":""ALT-04-AUX-TANGENT-NEG"",""source"":""TASK_LOCAL_REPRESENTED_MAP_DIRECTIONAL_V1"",""formula"":""u_box(-t_a)"",""availability"":""AVAILABLE"",""acceleration"":[0.06567219831788819,0.09210161848989724,0.1],""provenance"":{""query_status"":""FINITE"",""map_input"":""REPRESENTED_GAUSSIAN_SPHERE_ONLY"",""reference_input"":false,""active_primitive_id"":834407,""active_primitive_center"":[0.6100000143051147,0.28999999165534973,2.009999990463257],""normal_source"":""REPRESENTED_SPHERE_OUTWARD_NORMAL"",""frame_status"":""AVAILABLE""},""duplicate_of"":null},{""slot_index"":5,""candidate_id"":""ALT-05-BRAKE-BIASED-GOAL-TANGENT"",""source"":""TASK_LOCAL_REPRESENTED_MAP_DIRECTIONAL_V1"",""formula"":""u_box(normalize(project_Hv(b_hat+t_g)))"",""availability"":""AVAILABLE"",""acceleration"":[-0.09999999999999999,0.05469122746400811,0.06481097261652262],""provenance"":{""query_status"":""FINITE"",""map_input"":""REPRESENTED_GAUSSIAN_SPHERE_ONLY"",""reference_input"":false,""active_primitive_id"":834407,""active_primitive_center"":[0.6100000143051147,0.28999999165534973,2.009999990463257],""normal_source"":""REPRESENTED_SPHERE_OUTWARD_NORMAL"",""frame_status"":""AVAILABLE""},""duplicate_of"":null},{""slot_index"":6,""candidate_id"":""ALT-06-BRAKE-BIASED-OUTWARD"",""source"":""TASK_LOCAL_REPRESENTED_MAP_DIRECTIONAL_V1"",""formula"":""u_box(normalize(project_Hv(b_hat+n)))"",""availability"":""AVAILABLE"",""acceleration"":[-0.040708248574747384,-0.014805284680767403,0.1],""provenance"":{""query_status"":""FINITE"",""map_input"":""REPRESENTED_GAUSSIAN_SPHERE_ONLY"",""reference_input"":false,""active_primitive_id"":834407,""active_primitive_center"":[0.6100000143051147,0.28999999165534973,2.009999990463257],""normal_source"":""REPRESENTED_SPHERE_OUTWARD_NORMAL"",""frame_status"":""AVAILABLE""},""duplicate_of"":null}]",0,0,0,0,693a78b0af259e9f28f1f798b6f514f5203d1c28cc916920be69abec9d6cee66
ACTIVATED,G1,090f20070806b0ee4830ba74eae43aa72994d11814860d4bb1c009a7719046c5,"[0.7879112789160403,0.17417135549925136,2.023070770372361]","[0.08576072982249544,-0.02091603522075802,-0.046985281641775345]","[0.4716522991657257,0.12523484230041504,2.2526073455810547]",8f0977d300d1500f616cbdf672c46986622e84ce42ea1cc643ca7c9344c40789,0,diagnostic,REPRESENTED_SPHERE_SURFACE_NEIGHBOR,0.5,TANGENT_NEG,0.1,-2e-05,0.0025,881266,0.13923581048199787,0.2942480265571591,"[-0.1,-0.07908396477924198,0.1]","[-0.09996431518327183,-0.07908396256072127,0.09994079982563672]",FINITE,9.95868906127767e-07,True,False,True,-4.399600000018836e-06,False,False,,,,False,,"[{""slot_index"":1,""candidate_id"":""ALT-01-OUTWARD"",""source"":""TASK_LOCAL_REPRESENTED_MAP_DIRECTIONAL_V1"",""formula"":""u_box(n)"",""availability"":""AVAILABLE"",""acceleration"":[-0.0018033040972846293,-0.1,0.04581832569504661],""provenance"":{""query_status"":""FINITE"",""map_input"":""REPRESENTED_GAUSSIAN_SPHERE_ONLY"",""reference_input"":false,""active_primitive_id"":881266,""active_primitive_center"":[0.7900000214576721,0.28999999165534973,1.9700000286102295],""normal_source"":""REPRESENTED_SPHERE_OUTWARD_NORMAL"",""frame_status"":""AVAILABLE""},""duplicate_of"":null},{""slot_index"":2,""candidate_id"":""ALT-02-GOAL-TANGENT"",""source"":""TASK_LOCAL_REPRESENTED_MAP_DIRECTIONAL_V1"",""formula"":""u_box(t_g)"",""availability"":""AVAILABLE"",""acceleration"":[-0.1,0.0264782506966728,0.05385388100738866],""provenance"":{""query_status"":""FINITE"",""map_input"":""REPRESENTED_GAUSSIAN_SPHERE_ONLY"",""reference_input"":false,""active_primitive_id"":881266,""active_primitive_center"":[0.7900000214576721,0.28999999165534973,1.9700000286102295],""normal_source"":""REPRESENTED_SPHERE_OUTWARD_NORMAL"",""frame_status"":""AVAILABLE""},""duplicate_of"":null},{""slot_index"":3,""candidate_id"":""ALT-03-AUX-TANGENT-POS"",""source"":""TASK_LOCAL_REPRESENTED_MAP_DIRECTIONAL_V1"",""formula"":""u_box(t_a)"",""availability"":""AVAILABLE"",""acceleration"":[-0.06567219831788802,-0.04463405625200326,-0.1],""provenance"":{""query_status"":""FINITE"",""map_input"":""REPRESENTED_GAUSSIAN_SPHERE_ONLY"",""reference_input"":false,""active_primitive_id"":881266,""active_primitive_center"":[0.7900000214576721,0.28999999165534973,1.9700000286102295],""normal_source"":""REPRESENTED_SPHERE_OUTWARD_NORMAL"",""frame_status"":""AVAILABLE""},""duplicate_of"":null},{""slot_index"":4,""candidate_id"":""ALT-04-AUX-TANGENT-NEG"",""source"":""TASK_LOCAL_REPRESENTED_MAP_DIRECTIONAL_V1"",""formula"":""u_box(-t_a)"",""availability"":""AVAILABLE"",""acceleration"":[0.06567219831788802,0.04463405625200326,0.1],""provenance"":{""query_status"":""FINITE"",""map_input"":""REPRESENTED_GAUSSIAN_SPHERE_ONLY"",""reference_input"":false,""active_primitive_id"":881266,""active_primitive_center"":[0.7900000214576721,0.28999999165534973,1.9700000286102295],""normal_source"":""REPRESENTED_SPHERE_OUTWARD_NORMAL"",""frame_status"":""AVAILABLE""},""duplicate_of"":null},{""slot_index"":5,""candidate_id"":""ALT-05-BRAKE-BIASED-GOAL-TANGENT"",""source"":""TASK_LOCAL_REPRESENTED_MAP_DIRECTIONAL_V1"",""formula"":""u_box(normalize(project_Hv(b_hat+t_g)))"",""availability"":""AVAILABLE"",""acceleration"":[-0.1,0.056062702821219355,0.0724226400617758],""provenance"":{""query_status"":""FINITE"",""map_input"":""REPRESENTED_GAUSSIAN_SPHERE_ONLY"",""reference_input"":false,""active_primitive_id"":881266,""active_primitive_center"":[0.7900000214576721,0.28999999165534973,1.9700000286102295],""normal_source"":""REPRESENTED_SPHERE_OUTWARD_NORMAL"",""frame_status"":""AVAILABLE""},""duplicate_of"":null},{""slot_index"":6,""candidate_id"":""ALT-06-BRAKE-BIASED-OUTWARD"",""source"":""TASK_LOCAL_REPRESENTED_MAP_DIRECTIONAL_V1"",""formula"":""u_box(normalize(project_Hv(b_hat+n)))"",""availability"":""AVAILABLE"",""acceleration"":[-0.059742457126441266,-0.03337009242129679,0.1],""provenance"":{""query_status"":""FINITE"",""map_input"":""REPRESENTED_GAUSSIAN_SPHERE_ONLY"",""reference_input"":false,""active_primitive_id"":881266,""active_primitive_center"":[0.7900000214576721,0.28999999165534973,1.9700000286102295],""normal_source"":""REPRESENTED_SPHERE_OUTWARD_NORMAL"",""frame_status"":""AVAILABLE""},""duplicate_of"":null}]",0,0,0,0,5bbe1ccec03d696933cd8606a63cb35c2548de226088d34af7510c19167e9941
ACTIVATED,G1,1691f371be27704f087f13d39c0b0c846a4288c9530dd44b6680484cc6054c1a,"[0.9473622632637703,0.16285062731973313,1.9382653820516749]","[0.08361876724552814,-0.0033271161002031676,-0.05474332893416294]","[0.4716522991657257,0.12523484230041504,2.2526073455810547]",8f0977d300d1500f616cbdf672c46986622e84ce42ea1cc643ca7c9344c40789,0,diagnostic,REPRESENTED_SPHERE_SURFACE_NEIGHBOR,0.25,TANGENT_NEG,0.1,0.0,0.0025,915688,0.13048503917657628,0.2942480265571591,"[-0.1,-0.09667288389979684,0.1]","[-0.09996959914228723,-0.09667281104261541,0.09995385469326575]",FINITE,5.395603008035918e-06,True,False,True,-8.673617379884035e-18,False,False,,,,False,,"[{""slot_index"":1,""candidate_id"":""ALT-01-OUTWARD"",""source"":""TASK_LOCAL_REPRESENTED_MAP_DIRECTIONAL_V1"",""formula"":""u_box(n)"",""availability"":""AVAILABLE"",""acceleration"":[-0.0020745088495593127,-0.1,0.006500570841978632],""provenance"":{""query_status"":""FINITE"",""map_input"":""REPRESENTED_GAUSSIAN_SPHERE_ONLY"",""reference_input"":false,""active_primitive_id"":915688,""active_primitive_center"":[0.949999988079071,0.28999999165534973,1.9299999475479126],""normal_source"":""REPRESENTED_SPHERE_OUTWARD_NORMAL"",""frame_status"":""AVAILABLE""},""duplicate_of"":null},{""slot_index"":2,""candidate_id"":""ALT-02-GOAL-TANGENT"",""source"":""TASK_LOCAL_REPRESENTED_MAP_DIRECTIONAL_V1"",""formula"":""u_box(t_g)"",""availability"":""AVAILABLE"",""acceleration"":[-0.1,0.0063224588519250596,0.06534733803582031],""provenance"":{""query_status"":""FINITE"",""map_input"":""REPRESENTED_GAUSSIAN_SPHERE_ONLY"",""reference_input"":false,""active_primitive_id"":915688,""active_primitive_center"":[0.949999988079071,0.28999999165534973,1.9299999475479126],""normal_source"":""REPRESENTED_SPHERE_OUTWARD_NORMAL"",""frame_status"":""AVAILABLE""},""duplicate_of"":null},{""slot_index"":3,""candidate_id"":""ALT-03-AUX-TANGENT-POS"",""source"":""TASK_LOCAL_REPRESENTED_MAP_DIRECTIONAL_V1"",""formula"":""u_box(t_a)"",""availability"":""AVAILABLE"",""acceleration"":[-0.06567219831788797,-0.005138195276173904,-0.1],""provenance"":{""query_status"":""FINITE"",""map_input"":""REPRESENTED_GAUSSIAN_SPHERE_ONLY"",""reference_input"":false,""active_primitive_id"":915688,""active_primitive_center"":[0.949999988079071,0.28999999165534973,1.9299999475479126],""normal_source"":""REPRESENTED_SPHERE_OUTWARD_NORMAL"",""frame_status"":""AVAILABLE""},""duplicate_of"":null},{""slot_index"":4,""candidate_id"":""ALT-04-AUX-TANGENT-NEG"",""source"":""TASK_LOCAL_REPRESENTED_MAP_DIRECTIONAL_V1"",""formula"":""u_box(-t_a)"",""availability"":""AVAILABLE"",""acceleration"":[0.06567219831788797,0.005138195276173904,0.1],""provenance"":{""query_status"":""FINITE"",""map_input"":""REPRESENTED_GAUSSIAN_SPHERE_ONLY"",""reference_input"":false,""active_primitive_id"":915688,""active_primitive_center"":[0.949999988079071,0.28999999165534973,1.9299999475479126],""normal_source"":""REPRESENTED_SPHERE_OUTWARD_NORMAL"",""frame_status"":""AVAILABLE""},""duplicate_of"":null},{""slot_index"":5,""candidate_id"":""ALT-05-BRAKE-BIASED-GOAL-TANGENT"",""source"":""TASK_LOCAL_REPRESENTED_MAP_DIRECTIONAL_V1"",""formula"":""u_box(normalize(project_Hv(b_hat+t_g)))"",""availability"":""AVAILABLE"",""acceleration"":[-0.09999999999999999,0.03243088531612686,0.08037105993294494],""provenance"":{""query_status"":""FINITE"",""map_input"":""REPRESENTED_GAUSSIAN_SPHERE_ONLY"",""reference_input"":false,""active_primitive_id"":915688,""active_primitive_center"":[0.949999988079071,0.28999999165534973,1.9299999475479126],""normal_source"":""REPRESENTED_SPHERE_OUTWARD_NORMAL"",""frame_status"":""AVAILABLE""},""duplicate_of"":null},{""slot_index"":6,""candidate_id"":""ALT-06-BRAKE-BIASED-OUTWARD"",""source"":""TASK_LOCAL_REPRESENTED_MAP_DIRECTIONAL_V1"",""formula"":""u_box(normalize(project_Hv(b_hat+n)))"",""availability"":""AVAILABLE"",""acceleration"":[-0.09373356384862694,-0.08116232048973719,0.1],""provenance"":{""query_status"":""FINITE"",""map_input"":""REPRESENTED_GAUSSIAN_SPHERE_ONLY"",""reference_input"":false,""active_primitive_id"":915688,""active_primitive_center"":[0.949999988079071,0.28999999165534973,1.9299999475479126],""normal_source"":""REPRESENTED_SPHERE_OUTWARD_NORMAL"",""frame_status"":""AVAILABLE""},""duplicate_of"":null}]",0,0,0,0,6518082c189a9dffe107df8f0607e8bd53f94e5ed8d380e9bc47a1f943873646
ACTIVATED,G1,2067ab0c1e7ac5a75bb8773a63137dcc92db6e244b33bc35d661ee83c4fd64e3,"[0.6223107135049912,0.19278711875965235,2.0914499129878594]","[0.02238120144698101,-0.005351236798308916,-0.009769651299717907]","[0.4716522991657257,0.12523484230041504,2.2526073455810547]",8f0977d300d1500f616cbdf672c46986622e84ce42ea1cc643ca7c9344c40789,0,diagnostic,REPRESENTED_SPHERE_SURFACE_NEIGHBOR,0.75,TANGENT_NEG,0.025,0.0,0.0,834407,0.14036482840207928,0.2942480265571591,"[-0.1,-0.09464876320169109,0.1]","[-0.09998985012947176,-0.09464872430935234,0.09996555180476885]",FINITE,3.469446951953614e-18,True,False,True,-8.673617379884035e-18,False,False,,,,False,,"[{""slot_index"":1,""candidate_id"":""ALT-01-OUTWARD"",""source"":""TASK_LOCAL_REPRESENTED_MAP_DIRECTIONAL_V1"",""formula"":""u_box(n)"",""availability"":""AVAILABLE"",""acceleration"":[0.012663651256439059,-0.1,0.0837851203224831],""provenance"":{""query_status"":""FINITE"",""map_input"":""REPRESENTED_GAUSSIAN_SPHERE_ONLY"",""reference_input"":false,""active_primitive_id"":834407,""active_primitive_center"":[0.6100000143051147,0.28999999165534973,2.009999990463257],""normal_source"":""REPRESENTED_SPHERE_OUTWARD_NORMAL"",""frame_status"":""AVAILABLE""},""duplicate_of"":null},{""slot_index"":2,""candidate_id"":""ALT-02-GOAL-TANGENT"",""source"":""TASK_LOCAL_REPRESENTED_MAP_DIRECTIONAL_V1"",""formula"":""u_box(t_g)"",""availability"":""AVAILABLE"",""acceleration"":[-0.1,0.02390951536263811,0.04365114769580754],""provenance"":{""query_status"":""FINITE"",""map_input"":""REPRESENTED_GAUSSIAN_SPHERE_ONLY"",""reference_input"":false,""active_primitive_id"":834407,""active_primitive_center"":[0.6100000143051147,0.28999999165534973,2.009999990463257],""normal_source"":""REPRESENTED_SPHERE_OUTWARD_NORMAL"",""frame_status"":""AVAILABLE""},""duplicate_of"":null},{""slot_index"":3,""candidate_id"":""ALT-03-AUX-TANGENT-POS"",""source"":""TASK_LOCAL_REPRESENTED_MAP_DIRECTIONAL_V1"",""formula"":""u_box(t_a)"",""availability"":""AVAILABLE"",""acceleration"":[-0.0656721983178879,-0.09210161848989745,-0.1],""provenance"":{""query_status"":""FINITE"",""map_input"":""REPRESENTED_GAUSSIAN_SPHERE_ONLY"",""reference_input"":false,""active_primitive_id"":834407,""active_primitive_center"":[0.6100000143051147,0.28999999165534973,2.009999990463257],""normal_source"":""REPRESENTED_SPHERE_OUTWARD_NORMAL"",""frame_status"":""AVAILABLE""},""duplicate_of"":null},{""slot_index"":4,""candidate_id"":""ALT-04-AUX-TANGENT-NEG"",""source"":""TASK_LOCAL_REPRESENTED_MAP_DIRECTIONAL_V1"",""formula"":""u_box(-t_a)"",""availability"":""AVAILABLE"",""acceleration"":[0.0656721983178879,0.09210161848989745,0.1],""provenance"":{""query_status"":""FINITE"",""map_input"":""REPRESENTED_GAUSSIAN_SPHERE_ONLY"",""reference_input"":false,""active_primitive_id"":834407,""active_primitive_center"":[0.6100000143051147,0.28999999165534973,2.009999990463257],""normal_source"":""REPRESENTED_SPHERE_OUTWARD_NORMAL"",""frame_status"":""AVAILABLE""},""duplicate_of"":null},{""slot_index"":5,""candidate_id"":""ALT-05-BRAKE-BIASED-GOAL-TANGENT"",""source"":""TASK_LOCAL_REPRESENTED_MAP_DIRECTIONAL_V1"",""formula"":""u_box(normalize(project_Hv(b_hat+t_g)))"",""availability"":""AVAILABLE"",""acceleration"":[-0.09999999999999999,0.05374172485291518,0.06574340764771672],""provenance"":{""query_status"":""FINITE"",""map_input"":""REPRESENTED_GAUSSIAN_SPHERE_ONLY"",""reference_input"":false,""active_primitive_id"":834407,""active_primitive_center"":[0.6100000143051147,0.28999999165534973,2.009999990463257],""normal_source"":""REPRESENTED_SPHERE_OUTWARD_NORMAL"",""frame_status"":""AVAILABLE""},""duplicate_of"":null},{""slot_index"":6,""candidate_id"":""ALT-06-BRAKE-BIASED-OUTWARD"",""source"":""TASK_LOCAL_REPRESENTED_MAP_DIRECTIONAL_V1"",""formula"":""u_box(normalize(project_Hv(b_hat+n)))"",""availability"":""AVAILABLE"",""acceleration"":[-0.03951559286898582,-0.01525428328666042,0.1],""provenance"":{""query_status"":""FINITE"",""map_input"":""REPRESENTED_GAUSSIAN_SPHERE_ONLY"",""reference_input"":false,""active_primitive_id"":834407,""active_primitive_center"":[0.6100000143051147,0.28999999165534973,2.009999990463257],""normal_source"":""REPRESENTED_SPHERE_OUTWARD_NORMAL"",""frame_status"":""AVAILABLE""},""duplicate_of"":null}]",0,0,0,0,437cf9c6ee0cf535561e2b952fd3c1449f8e8e56ec382a09befdf607260fbeda
ACTIVATED,G1,2e3e585d1d04ea8a1f278e9bd55a774712ebddd3cf29896f0368f706d5f05671,"[0.9473622632637703,0.16285062731973313,1.9382653820516749]","[0.0627140754341461,-0.0024953370751523755,-0.041057496700622205]","[0.4716522991657257,0.12523484230041504,2.2526073455810547]",8f0977d300d1500f616cbdf672c46986622e84ce42ea1cc643ca7c9344c40789,0,diagnostic,REPRESENTED_SPHERE_SURFACE_NEIGHBOR,0.25,TANGENT_NEG,0.075,0.0,0.0025,915688,0.13048503917657628,0.2942480265571591,"[-0.1,-0.09750466292484763,0.1]","[-0.09994657021994757,-0.09750426892942798,0.09996262326612426]",FINITE,5.395603008035918e-06,True,False,True,-8.673617379884035e-18,False,False,,,,False,,"[{""slot_index"":1,""candidate_id"":""ALT-01-OUTWARD"",""source"":""TASK_LOCAL_REPRESENTED_MAP_DIRECTIONAL_V1"",""formula"":""u_box(n)"",""availability"":""AVAILABLE"",""acceleration"":[-0.0020745088495593127,-0.1,0.006500570841978632],""provenance"":{""query_status"":""FINITE"",""map_input"":""REPRESENTED_GAUSSIAN_SPHERE_ONLY"",""reference_input"":false,""active_primitive_id"":915688,""active_primitive_center"":[0.949999988079071,0.28999999165534973,1.9299999475479126],""normal_source"":""REPRESENTED_SPHERE_OUTWARD_NORMAL"",""frame_status"":""AVAILABLE""},""duplicate_of"":null},{""slot_index"":2,""candidate_id"":""ALT-02-GOAL-TANGENT"",""source"":""TASK_LOCAL_REPRESENTED_MAP_DIRECTIONAL_V1"",""formula"":""u_box(t_g)"",""availability"":""AVAILABLE"",""acceleration"":[-0.1,0.0063224588519250596,0.06534733803582031],""provenance"":{""query_status"":""FINITE"",""map_input"":""REPRESENTED_GAUSSIAN_SPHERE_ONLY"",""reference_input"":false,""active_primitive_id"":915688,""active_primitive_center"":[0.949999988079071,0.28999999165534973,1.9299999475479126],""normal_source"":""REPRESENTED_SPHERE_OUTWARD_NORMAL"",""frame_status"":""AVAILABLE""},""duplicate_of"":null},{""slot_index"":3,""candidate_id"":""ALT-03-AUX-TANGENT-POS"",""source"":""TASK_LOCAL_REPRESENTED_MAP_DIRECTIONAL_V1"",""formula"":""u_box(t_a)"",""availability"":""AVAILABLE"",""acceleration"":[-0.06567219831788797,-0.005138195276173904,-0.1],""provenance"":{""query_status"":""FINITE"",""map_input"":""REPRESENTED_GAUSSIAN_SPHERE_ONLY"",""reference_input"":false,""active_primitive_id"":915688,""active_primitive_center"":[0.949999988079071,0.28999999165534973,1.9299999475479126],""normal_source"":""REPRESENTED_SPHERE_OUTWARD_NORMAL"",""frame_status"":""AVAILABLE""},""duplicate_of"":null},{""slot_index"":4,""candidate_id"":""ALT-04-AUX-TANGENT-NEG"",""source"":""TASK_LOCAL_REPRESENTED_MAP_DIRECTIONAL_V1"",""formula"":""u_box(-t_a)"",""availability"":""AVAILABLE"",""acceleration"":[0.06567219831788797,0.005138195276173904,0.1],""provenance"":{""query_status"":""FINITE"",""map_input"":""REPRESENTED_GAUSSIAN_SPHERE_ONLY"",""reference_input"":false,""active_primitive_id"":915688,""active_primitive_center"":[0.949999988079071,0.28999999165534973,1.9299999475479126],""normal_source"":""REPRESENTED_SPHERE_OUTWARD_NORMAL"",""frame_status"":""AVAILABLE""},""duplicate_of"":null},{""slot_index"":5,""candidate_id"":""ALT-05-BRAKE-BIASED-GOAL-TANGENT"",""source"":""TASK_LOCAL_REPRESENTED_MAP_DIRECTIONAL_V1"",""formula"":""u_box(normalize(project_Hv(b_hat+t_g)))"",""availability"":""AVAILABLE"",""acceleration"":[-0.1,0.025661842772354,0.08072354920245879],""provenance"":{""query_status"":""FINITE"",""map_input"":""REPRESENTED_GAUSSIAN_SPHERE_ONLY"",""reference_input"":false,""active_primitive_id"":915688,""active_primitive_center"":[0.949999988079071,0.28999999165534973,1.9299999475479126],""normal_source"":""REPRESENTED_SPHERE_OUTWARD_NORMAL"",""frame_status"":""AVAILABLE""},""duplicate_of"":null},{""slot_index"":6,""candidate_id"":""ALT-06-BRAKE-BIASED-OUTWARD"",""source"":""TASK_LOCAL_REPRESENTED_MAP_DIRECTIONAL_V1"",""formula"":""u_box(normalize(project_Hv(b_hat+n)))"",""availability"":""AVAILABLE"",""acceleration"":[-0.09396468863276942,-0.09087552369365305,0.1],""provenance"":{""query_status"":""FINITE"",""map_input"":""REPRESENTED_GAUSSIAN_SPHERE_ONLY"",""reference_input"":false,""active_primitive_id"":915688,""active_primitive_center"":[0.949999988079071,0.28999999165534973,1.9299999475479126],""normal_source"":""REPRESENTED_SPHERE_OUTWARD_NORMAL"",""frame_status"":""AVAILABLE""},""duplicate_of"":null}]",0,0,0,0,b2918b5cf90c8945f02360fb0d6701b0dd6e9a0459a5119dd09f00d12e576c38
ACTIVATED,G1,399118ab0f77d17ea962d88e8936c4fc75cd72591aade25f89c318b982ebc57e,"[1.0945597725287644,0.1706114916784377,1.8317448485156693]","[-0.058111328076115853,-0.01948690580257032,0.043224229911842035]","[0.4716522991657257,0.12523484230041504,2.2526073455810547]",8f0977d300d1500f616cbdf672c46986622e84ce42ea1cc643ca7c9344c40789,0,diagnostic,REPRESENTED_SPHERE_SURFACE_NEIGHBOR,0.0,TANGENT_POS,0.075,0.0,-0.0025,936984,0.13450222886395855,0.2942480265571591,"[-0.04188867192388415,-0.08051309419742969,0.05677577008815797]","[-0.04138556614827893,-0.08144344648857134,0.056321796716119484]",FINITE,5.395603008035918e-06,True,False,True,-1.5612511283791264e-17,False,False,,,,False,,"[{""slot_index"":1,""candidate_id"":""ALT-01-OUTWARD"",""source"":""TASK_LOCAL_REPRESENTED_MAP_DIRECTIONAL_V1"",""formula"":""u_box(n)"",""availability"":""AVAILABLE"",""acceleration"":[0.037323377227368955,-0.1,0.0014614519829485278],""provenance"":{""query_status"":""FINITE"",""map_input"":""REPRESENTED_GAUSSIAN_SPHERE_ONLY"",""reference_input"":false,""active_primitive_id"":936984,""active_primitive_center"":[1.0499999523162842,0.28999999165534973,1.8300000429153442],""normal_source"":""REPRESENTED_SPHERE_OUTWARD_NORMAL"",""frame_status"":""AVAILABLE""},""duplicate_of"":null},{""slot_index"":2,""candidate_id"":""ALT-02-GOAL-TANGENT"",""source"":""TASK_LOCAL_REPRESENTED_MAP_DIRECTIONAL_V1"",""formula"":""u_box(t_g)"",""availability"":""AVAILABLE"",""acceleration"":[-0.1,-0.03622610394394486,0.07508103558834091],""provenance"":{""query_status"":""FINITE"",""map_input"":""REPRESENTED_GAUSSIAN_SPHERE_ONLY"",""reference_input"":false,""active_primitive_id"":936984,""active_primitive_center"":[1.0499999523162842,0.28999999165534973,1.8300000429153442],""normal_source"":""REPRESENTED_SPHERE_OUTWARD_NORMAL"",""frame_status"":""AVAILABLE""},""duplicate_of"":null},{""slot_index"":3,""candidate_id"":""ALT-03-AUX-TANGENT-POS"",""source"":""TASK_LOCAL_REPRESENTED_MAP_DIRECTIONAL_V1"",""formula"":""u_box(t_a)"",""availability"":""AVAILABLE"",""acceleration"":[-0.065672198317888,-0.025972534294639714,-0.1],""provenance"":{""query_status"":""FINITE"",""map_input"":""REPRESENTED_GAUSSIAN_SPHERE_ONLY"",""reference_input"":false,""active_primitive_id"":936984,""active_primitive_center"":[1.0499999523162842,0.28999999165534973,1.8300000429153442],""normal_source"":""REPRESENTED_SPHERE_OUTWARD_NORMAL"",""frame_status"":""AVAILABLE""},""duplicate_of"":null},{""slot_index"":4,""candidate_id"":""ALT-04-AUX-TANGENT-NEG"",""source"":""TASK_LOCAL_REPRESENTED_MAP_DIRECTIONAL_V1"",""formula"":""u_box(-t_a)"",""availability"":""AVAILABLE"",""acceleration"":[0.065672198317888,0.025972534294639714,0.1],""provenance"":{""query_status"":""FINITE"",""map_input"":""REPRESENTED_GAUSSIAN_SPHERE_ONLY"",""reference_input"":false,""active_primitive_id"":936984,""active_primitive_center"":[1.0499999523162842,0.28999999165534973,1.8300000429153442],""normal_source"":""REPRESENTED_SPHERE_OUTWARD_NORMAL"",""frame_status"":""AVAILABLE""},""duplicate_of"":null},{""slot_index"":5,""candidate_id"":""ALT-05-BRAKE-BIASED-GOAL-TANGENT"",""source"":""TASK_LOCAL_REPRESENTED_MAP_DIRECTIONAL_V1"",""formula"":""u_box(normalize(project_Hv(b_hat+t_g)))"",""availability"":""AVAILABLE"",""acceleration"":[-0.04310708121767394,0.1,-0.012870539508086793],""provenance"":{""query_status"":""FINITE"",""map_input"":""REPRESENTED_GAUSSIAN_SPHERE_ONLY"",""reference_input"":false,""active_primitive_id"":936984,""active_primitive_center"":[1.0499999523162842,0.28999999165534973,1.8300000429153442],""normal_source"":""REPRESENTED_SPHERE_OUTWARD_NORMAL"",""frame_status"":""AVAILABLE""},""duplicate_of"":null},{""slot_index"":6,""candidate_id"":""ALT-06-BRAKE-BIASED-OUTWARD"",""source"":""TASK_LOCAL_REPRESENTED_MAP_DIRECTIONAL_V1"",""formula"":""u_box(normalize(project_Hv(b_hat+n)))"",""availability"":""AVAILABLE"",""acceleration"":[0.1,-0.0387743211226816,-0.06080537449490979],""provenance"":{""query_status"":""FINITE"",""map_input"":""REPRESENTED_GAUSSIAN_SPHERE_ONLY"",""reference_input"":false,""active_primitive_id"":936984,""active_primitive_center"":[1.0499999523162842,0.28999999165534973,1.8300000429153442],""normal_source"":""REPRESENTED_SPHERE_OUTWARD_NORMAL"",""frame_status"":""AVAILABLE""},""duplicate_of"":null}]",0,0,0,0,a6cbbbd2eae24ba7d9e22602bd6f3d6785262e31e6729e57c9c506b6f5a4bb99
ACTIVATED,G1,49b0ef175ab71bfbef232228135f074233920cb420fb946fb5de8724962566de,"[0.9473622632637703,0.16285062731973313,1.9382653820516749]","[0.075,0.0,0.0]","[0.4716522991657257,0.12523484230041504,2.2526073455810547]",8f0977d300d1500f616cbdf672c46986622e84ce42ea1cc643ca7c9344c40789,0,diagnostic,REPRESENTED_SPHERE_SURFACE_NEIGHBOR,0.25,AXIS_X_POS,0.075,0.0,0.0025,915688,0.13048503917657628,0.2942480265571591,"[-0.1,-0.1,0.1]","[-0.09996197590355292,-0.09998419361003594,0.09998629067289075]",FINITE,5.395603008035918e-06,True,False,True,-6.108514953619137e-07,False,False,,,,False,,"[{""slot_index"":1,""candidate_id"":""ALT-01-OUTWARD"",""source"":""TASK_LOCAL_REPRESENTED_MAP_DIRECTIONAL_V1"",""formula"":""u_box(n)"",""availability"":""AVAILABLE"",""acceleration"":[-0.0020745088495593127,-0.1,0.006500570841978632],""provenance"":{""query_status"":""FINITE"",""map_input"":""REPRESENTED_GAUSSIAN_SPHERE_ONLY"",""reference_input"":false,""active_primitive_id"":915688,""active_primitive_center"":[0.949999988079071,0.28999999165534973,1.9299999475479126],""normal_source"":""REPRESENTED_SPHERE_OUTWARD_NORMAL"",""frame_status"":""AVAILABLE""},""duplicate_of"":null},{""slot_index"":2,""candidate_id"":""ALT-02-GOAL-TANGENT"",""source"":""TASK_LOCAL_REPRESENTED_MAP_DIRECTIONAL_V1"",""formula"":""u_box(t_g)"",""availability"":""AVAILABLE"",""acceleration"":[-0.1,0.0063224588519250596,0.06534733803582031],""provenance"":{""query_status"":""FINITE"",""map_input"":""REPRESENTED_GAUSSIAN_SPHERE_ONLY"",""reference_input"":false,""active_primitive_id"":915688,""active_primitive_center"":[0.949999988079071,0.28999999165534973,1.9299999475479126],""normal_source"":""REPRESENTED_SPHERE_OUTWARD_NORMAL"",""frame_status"":""AVAILABLE""},""duplicate_of"":null},{""slot_index"":3,""candidate_id"":""ALT-03-AUX-TANGENT-POS"",""source"":""TASK_LOCAL_REPRESENTED_MAP_DIRECTIONAL_V1"",""formula"":""u_box(t_a)"",""availability"":""AVAILABLE"",""acceleration"":[-0.06567219831788797,-0.005138195276173904,-0.1],""provenance"":{""query_status"":""FINITE"",""map_input"":""REPRESENTED_GAUSSIAN_SPHERE_ONLY"",""reference_input"":false,""active_primitive_id"":915688,""active_primitive_center"":[0.949999988079071,0.28999999165534973,1.9299999475479126],""normal_source"":""REPRESENTED_SPHERE_OUTWARD_NORMAL"",""frame_status"":""AVAILABLE""},""duplicate_of"":null},{""slot_index"":4,""candidate_id"":""ALT-04-AUX-TANGENT-NEG"",""source"":""TASK_LOCAL_REPRESENTED_MAP_DIRECTIONAL_V1"",""formula"":""u_box(-t_a)"",""availability"":""AVAILABLE"",""acceleration"":[0.06567219831788797,0.005138195276173904,0.1],""provenance"":{""query_status"":""FINITE"",""map_input"":""REPRESENTED_GAUSSIAN_SPHERE_ONLY"",""reference_input"":false,""active_primitive_id"":915688,""active_primitive_center"":[0.949999988079071,0.28999999165534973,1.9299999475479126],""normal_source"":""REPRESENTED_SPHERE_OUTWARD_NORMAL"",""frame_status"":""AVAILABLE""},""duplicate_of"":null},{""slot_index"":5,""candidate_id"":""ALT-05-BRAKE-BIASED-GOAL-TANGENT"",""source"":""TASK_LOCAL_REPRESENTED_MAP_DIRECTIONAL_V1"",""formula"":""u_box(normalize(project_Hv(b_hat+t_g)))"",""availability"":""AVAILABLE"",""acceleration"":[-0.1,0.002878746009445676,0.029753991762435456],""provenance"":{""query_status"":""FINITE"",""map_input"":""REPRESENTED_GAUSSIAN_SPHERE_ONLY"",""reference_input"":false,""active_primitive_id"":915688,""active_primitive_center"":[0.949999988079071,0.28999999165534973,1.9299999475479126],""normal_source"":""REPRESENTED_SPHERE_OUTWARD_NORMAL"",""frame_status"":""AVAILABLE""},""duplicate_of"":null},{""slot_index"":6,""candidate_id"":""ALT-06-BRAKE-BIASED-OUTWARD"",""source"":""TASK_LOCAL_REPRESENTED_MAP_DIRECTIONAL_V1"",""formula"":""u_box(normalize(project_Hv(b_hat+n)))"",""availability"":""AVAILABLE"",""acceleration"":[-0.1,-0.0977449807468873,0.006353981717929783],""provenance"":{""query_status"":""FINITE"",""map_input"":""REPRESENTED_GAUSSIAN_SPHERE_ONLY"",""reference_input"":false,""active_primitive_id"":915688,""active_primitive_center"":[0.949999988079071,0.28999999165534973,1.9299999475479126],""normal_source"":""REPRESENTED_SPHERE_OUTWARD_NORMAL"",""frame_status"":""AVAILABLE""},""duplicate_of"":null}]",0,0,0,0,a78e30dd32ad8a87afddbe6bcb1e0b47c5fa08ef51a7661115fdb57f349a0efa
ACTIVATED,G1,5495cb05511f8a8104978641f88c57a83abb4da80c0489475be91cee92d9def0,"[0.7879112789160403,0.17417135549925136,2.023070770372361]","[0.1,0.0,0.0]","[0.4716522991657257,0.12523484230041504,2.2526073455810547]",8f0977d300d1500f616cbdf672c46986622e84ce42ea1cc643ca7c9344c40789,0,diagnostic,REPRESENTED_SPHERE_SURFACE_NEIGHBOR,0.5,AXIS_X_POS,0.1,-2e-05,0.0025,881266,0.13923581048199787,0.2942480265571591,"[-0.1,-0.1,0.1]","[-0.09995827571825966,-0.09994532242163573,0.09996404426413691]",FINITE,9.95868906127767e-07,True,False,True,-2.770483906330834e-06,False,False,,,,False,,"[{""slot_index"":1,""candidate_id"":""ALT-01-OUTWARD"",""source"":""TASK_LOCAL_REPRESENTED_MAP_DIRECTIONAL_V1"",""formula"":""u_box(n)"",""availability"":""AVAILABLE"",""acceleration"":[-0.0018033040972846293,-0.1,0.04581832569504661],""provenance"":{""query_status"":""FINITE"",""map_input"":""REPRESENTED_GAUSSIAN_SPHERE_ONLY"",""reference_input"":false,""active_primitive_id"":881266,""active_primitive_center"":[0.7900000214576721,0.28999999165534973,1.9700000286102295],""normal_source"":""REPRESENTED_SPHERE_OUTWARD_NORMAL"",""frame_status"":""AVAILABLE""},""duplicate_of"":null},{""slot_index"":2,""candidate_id"":""ALT-02-GOAL-TANGENT"",""source"":""TASK_LOCAL_REPRESENTED_MAP_DIRECTIONAL_V1"",""formula"":""u_box(t_g)"",""availability"":""AVAILABLE"",""acceleration"":[-0.1,0.0264782506966728,0.05385388100738866],""provenance"":{""query_status"":""FINITE"",""map_input"":""REPRESENTED_GAUSSIAN_SPHERE_ONLY"",""reference_input"":false,""active_primitive_id"":881266,""active_primitive_center"":[0.7900000214576721,0.28999999165534973,1.9700000286102295],""normal_source"":""REPRESENTED_SPHERE_OUTWARD_NORMAL"",""frame_status"":""AVAILABLE""},""duplicate_of"":null},{""slot_index"":3,""candidate_id"":""ALT-03-AUX-TANGENT-POS"",""source"":""TASK_LOCAL_REPRESENTED_MAP_DIRECTIONAL_V1"",""formula"":""u_box(t_a)"",""availability"":""AVAILABLE"",""acceleration"":[-0.06567219831788802,-0.04463405625200326,-0.1],""provenance"":{""query_status"":""FINITE"",""map_input"":""REPRESENTED_GAUSSIAN_SPHERE_ONLY"",""reference_input"":false,""active_primitive_id"":881266,""active_primitive_center"":[0.7900000214576721,0.28999999165534973,1.9700000286102295],""normal_source"":""REPRESENTED_SPHERE_OUTWARD_NORMAL"",""frame_status"":""AVAILABLE""},""duplicate_of"":null},{""slot_index"":4,""candidate_id"":""ALT-04-AUX-TANGENT-NEG"",""source"":""TASK_LOCAL_REPRESENTED_MAP_DIRECTIONAL_V1"",""formula"":""u_box(-t_a)"",""availability"":""AVAILABLE"",""acceleration"":[0.06567219831788802,0.04463405625200326,0.1],""provenance"":{""query_status"":""FINITE"",""map_input"":""REPRESENTED_GAUSSIAN_SPHERE_ONLY"",""reference_input"":false,""active_primitive_id"":881266,""active_primitive_center"":[0.7900000214576721,0.28999999165534973,1.9700000286102295],""normal_source"":""REPRESENTED_SPHERE_OUTWARD_NORMAL"",""frame_status"":""AVAILABLE""},""duplicate_of"":null},{""slot_index"":5,""candidate_id"":""ALT-05-BRAKE-BIASED-GOAL-TANGENT"",""source"":""TASK_LOCAL_REPRESENTED_MAP_DIRECTIONAL_V1"",""formula"":""u_box(normalize(project_Hv(b_hat+t_g)))"",""availability"":""AVAILABLE"",""acceleration"":[-0.1,0.012223094351066274,0.024860444002334458],""provenance"":{""query_status"":""FINITE"",""map_input"":""REPRESENTED_GAUSSIAN_SPHERE_ONLY"",""reference_input"":false,""active_primitive_id"":881266,""active_primitive_center"":[0.7900000214576721,0.28999999165534973,1.9700000286102295],""normal_source"":""REPRESENTED_SPHERE_OUTWARD_NORMAL"",""frame_status"":""AVAILABLE""},""duplicate_of"":null},{""slot_index"":6,""candidate_id"":""ALT-06-BRAKE-BIASED-OUTWARD"",""source"":""TASK_LOCAL_REPRESENTED_MAP_DIRECTIONAL_V1"",""formula"":""u_box(normalize(project_Hv(b_hat+n)))"",""availability"":""AVAILABLE"",""acceleration"":[-0.1,-0.08943344774285428,0.040976908367130284],""provenance"":{""query_status"":""FINITE"",""map_input"":""REPRESENTED_GAUSSIAN_SPHERE_ONLY"",""reference_input"":false,""active_primitive_id"":881266,""active_primitive_center"":[0.7900000214576721,0.28999999165534973,1.9700000286102295],""normal_source"":""REPRESENTED_SPHERE_OUTWARD_NORMAL"",""frame_status"":""AVAILABLE""},""duplicate_of"":null}]",0,0,0,0,73976a33fe3d39e001ff1008ff7641b967ee3e860adeca467fae0f4a3bed1e20
ACTIVATED,G1,6f7adbb9fec89e634eeac5fef1500ad938acb8b3014a18853e30bccdfbd00d00,"[0.6200706610655006,0.1933375010308115,2.092414093688727]","[0.08952480578792404,-0.021404947193235664,-0.03907860519887163]","[0.4716522991657257,0.12523484230041504,2.2526073455810547]",8f0977d300d1500f616cbdf672c46986622e84ce42ea1cc643ca7c9344c40789,0,diagnostic,REPRESENTED_SPHERE_SURFACE_NEIGHBOR,0.75,TANGENT_NEG,0.1,-2e-05,0.0025,834407,0.14039272016528623,0.2942480265571591,"[-0.1,-0.07859505280676435,0.1]","[-0.09996700342823991,-0.07859505305791274,0.09998168310171848]",FINITE,9.958689061208281e-07,True,False,True,-4.3996000000257746e-06,False,False,,,,False,,"[{""slot_index"":1,""candidate_id"":""ALT-01-OUTWARD"",""source"":""TASK_LOCAL_REPRESENTED_MAP_DIRECTIONAL_V1"",""formula"":""u_box(n)"",""availability"":""AVAILABLE"",""acceleration"":[0.010418360519493321,-0.09999999999999999,0.08525965210806306],""provenance"":{""query_status"":""FINITE"",""map_input"":""REPRESENTED_GAUSSIAN_SPHERE_ONLY"",""reference_input"":false,""active_primitive_id"":834407,""active_primitive_center"":[0.6100000143051147,0.28999999165534973,2.009999990463257],""normal_source"":""REPRESENTED_SPHERE_OUTWARD_NORMAL"",""frame_status"":""AVAILABLE""},""duplicate_of"":null},{""slot_index"":2,""candidate_id"":""ALT-02-GOAL-TANGENT"",""source"":""TASK_LOCAL_REPRESENTED_MAP_DIRECTIONAL_V1"",""formula"":""u_box(t_g)"",""availability"":""AVAILABLE"",""acceleration"":[-0.1,0.025527738232071117,0.04216073824228631],""provenance"":{""query_status"":""FINITE"",""map_input"":""REPRESENTED_GAUSSIAN_SPHERE_ONLY"",""reference_input"":false,""active_primitive_id"":834407,""active_primitive_center"":[0.6100000143051147,0.28999999165534973,2.009999990463257],""normal_source"":""REPRESENTED_SPHERE_OUTWARD_NORMAL"",""frame_status"":""AVAILABLE""},""duplicate_of"":null},{""slot_index"":3,""candidate_id"":""ALT-03-AUX-TANGENT-POS"",""source"":""TASK_LOCAL_REPRESENTED_MAP_DIRECTIONAL_V1"",""formula"":""u_box(t_a)"",""availability"":""AVAILABLE"",""acceleration"":[-0.06567219831788809,-0.09210161848989727,-0.1],""provenance"":{""query_status"":""FINITE"",""map_input"":""REPRESENTED_GAUSSIAN_SPHERE_ONLY"",""reference_input"":false,""active_primitive_id"":834407,""active_primitive_center"":[0.6100000143051147,0.28999999165534973,2.009999990463257],""normal_source"":""REPRESENTED_SPHERE_OUTWARD_NORMAL"",""frame_status"":""AVAILABLE""},""duplicate_of"":null},{""slot_index"":4,""candidate_id"":""ALT-04-AUX-TANGENT-NEG"",""source"":""TASK_LOCAL_REPRESENTED_MAP_DIRECTIONAL_V1"",""formula"":""u_box(-t_a)"",""availability"":""AVAILABLE"",""acceleration"":[0.06567219831788809,0.09210161848989727,0.1],""provenance"":{""query_status"":""FINITE"",""map_input"":""REPRESENTED_GAUSSIAN_SPHERE_ONLY"",""reference_input"":false,""active_primitive_id"":834407,""active_primitive_center"":[0.6100000143051147,0.28999999165534973,2.009999990463257],""normal_source"":""REPRESENTED_SPHERE_OUTWARD_NORMAL"",""frame_status"":""AVAILABLE""},""duplicate_of"":null},{""slot_index"":5,""candidate_id"":""ALT-05-BRAKE-BIASED-GOAL-TANGENT"",""source"":""TASK_LOCAL_REPRESENTED_MAP_DIRECTIONAL_V1"",""formula"":""u_box(normalize(project_Hv(b_hat+t_g)))"",""availability"":""AVAILABLE"",""acceleration"":[-0.1,0.05469137685497416,0.06481082685345123],""provenance"":{""query_status"":""FINITE"",""map_input"":""REPRESENTED_GAUSSIAN_SPHERE_ONLY"",""reference_input"":false,""active_primitive_id"":834407,""active_primitive_center"":[0.6100000143051147,0.28999999165534973,2.009999990463257],""normal_source"":""REPRESENTED_SPHERE_OUTWARD_NORMAL"",""frame_status"":""AVAILABLE""},""duplicate_of"":null},{""slot_index"":6,""candidate_id"":""ALT-06-BRAKE-BIASED-OUTWARD"",""source"":""TASK_LOCAL_REPRESENTED_MAP_DIRECTIONAL_V1"",""formula"":""u_box(normalize(project_Hv(b_hat+n)))"",""availability"":""AVAILABLE"",""acceleration"":[-0.04070843545912532,-0.014805213006918096,0.1],""provenance"":{""query_status"":""FINITE"",""map_input"":""REPRESENTED_GAUSSIAN_SPHERE_ONLY"",""reference_input"":false,""active_primitive_id"":834407,""active_primitive_center"":[0.6100000143051147,0.28999999165534973,2.009999990463257],""normal_source"":""REPRESENTED_SPHERE_OUTWARD_NORMAL"",""frame_status"":""AVAILABLE""},""duplicate_of"":null}]",0,0,0,0,aefbd74773835c74967854e929e924162a2e5b397886daee0c63b5a45273c5e4
ACTIVATED,G1,7d5b05408eb273ca289e72b156b037bc9260c8469e4612fa0e2c983db9310a95,"[0.9473623491613455,0.16287059781651855,1.9382642995177264]","[0.08361876724552814,-0.0033271161002031676,-0.05474332893416294]","[0.4716522991657257,0.12523484230041504,2.2526073455810547]",8f0977d300d1500f616cbdf672c46986622e84ce42ea1cc643ca7c9344c40789,0,diagnostic,REPRESENTED_SPHERE_SURFACE_NEIGHBOR,0.25,TANGENT_NEG,0.1,-2e-05,0.0025,915688,0.13046573735681644,0.2942480265571591,"[-0.1,-0.09667288389979684,0.1]","[-0.0999696444783142,-0.09667281161137645,0.0999539106854492]",FINITE,9.95868906127767e-07,True,False,True,-4.399600000006693e-06,False,False,,,,False,,"[{""slot_index"":1,""candidate_id"":""ALT-01-OUTWARD"",""source"":""TASK_LOCAL_REPRESENTED_MAP_DIRECTIONAL_V1"",""formula"":""u_box(n)"",""availability"":""AVAILABLE"",""acceleration"":[-0.0020747671628713834,-0.1,0.006500740482009185],""provenance"":{""query_status"":""FINITE"",""map_input"":""REPRESENTED_GAUSSIAN_SPHERE_ONLY"",""reference_input"":false,""active_primitive_id"":915688,""active_primitive_center"":[0.949999988079071,0.28999999165534973,1.9299999475479126],""normal_source"":""REPRESENTED_SPHERE_OUTWARD_NORMAL"",""frame_status"":""AVAILABLE""},""duplicate_of"":null},{""slot_index"":2,""candidate_id"":""ALT-02-GOAL-TANGENT"",""source"":""TASK_LOCAL_REPRESENTED_MAP_DIRECTIONAL_V1"",""formula"":""u_box(t_g)"",""availability"":""AVAILABLE"",""acceleration"":[-0.1,0.006322826791486898,0.06534731913036716],""provenance"":{""query_status"":""FINITE"",""map_input"":""REPRESENTED_GAUSSIAN_SPHERE_ONLY"",""reference_input"":false,""active_primitive_id"":915688,""active_primitive_center"":[0.949999988079071,0.28999999165534973,1.9299999475479126],""normal_source"":""REPRESENTED_SPHERE_OUTWARD_NORMAL"",""frame_status"":""AVAILABLE""},""duplicate_of"":null},{""slot_index"":3,""candidate_id"":""ALT-03-AUX-TANGENT-POS"",""source"":""TASK_LOCAL_REPRESENTED_MAP_DIRECTIONAL_V1"",""formula"":""u_box(t_a)"",""availability"":""AVAILABLE"",""acceleration"":[-0.065672198317888,-0.005138195276173872,-0.1],""provenance"":{""query_status"":""FINITE"",""map_input"":""REPRESENTED_GAUSSIAN_SPHERE_ONLY"",""reference_input"":false,""active_primitive_id"":915688,""active_primitive_center"":[0.949999988079071,0.28999999165534973,1.9299999475479126],""normal_source"":""REPRESENTED_SPHERE_OUTWARD_NORMAL"",""frame_status"":""AVAILABLE""},""duplicate_of"":null},{""slot_index"":4,""candidate_id"":""ALT-04-AUX-TANGENT-NEG"",""source"":""TASK_LOCAL_REPRESENTED_MAP_DIRECTIONAL_V1"",""formula"":""u_box(-t_a)"",""availability"":""AVAILABLE"",""acceleration"":[0.065672198317888,0.005138195276173872,0.1],""provenance"":{""query_status"":""FINITE"",""map_input"":""REPRESENTED_GAUSSIAN_SPHERE_ONLY"",""reference_input"":false,""active_primitive_id"":915688,""active_primitive_center"":[0.949999988079071,0.28999999165534973,1.9299999475479126],""normal_source"":""REPRESENTED_SPHERE_OUTWARD_NORMAL"",""frame_status"":""AVAILABLE""},""duplicate_of"":null},{""slot_index"":5,""candidate_id"":""ALT-05-BRAKE-BIASED-GOAL-TANGENT"",""source"":""TASK_LOCAL_REPRESENTED_MAP_DIRECTIONAL_V1"",""formula"":""u_box(normalize(project_Hv(b_hat+t_g)))"",""availability"":""AVAILABLE"",""acceleration"":[-0.1,0.03243109486227677,0.0803710498727491],""provenance"":{""query_status"":""FINITE"",""map_input"":""REPRESENTED_GAUSSIAN_SPHERE_ONLY"",""reference_input"":false,""active_primitive_id"":915688,""active_primitive_center"":[0.949999988079071,0.28999999165534973,1.9299999475479126],""normal_source"":""REPRESENTED_SPHERE_OUTWARD_NORMAL"",""frame_status"":""AVAILABLE""},""duplicate_of"":null},{""slot_index"":6,""candidate_id"":""ALT-06-BRAKE-BIASED-OUTWARD"",""source"":""TASK_LOCAL_REPRESENTED_MAP_DIRECTIONAL_V1"",""formula"":""u_box(normalize(project_Hv(b_hat+n)))"",""availability"":""AVAILABLE"",""acceleration"":[-0.09373370537082842,-0.08116210368248307,0.09999999999999999],""provenance"":{""query_status"":""FINITE"",""map_input"":""REPRESENTED_GAUSSIAN_SPHERE_ONLY"",""reference_input"":false,""active_primitive_id"":915688,""active_primitive_center"":[0.949999988079071,0.28999999165534973,1.9299999475479126],""normal_source"":""REPRESENTED_SPHERE_OUTWARD_NORMAL"",""frame_status"":""AVAILABLE""},""duplicate_of"":null}]",0,0,0,0,f1da3f94437755a8887bb34add717c2708a799ecc426924388650924c8da422c
ACTIVATED,G1,8c5131598950fa5281f092c126c1c2c7f632435d62d4ba0fa705afac40b84d05,"[0.9515432875236219,0.16270424201150838,1.9355271330710182]","[-0.075,0.0,0.0]","[0.4716522991657257,0.12523484230041504,2.2526073455810547]",8f0977d300d1500f616cbdf672c46986622e84ce42ea1cc643ca7c9344c40789,0,diagnostic,REPRESENTED_SPHERE_SURFACE_NEIGHBOR,0.25,AXIS_X_NEG,0.075,-2e-05,-0.0025,915688,0.1295519041973991,0.2942480265571591,"[-0.02500000000000001,-0.1,0.1]","[0.03309162340584119,-0.09999999787584928,0.08968946265129711]",FINITE,9.958689061329712e-07,True,False,True,-1.0602757898187098e-06,False,False,,,,False,,"[{""slot_index"":1,""candidate_id"":""ALT-01-OUTWARD"",""source"":""TASK_LOCAL_REPRESENTED_MAP_DIRECTIONAL_V1"",""formula"":""u_box(n)"",""availability"":""AVAILABLE"",""acceleration"":[0.0012123731144746514,-0.1,0.00434200320008329],""provenance"":{""query_status"":""FINITE"",""map_input"":""REPRESENTED_GAUSSIAN_SPHERE_ONLY"",""reference_input"":false,""active_primitive_id"":915688,""active_primitive_center"":[0.949999988079071,0.28999999165534973,1.9299999475479126],""normal_source"":""REPRESENTED_SPHERE_OUTWARD_NORMAL"",""frame_status"":""AVAILABLE""},""duplicate_of"":null},{""slot_index"":2,""candidate_id"":""ALT-02-GOAL-TANGENT"",""source"":""TASK_LOCAL_REPRESENTED_MAP_DIRECTIONAL_V1"",""formula"":""u_box(t_g)"",""availability"":""AVAILABLE"",""acceleration"":[-0.1,0.0016354671010835045,0.06558816482455676],""provenance"":{""query_status"":""FINITE"",""map_input"":""REPRESENTED_GAUSSIAN_SPHERE_ONLY"",""reference_input"":false,""active_primitive_id"":915688,""active_primitive_center"":[0.949999988079071,0.28999999165534973,1.9299999475479126],""normal_source"":""REPRESENTED_SPHERE_OUTWARD_NORMAL"",""frame_status"":""AVAILABLE""},""duplicate_of"":null},{""slot_index"":3,""candidate_id"":""ALT-03-AUX-TANGENT-POS"",""source"":""TASK_LOCAL_REPRESENTED_MAP_DIRECTIONAL_V1"",""formula"":""u_box(t_a)"",""availability"":""AVAILABLE"",""acceleration"":[-0.065672198317888,-0.005138195276173838,-0.1],""provenance"":{""query_status"":""FINITE"",""map_input"":""REPRESENTED_GAUSSIAN_SPHERE_ONLY"",""reference_input"":false,""active_primitive_id"":915688,""active_primitive_center"":[0.949999988079071,0.28999999165534973,1.9299999475479126],""normal_source"":""REPRESENTED_SPHERE_OUTWARD_NORMAL"",""frame_status"":""AVAILABLE""},""duplicate_of"":null},{""slot_index"":4,""candidate_id"":""ALT-04-AUX-TANGENT-NEG"",""source"":""TASK_LOCAL_REPRESENTED_MAP_DIRECTIONAL_V1"",""formula"":""u_box(-t_a)"",""availability"":""AVAILABLE"",""acceleration"":[0.065672198317888,0.005138195276173838,0.1],""provenance"":{""query_status"":""FINITE"",""map_input"":""REPRESENTED_GAUSSIAN_SPHERE_ONLY"",""reference_input"":false,""active_primitive_id"":915688,""active_primitive_center"":[0.949999988079071,0.28999999165534973,1.9299999475479126],""normal_source"":""REPRESENTED_SPHERE_OUTWARD_NORMAL"",""frame_status"":""AVAILABLE""},""duplicate_of"":null},{""slot_index"":5,""candidate_id"":""ALT-05-BRAKE-BIASED-GOAL-TANGENT"",""source"":""TASK_LOCAL_REPRESENTED_MAP_DIRECTIONAL_V1"",""formula"":""u_box(normalize(project_Hv(b_hat+t_g)))"",""availability"":""AVAILABLE"",""acceleration"":[0.02988549335191827,0.0024935399632818695,0.1],""provenance"":{""query_status"":""FINITE"",""map_input"":""REPRESENTED_GAUSSIAN_SPHERE_ONLY"",""reference_input"":false,""active_primitive_id"":915688,""active_primitive_center"":[0.949999988079071,0.28999999165534973,1.9299999475479126],""normal_source"":""REPRESENTED_SPHERE_OUTWARD_NORMAL"",""frame_status"":""AVAILABLE""},""duplicate_of"":null},{""slot_index"":6,""candidate_id"":""ALT-06-BRAKE-BIASED-OUTWARD"",""source"":""TASK_LOCAL_REPRESENTED_MAP_DIRECTIONAL_V1"",""formula"":""u_box(normalize(project_Hv(b_hat+n)))"",""availability"":""AVAILABLE"",""acceleration"":[0.1,-0.09870310463036079,0.004285691961631823],""provenance"":{""query_status"":""FINITE"",""map_input"":""REPRESENTED_GAUSSIAN_SPHERE_ONLY"",""reference_input"":false,""active_primitive_id"":915688,""active_primitive_center"":[0.949999988079071,0.28999999165534973,1.9299999475479126],""normal_source"":""REPRESENTED_SPHERE_OUTWARD_NORMAL"",""frame_status"":""AVAILABLE""},""duplicate_of"":null}]",0,0,0,0,c54913e9ea55e2c29ada4336dff29c108ba5f77e1694824baf9d008eca2132df
ACTIVATED,G1,92d100bdbec8b636d9f5bd6291ca4ef09b4becc672d782833a38aa3612a6c315,"[0.9515432016260467,0.16268427151472295,1.9355282156049667]","[-0.0627140754341461,0.0024953370751523755,0.041057496700622205]","[0.4716522991657257,0.12523484230041504,2.2526073455810547]",8f0977d300d1500f616cbdf672c46986622e84ce42ea1cc643ca7c9344c40789,0,diagnostic,REPRESENTED_SPHERE_SURFACE_NEIGHBOR,0.25,TANGENT_POS,0.075,0.0,-0.0025,915688,0.12957131595027038,0.2942480265571591,"[-0.0372859245658539,-0.1,0.0589425032993778]","[0.025516467764188124,-0.09999999973430675,0.04417457733742008]",FINITE,5.395603008041122e-06,True,False,True,-1.734723475976807e-18,False,False,,,,False,,"[{""slot_index"":1,""candidate_id"":""ALT-01-OUTWARD"",""source"":""TASK_LOCAL_REPRESENTED_MAP_DIRECTIONAL_V1"",""formula"":""u_box(n)"",""availability"":""AVAILABLE"",""acceleration"":[0.0012121154758195298,-0.1,0.004342172397051857],""provenance"":{""query_status"":""FINITE"",""map_input"":""REPRESENTED_GAUSSIAN_SPHERE_ONLY"",""reference_input"":false,""active_primitive_id"":915688,""active_primitive_center"":[0.949999988079071,0.28999999165534973,1.9299999475479126],""normal_source"":""REPRESENTED_SPHERE_OUTWARD_NORMAL"",""frame_status"":""AVAILABLE""},""duplicate_of"":null},{""slot_index"":2,""candidate_id"":""ALT-02-GOAL-TANGENT"",""source"":""TASK_LOCAL_REPRESENTED_MAP_DIRECTIONAL_V1"",""formula"":""u_box(t_g)"",""availability"":""AVAILABLE"",""acceleration"":[-0.1,0.0016358348923487408,0.06558814592672332],""provenance"":{""query_status"":""FINITE"",""map_input"":""REPRESENTED_GAUSSIAN_SPHERE_ONLY"",""reference_input"":false,""active_primitive_id"":915688,""active_primitive_center"":[0.949999988079071,0.28999999165534973,1.9299999475479126],""normal_source"":""REPRESENTED_SPHERE_OUTWARD_NORMAL"",""frame_status"":""AVAILABLE""},""duplicate_of"":null},{""slot_index"":3,""candidate_id"":""ALT-03-AUX-TANGENT-POS"",""source"":""TASK_LOCAL_REPRESENTED_MAP_DIRECTIONAL_V1"",""formula"":""u_box(t_a)"",""availability"":""AVAILABLE"",""acceleration"":[-0.06567219831788798,-0.005138195276173869,-0.1],""provenance"":{""query_status"":""FINITE"",""map_input"":""REPRESENTED_GAUSSIAN_SPHERE_ONLY"",""reference_input"":false,""active_primitive_id"":915688,""active_primitive_center"":[0.949999988079071,0.28999999165534973,1.9299999475479126],""normal_source"":""REPRESENTED_SPHERE_OUTWARD_NORMAL"",""frame_status"":""AVAILABLE""},""duplicate_of"":null},{""slot_index"":4,""candidate_id"":""ALT-04-AUX-TANGENT-NEG"",""source"":""TASK_LOCAL_REPRESENTED_MAP_DIRECTIONAL_V1"",""formula"":""u_box(-t_a)"",""availability"":""AVAILABLE"",""acceleration"":[0.06567219831788798,0.005138195276173869,0.1],""provenance"":{""query_status"":""FINITE"",""map_input"":""REPRESENTED_GAUSSIAN_SPHERE_ONLY"",""reference_input"":false,""active_primitive_id"":915688,""active_primitive_center"":[0.949999988079071,0.28999999165534973,1.9299999475479126],""normal_source"":""REPRESENTED_SPHERE_OUTWARD_NORMAL"",""frame_status"":""AVAILABLE""},""duplicate_of"":null},{""slot_index"":5,""candidate_id"":""ALT-05-BRAKE-BIASED-GOAL-TANGENT"",""source"":""TASK_LOCAL_REPRESENTED_MAP_DIRECTIONAL_V1"",""formula"":""u_box(normalize(project_Hv(b_hat+t_g)))"",""availability"":""AVAILABLE"",""acceleration"":[-0.0354832001492209,-0.1,-0.048121842344517926],""provenance"":{""query_status"":""FINITE"",""map_input"":""REPRESENTED_GAUSSIAN_SPHERE_ONLY"",""reference_input"":false,""active_primitive_id"":915688,""active_primitive_center"":[0.949999988079071,0.28999999165534973,1.9299999475479126],""normal_source"":""REPRESENTED_SPHERE_OUTWARD_NORMAL"",""frame_status"":""AVAILABLE""},""duplicate_of"":null},{""slot_index"":6,""candidate_id"":""ALT-06-BRAKE-BIASED-OUTWARD"",""source"":""TASK_LOCAL_REPRESENTED_MAP_DIRECTIONAL_V1"",""formula"":""u_box(normalize(project_Hv(b_hat+n)))"",""availability"":""AVAILABLE"",""acceleration"":[0.05097844954928236,-0.1,-0.04681206237711109],""provenance"":{""query_status"":""FINITE"",""map_input"":""REPRESENTED_GAUSSIAN_SPHERE_ONLY"",""reference_input"":false,""active_primitive_id"":915688,""active_primitive_center"":[0.949999988079071,0.28999999165534973,1.9299999475479126],""normal_source"":""REPRESENTED_SPHERE_OUTWARD_NORMAL"",""frame_status"":""AVAILABLE""},""duplicate_of"":null}]",0,0,0,0,6d9626f7bb67dc2573baab01af77e6aaa002fdf77eecafdb6caeeef46907f6e6
ACTIVATED,G1,a4560beffdfb3160ae7aaa0b1344aadded4389eeb59e56f746fae751ee5de4a5,"[1.0945530824320724,0.17063033292548943,1.8317443484998848]","[-0.07748177076815449,-0.025982541070093762,0.057632306549122714]","[0.4716522991657257,0.12523484230041504,2.2526073455810547]",8f0977d300d1500f616cbdf672c46986622e84ce42ea1cc643ca7c9344c40789,0,diagnostic,REPRESENTED_SPHERE_SURFACE_NEIGHBOR,0.0,TANGENT_POS,0.1,-2e-05,-0.0025,936984,0.1344823372554296,0.2942480265571591,"[-0.022518229231845516,-0.07401745892990624,0.04236769345087729]","[-0.0068174149044874285,-0.09618302510565645,0.0315500978770193]",FINITE,9.9586890613991e-07,True,False,True,-4.3995999999945495e-06,False,False,,,,False,,"[{""slot_index"":1,""candidate_id"":""ALT-01-OUTWARD"",""source"":""TASK_LOCAL_REPRESENTED_MAP_DIRECTIONAL_V1"",""formula"":""u_box(n)"",""availability"":""AVAILABLE"",""acceleration"":[0.037323663810260393,-0.1,0.0014612637776639558],""provenance"":{""query_status"":""FINITE"",""map_input"":""REPRESENTED_GAUSSIAN_SPHERE_ONLY"",""reference_input"":false,""active_primitive_id"":936984,""active_primitive_center"":[1.0499999523162842,0.28999999165534973,1.8300000429153442],""normal_source"":""REPRESENTED_SPHERE_OUTWARD_NORMAL"",""frame_status"":""AVAILABLE""},""duplicate_of"":null},{""slot_index"":2,""candidate_id"":""ALT-02-GOAL-TANGENT"",""source"":""TASK_LOCAL_REPRESENTED_MAP_DIRECTIONAL_V1"",""formula"":""u_box(t_g)"",""availability"":""AVAILABLE"",""acceleration"":[-0.10000000000000002,-0.036226530215496364,0.07508114630186583],""provenance"":{""query_status"":""FINITE"",""map_input"":""REPRESENTED_GAUSSIAN_SPHERE_ONLY"",""reference_input"":false,""active_primitive_id"":936984,""active_primitive_center"":[1.0499999523162842,0.28999999165534973,1.8300000429153442],""normal_source"":""REPRESENTED_SPHERE_OUTWARD_NORMAL"",""frame_status"":""AVAILABLE""},""duplicate_of"":null},{""slot_index"":3,""candidate_id"":""ALT-03-AUX-TANGENT-POS"",""source"":""TASK_LOCAL_REPRESENTED_MAP_DIRECTIONAL_V1"",""formula"":""u_box(t_a)"",""availability"":""AVAILABLE"",""acceleration"":[-0.06567219831788793,-0.02597253429463993,-0.1],""provenance"":{""query_status"":""FINITE"",""map_input"":""REPRESENTED_GAUSSIAN_SPHERE_ONLY"",""reference_input"":false,""active_primitive_id"":936984,""active_primitive_center"":[1.0499999523162842,0.28999999165534973,1.8300000429153442],""normal_source"":""REPRESENTED_SPHERE_OUTWARD_NORMAL"",""frame_status"":""AVAILABLE""},""duplicate_of"":null},{""slot_index"":4,""candidate_id"":""ALT-04-AUX-TANGENT-NEG"",""source"":""TASK_LOCAL_REPRESENTED_MAP_DIRECTIONAL_V1"",""formula"":""u_box(-t_a)"",""availability"":""AVAILABLE"",""acceleration"":[0.06567219831788793,0.02597253429463993,0.1],""provenance"":{""query_status"":""FINITE"",""map_input"":""REPRESENTED_GAUSSIAN_SPHERE_ONLY"",""reference_input"":false,""active_primitive_id"":936984,""active_primitive_center"":[1.0499999523162842,0.28999999165534973,1.8300000429153442],""normal_source"":""REPRESENTED_SPHERE_OUTWARD_NORMAL"",""frame_status"":""AVAILABLE""},""duplicate_of"":null},{""slot_index"":5,""candidate_id"":""ALT-05-BRAKE-BIASED-GOAL-TANGENT"",""source"":""TASK_LOCAL_REPRESENTED_MAP_DIRECTIONAL_V1"",""formula"":""u_box(normalize(project_Hv(b_hat+t_g)))"",""availability"":""AVAILABLE"",""acceleration"":[-0.04310715069196138,0.1,-0.012870632910401176],""provenance"":{""query_status"":""FINITE"",""map_input"":""REPRESENTED_GAUSSIAN_SPHERE_ONLY"",""reference_input"":false,""active_primitive_id"":936984,""active_primitive_center"":[1.0499999523162842,0.28999999165534973,1.8300000429153442],""normal_source"":""REPRESENTED_SPHERE_OUTWARD_NORMAL"",""frame_status"":""AVAILABLE""},""duplicate_of"":null},{""slot_index"":6,""candidate_id"":""ALT-06-BRAKE-BIASED-OUTWARD"",""source"":""TASK_LOCAL_REPRESENTED_MAP_DIRECTIONAL_V1"",""formula"":""u_box(normalize(project_Hv(b_hat+n)))"",""availability"":""AVAILABLE"",""acceleration"":[0.1,-0.03877412978408614,-0.0608054109145401],""provenance"":{""query_status"":""FINITE"",""map_input"":""REPRESENTED_GAUSSIAN_SPHERE_ONLY"",""reference_input"":false,""active_primitive_id"":936984,""active_primitive_center"":[1.0499999523162842,0.28999999165534973,1.8300000429153442],""normal_source"":""REPRESENTED_SPHERE_OUTWARD_NORMAL"",""frame_status"":""AVAILABLE""},""duplicate_of"":null}]",0,0,0,0,66b3d59b99f6741094b263c82d92c887e7dbaf6b56fc0e1e0a0e33613987e77a
ACTIVATED,G1,adcb20bdf3ec3de47a9eff8d566bc91a89f85074a5325f289e87923f7dc07336,"[0.6223107135049912,0.19278711875965235,2.0914499129878594]","[-0.06714360434094302,0.016053710394926746,0.029308953899153715]","[0.4716522991657257,0.12523484230041504,2.2526073455810547]",8f0977d300d1500f616cbdf672c46986622e84ce42ea1cc643ca7c9344c40789,0,diagnostic,REPRESENTED_SPHERE_SURFACE_NEIGHBOR,0.75,TANGENT_POS,0.075,0.0,0.0,834407,0.14036482840207928,0.2942480265571591,"[-0.032856395659056986,-0.1,0.07069104610084628]","[-0.032856395044869154,-0.09994516503632274,0.07069104266940053]",FINITE,3.469446951953614e-18,True,False,True,-1.5612511283791264e-17,False,False,,,,False,,"[{""slot_index"":1,""candidate_id"":""ALT-01-OUTWARD"",""source"":""TASK_LOCAL_REPRESENTED_MAP_DIRECTIONAL_V1"",""formula"":""u_box(n)"",""availability"":""AVAILABLE"",""acceleration"":[0.012663651256439059,-0.1,0.0837851203224831],""provenance"":{""query_status"":""FINITE"",""map_input"":""REPRESENTED_GAUSSIAN_SPHERE_ONLY"",""reference_input"":false,""active_primitive_id"":834407,""active_primitive_center"":[0.6100000143051147,0.28999999165534973,2.009999990463257],""normal_source"":""REPRESENTED_SPHERE_OUTWARD_NORMAL"",""frame_status"":""AVAILABLE""},""duplicate_of"":null},{""slot_index"":2,""candidate_id"":""ALT-02-GOAL-TANGENT"",""source"":""TASK_LOCAL_REPRESENTED_MAP_DIRECTIONAL_V1"",""formula"":""u_box(t_g)"",""availability"":""AVAILABLE"",""acceleration"":[-0.1,0.02390951536263811,0.04365114769580754],""provenance"":{""query_status"":""FINITE"",""map_input"":""REPRESENTED_GAUSSIAN_SPHERE_ONLY"",""reference_input"":false,""active_primitive_id"":834407,""active_primitive_center"":[0.6100000143051147,0.28999999165534973,2.009999990463257],""normal_source"":""REPRESENTED_SPHERE_OUTWARD_NORMAL"",""frame_status"":""AVAILABLE""},""duplicate_of"":null},{""slot_index"":3,""candidate_id"":""ALT-03-AUX-TANGENT-POS"",""source"":""TASK_LOCAL_REPRESENTED_MAP_DIRECTIONAL_V1"",""formula"":""u_box(t_a)"",""availability"":""AVAILABLE"",""acceleration"":[-0.0656721983178879,-0.09210161848989745,-0.1],""provenance"":{""query_status"":""FINITE"",""map_input"":""REPRESENTED_GAUSSIAN_SPHERE_ONLY"",""reference_input"":false,""active_primitive_id"":834407,""active_primitive_center"":[0.6100000143051147,0.28999999165534973,2.009999990463257],""normal_source"":""REPRESENTED_SPHERE_OUTWARD_NORMAL"",""frame_status"":""AVAILABLE""},""duplicate_of"":null},{""slot_index"":4,""candidate_id"":""ALT-04-AUX-TANGENT-NEG"",""source"":""TASK_LOCAL_REPRESENTED_MAP_DIRECTIONAL_V1"",""formula"":""u_box(-t_a)"",""availability"":""AVAILABLE"",""acceleration"":[0.0656721983178879,0.09210161848989745,0.1],""provenance"":{""query_status"":""FINITE"",""map_input"":""REPRESENTED_GAUSSIAN_SPHERE_ONLY"",""reference_input"":false,""active_primitive_id"":834407,""active_primitive_center"":[0.6100000143051147,0.28999999165534973,2.009999990463257],""normal_source"":""REPRESENTED_SPHERE_OUTWARD_NORMAL"",""frame_status"":""AVAILABLE""},""duplicate_of"":null},{""slot_index"":5,""candidate_id"":""ALT-05-BRAKE-BIASED-GOAL-TANGENT"",""source"":""TASK_LOCAL_REPRESENTED_MAP_DIRECTIONAL_V1"",""formula"":""u_box(normalize(project_Hv(b_hat+t_g)))"",""availability"":""AVAILABLE"",""acceleration"":[-0.050514497257304655,-0.1,-0.06094910053698712],""provenance"":{""query_status"":""FINITE"",""map_input"":""REPRESENTED_GAUSSIAN_SPHERE_ONLY"",""reference_input"":false,""active_primitive_id"":834407,""active_primitive_center"":[0.6100000143051147,0.28999999165534973,2.009999990463257],""normal_source"":""REPRESENTED_SPHERE_OUTWARD_NORMAL"",""frame_status"":""AVAILABLE""},""duplicate_of"":null},{""slot_index"":6,""candidate_id"":""ALT-06-BRAKE-BIASED-OUTWARD"",""source"":""TASK_LOCAL_REPRESENTED_MAP_DIRECTIONAL_V1"",""formula"":""u_box(normalize(project_Hv(b_hat+n)))"",""availability"":""AVAILABLE"",""acceleration"":[0.05028539495332678,-0.1,0.00461628865565774],""provenance"":{""query_status"":""FINITE"",""map_input"":""REPRESENTED_GAUSSIAN_SPHERE_ONLY"",""reference_input"":false,""active_primitive_id"":834407,""active_primitive_center"":[0.6100000143051147,0.28999999165534973,2.009999990463257],""normal_source"":""REPRESENTED_SPHERE_OUTWARD_NORMAL"",""frame_status"":""AVAILABLE""},""duplicate_of"":null}]",0,0,0,0,f787dc2f3139f552d41ef39649cf54fdd5024d666ed9bb3a627cf818227f6899
ACTIVATED,G1,b29cbd56936551c388e97d7f79f8b5fe4087c4a6e428f9684373a8f44cdc0074,"[0.6245469013548969,0.19226725367114972,2.090460163428784]","[-0.08952480578792404,0.021404947193235664,0.03907860519887163]","[0.4716522991657257,0.12523484230041504,2.2526073455810547]",8f0977d300d1500f616cbdf672c46986622e84ce42ea1cc643ca7c9344c40789,0,diagnostic,REPRESENTED_SPHERE_SURFACE_NEIGHBOR,0.75,TANGENT_POS,0.1,-2e-05,-0.0025,834407,0.1402969586912945,0.2942480265571591,"[-0.010475194212075961,-0.1,0.060921394801128376]","[0.0001958273235432477,-0.09999996442973917,0.0677452227220306]",FINITE,9.958689061763393e-07,True,False,True,-4.399599999965059e-06,False,False,,,,False,,"[{""slot_index"":1,""candidate_id"":""ALT-01-OUTWARD"",""source"":""TASK_LOCAL_REPRESENTED_MAP_DIRECTIONAL_V1"",""formula"":""u_box(n)"",""availability"":""AVAILABLE"",""acceleration"":[0.014884354362541095,-0.1,0.08232673577459258],""provenance"":{""query_status"":""FINITE"",""map_input"":""REPRESENTED_GAUSSIAN_SPHERE_ONLY"",""reference_input"":false,""active_primitive_id"":834407,""active_primitive_center"":[0.6100000143051147,0.28999999165534973,2.009999990463257],""normal_source"":""REPRESENTED_SPHERE_OUTWARD_NORMAL"",""frame_status"":""AVAILABLE""},""duplicate_of"":null},{""slot_index"":2,""candidate_id"":""ALT-02-GOAL-TANGENT"",""source"":""TASK_LOCAL_REPRESENTED_MAP_DIRECTIONAL_V1"",""formula"":""u_box(t_g)"",""availability"":""AVAILABLE"",""acceleration"":[-0.1,0.022284424056989476,0.045147883090248156],""provenance"":{""query_status"":""FINITE"",""map_input"":""REPRESENTED_GAUSSIAN_SPHERE_ONLY"",""reference_input"":false,""active_primitive_id"":834407,""active_primitive_center"":[0.6100000143051147,0.28999999165534973,2.009999990463257],""normal_source"":""REPRESENTED_SPHERE_OUTWARD_NORMAL"",""frame_status"":""AVAILABLE""},""duplicate_of"":null},{""slot_index"":3,""candidate_id"":""ALT-03-AUX-TANGENT-POS"",""source"":""TASK_LOCAL_REPRESENTED_MAP_DIRECTIONAL_V1"",""formula"":""u_box(t_a)"",""availability"":""AVAILABLE"",""acceleration"":[-0.06567219831788758,-0.0921016184898977,-0.1],""provenance"":{""query_status"":""FINITE"",""map_input"":""REPRESENTED_GAUSSIAN_SPHERE_ONLY"",""reference_input"":false,""active_primitive_id"":834407,""active_primitive_center"":[0.6100000143051147,0.28999999165534973,2.009999990463257],""normal_source"":""REPRESENTED_SPHERE_OUTWARD_NORMAL"",""frame_status"":""AVAILABLE""},""duplicate_of"":null},{""slot_index"":4,""candidate_id"":""ALT-04-AUX-TANGENT-NEG"",""source"":""TASK_LOCAL_REPRESENTED_MAP_DIRECTIONAL_V1"",""formula"":""u_box(-t_a)"",""availability"":""AVAILABLE"",""acceleration"":[0.06567219831788758,0.0921016184898977,0.1],""provenance"":{""query_status"":""FINITE"",""map_input"":""REPRESENTED_GAUSSIAN_SPHERE_ONLY"",""reference_input"":false,""active_primitive_id"":834407,""active_primitive_center"":[0.6100000143051147,0.28999999165534973,2.009999990463257],""normal_source"":""REPRESENTED_SPHERE_OUTWARD_NORMAL"",""frame_status"":""AVAILABLE""},""duplicate_of"":null},{""slot_index"":5,""candidate_id"":""ALT-05-BRAKE-BIASED-GOAL-TANGENT"",""source"":""TASK_LOCAL_REPRESENTED_MAP_DIRECTIONAL_V1"",""formula"":""u_box(normalize(project_Hv(b_hat+t_g)))"",""availability"":""AVAILABLE"",""acceleration"":[-0.04819063371583642,-0.1,-0.055625383603671696],""provenance"":{""query_status"":""FINITE"",""map_input"":""REPRESENTED_GAUSSIAN_SPHERE_ONLY"",""reference_input"":false,""active_primitive_id"":834407,""active_primitive_center"":[0.6100000143051147,0.28999999165534973,2.009999990463257],""normal_source"":""REPRESENTED_SPHERE_OUTWARD_NORMAL"",""frame_status"":""AVAILABLE""},""duplicate_of"":null},{""slot_index"":6,""candidate_id"":""ALT-06-BRAKE-BIASED-OUTWARD"",""source"":""TASK_LOCAL_REPRESENTED_MAP_DIRECTIONAL_V1"",""formula"":""u_box(normalize(project_Hv(b_hat+n)))"",""availability"":""AVAILABLE"",""acceleration"":[0.051438957270389156,-0.1,0.004022901317262327],""provenance"":{""query_status"":""FINITE"",""map_input"":""REPRESENTED_GAUSSIAN_SPHERE_ONLY"",""reference_input"":false,""active_primitive_id"":834407,""active_primitive_center"":[0.6100000143051147,0.28999999165534973,2.009999990463257],""normal_source"":""REPRESENTED_SPHERE_OUTWARD_NORMAL"",""frame_status"":""AVAILABLE""},""duplicate_of"":null}]",0,0,0,0,ea759bb459b166d6645f4418e04b1d79c80970dde328f847033270d9c2fdcd4b
ACTIVATED,G1,bc6f2ebbcafb4b9cacdee984201720479aef514da218cff9adc9948486888463,"[0.7879112875935103,0.17415309002466373,2.023078917295878]","[0.06432054736687158,-0.015687026415568513,-0.03523896123133151]","[0.4716522991657257,0.12523484230041504,2.2526073455810547]",8f0977d300d1500f616cbdf672c46986622e84ce42ea1cc643ca7c9344c40789,0,diagnostic,REPRESENTED_SPHERE_SURFACE_NEIGHBOR,0.5,TANGENT_NEG,0.075,0.0,0.0025,881266,0.13925565567505838,0.2942480265571591,"[-0.1,-0.08431297358443149,0.1]","[-0.09996487018511449,-0.08431296663669625,0.0999809130538013]",FINITE,5.395603008016836e-06,True,False,True,-4.5102810375396984e-17,False,False,,,,False,,"[{""slot_index"":1,""candidate_id"":""ALT-01-OUTWARD"",""source"":""TASK_LOCAL_REPRESENTED_MAP_DIRECTIONAL_V1"",""formula"":""u_box(n)"",""availability"":""AVAILABLE"",""acceleration"":[-0.0018030122815201732,-0.1,0.04581813405321891],""provenance"":{""query_status"":""FINITE"",""map_input"":""REPRESENTED_GAUSSIAN_SPHERE_ONLY"",""reference_input"":false,""active_primitive_id"":881266,""active_primitive_center"":[0.7900000214576721,0.28999999165534973,1.9700000286102295],""normal_source"":""REPRESENTED_SPHERE_OUTWARD_NORMAL"",""frame_status"":""AVAILABLE""},""duplicate_of"":null},{""slot_index"":2,""candidate_id"":""ALT-02-GOAL-TANGENT"",""source"":""TASK_LOCAL_REPRESENTED_MAP_DIRECTIONAL_V1"",""formula"":""u_box(t_g)"",""availability"":""AVAILABLE"",""acceleration"":[-0.1,0.026477922742572668,0.05385402738660628],""provenance"":{""query_status"":""FINITE"",""map_input"":""REPRESENTED_GAUSSIAN_SPHERE_ONLY"",""reference_input"":false,""active_primitive_id"":881266,""active_primitive_center"":[0.7900000214576721,0.28999999165534973,1.9700000286102295],""normal_source"":""REPRESENTED_SPHERE_OUTWARD_NORMAL"",""frame_status"":""AVAILABLE""},""duplicate_of"":null},{""slot_index"":3,""candidate_id"":""ALT-03-AUX-TANGENT-POS"",""source"":""TASK_LOCAL_REPRESENTED_MAP_DIRECTIONAL_V1"",""formula"":""u_box(t_a)"",""availability"":""AVAILABLE"",""acceleration"":[-0.06567219831788809,-0.04463405625200311,-0.1],""provenance"":{""query_status"":""FINITE"",""map_input"":""REPRESENTED_GAUSSIAN_SPHERE_ONLY"",""reference_input"":false,""active_primitive_id"":881266,""active_primitive_center"":[0.7900000214576721,0.28999999165534973,1.9700000286102295],""normal_source"":""REPRESENTED_SPHERE_OUTWARD_NORMAL"",""frame_status"":""AVAILABLE""},""duplicate_of"":null},{""slot_index"":4,""candidate_id"":""ALT-04-AUX-TANGENT-NEG"",""source"":""TASK_LOCAL_REPRESENTED_MAP_DIRECTIONAL_V1"",""formula"":""u_box(-t_a)"",""availability"":""AVAILABLE"",""acceleration"":[0.06567219831788809,0.04463405625200311,0.1],""provenance"":{""query_status"":""FINITE"",""map_input"":""REPRESENTED_GAUSSIAN_SPHERE_ONLY"",""reference_input"":false,""active_primitive_id"":881266,""active_primitive_center"":[0.7900000214576721,0.28999999165534973,1.9700000286102295],""normal_source"":""REPRESENTED_SPHERE_OUTWARD_NORMAL"",""frame_status"":""AVAILABLE""},""duplicate_of"":null},{""slot_index"":5,""candidate_id"":""ALT-05-BRAKE-BIASED-GOAL-TANGENT"",""source"":""TASK_LOCAL_REPRESENTED_MAP_DIRECTIONAL_V1"",""formula"":""u_box(normalize(project_Hv(b_hat+t_g)))"",""availability"":""AVAILABLE"",""acceleration"":[-0.10000000000000002,0.05606250579218156,0.07242272688629307],""provenance"":{""query_status"":""FINITE"",""map_input"":""REPRESENTED_GAUSSIAN_SPHERE_ONLY"",""reference_input"":false,""active_primitive_id"":881266,""active_primitive_center"":[0.7900000214576721,0.28999999165534973,1.9700000286102295],""normal_source"":""REPRESENTED_SPHERE_OUTWARD_NORMAL"",""frame_status"":""AVAILABLE""},""duplicate_of"":null},{""slot_index"":6,""candidate_id"":""ALT-06-BRAKE-BIASED-OUTWARD"",""source"":""TASK_LOCAL_REPRESENTED_MAP_DIRECTIONAL_V1"",""formula"":""u_box(normalize(project_Hv(b_hat+n)))"",""availability"":""AVAILABLE"",""acceleration"":[-0.05974227695514765,-0.03337021049448023,0.1],""provenance"":{""query_status"":""FINITE"",""map_input"":""REPRESENTED_GAUSSIAN_SPHERE_ONLY"",""reference_input"":false,""active_primitive_id"":881266,""active_primitive_center"":[0.7900000214576721,0.28999999165534973,1.9700000286102295],""normal_source"":""REPRESENTED_SPHERE_OUTWARD_NORMAL"",""frame_status"":""AVAILABLE""},""duplicate_of"":null}]",0,0,0,0,d975ca372328fb2cb0f245353cb3582b4d21496e92502ec294fcbf09f0115c7c
ACTIVATED,G1,bd6b06d31c5a672f05902eb6ba52a9eb995e46e64d5b7121d8930796d4b3509f,"[0.7879112875935103,0.17415309002466373,2.023078917295878]","[0.08576072982249544,-0.02091603522075802,-0.046985281641775345]","[0.4716522991657257,0.12523484230041504,2.2526073455810547]",8f0977d300d1500f616cbdf672c46986622e84ce42ea1cc643ca7c9344c40789,0,diagnostic,REPRESENTED_SPHERE_SURFACE_NEIGHBOR,0.5,TANGENT_NEG,0.1,0.0,0.0025,881266,0.13925565567505838,0.2942480265571591,"[-0.1,-0.07908396477924198,0.1]","[-0.09996403391285529,-0.07908396247956784,0.09994044906143881]",FINITE,5.395603008016836e-06,True,False,True,-4.5102810375396984e-17,False,False,,,,False,,"[{""slot_index"":1,""candidate_id"":""ALT-01-OUTWARD"",""source"":""TASK_LOCAL_REPRESENTED_MAP_DIRECTIONAL_V1"",""formula"":""u_box(n)"",""availability"":""AVAILABLE"",""acceleration"":[-0.0018030122815201732,-0.1,0.04581813405321891],""provenance"":{""query_status"":""FINITE"",""map_input"":""REPRESENTED_GAUSSIAN_SPHERE_ONLY"",""reference_input"":false,""active_primitive_id"":881266,""active_primitive_center"":[0.7900000214576721,0.28999999165534973,1.9700000286102295],""normal_source"":""REPRESENTED_SPHERE_OUTWARD_NORMAL"",""frame_status"":""AVAILABLE""},""duplicate_of"":null},{""slot_index"":2,""candidate_id"":""ALT-02-GOAL-TANGENT"",""source"":""TASK_LOCAL_REPRESENTED_MAP_DIRECTIONAL_V1"",""formula"":""u_box(t_g)"",""availability"":""AVAILABLE"",""acceleration"":[-0.1,0.026477922742572668,0.05385402738660628],""provenance"":{""query_status"":""FINITE"",""map_input"":""REPRESENTED_GAUSSIAN_SPHERE_ONLY"",""reference_input"":false,""active_primitive_id"":881266,""active_primitive_center"":[0.7900000214576721,0.28999999165534973,1.9700000286102295],""normal_source"":""REPRESENTED_SPHERE_OUTWARD_NORMAL"",""frame_status"":""AVAILABLE""},""duplicate_of"":null},{""slot_index"":3,""candidate_id"":""ALT-03-AUX-TANGENT-POS"",""source"":""TASK_LOCAL_REPRESENTED_MAP_DIRECTIONAL_V1"",""formula"":""u_box(t_a)"",""availability"":""AVAILABLE"",""acceleration"":[-0.06567219831788809,-0.04463405625200311,-0.1],""provenance"":{""query_status"":""FINITE"",""map_input"":""REPRESENTED_GAUSSIAN_SPHERE_ONLY"",""reference_input"":false,""active_primitive_id"":881266,""active_primitive_center"":[0.7900000214576721,0.28999999165534973,1.9700000286102295],""normal_source"":""REPRESENTED_SPHERE_OUTWARD_NORMAL"",""frame_status"":""AVAILABLE""},""duplicate_of"":null},{""slot_index"":4,""candidate_id"":""ALT-04-AUX-TANGENT-NEG"",""source"":""TASK_LOCAL_REPRESENTED_MAP_DIRECTIONAL_V1"",""formula"":""u_box(-t_a)"",""availability"":""AVAILABLE"",""acceleration"":[0.06567219831788809,0.04463405625200311,0.1],""provenance"":{""query_status"":""FINITE"",""map_input"":""REPRESENTED_GAUSSIAN_SPHERE_ONLY"",""reference_input"":false,""active_primitive_id"":881266,""active_primitive_center"":[0.7900000214576721,0.28999999165534973,1.9700000286102295],""normal_source"":""REPRESENTED_SPHERE_OUTWARD_NORMAL"",""frame_status"":""AVAILABLE""},""duplicate_of"":null},{""slot_index"":5,""candidate_id"":""ALT-05-BRAKE-BIASED-GOAL-TANGENT"",""source"":""TASK_LOCAL_REPRESENTED_MAP_DIRECTIONAL_V1"",""formula"":""u_box(normalize(project_Hv(b_hat+t_g)))"",""availability"":""AVAILABLE"",""acceleration"":[-0.10000000000000002,0.05606250579218156,0.07242272688629307],""provenance"":{""query_status"":""FINITE"",""map_input"":""REPRESENTED_GAUSSIAN_SPHERE_ONLY"",""reference_input"":false,""active_primitive_id"":881266,""active_primitive_center"":[0.7900000214576721,0.28999999165534973,1.9700000286102295],""normal_source"":""REPRESENTED_SPHERE_OUTWARD_NORMAL"",""frame_status"":""AVAILABLE""},""duplicate_of"":null},{""slot_index"":6,""candidate_id"":""ALT-06-BRAKE-BIASED-OUTWARD"",""source"":""TASK_LOCAL_REPRESENTED_MAP_DIRECTIONAL_V1"",""formula"":""u_box(normalize(project_Hv(b_hat+n)))"",""availability"":""AVAILABLE"",""acceleration"":[-0.05974227695514765,-0.03337021049448023,0.1],""provenance"":{""query_status"":""FINITE"",""map_input"":""REPRESENTED_GAUSSIAN_SPHERE_ONLY"",""reference_input"":false,""active_primitive_id"":881266,""active_primitive_center"":[0.7900000214576721,0.28999999165534973,1.9700000286102295],""normal_source"":""REPRESENTED_SPHERE_OUTWARD_NORMAL"",""frame_status"":""AVAILABLE""},""duplicate_of"":null}]",0,0,0,0,3271487899061ed6df78c4fe53cfe08271d5d9fe37cdbbd08e41c08b387f0ae1
ACTIVATED,G1,c69ec8e2ab6acaad7ef65999893553c1e44f7e3e1f72a56bc398a991d50f7f34,"[1.0945530824320724,0.17063033292548943,1.8317443484998848]","[0.0,0.0,-0.075]","[0.4716522991657257,0.12523484230041504,2.2526073455810547]",8f0977d300d1500f616cbdf672c46986622e84ce42ea1cc643ca7c9344c40789,0,diagnostic,REPRESENTED_SPHERE_SURFACE_NEIGHBOR,0.0,AXIS_Z_NEG,0.075,-2e-05,-0.0025,936984,0.1344823372554296,0.2942480265571591,"[-0.1,-0.1,0.1]","[-0.04418222537979772,-0.09999999995718632,0.09999999991823388]",FINITE,9.9586890613991e-07,True,False,True,-1.6307539349620648e-06,False,False,,,,False,,"[{""slot_index"":1,""candidate_id"":""ALT-01-OUTWARD"",""source"":""TASK_LOCAL_REPRESENTED_MAP_DIRECTIONAL_V1"",""formula"":""u_box(n)"",""availability"":""AVAILABLE"",""acceleration"":[0.037323663810260393,-0.1,0.0014612637776639558],""provenance"":{""query_status"":""FINITE"",""map_input"":""REPRESENTED_GAUSSIAN_SPHERE_ONLY"",""reference_input"":false,""active_primitive_id"":936984,""active_primitive_center"":[1.0499999523162842,0.28999999165534973,1.8300000429153442],""normal_source"":""REPRESENTED_SPHERE_OUTWARD_NORMAL"",""frame_status"":""AVAILABLE""},""duplicate_of"":null},{""slot_index"":2,""candidate_id"":""ALT-02-GOAL-TANGENT"",""source"":""TASK_LOCAL_REPRESENTED_MAP_DIRECTIONAL_V1"",""formula"":""u_box(t_g)"",""availability"":""AVAILABLE"",""acceleration"":[-0.10000000000000002,-0.036226530215496364,0.07508114630186583],""provenance"":{""query_status"":""FINITE"",""map_input"":""REPRESENTED_GAUSSIAN_SPHERE_ONLY"",""reference_input"":false,""active_primitive_id"":936984,""active_primitive_center"":[1.0499999523162842,0.28999999165534973,1.8300000429153442],""normal_source"":""REPRESENTED_SPHERE_OUTWARD_NORMAL"",""frame_status"":""AVAILABLE""},""duplicate_of"":null},{""slot_index"":3,""candidate_id"":""ALT-03-AUX-TANGENT-POS"",""source"":""TASK_LOCAL_REPRESENTED_MAP_DIRECTIONAL_V1"",""formula"":""u_box(t_a)"",""availability"":""AVAILABLE"",""acceleration"":[-0.06567219831788793,-0.02597253429463993,-0.1],""provenance"":{""query_status"":""FINITE"",""map_input"":""REPRESENTED_GAUSSIAN_SPHERE_ONLY"",""reference_input"":false,""active_primitive_id"":936984,""active_primitive_center"":[1.0499999523162842,0.28999999165534973,1.8300000429153442],""normal_source"":""REPRESENTED_SPHERE_OUTWARD_NORMAL"",""frame_status"":""AVAILABLE""},""duplicate_of"":null},{""slot_index"":4,""candidate_id"":""ALT-04-AUX-TANGENT-NEG"",""source"":""TASK_LOCAL_REPRESENTED_MAP_DIRECTIONAL_V1"",""formula"":""u_box(-t_a)"",""availability"":""AVAILABLE"",""acceleration"":[0.06567219831788793,0.02597253429463993,0.1],""provenance"":{""query_status"":""FINITE"",""map_input"":""REPRESENTED_GAUSSIAN_SPHERE_ONLY"",""reference_input"":false,""active_primitive_id"":936984,""active_primitive_center"":[1.0499999523162842,0.28999999165534973,1.8300000429153442],""normal_source"":""REPRESENTED_SPHERE_OUTWARD_NORMAL"",""frame_status"":""AVAILABLE""},""duplicate_of"":null},{""slot_index"":5,""candidate_id"":""ALT-05-BRAKE-BIASED-GOAL-TANGENT"",""source"":""TASK_LOCAL_REPRESENTED_MAP_DIRECTIONAL_V1"",""formula"":""u_box(normalize(project_Hv(b_hat+t_g)))"",""availability"":""AVAILABLE"",""acceleration"":[-0.048715958072717044,-0.017648101270981376,0.1],""provenance"":{""query_status"":""FINITE"",""map_input"":""REPRESENTED_GAUSSIAN_SPHERE_ONLY"",""reference_input"":false,""active_primitive_id"":936984,""active_primitive_center"":[1.0499999523162842,0.28999999165534973,1.8300000429153442],""normal_source"":""REPRESENTED_SPHERE_OUTWARD_NORMAL"",""frame_status"":""AVAILABLE""},""duplicate_of"":null},{""slot_index"":6,""candidate_id"":""ALT-06-BRAKE-BIASED-OUTWARD"",""source"":""TASK_LOCAL_REPRESENTED_MAP_DIRECTIONAL_V1"",""formula"":""u_box(normalize(project_Hv(b_hat+n)))"",""availability"":""AVAILABLE"",""acceleration"":[0.03449203198605393,-0.09241330690737805,0.1],""provenance"":{""query_status"":""FINITE"",""map_input"":""REPRESENTED_GAUSSIAN_SPHERE_ONLY"",""reference_input"":false,""active_primitive_id"":936984,""active_primitive_center"":[1.0499999523162842,0.28999999165534973,1.8300000429153442],""normal_source"":""REPRESENTED_SPHERE_OUTWARD_NORMAL"",""frame_status"":""AVAILABLE""},""duplicate_of"":null}]",0,0,0,0,7b84c577010a8f98e29c71ab6c793a23e621dd7ce4458ff73a8bfe63f58d60c7
ACTIVATED,G1,ee47d050499bd0d7e95d3b2a8771dc563605bc8e8d6b1cdb3d2b7291d2a484f5,"[0.9473622632637703,0.16285062731973313,1.9382653820516749]","[0.1,0.0,0.0]","[0.4716522991657257,0.12523484230041504,2.2526073455810547]",8f0977d300d1500f616cbdf672c46986622e84ce42ea1cc643ca7c9344c40789,0,diagnostic,REPRESENTED_SPHERE_SURFACE_NEIGHBOR,0.25,AXIS_X_POS,0.1,0.0,0.0025,915688,0.13048503917657628,0.2942480265571591,"[-0.1,-0.1,0.1]","[-0.0999681115308452,-0.09995048762535572,0.09998553054563793]",FINITE,5.395603008035918e-06,True,False,True,-6.108514953619137e-07,False,False,,,,False,,"[{""slot_index"":1,""candidate_id"":""ALT-01-OUTWARD"",""source"":""TASK_LOCAL_REPRESENTED_MAP_DIRECTIONAL_V1"",""formula"":""u_box(n)"",""availability"":""AVAILABLE"",""acceleration"":[-0.0020745088495593127,-0.1,0.006500570841978632],""provenance"":{""query_status"":""FINITE"",""map_input"":""REPRESENTED_GAUSSIAN_SPHERE_ONLY"",""reference_input"":false,""active_primitive_id"":915688,""active_primitive_center"":[0.949999988079071,0.28999999165534973,1.9299999475479126],""normal_source"":""REPRESENTED_SPHERE_OUTWARD_NORMAL"",""frame_status"":""AVAILABLE""},""duplicate_of"":null},{""slot_index"":2,""candidate_id"":""ALT-02-GOAL-TANGENT"",""source"":""TASK_LOCAL_REPRESENTED_MAP_DIRECTIONAL_V1"",""formula"":""u_box(t_g)"",""availability"":""AVAILABLE"",""acceleration"":[-0.1,0.0063224588519250596,0.06534733803582031],""provenance"":{""query_status"":""FINITE"",""map_input"":""REPRESENTED_GAUSSIAN_SPHERE_ONLY"",""reference_input"":false,""active_primitive_id"":915688,""active_primitive_center"":[0.949999988079071,0.28999999165534973,1.9299999475479126],""normal_source"":""REPRESENTED_SPHERE_OUTWARD_NORMAL"",""frame_status"":""AVAILABLE""},""duplicate_of"":null},{""slot_index"":3,""candidate_id"":""ALT-03-AUX-TANGENT-POS"",""source"":""TASK_LOCAL_REPRESENTED_MAP_DIRECTIONAL_V1"",""formula"":""u_box(t_a)"",""availability"":""AVAILABLE"",""acceleration"":[-0.06567219831788797,-0.005138195276173904,-0.1],""provenance"":{""query_status"":""FINITE"",""map_input"":""REPRESENTED_GAUSSIAN_SPHERE_ONLY"",""reference_input"":false,""active_primitive_id"":915688,""active_primitive_center"":[0.949999988079071,0.28999999165534973,1.9299999475479126],""normal_source"":""REPRESENTED_SPHERE_OUTWARD_NORMAL"",""frame_status"":""AVAILABLE""},""duplicate_of"":null},{""slot_index"":4,""candidate_id"":""ALT-04-AUX-TANGENT-NEG"",""source"":""TASK_LOCAL_REPRESENTED_MAP_DIRECTIONAL_V1"",""formula"":""u_box(-t_a)"",""availability"":""AVAILABLE"",""acceleration"":[0.06567219831788797,0.005138195276173904,0.1],""provenance"":{""query_status"":""FINITE"",""map_input"":""REPRESENTED_GAUSSIAN_SPHERE_ONLY"",""reference_input"":false,""active_primitive_id"":915688,""active_primitive_center"":[0.949999988079071,0.28999999165534973,1.9299999475479126],""normal_source"":""REPRESENTED_SPHERE_OUTWARD_NORMAL"",""frame_status"":""AVAILABLE""},""duplicate_of"":null},{""slot_index"":5,""candidate_id"":""ALT-05-BRAKE-BIASED-GOAL-TANGENT"",""source"":""TASK_LOCAL_REPRESENTED_MAP_DIRECTIONAL_V1"",""formula"":""u_box(normalize(project_Hv(b_hat+t_g)))"",""availability"":""AVAILABLE"",""acceleration"":[-0.1,0.002878746009445676,0.029753991762435456],""provenance"":{""query_status"":""FINITE"",""map_input"":""REPRESENTED_GAUSSIAN_SPHERE_ONLY"",""reference_input"":false,""active_primitive_id"":915688,""active_primitive_center"":[0.949999988079071,0.28999999165534973,1.9299999475479126],""normal_source"":""REPRESENTED_SPHERE_OUTWARD_NORMAL"",""frame_status"":""AVAILABLE""},""duplicate_of"":null},{""slot_index"":6,""candidate_id"":""ALT-06-BRAKE-BIASED-OUTWARD"",""source"":""TASK_LOCAL_REPRESENTED_MAP_DIRECTIONAL_V1"",""formula"":""u_box(normalize(project_Hv(b_hat+n)))"",""availability"":""AVAILABLE"",""acceleration"":[-0.1,-0.0977449807468873,0.006353981717929783],""provenance"":{""query_status"":""FINITE"",""map_input"":""REPRESENTED_GAUSSIAN_SPHERE_ONLY"",""reference_input"":false,""active_primitive_id"":915688,""active_primitive_center"":[0.949999988079071,0.28999999165534973,1.9299999475479126],""normal_source"":""REPRESENTED_SPHERE_OUTWARD_NORMAL"",""frame_status"":""AVAILABLE""},""duplicate_of"":null}]",0,0,0,0,4fe43fef93722d374be925ea9681481ec0e47d722dac5061f45261aa3e18b71c
ACTIVATED,G1,eed865a4c4c72b3032e69c2c97c9850f4c553938ea3d232ad41fd1d1ad7f621e,"[1.0906856839903565,0.169312364624933,1.8346264638431253]","[0.058111328076115853,0.01948690580257032,-0.043224229911842035]","[0.4716522991657257,0.12523484230041504,2.2526073455810547]",8f0977d300d1500f616cbdf672c46986622e84ce42ea1cc643ca7c9344c40789,0,diagnostic,REPRESENTED_SPHERE_SURFACE_NEIGHBOR,0.0,TANGENT_NEG,0.075,0.0,0.0025,936984,0.1344096522891175,0.2942480265571591,"[-0.1,-0.1,0.1]","[-0.09998306432339894,-0.09996430139852021,0.09998416370177618]",FINITE,5.39560300802204e-06,True,False,True,-1.5612511283791264e-17,False,False,,,,False,,"[{""slot_index"":1,""candidate_id"":""ALT-01-OUTWARD"",""source"":""TASK_LOCAL_REPRESENTED_MAP_DIRECTIONAL_V1"",""formula"":""u_box(n)"",""availability"":""AVAILABLE"",""acceleration"":[0.0337116013258081,-0.1,0.003833384615819071],""provenance"":{""query_status"":""FINITE"",""map_input"":""REPRESENTED_GAUSSIAN_SPHERE_ONLY"",""reference_input"":false,""active_primitive_id"":936984,""active_primitive_center"":[1.0499999523162842,0.28999999165534973,1.8300000429153442],""normal_source"":""REPRESENTED_SPHERE_OUTWARD_NORMAL"",""frame_status"":""AVAILABLE""},""duplicate_of"":null},{""slot_index"":2,""candidate_id"":""ALT-02-GOAL-TANGENT"",""source"":""TASK_LOCAL_REPRESENTED_MAP_DIRECTIONAL_V1"",""formula"":""u_box(t_g)"",""availability"":""AVAILABLE"",""acceleration"":[-0.09999999999999999,-0.03088661783072579,0.07369423572642753],""provenance"":{""query_status"":""FINITE"",""map_input"":""REPRESENTED_GAUSSIAN_SPHERE_ONLY"",""reference_input"":false,""active_primitive_id"":936984,""active_primitive_center"":[1.0499999523162842,0.28999999165534973,1.8300000429153442],""normal_source"":""REPRESENTED_SPHERE_OUTWARD_NORMAL"",""frame_status"":""AVAILABLE""},""duplicate_of"":null},{""slot_index"":3,""candidate_id"":""ALT-03-AUX-TANGENT-POS"",""source"":""TASK_LOCAL_REPRESENTED_MAP_DIRECTIONAL_V1"",""formula"":""u_box(t_a)"",""availability"":""AVAILABLE"",""acceleration"":[-0.06567219831788804,-0.025972534294639537,-0.1],""provenance"":{""query_status"":""FINITE"",""map_input"":""REPRESENTED_GAUSSIAN_SPHERE_ONLY"",""reference_input"":false,""active_primitive_id"":936984,""active_primitive_center"":[1.0499999523162842,0.28999999165534973,1.8300000429153442],""normal_source"":""REPRESENTED_SPHERE_OUTWARD_NORMAL"",""frame_status"":""AVAILABLE""},""duplicate_of"":null},{""slot_index"":4,""candidate_id"":""ALT-04-AUX-TANGENT-NEG"",""source"":""TASK_LOCAL_REPRESENTED_MAP_DIRECTIONAL_V1"",""formula"":""u_box(-t_a)"",""availability"":""AVAILABLE"",""acceleration"":[0.06567219831788804,0.025972534294639537,0.1],""provenance"":{""query_status"":""FINITE"",""map_input"":""REPRESENTED_GAUSSIAN_SPHERE_ONLY"",""reference_input"":false,""active_primitive_id"":936984,""active_primitive_center"":[1.0499999523162842,0.28999999165534973,1.8300000429153442],""normal_source"":""REPRESENTED_SPHERE_OUTWARD_NORMAL"",""frame_status"":""AVAILABLE""},""duplicate_of"":null},{""slot_index"":5,""candidate_id"":""ALT-05-BRAKE-BIASED-GOAL-TANGENT"",""source"":""TASK_LOCAL_REPRESENTED_MAP_DIRECTIONAL_V1"",""formula"":""u_box(normalize(project_Hv(b_hat+t_g)))"",""availability"":""AVAILABLE"",""acceleration"":[-0.1,-0.06025743967687125,0.0848732851630977],""provenance"":{""query_status"":""FINITE"",""map_input"":""REPRESENTED_GAUSSIAN_SPHERE_ONLY"",""reference_input"":false,""active_primitive_id"":936984,""active_primitive_center"":[1.0499999523162842,0.28999999165534973,1.8300000429153442],""normal_source"":""REPRESENTED_SPHERE_OUTWARD_NORMAL"",""frame_status"":""AVAILABLE""},""duplicate_of"":null},{""slot_index"":6,""candidate_id"":""ALT-06-BRAKE-BIASED-OUTWARD"",""source"":""TASK_LOCAL_REPRESENTED_MAP_DIRECTIONAL_V1"",""formula"":""u_box(normalize(project_Hv(b_hat+n)))"",""availability"":""AVAILABLE"",""acceleration"":[-0.016932630527952706,-0.1,0.040257182684325724],""provenance"":{""query_status"":""FINITE"",""map_input"":""REPRESENTED_GAUSSIAN_SPHERE_ONLY"",""reference_input"":false,""active_primitive_id"":936984,""active_primitive_center"":[1.0499999523162842,0.28999999165534973,1.8300000429153442],""normal_source"":""REPRESENTED_SPHERE_OUTWARD_NORMAL"",""frame_status"":""AVAILABLE""},""duplicate_of"":null}]",0,0,0,0,8c54f724d716215398b3c3173e912f3f9ba3c59b43750d7219c2d3b308f29da7
ACTIVATED,G2,0475207cefabeedca698a4886b16c301551633249cdcbac6e743e7526a24206c,"[1.0929572330941681,0.16901986579909836,1.8332106569686335]","[-0.05,0.0,0.0]","[0.4716522991657257,0.12523484230041504,2.2526073455810547]",8f0977d300d1500f616cbdf672c46986622e84ce42ea1cc643ca7c9344c40789,0,diagnostic,REPRESENTED_SPHERE_SURFACE_NEIGHBOR,0.0,AXIS_X_NEG,0.05,0.001,0.0,936984,0.13543176842067786,0.2942480265571591,"[-0.05,-0.1,0.1]","[-0.008819490254593023,-0.09999999959825587,0.08901803000295332]",FINITE,0.00022099999999999724,True,True,False,4.084198674908328e-05,False,False,11,FAIL_CLOSED_CURRENT_CBF_INFEASIBLE,FAIL_CLOSED_CURRENT_CBF_INFEASIBLE,False,,"[{""slot_index"":1,""candidate_id"":""ALT-01-OUTWARD"",""source"":""TASK_LOCAL_REPRESENTED_MAP_DIRECTIONAL_V1"",""formula"":""u_box(n)"",""availability"":""AVAILABLE"",""acceleration"":[0.035507717051746025,-0.1,0.002653835934262554],""provenance"":{""query_status"":""FINITE"",""map_input"":""REPRESENTED_GAUSSIAN_SPHERE_ONLY"",""reference_input"":false,""active_primitive_id"":936984,""active_primitive_center"":[1.0499999523162842,0.28999999165534973,1.8300000429153442],""normal_source"":""REPRESENTED_SPHERE_OUTWARD_NORMAL"",""frame_status"":""AVAILABLE""},""duplicate_of"":null},{""slot_index"":2,""candidate_id"":""ALT-02-GOAL-TANGENT"",""source"":""TASK_LOCAL_REPRESENTED_MAP_DIRECTIONAL_V1"",""formula"":""u_box(t_g)"",""availability"":""AVAILABLE"",""acceleration"":[-0.1,-0.033533747115615464,0.07438176228776898],""provenance"":{""query_status"":""FINITE"",""map_input"":""REPRESENTED_GAUSSIAN_SPHERE_ONLY"",""reference_input"":false,""active_primitive_id"":936984,""active_primitive_center"":[1.0499999523162842,0.28999999165534973,1.8300000429153442],""normal_source"":""REPRESENTED_SPHERE_OUTWARD_NORMAL"",""frame_status"":""AVAILABLE""},""duplicate_of"":null},{""slot_index"":3,""candidate_id"":""ALT-03-AUX-TANGENT-POS"",""source"":""TASK_LOCAL_REPRESENTED_MAP_DIRECTIONAL_V1"",""formula"":""u_box(t_a)"",""availability"":""AVAILABLE"",""acceleration"":[-0.065672198317888,-0.02597253429463973,-0.1],""provenance"":{""query_status"":""FINITE"",""map_input"":""REPRESENTED_GAUSSIAN_SPHERE_ONLY"",""reference_input"":false,""active_primitive_id"":936984,""active_primitive_center"":[1.0499999523162842,0.28999999165534973,1.8300000429153442],""normal_source"":""REPRESENTED_SPHERE_OUTWARD_NORMAL"",""frame_status"":""AVAILABLE""},""duplicate_of"":null},{""slot_index"":4,""candidate_id"":""ALT-04-AUX-TANGENT-NEG"",""source"":""TASK_LOCAL_REPRESENTED_MAP_DIRECTIONAL_V1"",""formula"":""u_box(-t_a)"",""availability"":""AVAILABLE"",""acceleration"":[0.065672198317888,0.02597253429463973,0.1],""provenance"":{""query_status"":""FINITE"",""map_input"":""REPRESENTED_GAUSSIAN_SPHERE_ONLY"",""reference_input"":false,""active_primitive_id"":936984,""active_primitive_center"":[1.0499999523162842,0.28999999165534973,1.8300000429153442],""normal_source"":""REPRESENTED_SPHERE_OUTWARD_NORMAL"",""frame_status"":""AVAILABLE""},""duplicate_of"":null},{""slot_index"":5,""candidate_id"":""ALT-05-BRAKE-BIASED-GOAL-TANGENT"",""source"":""TASK_LOCAL_REPRESENTED_MAP_DIRECTIONAL_V1"",""formula"":""u_box(normalize(project_Hv(b_hat+t_g)))"",""availability"":""AVAILABLE"",""acceleration"":[0.03907223323198454,-0.04508329203855071,0.1],""provenance"":{""query_status"":""FINITE"",""map_input"":""REPRESENTED_GAUSSIAN_SPHERE_ONLY"",""reference_input"":false,""active_primitive_id"":936984,""active_primitive_center"":[1.0499999523162842,0.28999999165534973,1.8300000429153442],""normal_source"":""REPRESENTED_SPHERE_OUTWARD_NORMAL"",""frame_status"":""AVAILABLE""},""duplicate_of"":null},{""slot_index"":6,""candidate_id"":""ALT-06-BRAKE-BIASED-OUTWARD"",""source"":""TASK_LOCAL_REPRESENTED_MAP_DIRECTIONAL_V1"",""formula"":""u_box(normalize(project_Hv(b_hat+n)))"",""availability"":""AVAILABLE"",""acceleration"":[0.1,-0.07059265190777511,0.001873413163277416],""provenance"":{""query_status"":""FINITE"",""map_input"":""REPRESENTED_GAUSSIAN_SPHERE_ONLY"",""reference_input"":false,""active_primitive_id"":936984,""active_primitive_center"":[1.0499999523162842,0.28999999165534973,1.8300000429153442],""normal_source"":""REPRESENTED_SPHERE_OUTWARD_NORMAL"",""frame_status"":""AVAILABLE""},""duplicate_of"":null}]",0,0,0,0,b8504fd887d210b80157bf52e5ed0f35281792feaa3fffce504617f46d2e7802
ACTIVATED,G2,049671f71eb8a96a1cf02247e3b5dd6c630c22568877111aa416af8b9274c2b9,"[1.0945932230122253,0.170517285443179,1.831747348594593]","[-0.07748177076815449,-0.025982541070093762,0.057632306549122714]","[0.4716522991657257,0.12523484230041504,2.2526073455810547]",8f0977d300d1500f616cbdf672c46986622e84ce42ea1cc643ca7c9344c40789,0,diagnostic,REPRESENTED_SPHERE_SURFACE_NEIGHBOR,0.0,TANGENT_POS,0.1,0.0001,-0.0025,936984,0.13460168704958486,0.2942480265571591,"[-0.022518229231845516,-0.07401745892990624,0.04236769345087729]","[-0.007204946328047472,-0.09564631779955768,0.03182265074749856]",FINITE,2.7406272886790206e-05,True,True,False,2.2010000000001126e-05,False,False,16,FAIL_CLOSED_CURRENT_CBF_INFEASIBLE,FAIL_CLOSED_CURRENT_CBF_INFEASIBLE,False,,"[{""slot_index"":1,""candidate_id"":""ALT-01-OUTWARD"",""source"":""TASK_LOCAL_REPRESENTED_MAP_DIRECTIONAL_V1"",""formula"":""u_box(n)"",""availability"":""AVAILABLE"",""acceleration"":[0.03732194566865172,-0.1,0.0014623921190284872],""provenance"":{""query_status"":""FINITE"",""map_input"":""REPRESENTED_GAUSSIAN_SPHERE_ONLY"",""reference_input"":false,""active_primitive_id"":936984,""active_primitive_center"":[1.0499999523162842,0.28999999165534973,1.8300000429153442],""normal_source"":""REPRESENTED_SPHERE_OUTWARD_NORMAL"",""frame_status"":""AVAILABLE""},""duplicate_of"":null},{""slot_index"":2,""candidate_id"":""ALT-02-GOAL-TANGENT"",""source"":""TASK_LOCAL_REPRESENTED_MAP_DIRECTIONAL_V1"",""formula"":""u_box(t_g)"",""availability"":""AVAILABLE"",""acceleration"":[-0.1,-0.036223974608969235,0.07508048254608411],""provenance"":{""query_status"":""FINITE"",""map_input"":""REPRESENTED_GAUSSIAN_SPHERE_ONLY"",""reference_input"":false,""active_primitive_id"":936984,""active_primitive_center"":[1.0499999523162842,0.28999999165534973,1.8300000429153442],""normal_source"":""REPRESENTED_SPHERE_OUTWARD_NORMAL"",""frame_status"":""AVAILABLE""},""duplicate_of"":null},{""slot_index"":3,""candidate_id"":""ALT-03-AUX-TANGENT-POS"",""source"":""TASK_LOCAL_REPRESENTED_MAP_DIRECTIONAL_V1"",""formula"":""u_box(t_a)"",""availability"":""AVAILABLE"",""acceleration"":[-0.06567219831788795,-0.025972534294639832,-0.1],""provenance"":{""query_status"":""FINITE"",""map_input"":""REPRESENTED_GAUSSIAN_SPHERE_ONLY"",""reference_input"":false,""active_primitive_id"":936984,""active_primitive_center"":[1.0499999523162842,0.28999999165534973,1.8300000429153442],""normal_source"":""REPRESENTED_SPHERE_OUTWARD_NORMAL"",""frame_status"":""AVAILABLE""},""duplicate_of"":null},{""slot_index"":4,""candidate_id"":""ALT-04-AUX-TANGENT-NEG"",""source"":""TASK_LOCAL_REPRESENTED_MAP_DIRECTIONAL_V1"",""formula"":""u_box(-t_a)"",""availability"":""AVAILABLE"",""acceleration"":[0.06567219831788795,0.025972534294639832,0.1],""provenance"":{""query_status"":""FINITE"",""map_input"":""REPRESENTED_GAUSSIAN_SPHERE_ONLY"",""reference_input"":false,""active_primitive_id"":936984,""active_primitive_center"":[1.0499999523162842,0.28999999165534973,1.8300000429153442],""normal_source"":""REPRESENTED_SPHERE_OUTWARD_NORMAL"",""frame_status"":""AVAILABLE""},""duplicate_of"":null},{""slot_index"":5,""candidate_id"":""ALT-05-BRAKE-BIASED-GOAL-TANGENT"",""source"":""TASK_LOCAL_REPRESENTED_MAP_DIRECTIONAL_V1"",""formula"":""u_box(normalize(project_Hv(b_hat+t_g)))"",""availability"":""AVAILABLE"",""acceleration"":[-0.04310673419195373,0.1,-0.012870072961302298],""provenance"":{""query_status"":""FINITE"",""map_input"":""REPRESENTED_GAUSSIAN_SPHERE_ONLY"",""reference_input"":false,""active_primitive_id"":936984,""active_primitive_center"":[1.0499999523162842,0.28999999165534973,1.8300000429153442],""normal_source"":""REPRESENTED_SPHERE_OUTWARD_NORMAL"",""frame_status"":""AVAILABLE""},""duplicate_of"":null},{""slot_index"":6,""candidate_id"":""ALT-06-BRAKE-BIASED-OUTWARD"",""source"":""TASK_LOCAL_REPRESENTED_MAP_DIRECTIONAL_V1"",""formula"":""u_box(normalize(project_Hv(b_hat+n)))"",""availability"":""AVAILABLE"",""acceleration"":[0.1,-0.038775276918082496,-0.06080519256873257],""provenance"":{""query_status"":""FINITE"",""map_input"":""REPRESENTED_GAUSSIAN_SPHERE_ONLY"",""reference_input"":false,""active_primitive_id"":936984,""active_primitive_center"":[1.0499999523162842,0.28999999165534973,1.8300000429153442],""normal_source"":""REPRESENTED_SPHERE_OUTWARD_NORMAL"",""frame_status"":""AVAILABLE""},""duplicate_of"":null}]",0,0,0,0,2cc566589cb2ee59006c61fb0f377bf7e5c1a89116f54e4fd8490adc522b5cd2
ACTIVATED,G2,0a95865821007d907aebd78fe5551942e16a57e4df1247db4cbea50934e02ed0,"[0.7879112875935103,0.17415309002466373,2.023078917295878]","[-0.075,0.0,0.0]","[0.4716522991657257,0.12523484230041504,2.2526073455810547]",8f0977d300d1500f616cbdf672c46986622e84ce42ea1cc643ca7c9344c40789,0,diagnostic,REPRESENTED_SPHERE_SURFACE_NEIGHBOR,0.5,AXIS_X_NEG,0.075,0.0,0.0025,881266,0.13925565567505838,0.2942480265571591,"[-0.02500000000000001,-0.1,0.1]","[0.07269666095806505,-0.09999999217514859,0.09999999288388738]",FINITE,5.395603008016836e-06,True,True,False,5.395603008016836e-06,False,False,15,FAIL_CLOSED_CURRENT_CBF_INFEASIBLE,FAIL_CLOSED_CURRENT_CBF_INFEASIBLE,False,,"[{""slot_index"":1,""candidate_id"":""ALT-01-OUTWARD"",""source"":""TASK_LOCAL_REPRESENTED_MAP_DIRECTIONAL_V1"",""formula"":""u_box(n)"",""availability"":""AVAILABLE"",""acceleration"":[-0.0018030122815201732,-0.1,0.04581813405321891],""provenance"":{""query_status"":""FINITE"",""map_input"":""REPRESENTED_GAUSSIAN_SPHERE_ONLY"",""reference_input"":false,""active_primitive_id"":881266,""active_primitive_center"":[0.7900000214576721,0.28999999165534973,1.9700000286102295],""normal_source"":""REPRESENTED_SPHERE_OUTWARD_NORMAL"",""frame_status"":""AVAILABLE""},""duplicate_of"":null},{""slot_index"":2,""candidate_id"":""ALT-02-GOAL-TANGENT"",""source"":""TASK_LOCAL_REPRESENTED_MAP_DIRECTIONAL_V1"",""formula"":""u_box(t_g)"",""availability"":""AVAILABLE"",""acceleration"":[-0.1,0.026477922742572668,0.05385402738660628],""provenance"":{""query_status"":""FINITE"",""map_input"":""REPRESENTED_GAUSSIAN_SPHERE_ONLY"",""reference_input"":false,""active_primitive_id"":881266,""active_primitive_center"":[0.7900000214576721,0.28999999165534973,1.9700000286102295],""normal_source"":""REPRESENTED_SPHERE_OUTWARD_NORMAL"",""frame_status"":""AVAILABLE""},""duplicate_of"":null},{""slot_index"":3,""candidate_id"":""ALT-03-AUX-TANGENT-POS"",""source"":""TASK_LOCAL_REPRESENTED_MAP_DIRECTIONAL_V1"",""formula"":""u_box(t_a)"",""availability"":""AVAILABLE"",""acceleration"":[-0.06567219831788809,-0.04463405625200311,-0.1],""provenance"":{""query_status"":""FINITE"",""map_input"":""REPRESENTED_GAUSSIAN_SPHERE_ONLY"",""reference_input"":false,""active_primitive_id"":881266,""active_primitive_center"":[0.7900000214576721,0.28999999165534973,1.9700000286102295],""normal_source"":""REPRESENTED_SPHERE_OUTWARD_NORMAL"",""frame_status"":""AVAILABLE""},""duplicate_of"":null},{""slot_index"":4,""candidate_id"":""ALT-04-AUX-TANGENT-NEG"",""source"":""TASK_LOCAL_REPRESENTED_MAP_DIRECTIONAL_V1"",""formula"":""u_box(-t_a)"",""availability"":""AVAILABLE"",""acceleration"":[0.06567219831788809,0.04463405625200311,0.1],""provenance"":{""query_status"":""FINITE"",""map_input"":""REPRESENTED_GAUSSIAN_SPHERE_ONLY"",""reference_input"":false,""active_primitive_id"":881266,""active_primitive_center"":[0.7900000214576721,0.28999999165534973,1.9700000286102295],""normal_source"":""REPRESENTED_SPHERE_OUTWARD_NORMAL"",""frame_status"":""AVAILABLE""},""duplicate_of"":null},{""slot_index"":5,""candidate_id"":""ALT-05-BRAKE-BIASED-GOAL-TANGENT"",""source"":""TASK_LOCAL_REPRESENTED_MAP_DIRECTIONAL_V1"",""formula"":""u_box(normalize(project_Hv(b_hat+t_g)))"",""availability"":""AVAILABLE"",""acceleration"":[0.03087005640799159,0.0491660958845166,0.1],""provenance"":{""query_status"":""FINITE"",""map_input"":""REPRESENTED_GAUSSIAN_SPHERE_ONLY"",""reference_input"":false,""active_primitive_id"":881266,""active_primitive_center"":[0.7900000214576721,0.28999999165534973,1.9700000286102295],""normal_source"":""REPRESENTED_SPHERE_OUTWARD_NORMAL"",""frame_status"":""AVAILABLE""},""duplicate_of"":null},{""slot_index"":6,""candidate_id"":""ALT-06-BRAKE-BIASED-OUTWARD"",""source"":""TASK_LOCAL_REPRESENTED_MAP_DIRECTIONAL_V1"",""formula"":""u_box(normalize(project_Hv(b_hat+n)))"",""availability"":""AVAILABLE"",""acceleration"":[0.1,-0.09241410647312558,0.042342419187941134],""provenance"":{""query_status"":""FINITE"",""map_input"":""REPRESENTED_GAUSSIAN_SPHERE_ONLY"",""reference_input"":false,""active_primitive_id"":881266,""active_primitive_center"":[0.7900000214576721,0.28999999165534973,1.9700000286102295],""normal_source"":""REPRESENTED_SPHERE_OUTWARD_NORMAL"",""frame_status"":""AVAILABLE""},""duplicate_of"":null}]",0,0,0,0,27ff2804473ecb1bcefacd147f4b836db74917f53bb1a070a5f28dfa4933a0aa
ACTIVATED,G2,0b0544aba83188b6a3bd3f9781d4b361b24e0bc717f0404ecabbe5721459a4fa,"[0.7879112875935103,0.17415309002466373,2.023078917295878]","[0.04288036491124772,-0.01045801761037901,-0.023492640820887672]","[0.4716522991657257,0.12523484230041504,2.2526073455810547]",8f0977d300d1500f616cbdf672c46986622e84ce42ea1cc643ca7c9344c40789,0,diagnostic,REPRESENTED_SPHERE_SURFACE_NEIGHBOR,0.5,TANGENT_NEG,0.05,0.0,0.0025,881266,0.13925565567505838,0.2942480265571591,"[-0.1,-0.089541982389621,0.1]","[-0.09996690063532537,-0.08954189897831445,0.09996173162330463]",FINITE,5.395603008016836e-06,False,True,False,3.469446951953614e-18,False,False,8,FAIL_CLOSED_CURRENT_CBF_INFEASIBLE,FAIL_CLOSED_CURRENT_CBF_INFEASIBLE,False,,"[{""slot_index"":1,""candidate_id"":""ALT-01-OUTWARD"",""source"":""TASK_LOCAL_REPRESENTED_MAP_DIRECTIONAL_V1"",""formula"":""u_box(n)"",""availability"":""AVAILABLE"",""acceleration"":[-0.0018030122815201732,-0.1,0.04581813405321891],""provenance"":{""query_status"":""FINITE"",""map_input"":""REPRESENTED_GAUSSIAN_SPHERE_ONLY"",""reference_input"":false,""active_primitive_id"":881266,""active_primitive_center"":[0.7900000214576721,0.28999999165534973,1.9700000286102295],""normal_source"":""REPRESENTED_SPHERE_OUTWARD_NORMAL"",""frame_status"":""AVAILABLE""},""duplicate_of"":null},{""slot_index"":2,""candidate_id"":""ALT-02-GOAL-TANGENT"",""source"":""TASK_LOCAL_REPRESENTED_MAP_DIRECTIONAL_V1"",""formula"":""u_box(t_g)"",""availability"":""AVAILABLE"",""acceleration"":[-0.1,0.026477922742572668,0.05385402738660628],""provenance"":{""query_status"":""FINITE"",""map_input"":""REPRESENTED_GAUSSIAN_SPHERE_ONLY"",""reference_input"":false,""active_primitive_id"":881266,""active_primitive_center"":[0.7900000214576721,0.28999999165534973,1.9700000286102295],""normal_source"":""REPRESENTED_SPHERE_OUTWARD_NORMAL"",""frame_status"":""AVAILABLE""},""duplicate_of"":null},{""slot_index"":3,""candidate_id"":""ALT-03-AUX-TANGENT-POS"",""source"":""TASK_LOCAL_REPRESENTED_MAP_DIRECTIONAL_V1"",""formula"":""u_box(t_a)"",""availability"":""AVAILABLE"",""acceleration"":[-0.06567219831788809,-0.04463405625200311,-0.1],""provenance"":{""query_status"":""FINITE"",""map_input"":""REPRESENTED_GAUSSIAN_SPHERE_ONLY"",""reference_input"":false,""active_primitive_id"":881266,""active_primitive_center"":[0.7900000214576721,0.28999999165534973,1.9700000286102295],""normal_source"":""REPRESENTED_SPHERE_OUTWARD_NORMAL"",""frame_status"":""AVAILABLE""},""duplicate_of"":null},{""slot_index"":4,""candidate_id"":""ALT-04-AUX-TANGENT-NEG"",""source"":""TASK_LOCAL_REPRESENTED_MAP_DIRECTIONAL_V1"",""formula"":""u_box(-t_a)"",""availability"":""AVAILABLE"",""acceleration"":[0.06567219831788809,0.04463405625200311,0.1],""provenance"":{""query_status"":""FINITE"",""map_input"":""REPRESENTED_GAUSSIAN_SPHERE_ONLY"",""reference_input"":false,""active_primitive_id"":881266,""active_primitive_center"":[0.7900000214576721,0.28999999165534973,1.9700000286102295],""normal_source"":""REPRESENTED_SPHERE_OUTWARD_NORMAL"",""frame_status"":""AVAILABLE""},""duplicate_of"":null},{""slot_index"":5,""candidate_id"":""ALT-05-BRAKE-BIASED-GOAL-TANGENT"",""source"":""TASK_LOCAL_REPRESENTED_MAP_DIRECTIONAL_V1"",""formula"":""u_box(normalize(project_Hv(b_hat+t_g)))"",""availability"":""AVAILABLE"",""acceleration"":[-0.10000000000000002,0.05606250579218156,0.07242272688629307],""provenance"":{""query_status"":""FINITE"",""map_input"":""REPRESENTED_GAUSSIAN_SPHERE_ONLY"",""reference_input"":false,""active_primitive_id"":881266,""active_primitive_center"":[0.7900000214576721,0.28999999165534973,1.9700000286102295],""normal_source"":""REPRESENTED_SPHERE_OUTWARD_NORMAL"",""frame_status"":""AVAILABLE""},""duplicate_of"":null},{""slot_index"":6,""candidate_id"":""ALT-06-BRAKE-BIASED-OUTWARD"",""source"":""TASK_LOCAL_REPRESENTED_MAP_DIRECTIONAL_V1"",""formula"":""u_box(normalize(project_Hv(b_hat+n)))"",""availability"":""AVAILABLE"",""acceleration"":[-0.05974227695514765,-0.03337021049448023,0.1],""provenance"":{""query_status"":""FINITE"",""map_input"":""REPRESENTED_GAUSSIAN_SPHERE_ONLY"",""reference_input"":false,""active_primitive_id"":881266,""active_primitive_center"":[0.7900000214576721,0.28999999165534973,1.9700000286102295],""normal_source"":""REPRESENTED_SPHERE_OUTWARD_NORMAL"",""frame_status"":""AVAILABLE""},""duplicate_of"":null}]",0,0,0,0,2594061c5f0692b880abca93c3516b11939d1ed389b7202c2479b4af63c2487e
ACTIVATED,G2,0dcd1da98960308ebfc6e6f5699aa242a316e8e844cc424418583261f0f1ab47,"[1.0915219460768757,0.16695720874346553,1.8346889658162158]","[-0.06269001750482665,0.0,0.041169912621288454]","[0.4716522991657257,0.12523484230041504,2.2526073455810547]",8f0977d300d1500f616cbdf672c46986622e84ce42ea1cc643ca7c9344c40789,0,diagnostic,REPRESENTED_SPHERE_SURFACE_NEIGHBOR,0.0,ROUTE,0.075,0.0025,0.0025,936984,0.13689956878641946,0.2942480265571591,"[-0.03730998249517335,-0.1,0.05883008737871155]","[0.0757724420217276,-0.09999999997178756,-0.008464054488685114]",FINITE,0.000561662040699783,True,True,False,0.0003652533653421934,False,False,12,FAIL_CLOSED_CURRENT_CBF_INFEASIBLE,FAIL_CLOSED_CURRENT_CBF_INFEASIBLE,False,,"[{""slot_index"":1,""candidate_id"":""ALT-01-OUTWARD"",""source"":""TASK_LOCAL_REPRESENTED_MAP_DIRECTIONAL_V1"",""formula"":""u_box(n)"",""availability"":""AVAILABLE"",""acceleration"":[0.03374598068895033,-0.1,0.0038108069322761104],""provenance"":{""query_status"":""FINITE"",""map_input"":""REPRESENTED_GAUSSIAN_SPHERE_ONLY"",""reference_input"":false,""active_primitive_id"":936984,""active_primitive_center"":[1.0499999523162842,0.28999999165534973,1.8300000429153442],""normal_source"":""REPRESENTED_SPHERE_OUTWARD_NORMAL"",""frame_status"":""AVAILABLE""},""duplicate_of"":null},{""slot_index"":2,""candidate_id"":""ALT-02-GOAL-TANGENT"",""source"":""TASK_LOCAL_REPRESENTED_MAP_DIRECTIONAL_V1"",""formula"":""u_box(t_g)"",""availability"":""AVAILABLE"",""acceleration"":[-0.09999999999999999,-0.030937135638559973,0.07370735648139218],""provenance"":{""query_status"":""FINITE"",""map_input"":""REPRESENTED_GAUSSIAN_SPHERE_ONLY"",""reference_input"":false,""active_primitive_id"":936984,""active_primitive_center"":[1.0499999523162842,0.28999999165534973,1.8300000429153442],""normal_source"":""REPRESENTED_SPHERE_OUTWARD_NORMAL"",""frame_status"":""AVAILABLE""},""duplicate_of"":null},{""slot_index"":3,""candidate_id"":""ALT-03-AUX-TANGENT-POS"",""source"":""TASK_LOCAL_REPRESENTED_MAP_DIRECTIONAL_V1"",""formula"":""u_box(t_a)"",""availability"":""AVAILABLE"",""acceleration"":[-0.06567219831788797,-0.02597253429463975,-0.1],""provenance"":{""query_status"":""FINITE"",""map_input"":""REPRESENTED_GAUSSIAN_SPHERE_ONLY"",""reference_input"":false,""active_primitive_id"":936984,""active_primitive_center"":[1.0499999523162842,0.28999999165534973,1.8300000429153442],""normal_source"":""REPRESENTED_SPHERE_OUTWARD_NORMAL"",""frame_status"":""AVAILABLE""},""duplicate_of"":null},{""slot_index"":4,""candidate_id"":""ALT-04-AUX-TANGENT-NEG"",""source"":""TASK_LOCAL_REPRESENTED_MAP_DIRECTIONAL_V1"",""formula"":""u_box(-t_a)"",""availability"":""AVAILABLE"",""acceleration"":[0.06567219831788797,0.02597253429463975,0.1],""provenance"":{""query_status"":""FINITE"",""map_input"":""REPRESENTED_GAUSSIAN_SPHERE_ONLY"",""reference_input"":false,""active_primitive_id"":936984,""active_primitive_center"":[1.0499999523162842,0.28999999165534973,1.8300000429153442],""normal_source"":""REPRESENTED_SPHERE_OUTWARD_NORMAL"",""frame_status"":""AVAILABLE""},""duplicate_of"":null},{""slot_index"":5,""candidate_id"":""ALT-05-BRAKE-BIASED-GOAL-TANGENT"",""source"":""TASK_LOCAL_REPRESENTED_MAP_DIRECTIONAL_V1"",""formula"":""u_box(normalize(project_Hv(b_hat+t_g)))"",""availability"":""AVAILABLE"",""acceleration"":[-0.030623681892459353,-0.1,-0.05436364151648848],""provenance"":{""query_status"":""FINITE"",""map_input"":""REPRESENTED_GAUSSIAN_SPHERE_ONLY"",""reference_input"":false,""active_primitive_id"":936984,""active_primitive_center"":[1.0499999523162842,0.28999999165534973,1.8300000429153442],""normal_source"":""REPRESENTED_SPHERE_OUTWARD_NORMAL"",""frame_status"":""AVAILABLE""},""duplicate_of"":null},{""slot_index"":6,""candidate_id"":""ALT-06-BRAKE-BIASED-OUTWARD"",""source"":""TASK_LOCAL_REPRESENTED_MAP_DIRECTIONAL_V1"",""formula"":""u_box(normalize(project_Hv(b_hat+n)))"",""availability"":""AVAILABLE"",""acceleration"":[0.1,-0.09223135587212535,-0.06536086555492834],""provenance"":{""query_status"":""FINITE"",""map_input"":""REPRESENTED_GAUSSIAN_SPHERE_ONLY"",""reference_input"":false,""active_primitive_id"":936984,""active_primitive_center"":[1.0499999523162842,0.28999999165534973,1.8300000429153442],""normal_source"":""REPRESENTED_SPHERE_OUTWARD_NORMAL"",""frame_status"":""AVAILABLE""},""duplicate_of"":null}]",0,0,0,0,9513ea5842a29b7e07aa150b70c6688c1e79199b99482d78dc4ac909ae87d6e7
ACTIVATED,G2,0fdfc6a917540809cf1aef757ce53b25711910f3a2a47641c83c7760a2e11d4b,"[1.094894277363372,0.16966942932585072,1.8317698493049055]","[-0.05,0.0,0.0]","[0.4716522991657257,0.12523484230041504,2.2526073455810547]",8f0977d300d1500f616cbdf672c46986622e84ce42ea1cc643ca7c9344c40789,0,diagnostic,REPRESENTED_SPHERE_SURFACE_NEIGHBOR,0.0,AXIS_X_NEG,0.05,0.001,-0.0025,936984,0.13549682136350993,0.2942480265571591,"[-0.05,-0.1,0.1]","[-0.0026829810061245888,-0.09999999964423292,0.08670765485594512]",FINITE,0.00022640225486232277,True,True,False,3.787575948491044e-05,False,False,11,FAIL_CLOSED_CURRENT_CBF_INFEASIBLE,FAIL_CLOSED_CURRENT_CBF_INFEASIBLE,False,,"[{""slot_index"":1,""candidate_id"":""ALT-01-OUTWARD"",""source"":""TASK_LOCAL_REPRESENTED_MAP_DIRECTIONAL_V1"",""formula"":""u_box(n)"",""availability"":""AVAILABLE"",""acceleration"":[0.03730916250865227,-0.1,0.0014707871012145924],""provenance"":{""query_status"":""FINITE"",""map_input"":""REPRESENTED_GAUSSIAN_SPHERE_ONLY"",""reference_input"":false,""active_primitive_id"":936984,""active_primitive_center"":[1.0499999523162842,0.28999999165534973,1.8300000429153442],""normal_source"":""REPRESENTED_SPHERE_OUTWARD_NORMAL"",""frame_status"":""AVAILABLE""},""duplicate_of"":null},{""slot_index"":2,""candidate_id"":""ALT-02-GOAL-TANGENT"",""source"":""TASK_LOCAL_REPRESENTED_MAP_DIRECTIONAL_V1"",""formula"":""u_box(t_g)"",""availability"":""AVAILABLE"",""acceleration"":[-0.1,-0.03620496108761647,0.07507554425273015],""provenance"":{""query_status"":""FINITE"",""map_input"":""REPRESENTED_GAUSSIAN_SPHERE_ONLY"",""reference_input"":false,""active_primitive_id"":936984,""active_primitive_center"":[1.0499999523162842,0.28999999165534973,1.8300000429153442],""normal_source"":""REPRESENTED_SPHERE_OUTWARD_NORMAL"",""frame_status"":""AVAILABLE""},""duplicate_of"":null},{""slot_index"":3,""candidate_id"":""ALT-03-AUX-TANGENT-POS"",""source"":""TASK_LOCAL_REPRESENTED_MAP_DIRECTIONAL_V1"",""formula"":""u_box(t_a)"",""availability"":""AVAILABLE"",""acceleration"":[-0.06567219831788795,-0.025972534294639818,-0.1],""provenance"":{""query_status"":""FINITE"",""map_input"":""REPRESENTED_GAUSSIAN_SPHERE_ONLY"",""reference_input"":false,""active_primitive_id"":936984,""active_primitive_center"":[1.0499999523162842,0.28999999165534973,1.8300000429153442],""normal_source"":""REPRESENTED_SPHERE_OUTWARD_NORMAL"",""frame_status"":""AVAILABLE""},""duplicate_of"":null},{""slot_index"":4,""candidate_id"":""ALT-04-AUX-TANGENT-NEG"",""source"":""TASK_LOCAL_REPRESENTED_MAP_DIRECTIONAL_V1"",""formula"":""u_box(-t_a)"",""availability"":""AVAILABLE"",""acceleration"":[0.06567219831788795,0.025972534294639818,0.1],""provenance"":{""query_status"":""FINITE"",""map_input"":""REPRESENTED_GAUSSIAN_SPHERE_ONLY"",""reference_input"":false,""active_primitive_id"":936984,""active_primitive_center"":[1.0499999523162842,0.28999999165534973,1.8300000429153442],""normal_source"":""REPRESENTED_SPHERE_OUTWARD_NORMAL"",""frame_status"":""AVAILABLE""},""duplicate_of"":null},{""slot_index"":5,""candidate_id"":""ALT-05-BRAKE-BIASED-GOAL-TANGENT"",""source"":""TASK_LOCAL_REPRESENTED_MAP_DIRECTIONAL_V1"",""formula"":""u_box(normalize(project_Hv(b_hat+t_g)))"",""availability"":""AVAILABLE"",""acceleration"":[0.04020106479921646,-0.04822470679098655,0.1],""provenance"":{""query_status"":""FINITE"",""map_input"":""REPRESENTED_GAUSSIAN_SPHERE_ONLY"",""reference_input"":false,""active_primitive_id"":936984,""active_primitive_center"":[1.0499999523162842,0.28999999165534973,1.8300000429153442],""normal_source"":""REPRESENTED_SPHERE_OUTWARD_NORMAL"",""frame_status"":""AVAILABLE""},""duplicate_of"":null},{""slot_index"":6,""candidate_id"":""ALT-06-BRAKE-BIASED-OUTWARD"",""source"":""TASK_LOCAL_REPRESENTED_MAP_DIRECTIONAL_V1"",""formula"":""u_box(normalize(project_Hv(b_hat+n)))"",""availability"":""AVAILABLE"",""acceleration"":[0.1,-0.0694191427818087,0.0010210077978085833],""provenance"":{""query_status"":""FINITE"",""map_input"":""REPRESENTED_GAUSSIAN_SPHERE_ONLY"",""reference_input"":false,""active_primitive_id"":936984,""active_primitive_center"":[1.0499999523162842,0.28999999165534973,1.8300000429153442],""normal_source"":""REPRESENTED_SPHERE_OUTWARD_NORMAL"",""frame_status"":""AVAILABLE""},""duplicate_of"":null}]",0,0,0,0,4b5ec40cccf6f210902ea2b2eb4e9aaf21f1b7d5324a9b23f9bfb3c0e385be76
ACTIVATED,G2,12edab966401f4e8cbe04d2ea7da127d4599e1ef904442110790f2b442354fb1,"[0.9515389067472796,0.16168574667545138,1.935582342302391]","[-0.014951316394547436,0.0179530580844629,0.008896394971337462]","[0.4716522991657257,0.12523484230041504,2.2526073455810547]",8f0977d300d1500f616cbdf672c46986622e84ce42ea1cc643ca7c9344c40789,0,diagnostic,REPRESENTED_SPHERE_SURFACE_NEIGHBOR,0.25,ROUTE_INWARD,0.025,0.001,-0.0025,915688,0.13054213002981405,0.2942480265571591,"[-0.08504868360545256,-0.1,0.09110360502866255]","[0.00017626665235064817,-0.09999999997282515,0.09999999966469153]",FINITE,0.00022640225486231756,True,True,False,3.104262261169506e-05,False,False,3,FAIL_CLOSED_CURRENT_CBF_INFEASIBLE,FAIL_CLOSED_CURRENT_CBF_INFEASIBLE,False,,"[{""slot_index"":1,""candidate_id"":""ALT-01-OUTWARD"",""source"":""TASK_LOCAL_REPRESENTED_MAP_DIRECTIONAL_V1"",""formula"":""u_box(n)"",""availability"":""AVAILABLE"",""acceleration"":[0.0011993357935041666,-0.1,0.004350565095366419],""provenance"":{""query_status"":""FINITE"",""map_input"":""REPRESENTED_GAUSSIAN_SPHERE_ONLY"",""reference_input"":false,""active_primitive_id"":915688,""active_primitive_center"":[0.949999988079071,0.28999999165534973,1.9299999475479126],""normal_source"":""REPRESENTED_SPHERE_OUTWARD_NORMAL"",""frame_status"":""AVAILABLE""},""duplicate_of"":null},{""slot_index"":2,""candidate_id"":""ALT-02-GOAL-TANGENT"",""source"":""TASK_LOCAL_REPRESENTED_MAP_DIRECTIONAL_V1"",""formula"":""u_box(t_g)"",""availability"":""AVAILABLE"",""acceleration"":[-0.1,0.0016540784082297185,0.06558720853925212],""provenance"":{""query_status"":""FINITE"",""map_input"":""REPRESENTED_GAUSSIAN_SPHERE_ONLY"",""reference_input"":false,""active_primitive_id"":915688,""active_primitive_center"":[0.949999988079071,0.28999999165534973,1.9299999475479126],""normal_source"":""REPRESENTED_SPHERE_OUTWARD_NORMAL"",""frame_status"":""AVAILABLE""},""duplicate_of"":null},{""slot_index"":3,""candidate_id"":""ALT-03-AUX-TANGENT-POS"",""source"":""TASK_LOCAL_REPRESENTED_MAP_DIRECTIONAL_V1"",""formula"":""u_box(t_a)"",""availability"":""AVAILABLE"",""acceleration"":[-0.06567219831788801,-0.005138195276173891,-0.1],""provenance"":{""query_status"":""FINITE"",""map_input"":""REPRESENTED_GAUSSIAN_SPHERE_ONLY"",""reference_input"":false,""active_primitive_id"":915688,""active_primitive_center"":[0.949999988079071,0.28999999165534973,1.9299999475479126],""normal_source"":""REPRESENTED_SPHERE_OUTWARD_NORMAL"",""frame_status"":""AVAILABLE""},""duplicate_of"":null},{""slot_index"":4,""candidate_id"":""ALT-04-AUX-TANGENT-NEG"",""source"":""TASK_LOCAL_REPRESENTED_MAP_DIRECTIONAL_V1"",""formula"":""u_box(-t_a)"",""availability"":""AVAILABLE"",""acceleration"":[0.06567219831788801,0.005138195276173891,0.1],""provenance"":{""query_status"":""FINITE"",""map_input"":""REPRESENTED_GAUSSIAN_SPHERE_ONLY"",""reference_input"":false,""active_primitive_id"":915688,""active_primitive_center"":[0.949999988079071,0.28999999165534973,1.9299999475479126],""normal_source"":""REPRESENTED_SPHERE_OUTWARD_NORMAL"",""frame_status"":""AVAILABLE""},""duplicate_of"":null},{""slot_index"":5,""candidate_id"":""ALT-05-BRAKE-BIASED-GOAL-TANGENT"",""source"":""TASK_LOCAL_REPRESENTED_MAP_DIRECTIONAL_V1"",""formula"":""u_box(normalize(project_Hv(b_hat+t_g)))"",""availability"":""AVAILABLE"",""acceleration"":[-0.04591894766176986,-0.1,-0.005140397095811568],""provenance"":{""query_status"":""FINITE"",""map_input"":""REPRESENTED_GAUSSIAN_SPHERE_ONLY"",""reference_input"":false,""active_primitive_id"":915688,""active_primitive_center"":[0.949999988079071,0.28999999165534973,1.9299999475479126],""normal_source"":""REPRESENTED_SPHERE_OUTWARD_NORMAL"",""frame_status"":""AVAILABLE""},""duplicate_of"":null},{""slot_index"":6,""candidate_id"":""ALT-06-BRAKE-BIASED-OUTWARD"",""source"":""TASK_LOCAL_REPRESENTED_MAP_DIRECTIONAL_V1"",""formula"":""u_box(normalize(project_Hv(b_hat+n)))"",""availability"":""AVAILABLE"",""acceleration"":[0.03738621437084551,-0.1,-0.0338690284560574],""provenance"":{""query_status"":""FINITE"",""map_input"":""REPRESENTED_GAUSSIAN_SPHERE_ONLY"",""reference_input"":false,""active_primitive_id"":915688,""active_primitive_center"":[0.949999988079071,0.28999999165534973,1.9299999475479126],""normal_source"":""REPRESENTED_SPHERE_OUTWARD_NORMAL"",""frame_status"":""AVAILABLE""},""duplicate_of"":null}]",0,0,0,0,4884c76efc89dea146a0c129ca85a328ece44b82090c564f2091b77742e0891c
ACTIVATED,G2,19d679dcaa5d9ce57ee7884fc2a773f342810116dee9784f0fd1f4ed7e6eaa8f,"[1.0945664626254565,0.17059265043138597,1.831745348531454]","[-0.058111328076115853,-0.01948690580257032,0.043224229911842035]","[0.4716522991657257,0.12523484230041504,2.2526073455810547]",8f0977d300d1500f616cbdf672c46986622e84ce42ea1cc643ca7c9344c40789,0,diagnostic,REPRESENTED_SPHERE_SURFACE_NEIGHBOR,0.0,TANGENT_POS,0.075,2e-05,-0.0025,936984,0.13452212048202528,0.2942480265571591,"[-0.04188867192388415,-0.08051309419742969,0.05677577008815797]","[-0.041434524513804874,-0.08135295575987754,0.056366019948868064]",FINITE,9.79613706786342e-06,True,True,False,4.400399999982679e-06,False,False,13,FAIL_CLOSED_CURRENT_CBF_INFEASIBLE,FAIL_CLOSED_CURRENT_CBF_INFEASIBLE,False,,"[{""slot_index"":1,""candidate_id"":""ALT-01-OUTWARD"",""source"":""TASK_LOCAL_REPRESENTED_MAP_DIRECTIONAL_V1"",""formula"":""u_box(n)"",""availability"":""AVAILABLE"",""acceleration"":[0.037323090734917345,-0.1,0.0014616401288395794],""provenance"":{""query_status"":""FINITE"",""map_input"":""REPRESENTED_GAUSSIAN_SPHERE_ONLY"",""reference_input"":false,""active_primitive_id"":936984,""active_primitive_center"":[1.0499999523162842,0.28999999165534973,1.8300000429153442],""normal_source"":""REPRESENTED_SPHERE_OUTWARD_NORMAL"",""frame_status"":""AVAILABLE""},""duplicate_of"":null},{""slot_index"":2,""candidate_id"":""ALT-02-GOAL-TANGENT"",""source"":""TASK_LOCAL_REPRESENTED_MAP_DIRECTIONAL_V1"",""formula"":""u_box(t_g)"",""availability"":""AVAILABLE"",""acceleration"":[-0.1,-0.03622567780733089,0.07508092490986269],""provenance"":{""query_status"":""FINITE"",""map_input"":""REPRESENTED_GAUSSIAN_SPHERE_ONLY"",""reference_input"":false,""active_primitive_id"":936984,""active_primitive_center"":[1.0499999523162842,0.28999999165534973,1.8300000429153442],""normal_source"":""REPRESENTED_SPHERE_OUTWARD_NORMAL"",""frame_status"":""AVAILABLE""},""duplicate_of"":null},{""slot_index"":3,""candidate_id"":""ALT-03-AUX-TANGENT-POS"",""source"":""TASK_LOCAL_REPRESENTED_MAP_DIRECTIONAL_V1"",""formula"":""u_box(t_a)"",""availability"":""AVAILABLE"",""acceleration"":[-0.06567219831788797,-0.025972534294639762,-0.1],""provenance"":{""query_status"":""FINITE"",""map_input"":""REPRESENTED_GAUSSIAN_SPHERE_ONLY"",""reference_input"":false,""active_primitive_id"":936984,""active_primitive_center"":[1.0499999523162842,0.28999999165534973,1.8300000429153442],""normal_source"":""REPRESENTED_SPHERE_OUTWARD_NORMAL"",""frame_status"":""AVAILABLE""},""duplicate_of"":null},{""slot_index"":4,""candidate_id"":""ALT-04-AUX-TANGENT-NEG"",""source"":""TASK_LOCAL_REPRESENTED_MAP_DIRECTIONAL_V1"",""formula"":""u_box(-t_a)"",""availability"":""AVAILABLE"",""acceleration"":[0.06567219831788797,0.025972534294639762,0.1],""provenance"":{""query_status"":""FINITE"",""map_input"":""REPRESENTED_GAUSSIAN_SPHERE_ONLY"",""reference_input"":false,""active_primitive_id"":936984,""active_primitive_center"":[1.0499999523162842,0.28999999165534973,1.8300000429153442],""normal_source"":""REPRESENTED_SPHERE_OUTWARD_NORMAL"",""frame_status"":""AVAILABLE""},""duplicate_of"":null},{""slot_index"":5,""candidate_id"":""ALT-05-BRAKE-BIASED-GOAL-TANGENT"",""source"":""TASK_LOCAL_REPRESENTED_MAP_DIRECTIONAL_V1"",""formula"":""u_box(normalize(project_Hv(b_hat+t_g)))"",""availability"":""AVAILABLE"",""acceleration"":[-0.043107011766449585,0.1,-0.012870446136778797],""provenance"":{""query_status"":""FINITE"",""map_input"":""REPRESENTED_GAUSSIAN_SPHERE_ONLY"",""reference_input"":false,""active_primitive_id"":936984,""active_primitive_center"":[1.0499999523162842,0.28999999165534973,1.8300000429153442],""normal_source"":""REPRESENTED_SPHERE_OUTWARD_NORMAL"",""frame_status"":""AVAILABLE""},""duplicate_of"":null},{""slot_index"":6,""candidate_id"":""ALT-06-BRAKE-BIASED-OUTWARD"",""source"":""TASK_LOCAL_REPRESENTED_MAP_DIRECTIONAL_V1"",""formula"":""u_box(normalize(project_Hv(b_hat+n)))"",""availability"":""AVAILABLE"",""acceleration"":[0.1,-0.038774512401401125,-0.06080533808675145],""provenance"":{""query_status"":""FINITE"",""map_input"":""REPRESENTED_GAUSSIAN_SPHERE_ONLY"",""reference_input"":false,""active_primitive_id"":936984,""active_primitive_center"":[1.0499999523162842,0.28999999165534973,1.8300000429153442],""normal_source"":""REPRESENTED_SPHERE_OUTWARD_NORMAL"",""frame_status"":""AVAILABLE""},""duplicate_of"":null}]",0,0,0,0,cd5953a0603e4b6a74bb202bc5fa86119cd6e12745a9e6ab9b760b298176b783
ACTIVATED,G2,215cec1b356cd71367d66114ad412579c043bc2702df359ebd46c59efee40959,"[1.0910201888249642,0.168370302272346,1.8346514646323615]","[-0.041793345003217776,0.0,0.027446608414192303]","[0.4716522991657257,0.12523484230041504,2.2526073455810547]",8f0977d300d1500f616cbdf672c46986622e84ce42ea1cc643ca7c9344c40789,0,diagnostic,REPRESENTED_SPHERE_SURFACE_NEIGHBOR,0.0,ROUTE,0.05,0.001,0.0025,936984,0.1354056020769799,0.2942480265571591,"[-0.05820665499678223,-0.1,0.0725533915858077]","[-0.010926873874076393,-0.09999999997756008,0.04264484012894703]",FINITE,0.00022640225486231756,True,True,False,9.470177724368346e-05,False,False,9,FAIL_CLOSED_CURRENT_CBF_INFEASIBLE,FAIL_CLOSED_CURRENT_CBF_INFEASIBLE,False,,"[{""slot_index"":1,""candidate_id"":""ALT-01-OUTWARD"",""source"":""TASK_LOCAL_REPRESENTED_MAP_DIRECTIONAL_V1"",""formula"":""u_box(n)"",""availability"":""AVAILABLE"",""acceleration"":[0.03372551283881854,-0.1,0.0038242486194059525],""provenance"":{""query_status"":""FINITE"",""map_input"":""REPRESENTED_GAUSSIAN_SPHERE_ONLY"",""reference_input"":false,""active_primitive_id"":936984,""active_primitive_center"":[1.0499999523162842,0.28999999165534973,1.8300000429153442],""normal_source"":""REPRESENTED_SPHERE_OUTWARD_NORMAL"",""frame_status"":""AVAILABLE""},""duplicate_of"":null},{""slot_index"":2,""candidate_id"":""ALT-02-GOAL-TANGENT"",""source"":""TASK_LOCAL_REPRESENTED_MAP_DIRECTIONAL_V1"",""formula"":""u_box(t_g)"",""availability"":""AVAILABLE"",""acceleration"":[-0.1,-0.030907059013544777,0.07369954481964545],""provenance"":{""query_status"":""FINITE"",""map_input"":""REPRESENTED_GAUSSIAN_SPHERE_ONLY"",""reference_input"":false,""active_primitive_id"":936984,""active_primitive_center"":[1.0499999523162842,0.28999999165534973,1.8300000429153442],""normal_source"":""REPRESENTED_SPHERE_OUTWARD_NORMAL"",""frame_status"":""AVAILABLE""},""duplicate_of"":null},{""slot_index"":3,""candidate_id"":""ALT-03-AUX-TANGENT-POS"",""source"":""TASK_LOCAL_REPRESENTED_MAP_DIRECTIONAL_V1"",""formula"":""u_box(t_a)"",""availability"":""AVAILABLE"",""acceleration"":[-0.06567219831788801,-0.025972534294639648,-0.1],""provenance"":{""query_status"":""FINITE"",""map_input"":""REPRESENTED_GAUSSIAN_SPHERE_ONLY"",""reference_input"":false,""active_primitive_id"":936984,""active_primitive_center"":[1.0499999523162842,0.28999999165534973,1.8300000429153442],""normal_source"":""REPRESENTED_SPHERE_OUTWARD_NORMAL"",""frame_status"":""AVAILABLE""},""duplicate_of"":null},{""slot_index"":4,""candidate_id"":""ALT-04-AUX-TANGENT-NEG"",""source"":""TASK_LOCAL_REPRESENTED_MAP_DIRECTIONAL_V1"",""formula"":""u_box(-t_a)"",""availability"":""AVAILABLE"",""acceleration"":[0.06567219831788801,0.025972534294639648,0.1],""provenance"":{""query_status"":""FINITE"",""map_input"":""REPRESENTED_GAUSSIAN_SPHERE_ONLY"",""reference_input"":false,""active_primitive_id"":936984,""active_primitive_center"":[1.0499999523162842,0.28999999165534973,1.8300000429153442],""normal_source"":""REPRESENTED_SPHERE_OUTWARD_NORMAL"",""frame_status"":""AVAILABLE""},""duplicate_of"":null},{""slot_index"":5,""candidate_id"":""ALT-05-BRAKE-BIASED-GOAL-TANGENT"",""source"":""TASK_LOCAL_REPRESENTED_MAP_DIRECTIONAL_V1"",""formula"":""u_box(normalize(project_Hv(b_hat+t_g)))"",""availability"":""AVAILABLE"",""acceleration"":[-0.030680393178279163,-0.1,-0.05441490873585182],""provenance"":{""query_status"":""FINITE"",""map_input"":""REPRESENTED_GAUSSIAN_SPHERE_ONLY"",""reference_input"":false,""active_primitive_id"":936984,""active_primitive_center"":[1.0499999523162842,0.28999999165534973,1.8300000429153442],""normal_source"":""REPRESENTED_SPHERE_OUTWARD_NORMAL"",""frame_status"":""AVAILABLE""},""duplicate_of"":null},{""slot_index"":6,""candidate_id"":""ALT-06-BRAKE-BIASED-OUTWARD"",""source"":""TASK_LOCAL_REPRESENTED_MAP_DIRECTIONAL_V1"",""formula"":""u_box(normalize(project_Hv(b_hat+n)))"",""availability"":""AVAILABLE"",""acceleration"":[0.1,-0.0922524125549471,-0.06535943914616021],""provenance"":{""query_status"":""FINITE"",""map_input"":""REPRESENTED_GAUSSIAN_SPHERE_ONLY"",""reference_input"":false,""active_primitive_id"":936984,""active_primitive_center"":[1.0499999523162842,0.28999999165534973,1.8300000429153442],""normal_source"":""REPRESENTED_SPHERE_OUTWARD_NORMAL"",""frame_status"":""AVAILABLE""},""duplicate_of"":null}]",0,0,0,0,a58aaabc3b4f41d81540451043567d31a0cafecf2ce3af41ad2ec5bb66b52e8c
ACTIVATED,G2,2c503a7ebe995c69964978a538d352d54f29343c012acd3a807953495d547b2a,"[1.0908529364076605,0.1688413334486395,1.8346389642377434]","[-0.025,0.0,0.0]","[0.4716522991657257,0.12523484230041504,2.2526073455810547]",8f0977d300d1500f616cbdf672c46986622e84ce42ea1cc643ca7c9344c40789,0,diagnostic,REPRESENTED_SPHERE_SURFACE_NEIGHBOR,0.0,AXIS_X_NEG,0.025,0.0005,0.0025,936984,0.13490762433983625,0.2942480265571591,"[-0.07500000000000001,-0.1,0.1]","[-0.07499999924147178,-0.09994848191802529,0.09998957292631531]",FINITE,0.00011564894193142813,True,True,False,2.8793310866519206e-05,False,False,6,FAIL_CLOSED_CURRENT_CBF_INFEASIBLE,FAIL_CLOSED_CURRENT_CBF_INFEASIBLE,False,,"[{""slot_index"":1,""candidate_id"":""ALT-01-OUTWARD"",""source"":""TASK_LOCAL_REPRESENTED_MAP_DIRECTIONAL_V1"",""formula"":""u_box(n)"",""availability"":""AVAILABLE"",""acceleration"":[0.033718584124360726,-0.1,0.0038287988585055657],""provenance"":{""query_status"":""FINITE"",""map_input"":""REPRESENTED_GAUSSIAN_SPHERE_ONLY"",""reference_input"":false,""active_primitive_id"":936984,""active_primitive_center"":[1.0499999523162842,0.28999999165534973,1.8300000429153442],""normal_source"":""REPRESENTED_SPHERE_OUTWARD_NORMAL"",""frame_status"":""AVAILABLE""},""duplicate_of"":null},{""slot_index"":2,""candidate_id"":""ALT-02-GOAL-TANGENT"",""source"":""TASK_LOCAL_REPRESENTED_MAP_DIRECTIONAL_V1"",""formula"":""u_box(t_g)"",""availability"":""AVAILABLE"",""acceleration"":[-0.09999999999999999,-0.030896878036889203,0.07369690056199203],""provenance"":{""query_status"":""FINITE"",""map_input"":""REPRESENTED_GAUSSIAN_SPHERE_ONLY"",""reference_input"":false,""active_primitive_id"":936984,""active_primitive_center"":[1.0499999523162842,0.28999999165534973,1.8300000429153442],""normal_source"":""REPRESENTED_SPHERE_OUTWARD_NORMAL"",""frame_status"":""AVAILABLE""},""duplicate_of"":null},{""slot_index"":3,""candidate_id"":""ALT-03-AUX-TANGENT-POS"",""source"":""TASK_LOCAL_REPRESENTED_MAP_DIRECTIONAL_V1"",""formula"":""u_box(t_a)"",""availability"":""AVAILABLE"",""acceleration"":[-0.06567219831788801,-0.025972534294639648,-0.1],""provenance"":{""query_status"":""FINITE"",""map_input"":""REPRESENTED_GAUSSIAN_SPHERE_ONLY"",""reference_input"":false,""active_primitive_id"":936984,""active_primitive_center"":[1.0499999523162842,0.28999999165534973,1.8300000429153442],""normal_source"":""REPRESENTED_SPHERE_OUTWARD_NORMAL"",""frame_status"":""AVAILABLE""},""duplicate_of"":null},{""slot_index"":4,""candidate_id"":""ALT-04-AUX-TANGENT-NEG"",""source"":""TASK_LOCAL_REPRESENTED_MAP_DIRECTIONAL_V1"",""formula"":""u_box(-t_a)"",""availability"":""AVAILABLE"",""acceleration"":[0.06567219831788801,0.025972534294639648,0.1],""provenance"":{""query_status"":""FINITE"",""map_input"":""REPRESENTED_GAUSSIAN_SPHERE_ONLY"",""reference_input"":false,""active_primitive_id"":936984,""active_primitive_center"":[1.0499999523162842,0.28999999165534973,1.8300000429153442],""normal_source"":""REPRESENTED_SPHERE_OUTWARD_NORMAL"",""frame_status"":""AVAILABLE""},""duplicate_of"":null},{""slot_index"":5,""candidate_id"":""ALT-05-BRAKE-BIASED-GOAL-TANGENT"",""source"":""TASK_LOCAL_REPRESENTED_MAP_DIRECTIONAL_V1"",""formula"":""u_box(normalize(project_Hv(b_hat+t_g)))"",""availability"":""AVAILABLE"",""acceleration"":[0.038003263398175904,-0.04192425706003674,0.1],""provenance"":{""query_status"":""FINITE"",""map_input"":""REPRESENTED_GAUSSIAN_SPHERE_ONLY"",""reference_input"":false,""active_primitive_id"":936984,""active_primitive_center"":[1.0499999523162842,0.28999999165534973,1.8300000429153442],""normal_source"":""REPRESENTED_SPHERE_OUTWARD_NORMAL"",""frame_status"":""AVAILABLE""},""duplicate_of"":null},{""slot_index"":6,""candidate_id"":""ALT-06-BRAKE-BIASED-OUTWARD"",""source"":""TASK_LOCAL_REPRESENTED_MAP_DIRECTIONAL_V1"",""formula"":""u_box(normalize(project_Hv(b_hat+n)))"",""availability"":""AVAILABLE"",""acceleration"":[0.1,-0.0717773411857556,0.002748210019985856],""provenance"":{""query_status"":""FINITE"",""map_input"":""REPRESENTED_GAUSSIAN_SPHERE_ONLY"",""reference_input"":false,""active_primitive_id"":936984,""active_primitive_center"":[1.0499999523162842,0.28999999165534973,1.8300000429153442],""normal_source"":""REPRESENTED_SPHERE_OUTWARD_NORMAL"",""frame_status"":""AVAILABLE""},""duplicate_of"":null}]",0,0,0,0,4dd2fffb80d0f39f6d0dea1fc3265f64f2724a8cc6355e403caa83227bcf7035
ACTIVATED,G2,356d070446f650746461ac33020070068da019d6bb775ea14c62caa0dd18f5d9,"[1.0929572330941681,0.16901986579909836,1.8332106569686335]","[-0.025,0.0,0.0]","[0.4716522991657257,0.12523484230041504,2.2526073455810547]",8f0977d300d1500f616cbdf672c46986622e84ce42ea1cc643ca7c9344c40789,0,diagnostic,REPRESENTED_SPHERE_SURFACE_NEIGHBOR,0.0,AXIS_X_NEG,0.025,0.001,0.0,936984,0.13543176842067786,0.2942480265571591,"[-0.07500000000000001,-0.1,0.1]","[-0.07499999898754037,-0.09994345420649231,0.09998914116163886]",FINITE,0.00022099999999999724,True,True,False,0.00012954855766663526,False,False,6,FAIL_CLOSED_CURRENT_CBF_INFEASIBLE,FAIL_CLOSED_CURRENT_CBF_INFEASIBLE,False,,"[{""slot_index"":1,""candidate_id"":""ALT-01-OUTWARD"",""source"":""TASK_LOCAL_REPRESENTED_MAP_DIRECTIONAL_V1"",""formula"":""u_box(n)"",""availability"":""AVAILABLE"",""acceleration"":[0.035507717051746025,-0.1,0.002653835934262554],""provenance"":{""query_status"":""FINITE"",""map_input"":""REPRESENTED_GAUSSIAN_SPHERE_ONLY"",""reference_input"":false,""active_primitive_id"":936984,""active_primitive_center"":[1.0499999523162842,0.28999999165534973,1.8300000429153442],""normal_source"":""REPRESENTED_SPHERE_OUTWARD_NORMAL"",""frame_status"":""AVAILABLE""},""duplicate_of"":null},{""slot_index"":2,""candidate_id"":""ALT-02-GOAL-TANGENT"",""source"":""TASK_LOCAL_REPRESENTED_MAP_DIRECTIONAL_V1"",""formula"":""u_box(t_g)"",""availability"":""AVAILABLE"",""acceleration"":[-0.1,-0.033533747115615464,0.07438176228776898],""provenance"":{""query_status"":""FINITE"",""map_input"":""REPRESENTED_GAUSSIAN_SPHERE_ONLY"",""reference_input"":false,""active_primitive_id"":936984,""active_primitive_center"":[1.0499999523162842,0.28999999165534973,1.8300000429153442],""normal_source"":""REPRESENTED_SPHERE_OUTWARD_NORMAL"",""frame_status"":""AVAILABLE""},""duplicate_of"":null},{""slot_index"":3,""candidate_id"":""ALT-03-AUX-TANGENT-POS"",""source"":""TASK_LOCAL_REPRESENTED_MAP_DIRECTIONAL_V1"",""formula"":""u_box(t_a)"",""availability"":""AVAILABLE"",""acceleration"":[-0.065672198317888,-0.02597253429463973,-0.1],""provenance"":{""query_status"":""FINITE"",""map_input"":""REPRESENTED_GAUSSIAN_SPHERE_ONLY"",""reference_input"":false,""active_primitive_id"":936984,""active_primitive_center"":[1.0499999523162842,0.28999999165534973,1.8300000429153442],""normal_source"":""REPRESENTED_SPHERE_OUTWARD_NORMAL"",""frame_status"":""AVAILABLE""},""duplicate_of"":null},{""slot_index"":4,""candidate_id"":""ALT-04-AUX-TANGENT-NEG"",""source"":""TASK_LOCAL_REPRESENTED_MAP_DIRECTIONAL_V1"",""formula"":""u_box(-t_a)"",""availability"":""AVAILABLE"",""acceleration"":[0.065672198317888,0.02597253429463973,0.1],""provenance"":{""query_status"":""FINITE"",""map_input"":""REPRESENTED_GAUSSIAN_SPHERE_ONLY"",""reference_input"":false,""active_primitive_id"":936984,""active_primitive_center"":[1.0499999523162842,0.28999999165534973,1.8300000429153442],""normal_source"":""REPRESENTED_SPHERE_OUTWARD_NORMAL"",""frame_status"":""AVAILABLE""},""duplicate_of"":null},{""slot_index"":5,""candidate_id"":""ALT-05-BRAKE-BIASED-GOAL-TANGENT"",""source"":""TASK_LOCAL_REPRESENTED_MAP_DIRECTIONAL_V1"",""formula"":""u_box(normalize(project_Hv(b_hat+t_g)))"",""availability"":""AVAILABLE"",""acceleration"":[0.03907223323198454,-0.04508329203855071,0.1],""provenance"":{""query_status"":""FINITE"",""map_input"":""REPRESENTED_GAUSSIAN_SPHERE_ONLY"",""reference_input"":false,""active_primitive_id"":936984,""active_primitive_center"":[1.0499999523162842,0.28999999165534973,1.8300000429153442],""normal_source"":""REPRESENTED_SPHERE_OUTWARD_NORMAL"",""frame_status"":""AVAILABLE""},""duplicate_of"":null},{""slot_index"":6,""candidate_id"":""ALT-06-BRAKE-BIASED-OUTWARD"",""source"":""TASK_LOCAL_REPRESENTED_MAP_DIRECTIONAL_V1"",""formula"":""u_box(normalize(project_Hv(b_hat+n)))"",""availability"":""AVAILABLE"",""acceleration"":[0.1,-0.07059265190777511,0.001873413163277416],""provenance"":{""query_status"":""FINITE"",""map_input"":""REPRESENTED_GAUSSIAN_SPHERE_ONLY"",""reference_input"":false,""active_primitive_id"":936984,""active_primitive_center"":[1.0499999523162842,0.28999999165534973,1.8300000429153442],""normal_source"":""REPRESENTED_SPHERE_OUTWARD_NORMAL"",""frame_status"":""AVAILABLE""},""duplicate_of"":null}]",0,0,0,0,985ba5257c0e8da92235098f1969d136eff380bf080b3d2760f6bd6965e6597c
ACTIVATED,G2,47145bd4383cf6b9ce894591e6b76122d4df127f6f3d2708a6df27be69487971,"[1.0953960346152836,0.16825633579697025,1.8318073504887598]","[0.0,0.025,0.0]","[0.4716522991657257,0.12523484230041504,2.2526073455810547]",8f0977d300d1500f616cbdf672c46986622e84ce42ea1cc643ca7c9344c40789,0,diagnostic,REPRESENTED_SPHERE_SURFACE_NEIGHBOR,0.0,AXIS_Y_POS,0.025,0.0025,-0.0025,936984,0.13698876730455364,0.2942480265571591,"[-0.1,-0.1,0.1]","[0.09459155621269985,-0.09999999998860225,0.042474324758540516]",FINITE,0.0005616620406997883,True,True,False,0.00029964227800000943,False,False,5,FAIL_CLOSED_CURRENT_CBF_INFEASIBLE,FAIL_CLOSED_CURRENT_CBF_INFEASIBLE,False,,"[{""slot_index"":1,""candidate_id"":""ALT-01-OUTWARD"",""source"":""TASK_LOCAL_REPRESENTED_MAP_DIRECTIONAL_V1"",""formula"":""u_box(n)"",""availability"":""AVAILABLE"",""acceleration"":[0.03728825291053129,-0.1,0.001484518893960192],""provenance"":{""query_status"":""FINITE"",""map_input"":""REPRESENTED_GAUSSIAN_SPHERE_ONLY"",""reference_input"":false,""active_primitive_id"":936984,""active_primitive_center"":[1.0499999523162842,0.28999999165534973,1.8300000429153442],""normal_source"":""REPRESENTED_SPHERE_OUTWARD_NORMAL"",""frame_status"":""AVAILABLE""},""duplicate_of"":null},{""slot_index"":2,""candidate_id"":""ALT-02-GOAL-TANGENT"",""source"":""TASK_LOCAL_REPRESENTED_MAP_DIRECTIONAL_V1"",""formula"":""u_box(t_g)"",""availability"":""AVAILABLE"",""acceleration"":[-0.1,-0.03617386217854244,0.07506746707790564],""provenance"":{""query_status"":""FINITE"",""map_input"":""REPRESENTED_GAUSSIAN_SPHERE_ONLY"",""reference_input"":false,""active_primitive_id"":936984,""active_primitive_center"":[1.0499999523162842,0.28999999165534973,1.8300000429153442],""normal_source"":""REPRESENTED_SPHERE_OUTWARD_NORMAL"",""frame_status"":""AVAILABLE""},""duplicate_of"":null},{""slot_index"":3,""candidate_id"":""ALT-03-AUX-TANGENT-POS"",""source"":""TASK_LOCAL_REPRESENTED_MAP_DIRECTIONAL_V1"",""formula"":""u_box(t_a)"",""availability"":""AVAILABLE"",""acceleration"":[-0.06567219831788794,-0.02597253429463991,-0.1],""provenance"":{""query_status"":""FINITE"",""map_input"":""REPRESENTED_GAUSSIAN_SPHERE_ONLY"",""reference_input"":false,""active_primitive_id"":936984,""active_primitive_center"":[1.0499999523162842,0.28999999165534973,1.8300000429153442],""normal_source"":""REPRESENTED_SPHERE_OUTWARD_NORMAL"",""frame_status"":""AVAILABLE""},""duplicate_of"":null},{""slot_index"":4,""candidate_id"":""ALT-04-AUX-TANGENT-NEG"",""source"":""TASK_LOCAL_REPRESENTED_MAP_DIRECTIONAL_V1"",""formula"":""u_box(-t_a)"",""availability"":""AVAILABLE"",""acceleration"":[0.06567219831788794,0.02597253429463991,0.1],""provenance"":{""query_status"":""FINITE"",""map_input"":""REPRESENTED_GAUSSIAN_SPHERE_ONLY"",""reference_input"":false,""active_primitive_id"":936984,""active_primitive_center"":[1.0499999523162842,0.28999999165534973,1.8300000429153442],""normal_source"":""REPRESENTED_SPHERE_OUTWARD_NORMAL"",""frame_status"":""AVAILABLE""},""duplicate_of"":null},{""slot_index"":5,""candidate_id"":""ALT-05-BRAKE-BIASED-GOAL-TANGENT"",""source"":""TASK_LOCAL_REPRESENTED_MAP_DIRECTIONAL_V1"",""formula"":""u_box(normalize(project_Hv(b_hat+t_g)))"",""availability"":""AVAILABLE"",""acceleration"":[-0.06011720694875665,-0.09999999999999999,0.0451284645344143],""provenance"":{""query_status"":""FINITE"",""map_input"":""REPRESENTED_GAUSSIAN_SPHERE_ONLY"",""reference_input"":false,""active_primitive_id"":936984,""active_primitive_center"":[1.0499999523162842,0.28999999165534973,1.8300000429153442],""normal_source"":""REPRESENTED_SPHERE_OUTWARD_NORMAL"",""frame_status"":""AVAILABLE""},""duplicate_of"":null},{""slot_index"":6,""candidate_id"":""ALT-06-BRAKE-BIASED-OUTWARD"",""source"":""TASK_LOCAL_REPRESENTED_MAP_DIRECTIONAL_V1"",""formula"":""u_box(normalize(project_Hv(b_hat+n)))"",""availability"":""AVAILABLE"",""acceleration"":[0.01803663407149561,-0.1,0.0007180739769928758],""provenance"":{""query_status"":""FINITE"",""map_input"":""REPRESENTED_GAUSSIAN_SPHERE_ONLY"",""reference_input"":false,""active_primitive_id"":936984,""active_primitive_center"":[1.0499999523162842,0.28999999165534973,1.8300000429153442],""normal_source"":""REPRESENTED_SPHERE_OUTWARD_NORMAL"",""frame_status"":""AVAILABLE""},""duplicate_of"":null}]",0,0,0,0,080fa3e77618b41d77d6a74681c4414fc7b10cc9f98b1d71ee823314eb48cf71
ACTIVATED,G2,4d4b8f9fd8186537bd3ed2e58019f82f7938d72118c93c4286fecd651aa968e0,"[0.7900553145165427,0.17361192366955713,2.0219124321783504]","[-0.075,0.0,0.0]","[0.4716522991657257,0.12523484230041504,2.2526073455810547]",8f0977d300d1500f616cbdf672c46986622e84ce42ea1cc643ca7c9344c40789,0,diagnostic,REPRESENTED_SPHERE_SURFACE_NEIGHBOR,0.5,AXIS_X_NEG,0.075,2e-05,0.0,881266,0.1394335967600269,0.2942480265571591,"[-0.02500000000000001,-0.1,0.1]","[0.06798059630234787,-0.09999999631508752,0.099999995969356]",FINITE,4.400399999977475e-06,True,True,False,4.397760598984571e-06,False,False,15,FAIL_CLOSED_CURRENT_CBF_INFEASIBLE,FAIL_CLOSED_CURRENT_CBF_INFEASIBLE,False,,"[{""slot_index"":1,""candidate_id"":""ALT-01-OUTWARD"",""source"":""TASK_LOCAL_REPRESENTED_MAP_DIRECTIONAL_V1"",""formula"":""u_box(n)"",""availability"":""AVAILABLE"",""acceleration"":[4.750749782811152e-05,-0.1,0.04460285703381363],""provenance"":{""query_status"":""FINITE"",""map_input"":""REPRESENTED_GAUSSIAN_SPHERE_ONLY"",""reference_input"":false,""active_primitive_id"":881266,""active_primitive_center"":[0.7900000214576721,0.28999999165534973,1.9700000286102295],""normal_source"":""REPRESENTED_SPHERE_OUTWARD_NORMAL"",""frame_status"":""AVAILABLE""},""duplicate_of"":null},{""slot_index"":2,""candidate_id"":""ALT-02-GOAL-TANGENT"",""source"":""TASK_LOCAL_REPRESENTED_MAP_DIRECTIONAL_V1"",""formula"":""u_box(t_g)"",""availability"":""AVAILABLE"",""acceleration"":[-0.1,0.02438882605599238,0.05478647597685324],""provenance"":{""query_status"":""FINITE"",""map_input"":""REPRESENTED_GAUSSIAN_SPHERE_ONLY"",""reference_input"":false,""active_primitive_id"":881266,""active_primitive_center"":[0.7900000214576721,0.28999999165534973,1.9700000286102295],""normal_source"":""REPRESENTED_SPHERE_OUTWARD_NORMAL"",""frame_status"":""AVAILABLE""},""duplicate_of"":null},{""slot_index"":3,""candidate_id"":""ALT-03-AUX-TANGENT-POS"",""source"":""TASK_LOCAL_REPRESENTED_MAP_DIRECTIONAL_V1"",""formula"":""u_box(t_a)"",""availability"":""AVAILABLE"",""acceleration"":[-0.06567219831788808,-0.04463405625200318,-0.1],""provenance"":{""query_status"":""FINITE"",""map_input"":""REPRESENTED_GAUSSIAN_SPHERE_ONLY"",""reference_input"":false,""active_primitive_id"":881266,""active_primitive_center"":[0.7900000214576721,0.28999999165534973,1.9700000286102295],""normal_source"":""REPRESENTED_SPHERE_OUTWARD_NORMAL"",""frame_status"":""AVAILABLE""},""duplicate_of"":null},{""slot_index"":4,""candidate_id"":""ALT-04-AUX-TANGENT-NEG"",""source"":""TASK_LOCAL_REPRESENTED_MAP_DIRECTIONAL_V1"",""formula"":""u_box(-t_a)"",""availability"":""AVAILABLE"",""acceleration"":[0.06567219831788808,0.04463405625200318,0.1],""provenance"":{""query_status"":""FINITE"",""map_input"":""REPRESENTED_GAUSSIAN_SPHERE_ONLY"",""reference_input"":false,""active_primitive_id"":881266,""active_primitive_center"":[0.7900000214576721,0.28999999165534973,1.9700000286102295],""normal_source"":""REPRESENTED_SPHERE_OUTWARD_NORMAL"",""frame_status"":""AVAILABLE""},""duplicate_of"":null},{""slot_index"":5,""candidate_id"":""ALT-05-BRAKE-BIASED-GOAL-TANGENT"",""source"":""TASK_LOCAL_REPRESENTED_MAP_DIRECTIONAL_V1"",""formula"":""u_box(normalize(project_Hv(b_hat+t_g)))"",""availability"":""AVAILABLE"",""acceleration"":[0.0303058099897484,0.04451614311951079,0.1],""provenance"":{""query_status"":""FINITE"",""map_input"":""REPRESENTED_GAUSSIAN_SPHERE_ONLY"",""reference_input"":false,""active_primitive_id"":881266,""active_primitive_center"":[0.7900000214576721,0.28999999165534973,1.9700000286102295],""normal_source"":""REPRESENTED_SPHERE_OUTWARD_NORMAL"",""frame_status"":""AVAILABLE""},""duplicate_of"":null},{""slot_index"":6,""candidate_id"":""ALT-06-BRAKE-BIASED-OUTWARD"",""source"":""TASK_LOCAL_REPRESENTED_MAP_DIRECTIONAL_V1"",""formula"":""u_box(normalize(project_Hv(b_hat+n)))"",""availability"":""AVAILABLE"",""acceleration"":[0.1,-0.09128776559609608,0.04071695157818963],""provenance"":{""query_status"":""FINITE"",""map_input"":""REPRESENTED_GAUSSIAN_SPHERE_ONLY"",""reference_input"":false,""active_primitive_id"":881266,""active_primitive_center"":[0.7900000214576721,0.28999999165534973,1.9700000286102295],""normal_source"":""REPRESENTED_SPHERE_OUTWARD_NORMAL"",""frame_status"":""AVAILABLE""},""duplicate_of"":null}]",0,0,0,0,eac26e827493a9c727628beda436c5d3a28d1f6bdc60479bc554d610dc73206b
ACTIVATED,G2,5f5e80f83c4431242624e900d938f8d85ea286c5505e34378dee68623f4ad915,"[1.0947270249460683,0.1701404605021442,1.8317573489102874]","[-0.020896672501608888,0.0,0.013723304207096151]","[0.4716522991657257,0.12523484230041504,2.2526073455810547]",8f0977d300d1500f616cbdf672c46986622e84ce42ea1cc643ca7c9344c40789,0,diagnostic,REPRESENTED_SPHERE_SURFACE_NEIGHBOR,0.0,ROUTE,0.025,0.0005,-0.0025,936984,0.13499952216597771,0.2942480265571591,"[-0.07910332749839112,-0.1,0.08627669579290385]","[-0.07910329663672083,-0.0999775977979266,0.0862766701996652]",FINITE,0.00011564894193144028,True,True,False,3.8359753515395875e-05,False,False,5,FAIL_CLOSED_CURRENT_CBF_INFEASIBLE,FAIL_CLOSED_CURRENT_CBF_INFEASIBLE,False,,"[{""slot_index"":1,""candidate_id"":""ALT-01-OUTWARD"",""source"":""TASK_LOCAL_REPRESENTED_MAP_DIRECTIONAL_V1"",""formula"":""u_box(n)"",""availability"":""AVAILABLE"",""acceleration"":[0.03731624193708351,-0.1,0.0014661378849354634],""provenance"":{""query_status"":""FINITE"",""map_input"":""REPRESENTED_GAUSSIAN_SPHERE_ONLY"",""reference_input"":false,""active_primitive_id"":936984,""active_primitive_center"":[1.0499999523162842,0.28999999165534973,1.8300000429153442],""normal_source"":""REPRESENTED_SPHERE_OUTWARD_NORMAL"",""frame_status"":""AVAILABLE""},""duplicate_of"":null},{""slot_index"":2,""candidate_id"":""ALT-02-GOAL-TANGENT"",""source"":""TASK_LOCAL_REPRESENTED_MAP_DIRECTIONAL_V1"",""formula"":""u_box(t_g)"",""availability"":""AVAILABLE"",""acceleration"":[-0.09999999999999999,-0.036215490843880586,0.07507827909728698],""provenance"":{""query_status"":""FINITE"",""map_input"":""REPRESENTED_GAUSSIAN_SPHERE_ONLY"",""reference_input"":false,""active_primitive_id"":936984,""active_primitive_center"":[1.0499999523162842,0.28999999165534973,1.8300000429153442],""normal_source"":""REPRESENTED_SPHERE_OUTWARD_NORMAL"",""frame_status"":""AVAILABLE""},""duplicate_of"":null},{""slot_index"":3,""candidate_id"":""ALT-03-AUX-TANGENT-POS"",""source"":""TASK_LOCAL_REPRESENTED_MAP_DIRECTIONAL_V1"",""formula"":""u_box(t_a)"",""availability"":""AVAILABLE"",""acceleration"":[-0.06567219831788798,-0.02597253429463982,-0.1],""provenance"":{""query_status"":""FINITE"",""map_input"":""REPRESENTED_GAUSSIAN_SPHERE_ONLY"",""reference_input"":false,""active_primitive_id"":936984,""active_primitive_center"":[1.0499999523162842,0.28999999165534973,1.8300000429153442],""normal_source"":""REPRESENTED_SPHERE_OUTWARD_NORMAL"",""frame_status"":""AVAILABLE""},""duplicate_of"":null},{""slot_index"":4,""candidate_id"":""ALT-04-AUX-TANGENT-NEG"",""source"":""TASK_LOCAL_REPRESENTED_MAP_DIRECTIONAL_V1"",""formula"":""u_box(-t_a)"",""availability"":""AVAILABLE"",""acceleration"":[0.06567219831788798,0.02597253429463982,0.1],""provenance"":{""query_status"":""FINITE"",""map_input"":""REPRESENTED_GAUSSIAN_SPHERE_ONLY"",""reference_input"":false,""active_primitive_id"":936984,""active_primitive_center"":[1.0499999523162842,0.28999999165534973,1.8300000429153442],""normal_source"":""REPRESENTED_SPHERE_OUTWARD_NORMAL"",""frame_status"":""AVAILABLE""},""duplicate_of"":null},{""slot_index"":5,""candidate_id"":""ALT-05-BRAKE-BIASED-GOAL-TANGENT"",""source"":""TASK_LOCAL_REPRESENTED_MAP_DIRECTIONAL_V1"",""formula"":""u_box(normalize(project_Hv(b_hat+t_g)))"",""availability"":""AVAILABLE"",""acceleration"":[-0.0219376481397538,-0.1,-0.046877437123474364],""provenance"":{""query_status"":""FINITE"",""map_input"":""REPRESENTED_GAUSSIAN_SPHERE_ONLY"",""reference_input"":false,""active_primitive_id"":936984,""active_primitive_center"":[1.0499999523162842,0.28999999165534973,1.8300000429153442],""normal_source"":""REPRESENTED_SPHERE_OUTWARD_NORMAL"",""frame_status"":""AVAILABLE""},""duplicate_of"":null},{""slot_index"":6,""candidate_id"":""ALT-06-BRAKE-BIASED-OUTWARD"",""source"":""TASK_LOCAL_REPRESENTED_MAP_DIRECTIONAL_V1"",""formula"":""u_box(normalize(project_Hv(b_hat+n)))"",""availability"":""AVAILABLE"",""acceleration"":[0.1,-0.08865493956123814,-0.06561750460837927],""provenance"":{""query_status"":""FINITE"",""map_input"":""REPRESENTED_GAUSSIAN_SPHERE_ONLY"",""reference_input"":false,""active_primitive_id"":936984,""active_primitive_center"":[1.0499999523162842,0.28999999165534973,1.8300000429153442],""normal_source"":""REPRESENTED_SPHERE_OUTWARD_NORMAL"",""frame_status"":""AVAILABLE""},""duplicate_of"":null}]",0,0,0,0,31052d1aef5fe517f44a0dbad5b69232346dde620e79a52a9d74bef433cff4e6
ACTIVATED,G2,7b7349d13633bc3dd9240dbe0e1844111cb45b2edf5c00b24a071d9344450cec,"[1.0934589903460796,0.1676067722702179,1.8332481581524878]","[0.0,0.025,0.0]","[0.4716522991657257,0.12523484230041504,2.2526073455810547]",8f0977d300d1500f616cbdf672c46986622e84ce42ea1cc643ca7c9344c40789,0,diagnostic,REPRESENTED_SPHERE_SURFACE_NEIGHBOR,0.0,AXIS_Y_POS,0.025,0.0025,0.0,936984,0.1369244054461173,0.2942480265571591,"[-0.1,-0.1,0.1]","[0.09921344224846479,-0.099999999902727,0.03497714673568994]",FINITE,0.0005562500000000099,True,True,False,0.00029283367410816614,False,False,5,FAIL_CLOSED_CURRENT_CBF_INFEASIBLE,FAIL_CLOSED_CURRENT_CBF_INFEASIBLE,False,,"[{""slot_index"":1,""candidate_id"":""ALT-01-OUTWARD"",""source"":""TASK_LOCAL_REPRESENTED_MAP_DIRECTIONAL_V1"",""formula"":""u_box(n)"",""availability"":""AVAILABLE"",""acceleration"":[0.03550771705174609,-0.1,0.0026538359342626293],""provenance"":{""query_status"":""FINITE"",""map_input"":""REPRESENTED_GAUSSIAN_SPHERE_ONLY"",""reference_input"":false,""active_primitive_id"":936984,""active_primitive_center"":[1.0499999523162842,0.28999999165534973,1.8300000429153442],""normal_source"":""REPRESENTED_SPHERE_OUTWARD_NORMAL"",""frame_status"":""AVAILABLE""},""duplicate_of"":null},{""slot_index"":2,""candidate_id"":""ALT-02-GOAL-TANGENT"",""source"":""TASK_LOCAL_REPRESENTED_MAP_DIRECTIONAL_V1"",""formula"":""u_box(t_g)"",""availability"":""AVAILABLE"",""acceleration"":[-0.1,-0.03353374711561545,0.07438176228776897],""provenance"":{""query_status"":""FINITE"",""map_input"":""REPRESENTED_GAUSSIAN_SPHERE_ONLY"",""reference_input"":false,""active_primitive_id"":936984,""active_primitive_center"":[1.0499999523162842,0.28999999165534973,1.8300000429153442],""normal_source"":""REPRESENTED_SPHERE_OUTWARD_NORMAL"",""frame_status"":""AVAILABLE""},""duplicate_of"":null},{""slot_index"":3,""candidate_id"":""ALT-03-AUX-TANGENT-POS"",""source"":""TASK_LOCAL_REPRESENTED_MAP_DIRECTIONAL_V1"",""formula"":""u_box(t_a)"",""availability"":""AVAILABLE"",""acceleration"":[-0.06567219831788794,-0.025972534294639832,-0.1],""provenance"":{""query_status"":""FINITE"",""map_input"":""REPRESENTED_GAUSSIAN_SPHERE_ONLY"",""reference_input"":false,""active_primitive_id"":936984,""active_primitive_center"":[1.0499999523162842,0.28999999165534973,1.8300000429153442],""normal_source"":""REPRESENTED_SPHERE_OUTWARD_NORMAL"",""frame_status"":""AVAILABLE""},""duplicate_of"":null},{""slot_index"":4,""candidate_id"":""ALT-04-AUX-TANGENT-NEG"",""source"":""TASK_LOCAL_REPRESENTED_MAP_DIRECTIONAL_V1"",""formula"":""u_box(-t_a)"",""availability"":""AVAILABLE"",""acceleration"":[0.06567219831788794,0.025972534294639832,0.1],""provenance"":{""query_status"":""FINITE"",""map_input"":""REPRESENTED_GAUSSIAN_SPHERE_ONLY"",""reference_input"":false,""active_primitive_id"":936984,""active_primitive_center"":[1.0499999523162842,0.28999999165534973,1.8300000429153442],""normal_source"":""REPRESENTED_SPHERE_OUTWARD_NORMAL"",""frame_status"":""AVAILABLE""},""duplicate_of"":null},{""slot_index"":5,""candidate_id"":""ALT-05-BRAKE-BIASED-GOAL-TANGENT"",""source"":""TASK_LOCAL_REPRESENTED_MAP_DIRECTIONAL_V1"",""formula"":""u_box(normalize(project_Hv(b_hat+t_g)))"",""availability"":""AVAILABLE"",""acceleration"":[-0.06150199076000969,-0.1,0.045746264569356036],""provenance"":{""query_status"":""FINITE"",""map_input"":""REPRESENTED_GAUSSIAN_SPHERE_ONLY"",""reference_input"":false,""active_primitive_id"":936984,""active_primitive_center"":[1.0499999523162842,0.28999999165534973,1.8300000429153442],""normal_source"":""REPRESENTED_SPHERE_OUTWARD_NORMAL"",""frame_status"":""AVAILABLE""},""duplicate_of"":null},{""slot_index"":6,""candidate_id"":""ALT-06-BRAKE-BIASED-OUTWARD"",""source"":""TASK_LOCAL_REPRESENTED_MAP_DIRECTIONAL_V1"",""formula"":""u_box(normalize(project_Hv(b_hat+n)))"",""availability"":""AVAILABLE"",""acceleration"":[0.01722420673888354,-0.1,0.0012873319542397864],""provenance"":{""query_status"":""FINITE"",""map_input"":""REPRESENTED_GAUSSIAN_SPHERE_ONLY"",""reference_input"":false,""active_primitive_id"":936984,""active_primitive_center"":[1.0499999523162842,0.28999999165534973,1.8300000429153442],""normal_source"":""REPRESENTED_SPHERE_OUTWARD_NORMAL"",""frame_status"":""AVAILABLE""},""duplicate_of"":null}]",0,0,0,0,714570e10b8f774acb6e2274ee6d1642f847b1db027301f1127d5082d7ef812b
ACTIVATED,G2,7bb65ed44808569d230d1ad0d1e05845d12dc1396c2a1176a9a593be7ff9779e,"[0.7921995410213837,0.1726506513989348,2.0209333263017113]","[0.0,0.0,-0.025]","[0.4716522991657257,0.12523484230041504,2.2526073455810547]",8f0977d300d1500f616cbdf672c46986622e84ce42ea1cc643ca7c9344c40789,0,diagnostic,REPRESENTED_SPHERE_SURFACE_NEIGHBOR,0.5,AXIS_Z_NEG,0.025,0.0005,-0.0025,881266,0.1400956559154321,0.2942480265571591,"[-0.1,-0.1,0.1]","[-0.09998898350455414,-0.09993536697225087,0.09996278077464815]",FINITE,0.00011564894193144722,True,True,False,7.035694937776449e-06,False,False,5,FAIL_CLOSED_CURRENT_CBF_INFEASIBLE,FAIL_CLOSED_CURRENT_CBF_INFEASIBLE,False,,"[{""slot_index"":1,""candidate_id"":""ALT-01-OUTWARD"",""source"":""TASK_LOCAL_REPRESENTED_MAP_DIRECTIONAL_V1"",""formula"":""u_box(n)"",""availability"":""AVAILABLE"",""acceleration"":[0.001874334835547849,-0.1,0.043403139361661236],""provenance"":{""query_status"":""FINITE"",""map_input"":""REPRESENTED_GAUSSIAN_SPHERE_ONLY"",""reference_input"":false,""active_primitive_id"":881266,""active_primitive_center"":[0.7900000214576721,0.28999999165534973,1.9700000286102295],""normal_source"":""REPRESENTED_SPHERE_OUTWARD_NORMAL"",""frame_status"":""AVAILABLE""},""duplicate_of"":null},{""slot_index"":2,""candidate_id"":""ALT-02-GOAL-TANGENT"",""source"":""TASK_LOCAL_REPRESENTED_MAP_DIRECTIONAL_V1"",""formula"":""u_box(t_g)"",""availability"":""AVAILABLE"",""acceleration"":[-0.1,0.022307853744025007,0.05571529832916512],""provenance"":{""query_status"":""FINITE"",""map_input"":""REPRESENTED_GAUSSIAN_SPHERE_ONLY"",""reference_input"":false,""active_primitive_id"":881266,""active_primitive_center"":[0.7900000214576721,0.28999999165534973,1.9700000286102295],""normal_source"":""REPRESENTED_SPHERE_OUTWARD_NORMAL"",""frame_status"":""AVAILABLE""},""duplicate_of"":null},{""slot_index"":3,""candidate_id"":""ALT-03-AUX-TANGENT-POS"",""source"":""TASK_LOCAL_REPRESENTED_MAP_DIRECTIONAL_V1"",""formula"":""u_box(t_a)"",""availability"":""AVAILABLE"",""acceleration"":[-0.06567219831788791,-0.04463405625200347,-0.1],""provenance"":{""query_status"":""FINITE"",""map_input"":""REPRESENTED_GAUSSIAN_SPHERE_ONLY"",""reference_input"":false,""active_primitive_id"":881266,""active_primitive_center"":[0.7900000214576721,0.28999999165534973,1.9700000286102295],""normal_source"":""REPRESENTED_SPHERE_OUTWARD_NORMAL"",""frame_status"":""AVAILABLE""},""duplicate_of"":null},{""slot_index"":4,""candidate_id"":""ALT-04-AUX-TANGENT-NEG"",""source"":""TASK_LOCAL_REPRESENTED_MAP_DIRECTIONAL_V1"",""formula"":""u_box(-t_a)"",""availability"":""AVAILABLE"",""acceleration"":[0.06567219831788791,0.04463405625200347,0.1],""provenance"":{""query_status"":""FINITE"",""map_input"":""REPRESENTED_GAUSSIAN_SPHERE_ONLY"",""reference_input"":false,""active_primitive_id"":881266,""active_primitive_center"":[0.7900000214576721,0.28999999165534973,1.9700000286102295],""normal_source"":""REPRESENTED_SPHERE_OUTWARD_NORMAL"",""frame_status"":""AVAILABLE""},""duplicate_of"":null},{""slot_index"":5,""candidate_id"":""ALT-05-BRAKE-BIASED-GOAL-TANGENT"",""source"":""TASK_LOCAL_REPRESENTED_MAP_DIRECTIONAL_V1"",""formula"":""u_box(normalize(project_Hv(b_hat+t_g)))"",""availability"":""AVAILABLE"",""acceleration"":[-0.05802409303961661,0.012943929811574667,0.1],""provenance"":{""query_status"":""FINITE"",""map_input"":""REPRESENTED_GAUSSIAN_SPHERE_ONLY"",""reference_input"":false,""active_primitive_id"":881266,""active_primitive_center"":[0.7900000214576721,0.28999999165534973,1.9700000286102295],""normal_source"":""REPRESENTED_SPHERE_OUTWARD_NORMAL"",""frame_status"":""AVAILABLE""},""duplicate_of"":null},{""slot_index"":6,""candidate_id"":""ALT-06-BRAKE-BIASED-OUTWARD"",""source"":""TASK_LOCAL_REPRESENTED_MAP_DIRECTIONAL_V1"",""formula"":""u_box(normalize(project_Hv(b_hat+n)))"",""availability"":""AVAILABLE"",""acceleration"":[0.0012296183455226943,-0.06560291801668881,0.1],""provenance"":{""query_status"":""FINITE"",""map_input"":""REPRESENTED_GAUSSIAN_SPHERE_ONLY"",""reference_input"":false,""active_primitive_id"":881266,""active_primitive_center"":[0.7900000214576721,0.28999999165534973,1.9700000286102295],""normal_source"":""REPRESENTED_SPHERE_OUTWARD_NORMAL"",""frame_status"":""AVAILABLE""},""duplicate_of"":null}]",0,0,0,0,83a35d8151ad5f10599180cfd8897fbe9429b50845bdaabde7fe30998e82f6c7
ACTIVATED,G2,8cfd4d5ab6e1be8bd9e59da7c8f72937decaaef1e40469be0f76f7a27d3eafef,"[1.0947270249460683,0.1701404605021442,1.8317573489102874]","[0.0,0.0,-0.075]","[0.4716522991657257,0.12523484230041504,2.2526073455810547]",8f0977d300d1500f616cbdf672c46986622e84ce42ea1cc643ca7c9344c40789,0,diagnostic,REPRESENTED_SPHERE_SURFACE_NEIGHBOR,0.0,AXIS_Z_NEG,0.075,0.0005,-0.0025,936984,0.13499952216597771,0.2942480265571591,"[-0.1,-0.1,0.1]","[-0.05972892081660233,-0.09999999903637329,0.09999999830164849]",FINITE,0.00011564894193144028,True,True,False,0.00011298130496678431,False,False,15,FAIL_CLOSED_CURRENT_CBF_INFEASIBLE,FAIL_CLOSED_CURRENT_CBF_INFEASIBLE,False,,"[{""slot_index"":1,""candidate_id"":""ALT-01-OUTWARD"",""source"":""TASK_LOCAL_REPRESENTED_MAP_DIRECTIONAL_V1"",""formula"":""u_box(n)"",""availability"":""AVAILABLE"",""acceleration"":[0.03731624193708351,-0.1,0.0014661378849354634],""provenance"":{""query_status"":""FINITE"",""map_input"":""REPRESENTED_GAUSSIAN_SPHERE_ONLY"",""reference_input"":false,""active_primitive_id"":936984,""active_primitive_center"":[1.0499999523162842,0.28999999165534973,1.8300000429153442],""normal_source"":""REPRESENTED_SPHERE_OUTWARD_NORMAL"",""frame_status"":""AVAILABLE""},""duplicate_of"":null},{""slot_index"":2,""candidate_id"":""ALT-02-GOAL-TANGENT"",""source"":""TASK_LOCAL_REPRESENTED_MAP_DIRECTIONAL_V1"",""formula"":""u_box(t_g)"",""availability"":""AVAILABLE"",""acceleration"":[-0.09999999999999999,-0.036215490843880586,0.07507827909728698],""provenance"":{""query_status"":""FINITE"",""map_input"":""REPRESENTED_GAUSSIAN_SPHERE_ONLY"",""reference_input"":false,""active_primitive_id"":936984,""active_primitive_center"":[1.0499999523162842,0.28999999165534973,1.8300000429153442],""normal_source"":""REPRESENTED_SPHERE_OUTWARD_NORMAL"",""frame_status"":""AVAILABLE""},""duplicate_of"":null},{""slot_index"":3,""candidate_id"":""ALT-03-AUX-TANGENT-POS"",""source"":""TASK_LOCAL_REPRESENTED_MAP_DIRECTIONAL_V1"",""formula"":""u_box(t_a)"",""availability"":""AVAILABLE"",""acceleration"":[-0.06567219831788798,-0.02597253429463982,-0.1],""provenance"":{""query_status"":""FINITE"",""map_input"":""REPRESENTED_GAUSSIAN_SPHERE_ONLY"",""reference_input"":false,""active_primitive_id"":936984,""active_primitive_center"":[1.0499999523162842,0.28999999165534973,1.8300000429153442],""normal_source"":""REPRESENTED_SPHERE_OUTWARD_NORMAL"",""frame_status"":""AVAILABLE""},""duplicate_of"":null},{""slot_index"":4,""candidate_id"":""ALT-04-AUX-TANGENT-NEG"",""source"":""TASK_LOCAL_REPRESENTED_MAP_DIRECTIONAL_V1"",""formula"":""u_box(-t_a)"",""availability"":""AVAILABLE"",""acceleration"":[0.06567219831788798,0.02597253429463982,0.1],""provenance"":{""query_status"":""FINITE"",""map_input"":""REPRESENTED_GAUSSIAN_SPHERE_ONLY"",""reference_input"":false,""active_primitive_id"":936984,""active_primitive_center"":[1.0499999523162842,0.28999999165534973,1.8300000429153442],""normal_source"":""REPRESENTED_SPHERE_OUTWARD_NORMAL"",""frame_status"":""AVAILABLE""},""duplicate_of"":null},{""slot_index"":5,""candidate_id"":""ALT-05-BRAKE-BIASED-GOAL-TANGENT"",""source"":""TASK_LOCAL_REPRESENTED_MAP_DIRECTIONAL_V1"",""formula"":""u_box(normalize(project_Hv(b_hat+t_g)))"",""availability"":""AVAILABLE"",""acceleration"":[-0.048717759932618926,-0.01764337588774133,0.1],""provenance"":{""query_status"":""FINITE"",""map_input"":""REPRESENTED_GAUSSIAN_SPHERE_ONLY"",""reference_input"":false,""active_primitive_id"":936984,""active_primitive_center"":[1.0499999523162842,0.28999999165534973,1.8300000429153442],""normal_source"":""REPRESENTED_SPHERE_OUTWARD_NORMAL"",""frame_status"":""AVAILABLE""},""duplicate_of"":null},{""slot_index"":6,""candidate_id"":""ALT-06-BRAKE-BIASED-OUTWARD"",""source"":""TASK_LOCAL_REPRESENTED_MAP_DIRECTIONAL_V1"",""formula"":""u_box(normalize(project_Hv(b_hat+n)))"",""availability"":""AVAILABLE"",""acceleration"":[0.034484425505547714,-0.09241130327027483,0.1],""provenance"":{""query_status"":""FINITE"",""map_input"":""REPRESENTED_GAUSSIAN_SPHERE_ONLY"",""reference_input"":false,""active_primitive_id"":936984,""active_primitive_center"":[1.0499999523162842,0.28999999165534973,1.8300000429153442],""normal_source"":""REPRESENTED_SPHERE_OUTWARD_NORMAL"",""frame_status"":""AVAILABLE""},""duplicate_of"":null}]",0,0,0,0,dee9e1813db6a06448ca51c1fa8d879a1410b3961399a37a7085e12d05dd1d9f
ACTIVATED,G2,8e97a425539ed75072debf66f0644d0e9c4181580ef999967b2b92fdc7afd354,"[1.0926561787430213,0.16986772191642666,1.833188156258321]","[0.0,0.0,-0.075]","[0.4716522991657257,0.12523484230041504,2.2526073455810547]",8f0977d300d1500f616cbdf672c46986622e84ce42ea1cc643ca7c9344c40789,0,diagnostic,REPRESENTED_SPHERE_SURFACE_NEIGHBOR,0.0,AXIS_Z_NEG,0.075,0.0001,0.0,936984,0.13453626304669936,0.2942480265571591,"[-0.1,-0.1,0.1]","[-0.059620895595203775,-0.09999999432910266,0.09999998981050927]",FINITE,2.2010000000001126e-05,True,True,False,1.323465802853703e-05,False,False,15,FAIL_CLOSED_CURRENT_CBF_INFEASIBLE,FAIL_CLOSED_CURRENT_CBF_INFEASIBLE,False,,"[{""slot_index"":1,""candidate_id"":""ALT-01-OUTWARD"",""source"":""TASK_LOCAL_REPRESENTED_MAP_DIRECTIONAL_V1"",""formula"":""u_box(n)"",""availability"":""AVAILABLE"",""acceleration"":[0.03550771705174607,-0.1,0.0026538359342625456],""provenance"":{""query_status"":""FINITE"",""map_input"":""REPRESENTED_GAUSSIAN_SPHERE_ONLY"",""reference_input"":false,""active_primitive_id"":936984,""active_primitive_center"":[1.0499999523162842,0.28999999165534973,1.8300000429153442],""normal_source"":""REPRESENTED_SPHERE_OUTWARD_NORMAL"",""frame_status"":""AVAILABLE""},""duplicate_of"":null},{""slot_index"":2,""candidate_id"":""ALT-02-GOAL-TANGENT"",""source"":""TASK_LOCAL_REPRESENTED_MAP_DIRECTIONAL_V1"",""formula"":""u_box(t_g)"",""availability"":""AVAILABLE"",""acceleration"":[-0.10000000000000002,-0.033533747115615506,0.07438176228776898],""provenance"":{""query_status"":""FINITE"",""map_input"":""REPRESENTED_GAUSSIAN_SPHERE_ONLY"",""reference_input"":false,""active_primitive_id"":936984,""active_primitive_center"":[1.0499999523162842,0.28999999165534973,1.8300000429153442],""normal_source"":""REPRESENTED_SPHERE_OUTWARD_NORMAL"",""frame_status"":""AVAILABLE""},""duplicate_of"":null},{""slot_index"":3,""candidate_id"":""ALT-03-AUX-TANGENT-POS"",""source"":""TASK_LOCAL_REPRESENTED_MAP_DIRECTIONAL_V1"",""formula"":""u_box(t_a)"",""availability"":""AVAILABLE"",""acceleration"":[-0.06567219831788798,-0.025972534294639745,-0.1],""provenance"":{""query_status"":""FINITE"",""map_input"":""REPRESENTED_GAUSSIAN_SPHERE_ONLY"",""reference_input"":false,""active_primitive_id"":936984,""active_primitive_center"":[1.0499999523162842,0.28999999165534973,1.8300000429153442],""normal_source"":""REPRESENTED_SPHERE_OUTWARD_NORMAL"",""frame_status"":""AVAILABLE""},""duplicate_of"":null},{""slot_index"":4,""candidate_id"":""ALT-04-AUX-TANGENT-NEG"",""source"":""TASK_LOCAL_REPRESENTED_MAP_DIRECTIONAL_V1"",""formula"":""u_box(-t_a)"",""availability"":""AVAILABLE"",""acceleration"":[0.06567219831788798,0.025972534294639745,0.1],""provenance"":{""query_status"":""FINITE"",""map_input"":""REPRESENTED_GAUSSIAN_SPHERE_ONLY"",""reference_input"":false,""active_primitive_id"":936984,""active_primitive_center"":[1.0499999523162842,0.28999999165534973,1.8300000429153442],""normal_source"":""REPRESENTED_SPHERE_OUTWARD_NORMAL"",""frame_status"":""AVAILABLE""},""duplicate_of"":null},{""slot_index"":5,""candidate_id"":""ALT-05-BRAKE-BIASED-GOAL-TANGENT"",""source"":""TASK_LOCAL_REPRESENTED_MAP_DIRECTIONAL_V1"",""formula"":""u_box(normalize(project_Hv(b_hat+t_g)))"",""availability"":""AVAILABLE"",""acceleration"":[-0.04915348412034365,-0.016483005063430266,0.1],""provenance"":{""query_status"":""FINITE"",""map_input"":""REPRESENTED_GAUSSIAN_SPHERE_ONLY"",""reference_input"":false,""active_primitive_id"":936984,""active_primitive_center"":[1.0499999523162842,0.28999999165534973,1.8300000429153442],""normal_source"":""REPRESENTED_SPHERE_OUTWARD_NORMAL"",""frame_status"":""AVAILABLE""},""duplicate_of"":null},{""slot_index"":6,""candidate_id"":""ALT-06-BRAKE-BIASED-OUTWARD"",""source"":""TASK_LOCAL_REPRESENTED_MAP_DIRECTIONAL_V1"",""formula"":""u_box(normalize(project_Hv(b_hat+n)))"",""availability"":""AVAILABLE"",""acceleration"":[0.032634592882303796,-0.09190845143534515,0.09999999999999999],""provenance"":{""query_status"":""FINITE"",""map_input"":""REPRESENTED_GAUSSIAN_SPHERE_ONLY"",""reference_input"":false,""active_primitive_id"":936984,""active_primitive_center"":[1.0499999523162842,0.28999999165534973,1.8300000429153442],""normal_source"":""REPRESENTED_SPHERE_OUTWARD_NORMAL"",""frame_status"":""AVAILABLE""},""duplicate_of"":null}]",0,0,0,0,a3fc869de8eb63611b4f30912863b2d8d07629a0ecf0f928da8c271498c3c03d
ACTIVATED,G2,bb044f605dfd904c2de1021086b6c1a0c0c91797906a4302c91d8a7dfc5a39e9,"[1.0945664626254565,0.17059265043138597,1.831745348531454]","[-0.038740885384077245,-0.012991270535046881,0.028816153274561357]","[0.4716522991657257,0.12523484230041504,2.2526073455810547]",8f0977d300d1500f616cbdf672c46986622e84ce42ea1cc643ca7c9344c40789,0,diagnostic,REPRESENTED_SPHERE_SURFACE_NEIGHBOR,0.0,TANGENT_POS,0.05,2e-05,-0.0025,936984,0.13452212048202528,0.2942480265571591,"[-0.06125911461592276,-0.08700872946495312,0.07118384672543865]","[-0.06125911341965598,-0.08700873022925305,0.07118384651242396]",FINITE,9.79613706786342e-06,True,True,False,4.400399999989618e-06,False,False,9,FAIL_CLOSED_CURRENT_CBF_INFEASIBLE,FAIL_CLOSED_CURRENT_CBF_INFEASIBLE,False,,"[{""slot_index"":1,""candidate_id"":""ALT-01-OUTWARD"",""source"":""TASK_LOCAL_REPRESENTED_MAP_DIRECTIONAL_V1"",""formula"":""u_box(n)"",""availability"":""AVAILABLE"",""acceleration"":[0.037323090734917345,-0.1,0.0014616401288395794],""provenance"":{""query_status"":""FINITE"",""map_input"":""REPRESENTED_GAUSSIAN_SPHERE_ONLY"",""reference_input"":false,""active_primitive_id"":936984,""active_primitive_center"":[1.0499999523162842,0.28999999165534973,1.8300000429153442],""normal_source"":""REPRESENTED_SPHERE_OUTWARD_NORMAL"",""frame_status"":""AVAILABLE""},""duplicate_of"":null},{""slot_index"":2,""candidate_id"":""ALT-02-GOAL-TANGENT"",""source"":""TASK_LOCAL_REPRESENTED_MAP_DIRECTIONAL_V1"",""formula"":""u_box(t_g)"",""availability"":""AVAILABLE"",""acceleration"":[-0.1,-0.03622567780733089,0.07508092490986269],""provenance"":{""query_status"":""FINITE"",""map_input"":""REPRESENTED_GAUSSIAN_SPHERE_ONLY"",""reference_input"":false,""active_primitive_id"":936984,""active_primitive_center"":[1.0499999523162842,0.28999999165534973,1.8300000429153442],""normal_source"":""REPRESENTED_SPHERE_OUTWARD_NORMAL"",""frame_status"":""AVAILABLE""},""duplicate_of"":null},{""slot_index"":3,""candidate_id"":""ALT-03-AUX-TANGENT-POS"",""source"":""TASK_LOCAL_REPRESENTED_MAP_DIRECTIONAL_V1"",""formula"":""u_box(t_a)"",""availability"":""AVAILABLE"",""acceleration"":[-0.06567219831788797,-0.025972534294639762,-0.1],""provenance"":{""query_status"":""FINITE"",""map_input"":""REPRESENTED_GAUSSIAN_SPHERE_ONLY"",""reference_input"":false,""active_primitive_id"":936984,""active_primitive_center"":[1.0499999523162842,0.28999999165534973,1.8300000429153442],""normal_source"":""REPRESENTED_SPHERE_OUTWARD_NORMAL"",""frame_status"":""AVAILABLE""},""duplicate_of"":null},{""slot_index"":4,""candidate_id"":""ALT-04-AUX-TANGENT-NEG"",""source"":""TASK_LOCAL_REPRESENTED_MAP_DIRECTIONAL_V1"",""formula"":""u_box(-t_a)"",""availability"":""AVAILABLE"",""acceleration"":[0.06567219831788797,0.025972534294639762,0.1],""provenance"":{""query_status"":""FINITE"",""map_input"":""REPRESENTED_GAUSSIAN_SPHERE_ONLY"",""reference_input"":false,""active_primitive_id"":936984,""active_primitive_center"":[1.0499999523162842,0.28999999165534973,1.8300000429153442],""normal_source"":""REPRESENTED_SPHERE_OUTWARD_NORMAL"",""frame_status"":""AVAILABLE""},""duplicate_of"":null},{""slot_index"":5,""candidate_id"":""ALT-05-BRAKE-BIASED-GOAL-TANGENT"",""source"":""TASK_LOCAL_REPRESENTED_MAP_DIRECTIONAL_V1"",""formula"":""u_box(normalize(project_Hv(b_hat+t_g)))"",""availability"":""AVAILABLE"",""acceleration"":[-0.043107011766449585,0.1,-0.012870446136778797],""provenance"":{""query_status"":""FINITE"",""map_input"":""REPRESENTED_GAUSSIAN_SPHERE_ONLY"",""reference_input"":false,""active_primitive_id"":936984,""active_primitive_center"":[1.0499999523162842,0.28999999165534973,1.8300000429153442],""normal_source"":""REPRESENTED_SPHERE_OUTWARD_NORMAL"",""frame_status"":""AVAILABLE""},""duplicate_of"":null},{""slot_index"":6,""candidate_id"":""ALT-06-BRAKE-BIASED-OUTWARD"",""source"":""TASK_LOCAL_REPRESENTED_MAP_DIRECTIONAL_V1"",""formula"":""u_box(normalize(project_Hv(b_hat+n)))"",""availability"":""AVAILABLE"",""acceleration"":[0.1,-0.038774512401401125,-0.06080533808675145],""provenance"":{""query_status"":""FINITE"",""map_input"":""REPRESENTED_GAUSSIAN_SPHERE_ONLY"",""reference_input"":false,""active_primitive_id"":936984,""active_primitive_center"":[1.0499999523162842,0.28999999165534973,1.8300000429153442],""normal_source"":""REPRESENTED_SPHERE_OUTWARD_NORMAL"",""frame_status"":""AVAILABLE""},""duplicate_of"":null}]",0,0,0,0,0ad556e878a0d3285bd9f325cbcfe2897d0605ec8f64300167a1bd2a29c7a0a2
ACTIVATED,G2,bea5581de93d16fb9abb527c3aa9525580f04cb908ff6292939ff6f14c48d63f,"[1.0908529364076605,0.1688413334486395,1.8346389642377434]","[-0.020896672501608888,0.0,0.013723304207096151]","[0.4716522991657257,0.12523484230041504,2.2526073455810547]",8f0977d300d1500f616cbdf672c46986622e84ce42ea1cc643ca7c9344c40789,0,diagnostic,REPRESENTED_SPHERE_SURFACE_NEIGHBOR,0.0,ROUTE,0.025,0.0005,0.0025,936984,0.13490762433983625,0.2942480265571591,"[-0.07910332749839112,-0.1,0.08627669579290385]","[-0.07910332579073348,-0.0999283600908996,0.08627669566716178]",FINITE,0.00011564894193142813,True,True,False,4.876494421661784e-05,False,False,5,FAIL_CLOSED_CURRENT_CBF_INFEASIBLE,FAIL_CLOSED_CURRENT_CBF_INFEASIBLE,False,,"[{""slot_index"":1,""candidate_id"":""ALT-01-OUTWARD"",""source"":""TASK_LOCAL_REPRESENTED_MAP_DIRECTIONAL_V1"",""formula"":""u_box(n)"",""availability"":""AVAILABLE"",""acceleration"":[0.033718584124360726,-0.1,0.0038287988585055657],""provenance"":{""query_status"":""FINITE"",""map_input"":""REPRESENTED_GAUSSIAN_SPHERE_ONLY"",""reference_input"":false,""active_primitive_id"":936984,""active_primitive_center"":[1.0499999523162842,0.28999999165534973,1.8300000429153442],""normal_source"":""REPRESENTED_SPHERE_OUTWARD_NORMAL"",""frame_status"":""AVAILABLE""},""duplicate_of"":null},{""slot_index"":2,""candidate_id"":""ALT-02-GOAL-TANGENT"",""source"":""TASK_LOCAL_REPRESENTED_MAP_DIRECTIONAL_V1"",""formula"":""u_box(t_g)"",""availability"":""AVAILABLE"",""acceleration"":[-0.09999999999999999,-0.030896878036889203,0.07369690056199203],""provenance"":{""query_status"":""FINITE"",""map_input"":""REPRESENTED_GAUSSIAN_SPHERE_ONLY"",""reference_input"":false,""active_primitive_id"":936984,""active_primitive_center"":[1.0499999523162842,0.28999999165534973,1.8300000429153442],""normal_source"":""REPRESENTED_SPHERE_OUTWARD_NORMAL"",""frame_status"":""AVAILABLE""},""duplicate_of"":null},{""slot_index"":3,""candidate_id"":""ALT-03-AUX-TANGENT-POS"",""source"":""TASK_LOCAL_REPRESENTED_MAP_DIRECTIONAL_V1"",""formula"":""u_box(t_a)"",""availability"":""AVAILABLE"",""acceleration"":[-0.06567219831788801,-0.025972534294639648,-0.1],""provenance"":{""query_status"":""FINITE"",""map_input"":""REPRESENTED_GAUSSIAN_SPHERE_ONLY"",""reference_input"":false,""active_primitive_id"":936984,""active_primitive_center"":[1.0499999523162842,0.28999999165534973,1.8300000429153442],""normal_source"":""REPRESENTED_SPHERE_OUTWARD_NORMAL"",""frame_status"":""AVAILABLE""},""duplicate_of"":null},{""slot_index"":4,""candidate_id"":""ALT-04-AUX-TANGENT-NEG"",""source"":""TASK_LOCAL_REPRESENTED_MAP_DIRECTIONAL_V1"",""formula"":""u_box(-t_a)"",""availability"":""AVAILABLE"",""acceleration"":[0.06567219831788801,0.025972534294639648,0.1],""provenance"":{""query_status"":""FINITE"",""map_input"":""REPRESENTED_GAUSSIAN_SPHERE_ONLY"",""reference_input"":false,""active_primitive_id"":936984,""active_primitive_center"":[1.0499999523162842,0.28999999165534973,1.8300000429153442],""normal_source"":""REPRESENTED_SPHERE_OUTWARD_NORMAL"",""frame_status"":""AVAILABLE""},""duplicate_of"":null},{""slot_index"":5,""candidate_id"":""ALT-05-BRAKE-BIASED-GOAL-TANGENT"",""source"":""TASK_LOCAL_REPRESENTED_MAP_DIRECTIONAL_V1"",""formula"":""u_box(normalize(project_Hv(b_hat+t_g)))"",""availability"":""AVAILABLE"",""acceleration"":[-0.03069961168439143,-0.1,-0.054432288718631434],""provenance"":{""query_status"":""FINITE"",""map_input"":""REPRESENTED_GAUSSIAN_SPHERE_ONLY"",""reference_input"":false,""active_primitive_id"":936984,""active_primitive_center"":[1.0499999523162842,0.28999999165534973,1.8300000429153442],""normal_source"":""REPRESENTED_SPHERE_OUTWARD_NORMAL"",""frame_status"":""AVAILABLE""},""duplicate_of"":null},{""slot_index"":6,""candidate_id"":""ALT-06-BRAKE-BIASED-OUTWARD"",""source"":""TASK_LOCAL_REPRESENTED_MAP_DIRECTIONAL_V1"",""formula"":""u_box(normalize(project_Hv(b_hat+n)))"",""availability"":""AVAILABLE"",""acceleration"":[0.1,-0.09225954205071524,-0.06535895640797938],""provenance"":{""query_status"":""FINITE"",""map_input"":""REPRESENTED_GAUSSIAN_SPHERE_ONLY"",""reference_input"":false,""active_primitive_id"":936984,""active_primitive_center"":[1.0499999523162842,0.28999999165534973,1.8300000429153442],""normal_source"":""REPRESENTED_SPHERE_OUTWARD_NORMAL"",""frame_status"":""AVAILABLE""},""duplicate_of"":null}]",0,0,0,0,44b67bb20d72281848fc0dfe62ec9d1c56c8bab12266fcc90dcf545ae542ce01
ACTIVATED,G3,0531022292ad1eb4b8a1cf53466125c2f1e3433546e2c0f69bd3929c1229d155,"[0.7879112789160403,0.17417135549925136,2.023070770372361]","[-0.05,0.0,0.0]","[0.4716522991657257,0.12523484230041504,2.2526073455810547]",8f0977d300d1500f616cbdf672c46986622e84ce42ea1cc643ca7c9344c40789,0,diagnostic,REPRESENTED_SPHERE_SURFACE_NEIGHBOR,0.5,AXIS_X_NEG,0.05,-2e-05,0.0025,881266,0.13923581048199787,0.2942480265571591,"[-0.05,-0.1,0.1]","[-0.04999999900058315,-0.09996142948604923,0.09996828152287991]",FINITE,9.95868906127767e-07,True,True,False,9.95868906127767e-07,False,False,11,FAIL_CLOSED_CURRENT_CBF_INFEASIBLE,CERTIFIED_ALTERNATIVE_CONTROL,True,ALT-01-OUTWARD,"[{""slot_index"":1,""candidate_id"":""ALT-01-OUTWARD"",""source"":""TASK_LOCAL_REPRESENTED_MAP_DIRECTIONAL_V1"",""formula"":""u_box(n)"",""availability"":""AVAILABLE"",""acceleration"":[-0.0018033040972846293,-0.1,0.04581832569504661],""provenance"":{""query_status"":""FINITE"",""map_input"":""REPRESENTED_GAUSSIAN_SPHERE_ONLY"",""reference_input"":false,""active_primitive_id"":881266,""active_primitive_center"":[0.7900000214576721,0.28999999165534973,1.9700000286102295],""normal_source"":""REPRESENTED_SPHERE_OUTWARD_NORMAL"",""frame_status"":""AVAILABLE""},""duplicate_of"":null},{""slot_index"":2,""candidate_id"":""ALT-02-GOAL-TANGENT"",""source"":""TASK_LOCAL_REPRESENTED_MAP_DIRECTIONAL_V1"",""formula"":""u_box(t_g)"",""availability"":""AVAILABLE"",""acceleration"":[-0.1,0.0264782506966728,0.05385388100738866],""provenance"":{""query_status"":""FINITE"",""map_input"":""REPRESENTED_GAUSSIAN_SPHERE_ONLY"",""reference_input"":false,""active_primitive_id"":881266,""active_primitive_center"":[0.7900000214576721,0.28999999165534973,1.9700000286102295],""normal_source"":""REPRESENTED_SPHERE_OUTWARD_NORMAL"",""frame_status"":""AVAILABLE""},""duplicate_of"":null},{""slot_index"":3,""candidate_id"":""ALT-03-AUX-TANGENT-POS"",""source"":""TASK_LOCAL_REPRESENTED_MAP_DIRECTIONAL_V1"",""formula"":""u_box(t_a)"",""availability"":""AVAILABLE"",""acceleration"":[-0.06567219831788802,-0.04463405625200326,-0.1],""provenance"":{""query_status"":""FINITE"",""map_input"":""REPRESENTED_GAUSSIAN_SPHERE_ONLY"",""reference_input"":false,""active_primitive_id"":881266,""active_primitive_center"":[0.7900000214576721,0.28999999165534973,1.9700000286102295],""normal_source"":""REPRESENTED_SPHERE_OUTWARD_NORMAL"",""frame_status"":""AVAILABLE""},""duplicate_of"":null},{""slot_index"":4,""candidate_id"":""ALT-04-AUX-TANGENT-NEG"",""source"":""TASK_LOCAL_REPRESENTED_MAP_DIRECTIONAL_V1"",""formula"":""u_box(-t_a)"",""availability"":""AVAILABLE"",""acceleration"":[0.06567219831788802,0.04463405625200326,0.1],""provenance"":{""query_status"":""FINITE"",""map_input"":""REPRESENTED_GAUSSIAN_SPHERE_ONLY"",""reference_input"":false,""active_primitive_id"":881266,""active_primitive_center"":[0.7900000214576721,0.28999999165534973,1.9700000286102295],""normal_source"":""REPRESENTED_SPHERE_OUTWARD_NORMAL"",""frame_status"":""AVAILABLE""},""duplicate_of"":null},{""slot_index"":5,""candidate_id"":""ALT-05-BRAKE-BIASED-GOAL-TANGENT"",""source"":""TASK_LOCAL_REPRESENTED_MAP_DIRECTIONAL_V1"",""formula"":""u_box(normalize(project_Hv(b_hat+t_g)))"",""availability"":""AVAILABLE"",""acceleration"":[0.030870153060669817,0.04916683849217856,0.1],""provenance"":{""query_status"":""FINITE"",""map_input"":""REPRESENTED_GAUSSIAN_SPHERE_ONLY"",""reference_input"":false,""active_primitive_id"":881266,""active_primitive_center"":[0.7900000214576721,0.28999999165534973,1.9700000286102295],""normal_source"":""REPRESENTED_SPHERE_OUTWARD_NORMAL"",""frame_status"":""AVAILABLE""},""duplicate_of"":null},{""slot_index"":6,""candidate_id"":""ALT-06-BRAKE-BIASED-OUTWARD"",""source"":""TASK_LOCAL_REPRESENTED_MAP_DIRECTIONAL_V1"",""formula"":""u_box(normalize(project_Hv(b_hat+n)))"",""availability"":""AVAILABLE"",""acceleration"":[0.1,-0.09241428344415416,0.04234267737718609],""provenance"":{""query_status"":""FINITE"",""map_input"":""REPRESENTED_GAUSSIAN_SPHERE_ONLY"",""reference_input"":false,""active_primitive_id"":881266,""active_primitive_center"":[0.7900000214576721,0.28999999165534973,1.9700000286102295],""normal_source"":""REPRESENTED_SPHERE_OUTWARD_NORMAL"",""frame_status"":""AVAILABLE""},""duplicate_of"":null}]",0,0,0,0,d4445be3280c315bf3cb40fc4df0e93f8b18a59ae8ad48cc3f1bc423fba32762
ACTIVATED,G3,298541153911bb2c154c7fe120cd5cabd2a748c130ef9ba7b660c604056f7965,"[0.7879112875935103,0.17415309002466373,2.023078917295878]","[-0.05,0.0,0.0]","[0.4716522991657257,0.12523484230041504,2.2526073455810547]",8f0977d300d1500f616cbdf672c46986622e84ce42ea1cc643ca7c9344c40789,0,diagnostic,REPRESENTED_SPHERE_SURFACE_NEIGHBOR,0.5,AXIS_X_NEG,0.05,0.0,0.0025,881266,0.13925565567505838,0.2942480265571591,"[-0.05,-0.1,0.1]","[-0.04999999905111562,-0.09996212828223273,0.09996855342143014]",FINITE,5.395603008016836e-06,True,True,False,5.395603008016836e-06,False,False,11,FAIL_CLOSED_CURRENT_CBF_INFEASIBLE,CERTIFIED_ALTERNATIVE_CONTROL,True,ALT-01-OUTWARD,"[{""slot_index"":1,""candidate_id"":""ALT-01-OUTWARD"",""source"":""TASK_LOCAL_REPRESENTED_MAP_DIRECTIONAL_V1"",""formula"":""u_box(n)"",""availability"":""AVAILABLE"",""acceleration"":[-0.0018030122815201732,-0.1,0.04581813405321891],""provenance"":{""query_status"":""FINITE"",""map_input"":""REPRESENTED_GAUSSIAN_SPHERE_ONLY"",""reference_input"":false,""active_primitive_id"":881266,""active_primitive_center"":[0.7900000214576721,0.28999999165534973,1.9700000286102295],""normal_source"":""REPRESENTED_SPHERE_OUTWARD_NORMAL"",""frame_status"":""AVAILABLE""},""duplicate_of"":null},{""slot_index"":2,""candidate_id"":""ALT-02-GOAL-TANGENT"",""source"":""TASK_LOCAL_REPRESENTED_MAP_DIRECTIONAL_V1"",""formula"":""u_box(t_g)"",""availability"":""AVAILABLE"",""acceleration"":[-0.1,0.026477922742572668,0.05385402738660628],""provenance"":{""query_status"":""FINITE"",""map_input"":""REPRESENTED_GAUSSIAN_SPHERE_ONLY"",""reference_input"":false,""active_primitive_id"":881266,""active_primitive_center"":[0.7900000214576721,0.28999999165534973,1.9700000286102295],""normal_source"":""REPRESENTED_SPHERE_OUTWARD_NORMAL"",""frame_status"":""AVAILABLE""},""duplicate_of"":null},{""slot_index"":3,""candidate_id"":""ALT-03-AUX-TANGENT-POS"",""source"":""TASK_LOCAL_REPRESENTED_MAP_DIRECTIONAL_V1"",""formula"":""u_box(t_a)"",""availability"":""AVAILABLE"",""acceleration"":[-0.06567219831788809,-0.04463405625200311,-0.1],""provenance"":{""query_status"":""FINITE"",""map_input"":""REPRESENTED_GAUSSIAN_SPHERE_ONLY"",""reference_input"":false,""active_primitive_id"":881266,""active_primitive_center"":[0.7900000214576721,0.28999999165534973,1.9700000286102295],""normal_source"":""REPRESENTED_SPHERE_OUTWARD_NORMAL"",""frame_status"":""AVAILABLE""},""duplicate_of"":null},{""slot_index"":4,""candidate_id"":""ALT-04-AUX-TANGENT-NEG"",""source"":""TASK_LOCAL_REPRESENTED_MAP_DIRECTIONAL_V1"",""formula"":""u_box(-t_a)"",""availability"":""AVAILABLE"",""acceleration"":[0.06567219831788809,0.04463405625200311,0.1],""provenance"":{""query_status"":""FINITE"",""map_input"":""REPRESENTED_GAUSSIAN_SPHERE_ONLY"",""reference_input"":false,""active_primitive_id"":881266,""active_primitive_center"":[0.7900000214576721,0.28999999165534973,1.9700000286102295],""normal_source"":""REPRESENTED_SPHERE_OUTWARD_NORMAL"",""frame_status"":""AVAILABLE""},""duplicate_of"":null},{""slot_index"":5,""candidate_id"":""ALT-05-BRAKE-BIASED-GOAL-TANGENT"",""source"":""TASK_LOCAL_REPRESENTED_MAP_DIRECTIONAL_V1"",""formula"":""u_box(normalize(project_Hv(b_hat+t_g)))"",""availability"":""AVAILABLE"",""acceleration"":[0.03087005640799159,0.0491660958845166,0.1],""provenance"":{""query_status"":""FINITE"",""map_input"":""REPRESENTED_GAUSSIAN_SPHERE_ONLY"",""reference_input"":false,""active_primitive_id"":881266,""active_primitive_center"":[0.7900000214576721,0.28999999165534973,1.9700000286102295],""normal_source"":""REPRESENTED_SPHERE_OUTWARD_NORMAL"",""frame_status"":""AVAILABLE""},""duplicate_of"":null},{""slot_index"":6,""candidate_id"":""ALT-06-BRAKE-BIASED-OUTWARD"",""source"":""TASK_LOCAL_REPRESENTED_MAP_DIRECTIONAL_V1"",""formula"":""u_box(normalize(project_Hv(b_hat+n)))"",""availability"":""AVAILABLE"",""acceleration"":[0.1,-0.09241410647312558,0.042342419187941134],""provenance"":{""query_status"":""FINITE"",""map_input"":""REPRESENTED_GAUSSIAN_SPHERE_ONLY"",""reference_input"":false,""active_primitive_id"":881266,""active_primitive_center"":[0.7900000214576721,0.28999999165534973,1.9700000286102295],""normal_source"":""REPRESENTED_SPHERE_OUTWARD_NORMAL"",""frame_status"":""AVAILABLE""},""duplicate_of"":null}]",0,0,0,0,bcdbe0ce3ed7d380e77f744d028577073db9abe0b7fb1eadf3367235abb28756
ACTIVATED,G3,31be8c87d4f6f992b3522a54c33f7e6e40e89379d1fd6c01c89ee435aac35228,"[1.094894277363372,0.16966942932585072,1.8317698493049055]","[-0.058111328076115853,-0.01948690580257032,0.043224229911842035]","[0.4716522991657257,0.12523484230041504,2.2526073455810547]",8f0977d300d1500f616cbdf672c46986622e84ce42ea1cc643ca7c9344c40789,0,diagnostic,REPRESENTED_SPHERE_SURFACE_NEIGHBOR,0.0,TANGENT_POS,0.075,0.001,-0.0025,936984,0.13549682136350993,0.2942480265571591,"[-0.04188867192388415,-0.08051309419742969,0.05677577008815797]","[-0.04188866854214335,-0.08051308152821868,0.056775769170202856]",FINITE,0.00022640225486232277,True,True,False,0.00022099999999999724,False,False,13,FAIL_CLOSED_CURRENT_CBF_INFEASIBLE,CERTIFIED_ALTERNATIVE_CONTROL,True,ALT-01-OUTWARD,"[{""slot_index"":1,""candidate_id"":""ALT-01-OUTWARD"",""source"":""TASK_LOCAL_REPRESENTED_MAP_DIRECTIONAL_V1"",""formula"":""u_box(n)"",""availability"":""AVAILABLE"",""acceleration"":[0.03730916250865227,-0.1,0.0014707871012145924],""provenance"":{""query_status"":""FINITE"",""map_input"":""REPRESENTED_GAUSSIAN_SPHERE_ONLY"",""reference_input"":false,""active_primitive_id"":936984,""active_primitive_center"":[1.0499999523162842,0.28999999165534973,1.8300000429153442],""normal_source"":""REPRESENTED_SPHERE_OUTWARD_NORMAL"",""frame_status"":""AVAILABLE""},""duplicate_of"":null},{""slot_index"":2,""candidate_id"":""ALT-02-GOAL-TANGENT"",""source"":""TASK_LOCAL_REPRESENTED_MAP_DIRECTIONAL_V1"",""formula"":""u_box(t_g)"",""availability"":""AVAILABLE"",""acceleration"":[-0.1,-0.03620496108761647,0.07507554425273015],""provenance"":{""query_status"":""FINITE"",""map_input"":""REPRESENTED_GAUSSIAN_SPHERE_ONLY"",""reference_input"":false,""active_primitive_id"":936984,""active_primitive_center"":[1.0499999523162842,0.28999999165534973,1.8300000429153442],""normal_source"":""REPRESENTED_SPHERE_OUTWARD_NORMAL"",""frame_status"":""AVAILABLE""},""duplicate_of"":null},{""slot_index"":3,""candidate_id"":""ALT-03-AUX-TANGENT-POS"",""source"":""TASK_LOCAL_REPRESENTED_MAP_DIRECTIONAL_V1"",""formula"":""u_box(t_a)"",""availability"":""AVAILABLE"",""acceleration"":[-0.06567219831788795,-0.025972534294639818,-0.1],""provenance"":{""query_status"":""FINITE"",""map_input"":""REPRESENTED_GAUSSIAN_SPHERE_ONLY"",""reference_input"":false,""active_primitive_id"":936984,""active_primitive_center"":[1.0499999523162842,0.28999999165534973,1.8300000429153442],""normal_source"":""REPRESENTED_SPHERE_OUTWARD_NORMAL"",""frame_status"":""AVAILABLE""},""duplicate_of"":null},{""slot_index"":4,""candidate_id"":""ALT-04-AUX-TANGENT-NEG"",""source"":""TASK_LOCAL_REPRESENTED_MAP_DIRECTIONAL_V1"",""formula"":""u_box(-t_a)"",""availability"":""AVAILABLE"",""acceleration"":[0.06567219831788795,0.025972534294639818,0.1],""provenance"":{""query_status"":""FINITE"",""map_input"":""REPRESENTED_GAUSSIAN_SPHERE_ONLY"",""reference_input"":false,""active_primitive_id"":936984,""active_primitive_center"":[1.0499999523162842,0.28999999165534973,1.8300000429153442],""normal_source"":""REPRESENTED_SPHERE_OUTWARD_NORMAL"",""frame_status"":""AVAILABLE""},""duplicate_of"":null},{""slot_index"":5,""candidate_id"":""ALT-05-BRAKE-BIASED-GOAL-TANGENT"",""source"":""TASK_LOCAL_REPRESENTED_MAP_DIRECTIONAL_V1"",""formula"":""u_box(normalize(project_Hv(b_hat+t_g)))"",""availability"":""AVAILABLE"",""acceleration"":[-0.043103636671573894,0.1,-0.012865908606647904],""provenance"":{""query_status"":""FINITE"",""map_input"":""REPRESENTED_GAUSSIAN_SPHERE_ONLY"",""reference_input"":false,""active_primitive_id"":936984,""active_primitive_center"":[1.0499999523162842,0.28999999165534973,1.8300000429153442],""normal_source"":""REPRESENTED_SPHERE_OUTWARD_NORMAL"",""frame_status"":""AVAILABLE""},""duplicate_of"":null},{""slot_index"":6,""candidate_id"":""ALT-06-BRAKE-BIASED-OUTWARD"",""source"":""TASK_LOCAL_REPRESENTED_MAP_DIRECTIONAL_V1"",""formula"":""u_box(normalize(project_Hv(b_hat+n)))"",""availability"":""AVAILABLE"",""acceleration"":[0.1,-0.03878381229155094,-0.06080356802851792],""provenance"":{""query_status"":""FINITE"",""map_input"":""REPRESENTED_GAUSSIAN_SPHERE_ONLY"",""reference_input"":false,""active_primitive_id"":936984,""active_primitive_center"":[1.0499999523162842,0.28999999165534973,1.8300000429153442],""normal_source"":""REPRESENTED_SPHERE_OUTWARD_NORMAL"",""frame_status"":""AVAILABLE""},""duplicate_of"":null}]",0,0,0,0,0d582a90b240c3e71df9b44b1020bbaf6ee12cbfdd28c1650e568f6debd354f5
ACTIVATED,G3,31f5fbf83b22b8affbd826c191e1c9afd9703870163a16ef3d0c2359c6414d8d,"[1.0945597725287644,0.1706114916784377,1.8317448485156693]","[-0.019370442692038622,-0.0064956352675234405,0.014408076637280678]","[0.4716522991657257,0.12523484230041504,2.2526073455810547]",8f0977d300d1500f616cbdf672c46986622e84ce42ea1cc643ca7c9344c40789,0,diagnostic,REPRESENTED_SPHERE_SURFACE_NEIGHBOR,0.0,TANGENT_POS,0.025,0.0,-0.0025,936984,0.13450222886395855,0.2942480265571591,"[-0.08062955730796138,-0.09350436473247656,0.08559192336271933]","[-0.08062955716924738,-0.09350432347398069,0.08559192331175021]",FINITE,5.395603008035918e-06,True,True,False,1.348885337147318e-06,False,False,5,FAIL_CLOSED_CURRENT_CBF_INFEASIBLE,CERTIFIED_ALTERNATIVE_CONTROL,True,ALT-01-OUTWARD,"[{""slot_index"":1,""candidate_id"":""ALT-01-OUTWARD"",""source"":""TASK_LOCAL_REPRESENTED_MAP_DIRECTIONAL_V1"",""formula"":""u_box(n)"",""availability"":""AVAILABLE"",""acceleration"":[0.037323377227368955,-0.1,0.0014614519829485278],""provenance"":{""query_status"":""FINITE"",""map_input"":""REPRESENTED_GAUSSIAN_SPHERE_ONLY"",""reference_input"":false,""active_primitive_id"":936984,""active_primitive_center"":[1.0499999523162842,0.28999999165534973,1.8300000429153442],""normal_source"":""REPRESENTED_SPHERE_OUTWARD_NORMAL"",""frame_status"":""AVAILABLE""},""duplicate_of"":null},{""slot_index"":2,""candidate_id"":""ALT-02-GOAL-TANGENT"",""source"":""TASK_LOCAL_REPRESENTED_MAP_DIRECTIONAL_V1"",""formula"":""u_box(t_g)"",""availability"":""AVAILABLE"",""acceleration"":[-0.1,-0.03622610394394486,0.07508103558834091],""provenance"":{""query_status"":""FINITE"",""map_input"":""REPRESENTED_GAUSSIAN_SPHERE_ONLY"",""reference_input"":false,""active_primitive_id"":936984,""active_primitive_center"":[1.0499999523162842,0.28999999165534973,1.8300000429153442],""normal_source"":""REPRESENTED_SPHERE_OUTWARD_NORMAL"",""frame_status"":""AVAILABLE""},""duplicate_of"":null},{""slot_index"":3,""candidate_id"":""ALT-03-AUX-TANGENT-POS"",""source"":""TASK_LOCAL_REPRESENTED_MAP_DIRECTIONAL_V1"",""formula"":""u_box(t_a)"",""availability"":""AVAILABLE"",""acceleration"":[-0.065672198317888,-0.025972534294639714,-0.1],""provenance"":{""query_status"":""FINITE"",""map_input"":""REPRESENTED_GAUSSIAN_SPHERE_ONLY"",""reference_input"":false,""active_primitive_id"":936984,""active_primitive_center"":[1.0499999523162842,0.28999999165534973,1.8300000429153442],""normal_source"":""REPRESENTED_SPHERE_OUTWARD_NORMAL"",""frame_status"":""AVAILABLE""},""duplicate_of"":null},{""slot_index"":4,""candidate_id"":""ALT-04-AUX-TANGENT-NEG"",""source"":""TASK_LOCAL_REPRESENTED_MAP_DIRECTIONAL_V1"",""formula"":""u_box(-t_a)"",""availability"":""AVAILABLE"",""acceleration"":[0.065672198317888,0.025972534294639714,0.1],""provenance"":{""query_status"":""FINITE"",""map_input"":""REPRESENTED_GAUSSIAN_SPHERE_ONLY"",""reference_input"":false,""active_primitive_id"":936984,""active_primitive_center"":[1.0499999523162842,0.28999999165534973,1.8300000429153442],""normal_source"":""REPRESENTED_SPHERE_OUTWARD_NORMAL"",""frame_status"":""AVAILABLE""},""duplicate_of"":null},{""slot_index"":5,""candidate_id"":""ALT-05-BRAKE-BIASED-GOAL-TANGENT"",""source"":""TASK_LOCAL_REPRESENTED_MAP_DIRECTIONAL_V1"",""formula"":""u_box(normalize(project_Hv(b_hat+t_g)))"",""availability"":""AVAILABLE"",""acceleration"":[-0.04310708121767394,0.1,-0.012870539508086793],""provenance"":{""query_status"":""FINITE"",""map_input"":""REPRESENTED_GAUSSIAN_SPHERE_ONLY"",""reference_input"":false,""active_primitive_id"":936984,""active_primitive_center"":[1.0499999523162842,0.28999999165534973,1.8300000429153442],""normal_source"":""REPRESENTED_SPHERE_OUTWARD_NORMAL"",""frame_status"":""AVAILABLE""},""duplicate_of"":null},{""slot_index"":6,""candidate_id"":""ALT-06-BRAKE-BIASED-OUTWARD"",""source"":""TASK_LOCAL_REPRESENTED_MAP_DIRECTIONAL_V1"",""formula"":""u_box(normalize(project_Hv(b_hat+n)))"",""availability"":""AVAILABLE"",""acceleration"":[0.1,-0.0387743211226816,-0.06080537449490979],""provenance"":{""query_status"":""FINITE"",""map_input"":""REPRESENTED_GAUSSIAN_SPHERE_ONLY"",""reference_input"":false,""active_primitive_id"":936984,""active_primitive_center"":[1.0499999523162842,0.28999999165534973,1.8300000429153442],""normal_source"":""REPRESENTED_SPHERE_OUTWARD_NORMAL"",""frame_status"":""AVAILABLE""},""duplicate_of"":null}]",0,0,0,0,781d7e076d6aba07eb0a9a0d4ee0ded8bf89dc8558ee8f5ff45898fa8782cd60
ACTIVATED,G3,3fde220d847d1f9f8d7c1556c5f6d6b037ebe6ab6799fcc3ba48e3efca5e4b89,"[1.0945664626254565,0.17059265043138597,1.831745348531454]","[-0.019370442692038622,-0.0064956352675234405,0.014408076637280678]","[0.4716522991657257,0.12523484230041504,2.2526073455810547]",8f0977d300d1500f616cbdf672c46986622e84ce42ea1cc643ca7c9344c40789,0,diagnostic,REPRESENTED_SPHERE_SURFACE_NEIGHBOR,0.0,TANGENT_POS,0.025,2e-05,-0.0025,936984,0.13452212048202528,0.2942480265571591,"[-0.08062955730796138,-0.09350436473247656,0.08559192336271933]","[-0.08062955716854328,-0.09350432320963402,0.08559192331140185]",FINITE,9.79613706786342e-06,True,True,False,5.749318859358393e-06,False,False,5,FAIL_CLOSED_CURRENT_CBF_INFEASIBLE,CERTIFIED_ALTERNATIVE_CONTROL,True,ALT-01-OUTWARD,"[{""slot_index"":1,""candidate_id"":""ALT-01-OUTWARD"",""source"":""TASK_LOCAL_REPRESENTED_MAP_DIRECTIONAL_V1"",""formula"":""u_box(n)"",""availability"":""AVAILABLE"",""acceleration"":[0.037323090734917345,-0.1,0.0014616401288395794],""provenance"":{""query_status"":""FINITE"",""map_input"":""REPRESENTED_GAUSSIAN_SPHERE_ONLY"",""reference_input"":false,""active_primitive_id"":936984,""active_primitive_center"":[1.0499999523162842,0.28999999165534973,1.8300000429153442],""normal_source"":""REPRESENTED_SPHERE_OUTWARD_NORMAL"",""frame_status"":""AVAILABLE""},""duplicate_of"":null},{""slot_index"":2,""candidate_id"":""ALT-02-GOAL-TANGENT"",""source"":""TASK_LOCAL_REPRESENTED_MAP_DIRECTIONAL_V1"",""formula"":""u_box(t_g)"",""availability"":""AVAILABLE"",""acceleration"":[-0.1,-0.03622567780733089,0.07508092490986269],""provenance"":{""query_status"":""FINITE"",""map_input"":""REPRESENTED_GAUSSIAN_SPHERE_ONLY"",""reference_input"":false,""active_primitive_id"":936984,""active_primitive_center"":[1.0499999523162842,0.28999999165534973,1.8300000429153442],""normal_source"":""REPRESENTED_SPHERE_OUTWARD_NORMAL"",""frame_status"":""AVAILABLE""},""duplicate_of"":null},{""slot_index"":3,""candidate_id"":""ALT-03-AUX-TANGENT-POS"",""source"":""TASK_LOCAL_REPRESENTED_MAP_DIRECTIONAL_V1"",""formula"":""u_box(t_a)"",""availability"":""AVAILABLE"",""acceleration"":[-0.06567219831788797,-0.025972534294639762,-0.1],""provenance"":{""query_status"":""FINITE"",""map_input"":""REPRESENTED_GAUSSIAN_SPHERE_ONLY"",""reference_input"":false,""active_primitive_id"":936984,""active_primitive_center"":[1.0499999523162842,0.28999999165534973,1.8300000429153442],""normal_source"":""REPRESENTED_SPHERE_OUTWARD_NORMAL"",""frame_status"":""AVAILABLE""},""duplicate_of"":null},{""slot_index"":4,""candidate_id"":""ALT-04-AUX-TANGENT-NEG"",""source"":""TASK_LOCAL_REPRESENTED_MAP_DIRECTIONAL_V1"",""formula"":""u_box(-t_a)"",""availability"":""AVAILABLE"",""acceleration"":[0.06567219831788797,0.025972534294639762,0.1],""provenance"":{""query_status"":""FINITE"",""map_input"":""REPRESENTED_GAUSSIAN_SPHERE_ONLY"",""reference_input"":false,""active_primitive_id"":936984,""active_primitive_center"":[1.0499999523162842,0.28999999165534973,1.8300000429153442],""normal_source"":""REPRESENTED_SPHERE_OUTWARD_NORMAL"",""frame_status"":""AVAILABLE""},""duplicate_of"":null},{""slot_index"":5,""candidate_id"":""ALT-05-BRAKE-BIASED-GOAL-TANGENT"",""source"":""TASK_LOCAL_REPRESENTED_MAP_DIRECTIONAL_V1"",""formula"":""u_box(normalize(project_Hv(b_hat+t_g)))"",""availability"":""AVAILABLE"",""acceleration"":[-0.043107011766449585,0.1,-0.012870446136778797],""provenance"":{""query_status"":""FINITE"",""map_input"":""REPRESENTED_GAUSSIAN_SPHERE_ONLY"",""reference_input"":false,""active_primitive_id"":936984,""active_primitive_center"":[1.0499999523162842,0.28999999165534973,1.8300000429153442],""normal_source"":""REPRESENTED_SPHERE_OUTWARD_NORMAL"",""frame_status"":""AVAILABLE""},""duplicate_of"":null},{""slot_index"":6,""candidate_id"":""ALT-06-BRAKE-BIASED-OUTWARD"",""source"":""TASK_LOCAL_REPRESENTED_MAP_DIRECTIONAL_V1"",""formula"":""u_box(normalize(project_Hv(b_hat+n)))"",""availability"":""AVAILABLE"",""acceleration"":[0.1,-0.038774512401401125,-0.06080533808675145],""provenance"":{""query_status"":""FINITE"",""map_input"":""REPRESENTED_GAUSSIAN_SPHERE_ONLY"",""reference_input"":false,""active_primitive_id"":936984,""active_primitive_center"":[1.0499999523162842,0.28999999165534973,1.8300000429153442],""normal_source"":""REPRESENTED_SPHERE_OUTWARD_NORMAL"",""frame_status"":""AVAILABLE""},""duplicate_of"":null}]",0,0,0,0,5980c4855b780330fd22f71d2668fc2505911c617fadaa041fb47db7aa21f384
ACTIVATED,G3,54e827db44a49c92403af8c44840d73ea0540be2040a456c80d1bf0a80325a1d,"[1.0927899806768644,0.16949089697539185,1.8331981565740154]","[-0.038740885384077245,-0.012991270535046881,0.028816153274561357]","[0.4716522991657257,0.12523484230041504,2.2526073455810547]",8f0977d300d1500f616cbdf672c46986622e84ce42ea1cc643ca7c9344c40789,0,diagnostic,REPRESENTED_SPHERE_SURFACE_NEIGHBOR,0.0,TANGENT_POS,0.05,0.0005,0.0,936984,0.1349342590343359,0.2942480265571591,"[-0.06125911461592276,-0.08700872946495312,0.07118384672543865]","[-0.061259111394083104,-0.08700873191615766,0.07118384572945113]",FINITE,0.00011025000000000444,True,True,False,0.00011025000000000444,False,False,9,FAIL_CLOSED_CURRENT_CBF_INFEASIBLE,CERTIFIED_ALTERNATIVE_CONTROL,True,ALT-01-OUTWARD,"[{""slot_index"":1,""candidate_id"":""ALT-01-OUTWARD"",""source"":""TASK_LOCAL_REPRESENTED_MAP_DIRECTIONAL_V1"",""formula"":""u_box(n)"",""availability"":""AVAILABLE"",""acceleration"":[0.03550771705174607,-0.1,0.002653835934262529],""provenance"":{""query_status"":""FINITE"",""map_input"":""REPRESENTED_GAUSSIAN_SPHERE_ONLY"",""reference_input"":false,""active_primitive_id"":936984,""active_primitive_center"":[1.0499999523162842,0.28999999165534973,1.8300000429153442],""normal_source"":""REPRESENTED_SPHERE_OUTWARD_NORMAL"",""frame_status"":""AVAILABLE""},""duplicate_of"":null},{""slot_index"":2,""candidate_id"":""ALT-02-GOAL-TANGENT"",""source"":""TASK_LOCAL_REPRESENTED_MAP_DIRECTIONAL_V1"",""formula"":""u_box(t_g)"",""availability"":""AVAILABLE"",""acceleration"":[-0.10000000000000002,-0.03353374711561553,0.074381762287769],""provenance"":{""query_status"":""FINITE"",""map_input"":""REPRESENTED_GAUSSIAN_SPHERE_ONLY"",""reference_input"":false,""active_primitive_id"":936984,""active_primitive_center"":[1.0499999523162842,0.28999999165534973,1.8300000429153442],""normal_source"":""REPRESENTED_SPHERE_OUTWARD_NORMAL"",""frame_status"":""AVAILABLE""},""duplicate_of"":null},{""slot_index"":3,""candidate_id"":""ALT-03-AUX-TANGENT-POS"",""source"":""TASK_LOCAL_REPRESENTED_MAP_DIRECTIONAL_V1"",""formula"":""u_box(t_a)"",""availability"":""AVAILABLE"",""acceleration"":[-0.06567219831788798,-0.02597253429463973,-0.1],""provenance"":{""query_status"":""FINITE"",""map_input"":""REPRESENTED_GAUSSIAN_SPHERE_ONLY"",""reference_input"":false,""active_primitive_id"":936984,""active_primitive_center"":[1.0499999523162842,0.28999999165534973,1.8300000429153442],""normal_source"":""REPRESENTED_SPHERE_OUTWARD_NORMAL"",""frame_status"":""AVAILABLE""},""duplicate_of"":null},{""slot_index"":4,""candidate_id"":""ALT-04-AUX-TANGENT-NEG"",""source"":""TASK_LOCAL_REPRESENTED_MAP_DIRECTIONAL_V1"",""formula"":""u_box(-t_a)"",""availability"":""AVAILABLE"",""acceleration"":[0.06567219831788798,0.02597253429463973,0.1],""provenance"":{""query_status"":""FINITE"",""map_input"":""REPRESENTED_GAUSSIAN_SPHERE_ONLY"",""reference_input"":false,""active_primitive_id"":936984,""active_primitive_center"":[1.0499999523162842,0.28999999165534973,1.8300000429153442],""normal_source"":""REPRESENTED_SPHERE_OUTWARD_NORMAL"",""frame_status"":""AVAILABLE""},""duplicate_of"":null},{""slot_index"":5,""candidate_id"":""ALT-05-BRAKE-BIASED-GOAL-TANGENT"",""source"":""TASK_LOCAL_REPRESENTED_MAP_DIRECTIONAL_V1"",""formula"":""u_box(normalize(project_Hv(b_hat+t_g)))"",""availability"":""AVAILABLE"",""acceleration"":[-0.04268873373350002,0.1,-0.012308106633001888],""provenance"":{""query_status"":""FINITE"",""map_input"":""REPRESENTED_GAUSSIAN_SPHERE_ONLY"",""reference_input"":false,""active_primitive_id"":936984,""active_primitive_center"":[1.0499999523162842,0.28999999165534973,1.8300000429153442],""normal_source"":""REPRESENTED_SPHERE_OUTWARD_NORMAL"",""frame_status"":""AVAILABLE""},""duplicate_of"":null},{""slot_index"":6,""candidate_id"":""ALT-06-BRAKE-BIASED-OUTWARD"",""source"":""TASK_LOCAL_REPRESENTED_MAP_DIRECTIONAL_V1"",""formula"":""u_box(normalize(project_Hv(b_hat+n)))"",""availability"":""AVAILABLE"",""acceleration"":[0.1,-0.03999671459627557,-0.060574259841653405],""provenance"":{""query_status"":""FINITE"",""map_input"":""REPRESENTED_GAUSSIAN_SPHERE_ONLY"",""reference_input"":false,""active_primitive_id"":936984,""active_primitive_center"":[1.0499999523162842,0.28999999165534973,1.8300000429153442],""normal_source"":""REPRESENTED_SPHERE_OUTWARD_NORMAL"",""frame_status"":""AVAILABLE""},""duplicate_of"":null}]",0,0,0,0,cf95d04ebfd3c35f24e1f257b7d1af83f9a7bcd005ead8782a3e4e320fcd4142
ACTIVATED,G3,582f03c9a2af338510502189d48da808781b6f85986da9e106a7a2fdb5b61055,"[1.0926294183562526,0.1699430869046336,1.833186156195182]","[-0.019370442692038622,-0.0064956352675234405,0.014408076637280678]","[0.4716522991657257,0.12523484230041504,2.2526073455810547]",8f0977d300d1500f616cbdf672c46986622e84ce42ea1cc643ca7c9344c40789,0,diagnostic,REPRESENTED_SPHERE_SURFACE_NEIGHBOR,0.0,TANGENT_POS,0.025,2e-05,0.0,936984,0.13445666459143474,0.2942480265571591,"[-0.08062955730796138,-0.09350436473247656,0.08559192336271933]","[-0.08062955711602911,-0.09350429817694977,0.08559192328954378]",FINITE,4.400399999989618e-06,True,True,False,4.400399999989618e-06,False,False,5,FAIL_CLOSED_CURRENT_CBF_INFEASIBLE,CERTIFIED_ALTERNATIVE_CONTROL,True,ALT-01-OUTWARD,"[{""slot_index"":1,""candidate_id"":""ALT-01-OUTWARD"",""source"":""TASK_LOCAL_REPRESENTED_MAP_DIRECTIONAL_V1"",""formula"":""u_box(n)"",""availability"":""AVAILABLE"",""acceleration"":[0.035507717051745956,-0.1,0.002653835934262549],""provenance"":{""query_status"":""FINITE"",""map_input"":""REPRESENTED_GAUSSIAN_SPHERE_ONLY"",""reference_input"":false,""active_primitive_id"":936984,""active_primitive_center"":[1.0499999523162842,0.28999999165534973,1.8300000429153442],""normal_source"":""REPRESENTED_SPHERE_OUTWARD_NORMAL"",""frame_status"":""AVAILABLE""},""duplicate_of"":null},{""slot_index"":2,""candidate_id"":""ALT-02-GOAL-TANGENT"",""source"":""TASK_LOCAL_REPRESENTED_MAP_DIRECTIONAL_V1"",""formula"":""u_box(t_g)"",""availability"":""AVAILABLE"",""acceleration"":[-0.1,-0.0335337471156154,0.07438176228776895],""provenance"":{""query_status"":""FINITE"",""map_input"":""REPRESENTED_GAUSSIAN_SPHERE_ONLY"",""reference_input"":false,""active_primitive_id"":936984,""active_primitive_center"":[1.0499999523162842,0.28999999165534973,1.8300000429153442],""normal_source"":""REPRESENTED_SPHERE_OUTWARD_NORMAL"",""frame_status"":""AVAILABLE""},""duplicate_of"":null},{""slot_index"":3,""candidate_id"":""ALT-03-AUX-TANGENT-POS"",""source"":""TASK_LOCAL_REPRESENTED_MAP_DIRECTIONAL_V1"",""formula"":""u_box(t_a)"",""availability"":""AVAILABLE"",""acceleration"":[-0.065672198317888,-0.025972534294639686,-0.1],""provenance"":{""query_status"":""FINITE"",""map_input"":""REPRESENTED_GAUSSIAN_SPHERE_ONLY"",""reference_input"":false,""active_primitive_id"":936984,""active_primitive_center"":[1.0499999523162842,0.28999999165534973,1.8300000429153442],""normal_source"":""REPRESENTED_SPHERE_OUTWARD_NORMAL"",""frame_status"":""AVAILABLE""},""duplicate_of"":null},{""slot_index"":4,""candidate_id"":""ALT-04-AUX-TANGENT-NEG"",""source"":""TASK_LOCAL_REPRESENTED_MAP_DIRECTIONAL_V1"",""formula"":""u_box(-t_a)"",""availability"":""AVAILABLE"",""acceleration"":[0.065672198317888,0.025972534294639686,0.1],""provenance"":{""query_status"":""FINITE"",""map_input"":""REPRESENTED_GAUSSIAN_SPHERE_ONLY"",""reference_input"":false,""active_primitive_id"":936984,""active_primitive_center"":[1.0499999523162842,0.28999999165534973,1.8300000429153442],""normal_source"":""REPRESENTED_SPHERE_OUTWARD_NORMAL"",""frame_status"":""AVAILABLE""},""duplicate_of"":null},{""slot_index"":5,""candidate_id"":""ALT-05-BRAKE-BIASED-GOAL-TANGENT"",""source"":""TASK_LOCAL_REPRESENTED_MAP_DIRECTIONAL_V1"",""formula"":""u_box(normalize(project_Hv(b_hat+t_g)))"",""availability"":""AVAILABLE"",""acceleration"":[-0.0426887337335,0.1,-0.012308106633001869],""provenance"":{""query_status"":""FINITE"",""map_input"":""REPRESENTED_GAUSSIAN_SPHERE_ONLY"",""reference_input"":false,""active_primitive_id"":936984,""active_primitive_center"":[1.0499999523162842,0.28999999165534973,1.8300000429153442],""normal_source"":""REPRESENTED_SPHERE_OUTWARD_NORMAL"",""frame_status"":""AVAILABLE""},""duplicate_of"":null},{""slot_index"":6,""candidate_id"":""ALT-06-BRAKE-BIASED-OUTWARD"",""source"":""TASK_LOCAL_REPRESENTED_MAP_DIRECTIONAL_V1"",""formula"":""u_box(normalize(project_Hv(b_hat+n)))"",""availability"":""AVAILABLE"",""acceleration"":[0.1,-0.039996714596275657,-0.060574259841653454],""provenance"":{""query_status"":""FINITE"",""map_input"":""REPRESENTED_GAUSSIAN_SPHERE_ONLY"",""reference_input"":false,""active_primitive_id"":936984,""active_primitive_center"":[1.0499999523162842,0.28999999165534973,1.8300000429153442],""normal_source"":""REPRESENTED_SPHERE_OUTWARD_NORMAL"",""frame_status"":""AVAILABLE""},""duplicate_of"":null}]",0,0,0,0,60f0800aababd7bcda9ffb251d353b9ccc3c62a0c3d40312e79a18e78d05ae14
ACTIVATED,G3,6c3a9b360259f057628995472c40aeebf9cb55cf86199fc9ba3d05eb5b7f1323,"[1.0907191344738174,0.1692181583896743,1.834628963922049]","[-0.038740885384077245,-0.012991270535046881,0.028816153274561357]","[0.4716522991657257,0.12523484230041504,2.2526073455810547]",8f0977d300d1500f616cbdf672c46986622e84ce42ea1cc643ca7c9344c40789,0,diagnostic,REPRESENTED_SPHERE_SURFACE_NEIGHBOR,0.0,TANGENT_POS,0.05,0.0001,0.0025,936984,0.13450924624131583,0.2942480265571591,"[-0.06125911461592276,-0.08700872946495312,0.07118384672543865]","[-0.061259113463004514,-0.08700873003954415,0.07118384650118173]",FINITE,2.7406272886785002e-05,True,True,False,2.7406272886785002e-05,False,False,9,FAIL_CLOSED_CURRENT_CBF_INFEASIBLE,CERTIFIED_ALTERNATIVE_CONTROL,True,ALT-01-OUTWARD,"[{""slot_index"":1,""candidate_id"":""ALT-01-OUTWARD"",""source"":""TASK_LOCAL_REPRESENTED_MAP_DIRECTIONAL_V1"",""formula"":""u_box(n)"",""availability"":""AVAILABLE"",""acceleration"":[0.03371300224261878,-0.1,0.003832464602953028],""provenance"":{""query_status"":""FINITE"",""map_input"":""REPRESENTED_GAUSSIAN_SPHERE_ONLY"",""reference_input"":false,""active_primitive_id"":936984,""active_primitive_center"":[1.0499999523162842,0.28999999165534973,1.8300000429153442],""normal_source"":""REPRESENTED_SPHERE_OUTWARD_NORMAL"",""frame_status"":""AVAILABLE""},""duplicate_of"":null},{""slot_index"":2,""candidate_id"":""ALT-02-GOAL-TANGENT"",""source"":""TASK_LOCAL_REPRESENTED_MAP_DIRECTIONAL_V1"",""formula"":""u_box(t_g)"",""availability"":""AVAILABLE"",""acceleration"":[-0.1,-0.030888676254677897,0.07369477035129444],""provenance"":{""query_status"":""FINITE"",""map_input"":""REPRESENTED_GAUSSIAN_SPHERE_ONLY"",""reference_input"":false,""active_primitive_id"":936984,""active_primitive_center"":[1.0499999523162842,0.28999999165534973,1.8300000429153442],""normal_source"":""REPRESENTED_SPHERE_OUTWARD_NORMAL"",""frame_status"":""AVAILABLE""},""duplicate_of"":null},{""slot_index"":3,""candidate_id"":""ALT-03-AUX-TANGENT-POS"",""source"":""TASK_LOCAL_REPRESENTED_MAP_DIRECTIONAL_V1"",""formula"":""u_box(t_a)"",""availability"":""AVAILABLE"",""acceleration"":[-0.06567219831788801,-0.02597253429463966,-0.1],""provenance"":{""query_status"":""FINITE"",""map_input"":""REPRESENTED_GAUSSIAN_SPHERE_ONLY"",""reference_input"":false,""active_primitive_id"":936984,""active_primitive_center"":[1.0499999523162842,0.28999999165534973,1.8300000429153442],""normal_source"":""REPRESENTED_SPHERE_OUTWARD_NORMAL"",""frame_status"":""AVAILABLE""},""duplicate_of"":null},{""slot_index"":4,""candidate_id"":""ALT-04-AUX-TANGENT-NEG"",""source"":""TASK_LOCAL_REPRESENTED_MAP_DIRECTIONAL_V1"",""formula"":""u_box(-t_a)"",""availability"":""AVAILABLE"",""acceleration"":[0.06567219831788801,0.02597253429463966,0.1],""provenance"":{""query_status"":""FINITE"",""map_input"":""REPRESENTED_GAUSSIAN_SPHERE_ONLY"",""reference_input"":false,""active_primitive_id"":936984,""active_primitive_center"":[1.0499999523162842,0.28999999165534973,1.8300000429153442],""normal_source"":""REPRESENTED_SPHERE_OUTWARD_NORMAL"",""frame_status"":""AVAILABLE""},""duplicate_of"":null},{""slot_index"":5,""candidate_id"":""ALT-05-BRAKE-BIASED-GOAL-TANGENT"",""source"":""TASK_LOCAL_REPRESENTED_MAP_DIRECTIONAL_V1"",""formula"":""u_box(normalize(project_Hv(b_hat+t_g)))"",""availability"":""AVAILABLE"",""acceleration"":[-0.04231432164967995,0.1,-0.011804741194614532],""provenance"":{""query_status"":""FINITE"",""map_input"":""REPRESENTED_GAUSSIAN_SPHERE_ONLY"",""reference_input"":false,""active_primitive_id"":936984,""active_primitive_center"":[1.0499999523162842,0.28999999165534973,1.8300000429153442],""normal_source"":""REPRESENTED_SPHERE_OUTWARD_NORMAL"",""frame_status"":""AVAILABLE""},""duplicate_of"":null},{""slot_index"":6,""candidate_id"":""ALT-06-BRAKE-BIASED-OUTWARD"",""source"":""TASK_LOCAL_REPRESENTED_MAP_DIRECTIONAL_V1"",""formula"":""u_box(normalize(project_Hv(b_hat+n)))"",""availability"":""AVAILABLE"",""acceleration"":[0.1,-0.04122489308180861,-0.060345258486145706],""provenance"":{""query_status"":""FINITE"",""map_input"":""REPRESENTED_GAUSSIAN_SPHERE_ONLY"",""reference_input"":false,""active_primitive_id"":936984,""active_primitive_center"":[1.0499999523162842,0.28999999165534973,1.8300000429153442],""normal_source"":""REPRESENTED_SPHERE_OUTWARD_NORMAL"",""frame_status"":""AVAILABLE""},""duplicate_of"":null}]",0,0,0,0,e1d1322ba7fad840cf7c8e42e0015da790ecbd1585a00766a21041b0104c468a
ACTIVATED,G3,6f7e8bac31caf6b08d7a9143adaaeab64708d357fbacd5cd15574dde20d4b871,"[1.0945932230122253,0.170517285443179,1.831747348594593]","[-0.019370442692038622,-0.0064956352675234405,0.014408076637280678]","[0.4716522991657257,0.12523484230041504,2.2526073455810547]",8f0977d300d1500f616cbdf672c46986622e84ce42ea1cc643ca7c9344c40789,0,diagnostic,REPRESENTED_SPHERE_SURFACE_NEIGHBOR,0.0,TANGENT_POS,0.025,0.0001,-0.0025,936984,0.13460168704958486,0.2942480265571591,"[-0.08062955730796138,-0.09350436473247656,0.08559192336271933]","[-0.08062955716569999,-0.09350432214240437,0.08559192330999386]",FINITE,2.7406272886790206e-05,True,True,False,2.3359052843072506e-05,False,False,5,FAIL_CLOSED_CURRENT_CBF_INFEASIBLE,CERTIFIED_ALTERNATIVE_CONTROL,True,ALT-01-OUTWARD,"[{""slot_index"":1,""candidate_id"":""ALT-01-OUTWARD"",""source"":""TASK_LOCAL_REPRESENTED_MAP_DIRECTIONAL_V1"",""formula"":""u_box(n)"",""availability"":""AVAILABLE"",""acceleration"":[0.03732194566865172,-0.1,0.0014623921190284872],""provenance"":{""query_status"":""FINITE"",""map_input"":""REPRESENTED_GAUSSIAN_SPHERE_ONLY"",""reference_input"":false,""active_primitive_id"":936984,""active_primitive_center"":[1.0499999523162842,0.28999999165534973,1.8300000429153442],""normal_source"":""REPRESENTED_SPHERE_OUTWARD_NORMAL"",""frame_status"":""AVAILABLE""},""duplicate_of"":null},{""slot_index"":2,""candidate_id"":""ALT-02-GOAL-TANGENT"",""source"":""TASK_LOCAL_REPRESENTED_MAP_DIRECTIONAL_V1"",""formula"":""u_box(t_g)"",""availability"":""AVAILABLE"",""acceleration"":[-0.1,-0.036223974608969235,0.07508048254608411],""provenance"":{""query_status"":""FINITE"",""map_input"":""REPRESENTED_GAUSSIAN_SPHERE_ONLY"",""reference_input"":false,""active_primitive_id"":936984,""active_primitive_center"":[1.0499999523162842,0.28999999165534973,1.8300000429153442],""normal_source"":""REPRESENTED_SPHERE_OUTWARD_NORMAL"",""frame_status"":""AVAILABLE""},""duplicate_of"":null},{""slot_index"":3,""candidate_id"":""ALT-03-AUX-TANGENT-POS"",""source"":""TASK_LOCAL_REPRESENTED_MAP_DIRECTIONAL_V1"",""formula"":""u_box(t_a)"",""availability"":""AVAILABLE"",""acceleration"":[-0.06567219831788795,-0.025972534294639832,-0.1],""provenance"":{""query_status"":""FINITE"",""map_input"":""REPRESENTED_GAUSSIAN_SPHERE_ONLY"",""reference_input"":false,""active_primitive_id"":936984,""active_primitive_center"":[1.0499999523162842,0.28999999165534973,1.8300000429153442],""normal_source"":""REPRESENTED_SPHERE_OUTWARD_NORMAL"",""frame_status"":""AVAILABLE""},""duplicate_of"":null},{""slot_index"":4,""candidate_id"":""ALT-04-AUX-TANGENT-NEG"",""source"":""TASK_LOCAL_REPRESENTED_MAP_DIRECTIONAL_V1"",""formula"":""u_box(-t_a)"",""availability"":""AVAILABLE"",""acceleration"":[0.06567219831788795,0.025972534294639832,0.1],""provenance"":{""query_status"":""FINITE"",""map_input"":""REPRESENTED_GAUSSIAN_SPHERE_ONLY"",""reference_input"":false,""active_primitive_id"":936984,""active_primitive_center"":[1.0499999523162842,0.28999999165534973,1.8300000429153442],""normal_source"":""REPRESENTED_SPHERE_OUTWARD_NORMAL"",""frame_status"":""AVAILABLE""},""duplicate_of"":null},{""slot_index"":5,""candidate_id"":""ALT-05-BRAKE-BIASED-GOAL-TANGENT"",""source"":""TASK_LOCAL_REPRESENTED_MAP_DIRECTIONAL_V1"",""formula"":""u_box(normalize(project_Hv(b_hat+t_g)))"",""availability"":""AVAILABLE"",""acceleration"":[-0.04310673419195373,0.1,-0.012870072961302298],""provenance"":{""query_status"":""FINITE"",""map_input"":""REPRESENTED_GAUSSIAN_SPHERE_ONLY"",""reference_input"":false,""active_primitive_id"":936984,""active_primitive_center"":[1.0499999523162842,0.28999999165534973,1.8300000429153442],""normal_source"":""REPRESENTED_SPHERE_OUTWARD_NORMAL"",""frame_status"":""AVAILABLE""},""duplicate_of"":null},{""slot_index"":6,""candidate_id"":""ALT-06-BRAKE-BIASED-OUTWARD"",""source"":""TASK_LOCAL_REPRESENTED_MAP_DIRECTIONAL_V1"",""formula"":""u_box(normalize(project_Hv(b_hat+n)))"",""availability"":""AVAILABLE"",""acceleration"":[0.1,-0.038775276918082496,-0.06080519256873257],""provenance"":{""query_status"":""FINITE"",""map_input"":""REPRESENTED_GAUSSIAN_SPHERE_ONLY"",""reference_input"":false,""active_primitive_id"":936984,""active_primitive_center"":[1.0499999523162842,0.28999999165534973,1.8300000429153442],""normal_source"":""REPRESENTED_SPHERE_OUTWARD_NORMAL"",""frame_status"":""AVAILABLE""},""duplicate_of"":null}]",0,0,0,0,c5ea7ad6f74f9272ab50f990084092df8d6d0e9ee60379e0efe670ac0a638205
ACTIVATED,G3,75a77d2806cc6cc0d83f5cfec715519cffffae27a07827df97c8b60e904eb7e2,"[1.0929572330941681,0.16901986579909836,1.8332106569686335]","[-0.058111328076115853,-0.01948690580257032,0.043224229911842035]","[0.4716522991657257,0.12523484230041504,2.2526073455810547]",8f0977d300d1500f616cbdf672c46986622e84ce42ea1cc643ca7c9344c40789,0,diagnostic,REPRESENTED_SPHERE_SURFACE_NEIGHBOR,0.0,TANGENT_POS,0.075,0.001,0.0,936984,0.13543176842067786,0.2942480265571591,"[-0.04188867192388415,-0.08051309419742969,0.05677577008815797]","[-0.041888671858721714,-0.08051309369625644,0.056775770075788094]",FINITE,0.00022099999999999724,True,True,False,0.00022099999999999724,False,False,13,FAIL_CLOSED_CURRENT_CBF_INFEASIBLE,CERTIFIED_ALTERNATIVE_CONTROL,True,ALT-01-OUTWARD,"[{""slot_index"":1,""candidate_id"":""ALT-01-OUTWARD"",""source"":""TASK_LOCAL_REPRESENTED_MAP_DIRECTIONAL_V1"",""formula"":""u_box(n)"",""availability"":""AVAILABLE"",""acceleration"":[0.035507717051746025,-0.1,0.002653835934262554],""provenance"":{""query_status"":""FINITE"",""map_input"":""REPRESENTED_GAUSSIAN_SPHERE_ONLY"",""reference_input"":false,""active_primitive_id"":936984,""active_primitive_center"":[1.0499999523162842,0.28999999165534973,1.8300000429153442],""normal_source"":""REPRESENTED_SPHERE_OUTWARD_NORMAL"",""frame_status"":""AVAILABLE""},""duplicate_of"":null},{""slot_index"":2,""candidate_id"":""ALT-02-GOAL-TANGENT"",""source"":""TASK_LOCAL_REPRESENTED_MAP_DIRECTIONAL_V1"",""formula"":""u_box(t_g)"",""availability"":""AVAILABLE"",""acceleration"":[-0.1,-0.033533747115615464,0.07438176228776898],""provenance"":{""query_status"":""FINITE"",""map_input"":""REPRESENTED_GAUSSIAN_SPHERE_ONLY"",""reference_input"":false,""active_primitive_id"":936984,""active_primitive_center"":[1.0499999523162842,0.28999999165534973,1.8300000429153442],""normal_source"":""REPRESENTED_SPHERE_OUTWARD_NORMAL"",""frame_status"":""AVAILABLE""},""duplicate_of"":null},{""slot_index"":3,""candidate_id"":""ALT-03-AUX-TANGENT-POS"",""source"":""TASK_LOCAL_REPRESENTED_MAP_DIRECTIONAL_V1"",""formula"":""u_box(t_a)"",""availability"":""AVAILABLE"",""acceleration"":[-0.065672198317888,-0.02597253429463973,-0.1],""provenance"":{""query_status"":""FINITE"",""map_input"":""REPRESENTED_GAUSSIAN_SPHERE_ONLY"",""reference_input"":false,""active_primitive_id"":936984,""active_primitive_center"":[1.0499999523162842,0.28999999165534973,1.8300000429153442],""normal_source"":""REPRESENTED_SPHERE_OUTWARD_NORMAL"",""frame_status"":""AVAILABLE""},""duplicate_of"":null},{""slot_index"":4,""candidate_id"":""ALT-04-AUX-TANGENT-NEG"",""source"":""TASK_LOCAL_REPRESENTED_MAP_DIRECTIONAL_V1"",""formula"":""u_box(-t_a)"",""availability"":""AVAILABLE"",""acceleration"":[0.065672198317888,0.02597253429463973,0.1],""provenance"":{""query_status"":""FINITE"",""map_input"":""REPRESENTED_GAUSSIAN_SPHERE_ONLY"",""reference_input"":false,""active_primitive_id"":936984,""active_primitive_center"":[1.0499999523162842,0.28999999165534973,1.8300000429153442],""normal_source"":""REPRESENTED_SPHERE_OUTWARD_NORMAL"",""frame_status"":""AVAILABLE""},""duplicate_of"":null},{""slot_index"":5,""candidate_id"":""ALT-05-BRAKE-BIASED-GOAL-TANGENT"",""source"":""TASK_LOCAL_REPRESENTED_MAP_DIRECTIONAL_V1"",""formula"":""u_box(normalize(project_Hv(b_hat+t_g)))"",""availability"":""AVAILABLE"",""acceleration"":[-0.04268873373350001,0.1,-0.012308106633001869],""provenance"":{""query_status"":""FINITE"",""map_input"":""REPRESENTED_GAUSSIAN_SPHERE_ONLY"",""reference_input"":false,""active_primitive_id"":936984,""active_primitive_center"":[1.0499999523162842,0.28999999165534973,1.8300000429153442],""normal_source"":""REPRESENTED_SPHERE_OUTWARD_NORMAL"",""frame_status"":""AVAILABLE""},""duplicate_of"":null},{""slot_index"":6,""candidate_id"":""ALT-06-BRAKE-BIASED-OUTWARD"",""source"":""TASK_LOCAL_REPRESENTED_MAP_DIRECTIONAL_V1"",""formula"":""u_box(normalize(project_Hv(b_hat+n)))"",""availability"":""AVAILABLE"",""acceleration"":[0.1,-0.03999671459627561,-0.0605742598416534],""provenance"":{""query_status"":""FINITE"",""map_input"":""REPRESENTED_GAUSSIAN_SPHERE_ONLY"",""reference_input"":false,""active_primitive_id"":936984,""active_primitive_center"":[1.0499999523162842,0.28999999165534973,1.8300000429153442],""normal_source"":""REPRESENTED_SPHERE_OUTWARD_NORMAL"",""frame_status"":""AVAILABLE""},""duplicate_of"":null}]",0,0,0,0,dcfc18b28185cb26e1a86bacfe8720ab6165cebf7cbe8c113144d3401387e5c7
ACTIVATED,G3,7c56b6586f783c1d7aeb172e595eebb0270c90a369cedef4bcf54a2dc6ebf8cc,"[1.0915219460768757,0.16695720874346553,1.8346889658162158]","[-0.041793345003217776,0.0,0.027446608414192303]","[0.4716522991657257,0.12523484230041504,2.2526073455810547]",8f0977d300d1500f616cbdf672c46986622e84ce42ea1cc643ca7c9344c40789,0,diagnostic,REPRESENTED_SPHERE_SURFACE_NEIGHBOR,0.0,ROUTE,0.05,0.0025,0.0025,936984,0.13689956878641946,0.2942480265571591,"[-0.05820665499678223,-0.1,0.0725533915858077]","[-0.02359811075820132,-0.0999999998636499,0.052689535452394444]",FINITE,0.000561662040699783,True,True,False,0.00042799580152023085,False,False,9,FAIL_CLOSED_CURRENT_CBF_INFEASIBLE,CERTIFIED_ALTERNATIVE_CONTROL,True,ALT-06-BRAKE-BIASED-OUTWARD,"[{""slot_index"":1,""candidate_id"":""ALT-01-OUTWARD"",""source"":""TASK_LOCAL_REPRESENTED_MAP_DIRECTIONAL_V1"",""formula"":""u_box(n)"",""availability"":""AVAILABLE"",""acceleration"":[0.03374598068895033,-0.1,0.0038108069322761104],""provenance"":{""query_status"":""FINITE"",""map_input"":""REPRESENTED_GAUSSIAN_SPHERE_ONLY"",""reference_input"":false,""active_primitive_id"":936984,""active_primitive_center"":[1.0499999523162842,0.28999999165534973,1.8300000429153442],""normal_source"":""REPRESENTED_SPHERE_OUTWARD_NORMAL"",""frame_status"":""AVAILABLE""},""duplicate_of"":null},{""slot_index"":2,""candidate_id"":""ALT-02-GOAL-TANGENT"",""source"":""TASK_LOCAL_REPRESENTED_MAP_DIRECTIONAL_V1"",""formula"":""u_box(t_g)"",""availability"":""AVAILABLE"",""acceleration"":[-0.09999999999999999,-0.030937135638559973,0.07370735648139218],""provenance"":{""query_status"":""FINITE"",""map_input"":""REPRESENTED_GAUSSIAN_SPHERE_ONLY"",""reference_input"":false,""active_primitive_id"":936984,""active_primitive_center"":[1.0499999523162842,0.28999999165534973,1.8300000429153442],""normal_source"":""REPRESENTED_SPHERE_OUTWARD_NORMAL"",""frame_status"":""AVAILABLE""},""duplicate_of"":null},{""slot_index"":3,""candidate_id"":""ALT-03-AUX-TANGENT-POS"",""source"":""TASK_LOCAL_REPRESENTED_MAP_DIRECTIONAL_V1"",""formula"":""u_box(t_a)"",""availability"":""AVAILABLE"",""acceleration"":[-0.06567219831788797,-0.02597253429463975,-0.1],""provenance"":{""query_status"":""FINITE"",""map_input"":""REPRESENTED_GAUSSIAN_SPHERE_ONLY"",""reference_input"":false,""active_primitive_id"":936984,""active_primitive_center"":[1.0499999523162842,0.28999999165534973,1.8300000429153442],""normal_source"":""REPRESENTED_SPHERE_OUTWARD_NORMAL"",""frame_status"":""AVAILABLE""},""duplicate_of"":null},{""slot_index"":4,""candidate_id"":""ALT-04-AUX-TANGENT-NEG"",""source"":""TASK_LOCAL_REPRESENTED_MAP_DIRECTIONAL_V1"",""formula"":""u_box(-t_a)"",""availability"":""AVAILABLE"",""acceleration"":[0.06567219831788797,0.02597253429463975,0.1],""provenance"":{""query_status"":""FINITE"",""map_input"":""REPRESENTED_GAUSSIAN_SPHERE_ONLY"",""reference_input"":false,""active_primitive_id"":936984,""active_primitive_center"":[1.0499999523162842,0.28999999165534973,1.8300000429153442],""normal_source"":""REPRESENTED_SPHERE_OUTWARD_NORMAL"",""frame_status"":""AVAILABLE""},""duplicate_of"":null},{""slot_index"":5,""candidate_id"":""ALT-05-BRAKE-BIASED-GOAL-TANGENT"",""source"":""TASK_LOCAL_REPRESENTED_MAP_DIRECTIONAL_V1"",""formula"":""u_box(normalize(project_Hv(b_hat+t_g)))"",""availability"":""AVAILABLE"",""acceleration"":[-0.030623681892459353,-0.1,-0.05436364151648848],""provenance"":{""query_status"":""FINITE"",""map_input"":""REPRESENTED_GAUSSIAN_SPHERE_ONLY"",""reference_input"":false,""active_primitive_id"":936984,""active_primitive_center"":[1.0499999523162842,0.28999999165534973,1.8300000429153442],""normal_source"":""REPRESENTED_SPHERE_OUTWARD_NORMAL"",""frame_status"":""AVAILABLE""},""duplicate_of"":null},{""slot_index"":6,""candidate_id"":""ALT-06-BRAKE-BIASED-OUTWARD"",""source"":""TASK_LOCAL_REPRESENTED_MAP_DIRECTIONAL_V1"",""formula"":""u_box(normalize(project_Hv(b_hat+n)))"",""availability"":""AVAILABLE"",""acceleration"":[0.1,-0.09223135587212535,-0.06536086555492834],""provenance"":{""query_status"":""FINITE"",""map_input"":""REPRESENTED_GAUSSIAN_SPHERE_ONLY"",""reference_input"":false,""active_primitive_id"":936984,""active_primitive_center"":[1.0499999523162842,0.28999999165534973,1.8300000429153442],""normal_source"":""REPRESENTED_SPHERE_OUTWARD_NORMAL"",""frame_status"":""AVAILABLE""},""duplicate_of"":null}]",0,0,0,0,cfa1bf1c2476a0ca6d23d8aded31b53045a77938ee811b69cb5e371b7b6ab0b6
ACTIVATED,G3,82a2aa2df6a37104f411ef6be80bbe8f7743c15975edc16f4661b1c8dc48bc12,"[1.0926561787430213,0.16986772191642666,1.833188156258321]","[-0.038740885384077245,-0.012991270535046881,0.028816153274561357]","[0.4716522991657257,0.12523484230041504,2.2526073455810547]",8f0977d300d1500f616cbdf672c46986622e84ce42ea1cc643ca7c9344c40789,0,diagnostic,REPRESENTED_SPHERE_SURFACE_NEIGHBOR,0.0,TANGENT_POS,0.05,0.0001,0.0,936984,0.13453626304669936,0.2942480265571591,"[-0.06125911461592276,-0.08700872946495312,0.07118384672543865]","[-0.06125911385675797,-0.08700873005954413,0.07118384657557343]",FINITE,2.2010000000001126e-05,True,True,False,2.2010000000001126e-05,False,False,9,FAIL_CLOSED_CURRENT_CBF_INFEASIBLE,CERTIFIED_ALTERNATIVE_CONTROL,True,ALT-01-OUTWARD,"[{""slot_index"":1,""candidate_id"":""ALT-01-OUTWARD"",""source"":""TASK_LOCAL_REPRESENTED_MAP_DIRECTIONAL_V1"",""formula"":""u_box(n)"",""availability"":""AVAILABLE"",""acceleration"":[0.03550771705174607,-0.1,0.0026538359342625456],""provenance"":{""query_status"":""FINITE"",""map_input"":""REPRESENTED_GAUSSIAN_SPHERE_ONLY"",""reference_input"":false,""active_primitive_id"":936984,""active_primitive_center"":[1.0499999523162842,0.28999999165534973,1.8300000429153442],""normal_source"":""REPRESENTED_SPHERE_OUTWARD_NORMAL"",""frame_status"":""AVAILABLE""},""duplicate_of"":null},{""slot_index"":2,""candidate_id"":""ALT-02-GOAL-TANGENT"",""source"":""TASK_LOCAL_REPRESENTED_MAP_DIRECTIONAL_V1"",""formula"":""u_box(t_g)"",""availability"":""AVAILABLE"",""acceleration"":[-0.10000000000000002,-0.033533747115615506,0.07438176228776898],""provenance"":{""query_status"":""FINITE"",""map_input"":""REPRESENTED_GAUSSIAN_SPHERE_ONLY"",""reference_input"":false,""active_primitive_id"":936984,""active_primitive_center"":[1.0499999523162842,0.28999999165534973,1.8300000429153442],""normal_source"":""REPRESENTED_SPHERE_OUTWARD_NORMAL"",""frame_status"":""AVAILABLE""},""duplicate_of"":null},{""slot_index"":3,""candidate_id"":""ALT-03-AUX-TANGENT-POS"",""source"":""TASK_LOCAL_REPRESENTED_MAP_DIRECTIONAL_V1"",""formula"":""u_box(t_a)"",""availability"":""AVAILABLE"",""acceleration"":[-0.06567219831788798,-0.025972534294639745,-0.1],""provenance"":{""query_status"":""FINITE"",""map_input"":""REPRESENTED_GAUSSIAN_SPHERE_ONLY"",""reference_input"":false,""active_primitive_id"":936984,""active_primitive_center"":[1.0499999523162842,0.28999999165534973,1.8300000429153442],""normal_source"":""REPRESENTED_SPHERE_OUTWARD_NORMAL"",""frame_status"":""AVAILABLE""},""duplicate_of"":null},{""slot_index"":4,""candidate_id"":""ALT-04-AUX-TANGENT-NEG"",""source"":""TASK_LOCAL_REPRESENTED_MAP_DIRECTIONAL_V1"",""formula"":""u_box(-t_a)"",""availability"":""AVAILABLE"",""acceleration"":[0.06567219831788798,0.025972534294639745,0.1],""provenance"":{""query_status"":""FINITE"",""map_input"":""REPRESENTED_GAUSSIAN_SPHERE_ONLY"",""reference_input"":false,""active_primitive_id"":936984,""active_primitive_center"":[1.0499999523162842,0.28999999165534973,1.8300000429153442],""normal_source"":""REPRESENTED_SPHERE_OUTWARD_NORMAL"",""frame_status"":""AVAILABLE""},""duplicate_of"":null},{""slot_index"":5,""candidate_id"":""ALT-05-BRAKE-BIASED-GOAL-TANGENT"",""source"":""TASK_LOCAL_REPRESENTED_MAP_DIRECTIONAL_V1"",""formula"":""u_box(normalize(project_Hv(b_hat+t_g)))"",""availability"":""AVAILABLE"",""acceleration"":[-0.042688733733500024,0.1,-0.0123081066330019],""provenance"":{""query_status"":""FINITE"",""map_input"":""REPRESENTED_GAUSSIAN_SPHERE_ONLY"",""reference_input"":false,""active_primitive_id"":936984,""active_primitive_center"":[1.0499999523162842,0.28999999165534973,1.8300000429153442],""normal_source"":""REPRESENTED_SPHERE_OUTWARD_NORMAL"",""frame_status"":""AVAILABLE""},""duplicate_of"":null},{""slot_index"":6,""candidate_id"":""ALT-06-BRAKE-BIASED-OUTWARD"",""source"":""TASK_LOCAL_REPRESENTED_MAP_DIRECTIONAL_V1"",""formula"":""u_box(normalize(project_Hv(b_hat+n)))"",""availability"":""AVAILABLE"",""acceleration"":[0.1,-0.03999671459627558,-0.0605742598416534],""provenance"":{""query_status"":""FINITE"",""map_input"":""REPRESENTED_GAUSSIAN_SPHERE_ONLY"",""reference_input"":false,""active_primitive_id"":936984,""active_primitive_center"":[1.0499999523162842,0.28999999165534973,1.8300000429153442],""normal_source"":""REPRESENTED_SPHERE_OUTWARD_NORMAL"",""frame_status"":""AVAILABLE""},""duplicate_of"":null}]",0,0,0,0,e36054c3159a5ff2dbb292826a8f3e4d935a6fc6e87be3041a76f1c1c4b4ce00
ACTIVATED,G3,97df0eb1377ece2a4b5cfea6cce2aeb4eb7da02735ac6fad7ad0a59fb30dedd6,"[1.0906856839903565,0.169312364624933,1.8346264638431253]","[-0.038740885384077245,-0.012991270535046881,0.028816153274561357]","[0.4716522991657257,0.12523484230041504,2.2526073455810547]",8f0977d300d1500f616cbdf672c46986622e84ce42ea1cc643ca7c9344c40789,0,diagnostic,REPRESENTED_SPHERE_SURFACE_NEIGHBOR,0.0,TANGENT_POS,0.05,0.0,0.0025,936984,0.1344096522891175,0.2942480265571591,"[-0.06125911461592276,-0.08700872946495312,0.07118384672543865]","[-0.06125911349237929,-0.08700873005575725,0.07118384650704669]",FINITE,5.39560300802204e-06,True,True,False,5.39560300802204e-06,False,False,9,FAIL_CLOSED_CURRENT_CBF_INFEASIBLE,CERTIFIED_ALTERNATIVE_CONTROL,True,ALT-01-OUTWARD,"[{""slot_index"":1,""candidate_id"":""ALT-01-OUTWARD"",""source"":""TASK_LOCAL_REPRESENTED_MAP_DIRECTIONAL_V1"",""formula"":""u_box(n)"",""availability"":""AVAILABLE"",""acceleration"":[0.0337116013258081,-0.1,0.003833384615819071],""provenance"":{""query_status"":""FINITE"",""map_input"":""REPRESENTED_GAUSSIAN_SPHERE_ONLY"",""reference_input"":false,""active_primitive_id"":936984,""active_primitive_center"":[1.0499999523162842,0.28999999165534973,1.8300000429153442],""normal_source"":""REPRESENTED_SPHERE_OUTWARD_NORMAL"",""frame_status"":""AVAILABLE""},""duplicate_of"":null},{""slot_index"":2,""candidate_id"":""ALT-02-GOAL-TANGENT"",""source"":""TASK_LOCAL_REPRESENTED_MAP_DIRECTIONAL_V1"",""formula"":""u_box(t_g)"",""availability"":""AVAILABLE"",""acceleration"":[-0.09999999999999999,-0.03088661783072579,0.07369423572642753],""provenance"":{""query_status"":""FINITE"",""map_input"":""REPRESENTED_GAUSSIAN_SPHERE_ONLY"",""reference_input"":false,""active_primitive_id"":936984,""active_primitive_center"":[1.0499999523162842,0.28999999165534973,1.8300000429153442],""normal_source"":""REPRESENTED_SPHERE_OUTWARD_NORMAL"",""frame_status"":""AVAILABLE""},""duplicate_of"":null},{""slot_index"":3,""candidate_id"":""ALT-03-AUX-TANGENT-POS"",""source"":""TASK_LOCAL_REPRESENTED_MAP_DIRECTIONAL_V1"",""formula"":""u_box(t_a)"",""availability"":""AVAILABLE"",""acceleration"":[-0.06567219831788804,-0.025972534294639537,-0.1],""provenance"":{""query_status"":""FINITE"",""map_input"":""REPRESENTED_GAUSSIAN_SPHERE_ONLY"",""reference_input"":false,""active_primitive_id"":936984,""active_primitive_center"":[1.0499999523162842,0.28999999165534973,1.8300000429153442],""normal_source"":""REPRESENTED_SPHERE_OUTWARD_NORMAL"",""frame_status"":""AVAILABLE""},""duplicate_of"":null},{""slot_index"":4,""candidate_id"":""ALT-04-AUX-TANGENT-NEG"",""source"":""TASK_LOCAL_REPRESENTED_MAP_DIRECTIONAL_V1"",""formula"":""u_box(-t_a)"",""availability"":""AVAILABLE"",""acceleration"":[0.06567219831788804,0.025972534294639537,0.1],""provenance"":{""query_status"":""FINITE"",""map_input"":""REPRESENTED_GAUSSIAN_SPHERE_ONLY"",""reference_input"":false,""active_primitive_id"":936984,""active_primitive_center"":[1.0499999523162842,0.28999999165534973,1.8300000429153442],""normal_source"":""REPRESENTED_SPHERE_OUTWARD_NORMAL"",""frame_status"":""AVAILABLE""},""duplicate_of"":null},{""slot_index"":5,""candidate_id"":""ALT-05-BRAKE-BIASED-GOAL-TANGENT"",""source"":""TASK_LOCAL_REPRESENTED_MAP_DIRECTIONAL_V1"",""formula"":""u_box(normalize(project_Hv(b_hat+t_g)))"",""availability"":""AVAILABLE"",""acceleration"":[-0.04231404324901686,0.1,-0.011804366908425927],""provenance"":{""query_status"":""FINITE"",""map_input"":""REPRESENTED_GAUSSIAN_SPHERE_ONLY"",""reference_input"":false,""active_primitive_id"":936984,""active_primitive_center"":[1.0499999523162842,0.28999999165534973,1.8300000429153442],""normal_source"":""REPRESENTED_SPHERE_OUTWARD_NORMAL"",""frame_status"":""AVAILABLE""},""duplicate_of"":null},{""slot_index"":6,""candidate_id"":""ALT-06-BRAKE-BIASED-OUTWARD"",""source"":""TASK_LOCAL_REPRESENTED_MAP_DIRECTIONAL_V1"",""formula"":""u_box(normalize(project_Hv(b_hat+n)))"",""availability"":""AVAILABLE"",""acceleration"":[0.1,-0.041225859460765096,-0.060345079593140574],""provenance"":{""query_status"":""FINITE"",""map_input"":""REPRESENTED_GAUSSIAN_SPHERE_ONLY"",""reference_input"":false,""active_primitive_id"":936984,""active_primitive_center"":[1.0499999523162842,0.28999999165534973,1.8300000429153442],""normal_source"":""REPRESENTED_SPHERE_OUTWARD_NORMAL"",""frame_status"":""AVAILABLE""},""duplicate_of"":null}]",0,0,0,0,d61a5ea48aaa9ab0afb6572623df6d21f25515c40b6e7b3861ecaf4bee9fa0ba
ACTIVATED,G3,a5e88a2990b0516c668ffe7c1a80ad05a324a6c77c3fcc5ea2873690b8ec9a59,"[1.0923582081633947,0.1646020528619981,1.834751467789306]","[-0.06269001750482665,0.0,0.041169912621288454]","[0.4716522991657257,0.12523484230041504,2.2526073455810547]",8f0977d300d1500f616cbdf672c46986622e84ce42ea1cc643ca7c9344c40789,0,diagnostic,REPRESENTED_SPHERE_SURFACE_NEIGHBOR,0.0,ROUTE,0.075,0.005,0.0025,936984,0.1393896213718507,0.2942480265571591,"[-0.03730998249517335,-0.1,0.05883008737871155]","[0.04669036222315886,-0.09999999999481599,-0.0054686114349930615]",FINITE,0.0011304278578979903,True,True,False,0.0009291141133994287,False,False,13,FAIL_CLOSED_CURRENT_CBF_INFEASIBLE,CERTIFIED_ALTERNATIVE_CONTROL,True,ALT-06-BRAKE-BIASED-OUTWARD,"[{""slot_index"":1,""candidate_id"":""ALT-01-OUTWARD"",""source"":""TASK_LOCAL_REPRESENTED_MAP_DIRECTIONAL_V1"",""formula"":""u_box(n)"",""availability"":""AVAILABLE"",""acceleration"":[0.03377906866309374,-0.1,0.0037890773322772136],""provenance"":{""query_status"":""FINITE"",""map_input"":""REPRESENTED_GAUSSIAN_SPHERE_ONLY"",""reference_input"":false,""active_primitive_id"":936984,""active_primitive_center"":[1.0499999523162842,0.28999999165534973,1.8300000429153442],""normal_source"":""REPRESENTED_SPHERE_OUTWARD_NORMAL"",""frame_status"":""AVAILABLE""},""duplicate_of"":null},{""slot_index"":2,""candidate_id"":""ALT-02-GOAL-TANGENT"",""source"":""TASK_LOCAL_REPRESENTED_MAP_DIRECTIONAL_V1"",""formula"":""u_box(t_g)"",""availability"":""AVAILABLE"",""acceleration"":[-0.09999999999999999,-0.030985761390969042,0.07371998582161264],""provenance"":{""query_status"":""FINITE"",""map_input"":""REPRESENTED_GAUSSIAN_SPHERE_ONLY"",""reference_input"":false,""active_primitive_id"":936984,""active_primitive_center"":[1.0499999523162842,0.28999999165534973,1.8300000429153442],""normal_source"":""REPRESENTED_SPHERE_OUTWARD_NORMAL"",""frame_status"":""AVAILABLE""},""duplicate_of"":null},{""slot_index"":3,""candidate_id"":""ALT-03-AUX-TANGENT-POS"",""source"":""TASK_LOCAL_REPRESENTED_MAP_DIRECTIONAL_V1"",""formula"":""u_box(t_a)"",""availability"":""AVAILABLE"",""acceleration"":[-0.065672198317888,-0.02597253429463969,-0.1],""provenance"":{""query_status"":""FINITE"",""map_input"":""REPRESENTED_GAUSSIAN_SPHERE_ONLY"",""reference_input"":false,""active_primitive_id"":936984,""active_primitive_center"":[1.0499999523162842,0.28999999165534973,1.8300000429153442],""normal_source"":""REPRESENTED_SPHERE_OUTWARD_NORMAL"",""frame_status"":""AVAILABLE""},""duplicate_of"":null},{""slot_index"":4,""candidate_id"":""ALT-04-AUX-TANGENT-NEG"",""source"":""TASK_LOCAL_REPRESENTED_MAP_DIRECTIONAL_V1"",""formula"":""u_box(-t_a)"",""availability"":""AVAILABLE"",""acceleration"":[0.065672198317888,0.02597253429463969,0.1],""provenance"":{""query_status"":""FINITE"",""map_input"":""REPRESENTED_GAUSSIAN_SPHERE_ONLY"",""reference_input"":false,""active_primitive_id"":936984,""active_primitive_center"":[1.0499999523162842,0.28999999165534973,1.8300000429153442],""normal_source"":""REPRESENTED_SPHERE_OUTWARD_NORMAL"",""frame_status"":""AVAILABLE""},""duplicate_of"":null},{""slot_index"":5,""candidate_id"":""ALT-05-BRAKE-BIASED-GOAL-TANGENT"",""source"":""TASK_LOCAL_REPRESENTED_MAP_DIRECTIONAL_V1"",""formula"":""u_box(normalize(project_Hv(b_hat+t_g)))"",""availability"":""AVAILABLE"",""acceleration"":[-0.030532196803332072,-0.1,-0.05428099802765505],""provenance"":{""query_status"":""FINITE"",""map_input"":""REPRESENTED_GAUSSIAN_SPHERE_ONLY"",""reference_input"":false,""active_primitive_id"":936984,""active_primitive_center"":[1.0499999523162842,0.28999999165534973,1.8300000429153442],""normal_source"":""REPRESENTED_SPHERE_OUTWARD_NORMAL"",""frame_status"":""AVAILABLE""},""duplicate_of"":null},{""slot_index"":6,""candidate_id"":""ALT-06-BRAKE-BIASED-OUTWARD"",""source"":""TASK_LOCAL_REPRESENTED_MAP_DIRECTIONAL_V1"",""formula"":""u_box(normalize(project_Hv(b_hat+n)))"",""availability"":""AVAILABLE"",""acceleration"":[0.1,-0.09219732954755527,-0.06536317263174116],""provenance"":{""query_status"":""FINITE"",""map_input"":""REPRESENTED_GAUSSIAN_SPHERE_ONLY"",""reference_input"":false,""active_primitive_id"":936984,""active_primitive_center"":[1.0499999523162842,0.28999999165534973,1.8300000429153442],""normal_source"":""REPRESENTED_SPHERE_OUTWARD_NORMAL"",""frame_status"":""AVAILABLE""},""duplicate_of"":null}]",0,0,0,0,bfb435181a0c8d00be0051da54c3b60dae91a996d3dcc33923dcc2df02f35598
ACTIVATED,G3,a74667ba81c1edd9d480bc2b1f993eafc102d9c2c15b630fb984eb6731e659c8,"[1.0910201888249642,0.168370302272346,1.8346514646323615]","[-0.025,0.0,0.0]","[0.4716522991657257,0.12523484230041504,2.2526073455810547]",8f0977d300d1500f616cbdf672c46986622e84ce42ea1cc643ca7c9344c40789,0,diagnostic,REPRESENTED_SPHERE_SURFACE_NEIGHBOR,0.0,AXIS_X_NEG,0.025,0.001,0.0025,936984,0.1354056020769799,0.2942480265571591,"[-0.07500000000000001,-0.1,0.1]","[-0.0749999992214738,-0.0999366324001954,0.09998794920984264]",FINITE,0.00022640225486231756,True,True,False,0.00013913183668812397,False,False,6,FAIL_CLOSED_CURRENT_CBF_INFEASIBLE,CERTIFIED_ALTERNATIVE_CONTROL,True,ALT-06-BRAKE-BIASED-OUTWARD,"[{""slot_index"":1,""candidate_id"":""ALT-01-OUTWARD"",""source"":""TASK_LOCAL_REPRESENTED_MAP_DIRECTIONAL_V1"",""formula"":""u_box(n)"",""availability"":""AVAILABLE"",""acceleration"":[0.03372551283881854,-0.1,0.0038242486194059525],""provenance"":{""query_status"":""FINITE"",""map_input"":""REPRESENTED_GAUSSIAN_SPHERE_ONLY"",""reference_input"":false,""active_primitive_id"":936984,""active_primitive_center"":[1.0499999523162842,0.28999999165534973,1.8300000429153442],""normal_source"":""REPRESENTED_SPHERE_OUTWARD_NORMAL"",""frame_status"":""AVAILABLE""},""duplicate_of"":null},{""slot_index"":2,""candidate_id"":""ALT-02-GOAL-TANGENT"",""source"":""TASK_LOCAL_REPRESENTED_MAP_DIRECTIONAL_V1"",""formula"":""u_box(t_g)"",""availability"":""AVAILABLE"",""acceleration"":[-0.1,-0.030907059013544777,0.07369954481964545],""provenance"":{""query_status"":""FINITE"",""map_input"":""REPRESENTED_GAUSSIAN_SPHERE_ONLY"",""reference_input"":false,""active_primitive_id"":936984,""active_primitive_center"":[1.0499999523162842,0.28999999165534973,1.8300000429153442],""normal_source"":""REPRESENTED_SPHERE_OUTWARD_NORMAL"",""frame_status"":""AVAILABLE""},""duplicate_of"":null},{""slot_index"":3,""candidate_id"":""ALT-03-AUX-TANGENT-POS"",""source"":""TASK_LOCAL_REPRESENTED_MAP_DIRECTIONAL_V1"",""formula"":""u_box(t_a)"",""availability"":""AVAILABLE"",""acceleration"":[-0.06567219831788801,-0.025972534294639648,-0.1],""provenance"":{""query_status"":""FINITE"",""map_input"":""REPRESENTED_GAUSSIAN_SPHERE_ONLY"",""reference_input"":false,""active_primitive_id"":936984,""active_primitive_center"":[1.0499999523162842,0.28999999165534973,1.8300000429153442],""normal_source"":""REPRESENTED_SPHERE_OUTWARD_NORMAL"",""frame_status"":""AVAILABLE""},""duplicate_of"":null},{""slot_index"":4,""candidate_id"":""ALT-04-AUX-TANGENT-NEG"",""source"":""TASK_LOCAL_REPRESENTED_MAP_DIRECTIONAL_V1"",""formula"":""u_box(-t_a)"",""availability"":""AVAILABLE"",""acceleration"":[0.06567219831788801,0.025972534294639648,0.1],""provenance"":{""query_status"":""FINITE"",""map_input"":""REPRESENTED_GAUSSIAN_SPHERE_ONLY"",""reference_input"":false,""active_primitive_id"":936984,""active_primitive_center"":[1.0499999523162842,0.28999999165534973,1.8300000429153442],""normal_source"":""REPRESENTED_SPHERE_OUTWARD_NORMAL"",""frame_status"":""AVAILABLE""},""duplicate_of"":null},{""slot_index"":5,""candidate_id"":""ALT-05-BRAKE-BIASED-GOAL-TANGENT"",""source"":""TASK_LOCAL_REPRESENTED_MAP_DIRECTIONAL_V1"",""formula"":""u_box(normalize(project_Hv(b_hat+t_g)))"",""availability"":""AVAILABLE"",""acceleration"":[0.03800730032191833,-0.04193656702925274,0.1],""provenance"":{""query_status"":""FINITE"",""map_input"":""REPRESENTED_GAUSSIAN_SPHERE_ONLY"",""reference_input"":false,""active_primitive_id"":936984,""active_primitive_center"":[1.0499999523162842,0.28999999165534973,1.8300000429153442],""normal_source"":""REPRESENTED_SPHERE_OUTWARD_NORMAL"",""frame_status"":""AVAILABLE""},""duplicate_of"":null},{""slot_index"":6,""candidate_id"":""ALT-06-BRAKE-BIASED-OUTWARD"",""source"":""TASK_LOCAL_REPRESENTED_MAP_DIRECTIONAL_V1"",""formula"":""u_box(normalize(project_Hv(b_hat+n)))"",""availability"":""AVAILABLE"",""acceleration"":[0.1,-0.07177271686018365,0.0027447671336357166],""provenance"":{""query_status"":""FINITE"",""map_input"":""REPRESENTED_GAUSSIAN_SPHERE_ONLY"",""reference_input"":false,""active_primitive_id"":936984,""active_primitive_center"":[1.0499999523162842,0.28999999165534973,1.8300000429153442],""normal_source"":""REPRESENTED_SPHERE_OUTWARD_NORMAL"",""frame_status"":""AVAILABLE""},""duplicate_of"":null}]",0,0,0,0,908328f3c1b2e7a939e268e857a66d7a47e7cc7d76abe137836fd1695fafb292
ACTIVATED,G3,b332b530e424ea4c9257af6a74719793223b910c91ea5e3a3cdcbdee80e79fbb,"[1.0908529364076605,0.1688413334486395,1.8346389642377434]","[-0.058111328076115853,-0.01948690580257032,0.043224229911842035]","[0.4716522991657257,0.12523484230041504,2.2526073455810547]",8f0977d300d1500f616cbdf672c46986622e84ce42ea1cc643ca7c9344c40789,0,diagnostic,REPRESENTED_SPHERE_SURFACE_NEIGHBOR,0.0,TANGENT_POS,0.075,0.0005,0.0025,936984,0.13490762433983625,0.2942480265571591,"[-0.04188867192388415,-0.08051309419742969,0.05677577008815797]","[-0.04188867178020679,-0.08051309335452791,0.05677577004526119]",FINITE,0.00011564894193142813,True,True,False,0.00011564894193142813,False,False,13,FAIL_CLOSED_CURRENT_CBF_INFEASIBLE,CERTIFIED_ALTERNATIVE_CONTROL,True,ALT-01-OUTWARD,"[{""slot_index"":1,""candidate_id"":""ALT-01-OUTWARD"",""source"":""TASK_LOCAL_REPRESENTED_MAP_DIRECTIONAL_V1"",""formula"":""u_box(n)"",""availability"":""AVAILABLE"",""acceleration"":[0.033718584124360726,-0.1,0.0038287988585055657],""provenance"":{""query_status"":""FINITE"",""map_input"":""REPRESENTED_GAUSSIAN_SPHERE_ONLY"",""reference_input"":false,""active_primitive_id"":936984,""active_primitive_center"":[1.0499999523162842,0.28999999165534973,1.8300000429153442],""normal_source"":""REPRESENTED_SPHERE_OUTWARD_NORMAL"",""frame_status"":""AVAILABLE""},""duplicate_of"":null},{""slot_index"":2,""candidate_id"":""ALT-02-GOAL-TANGENT"",""source"":""TASK_LOCAL_REPRESENTED_MAP_DIRECTIONAL_V1"",""formula"":""u_box(t_g)"",""availability"":""AVAILABLE"",""acceleration"":[-0.09999999999999999,-0.030896878036889203,0.07369690056199203],""provenance"":{""query_status"":""FINITE"",""map_input"":""REPRESENTED_GAUSSIAN_SPHERE_ONLY"",""reference_input"":false,""active_primitive_id"":936984,""active_primitive_center"":[1.0499999523162842,0.28999999165534973,1.8300000429153442],""normal_source"":""REPRESENTED_SPHERE_OUTWARD_NORMAL"",""frame_status"":""AVAILABLE""},""duplicate_of"":null},{""slot_index"":3,""candidate_id"":""ALT-03-AUX-TANGENT-POS"",""source"":""TASK_LOCAL_REPRESENTED_MAP_DIRECTIONAL_V1"",""formula"":""u_box(t_a)"",""availability"":""AVAILABLE"",""acceleration"":[-0.06567219831788801,-0.025972534294639648,-0.1],""provenance"":{""query_status"":""FINITE"",""map_input"":""REPRESENTED_GAUSSIAN_SPHERE_ONLY"",""reference_input"":false,""active_primitive_id"":936984,""active_primitive_center"":[1.0499999523162842,0.28999999165534973,1.8300000429153442],""normal_source"":""REPRESENTED_SPHERE_OUTWARD_NORMAL"",""frame_status"":""AVAILABLE""},""duplicate_of"":null},{""slot_index"":4,""candidate_id"":""ALT-04-AUX-TANGENT-NEG"",""source"":""TASK_LOCAL_REPRESENTED_MAP_DIRECTIONAL_V1"",""formula"":""u_box(-t_a)"",""availability"":""AVAILABLE"",""acceleration"":[0.06567219831788801,0.025972534294639648,0.1],""provenance"":{""query_status"":""FINITE"",""map_input"":""REPRESENTED_GAUSSIAN_SPHERE_ONLY"",""reference_input"":false,""active_primitive_id"":936984,""active_primitive_center"":[1.0499999523162842,0.28999999165534973,1.8300000429153442],""normal_source"":""REPRESENTED_SPHERE_OUTWARD_NORMAL"",""frame_status"":""AVAILABLE""},""duplicate_of"":null},{""slot_index"":5,""candidate_id"":""ALT-05-BRAKE-BIASED-GOAL-TANGENT"",""source"":""TASK_LOCAL_REPRESENTED_MAP_DIRECTIONAL_V1"",""formula"":""u_box(normalize(project_Hv(b_hat+t_g)))"",""availability"":""AVAILABLE"",""acceleration"":[-0.04231543112830531,0.1,-0.011806232794962835],""provenance"":{""query_status"":""FINITE"",""map_input"":""REPRESENTED_GAUSSIAN_SPHERE_ONLY"",""reference_input"":false,""active_primitive_id"":936984,""active_primitive_center"":[1.0499999523162842,0.28999999165534973,1.8300000429153442],""normal_source"":""REPRESENTED_SPHERE_OUTWARD_NORMAL"",""frame_status"":""AVAILABLE""},""duplicate_of"":null},{""slot_index"":6,""candidate_id"":""ALT-06-BRAKE-BIASED-OUTWARD"",""source"":""TASK_LOCAL_REPRESENTED_MAP_DIRECTIONAL_V1"",""formula"":""u_box(normalize(project_Hv(b_hat+n)))"",""availability"":""AVAILABLE"",""acceleration"":[0.1,-0.041221042712840515,-0.06034597127466338],""provenance"":{""query_status"":""FINITE"",""map_input"":""REPRESENTED_GAUSSIAN_SPHERE_ONLY"",""reference_input"":false,""active_primitive_id"":936984,""active_primitive_center"":[1.0499999523162842,0.28999999165534973,1.8300000429153442],""normal_source"":""REPRESENTED_SPHERE_OUTWARD_NORMAL"",""frame_status"":""AVAILABLE""},""duplicate_of"":null}]",0,0,0,0,75755d10b109f2f6917a09fe8dda3dc62f9a026b5d4964c9c8b4ae452f99f73f
ACTIVATED,G3,c74a038af3b8274d76e24337d0e102af72c1956279c2b94ed8fa5c275a215e84,"[1.0908529364076605,0.1688413334486395,1.8346389642377434]","[-0.038740885384077245,-0.012991270535046881,0.028816153274561357]","[0.4716522991657257,0.12523484230041504,2.2526073455810547]",8f0977d300d1500f616cbdf672c46986622e84ce42ea1cc643ca7c9344c40789,0,diagnostic,REPRESENTED_SPHERE_SURFACE_NEIGHBOR,0.0,TANGENT_POS,0.05,0.0005,0.0025,936984,0.13490762433983625,0.2942480265571591,"[-0.06125911461592276,-0.08700872946495312,0.07118384672543865]","[-0.06125911246148081,-0.08700873076247537,0.07118384620661013]",FINITE,0.00011564894193142813,True,True,False,0.00011564894193142813,False,False,9,FAIL_CLOSED_CURRENT_CBF_INFEASIBLE,CERTIFIED_ALTERNATIVE_CONTROL,True,ALT-01-OUTWARD,"[{""slot_index"":1,""candidate_id"":""ALT-01-OUTWARD"",""source"":""TASK_LOCAL_REPRESENTED_MAP_DIRECTIONAL_V1"",""formula"":""u_box(n)"",""availability"":""AVAILABLE"",""acceleration"":[0.033718584124360726,-0.1,0.0038287988585055657],""provenance"":{""query_status"":""FINITE"",""map_input"":""REPRESENTED_GAUSSIAN_SPHERE_ONLY"",""reference_input"":false,""active_primitive_id"":936984,""active_primitive_center"":[1.0499999523162842,0.28999999165534973,1.8300000429153442],""normal_source"":""REPRESENTED_SPHERE_OUTWARD_NORMAL"",""frame_status"":""AVAILABLE""},""duplicate_of"":null},{""slot_index"":2,""candidate_id"":""ALT-02-GOAL-TANGENT"",""source"":""TASK_LOCAL_REPRESENTED_MAP_DIRECTIONAL_V1"",""formula"":""u_box(t_g)"",""availability"":""AVAILABLE"",""acceleration"":[-0.09999999999999999,-0.030896878036889203,0.07369690056199203],""provenance"":{""query_status"":""FINITE"",""map_input"":""REPRESENTED_GAUSSIAN_SPHERE_ONLY"",""reference_input"":false,""active_primitive_id"":936984,""active_primitive_center"":[1.0499999523162842,0.28999999165534973,1.8300000429153442],""normal_source"":""REPRESENTED_SPHERE_OUTWARD_NORMAL"",""frame_status"":""AVAILABLE""},""duplicate_of"":null},{""slot_index"":3,""candidate_id"":""ALT-03-AUX-TANGENT-POS"",""source"":""TASK_LOCAL_REPRESENTED_MAP_DIRECTIONAL_V1"",""formula"":""u_box(t_a)"",""availability"":""AVAILABLE"",""acceleration"":[-0.06567219831788801,-0.025972534294639648,-0.1],""provenance"":{""query_status"":""FINITE"",""map_input"":""REPRESENTED_GAUSSIAN_SPHERE_ONLY"",""reference_input"":false,""active_primitive_id"":936984,""active_primitive_center"":[1.0499999523162842,0.28999999165534973,1.8300000429153442],""normal_source"":""REPRESENTED_SPHERE_OUTWARD_NORMAL"",""frame_status"":""AVAILABLE""},""duplicate_of"":null},{""slot_index"":4,""candidate_id"":""ALT-04-AUX-TANGENT-NEG"",""source"":""TASK_LOCAL_REPRESENTED_MAP_DIRECTIONAL_V1"",""formula"":""u_box(-t_a)"",""availability"":""AVAILABLE"",""acceleration"":[0.06567219831788801,0.025972534294639648,0.1],""provenance"":{""query_status"":""FINITE"",""map_input"":""REPRESENTED_GAUSSIAN_SPHERE_ONLY"",""reference_input"":false,""active_primitive_id"":936984,""active_primitive_center"":[1.0499999523162842,0.28999999165534973,1.8300000429153442],""normal_source"":""REPRESENTED_SPHERE_OUTWARD_NORMAL"",""frame_status"":""AVAILABLE""},""duplicate_of"":null},{""slot_index"":5,""candidate_id"":""ALT-05-BRAKE-BIASED-GOAL-TANGENT"",""source"":""TASK_LOCAL_REPRESENTED_MAP_DIRECTIONAL_V1"",""formula"":""u_box(normalize(project_Hv(b_hat+t_g)))"",""availability"":""AVAILABLE"",""acceleration"":[-0.042315431128305304,0.1,-0.011806232794962838],""provenance"":{""query_status"":""FINITE"",""map_input"":""REPRESENTED_GAUSSIAN_SPHERE_ONLY"",""reference_input"":false,""active_primitive_id"":936984,""active_primitive_center"":[1.0499999523162842,0.28999999165534973,1.8300000429153442],""normal_source"":""REPRESENTED_SPHERE_OUTWARD_NORMAL"",""frame_status"":""AVAILABLE""},""duplicate_of"":null},{""slot_index"":6,""candidate_id"":""ALT-06-BRAKE-BIASED-OUTWARD"",""source"":""TASK_LOCAL_REPRESENTED_MAP_DIRECTIONAL_V1"",""formula"":""u_box(normalize(project_Hv(b_hat+n)))"",""availability"":""AVAILABLE"",""acceleration"":[0.1,-0.041221042712840515,-0.06034597127466338],""provenance"":{""query_status"":""FINITE"",""map_input"":""REPRESENTED_GAUSSIAN_SPHERE_ONLY"",""reference_input"":false,""active_primitive_id"":936984,""active_primitive_center"":[1.0499999523162842,0.28999999165534973,1.8300000429153442],""normal_source"":""REPRESENTED_SPHERE_OUTWARD_NORMAL"",""frame_status"":""AVAILABLE""},""duplicate_of"":null}]",0,0,0,0,6f2348ab4e4a9f7a2b33b122c59b871554a1b37571565e3838c03bae35e1d6dd
ACTIVATED,G3,c84fd054dd4d1aba9c83cea797db8e42d7619a350bb20529b0b5217a9aee6ef4,"[1.0947270249460683,0.1701404605021442,1.8317573489102874]","[-0.038740885384077245,-0.012991270535046881,0.028816153274561357]","[0.4716522991657257,0.12523484230041504,2.2526073455810547]",8f0977d300d1500f616cbdf672c46986622e84ce42ea1cc643ca7c9344c40789,0,diagnostic,REPRESENTED_SPHERE_SURFACE_NEIGHBOR,0.0,TANGENT_POS,0.05,0.0005,-0.0025,936984,0.13499952216597771,0.2942480265571591,"[-0.06125911461592276,-0.08700872946495312,0.07118384672543865]","[-0.061259113822500086,-0.08700873006455183,0.0711838465637841]",FINITE,0.00011564894193144028,True,True,False,0.00011025000000000444,False,False,9,FAIL_CLOSED_CURRENT_CBF_INFEASIBLE,CERTIFIED_ALTERNATIVE_CONTROL,True,ALT-01-OUTWARD,"[{""slot_index"":1,""candidate_id"":""ALT-01-OUTWARD"",""source"":""TASK_LOCAL_REPRESENTED_MAP_DIRECTIONAL_V1"",""formula"":""u_box(n)"",""availability"":""AVAILABLE"",""acceleration"":[0.03731624193708351,-0.1,0.0014661378849354634],""provenance"":{""query_status"":""FINITE"",""map_input"":""REPRESENTED_GAUSSIAN_SPHERE_ONLY"",""reference_input"":false,""active_primitive_id"":936984,""active_primitive_center"":[1.0499999523162842,0.28999999165534973,1.8300000429153442],""normal_source"":""REPRESENTED_SPHERE_OUTWARD_NORMAL"",""frame_status"":""AVAILABLE""},""duplicate_of"":null},{""slot_index"":2,""candidate_id"":""ALT-02-GOAL-TANGENT"",""source"":""TASK_LOCAL_REPRESENTED_MAP_DIRECTIONAL_V1"",""formula"":""u_box(t_g)"",""availability"":""AVAILABLE"",""acceleration"":[-0.09999999999999999,-0.036215490843880586,0.07507827909728698],""provenance"":{""query_status"":""FINITE"",""map_input"":""REPRESENTED_GAUSSIAN_SPHERE_ONLY"",""reference_input"":false,""active_primitive_id"":936984,""active_primitive_center"":[1.0499999523162842,0.28999999165534973,1.8300000429153442],""normal_source"":""REPRESENTED_SPHERE_OUTWARD_NORMAL"",""frame_status"":""AVAILABLE""},""duplicate_of"":null},{""slot_index"":3,""candidate_id"":""ALT-03-AUX-TANGENT-POS"",""source"":""TASK_LOCAL_REPRESENTED_MAP_DIRECTIONAL_V1"",""formula"":""u_box(t_a)"",""availability"":""AVAILABLE"",""acceleration"":[-0.06567219831788798,-0.02597253429463982,-0.1],""provenance"":{""query_status"":""FINITE"",""map_input"":""REPRESENTED_GAUSSIAN_SPHERE_ONLY"",""reference_input"":false,""active_primitive_id"":936984,""active_primitive_center"":[1.0499999523162842,0.28999999165534973,1.8300000429153442],""normal_source"":""REPRESENTED_SPHERE_OUTWARD_NORMAL"",""frame_status"":""AVAILABLE""},""duplicate_of"":null},{""slot_index"":4,""candidate_id"":""ALT-04-AUX-TANGENT-NEG"",""source"":""TASK_LOCAL_REPRESENTED_MAP_DIRECTIONAL_V1"",""formula"":""u_box(-t_a)"",""availability"":""AVAILABLE"",""acceleration"":[0.06567219831788798,0.02597253429463982,0.1],""provenance"":{""query_status"":""FINITE"",""map_input"":""REPRESENTED_GAUSSIAN_SPHERE_ONLY"",""reference_input"":false,""active_primitive_id"":936984,""active_primitive_center"":[1.0499999523162842,0.28999999165534973,1.8300000429153442],""normal_source"":""REPRESENTED_SPHERE_OUTWARD_NORMAL"",""frame_status"":""AVAILABLE""},""duplicate_of"":null},{""slot_index"":5,""candidate_id"":""ALT-05-BRAKE-BIASED-GOAL-TANGENT"",""source"":""TASK_LOCAL_REPRESENTED_MAP_DIRECTIONAL_V1"",""formula"":""u_box(normalize(project_Hv(b_hat+t_g)))"",""availability"":""AVAILABLE"",""acceleration"":[-0.043105351826261955,0.1,-0.012868214487330642],""provenance"":{""query_status"":""FINITE"",""map_input"":""REPRESENTED_GAUSSIAN_SPHERE_ONLY"",""reference_input"":false,""active_primitive_id"":936984,""active_primitive_center"":[1.0499999523162842,0.28999999165534973,1.8300000429153442],""normal_source"":""REPRESENTED_SPHERE_OUTWARD_NORMAL"",""frame_status"":""AVAILABLE""},""duplicate_of"":null},{""slot_index"":6,""candidate_id"":""ALT-06-BRAKE-BIASED-OUTWARD"",""source"":""TASK_LOCAL_REPRESENTED_MAP_DIRECTIONAL_V1"",""formula"":""u_box(normalize(project_Hv(b_hat+n)))"",""availability"":""AVAILABLE"",""acceleration"":[0.1,-0.03877908520071288,-0.060804467718593526],""provenance"":{""query_status"":""FINITE"",""map_input"":""REPRESENTED_GAUSSIAN_SPHERE_ONLY"",""reference_input"":false,""active_primitive_id"":936984,""active_primitive_center"":[1.0499999523162842,0.28999999165534973,1.8300000429153442],""normal_source"":""REPRESENTED_SPHERE_OUTWARD_NORMAL"",""frame_status"":""AVAILABLE""},""duplicate_of"":null}]",0,0,0,0,bab8dbc83b285e8bda24a4d2a3e2edb5c73991e1f4f3e15394665e2d6dafaff5
ACTIVATED,G3,cb774c833377da2918acbff4ac6c151849ee0e5e585802aadc861ca0c97abef2,"[1.0910201888249642,0.168370302272346,1.8346514646323615]","[-0.058111328076115853,-0.01948690580257032,0.043224229911842035]","[0.4716522991657257,0.12523484230041504,2.2526073455810547]",8f0977d300d1500f616cbdf672c46986622e84ce42ea1cc643ca7c9344c40789,0,diagnostic,REPRESENTED_SPHERE_SURFACE_NEIGHBOR,0.0,TANGENT_POS,0.075,0.001,0.0025,936984,0.1354056020769799,0.2942480265571591,"[-0.04188867192388415,-0.08051309419742969,0.05677577008815797]","[-0.04188867051454994,-0.08051307272979613,0.05677577026714741]",FINITE,0.00022640225486231756,True,True,False,0.00022640225486231756,False,False,13,FAIL_CLOSED_CURRENT_CBF_INFEASIBLE,CERTIFIED_ALTERNATIVE_CONTROL,True,ALT-01-OUTWARD,"[{""slot_index"":1,""candidate_id"":""ALT-01-OUTWARD"",""source"":""TASK_LOCAL_REPRESENTED_MAP_DIRECTIONAL_V1"",""formula"":""u_box(n)"",""availability"":""AVAILABLE"",""acceleration"":[0.03372551283881854,-0.1,0.0038242486194059525],""provenance"":{""query_status"":""FINITE"",""map_input"":""REPRESENTED_GAUSSIAN_SPHERE_ONLY"",""reference_input"":false,""active_primitive_id"":936984,""active_primitive_center"":[1.0499999523162842,0.28999999165534973,1.8300000429153442],""normal_source"":""REPRESENTED_SPHERE_OUTWARD_NORMAL"",""frame_status"":""AVAILABLE""},""duplicate_of"":null},{""slot_index"":2,""candidate_id"":""ALT-02-GOAL-TANGENT"",""source"":""TASK_LOCAL_REPRESENTED_MAP_DIRECTIONAL_V1"",""formula"":""u_box(t_g)"",""availability"":""AVAILABLE"",""acceleration"":[-0.1,-0.030907059013544777,0.07369954481964545],""provenance"":{""query_status"":""FINITE"",""map_input"":""REPRESENTED_GAUSSIAN_SPHERE_ONLY"",""reference_input"":false,""active_primitive_id"":936984,""active_primitive_center"":[1.0499999523162842,0.28999999165534973,1.8300000429153442],""normal_source"":""REPRESENTED_SPHERE_OUTWARD_NORMAL"",""frame_status"":""AVAILABLE""},""duplicate_of"":null},{""slot_index"":3,""candidate_id"":""ALT-03-AUX-TANGENT-POS"",""source"":""TASK_LOCAL_REPRESENTED_MAP_DIRECTIONAL_V1"",""formula"":""u_box(t_a)"",""availability"":""AVAILABLE"",""acceleration"":[-0.06567219831788801,-0.025972534294639648,-0.1],""provenance"":{""query_status"":""FINITE"",""map_input"":""REPRESENTED_GAUSSIAN_SPHERE_ONLY"",""reference_input"":false,""active_primitive_id"":936984,""active_primitive_center"":[1.0499999523162842,0.28999999165534973,1.8300000429153442],""normal_source"":""REPRESENTED_SPHERE_OUTWARD_NORMAL"",""frame_status"":""AVAILABLE""},""duplicate_of"":null},{""slot_index"":4,""candidate_id"":""ALT-04-AUX-TANGENT-NEG"",""source"":""TASK_LOCAL_REPRESENTED_MAP_DIRECTIONAL_V1"",""formula"":""u_box(-t_a)"",""availability"":""AVAILABLE"",""acceleration"":[0.06567219831788801,0.025972534294639648,0.1],""provenance"":{""query_status"":""FINITE"",""map_input"":""REPRESENTED_GAUSSIAN_SPHERE_ONLY"",""reference_input"":false,""active_primitive_id"":936984,""active_primitive_center"":[1.0499999523162842,0.28999999165534973,1.8300000429153442],""normal_source"":""REPRESENTED_SPHERE_OUTWARD_NORMAL"",""frame_status"":""AVAILABLE""},""duplicate_of"":null},{""slot_index"":5,""candidate_id"":""ALT-05-BRAKE-BIASED-GOAL-TANGENT"",""source"":""TASK_LOCAL_REPRESENTED_MAP_DIRECTIONAL_V1"",""formula"":""u_box(normalize(project_Hv(b_hat+t_g)))"",""availability"":""AVAILABLE"",""acceleration"":[-0.042316808765984856,0.1,-0.011808084912521187],""provenance"":{""query_status"":""FINITE"",""map_input"":""REPRESENTED_GAUSSIAN_SPHERE_ONLY"",""reference_input"":false,""active_primitive_id"":936984,""active_primitive_center"":[1.0499999523162842,0.28999999165534973,1.8300000429153442],""normal_source"":""REPRESENTED_SPHERE_OUTWARD_NORMAL"",""frame_status"":""AVAILABLE""},""duplicate_of"":null},{""slot_index"":6,""candidate_id"":""ALT-06-BRAKE-BIASED-OUTWARD"",""source"":""TASK_LOCAL_REPRESENTED_MAP_DIRECTIONAL_V1"",""formula"":""u_box(normalize(project_Hv(b_hat+n)))"",""availability"":""AVAILABLE"",""acceleration"":[0.1,-0.04121626356603829,-0.060346856045952524],""provenance"":{""query_status"":""FINITE"",""map_input"":""REPRESENTED_GAUSSIAN_SPHERE_ONLY"",""reference_input"":false,""active_primitive_id"":936984,""active_primitive_center"":[1.0499999523162842,0.28999999165534973,1.8300000429153442],""normal_source"":""REPRESENTED_SPHERE_OUTWARD_NORMAL"",""frame_status"":""AVAILABLE""},""duplicate_of"":null}]",0,0,0,0,08b525cb9a4a06a1e13a08117e88fb995f384ffafb45dccd4496453f8660bdbf
ACTIVATED,G3,e0e82c1541d35cbd4aae599b105e6ed9108c03ab76f45f6c4eb93c45cd8331b2,"[1.0906789938936645,0.16933120587198472,1.8346259638273408]","[-0.038740885384077245,-0.012991270535046881,0.028816153274561357]","[0.4716522991657257,0.12523484230041504,2.2526073455810547]",8f0977d300d1500f616cbdf672c46986622e84ce42ea1cc643ca7c9344c40789,0,diagnostic,REPRESENTED_SPHERE_SURFACE_NEIGHBOR,0.0,TANGENT_POS,0.05,-2e-05,0.0025,936984,0.13438973352626057,0.2942480265571591,"[-0.06125911461592276,-0.08700872946495312,0.07118384672543865]","[-0.06125911349781421,-0.08700873005945181,0.07118384650806299]",FINITE,9.9586890613991e-07,True,True,False,9.9586890613991e-07,False,False,9,FAIL_CLOSED_CURRENT_CBF_INFEASIBLE,CERTIFIED_ALTERNATIVE_CONTROL,True,ALT-01-OUTWARD,"[{""slot_index"":1,""candidate_id"":""ALT-01-OUTWARD"",""source"":""TASK_LOCAL_REPRESENTED_MAP_DIRECTIONAL_V1"",""formula"":""u_box(n)"",""availability"":""AVAILABLE"",""acceleration"":[0.033711320879958845,-0.1,0.003833568790773606],""provenance"":{""query_status"":""FINITE"",""map_input"":""REPRESENTED_GAUSSIAN_SPHERE_ONLY"",""reference_input"":false,""active_primitive_id"":936984,""active_primitive_center"":[1.0499999523162842,0.28999999165534973,1.8300000429153442],""normal_source"":""REPRESENTED_SPHERE_OUTWARD_NORMAL"",""frame_status"":""AVAILABLE""},""duplicate_of"":null},{""slot_index"":2,""candidate_id"":""ALT-02-GOAL-TANGENT"",""source"":""TASK_LOCAL_REPRESENTED_MAP_DIRECTIONAL_V1"",""formula"":""u_box(t_g)"",""availability"":""AVAILABLE"",""acceleration"":[-0.10000000000000002,-0.030886205761422304,0.0736941287015864],""provenance"":{""query_status"":""FINITE"",""map_input"":""REPRESENTED_GAUSSIAN_SPHERE_ONLY"",""reference_input"":false,""active_primitive_id"":936984,""active_primitive_center"":[1.0499999523162842,0.28999999165534973,1.8300000429153442],""normal_source"":""REPRESENTED_SPHERE_OUTWARD_NORMAL"",""frame_status"":""AVAILABLE""},""duplicate_of"":null},{""slot_index"":3,""candidate_id"":""ALT-03-AUX-TANGENT-POS"",""source"":""TASK_LOCAL_REPRESENTED_MAP_DIRECTIONAL_V1"",""formula"":""u_box(t_a)"",""availability"":""AVAILABLE"",""acceleration"":[-0.06567219831788797,-0.02597253429463976,-0.1],""provenance"":{""query_status"":""FINITE"",""map_input"":""REPRESENTED_GAUSSIAN_SPHERE_ONLY"",""reference_input"":false,""active_primitive_id"":936984,""active_primitive_center"":[1.0499999523162842,0.28999999165534973,1.8300000429153442],""normal_source"":""REPRESENTED_SPHERE_OUTWARD_NORMAL"",""frame_status"":""AVAILABLE""},""duplicate_of"":null},{""slot_index"":4,""candidate_id"":""ALT-04-AUX-TANGENT-NEG"",""source"":""TASK_LOCAL_REPRESENTED_MAP_DIRECTIONAL_V1"",""formula"":""u_box(-t_a)"",""availability"":""AVAILABLE"",""acceleration"":[0.06567219831788797,0.02597253429463976,0.1],""provenance"":{""query_status"":""FINITE"",""map_input"":""REPRESENTED_GAUSSIAN_SPHERE_ONLY"",""reference_input"":false,""active_primitive_id"":936984,""active_primitive_center"":[1.0499999523162842,0.28999999165534973,1.8300000429153442],""normal_source"":""REPRESENTED_SPHERE_OUTWARD_NORMAL"",""frame_status"":""AVAILABLE""},""duplicate_of"":null},{""slot_index"":5,""candidate_id"":""ALT-05-BRAKE-BIASED-GOAL-TANGENT"",""source"":""TASK_LOCAL_REPRESENTED_MAP_DIRECTIONAL_V1"",""formula"":""u_box(normalize(project_Hv(b_hat+t_g)))"",""availability"":""AVAILABLE"",""acceleration"":[-0.042313987519204614,0.1,-0.011804291984398134],""provenance"":{""query_status"":""FINITE"",""map_input"":""REPRESENTED_GAUSSIAN_SPHERE_ONLY"",""reference_input"":false,""active_primitive_id"":936984,""active_primitive_center"":[1.0499999523162842,0.28999999165534973,1.8300000429153442],""normal_source"":""REPRESENTED_SPHERE_OUTWARD_NORMAL"",""frame_status"":""AVAILABLE""},""duplicate_of"":null},{""slot_index"":6,""candidate_id"":""ALT-06-BRAKE-BIASED-OUTWARD"",""source"":""TASK_LOCAL_REPRESENTED_MAP_DIRECTIONAL_V1"",""formula"":""u_box(normalize(project_Hv(b_hat+n)))"",""availability"":""AVAILABLE"",""acceleration"":[0.1,-0.041226052919062214,-0.06034504378100162],""provenance"":{""query_status"":""FINITE"",""map_input"":""REPRESENTED_GAUSSIAN_SPHERE_ONLY"",""reference_input"":false,""active_primitive_id"":936984,""active_primitive_center"":[1.0499999523162842,0.28999999165534973,1.8300000429153442],""normal_source"":""REPRESENTED_SPHERE_OUTWARD_NORMAL"",""frame_status"":""AVAILABLE""},""duplicate_of"":null}]",0,0,0,0,1956000ed166adabb00089e7401148859ec93616cd2e6d3edbc1fc57afbb2012
ACTIVATED,G4,00619bcd6efa2989828365795b5767914d3ce6dc3b13640afe0a650bb54be649,"[1.0945530824320724,0.17063033292548943,1.8317443484998848]","[0.0,0.0,0.0]","[0.4716522991657257,0.12523484230041504,2.2526073455810547]",8f0977d300d1500f616cbdf672c46986622e84ce42ea1cc643ca7c9344c40789,0,diagnostic,REPRESENTED_SPHERE_SURFACE_NEIGHBOR,0.0,ZERO,0.0,-2e-05,-0.0025,936984,0.1344823372554296,0.2942480265571591,"[-0.1,-0.1,0.1]","[-0.09999926086742866,-0.09994932850143125,0.09999129343643495]",FINITE,9.9586890613991e-07,True,True,False,9.9586890613991e-07,True,True,1,,,False,,"[{""slot_index"":1,""candidate_id"":""ALT-01-OUTWARD"",""source"":""TASK_LOCAL_REPRESENTED_MAP_DIRECTIONAL_V1"",""formula"":""u_box(n)"",""availability"":""AVAILABLE"",""acceleration"":[0.037323663810260393,-0.1,0.0014612637776639558],""provenance"":{""query_status"":""FINITE"",""map_input"":""REPRESENTED_GAUSSIAN_SPHERE_ONLY"",""reference_input"":false,""active_primitive_id"":936984,""active_primitive_center"":[1.0499999523162842,0.28999999165534973,1.8300000429153442],""normal_source"":""REPRESENTED_SPHERE_OUTWARD_NORMAL"",""frame_status"":""AVAILABLE""},""duplicate_of"":null},{""slot_index"":2,""candidate_id"":""ALT-02-GOAL-TANGENT"",""source"":""TASK_LOCAL_REPRESENTED_MAP_DIRECTIONAL_V1"",""formula"":""u_box(t_g)"",""availability"":""AVAILABLE"",""acceleration"":[-0.10000000000000002,-0.036226530215496364,0.07508114630186583],""provenance"":{""query_status"":""FINITE"",""map_input"":""REPRESENTED_GAUSSIAN_SPHERE_ONLY"",""reference_input"":false,""active_primitive_id"":936984,""active_primitive_center"":[1.0499999523162842,0.28999999165534973,1.8300000429153442],""normal_source"":""REPRESENTED_SPHERE_OUTWARD_NORMAL"",""frame_status"":""AVAILABLE""},""duplicate_of"":null},{""slot_index"":3,""candidate_id"":""ALT-03-AUX-TANGENT-POS"",""source"":""TASK_LOCAL_REPRESENTED_MAP_DIRECTIONAL_V1"",""formula"":""u_box(t_a)"",""availability"":""AVAILABLE"",""acceleration"":[-0.06567219831788793,-0.02597253429463993,-0.1],""provenance"":{""query_status"":""FINITE"",""map_input"":""REPRESENTED_GAUSSIAN_SPHERE_ONLY"",""reference_input"":false,""active_primitive_id"":936984,""active_primitive_center"":[1.0499999523162842,0.28999999165534973,1.8300000429153442],""normal_source"":""REPRESENTED_SPHERE_OUTWARD_NORMAL"",""frame_status"":""AVAILABLE""},""duplicate_of"":null},{""slot_index"":4,""candidate_id"":""ALT-04-AUX-TANGENT-NEG"",""source"":""TASK_LOCAL_REPRESENTED_MAP_DIRECTIONAL_V1"",""formula"":""u_box(-t_a)"",""availability"":""AVAILABLE"",""acceleration"":[0.06567219831788793,0.02597253429463993,0.1],""provenance"":{""query_status"":""FINITE"",""map_input"":""REPRESENTED_GAUSSIAN_SPHERE_ONLY"",""reference_input"":false,""active_primitive_id"":936984,""active_primitive_center"":[1.0499999523162842,0.28999999165534973,1.8300000429153442],""normal_source"":""REPRESENTED_SPHERE_OUTWARD_NORMAL"",""frame_status"":""AVAILABLE""},""duplicate_of"":null},{""slot_index"":5,""candidate_id"":""ALT-05-BRAKE-BIASED-GOAL-TANGENT"",""source"":""TASK_LOCAL_REPRESENTED_MAP_DIRECTIONAL_V1"",""formula"":""u_box(normalize(project_Hv(b_hat+t_g)))"",""availability"":""BRAKING_DIRECTION_UNAVAILABLE"",""acceleration"":null,""provenance"":{""query_status"":""FINITE"",""map_input"":""REPRESENTED_GAUSSIAN_SPHERE_ONLY"",""reference_input"":false,""active_primitive_id"":936984,""active_primitive_center"":[1.0499999523162842,0.28999999165534973,1.8300000429153442],""normal_source"":""REPRESENTED_SPHERE_OUTWARD_NORMAL"",""frame_status"":""AVAILABLE""},""duplicate_of"":null},{""slot_index"":6,""candidate_id"":""ALT-06-BRAKE-BIASED-OUTWARD"",""source"":""TASK_LOCAL_REPRESENTED_MAP_DIRECTIONAL_V1"",""formula"":""u_box(normalize(project_Hv(b_hat+n)))"",""availability"":""BRAKING_DIRECTION_UNAVAILABLE"",""acceleration"":null,""provenance"":{""query_status"":""FINITE"",""map_input"":""REPRESENTED_GAUSSIAN_SPHERE_ONLY"",""reference_input"":false,""active_primitive_id"":936984,""active_primitive_center"":[1.0499999523162842,0.28999999165534973,1.8300000429153442],""normal_source"":""REPRESENTED_SPHERE_OUTWARD_NORMAL"",""frame_status"":""AVAILABLE""},""duplicate_of"":null}]",0,0,0,0,7df64c3021bddb8576efd526edc35ace5649a68908884209bf1c5090eea88d82
ACTIVATED,G4,05e57219769a6f097a56347ddcd2704a1c1ec1ce9bbae97c82588def134d7d84,"[1.094894277363372,0.16966942932585072,1.8317698493049055]","[0.0,0.0,0.0]","[0.4716522991657257,0.12523484230041504,2.2526073455810547]",8f0977d300d1500f616cbdf672c46986622e84ce42ea1cc643ca7c9344c40789,0,diagnostic,REPRESENTED_SPHERE_SURFACE_NEIGHBOR,0.0,ZERO,0.0,0.001,-0.0025,936984,0.13549682136350993,0.2942480265571591,"[-0.1,-0.1,0.1]","[-0.09999892857517795,-0.0999467262996728,0.09998800601045732]",FINITE,0.00022640225486232277,True,True,False,0.00022640225486232277,True,True,1,,,False,,"[{""slot_index"":1,""candidate_id"":""ALT-01-OUTWARD"",""source"":""TASK_LOCAL_REPRESENTED_MAP_DIRECTIONAL_V1"",""formula"":""u_box(n)"",""availability"":""AVAILABLE"",""acceleration"":[0.03730916250865227,-0.1,0.0014707871012145924],""provenance"":{""query_status"":""FINITE"",""map_input"":""REPRESENTED_GAUSSIAN_SPHERE_ONLY"",""reference_input"":false,""active_primitive_id"":936984,""active_primitive_center"":[1.0499999523162842,0.28999999165534973,1.8300000429153442],""normal_source"":""REPRESENTED_SPHERE_OUTWARD_NORMAL"",""frame_status"":""AVAILABLE""},""duplicate_of"":null},{""slot_index"":2,""candidate_id"":""ALT-02-GOAL-TANGENT"",""source"":""TASK_LOCAL_REPRESENTED_MAP_DIRECTIONAL_V1"",""formula"":""u_box(t_g)"",""availability"":""AVAILABLE"",""acceleration"":[-0.1,-0.03620496108761647,0.07507554425273015],""provenance"":{""query_status"":""FINITE"",""map_input"":""REPRESENTED_GAUSSIAN_SPHERE_ONLY"",""reference_input"":false,""active_primitive_id"":936984,""active_primitive_center"":[1.0499999523162842,0.28999999165534973,1.8300000429153442],""normal_source"":""REPRESENTED_SPHERE_OUTWARD_NORMAL"",""frame_status"":""AVAILABLE""},""duplicate_of"":null},{""slot_index"":3,""candidate_id"":""ALT-03-AUX-TANGENT-POS"",""source"":""TASK_LOCAL_REPRESENTED_MAP_DIRECTIONAL_V1"",""formula"":""u_box(t_a)"",""availability"":""AVAILABLE"",""acceleration"":[-0.06567219831788795,-0.025972534294639818,-0.1],""provenance"":{""query_status"":""FINITE"",""map_input"":""REPRESENTED_GAUSSIAN_SPHERE_ONLY"",""reference_input"":false,""active_primitive_id"":936984,""active_primitive_center"":[1.0499999523162842,0.28999999165534973,1.8300000429153442],""normal_source"":""REPRESENTED_SPHERE_OUTWARD_NORMAL"",""frame_status"":""AVAILABLE""},""duplicate_of"":null},{""slot_index"":4,""candidate_id"":""ALT-04-AUX-TANGENT-NEG"",""source"":""TASK_LOCAL_REPRESENTED_MAP_DIRECTIONAL_V1"",""formula"":""u_box(-t_a)"",""availability"":""AVAILABLE"",""acceleration"":[0.06567219831788795,0.025972534294639818,0.1],""provenance"":{""query_status"":""FINITE"",""map_input"":""REPRESENTED_GAUSSIAN_SPHERE_ONLY"",""reference_input"":false,""active_primitive_id"":936984,""active_primitive_center"":[1.0499999523162842,0.28999999165534973,1.8300000429153442],""normal_source"":""REPRESENTED_SPHERE_OUTWARD_NORMAL"",""frame_status"":""AVAILABLE""},""duplicate_of"":null},{""slot_index"":5,""candidate_id"":""ALT-05-BRAKE-BIASED-GOAL-TANGENT"",""source"":""TASK_LOCAL_REPRESENTED_MAP_DIRECTIONAL_V1"",""formula"":""u_box(normalize(project_Hv(b_hat+t_g)))"",""availability"":""BRAKING_DIRECTION_UNAVAILABLE"",""acceleration"":null,""provenance"":{""query_status"":""FINITE"",""map_input"":""REPRESENTED_GAUSSIAN_SPHERE_ONLY"",""reference_input"":false,""active_primitive_id"":936984,""active_primitive_center"":[1.0499999523162842,0.28999999165534973,1.8300000429153442],""normal_source"":""REPRESENTED_SPHERE_OUTWARD_NORMAL"",""frame_status"":""AVAILABLE""},""duplicate_of"":null},{""slot_index"":6,""candidate_id"":""ALT-06-BRAKE-BIASED-OUTWARD"",""source"":""TASK_LOCAL_REPRESENTED_MAP_DIRECTIONAL_V1"",""formula"":""u_box(normalize(project_Hv(b_hat+n)))"",""availability"":""BRAKING_DIRECTION_UNAVAILABLE"",""acceleration"":null,""provenance"":{""query_status"":""FINITE"",""map_input"":""REPRESENTED_GAUSSIAN_SPHERE_ONLY"",""reference_input"":false,""active_primitive_id"":936984,""active_primitive_center"":[1.0499999523162842,0.28999999165534973,1.8300000429153442],""normal_source"":""REPRESENTED_SPHERE_OUTWARD_NORMAL"",""frame_status"":""AVAILABLE""},""duplicate_of"":null}]",0,0,0,0,27932191d8117e518d95334f92528695bf38dedcd0a1916775fccc15a77ee7e2
ACTIVATED,G4,0f5922305009057964cd192ed49d3c8d6b71d72ee44372ec4bd7209792542cad,"[0.9492912963032722,0.12523484230041504,1.9389313161373138]","[0.0,0.0,0.0]","[0.4716522991657257,0.12523484230041504,2.2526073455810547]",8f0977d300d1500f616cbdf672c46986622e84ce42ea1cc643ca7c9344c40789,0,diagnostic,ROUTE_EDGE,0.25,ZERO,0.0,,,915688,0.1666598450246401,0.2942480265571591,"[-0.1,0.0,0.1]","[-0.09997507436935318,1.020481721932387e-09,0.09997520563788888]",FINITE,0.009682234138138339,True,True,False,0.009682234138138339,True,True,1,,,False,,"[{""slot_index"":1,""candidate_id"":""ALT-01-OUTWARD"",""source"":""TASK_LOCAL_REPRESENTED_MAP_DIRECTIONAL_V1"",""formula"":""u_box(n)"",""availability"":""AVAILABLE"",""acceleration"":[-0.0004301223763480128,-0.1,0.005420666096178762],""provenance"":{""query_status"":""FINITE"",""map_input"":""REPRESENTED_GAUSSIAN_SPHERE_ONLY"",""reference_input"":false,""active_primitive_id"":915688,""active_primitive_center"":[0.949999988079071,0.28999999165534973,1.9299999475479126],""normal_source"":""REPRESENTED_SPHERE_OUTWARD_NORMAL"",""frame_status"":""AVAILABLE""},""duplicate_of"":null},{""slot_index"":2,""candidate_id"":""ALT-02-GOAL-TANGENT"",""source"":""TASK_LOCAL_REPRESENTED_MAP_DIRECTIONAL_V1"",""formula"":""u_box(t_g)"",""availability"":""AVAILABLE"",""acceleration"":[-0.1,0.003978910727580835,0.06546775411484027],""provenance"":{""query_status"":""FINITE"",""map_input"":""REPRESENTED_GAUSSIAN_SPHERE_ONLY"",""reference_input"":false,""active_primitive_id"":915688,""active_primitive_center"":[0.949999988079071,0.28999999165534973,1.9299999475479126],""normal_source"":""REPRESENTED_SPHERE_OUTWARD_NORMAL"",""frame_status"":""AVAILABLE""},""duplicate_of"":null},{""slot_index"":3,""candidate_id"":""ALT-03-AUX-TANGENT-POS"",""source"":""TASK_LOCAL_REPRESENTED_MAP_DIRECTIONAL_V1"",""formula"":""u_box(t_a)"",""availability"":""AVAILABLE"",""acceleration"":[-0.065672198317888,-0.005138195276173883,-0.1],""provenance"":{""query_status"":""FINITE"",""map_input"":""REPRESENTED_GAUSSIAN_SPHERE_ONLY"",""reference_input"":false,""active_primitive_id"":915688,""active_primitive_center"":[0.949999988079071,0.28999999165534973,1.9299999475479126],""normal_source"":""REPRESENTED_SPHERE_OUTWARD_NORMAL"",""frame_status"":""AVAILABLE""},""duplicate_of"":null},{""slot_index"":4,""candidate_id"":""ALT-04-AUX-TANGENT-NEG"",""source"":""TASK_LOCAL_REPRESENTED_MAP_DIRECTIONAL_V1"",""formula"":""u_box(-t_a)"",""availability"":""AVAILABLE"",""acceleration"":[0.065672198317888,0.005138195276173883,0.1],""provenance"":{""query_status"":""FINITE"",""map_input"":""REPRESENTED_GAUSSIAN_SPHERE_ONLY"",""reference_input"":false,""active_primitive_id"":915688,""active_primitive_center"":[0.949999988079071,0.28999999165534973,1.9299999475479126],""normal_source"":""REPRESENTED_SPHERE_OUTWARD_NORMAL"",""frame_status"":""AVAILABLE""},""duplicate_of"":null},{""slot_index"":5,""candidate_id"":""ALT-05-BRAKE-BIASED-GOAL-TANGENT"",""source"":""TASK_LOCAL_REPRESENTED_MAP_DIRECTIONAL_V1"",""formula"":""u_box(normalize(project_Hv(b_hat+t_g)))"",""availability"":""BRAKING_DIRECTION_UNAVAILABLE"",""acceleration"":null,""provenance"":{""query_status"":""FINITE"",""map_input"":""REPRESENTED_GAUSSIAN_SPHERE_ONLY"",""reference_input"":false,""active_primitive_id"":915688,""active_primitive_center"":[0.949999988079071,0.28999999165534973,1.9299999475479126],""normal_source"":""REPRESENTED_SPHERE_OUTWARD_NORMAL"",""frame_status"":""AVAILABLE""},""duplicate_of"":null},{""slot_index"":6,""candidate_id"":""ALT-06-BRAKE-BIASED-OUTWARD"",""source"":""TASK_LOCAL_REPRESENTED_MAP_DIRECTIONAL_V1"",""formula"":""u_box(normalize(project_Hv(b_hat+n)))"",""availability"":""BRAKING_DIRECTION_UNAVAILABLE"",""acceleration"":null,""provenance"":{""query_status"":""FINITE"",""map_input"":""REPRESENTED_GAUSSIAN_SPHERE_ONLY"",""reference_input"":false,""active_primitive_id"":915688,""active_primitive_center"":[0.949999988079071,0.28999999165534973,1.9299999475479126],""normal_source"":""REPRESENTED_SPHERE_OUTWARD_NORMAL"",""frame_status"":""AVAILABLE""},""duplicate_of"":null}]",0,0,0,0,05424988e7531e044e4e0d3c89400ded471351953e855faebfaf654aa11ee695
ACTIVATED,G4,14c396035141f0c134184288b5df3c7081f7dbc72c4d0f5c45e5307fef542aa0,"[1.0926294183562526,0.1699430869046336,1.833186156195182]","[0.0,0.0,0.0]","[0.4716522991657257,0.12523484230041504,2.2526073455810547]",8f0977d300d1500f616cbdf672c46986622e84ce42ea1cc643ca7c9344c40789,0,diagnostic,REPRESENTED_SPHERE_SURFACE_NEIGHBOR,0.0,ZERO,0.0,2e-05,0.0,936984,0.13445666459143474,0.2942480265571591,"[-0.1,-0.1,0.1]","[-0.09999917572649374,-0.09995116096891458,0.0999914111538755]",FINITE,4.400399999989618e-06,True,True,False,4.400399999989618e-06,True,True,1,,,False,,"[{""slot_index"":1,""candidate_id"":""ALT-01-OUTWARD"",""source"":""TASK_LOCAL_REPRESENTED_MAP_DIRECTIONAL_V1"",""formula"":""u_box(n)"",""availability"":""AVAILABLE"",""acceleration"":[0.035507717051745956,-0.1,0.002653835934262549],""provenance"":{""query_status"":""FINITE"",""map_input"":""REPRESENTED_GAUSSIAN_SPHERE_ONLY"",""reference_input"":false,""active_primitive_id"":936984,""active_primitive_center"":[1.0499999523162842,0.28999999165534973,1.8300000429153442],""normal_source"":""REPRESENTED_SPHERE_OUTWARD_NORMAL"",""frame_status"":""AVAILABLE""},""duplicate_of"":null},{""slot_index"":2,""candidate_id"":""ALT-02-GOAL-TANGENT"",""source"":""TASK_LOCAL_REPRESENTED_MAP_DIRECTIONAL_V1"",""formula"":""u_box(t_g)"",""availability"":""AVAILABLE"",""acceleration"":[-0.1,-0.0335337471156154,0.07438176228776895],""provenance"":{""query_status"":""FINITE"",""map_input"":""REPRESENTED_GAUSSIAN_SPHERE_ONLY"",""reference_input"":false,""active_primitive_id"":936984,""active_primitive_center"":[1.0499999523162842,0.28999999165534973,1.8300000429153442],""normal_source"":""REPRESENTED_SPHERE_OUTWARD_NORMAL"",""frame_status"":""AVAILABLE""},""duplicate_of"":null},{""slot_index"":3,""candidate_id"":""ALT-03-AUX-TANGENT-POS"",""source"":""TASK_LOCAL_REPRESENTED_MAP_DIRECTIONAL_V1"",""formula"":""u_box(t_a)"",""availability"":""AVAILABLE"",""acceleration"":[-0.065672198317888,-0.025972534294639686,-0.1],""provenance"":{""query_status"":""FINITE"",""map_input"":""REPRESENTED_GAUSSIAN_SPHERE_ONLY"",""reference_input"":false,""active_primitive_id"":936984,""active_primitive_center"":[1.0499999523162842,0.28999999165534973,1.8300000429153442],""normal_source"":""REPRESENTED_SPHERE_OUTWARD_NORMAL"",""frame_status"":""AVAILABLE""},""duplicate_of"":null},{""slot_index"":4,""candidate_id"":""ALT-04-AUX-TANGENT-NEG"",""source"":""TASK_LOCAL_REPRESENTED_MAP_DIRECTIONAL_V1"",""formula"":""u_box(-t_a)"",""availability"":""AVAILABLE"",""acceleration"":[0.065672198317888,0.025972534294639686,0.1],""provenance"":{""query_status"":""FINITE"",""map_input"":""REPRESENTED_GAUSSIAN_SPHERE_ONLY"",""reference_input"":false,""active_primitive_id"":936984,""active_primitive_center"":[1.0499999523162842,0.28999999165534973,1.8300000429153442],""normal_source"":""REPRESENTED_SPHERE_OUTWARD_NORMAL"",""frame_status"":""AVAILABLE""},""duplicate_of"":null},{""slot_index"":5,""candidate_id"":""ALT-05-BRAKE-BIASED-GOAL-TANGENT"",""source"":""TASK_LOCAL_REPRESENTED_MAP_DIRECTIONAL_V1"",""formula"":""u_box(normalize(project_Hv(b_hat+t_g)))"",""availability"":""BRAKING_DIRECTION_UNAVAILABLE"",""acceleration"":null,""provenance"":{""query_status"":""FINITE"",""map_input"":""REPRESENTED_GAUSSIAN_SPHERE_ONLY"",""reference_input"":false,""active_primitive_id"":936984,""active_primitive_center"":[1.0499999523162842,0.28999999165534973,1.8300000429153442],""normal_source"":""REPRESENTED_SPHERE_OUTWARD_NORMAL"",""frame_status"":""AVAILABLE""},""duplicate_of"":null},{""slot_index"":6,""candidate_id"":""ALT-06-BRAKE-BIASED-OUTWARD"",""source"":""TASK_LOCAL_REPRESENTED_MAP_DIRECTIONAL_V1"",""formula"":""u_box(normalize(project_Hv(b_hat+n)))"",""availability"":""BRAKING_DIRECTION_UNAVAILABLE"",""acceleration"":null,""provenance"":{""query_status"":""FINITE"",""map_input"":""REPRESENTED_GAUSSIAN_SPHERE_ONLY"",""reference_input"":false,""active_primitive_id"":936984,""active_primitive_center"":[1.0499999523162842,0.28999999165534973,1.8300000429153442],""normal_source"":""REPRESENTED_SPHERE_OUTWARD_NORMAL"",""frame_status"":""AVAILABLE""},""duplicate_of"":null}]",0,0,0,0,726db9cee12da7efa8cc51e8dd46660f52c0259e6add90874a8267f7b8a045a3
ACTIVATED,G4,1d0e18478950f88ca2d286909cbb18e43d75321d52498304f18db70110189f85,"[1.0926561787430213,0.16986772191642666,1.833188156258321]","[0.0,0.0,0.0]","[0.4716522991657257,0.12523484230041504,2.2526073455810547]",8f0977d300d1500f616cbdf672c46986622e84ce42ea1cc643ca7c9344c40789,0,diagnostic,REPRESENTED_SPHERE_SURFACE_NEIGHBOR,0.0,ZERO,0.0,0.0001,0.0,936984,0.13453626304669936,0.2942480265571591,"[-0.1,-0.1,0.1]","[-0.0999991244578858,-0.09995239766520728,0.09999154912340433]",FINITE,2.2010000000001126e-05,True,True,False,2.2010000000001126e-05,True,True,1,,,False,,"[{""slot_index"":1,""candidate_id"":""ALT-01-OUTWARD"",""source"":""TASK_LOCAL_REPRESENTED_MAP_DIRECTIONAL_V1"",""formula"":""u_box(n)"",""availability"":""AVAILABLE"",""acceleration"":[0.03550771705174607,-0.1,0.0026538359342625456],""provenance"":{""query_status"":""FINITE"",""map_input"":""REPRESENTED_GAUSSIAN_SPHERE_ONLY"",""reference_input"":false,""active_primitive_id"":936984,""active_primitive_center"":[1.0499999523162842,0.28999999165534973,1.8300000429153442],""normal_source"":""REPRESENTED_SPHERE_OUTWARD_NORMAL"",""frame_status"":""AVAILABLE""},""duplicate_of"":null},{""slot_index"":2,""candidate_id"":""ALT-02-GOAL-TANGENT"",""source"":""TASK_LOCAL_REPRESENTED_MAP_DIRECTIONAL_V1"",""formula"":""u_box(t_g)"",""availability"":""AVAILABLE"",""acceleration"":[-0.10000000000000002,-0.033533747115615506,0.07438176228776898],""provenance"":{""query_status"":""FINITE"",""map_input"":""REPRESENTED_GAUSSIAN_SPHERE_ONLY"",""reference_input"":false,""active_primitive_id"":936984,""active_primitive_center"":[1.0499999523162842,0.28999999165534973,1.8300000429153442],""normal_source"":""REPRESENTED_SPHERE_OUTWARD_NORMAL"",""frame_status"":""AVAILABLE""},""duplicate_of"":null},{""slot_index"":3,""candidate_id"":""ALT-03-AUX-TANGENT-POS"",""source"":""TASK_LOCAL_REPRESENTED_MAP_DIRECTIONAL_V1"",""formula"":""u_box(t_a)"",""availability"":""AVAILABLE"",""acceleration"":[-0.06567219831788798,-0.025972534294639745,-0.1],""provenance"":{""query_status"":""FINITE"",""map_input"":""REPRESENTED_GAUSSIAN_SPHERE_ONLY"",""reference_input"":false,""active_primitive_id"":936984,""active_primitive_center"":[1.0499999523162842,0.28999999165534973,1.8300000429153442],""normal_source"":""REPRESENTED_SPHERE_OUTWARD_NORMAL"",""frame_status"":""AVAILABLE""},""duplicate_of"":null},{""slot_index"":4,""candidate_id"":""ALT-04-AUX-TANGENT-NEG"",""source"":""TASK_LOCAL_REPRESENTED_MAP_DIRECTIONAL_V1"",""formula"":""u_box(-t_a)"",""availability"":""AVAILABLE"",""acceleration"":[0.06567219831788798,0.025972534294639745,0.1],""provenance"":{""query_status"":""FINITE"",""map_input"":""REPRESENTED_GAUSSIAN_SPHERE_ONLY"",""reference_input"":false,""active_primitive_id"":936984,""active_primitive_center"":[1.0499999523162842,0.28999999165534973,1.8300000429153442],""normal_source"":""REPRESENTED_SPHERE_OUTWARD_NORMAL"",""frame_status"":""AVAILABLE""},""duplicate_of"":null},{""slot_index"":5,""candidate_id"":""ALT-05-BRAKE-BIASED-GOAL-TANGENT"",""source"":""TASK_LOCAL_REPRESENTED_MAP_DIRECTIONAL_V1"",""formula"":""u_box(normalize(project_Hv(b_hat+t_g)))"",""availability"":""BRAKING_DIRECTION_UNAVAILABLE"",""acceleration"":null,""provenance"":{""query_status"":""FINITE"",""map_input"":""REPRESENTED_GAUSSIAN_SPHERE_ONLY"",""reference_input"":false,""active_primitive_id"":936984,""active_primitive_center"":[1.0499999523162842,0.28999999165534973,1.8300000429153442],""normal_source"":""REPRESENTED_SPHERE_OUTWARD_NORMAL"",""frame_status"":""AVAILABLE""},""duplicate_of"":null},{""slot_index"":6,""candidate_id"":""ALT-06-BRAKE-BIASED-OUTWARD"",""source"":""TASK_LOCAL_REPRESENTED_MAP_DIRECTIONAL_V1"",""formula"":""u_box(normalize(project_Hv(b_hat+n)))"",""availability"":""BRAKING_DIRECTION_UNAVAILABLE"",""acceleration"":null,""provenance"":{""query_status"":""FINITE"",""map_input"":""REPRESENTED_GAUSSIAN_SPHERE_ONLY"",""reference_input"":false,""active_primitive_id"":936984,""active_primitive_center"":[1.0499999523162842,0.28999999165534973,1.8300000429153442],""normal_source"":""REPRESENTED_SPHERE_OUTWARD_NORMAL"",""frame_status"":""AVAILABLE""},""duplicate_of"":null}]",0,0,0,0,0989e930389a90558bf244dbb2db36ec4ae1025ecda24c0b3f56ffd2da5eb266
ACTIVATED,G4,1e72ebb89bd2f14e2ce7555535a1a803006e15a0ff43bc78b0b4431bc6cd9e1b,"[1.107410925720737,0.12220924699558415,1.8358765033049311]","[0.0,0.0,0.0]","[0.4716522991657257,0.12523484230041504,2.2526073455810547]",8f0977d300d1500f616cbdf672c46986622e84ce42ea1cc643ca7c9344c40789,0,diagnostic,REPRESENTED_SPHERE_SURFACE_NEIGHBOR,0.0,ZERO,0.0,0.05,0.0025,936984,0.18423918884042076,0.2942480265571591,"[-0.1,0.015127976524154443,0.1]","[-0.09995721577010705,0.015127972522334695,0.09996104331284558]",FINITE,0.013505636357461659,True,True,False,0.013505636357461659,True,True,1,,,False,,"[{""slot_index"":1,""candidate_id"":""ALT-01-OUTWARD"",""source"":""TASK_LOCAL_REPRESENTED_MAP_DIRECTIONAL_V1"",""formula"":""u_box(n)"",""availability"":""AVAILABLE"",""acceleration"":[0.03421581656417746,-0.1,0.0035022553845283715],""provenance"":{""query_status"":""FINITE"",""map_input"":""REPRESENTED_GAUSSIAN_SPHERE_ONLY"",""reference_input"":false,""active_primitive_id"":936984,""active_primitive_center"":[1.0499999523162842,0.28999999165534973,1.8300000429153442],""normal_source"":""REPRESENTED_SPHERE_OUTWARD_NORMAL"",""frame_status"":""AVAILABLE""},""duplicate_of"":null},{""slot_index"":2,""candidate_id"":""ALT-02-GOAL-TANGENT"",""source"":""TASK_LOCAL_REPRESENTED_MAP_DIRECTIONAL_V1"",""formula"":""u_box(t_g)"",""availability"":""AVAILABLE"",""acceleration"":[-0.1,-0.03162811141816646,0.07388682040271813],""provenance"":{""query_status"":""FINITE"",""map_input"":""REPRESENTED_GAUSSIAN_SPHERE_ONLY"",""reference_input"":false,""active_primitive_id"":936984,""active_primitive_center"":[1.0499999523162842,0.28999999165534973,1.8300000429153442],""normal_source"":""REPRESENTED_SPHERE_OUTWARD_NORMAL"",""frame_status"":""AVAILABLE""},""duplicate_of"":null},{""slot_index"":3,""candidate_id"":""ALT-03-AUX-TANGENT-POS"",""source"":""TASK_LOCAL_REPRESENTED_MAP_DIRECTIONAL_V1"",""formula"":""u_box(t_a)"",""availability"":""AVAILABLE"",""acceleration"":[-0.06567219831788798,-0.025972534294639756,-0.1],""provenance"":{""query_status"":""FINITE"",""map_input"":""REPRESENTED_GAUSSIAN_SPHERE_ONLY"",""reference_input"":false,""active_primitive_id"":936984,""active_primitive_center"":[1.0499999523162842,0.28999999165534973,1.8300000429153442],""normal_source"":""REPRESENTED_SPHERE_OUTWARD_NORMAL"",""frame_status"":""AVAILABLE""},""duplicate_of"":null},{""slot_index"":4,""candidate_id"":""ALT-04-AUX-TANGENT-NEG"",""source"":""TASK_LOCAL_REPRESENTED_MAP_DIRECTIONAL_V1"",""formula"":""u_box(-t_a)"",""availability"":""AVAILABLE"",""acceleration"":[0.06567219831788798,0.025972534294639756,0.1],""provenance"":{""query_status"":""FINITE"",""map_input"":""REPRESENTED_GAUSSIAN_SPHERE_ONLY"",""reference_input"":false,""active_primitive_id"":936984,""active_primitive_center"":[1.0499999523162842,0.28999999165534973,1.8300000429153442],""normal_source"":""REPRESENTED_SPHERE_OUTWARD_NORMAL"",""frame_status"":""AVAILABLE""},""duplicate_of"":null},{""slot_index"":5,""candidate_id"":""ALT-05-BRAKE-BIASED-GOAL-TANGENT"",""source"":""TASK_LOCAL_REPRESENTED_MAP_DIRECTIONAL_V1"",""formula"":""u_box(normalize(project_Hv(b_hat+t_g)))"",""availability"":""BRAKING_DIRECTION_UNAVAILABLE"",""acceleration"":null,""provenance"":{""query_status"":""FINITE"",""map_input"":""REPRESENTED_GAUSSIAN_SPHERE_ONLY"",""reference_input"":false,""active_primitive_id"":936984,""active_primitive_center"":[1.0499999523162842,0.28999999165534973,1.8300000429153442],""normal_source"":""REPRESENTED_SPHERE_OUTWARD_NORMAL"",""frame_status"":""AVAILABLE""},""duplicate_of"":null},{""slot_index"":6,""candidate_id"":""ALT-06-BRAKE-BIASED-OUTWARD"",""source"":""TASK_LOCAL_REPRESENTED_MAP_DIRECTIONAL_V1"",""formula"":""u_box(normalize(project_Hv(b_hat+n)))"",""availability"":""BRAKING_DIRECTION_UNAVAILABLE"",""acceleration"":null,""provenance"":{""query_status"":""FINITE"",""map_input"":""REPRESENTED_GAUSSIAN_SPHERE_ONLY"",""reference_input"":false,""active_primitive_id"":936984,""active_primitive_center"":[1.0499999523162842,0.28999999165534973,1.8300000429153442],""normal_source"":""REPRESENTED_SPHERE_OUTWARD_NORMAL"",""frame_status"":""AVAILABLE""},""duplicate_of"":null}]",0,0,0,0,f1df03c7c00267667c13b5797d66a40f9f85f59f3c26f737ced4c26254bb3d30
ACTIVATED,G4,2b11afca29a51fef0f7425540f49085379455cadecef1c3433741ceb8a827157,"[0.9515431157284713,0.16266430101793752,1.9355292981389152]","[0.0,0.0,0.0]","[0.4716522991657257,0.12523484230041504,2.2526073455810547]",8f0977d300d1500f616cbdf672c46986622e84ce42ea1cc643ca7c9344c40789,0,diagnostic,REPRESENTED_SPHERE_SURFACE_NEIGHBOR,0.25,ZERO,0.0,2e-05,-0.0025,915688,0.1295907278820422,0.2942480265571591,"[-0.1,-0.1,0.1]","[-0.09999154875712518,-0.0999506858841026,0.09999067620514518]",FINITE,9.796137067868624e-06,True,True,False,9.796137067868624e-06,True,True,1,,,False,,"[{""slot_index"":1,""candidate_id"":""ALT-01-OUTWARD"",""source"":""TASK_LOCAL_REPRESENTED_MAP_DIRECTIONAL_V1"",""formula"":""u_box(n)"",""availability"":""AVAILABLE"",""acceleration"":[0.001211857917977044,-0.1,0.004342341540948931],""provenance"":{""query_status"":""FINITE"",""map_input"":""REPRESENTED_GAUSSIAN_SPHERE_ONLY"",""reference_input"":false,""active_primitive_id"":915688,""active_primitive_center"":[0.949999988079071,0.28999999165534973,1.9299999475479126],""normal_source"":""REPRESENTED_SPHERE_OUTWARD_NORMAL"",""frame_status"":""AVAILABLE""},""duplicate_of"":null},{""slot_index"":2,""candidate_id"":""ALT-02-GOAL-TANGENT"",""source"":""TASK_LOCAL_REPRESENTED_MAP_DIRECTIONAL_V1"",""formula"":""u_box(t_g)"",""availability"":""AVAILABLE"",""acceleration"":[-0.1,0.0016362025681863365,0.0655881270348208],""provenance"":{""query_status"":""FINITE"",""map_input"":""REPRESENTED_GAUSSIAN_SPHERE_ONLY"",""reference_input"":false,""active_primitive_id"":915688,""active_primitive_center"":[0.949999988079071,0.28999999165534973,1.9299999475479126],""normal_source"":""REPRESENTED_SPHERE_OUTWARD_NORMAL"",""frame_status"":""AVAILABLE""},""duplicate_of"":null},{""slot_index"":3,""candidate_id"":""ALT-03-AUX-TANGENT-POS"",""source"":""TASK_LOCAL_REPRESENTED_MAP_DIRECTIONAL_V1"",""formula"":""u_box(t_a)"",""availability"":""AVAILABLE"",""acceleration"":[-0.065672198317888,-0.005138195276173843,-0.1],""provenance"":{""query_status"":""FINITE"",""map_input"":""REPRESENTED_GAUSSIAN_SPHERE_ONLY"",""reference_input"":false,""active_primitive_id"":915688,""active_primitive_center"":[0.949999988079071,0.28999999165534973,1.9299999475479126],""normal_source"":""REPRESENTED_SPHERE_OUTWARD_NORMAL"",""frame_status"":""AVAILABLE""},""duplicate_of"":null},{""slot_index"":4,""candidate_id"":""ALT-04-AUX-TANGENT-NEG"",""source"":""TASK_LOCAL_REPRESENTED_MAP_DIRECTIONAL_V1"",""formula"":""u_box(-t_a)"",""availability"":""AVAILABLE"",""acceleration"":[0.065672198317888,0.005138195276173843,0.1],""provenance"":{""query_status"":""FINITE"",""map_input"":""REPRESENTED_GAUSSIAN_SPHERE_ONLY"",""reference_input"":false,""active_primitive_id"":915688,""active_primitive_center"":[0.949999988079071,0.28999999165534973,1.9299999475479126],""normal_source"":""REPRESENTED_SPHERE_OUTWARD_NORMAL"",""frame_status"":""AVAILABLE""},""duplicate_of"":null},{""slot_index"":5,""candidate_id"":""ALT-05-BRAKE-BIASED-GOAL-TANGENT"",""source"":""TASK_LOCAL_REPRESENTED_MAP_DIRECTIONAL_V1"",""formula"":""u_box(normalize(project_Hv(b_hat+t_g)))"",""availability"":""BRAKING_DIRECTION_UNAVAILABLE"",""acceleration"":null,""provenance"":{""query_status"":""FINITE"",""map_input"":""REPRESENTED_GAUSSIAN_SPHERE_ONLY"",""reference_input"":false,""active_primitive_id"":915688,""active_primitive_center"":[0.949999988079071,0.28999999165534973,1.9299999475479126],""normal_source"":""REPRESENTED_SPHERE_OUTWARD_NORMAL"",""frame_status"":""AVAILABLE""},""duplicate_of"":null},{""slot_index"":6,""candidate_id"":""ALT-06-BRAKE-BIASED-OUTWARD"",""source"":""TASK_LOCAL_REPRESENTED_MAP_DIRECTIONAL_V1"",""formula"":""u_box(normalize(project_Hv(b_hat+n)))"",""availability"":""BRAKING_DIRECTION_UNAVAILABLE"",""acceleration"":null,""provenance"":{""query_status"":""FINITE"",""map_input"":""REPRESENTED_GAUSSIAN_SPHERE_ONLY"",""reference_input"":false,""active_primitive_id"":915688,""active_primitive_center"":[0.949999988079071,0.28999999165534973,1.9299999475479126],""normal_source"":""REPRESENTED_SPHERE_OUTWARD_NORMAL"",""frame_status"":""AVAILABLE""},""duplicate_of"":null}]",0,0,0,0,57a55e34059d9546c80f470d0650f974a8ac4f84a5ff398cc0e0759977242ef6
ACTIVATED,G4,2f478c4436c6f4d84c36c4bde2b859e15e78dc7032fe6aae91959acad185c205,"[1.0908529364076605,0.1688413334486395,1.8346389642377434]","[0.0,0.0,0.0]","[0.4716522991657257,0.12523484230041504,2.2526073455810547]",8f0977d300d1500f616cbdf672c46986622e84ce42ea1cc643ca7c9344c40789,0,diagnostic,REPRESENTED_SPHERE_SURFACE_NEIGHBOR,0.0,ZERO,0.0,0.0005,0.0025,936984,0.13490762433983625,0.2942480265571591,"[-0.1,-0.1,0.1]","[-0.09999879522792103,-0.09994352074995223,0.09998812220809788]",FINITE,0.00011564894193142813,True,True,False,0.00011564894193142813,True,True,1,,,False,,"[{""slot_index"":1,""candidate_id"":""ALT-01-OUTWARD"",""source"":""TASK_LOCAL_REPRESENTED_MAP_DIRECTIONAL_V1"",""formula"":""u_box(n)"",""availability"":""AVAILABLE"",""acceleration"":[0.033718584124360726,-0.1,0.0038287988585055657],""provenance"":{""query_status"":""FINITE"",""map_input"":""REPRESENTED_GAUSSIAN_SPHERE_ONLY"",""reference_input"":false,""active_primitive_id"":936984,""active_primitive_center"":[1.0499999523162842,0.28999999165534973,1.8300000429153442],""normal_source"":""REPRESENTED_SPHERE_OUTWARD_NORMAL"",""frame_status"":""AVAILABLE""},""duplicate_of"":null},{""slot_index"":2,""candidate_id"":""ALT-02-GOAL-TANGENT"",""source"":""TASK_LOCAL_REPRESENTED_MAP_DIRECTIONAL_V1"",""formula"":""u_box(t_g)"",""availability"":""AVAILABLE"",""acceleration"":[-0.09999999999999999,-0.030896878036889203,0.07369690056199203],""provenance"":{""query_status"":""FINITE"",""map_input"":""REPRESENTED_GAUSSIAN_SPHERE_ONLY"",""reference_input"":false,""active_primitive_id"":936984,""active_primitive_center"":[1.0499999523162842,0.28999999165534973,1.8300000429153442],""normal_source"":""REPRESENTED_SPHERE_OUTWARD_NORMAL"",""frame_status"":""AVAILABLE""},""duplicate_of"":null},{""slot_index"":3,""candidate_id"":""ALT-03-AUX-TANGENT-POS"",""source"":""TASK_LOCAL_REPRESENTED_MAP_DIRECTIONAL_V1"",""formula"":""u_box(t_a)"",""availability"":""AVAILABLE"",""acceleration"":[-0.06567219831788801,-0.025972534294639648,-0.1],""provenance"":{""query_status"":""FINITE"",""map_input"":""REPRESENTED_GAUSSIAN_SPHERE_ONLY"",""reference_input"":false,""active_primitive_id"":936984,""active_primitive_center"":[1.0499999523162842,0.28999999165534973,1.8300000429153442],""normal_source"":""REPRESENTED_SPHERE_OUTWARD_NORMAL"",""frame_status"":""AVAILABLE""},""duplicate_of"":null},{""slot_index"":4,""candidate_id"":""ALT-04-AUX-TANGENT-NEG"",""source"":""TASK_LOCAL_REPRESENTED_MAP_DIRECTIONAL_V1"",""formula"":""u_box(-t_a)"",""availability"":""AVAILABLE"",""acceleration"":[0.06567219831788801,0.025972534294639648,0.1],""provenance"":{""query_status"":""FINITE"",""map_input"":""REPRESENTED_GAUSSIAN_SPHERE_ONLY"",""reference_input"":false,""active_primitive_id"":936984,""active_primitive_center"":[1.0499999523162842,0.28999999165534973,1.8300000429153442],""normal_source"":""REPRESENTED_SPHERE_OUTWARD_NORMAL"",""frame_status"":""AVAILABLE""},""duplicate_of"":null},{""slot_index"":5,""candidate_id"":""ALT-05-BRAKE-BIASED-GOAL-TANGENT"",""source"":""TASK_LOCAL_REPRESENTED_MAP_DIRECTIONAL_V1"",""formula"":""u_box(normalize(project_Hv(b_hat+t_g)))"",""availability"":""BRAKING_DIRECTION_UNAVAILABLE"",""acceleration"":null,""provenance"":{""query_status"":""FINITE"",""map_input"":""REPRESENTED_GAUSSIAN_SPHERE_ONLY"",""reference_input"":false,""active_primitive_id"":936984,""active_primitive_center"":[1.0499999523162842,0.28999999165534973,1.8300000429153442],""normal_source"":""REPRESENTED_SPHERE_OUTWARD_NORMAL"",""frame_status"":""AVAILABLE""},""duplicate_of"":null},{""slot_index"":6,""candidate_id"":""ALT-06-BRAKE-BIASED-OUTWARD"",""source"":""TASK_LOCAL_REPRESENTED_MAP_DIRECTIONAL_V1"",""formula"":""u_box(normalize(project_Hv(b_hat+n)))"",""availability"":""BRAKING_DIRECTION_UNAVAILABLE"",""acceleration"":null,""provenance"":{""query_status"":""FINITE"",""map_input"":""REPRESENTED_GAUSSIAN_SPHERE_ONLY"",""reference_input"":false,""active_primitive_id"":936984,""active_primitive_center"":[1.0499999523162842,0.28999999165534973,1.8300000429153442],""normal_source"":""REPRESENTED_SPHERE_OUTWARD_NORMAL"",""frame_status"":""AVAILABLE""},""duplicate_of"":null}]",0,0,0,0,feb3bd36c100feddc73e56fe17f5ed6ed9ba97df3f8d713c00d802b339e3fd8f
ACTIVATED,G4,38be655de3a17a6ab5256ef652d49bc8b6d36a38bf27b1c3ca9ae458f4217d06,"[1.0940307323364327,0.1598917410990632,1.8348764717354866]","[0.0,0.0,0.0]","[0.4716522991657257,0.12523484230041504,2.2526073455810547]",8f0977d300d1500f616cbdf672c46986622e84ce42ea1cc643ca7c9344c40789,0,diagnostic,REPRESENTED_SPHERE_SURFACE_NEIGHBOR,0.0,ZERO,0.0,0.01,0.0025,936984,0.14437010664022887,0.2942480265571591,"[-0.1,-0.1,0.1]","[-0.09999312216291793,-0.0999266051390167,0.09998746122623797]",FINITE,0.0023054577662258106,True,True,False,0.0023054577662258106,True,True,1,,,False,,"[{""slot_index"":1,""candidate_id"":""ALT-01-OUTWARD"",""source"":""TASK_LOCAL_REPRESENTED_MAP_DIRECTIONAL_V1"",""formula"":""u_box(n)"",""availability"":""AVAILABLE"",""acceleration"":[0.033841650957484974,-0.1,0.0037479781637927566],""provenance"":{""query_status"":""FINITE"",""map_input"":""REPRESENTED_GAUSSIAN_SPHERE_ONLY"",""reference_input"":false,""active_primitive_id"":936984,""active_primitive_center"":[1.0499999523162842,0.28999999165534973,1.8300000429153442],""normal_source"":""REPRESENTED_SPHERE_OUTWARD_NORMAL"",""frame_status"":""AVAILABLE""},""duplicate_of"":null},{""slot_index"":2,""candidate_id"":""ALT-02-GOAL-TANGENT"",""source"":""TASK_LOCAL_REPRESENTED_MAP_DIRECTIONAL_V1"",""formula"":""u_box(t_g)"",""availability"":""AVAILABLE"",""acceleration"":[-0.1,-0.031077746561574967,0.07374387670159427],""provenance"":{""query_status"":""FINITE"",""map_input"":""REPRESENTED_GAUSSIAN_SPHERE_ONLY"",""reference_input"":false,""active_primitive_id"":936984,""active_primitive_center"":[1.0499999523162842,0.28999999165534973,1.8300000429153442],""normal_source"":""REPRESENTED_SPHERE_OUTWARD_NORMAL"",""frame_status"":""AVAILABLE""},""duplicate_of"":null},{""slot_index"":3,""candidate_id"":""ALT-03-AUX-TANGENT-POS"",""source"":""TASK_LOCAL_REPRESENTED_MAP_DIRECTIONAL_V1"",""formula"":""u_box(t_a)"",""availability"":""AVAILABLE"",""acceleration"":[-0.065672198317888,-0.025972534294639728,-0.1],""provenance"":{""query_status"":""FINITE"",""map_input"":""REPRESENTED_GAUSSIAN_SPHERE_ONLY"",""reference_input"":false,""active_primitive_id"":936984,""active_primitive_center"":[1.0499999523162842,0.28999999165534973,1.8300000429153442],""normal_source"":""REPRESENTED_SPHERE_OUTWARD_NORMAL"",""frame_status"":""AVAILABLE""},""duplicate_of"":null},{""slot_index"":4,""candidate_id"":""ALT-04-AUX-TANGENT-NEG"",""source"":""TASK_LOCAL_REPRESENTED_MAP_DIRECTIONAL_V1"",""formula"":""u_box(-t_a)"",""availability"":""AVAILABLE"",""acceleration"":[0.065672198317888,0.025972534294639728,0.1],""provenance"":{""query_status"":""FINITE"",""map_input"":""REPRESENTED_GAUSSIAN_SPHERE_ONLY"",""reference_input"":false,""active_primitive_id"":936984,""active_primitive_center"":[1.0499999523162842,0.28999999165534973,1.8300000429153442],""normal_source"":""REPRESENTED_SPHERE_OUTWARD_NORMAL"",""frame_status"":""AVAILABLE""},""duplicate_of"":null},{""slot_index"":5,""candidate_id"":""ALT-05-BRAKE-BIASED-GOAL-TANGENT"",""source"":""TASK_LOCAL_REPRESENTED_MAP_DIRECTIONAL_V1"",""formula"":""u_box(normalize(project_Hv(b_hat+t_g)))"",""availability"":""BRAKING_DIRECTION_UNAVAILABLE"",""acceleration"":null,""provenance"":{""query_status"":""FINITE"",""map_input"":""REPRESENTED_GAUSSIAN_SPHERE_ONLY"",""reference_input"":false,""active_primitive_id"":936984,""active_primitive_center"":[1.0499999523162842,0.28999999165534973,1.8300000429153442],""normal_source"":""REPRESENTED_SPHERE_OUTWARD_NORMAL"",""frame_status"":""AVAILABLE""},""duplicate_of"":null},{""slot_index"":6,""candidate_id"":""ALT-06-BRAKE-BIASED-OUTWARD"",""source"":""TASK_LOCAL_REPRESENTED_MAP_DIRECTIONAL_V1"",""formula"":""u_box(normalize(project_Hv(b_hat+n)))"",""availability"":""BRAKING_DIRECTION_UNAVAILABLE"",""acceleration"":null,""provenance"":{""query_status"":""FINITE"",""map_input"":""REPRESENTED_GAUSSIAN_SPHERE_ONLY"",""reference_input"":false,""active_primitive_id"":936984,""active_primitive_center"":[1.0499999523162842,0.28999999165534973,1.8300000429153442],""normal_source"":""REPRESENTED_SPHERE_OUTWARD_NORMAL"",""frame_status"":""AVAILABLE""},""duplicate_of"":null}]",0,0,0,0,cb6e1da486b8cd5e4aa327a47e3ea55d441ba857487aacff14d70d4b87a7639f
ACTIVATED,G4,dc00eb6df5e4cccf62ac66bd6d380651f30398dd2ccb707b10c0762d3da1b3b0,"[1.108504295349121,0.12523484230041504,1.834372639656067]","[0.0,0.0,0.0]","[0.4716522991657257,0.12523484230041504,2.2526073455810547]",8f0977d300d1500f616cbdf672c46986622e84ce42ea1cc643ca7c9344c40789,0,diagnostic,ROUTE_NODE,0.0,ZERO,0.0,,,936984,0.18173771501655317,0.2942480265571591,"[-0.1,0.0,0.1]","[-0.09995517114815022,-3.511296174530842e-10,0.09995910697138069]",FINITE,0.012699270159643228,True,True,False,0.012699270159643228,True,True,1,,,False,,"[{""slot_index"":1,""candidate_id"":""ALT-01-OUTWARD"",""source"":""TASK_LOCAL_REPRESENTED_MAP_DIRECTIONAL_V1"",""formula"":""u_box(n)"",""availability"":""AVAILABLE"",""acceleration"":[0.035507717051746004,-0.1,0.0026538359342625738],""provenance"":{""query_status"":""FINITE"",""map_input"":""REPRESENTED_GAUSSIAN_SPHERE_ONLY"",""reference_input"":false,""active_primitive_id"":936984,""active_primitive_center"":[1.0499999523162842,0.28999999165534973,1.8300000429153442],""normal_source"":""REPRESENTED_SPHERE_OUTWARD_NORMAL"",""frame_status"":""AVAILABLE""},""duplicate_of"":null},{""slot_index"":2,""candidate_id"":""ALT-02-GOAL-TANGENT"",""source"":""TASK_LOCAL_REPRESENTED_MAP_DIRECTIONAL_V1"",""formula"":""u_box(t_g)"",""availability"":""AVAILABLE"",""acceleration"":[-0.1,-0.03353374711561543,0.07438176228776895],""provenance"":{""query_status"":""FINITE"",""map_input"":""REPRESENTED_GAUSSIAN_SPHERE_ONLY"",""reference_input"":false,""active_primitive_id"":936984,""active_primitive_center"":[1.0499999523162842,0.28999999165534973,1.8300000429153442],""normal_source"":""REPRESENTED_SPHERE_OUTWARD_NORMAL"",""frame_status"":""AVAILABLE""},""duplicate_of"":null},{""slot_index"":3,""candidate_id"":""ALT-03-AUX-TANGENT-POS"",""source"":""TASK_LOCAL_REPRESENTED_MAP_DIRECTIONAL_V1"",""formula"":""u_box(t_a)"",""availability"":""AVAILABLE"",""acceleration"":[-0.06567219831788798,-0.025972534294639735,-0.1],""provenance"":{""query_status"":""FINITE"",""map_input"":""REPRESENTED_GAUSSIAN_SPHERE_ONLY"",""reference_input"":false,""active_primitive_id"":936984,""active_primitive_center"":[1.0499999523162842,0.28999999165534973,1.8300000429153442],""normal_source"":""REPRESENTED_SPHERE_OUTWARD_NORMAL"",""frame_status"":""AVAILABLE""},""duplicate_of"":null},{""slot_index"":4,""candidate_id"":""ALT-04-AUX-TANGENT-NEG"",""source"":""TASK_LOCAL_REPRESENTED_MAP_DIRECTIONAL_V1"",""formula"":""u_box(-t_a)"",""availability"":""AVAILABLE"",""acceleration"":[0.06567219831788798,0.025972534294639735,0.1],""provenance"":{""query_status"":""FINITE"",""map_input"":""REPRESENTED_GAUSSIAN_SPHERE_ONLY"",""reference_input"":false,""active_primitive_id"":936984,""active_primitive_center"":[1.0499999523162842,0.28999999165534973,1.8300000429153442],""normal_source"":""REPRESENTED_SPHERE_OUTWARD_NORMAL"",""frame_status"":""AVAILABLE""},""duplicate_of"":null},{""slot_index"":5,""candidate_id"":""ALT-05-BRAKE-BIASED-GOAL-TANGENT"",""source"":""TASK_LOCAL_REPRESENTED_MAP_DIRECTIONAL_V1"",""formula"":""u_box(normalize(project_Hv(b_hat+t_g)))"",""availability"":""BRAKING_DIRECTION_UNAVAILABLE"",""acceleration"":null,""provenance"":{""query_status"":""FINITE"",""map_input"":""REPRESENTED_GAUSSIAN_SPHERE_ONLY"",""reference_input"":false,""active_primitive_id"":936984,""active_primitive_center"":[1.0499999523162842,0.28999999165534973,1.8300000429153442],""normal_source"":""REPRESENTED_SPHERE_OUTWARD_NORMAL"",""frame_status"":""AVAILABLE""},""duplicate_of"":null},{""slot_index"":6,""candidate_id"":""ALT-06-BRAKE-BIASED-OUTWARD"",""source"":""TASK_LOCAL_REPRESENTED_MAP_DIRECTIONAL_V1"",""formula"":""u_box(normalize(project_Hv(b_hat+n)))"",""availability"":""BRAKING_DIRECTION_UNAVAILABLE"",""acceleration"":null,""provenance"":{""query_status"":""FINITE"",""map_input"":""REPRESENTED_GAUSSIAN_SPHERE_ONLY"",""reference_input"":false,""active_primitive_id"":936984,""active_primitive_center"":[1.0499999523162842,0.28999999165534973,1.8300000429153442],""normal_source"":""REPRESENTED_SPHERE_OUTWARD_NORMAL"",""frame_status"":""AVAILABLE""},""duplicate_of"":null}]",0,0,0,0,1b5cbe6af9a09493b3515486c1580a1439c7bb2cd1334fdf7d81904fc4bfaa35
ACTIVATED,G5,038d30b3a02aa3ca571ab7e50dd7ace1b5f20da684cd1efa6d5a6fa33563b7e2,"[1.0945530824320724,0.17063033292548943,1.8317443484998848]","[-0.016725241730380282,0.04710311762934886,-0.0012500394618056294]","[0.4716522991657257,0.12523484230041504,2.2526073455810547]",8f0977d300d1500f616cbdf672c46986622e84ce42ea1cc643ca7c9344c40789,0,diagnostic,REPRESENTED_SPHERE_SURFACE_NEIGHBOR,0.0,INWARD_NORMAL,0.05,-2e-05,-0.0025,936984,0.1344823372554296,0.2942480265571591,"[-0.08327475826961972,-0.1,0.1]",,FINITE,9.9586890613991e-07,False,False,False,,False,False,,,,False,,"[{""slot_index"":1,""candidate_id"":""ALT-01-OUTWARD"",""source"":""TASK_LOCAL_REPRESENTED_MAP_DIRECTIONAL_V1"",""formula"":""u_box(n)"",""availability"":""AVAILABLE"",""acceleration"":[0.037323663810260393,-0.1,0.0014612637776639558],""provenance"":{""query_status"":""FINITE"",""map_input"":""REPRESENTED_GAUSSIAN_SPHERE_ONLY"",""reference_input"":false,""active_primitive_id"":936984,""active_primitive_center"":[1.0499999523162842,0.28999999165534973,1.8300000429153442],""normal_source"":""REPRESENTED_SPHERE_OUTWARD_NORMAL"",""frame_status"":""AVAILABLE""},""duplicate_of"":null},{""slot_index"":2,""candidate_id"":""ALT-02-GOAL-TANGENT"",""source"":""TASK_LOCAL_REPRESENTED_MAP_DIRECTIONAL_V1"",""formula"":""u_box(t_g)"",""availability"":""AVAILABLE"",""acceleration"":[-0.10000000000000002,-0.036226530215496364,0.07508114630186583],""provenance"":{""query_status"":""FINITE"",""map_input"":""REPRESENTED_GAUSSIAN_SPHERE_ONLY"",""reference_input"":false,""active_primitive_id"":936984,""active_primitive_center"":[1.0499999523162842,0.28999999165534973,1.8300000429153442],""normal_source"":""REPRESENTED_SPHERE_OUTWARD_NORMAL"",""frame_status"":""AVAILABLE""},""duplicate_of"":null},{""slot_index"":3,""candidate_id"":""ALT-03-AUX-TANGENT-POS"",""source"":""TASK_LOCAL_REPRESENTED_MAP_DIRECTIONAL_V1"",""formula"":""u_box(t_a)"",""availability"":""AVAILABLE"",""acceleration"":[-0.06567219831788793,-0.02597253429463993,-0.1],""provenance"":{""query_status"":""FINITE"",""map_input"":""REPRESENTED_GAUSSIAN_SPHERE_ONLY"",""reference_input"":false,""active_primitive_id"":936984,""active_primitive_center"":[1.0499999523162842,0.28999999165534973,1.8300000429153442],""normal_source"":""REPRESENTED_SPHERE_OUTWARD_NORMAL"",""frame_status"":""AVAILABLE""},""duplicate_of"":null},{""slot_index"":4,""candidate_id"":""ALT-04-AUX-TANGENT-NEG"",""source"":""TASK_LOCAL_REPRESENTED_MAP_DIRECTIONAL_V1"",""formula"":""u_box(-t_a)"",""availability"":""AVAILABLE"",""acceleration"":[0.06567219831788793,0.02597253429463993,0.1],""provenance"":{""query_status"":""FINITE"",""map_input"":""REPRESENTED_GAUSSIAN_SPHERE_ONLY"",""reference_input"":false,""active_primitive_id"":936984,""active_primitive_center"":[1.0499999523162842,0.28999999165534973,1.8300000429153442],""normal_source"":""REPRESENTED_SPHERE_OUTWARD_NORMAL"",""frame_status"":""AVAILABLE""},""duplicate_of"":null},{""slot_index"":5,""candidate_id"":""ALT-05-BRAKE-BIASED-GOAL-TANGENT"",""source"":""TASK_LOCAL_REPRESENTED_MAP_DIRECTIONAL_V1"",""formula"":""u_box(normalize(project_Hv(b_hat+t_g)))"",""availability"":""AVAILABLE"",""acceleration"":[-0.007366939463823179,-0.1,0.07703778424660433],""provenance"":{""query_status"":""FINITE"",""map_input"":""REPRESENTED_GAUSSIAN_SPHERE_ONLY"",""reference_input"":false,""active_primitive_id"":936984,""active_primitive_center"":[1.0499999523162842,0.28999999165534973,1.8300000429153442],""normal_source"":""REPRESENTED_SPHERE_OUTWARD_NORMAL"",""frame_status"":""AVAILABLE""},""duplicate_of"":null},{""slot_index"":6,""candidate_id"":""ALT-06-BRAKE-BIASED-OUTWARD"",""source"":""TASK_LOCAL_REPRESENTED_MAP_DIRECTIONAL_V1"",""formula"":""u_box(normalize(project_Hv(b_hat+n)))"",""availability"":""AVAILABLE"",""acceleration"":[0.06404727789855127,-0.1,0.011497925657017072],""provenance"":{""query_status"":""FINITE"",""map_input"":""REPRESENTED_GAUSSIAN_SPHERE_ONLY"",""reference_input"":false,""active_primitive_id"":936984,""active_primitive_center"":[1.0499999523162842,0.28999999165534973,1.8300000429153442],""normal_source"":""REPRESENTED_SPHERE_OUTWARD_NORMAL"",""frame_status"":""AVAILABLE""},""duplicate_of"":null}]",0,0,0,0,4b68eeb75b5ffdf2bb9743ad9315f91c125f64b48bd2716408297aff91e1138e
ACTIVATED,G5,0c7bfe9a55560d1b56b2cf3751736e3fd5010d7ad91eb8ded502102bb23d7127,"[1.0945530824320724,0.17063033292548943,1.8317443484998848]","[-0.02508786259557042,0.07065467644402328,-0.001875059192708444]","[0.4716522991657257,0.12523484230041504,2.2526073455810547]",8f0977d300d1500f616cbdf672c46986622e84ce42ea1cc643ca7c9344c40789,0,diagnostic,REPRESENTED_SPHERE_SURFACE_NEIGHBOR,0.0,INWARD_NORMAL,0.075,-2e-05,-0.0025,936984,0.1344823372554296,0.2942480265571591,"[-0.07491213740442959,-0.1,0.1]",,FINITE,9.9586890613991e-07,False,False,False,,False,False,,,,False,,"[{""slot_index"":1,""candidate_id"":""ALT-01-OUTWARD"",""source"":""TASK_LOCAL_REPRESENTED_MAP_DIRECTIONAL_V1"",""formula"":""u_box(n)"",""availability"":""AVAILABLE"",""acceleration"":[0.037323663810260393,-0.1,0.0014612637776639558],""provenance"":{""query_status"":""FINITE"",""map_input"":""REPRESENTED_GAUSSIAN_SPHERE_ONLY"",""reference_input"":false,""active_primitive_id"":936984,""active_primitive_center"":[1.0499999523162842,0.28999999165534973,1.8300000429153442],""normal_source"":""REPRESENTED_SPHERE_OUTWARD_NORMAL"",""frame_status"":""AVAILABLE""},""duplicate_of"":null},{""slot_index"":2,""candidate_id"":""ALT-02-GOAL-TANGENT"",""source"":""TASK_LOCAL_REPRESENTED_MAP_DIRECTIONAL_V1"",""formula"":""u_box(t_g)"",""availability"":""AVAILABLE"",""acceleration"":[-0.10000000000000002,-0.036226530215496364,0.07508114630186583],""provenance"":{""query_status"":""FINITE"",""map_input"":""REPRESENTED_GAUSSIAN_SPHERE_ONLY"",""reference_input"":false,""active_primitive_id"":936984,""active_primitive_center"":[1.0499999523162842,0.28999999165534973,1.8300000429153442],""normal_source"":""REPRESENTED_SPHERE_OUTWARD_NORMAL"",""frame_status"":""AVAILABLE""},""duplicate_of"":null},{""slot_index"":3,""candidate_id"":""ALT-03-AUX-TANGENT-POS"",""source"":""TASK_LOCAL_REPRESENTED_MAP_DIRECTIONAL_V1"",""formula"":""u_box(t_a)"",""availability"":""AVAILABLE"",""acceleration"":[-0.06567219831788793,-0.02597253429463993,-0.1],""provenance"":{""query_status"":""FINITE"",""map_input"":""REPRESENTED_GAUSSIAN_SPHERE_ONLY"",""reference_input"":false,""active_primitive_id"":936984,""active_primitive_center"":[1.0499999523162842,0.28999999165534973,1.8300000429153442],""normal_source"":""REPRESENTED_SPHERE_OUTWARD_NORMAL"",""frame_status"":""AVAILABLE""},""duplicate_of"":null},{""slot_index"":4,""candidate_id"":""ALT-04-AUX-TANGENT-NEG"",""source"":""TASK_LOCAL_REPRESENTED_MAP_DIRECTIONAL_V1"",""formula"":""u_box(-t_a)"",""availability"":""AVAILABLE"",""acceleration"":[0.06567219831788793,0.02597253429463993,0.1],""provenance"":{""query_status"":""FINITE"",""map_input"":""REPRESENTED_GAUSSIAN_SPHERE_ONLY"",""reference_input"":false,""active_primitive_id"":936984,""active_primitive_center"":[1.0499999523162842,0.28999999165534973,1.8300000429153442],""normal_source"":""REPRESENTED_SPHERE_OUTWARD_NORMAL"",""frame_status"":""AVAILABLE""},""duplicate_of"":null},{""slot_index"":5,""candidate_id"":""ALT-05-BRAKE-BIASED-GOAL-TANGENT"",""source"":""TASK_LOCAL_REPRESENTED_MAP_DIRECTIONAL_V1"",""formula"":""u_box(normalize(project_Hv(b_hat+t_g)))"",""availability"":""AVAILABLE"",""acceleration"":[-0.008798723256907469,-0.1,0.08661541365206855],""provenance"":{""query_status"":""FINITE"",""map_input"":""REPRESENTED_GAUSSIAN_SPHERE_ONLY"",""reference_input"":false,""active_primitive_id"":936984,""active_primitive_center"":[1.0499999523162842,0.28999999165534973,1.8300000429153442],""normal_source"":""REPRESENTED_SPHERE_OUTWARD_NORMAL"",""frame_status"":""AVAILABLE""},""duplicate_of"":null},{""slot_index"":6,""candidate_id"":""ALT-06-BRAKE-BIASED-OUTWARD"",""source"":""TASK_LOCAL_REPRESENTED_MAP_DIRECTIONAL_V1"",""formula"":""u_box(normalize(project_Hv(b_hat+n)))"",""availability"":""AVAILABLE"",""acceleration"":[0.0637626937561274,-0.1,0.016664139122272163],""provenance"":{""query_status"":""FINITE"",""map_input"":""REPRESENTED_GAUSSIAN_SPHERE_ONLY"",""reference_input"":false,""active_primitive_id"":936984,""active_primitive_center"":[1.0499999523162842,0.28999999165534973,1.8300000429153442],""normal_source"":""REPRESENTED_SPHERE_OUTWARD_NORMAL"",""frame_status"":""AVAILABLE""},""duplicate_of"":null}]",0,0,0,0,4ed3c3f9837735556df7621a104349bafe7fd976a0b9925015af01672a3d81a2
ACTIVATED,G5,44bfd3f2fa5a500e95206cea0f0d56145401b48bef781b2e345950e40bea2867,"[1.0945530824320724,0.17063033292548943,1.8317443484998848]","[0.0,0.025,0.0]","[0.4716522991657257,0.12523484230041504,2.2526073455810547]",8f0977d300d1500f616cbdf672c46986622e84ce42ea1cc643ca7c9344c40789,0,diagnostic,REPRESENTED_SPHERE_SURFACE_NEIGHBOR,0.0,AXIS_Y_POS,0.025,-2e-05,-0.0025,936984,0.1344823372554296,0.2942480265571591,"[-0.1,-0.1,0.1]",,FINITE,9.9586890613991e-07,False,False,False,,False,False,,,,False,,"[{""slot_index"":1,""candidate_id"":""ALT-01-OUTWARD"",""source"":""TASK_LOCAL_REPRESENTED_MAP_DIRECTIONAL_V1"",""formula"":""u_box(n)"",""availability"":""AVAILABLE"",""acceleration"":[0.037323663810260393,-0.1,0.0014612637776639558],""provenance"":{""query_status"":""FINITE"",""map_input"":""REPRESENTED_GAUSSIAN_SPHERE_ONLY"",""reference_input"":false,""active_primitive_id"":936984,""active_primitive_center"":[1.0499999523162842,0.28999999165534973,1.8300000429153442],""normal_source"":""REPRESENTED_SPHERE_OUTWARD_NORMAL"",""frame_status"":""AVAILABLE""},""duplicate_of"":null},{""slot_index"":2,""candidate_id"":""ALT-02-GOAL-TANGENT"",""source"":""TASK_LOCAL_REPRESENTED_MAP_DIRECTIONAL_V1"",""formula"":""u_box(t_g)"",""availability"":""AVAILABLE"",""acceleration"":[-0.10000000000000002,-0.036226530215496364,0.07508114630186583],""provenance"":{""query_status"":""FINITE"",""map_input"":""REPRESENTED_GAUSSIAN_SPHERE_ONLY"",""reference_input"":false,""active_primitive_id"":936984,""active_primitive_center"":[1.0499999523162842,0.28999999165534973,1.8300000429153442],""normal_source"":""REPRESENTED_SPHERE_OUTWARD_NORMAL"",""frame_status"":""AVAILABLE""},""duplicate_of"":null},{""slot_index"":3,""candidate_id"":""ALT-03-AUX-TANGENT-POS"",""source"":""TASK_LOCAL_REPRESENTED_MAP_DIRECTIONAL_V1"",""formula"":""u_box(t_a)"",""availability"":""AVAILABLE"",""acceleration"":[-0.06567219831788793,-0.02597253429463993,-0.1],""provenance"":{""query_status"":""FINITE"",""map_input"":""REPRESENTED_GAUSSIAN_SPHERE_ONLY"",""reference_input"":false,""active_primitive_id"":936984,""active_primitive_center"":[1.0499999523162842,0.28999999165534973,1.8300000429153442],""normal_source"":""REPRESENTED_SPHERE_OUTWARD_NORMAL"",""frame_status"":""AVAILABLE""},""duplicate_of"":null},{""slot_index"":4,""candidate_id"":""ALT-04-AUX-TANGENT-NEG"",""source"":""TASK_LOCAL_REPRESENTED_MAP_DIRECTIONAL_V1"",""formula"":""u_box(-t_a)"",""availability"":""AVAILABLE"",""acceleration"":[0.06567219831788793,0.02597253429463993,0.1],""provenance"":{""query_status"":""FINITE"",""map_input"":""REPRESENTED_GAUSSIAN_SPHERE_ONLY"",""reference_input"":false,""active_primitive_id"":936984,""active_primitive_center"":[1.0499999523162842,0.28999999165534973,1.8300000429153442],""normal_source"":""REPRESENTED_SPHERE_OUTWARD_NORMAL"",""frame_status"":""AVAILABLE""},""duplicate_of"":null},{""slot_index"":5,""candidate_id"":""ALT-05-BRAKE-BIASED-GOAL-TANGENT"",""source"":""TASK_LOCAL_REPRESENTED_MAP_DIRECTIONAL_V1"",""formula"":""u_box(normalize(project_Hv(b_hat+t_g)))"",""availability"":""AVAILABLE"",""acceleration"":[-0.06009004036002835,-0.1,0.045116291115563104],""provenance"":{""query_status"":""FINITE"",""map_input"":""REPRESENTED_GAUSSIAN_SPHERE_ONLY"",""reference_input"":false,""active_primitive_id"":936984,""active_primitive_center"":[1.0499999523162842,0.28999999165534973,1.8300000429153442],""normal_source"":""REPRESENTED_SPHERE_OUTWARD_NORMAL"",""frame_status"":""AVAILABLE""},""duplicate_of"":null},{""slot_index"":6,""candidate_id"":""ALT-06-BRAKE-BIASED-OUTWARD"",""source"":""TASK_LOCAL_REPRESENTED_MAP_DIRECTIONAL_V1"",""formula"":""u_box(normalize(project_Hv(b_hat+n)))"",""availability"":""AVAILABLE"",""acceleration"":[0.018052709936129972,-0.1,0.0007067840727653599],""provenance"":{""query_status"":""FINITE"",""map_input"":""REPRESENTED_GAUSSIAN_SPHERE_ONLY"",""reference_input"":false,""active_primitive_id"":936984,""active_primitive_center"":[1.0499999523162842,0.28999999165534973,1.8300000429153442],""normal_source"":""REPRESENTED_SPHERE_OUTWARD_NORMAL"",""frame_status"":""AVAILABLE""},""duplicate_of"":null}]",0,0,0,0,8cd008b8c3f3c83100f163836a83bb40df7236d71b8702e3672ae97dc70646b1
ACTIVATED,G5,61366554935ad97dde99387ae8861614ca89e2548c6b329ec8ffaaab58abb29a,"[1.0945530824320724,0.17063033292548943,1.8317443484998848]","[-0.075,0.0,0.0]","[0.4716522991657257,0.12523484230041504,2.2526073455810547]",8f0977d300d1500f616cbdf672c46986622e84ce42ea1cc643ca7c9344c40789,0,diagnostic,REPRESENTED_SPHERE_SURFACE_NEIGHBOR,0.0,AXIS_X_NEG,0.075,-2e-05,-0.0025,936984,0.1344823372554296,0.2942480265571591,"[-0.02500000000000001,-0.1,0.1]",,FINITE,9.9586890613991e-07,False,False,False,,False,False,,,,False,,"[{""slot_index"":1,""candidate_id"":""ALT-01-OUTWARD"",""source"":""TASK_LOCAL_REPRESENTED_MAP_DIRECTIONAL_V1"",""formula"":""u_box(n)"",""availability"":""AVAILABLE"",""acceleration"":[0.037323663810260393,-0.1,0.0014612637776639558],""provenance"":{""query_status"":""FINITE"",""map_input"":""REPRESENTED_GAUSSIAN_SPHERE_ONLY"",""reference_input"":false,""active_primitive_id"":936984,""active_primitive_center"":[1.0499999523162842,0.28999999165534973,1.8300000429153442],""normal_source"":""REPRESENTED_SPHERE_OUTWARD_NORMAL"",""frame_status"":""AVAILABLE""},""duplicate_of"":null},{""slot_index"":2,""candidate_id"":""ALT-02-GOAL-TANGENT"",""source"":""TASK_LOCAL_REPRESENTED_MAP_DIRECTIONAL_V1"",""formula"":""u_box(t_g)"",""availability"":""AVAILABLE"",""acceleration"":[-0.10000000000000002,-0.036226530215496364,0.07508114630186583],""provenance"":{""query_status"":""FINITE"",""map_input"":""REPRESENTED_GAUSSIAN_SPHERE_ONLY"",""reference_input"":false,""active_primitive_id"":936984,""active_primitive_center"":[1.0499999523162842,0.28999999165534973,1.8300000429153442],""normal_source"":""REPRESENTED_SPHERE_OUTWARD_NORMAL"",""frame_status"":""AVAILABLE""},""duplicate_of"":null},{""slot_index"":3,""candidate_id"":""ALT-03-AUX-TANGENT-POS"",""source"":""TASK_LOCAL_REPRESENTED_MAP_DIRECTIONAL_V1"",""formula"":""u_box(t_a)"",""availability"":""AVAILABLE"",""acceleration"":[-0.06567219831788793,-0.02597253429463993,-0.1],""provenance"":{""query_status"":""FINITE"",""map_input"":""REPRESENTED_GAUSSIAN_SPHERE_ONLY"",""reference_input"":false,""active_primitive_id"":936984,""active_primitive_center"":[1.0499999523162842,0.28999999165534973,1.8300000429153442],""normal_source"":""REPRESENTED_SPHERE_OUTWARD_NORMAL"",""frame_status"":""AVAILABLE""},""duplicate_of"":null},{""slot_index"":4,""candidate_id"":""ALT-04-AUX-TANGENT-NEG"",""source"":""TASK_LOCAL_REPRESENTED_MAP_DIRECTIONAL_V1"",""formula"":""u_box(-t_a)"",""availability"":""AVAILABLE"",""acceleration"":[0.06567219831788793,0.02597253429463993,0.1],""provenance"":{""query_status"":""FINITE"",""map_input"":""REPRESENTED_GAUSSIAN_SPHERE_ONLY"",""reference_input"":false,""active_primitive_id"":936984,""active_primitive_center"":[1.0499999523162842,0.28999999165534973,1.8300000429153442],""normal_source"":""REPRESENTED_SPHERE_OUTWARD_NORMAL"",""frame_status"":""AVAILABLE""},""duplicate_of"":null},{""slot_index"":5,""candidate_id"":""ALT-05-BRAKE-BIASED-GOAL-TANGENT"",""source"":""TASK_LOCAL_REPRESENTED_MAP_DIRECTIONAL_V1"",""formula"":""u_box(normalize(project_Hv(b_hat+t_g)))"",""availability"":""AVAILABLE"",""acceleration"":[0.0402103598586455,-0.04824983634352971,0.1],""provenance"":{""query_status"":""FINITE"",""map_input"":""REPRESENTED_GAUSSIAN_SPHERE_ONLY"",""reference_input"":false,""active_primitive_id"":936984,""active_primitive_center"":[1.0499999523162842,0.28999999165534973,1.8300000429153442],""normal_source"":""REPRESENTED_SPHERE_OUTWARD_NORMAL"",""frame_status"":""AVAILABLE""},""duplicate_of"":null},{""slot_index"":6,""candidate_id"":""ALT-06-BRAKE-BIASED-OUTWARD"",""source"":""TASK_LOCAL_REPRESENTED_MAP_DIRECTIONAL_V1"",""formula"":""u_box(normalize(project_Hv(b_hat+n)))"",""availability"":""AVAILABLE"",""acceleration"":[0.1,-0.06940977592185354,0.0010142599137037637],""provenance"":{""query_status"":""FINITE"",""map_input"":""REPRESENTED_GAUSSIAN_SPHERE_ONLY"",""reference_input"":false,""active_primitive_id"":936984,""active_primitive_center"":[1.0499999523162842,0.28999999165534973,1.8300000429153442],""normal_source"":""REPRESENTED_SPHERE_OUTWARD_NORMAL"",""frame_status"":""AVAILABLE""},""duplicate_of"":null}]",0,0,0,0,a1e83f1ffaf3d40a2e2291683b6cc821a423439327dae730ac0d80f0bac491d4
ACTIVATED,G5,63f367bfbdf467fdbb667d0bc2d17e7c374a59d5da9f689a7ae158feac14f0eb,"[1.0945530824320724,0.17063033292548943,1.8317443484998848]","[-0.1,0.0,0.0]","[0.4716522991657257,0.12523484230041504,2.2526073455810547]",8f0977d300d1500f616cbdf672c46986622e84ce42ea1cc643ca7c9344c40789,0,diagnostic,REPRESENTED_SPHERE_SURFACE_NEIGHBOR,0.0,AXIS_X_NEG,0.1,-2e-05,-0.0025,936984,0.1344823372554296,0.2942480265571591,"[0.0,-0.1,0.1]",,FINITE,9.9586890613991e-07,False,False,False,,False,False,,,,False,,"[{""slot_index"":1,""candidate_id"":""ALT-01-OUTWARD"",""source"":""TASK_LOCAL_REPRESENTED_MAP_DIRECTIONAL_V1"",""formula"":""u_box(n)"",""availability"":""AVAILABLE"",""acceleration"":[0.037323663810260393,-0.1,0.0014612637776639558],""provenance"":{""query_status"":""FINITE"",""map_input"":""REPRESENTED_GAUSSIAN_SPHERE_ONLY"",""reference_input"":false,""active_primitive_id"":936984,""active_primitive_center"":[1.0499999523162842,0.28999999165534973,1.8300000429153442],""normal_source"":""REPRESENTED_SPHERE_OUTWARD_NORMAL"",""frame_status"":""AVAILABLE""},""duplicate_of"":null},{""slot_index"":2,""candidate_id"":""ALT-02-GOAL-TANGENT"",""source"":""TASK_LOCAL_REPRESENTED_MAP_DIRECTIONAL_V1"",""formula"":""u_box(t_g)"",""availability"":""AVAILABLE"",""acceleration"":[-0.10000000000000002,-0.036226530215496364,0.07508114630186583],""provenance"":{""query_status"":""FINITE"",""map_input"":""REPRESENTED_GAUSSIAN_SPHERE_ONLY"",""reference_input"":false,""active_primitive_id"":936984,""active_primitive_center"":[1.0499999523162842,0.28999999165534973,1.8300000429153442],""normal_source"":""REPRESENTED_SPHERE_OUTWARD_NORMAL"",""frame_status"":""AVAILABLE""},""duplicate_of"":null},{""slot_index"":3,""candidate_id"":""ALT-03-AUX-TANGENT-POS"",""source"":""TASK_LOCAL_REPRESENTED_MAP_DIRECTIONAL_V1"",""formula"":""u_box(t_a)"",""availability"":""AVAILABLE"",""acceleration"":[-0.06567219831788793,-0.02597253429463993,-0.1],""provenance"":{""query_status"":""FINITE"",""map_input"":""REPRESENTED_GAUSSIAN_SPHERE_ONLY"",""reference_input"":false,""active_primitive_id"":936984,""active_primitive_center"":[1.0499999523162842,0.28999999165534973,1.8300000429153442],""normal_source"":""REPRESENTED_SPHERE_OUTWARD_NORMAL"",""frame_status"":""AVAILABLE""},""duplicate_of"":null},{""slot_index"":4,""candidate_id"":""ALT-04-AUX-TANGENT-NEG"",""source"":""TASK_LOCAL_REPRESENTED_MAP_DIRECTIONAL_V1"",""formula"":""u_box(-t_a)"",""availability"":""AVAILABLE"",""acceleration"":[0.06567219831788793,0.02597253429463993,0.1],""provenance"":{""query_status"":""FINITE"",""map_input"":""REPRESENTED_GAUSSIAN_SPHERE_ONLY"",""reference_input"":false,""active_primitive_id"":936984,""active_primitive_center"":[1.0499999523162842,0.28999999165534973,1.8300000429153442],""normal_source"":""REPRESENTED_SPHERE_OUTWARD_NORMAL"",""frame_status"":""AVAILABLE""},""duplicate_of"":null},{""slot_index"":5,""candidate_id"":""ALT-05-BRAKE-BIASED-GOAL-TANGENT"",""source"":""TASK_LOCAL_REPRESENTED_MAP_DIRECTIONAL_V1"",""formula"":""u_box(normalize(project_Hv(b_hat+t_g)))"",""availability"":""AVAILABLE"",""acceleration"":[0.0402103598586455,-0.04824983634352971,0.1],""provenance"":{""query_status"":""FINITE"",""map_input"":""REPRESENTED_GAUSSIAN_SPHERE_ONLY"",""reference_input"":false,""active_primitive_id"":936984,""active_primitive_center"":[1.0499999523162842,0.28999999165534973,1.8300000429153442],""normal_source"":""REPRESENTED_SPHERE_OUTWARD_NORMAL"",""frame_status"":""AVAILABLE""},""duplicate_of"":null},{""slot_index"":6,""candidate_id"":""ALT-06-BRAKE-BIASED-OUTWARD"",""source"":""TASK_LOCAL_REPRESENTED_MAP_DIRECTIONAL_V1"",""formula"":""u_box(normalize(project_Hv(b_hat+n)))"",""availability"":""AVAILABLE"",""acceleration"":[0.1,-0.06940977592185354,0.0010142599137037637],""provenance"":{""query_status"":""FINITE"",""map_input"":""REPRESENTED_GAUSSIAN_SPHERE_ONLY"",""reference_input"":false,""active_primitive_id"":936984,""active_primitive_center"":[1.0499999523162842,0.28999999165534973,1.8300000429153442],""normal_source"":""REPRESENTED_SPHERE_OUTWARD_NORMAL"",""frame_status"":""AVAILABLE""},""duplicate_of"":null}]",0,0,0,0,397428eba343eebad82f007859692c2111a5ce79d3fc89f5e73d513f17a61273
ACTIVATED,G5,68b0f37ae8be205222bdb9ee2af598e380f218a844aeefcb7a91fac1ea3c91a0,"[1.0926160381628685,0.16998076939873707,1.8331851561636128]","[-0.008362620865190141,0.02355155881467443,-0.0006250197309028147]","[0.4716522991657257,0.12523484230041504,2.2526073455810547]",8f0977d300d1500f616cbdf672c46986622e84ce42ea1cc643ca7c9344c40789,0,diagnostic,REPRESENTED_SPHERE_SURFACE_NEIGHBOR,0.0,INWARD_NORMAL,0.025,-2e-05,0.0,936984,0.13441686545304082,0.2942480265571591,"[-0.09163737913480986,-0.1,0.1]",,FINITE,-4.3995999999945495e-06,False,False,False,,False,False,,,,False,,"[{""slot_index"":1,""candidate_id"":""ALT-01-OUTWARD"",""source"":""TASK_LOCAL_REPRESENTED_MAP_DIRECTIONAL_V1"",""formula"":""u_box(n)"",""availability"":""AVAILABLE"",""acceleration"":[0.035507717051746074,-0.1,0.0026538359342626427],""provenance"":{""query_status"":""FINITE"",""map_input"":""REPRESENTED_GAUSSIAN_SPHERE_ONLY"",""reference_input"":false,""active_primitive_id"":936984,""active_primitive_center"":[1.0499999523162842,0.28999999165534973,1.8300000429153442],""normal_source"":""REPRESENTED_SPHERE_OUTWARD_NORMAL"",""frame_status"":""AVAILABLE""},""duplicate_of"":null},{""slot_index"":2,""candidate_id"":""ALT-02-GOAL-TANGENT"",""source"":""TASK_LOCAL_REPRESENTED_MAP_DIRECTIONAL_V1"",""formula"":""u_box(t_g)"",""availability"":""AVAILABLE"",""acceleration"":[-0.10000000000000002,-0.03353374711561546,0.07438176228776898],""provenance"":{""query_status"":""FINITE"",""map_input"":""REPRESENTED_GAUSSIAN_SPHERE_ONLY"",""reference_input"":false,""active_primitive_id"":936984,""active_primitive_center"":[1.0499999523162842,0.28999999165534973,1.8300000429153442],""normal_source"":""REPRESENTED_SPHERE_OUTWARD_NORMAL"",""frame_status"":""AVAILABLE""},""duplicate_of"":null},{""slot_index"":3,""candidate_id"":""ALT-03-AUX-TANGENT-POS"",""source"":""TASK_LOCAL_REPRESENTED_MAP_DIRECTIONAL_V1"",""formula"":""u_box(t_a)"",""availability"":""AVAILABLE"",""acceleration"":[-0.06567219831788797,-0.025972534294639842,-0.1],""provenance"":{""query_status"":""FINITE"",""map_input"":""REPRESENTED_GAUSSIAN_SPHERE_ONLY"",""reference_input"":false,""active_primitive_id"":936984,""active_primitive_center"":[1.0499999523162842,0.28999999165534973,1.8300000429153442],""normal_source"":""REPRESENTED_SPHERE_OUTWARD_NORMAL"",""frame_status"":""AVAILABLE""},""duplicate_of"":null},{""slot_index"":4,""candidate_id"":""ALT-04-AUX-TANGENT-NEG"",""source"":""TASK_LOCAL_REPRESENTED_MAP_DIRECTIONAL_V1"",""formula"":""u_box(-t_a)"",""availability"":""AVAILABLE"",""acceleration"":[0.06567219831788797,0.025972534294639842,0.1],""provenance"":{""query_status"":""FINITE"",""map_input"":""REPRESENTED_GAUSSIAN_SPHERE_ONLY"",""reference_input"":false,""active_primitive_id"":936984,""active_primitive_center"":[1.0499999523162842,0.28999999165534973,1.8300000429153442],""normal_source"":""REPRESENTED_SPHERE_OUTWARD_NORMAL"",""frame_status"":""AVAILABLE""},""duplicate_of"":null},{""slot_index"":5,""candidate_id"":""ALT-05-BRAKE-BIASED-GOAL-TANGENT"",""source"":""TASK_LOCAL_REPRESENTED_MAP_DIRECTIONAL_V1"",""formula"":""u_box(normalize(project_Hv(b_hat+t_g)))"",""availability"":""AVAILABLE"",""acceleration"":[-0.0073074238449416275,-0.1,0.06890485231484675],""provenance"":{""query_status"":""FINITE"",""map_input"":""REPRESENTED_GAUSSIAN_SPHERE_ONLY"",""reference_input"":false,""active_primitive_id"":936984,""active_primitive_center"":[1.0499999523162842,0.28999999165534973,1.8300000429153442],""normal_source"":""REPRESENTED_SPHERE_OUTWARD_NORMAL"",""frame_status"":""AVAILABLE""},""duplicate_of"":null},{""slot_index"":6,""candidate_id"":""ALT-06-BRAKE-BIASED-OUTWARD"",""source"":""TASK_LOCAL_REPRESENTED_MAP_DIRECTIONAL_V1"",""formula"":""u_box(normalize(project_Hv(b_hat+n)))"",""availability"":""AVAILABLE"",""acceleration"":[0.06309833178131581,-0.1,0.0068663183373840996],""provenance"":{""query_status"":""FINITE"",""map_input"":""REPRESENTED_GAUSSIAN_SPHERE_ONLY"",""reference_input"":false,""active_primitive_id"":936984,""active_primitive_center"":[1.0499999523162842,0.28999999165534973,1.8300000429153442],""normal_source"":""REPRESENTED_SPHERE_OUTWARD_NORMAL"",""frame_status"":""AVAILABLE""},""duplicate_of"":null}]",0,0,0,0,23d0636d6cf655465f7069383141c4d9f5047addb6a24eca3d851e038d66e7d3
ACTIVATED,G5,aac05dd8cf91b3c218a6873150c768e466d844ade307e6e0691a165b448d2a23,"[1.0945530824320724,0.17063033292548943,1.8317443484998848]","[0.0,0.075,0.0]","[0.4716522991657257,0.12523484230041504,2.2526073455810547]",8f0977d300d1500f616cbdf672c46986622e84ce42ea1cc643ca7c9344c40789,0,diagnostic,REPRESENTED_SPHERE_SURFACE_NEIGHBOR,0.0,AXIS_Y_POS,0.075,-2e-05,-0.0025,936984,0.1344823372554296,0.2942480265571591,"[-0.1,-0.1,0.1]",,FINITE,9.9586890613991e-07,False,False,False,,False,False,,,,False,,"[{""slot_index"":1,""candidate_id"":""ALT-01-OUTWARD"",""source"":""TASK_LOCAL_REPRESENTED_MAP_DIRECTIONAL_V1"",""formula"":""u_box(n)"",""availability"":""AVAILABLE"",""acceleration"":[0.037323663810260393,-0.1,0.0014612637776639558],""provenance"":{""query_status"":""FINITE"",""map_input"":""REPRESENTED_GAUSSIAN_SPHERE_ONLY"",""reference_input"":false,""active_primitive_id"":936984,""active_primitive_center"":[1.0499999523162842,0.28999999165534973,1.8300000429153442],""normal_source"":""REPRESENTED_SPHERE_OUTWARD_NORMAL"",""frame_status"":""AVAILABLE""},""duplicate_of"":null},{""slot_index"":2,""candidate_id"":""ALT-02-GOAL-TANGENT"",""source"":""TASK_LOCAL_REPRESENTED_MAP_DIRECTIONAL_V1"",""formula"":""u_box(t_g)"",""availability"":""AVAILABLE"",""acceleration"":[-0.10000000000000002,-0.036226530215496364,0.07508114630186583],""provenance"":{""query_status"":""FINITE"",""map_input"":""REPRESENTED_GAUSSIAN_SPHERE_ONLY"",""reference_input"":false,""active_primitive_id"":936984,""active_primitive_center"":[1.0499999523162842,0.28999999165534973,1.8300000429153442],""normal_source"":""REPRESENTED_SPHERE_OUTWARD_NORMAL"",""frame_status"":""AVAILABLE""},""duplicate_of"":null},{""slot_index"":3,""candidate_id"":""ALT-03-AUX-TANGENT-POS"",""source"":""TASK_LOCAL_REPRESENTED_MAP_DIRECTIONAL_V1"",""formula"":""u_box(t_a)"",""availability"":""AVAILABLE"",""acceleration"":[-0.06567219831788793,-0.02597253429463993,-0.1],""provenance"":{""query_status"":""FINITE"",""map_input"":""REPRESENTED_GAUSSIAN_SPHERE_ONLY"",""reference_input"":false,""active_primitive_id"":936984,""active_primitive_center"":[1.0499999523162842,0.28999999165534973,1.8300000429153442],""normal_source"":""REPRESENTED_SPHERE_OUTWARD_NORMAL"",""frame_status"":""AVAILABLE""},""duplicate_of"":null},{""slot_index"":4,""candidate_id"":""ALT-04-AUX-TANGENT-NEG"",""source"":""TASK_LOCAL_REPRESENTED_MAP_DIRECTIONAL_V1"",""formula"":""u_box(-t_a)"",""availability"":""AVAILABLE"",""acceleration"":[0.06567219831788793,0.02597253429463993,0.1],""provenance"":{""query_status"":""FINITE"",""map_input"":""REPRESENTED_GAUSSIAN_SPHERE_ONLY"",""reference_input"":false,""active_primitive_id"":936984,""active_primitive_center"":[1.0499999523162842,0.28999999165534973,1.8300000429153442],""normal_source"":""REPRESENTED_SPHERE_OUTWARD_NORMAL"",""frame_status"":""AVAILABLE""},""duplicate_of"":null},{""slot_index"":5,""candidate_id"":""ALT-05-BRAKE-BIASED-GOAL-TANGENT"",""source"":""TASK_LOCAL_REPRESENTED_MAP_DIRECTIONAL_V1"",""formula"":""u_box(normalize(project_Hv(b_hat+t_g)))"",""availability"":""AVAILABLE"",""acceleration"":[-0.06009004036002835,-0.1,0.045116291115563104],""provenance"":{""query_status"":""FINITE"",""map_input"":""REPRESENTED_GAUSSIAN_SPHERE_ONLY"",""reference_input"":false,""active_primitive_id"":936984,""active_primitive_center"":[1.0499999523162842,0.28999999165534973,1.8300000429153442],""normal_source"":""REPRESENTED_SPHERE_OUTWARD_NORMAL"",""frame_status"":""AVAILABLE""},""duplicate_of"":null},{""slot_index"":6,""candidate_id"":""ALT-06-BRAKE-BIASED-OUTWARD"",""source"":""TASK_LOCAL_REPRESENTED_MAP_DIRECTIONAL_V1"",""formula"":""u_box(normalize(project_Hv(b_hat+n)))"",""availability"":""AVAILABLE"",""acceleration"":[0.018052709936129972,-0.1,0.0007067840727653599],""provenance"":{""query_status"":""FINITE"",""map_input"":""REPRESENTED_GAUSSIAN_SPHERE_ONLY"",""reference_input"":false,""active_primitive_id"":936984,""active_primitive_center"":[1.0499999523162842,0.28999999165534973,1.8300000429153442],""normal_source"":""REPRESENTED_SPHERE_OUTWARD_NORMAL"",""frame_status"":""AVAILABLE""},""duplicate_of"":null}]",0,0,0,0,c46cbe55a5cb24fed9a30e9ed9d81a5bdf95a1caa986302c6dcb3a820f0bacb9
ACTIVATED,G5,b8253746122444ac0c2c7289f2d9f1c585ae4a5be43fa56005a856d8bc2be19c,"[1.0945530824320724,0.17063033292548943,1.8317443484998848]","[0.0,0.0,-0.1]","[0.4716522991657257,0.12523484230041504,2.2526073455810547]",8f0977d300d1500f616cbdf672c46986622e84ce42ea1cc643ca7c9344c40789,0,diagnostic,REPRESENTED_SPHERE_SURFACE_NEIGHBOR,0.0,AXIS_Z_NEG,0.1,-2e-05,-0.0025,936984,0.1344823372554296,0.2942480265571591,"[-0.1,-0.1,0.1]",,FINITE,9.9586890613991e-07,True,False,False,,False,False,,,,False,,"[{""slot_index"":1,""candidate_id"":""ALT-01-OUTWARD"",""source"":""TASK_LOCAL_REPRESENTED_MAP_DIRECTIONAL_V1"",""formula"":""u_box(n)"",""availability"":""AVAILABLE"",""acceleration"":[0.037323663810260393,-0.1,0.0014612637776639558],""provenance"":{""query_status"":""FINITE"",""map_input"":""REPRESENTED_GAUSSIAN_SPHERE_ONLY"",""reference_input"":false,""active_primitive_id"":936984,""active_primitive_center"":[1.0499999523162842,0.28999999165534973,1.8300000429153442],""normal_source"":""REPRESENTED_SPHERE_OUTWARD_NORMAL"",""frame_status"":""AVAILABLE""},""duplicate_of"":null},{""slot_index"":2,""candidate_id"":""ALT-02-GOAL-TANGENT"",""source"":""TASK_LOCAL_REPRESENTED_MAP_DIRECTIONAL_V1"",""formula"":""u_box(t_g)"",""availability"":""AVAILABLE"",""acceleration"":[-0.10000000000000002,-0.036226530215496364,0.07508114630186583],""provenance"":{""query_status"":""FINITE"",""map_input"":""REPRESENTED_GAUSSIAN_SPHERE_ONLY"",""reference_input"":false,""active_primitive_id"":936984,""active_primitive_center"":[1.0499999523162842,0.28999999165534973,1.8300000429153442],""normal_source"":""REPRESENTED_SPHERE_OUTWARD_NORMAL"",""frame_status"":""AVAILABLE""},""duplicate_of"":null},{""slot_index"":3,""candidate_id"":""ALT-03-AUX-TANGENT-POS"",""source"":""TASK_LOCAL_REPRESENTED_MAP_DIRECTIONAL_V1"",""formula"":""u_box(t_a)"",""availability"":""AVAILABLE"",""acceleration"":[-0.06567219831788793,-0.02597253429463993,-0.1],""provenance"":{""query_status"":""FINITE"",""map_input"":""REPRESENTED_GAUSSIAN_SPHERE_ONLY"",""reference_input"":false,""active_primitive_id"":936984,""active_primitive_center"":[1.0499999523162842,0.28999999165534973,1.8300000429153442],""normal_source"":""REPRESENTED_SPHERE_OUTWARD_NORMAL"",""frame_status"":""AVAILABLE""},""duplicate_of"":null},{""slot_index"":4,""candidate_id"":""ALT-04-AUX-TANGENT-NEG"",""source"":""TASK_LOCAL_REPRESENTED_MAP_DIRECTIONAL_V1"",""formula"":""u_box(-t_a)"",""availability"":""AVAILABLE"",""acceleration"":[0.06567219831788793,0.02597253429463993,0.1],""provenance"":{""query_status"":""FINITE"",""map_input"":""REPRESENTED_GAUSSIAN_SPHERE_ONLY"",""reference_input"":false,""active_primitive_id"":936984,""active_primitive_center"":[1.0499999523162842,0.28999999165534973,1.8300000429153442],""normal_source"":""REPRESENTED_SPHERE_OUTWARD_NORMAL"",""frame_status"":""AVAILABLE""},""duplicate_of"":null},{""slot_index"":5,""candidate_id"":""ALT-05-BRAKE-BIASED-GOAL-TANGENT"",""source"":""TASK_LOCAL_REPRESENTED_MAP_DIRECTIONAL_V1"",""formula"":""u_box(normalize(project_Hv(b_hat+t_g)))"",""availability"":""AVAILABLE"",""acceleration"":[-0.048715958072717044,-0.017648101270981376,0.1],""provenance"":{""query_status"":""FINITE"",""map_input"":""REPRESENTED_GAUSSIAN_SPHERE_ONLY"",""reference_input"":false,""active_primitive_id"":936984,""active_primitive_center"":[1.0499999523162842,0.28999999165534973,1.8300000429153442],""normal_source"":""REPRESENTED_SPHERE_OUTWARD_NORMAL"",""frame_status"":""AVAILABLE""},""duplicate_of"":null},{""slot_index"":6,""candidate_id"":""ALT-06-BRAKE-BIASED-OUTWARD"",""source"":""TASK_LOCAL_REPRESENTED_MAP_DIRECTIONAL_V1"",""formula"":""u_box(normalize(project_Hv(b_hat+n)))"",""availability"":""AVAILABLE"",""acceleration"":[0.03449203198605393,-0.09241330690737805,0.1],""provenance"":{""query_status"":""FINITE"",""map_input"":""REPRESENTED_GAUSSIAN_SPHERE_ONLY"",""reference_input"":false,""active_primitive_id"":936984,""active_primitive_center"":[1.0499999523162842,0.28999999165534973,1.8300000429153442],""normal_source"":""REPRESENTED_SPHERE_OUTWARD_NORMAL"",""frame_status"":""AVAILABLE""},""duplicate_of"":null}]",0,0,0,0,a675936e266857cae1fc6786b511183ce50ce6bd56b1e50f2a3cc33f9a45ef9d
ACTIVATED,G5,beaa1e6dbad2716f7cbd941c313ceae058161ba8643b3948d5f3e70e30201cd5,"[1.0945530824320724,0.17063033292548943,1.8317443484998848]","[0.0,0.05,0.0]","[0.4716522991657257,0.12523484230041504,2.2526073455810547]",8f0977d300d1500f616cbdf672c46986622e84ce42ea1cc643ca7c9344c40789,0,diagnostic,REPRESENTED_SPHERE_SURFACE_NEIGHBOR,0.0,AXIS_Y_POS,0.05,-2e-05,-0.0025,936984,0.1344823372554296,0.2942480265571591,"[-0.1,-0.1,0.1]",,FINITE,9.9586890613991e-07,False,False,False,,False,False,,,,False,,"[{""slot_index"":1,""candidate_id"":""ALT-01-OUTWARD"",""source"":""TASK_LOCAL_REPRESENTED_MAP_DIRECTIONAL_V1"",""formula"":""u_box(n)"",""availability"":""AVAILABLE"",""acceleration"":[0.037323663810260393,-0.1,0.0014612637776639558],""provenance"":{""query_status"":""FINITE"",""map_input"":""REPRESENTED_GAUSSIAN_SPHERE_ONLY"",""reference_input"":false,""active_primitive_id"":936984,""active_primitive_center"":[1.0499999523162842,0.28999999165534973,1.8300000429153442],""normal_source"":""REPRESENTED_SPHERE_OUTWARD_NORMAL"",""frame_status"":""AVAILABLE""},""duplicate_of"":null},{""slot_index"":2,""candidate_id"":""ALT-02-GOAL-TANGENT"",""source"":""TASK_LOCAL_REPRESENTED_MAP_DIRECTIONAL_V1"",""formula"":""u_box(t_g)"",""availability"":""AVAILABLE"",""acceleration"":[-0.10000000000000002,-0.036226530215496364,0.07508114630186583],""provenance"":{""query_status"":""FINITE"",""map_input"":""REPRESENTED_GAUSSIAN_SPHERE_ONLY"",""reference_input"":false,""active_primitive_id"":936984,""active_primitive_center"":[1.0499999523162842,0.28999999165534973,1.8300000429153442],""normal_source"":""REPRESENTED_SPHERE_OUTWARD_NORMAL"",""frame_status"":""AVAILABLE""},""duplicate_of"":null},{""slot_index"":3,""candidate_id"":""ALT-03-AUX-TANGENT-POS"",""source"":""TASK_LOCAL_REPRESENTED_MAP_DIRECTIONAL_V1"",""formula"":""u_box(t_a)"",""availability"":""AVAILABLE"",""acceleration"":[-0.06567219831788793,-0.02597253429463993,-0.1],""provenance"":{""query_status"":""FINITE"",""map_input"":""REPRESENTED_GAUSSIAN_SPHERE_ONLY"",""reference_input"":false,""active_primitive_id"":936984,""active_primitive_center"":[1.0499999523162842,0.28999999165534973,1.8300000429153442],""normal_source"":""REPRESENTED_SPHERE_OUTWARD_NORMAL"",""frame_status"":""AVAILABLE""},""duplicate_of"":null},{""slot_index"":4,""candidate_id"":""ALT-04-AUX-TANGENT-NEG"",""source"":""TASK_LOCAL_REPRESENTED_MAP_DIRECTIONAL_V1"",""formula"":""u_box(-t_a)"",""availability"":""AVAILABLE"",""acceleration"":[0.06567219831788793,0.02597253429463993,0.1],""provenance"":{""query_status"":""FINITE"",""map_input"":""REPRESENTED_GAUSSIAN_SPHERE_ONLY"",""reference_input"":false,""active_primitive_id"":936984,""active_primitive_center"":[1.0499999523162842,0.28999999165534973,1.8300000429153442],""normal_source"":""REPRESENTED_SPHERE_OUTWARD_NORMAL"",""frame_status"":""AVAILABLE""},""duplicate_of"":null},{""slot_index"":5,""candidate_id"":""ALT-05-BRAKE-BIASED-GOAL-TANGENT"",""source"":""TASK_LOCAL_REPRESENTED_MAP_DIRECTIONAL_V1"",""formula"":""u_box(normalize(project_Hv(b_hat+t_g)))"",""availability"":""AVAILABLE"",""acceleration"":[-0.06009004036002835,-0.1,0.045116291115563104],""provenance"":{""query_status"":""FINITE"",""map_input"":""REPRESENTED_GAUSSIAN_SPHERE_ONLY"",""reference_input"":false,""active_primitive_id"":936984,""active_primitive_center"":[1.0499999523162842,0.28999999165534973,1.8300000429153442],""normal_source"":""REPRESENTED_SPHERE_OUTWARD_NORMAL"",""frame_status"":""AVAILABLE""},""duplicate_of"":null},{""slot_index"":6,""candidate_id"":""ALT-06-BRAKE-BIASED-OUTWARD"",""source"":""TASK_LOCAL_REPRESENTED_MAP_DIRECTIONAL_V1"",""formula"":""u_box(normalize(project_Hv(b_hat+n)))"",""availability"":""AVAILABLE"",""acceleration"":[0.018052709936129972,-0.1,0.0007067840727653599],""provenance"":{""query_status"":""FINITE"",""map_input"":""REPRESENTED_GAUSSIAN_SPHERE_ONLY"",""reference_input"":false,""active_primitive_id"":936984,""active_primitive_center"":[1.0499999523162842,0.28999999165534973,1.8300000429153442],""normal_source"":""REPRESENTED_SPHERE_OUTWARD_NORMAL"",""frame_status"":""AVAILABLE""},""duplicate_of"":null}]",0,0,0,0,867ed0f2d8b5b68167c12c41c3f01d0e6637dc854fd3aca8ccec8ea028ff6eb0
ACTIVATED,G5,e1c91dd5d203d9beb591bea5e63909687cbec408dceccb504e45941223533b70,"[1.0945530824320724,0.17063033292548943,1.8317443484998848]","[0.0,0.1,0.0]","[0.4716522991657257,0.12523484230041504,2.2526073455810547]",8f0977d300d1500f616cbdf672c46986622e84ce42ea1cc643ca7c9344c40789,0,diagnostic,REPRESENTED_SPHERE_SURFACE_NEIGHBOR,0.0,AXIS_Y_POS,0.1,-2e-05,-0.0025,936984,0.1344823372554296,0.2942480265571591,"[-0.1,-0.1,0.1]",,FINITE,9.9586890613991e-07,False,False,False,,False,False,,,,False,,"[{""slot_index"":1,""candidate_id"":""ALT-01-OUTWARD"",""source"":""TASK_LOCAL_REPRESENTED_MAP_DIRECTIONAL_V1"",""formula"":""u_box(n)"",""availability"":""AVAILABLE"",""acceleration"":[0.037323663810260393,-0.1,0.0014612637776639558],""provenance"":{""query_status"":""FINITE"",""map_input"":""REPRESENTED_GAUSSIAN_SPHERE_ONLY"",""reference_input"":false,""active_primitive_id"":936984,""active_primitive_center"":[1.0499999523162842,0.28999999165534973,1.8300000429153442],""normal_source"":""REPRESENTED_SPHERE_OUTWARD_NORMAL"",""frame_status"":""AVAILABLE""},""duplicate_of"":null},{""slot_index"":2,""candidate_id"":""ALT-02-GOAL-TANGENT"",""source"":""TASK_LOCAL_REPRESENTED_MAP_DIRECTIONAL_V1"",""formula"":""u_box(t_g)"",""availability"":""AVAILABLE"",""acceleration"":[-0.10000000000000002,-0.036226530215496364,0.07508114630186583],""provenance"":{""query_status"":""FINITE"",""map_input"":""REPRESENTED_GAUSSIAN_SPHERE_ONLY"",""reference_input"":false,""active_primitive_id"":936984,""active_primitive_center"":[1.0499999523162842,0.28999999165534973,1.8300000429153442],""normal_source"":""REPRESENTED_SPHERE_OUTWARD_NORMAL"",""frame_status"":""AVAILABLE""},""duplicate_of"":null},{""slot_index"":3,""candidate_id"":""ALT-03-AUX-TANGENT-POS"",""source"":""TASK_LOCAL_REPRESENTED_MAP_DIRECTIONAL_V1"",""formula"":""u_box(t_a)"",""availability"":""AVAILABLE"",""acceleration"":[-0.06567219831788793,-0.02597253429463993,-0.1],""provenance"":{""query_status"":""FINITE"",""map_input"":""REPRESENTED_GAUSSIAN_SPHERE_ONLY"",""reference_input"":false,""active_primitive_id"":936984,""active_primitive_center"":[1.0499999523162842,0.28999999165534973,1.8300000429153442],""normal_source"":""REPRESENTED_SPHERE_OUTWARD_NORMAL"",""frame_status"":""AVAILABLE""},""duplicate_of"":null},{""slot_index"":4,""candidate_id"":""ALT-04-AUX-TANGENT-NEG"",""source"":""TASK_LOCAL_REPRESENTED_MAP_DIRECTIONAL_V1"",""formula"":""u_box(-t_a)"",""availability"":""AVAILABLE"",""acceleration"":[0.06567219831788793,0.02597253429463993,0.1],""provenance"":{""query_status"":""FINITE"",""map_input"":""REPRESENTED_GAUSSIAN_SPHERE_ONLY"",""reference_input"":false,""active_primitive_id"":936984,""active_primitive_center"":[1.0499999523162842,0.28999999165534973,1.8300000429153442],""normal_source"":""REPRESENTED_SPHERE_OUTWARD_NORMAL"",""frame_status"":""AVAILABLE""},""duplicate_of"":null},{""slot_index"":5,""candidate_id"":""ALT-05-BRAKE-BIASED-GOAL-TANGENT"",""source"":""TASK_LOCAL_REPRESENTED_MAP_DIRECTIONAL_V1"",""formula"":""u_box(normalize(project_Hv(b_hat+t_g)))"",""availability"":""AVAILABLE"",""acceleration"":[-0.06009004036002835,-0.1,0.045116291115563104],""provenance"":{""query_status"":""FINITE"",""map_input"":""REPRESENTED_GAUSSIAN_SPHERE_ONLY"",""reference_input"":false,""active_primitive_id"":936984,""active_primitive_center"":[1.0499999523162842,0.28999999165534973,1.8300000429153442],""normal_source"":""REPRESENTED_SPHERE_OUTWARD_NORMAL"",""frame_status"":""AVAILABLE""},""duplicate_of"":null},{""slot_index"":6,""candidate_id"":""ALT-06-BRAKE-BIASED-OUTWARD"",""source"":""TASK_LOCAL_REPRESENTED_MAP_DIRECTIONAL_V1"",""formula"":""u_box(normalize(project_Hv(b_hat+n)))"",""availability"":""AVAILABLE"",""acceleration"":[0.018052709936129972,-0.1,0.0007067840727653599],""provenance"":{""query_status"":""FINITE"",""map_input"":""REPRESENTED_GAUSSIAN_SPHERE_ONLY"",""reference_input"":false,""active_primitive_id"":936984,""active_primitive_center"":[1.0499999523162842,0.28999999165534973,1.8300000429153442],""normal_source"":""REPRESENTED_SPHERE_OUTWARD_NORMAL"",""frame_status"":""AVAILABLE""},""duplicate_of"":null}]",0,0,0,0,421a4b586db2cf50becca76057e52014d573b7ce684c5c8a498e17daa3c4817c
