{
  "candidate": "S2_POINT_TO_PLANE_LOSS",
  "formal_training": false,
  "normal_angular_mean_deg": 56.1678352355957,
  "normal_angular_median_deg": 58.83210754394531,
  "normal_lt_11_25": 0.023327714078515815,
  "normal_lt_22_5": 0.08947261828873394,
  "normal_lt_30": 0.15256239655344442,
  "normal_orientation": "abs(dot) for local sign ambiguity",
  "point_to_plane_mae": 0.21124087274074554,
  "point_to_plane_rmse": 0.352936327457428,
  "surface_valid_pixel_count": 13450182
}
