{"finite_ratio":1.0,"median_normalized_error":0.07184165747539022,"p99_normalized_error":0.5246179643156414,"max_normalized_error":1.1172214046847795,"hvp_median":0.05373049420511907,"hvp_p99":0.47540094010984607,"hvp_max":1.8929223519670877,"symmetry_max":0.0,"status":"FAIL_WORLD_FRAME"}
