{"finite_ratio":1.0,"median_normalized_error":2.3447445571219086e-08,"p99_normalized_error":7.424997930811386e-08,"max_normalized_error":2.5236702621774145e-07,"hvp_median":1.806880680131079e-08,"hvp_p99":7.20737224307609e-08,"hvp_max":2.9898576439466176e-07,"symmetry_max":1.6941607274311262e-16,"status":"PASS_REGULAR_SYNTHETIC_BUT_NOT_RUNTIME_PATCHED"}
