{"finite_ratio":1.0,"median_normalized_error":2.0855915983465192e-07,"p99_normalized_error":0.00023112908610335885,"max_normalized_error":0.0036938085084639856,"hvp_median":1.3604419931364442e-07,"hvp_p99":0.00015742558549490158,"hvp_max":0.00731554308122901,"symmetry_max":1.4850796850730543e-16,"status":"PASS_REGULAR_SYNTHETIC_CANDIDATE"}
