{
  "frozen_c3_3k": {"AbsRel": 0.3329618806779451, "delta1": 0.4568739114750355, "median_ratio": 1.0041860342025757},
  "r0_retry1_step3000": {"AbsRel": 0.45292149097825196, "delta1": 0.36410140404594604, "median_ratio": 1.2849347591400146},
  "r0_retry2_step3000": {"AbsRel": 0.4222357134916553, "delta1": 0.3943466316193778, "median_ratio": 1.23445463180542},
  "tolerance": {"AbsRel": 0.02, "delta1": 0.03, "median_ratio": 0.05},
  "status": "BLOCKED_BY_C3_REFINEMENT_BASELINE_NONREPRODUCIBLE"
}
