frame_index,frame_id,location_id,source_candidate_id,location_hash,source_navmesh_position,camera_world_position,base_yaw_deg,yaw_slot,yaw_offset_deg,final_yaw_deg,quaternion_xyzw,camera_to_world,split,independent_valid_hit_fraction,independent_front_facing_fraction,habitat_rgb_nonzero_fraction,habitat_depth_positive_fraction,qualification_status,scene_id,mesh_sha256,navmesh_sha256,protocol_contract_sha256,selected_registry_sha256,planned_output_identity
0,frame_0000,location_000,candidate_0002,0033737348a250a878f9a838a496342eb558c1a62e98ddf55e3293cc4a1fafb6,"[4.606825828552246,-1.374765157699585,0.15606771409511566]","[4.606825828552246,0.12523484230041504,0.15606771409511566]",39.5946310880973,0,0,39.5946310880973,"[0.0,0.3386938371679262,0.0,0.9408966386721053]","[[0.7705729693289325,0.0,0.6373517858605183,4.606825828552246],[0.0,1.0,-0.0,0.12523484230041504],[-0.6373517858605183,0.0,0.7705729693289325,0.15606771409511566],[0.0,0.0,0.0,1.0]]",train,1.0,1.0,1.0,1.0,INDEPENDENT_AND_HABITAT_TRIPLET_QUALIFIED,apartment_0,274677d9b7caa413230363b68f4aa472e5cc1afe87e422a489fa1b7d844c6182,32296d6457d3855ffe172cf1970364559def5dd15892e149b44d0bc7c6b7e938,ddd147f908537165c40a34b412cd21c3cbfb5a0615871375d02adecbbfaec6f7,84edb118f01fe1460ff64be4b6ef838f23ed4520740af9f457041b438a7b9f5a,pre_render_not_published/0000
1,frame_0001,location_000,candidate_0002,0033737348a250a878f9a838a496342eb558c1a62e98ddf55e3293cc4a1fafb6,"[4.606825828552246,-1.374765157699585,0.15606771409511566]","[4.606825828552246,0.12523484230041504,0.15606771409511566]",39.5946310880973,1,-60,339.5946310880973,"[0.0,-0.17713085224339845,-0.0,0.9841873100093942]","[[0.9372493223670547,0.0,-0.3486598739782036,4.606825828552246],[-0.0,1.0,-0.0,0.12523484230041504],[0.3486598739782036,0.0,0.9372493223670547,0.15606771409511566],[0.0,0.0,0.0,1.0]]",train,1.0,1.0,1.0,1.0,INDEPENDENT_AND_HABITAT_TRIPLET_QUALIFIED,apartment_0,274677d9b7caa413230363b68f4aa472e5cc1afe87e422a489fa1b7d844c6182,32296d6457d3855ffe172cf1970364559def5dd15892e149b44d0bc7c6b7e938,ddd147f908537165c40a34b412cd21c3cbfb5a0615871375d02adecbbfaec6f7,84edb118f01fe1460ff64be4b6ef838f23ed4520740af9f457041b438a7b9f5a,pre_render_not_published/0001
2,frame_0002,location_000,candidate_0002,0033737348a250a878f9a838a496342eb558c1a62e98ddf55e3293cc4a1fafb6,"[4.606825828552246,-1.374765157699585,0.15606771409511566]","[4.606825828552246,0.12523484230041504,0.15606771409511566]",39.5946310880973,2,60,99.5946310880973,"[0.0,0.7637657864287068,0.0,0.645493472841468]","[[-0.1666763530381221,0.0,0.9860116598387219,4.606825828552246],[0.0,1.0,-0.0,0.12523484230041504],[-0.9860116598387219,0.0,-0.1666763530381221,0.15606771409511566],[0.0,0.0,0.0,1.0]]",train,1.0,1.0,1.0,1.0,INDEPENDENT_AND_HABITAT_TRIPLET_QUALIFIED,apartment_0,274677d9b7caa413230363b68f4aa472e5cc1afe87e422a489fa1b7d844c6182,32296d6457d3855ffe172cf1970364559def5dd15892e149b44d0bc7c6b7e938,ddd147f908537165c40a34b412cd21c3cbfb5a0615871375d02adecbbfaec6f7,84edb118f01fe1460ff64be4b6ef838f23ed4520740af9f457041b438a7b9f5a,pre_render_not_published/0002
3,frame_0003,location_001,candidate_0184,173a97ce689804735920ade69e4793feebc517f6b0f027492fb5048a81af22c1,"[-1.2603076696395874,-1.374765157699585,5.718834400177002]","[-1.2603076696395874,0.12523484230041504,5.718834400177002]",326.498362616475,0,0,326.498362616475,"[0.0,-0.28820995071430827,-0.0,0.9575672427089682]","[[0.833870048618512,0.0,-0.5519608156535756,-1.2603076696395874],[-0.0,1.0,-0.0,0.12523484230041504],[0.5519608156535756,0.0,0.833870048618512,5.718834400177002],[0.0,0.0,0.0,1.0]]",train,0.7222659323367427,0.7222659323367427,0.7370279947916667,0.7370279947916667,INDEPENDENT_AND_HABITAT_TRIPLET_QUALIFIED,apartment_0,274677d9b7caa413230363b68f4aa472e5cc1afe87e422a489fa1b7d844c6182,32296d6457d3855ffe172cf1970364559def5dd15892e149b44d0bc7c6b7e938,ddd147f908537165c40a34b412cd21c3cbfb5a0615871375d02adecbbfaec6f7,84edb118f01fe1460ff64be4b6ef838f23ed4520740af9f457041b438a7b9f5a,pre_render_not_published/0003
4,frame_0004,location_001,candidate_0184,173a97ce689804735920ade69e4793feebc517f6b0f027492fb5048a81af22c1,"[-1.2603076696395874,-1.374765157699585,5.718834400177002]","[-1.2603076696395874,0.12523484230041504,5.718834400177002]",326.498362616475,1,-60,266.498362616475,"[0.0,-0.728380760296536,0.0,0.6851725826606317]","[[-0.06107706394031959,0.0,-0.9981330533853842,-1.2603076696395874],[0.0,1.0,-0.0,0.12523484230041504],[0.9981330533853842,-0.0,-0.06107706394031959,5.718834400177002],[0.0,0.0,0.0,1.0]]",train,0.23918174665617625,0.23918174665617625,0.23505533854166666,0.23505533854166666,INDEPENDENT_AND_HABITAT_TRIPLET_QUALIFIED,apartment_0,274677d9b7caa413230363b68f4aa472e5cc1afe87e422a489fa1b7d844c6182,32296d6457d3855ffe172cf1970364559def5dd15892e149b44d0bc7c6b7e938,ddd147f908537165c40a34b412cd21c3cbfb5a0615871375d02adecbbfaec6f7,84edb118f01fe1460ff64be4b6ef838f23ed4520740af9f457041b438a7b9f5a,pre_render_not_published/0004
5,frame_0005,location_001,candidate_0184,173a97ce689804735920ade69e4793feebc517f6b0f027492fb5048a81af22c1,"[-1.2603076696395874,-1.374765157699585,5.718834400177002]","[-1.2603076696395874,0.12523484230041504,5.718834400177002]",326.498362616475,2,60,26.498362616474992,"[0.0,0.22918648241243225,0.0,0.9733825333749399]","[[0.8949471125588319,0.0,0.4461722377318088,-1.2603076696395874],[0.0,1.0,-0.0,0.12523484230041504],[-0.4461722377318088,0.0,0.8949471125588319,5.718834400177002],[0.0,0.0,0.0,1.0]]",train,0.36664044059795436,0.36664044059795436,0.36263346354166665,0.36263346354166665,INDEPENDENT_AND_HABITAT_TRIPLET_QUALIFIED,apartment_0,274677d9b7caa413230363b68f4aa472e5cc1afe87e422a489fa1b7d844c6182,32296d6457d3855ffe172cf1970364559def5dd15892e149b44d0bc7c6b7e938,ddd147f908537165c40a34b412cd21c3cbfb5a0615871375d02adecbbfaec6f7,84edb118f01fe1460ff64be4b6ef838f23ed4520740af9f457041b438a7b9f5a,pre_render_not_published/0005
6,frame_0006,location_002,candidate_0705,5bedd9b98a4a962a55984c6577bf33a136718fd50ec22f54f6b68ba5ac570e6c,"[4.831280708312988,-1.374765157699585,8.11469841003418]","[4.831280708312988,0.12523484230041504,8.11469841003418]",23.807382419591423,0,0,23.807382419591423,"[0.0,0.20626722420090718,0.0,0.9784956986213341]","[[0.9149076644409053,0.0,0.40366318329430007,4.831280708312988],[0.0,1.0,-0.0,0.12523484230041504],[-0.40366318329430007,0.0,0.9149076644409053,8.11469841003418],[0.0,0.0,0.0,1.0]]",eval,0.4500393391030684,0.4500393391030684,0.4638671875,0.46387044270833333,INDEPENDENT_AND_HABITAT_TRIPLET_QUALIFIED,apartment_0,274677d9b7caa413230363b68f4aa472e5cc1afe87e422a489fa1b7d844c6182,32296d6457d3855ffe172cf1970364559def5dd15892e149b44d0bc7c6b7e938,ddd147f908537165c40a34b412cd21c3cbfb5a0615871375d02adecbbfaec6f7,84edb118f01fe1460ff64be4b6ef838f23ed4520740af9f457041b438a7b9f5a,pre_render_not_published/0006
7,frame_0007,location_002,candidate_0705,5bedd9b98a4a962a55984c6577bf33a136718fd50ec22f54f6b68ba5ac570e6c,"[4.831280708312988,-1.374765157699585,8.11469841003418]","[4.831280708312988,0.12523484230041504,8.11469841003418]",23.807382419591423,1,-60,323.8073824195914,"[0.0,-0.31061519318458103,-0.0,0.9505357446003309]","[[0.8070364035258107,0.0,-0.5905016878757627,4.831280708312988],[-0.0,1.0,-0.0,0.12523484230041504],[0.5905016878757627,0.0,0.8070364035258107,8.11469841003418],[0.0,0.0,0.0,1.0]]",eval,0.15184893784421716,0.15184893784421716,0.14370768229166667,0.14370768229166667,INDEPENDENT_AND_HABITAT_TRIPLET_QUALIFIED,apartment_0,274677d9b7caa413230363b68f4aa472e5cc1afe87e422a489fa1b7d844c6182,32296d6457d3855ffe172cf1970364559def5dd15892e149b44d0bc7c6b7e938,ddd147f908537165c40a34b412cd21c3cbfb5a0615871375d02adecbbfaec6f7,84edb118f01fe1460ff64be4b6ef838f23ed4520740af9f457041b438a7b9f5a,pre_render_not_published/0007
8,frame_0008,location_002,candidate_0705,5bedd9b98a4a962a55984c6577bf33a136718fd50ec22f54f6b68ba5ac570e6c,"[4.831280708312988,-1.374765157699585,8.11469841003418]","[4.831280708312988,0.12523484230041504,8.11469841003418]",23.807382419591423,2,60,83.80738241959142,"[0.0,0.667880505436753,0.0,0.7442685203994237]","[[0.1078712609150946,0.0,0.9941648711700629,4.831280708312988],[0.0,1.0,-0.0,0.12523484230041504],[-0.9941648711700629,0.0,0.1078712609150946,8.11469841003418],[0.0,0.0,0.0,1.0]]",eval,0.1951219512195122,0.1951219512195122,0.19051649305555557,0.190517578125,INDEPENDENT_AND_HABITAT_TRIPLET_QUALIFIED,apartment_0,274677d9b7caa413230363b68f4aa472e5cc1afe87e422a489fa1b7d844c6182,32296d6457d3855ffe172cf1970364559def5dd15892e149b44d0bc7c6b7e938,ddd147f908537165c40a34b412cd21c3cbfb5a0615871375d02adecbbfaec6f7,84edb118f01fe1460ff64be4b6ef838f23ed4520740af9f457041b438a7b9f5a,pre_render_not_published/0008
9,frame_0009,location_003,candidate_0936,7bb6ee812b6eec55dca8be4d0bfed259152636e2a43f507044f225396f7eb2de,"[-0.7150417566299438,1.4252347946166992,0.22988463938236237]","[-0.7150417566299438,2.925234794616699,0.22988463938236237]",199.24707924800262,0,0,199.24707924800262,"[0.0,0.9859274379283902,-0.0,-0.16717382313017878]","[[-0.9441058257200794,0.0,-0.32964251825486207,-0.7150417566299438],[0.0,1.0,-0.0,2.925234794616699],[0.32964251825486207,-0.0,-0.9441058257200794,0.22988463938236237],[0.0,0.0,0.0,1.0]]",train,0.3760818253343824,0.3760818253343824,0.37746202256944444,0.3775325520833333,INDEPENDENT_AND_HABITAT_TRIPLET_QUALIFIED,apartment_0,274677d9b7caa413230363b68f4aa472e5cc1afe87e422a489fa1b7d844c6182,32296d6457d3855ffe172cf1970364559def5dd15892e149b44d0bc7c6b7e938,ddd147f908537165c40a34b412cd21c3cbfb5a0615871375d02adecbbfaec6f7,84edb118f01fe1460ff64be4b6ef838f23ed4520740af9f457041b438a7b9f5a,pre_render_not_published/0009
10,frame_0010,location_003,candidate_0936,7bb6ee812b6eec55dca8be4d0bfed259152636e2a43f507044f225396f7eb2de,"[-0.7150417566299438,1.4252347946166992,0.22988463938236237]","[-0.7150417566299438,2.925234794616699,0.22988463938236237]",199.24707924800262,1,-60,139.24707924800262,"[0.0,0.9374251190991806,0.0,0.3481869412856937]","[[-0.7575317078362258,0.0,0.6527983698070416,-0.7150417566299438],[0.0,1.0,-0.0,2.925234794616699],[-0.6527983698070416,0.0,-0.7575317078362258,0.22988463938236237],[0.0,0.0,0.0,1.0]]",train,0.12745869394177814,0.12745869394177814,0.12130750868055555,0.121376953125,INDEPENDENT_AND_HABITAT_TRIPLET_QUALIFIED,apartment_0,274677d9b7caa413230363b68f4aa472e5cc1afe87e422a489fa1b7d844c6182,32296d6457d3855ffe172cf1970364559def5dd15892e149b44d0bc7c6b7e938,ddd147f908537165c40a34b412cd21c3cbfb5a0615871375d02adecbbfaec6f7,84edb118f01fe1460ff64be4b6ef838f23ed4520740af9f457041b438a7b9f5a,pre_render_not_published/0010
11,frame_0011,location_003,candidate_0936,7bb6ee812b6eec55dca8be4d0bfed259152636e2a43f507044f225396f7eb2de,"[-0.7150417566299438,1.4252347946166992,0.22988463938236237]","[-0.7150417566299438,2.925234794616699,0.22988463938236237]",199.24707924800262,2,60,259.2470792480026,"[0.0,-0.7702512959690021,0.0,0.6377404966426962]","[[-0.18657411788385433,0.0,-0.9824408880619036,-0.7150417566299438],[0.0,1.0,-0.0,2.925234794616699],[0.9824408880619036,-0.0,-0.18657411788385433,0.22988463938236237],[0.0,0.0,0.0,1.0]]",train,0.7419354838709677,0.7419354838709677,0.7491731770833333,0.7491861979166666,INDEPENDENT_AND_HABITAT_TRIPLET_QUALIFIED,apartment_0,274677d9b7caa413230363b68f4aa472e5cc1afe87e422a489fa1b7d844c6182,32296d6457d3855ffe172cf1970364559def5dd15892e149b44d0bc7c6b7e938,ddd147f908537165c40a34b412cd21c3cbfb5a0615871375d02adecbbfaec6f7,84edb118f01fe1460ff64be4b6ef838f23ed4520740af9f457041b438a7b9f5a,pre_render_not_published/0011
12,frame_0012,location_004,candidate_0568,4a58fbadb75255597aa65e2431153d35253fadd1e80c279848d91f4f9dda482a,"[3.0712084770202637,1.4252347946166992,3.9374516010284424]","[3.0712084770202637,2.925234794616699,3.9374516010284424]",29.30957034960476,0,0,29.30957034960476,"[0.0,0.2529945486526217,0.0,0.9674677040356728]","[[0.8719875167041125,0.0,0.48952811023698656,3.0712084770202637],[0.0,1.0,-0.0,2.925234794616699],[-0.48952811023698656,0.0,0.8719875167041125,3.9374516010284424],[0.0,0.0,0.0,1.0]]",train,0.6357199055861527,0.6357199055861527,0.6425065104166666,0.6425065104166666,INDEPENDENT_AND_HABITAT_TRIPLET_QUALIFIED,apartment_0,274677d9b7caa413230363b68f4aa472e5cc1afe87e422a489fa1b7d844c6182,32296d6457d3855ffe172cf1970364559def5dd15892e149b44d0bc7c6b7e938,ddd147f908537165c40a34b412cd21c3cbfb5a0615871375d02adecbbfaec6f7,84edb118f01fe1460ff64be4b6ef838f23ed4520740af9f457041b438a7b9f5a,pre_render_not_published/0012
13,frame_0013,location_004,candidate_0568,4a58fbadb75255597aa65e2431153d35253fadd1e80c279848d91f4f9dda482a,"[3.0712084770202637,1.4252347946166992,3.9374516010284424]","[3.0712084770202637,2.925234794616699,3.9374516010284424]",29.30957034960476,1,-60,329.30957034960477,"[0.0,-0.2646341458656877,-0.0,0.9643488833622083]","[[0.8599375376838759,0.0,-0.5103992861301753,3.0712084770202637],[-0.0,1.0,-0.0,2.925234794616699],[0.5103992861301753,0.0,0.8599375376838759,3.9374516010284424],[0.0,0.0,0.0,1.0]]",train,0.3918174665617624,0.3918174665617624,0.39387369791666665,0.39387369791666665,INDEPENDENT_AND_HABITAT_TRIPLET_QUALIFIED,apartment_0,274677d9b7caa413230363b68f4aa472e5cc1afe87e422a489fa1b7d844c6182,32296d6457d3855ffe172cf1970364559def5dd15892e149b44d0bc7c6b7e938,ddd147f908537165c40a34b412cd21c3cbfb5a0615871375d02adecbbfaec6f7,84edb118f01fe1460ff64be4b6ef838f23ed4520740af9f457041b438a7b9f5a,pre_render_not_published/0013
14,frame_0014,location_004,candidate_0568,4a58fbadb75255597aa65e2431153d35253fadd1e80c279848d91f4f9dda482a,"[3.0712084770202637,1.4252347946166992,3.9374516010284424]","[3.0712084770202637,2.925234794616699,3.9374516010284424]",29.30957034960476,2,60,89.30957034960475,"[0.0,0.702833558169985,0.0,0.7113543347095864]","[[0.012049979020236743,0.0,0.9999273963671622,3.0712084770202637],[0.0,1.0,-0.0,2.925234794616699],[-0.9999273963671622,0.0,0.012049979020236743,3.9374516010284424],[0.0,0.0,0.0,1.0]]",train,0.20298977183320221,0.20298977183320221,0.19815104166666667,0.19815104166666667,INDEPENDENT_AND_HABITAT_TRIPLET_QUALIFIED,apartment_0,274677d9b7caa413230363b68f4aa472e5cc1afe87e422a489fa1b7d844c6182,32296d6457d3855ffe172cf1970364559def5dd15892e149b44d0bc7c6b7e938,ddd147f908537165c40a34b412cd21c3cbfb5a0615871375d02adecbbfaec6f7,84edb118f01fe1460ff64be4b6ef838f23ed4520740af9f457041b438a7b9f5a,pre_render_not_published/0014
15,frame_0015,location_005,candidate_0373,3023efbd04d8db216229e966e5caf9cf32b0f8bd20de940eed03689bbb580c71,"[1.108504295349121,-1.374765157699585,1.834372639656067]","[1.108504295349121,0.12523484230041504,1.834372639656067]",44.9634874019668,0,0,44.9634874019668,"[0.0,0.3823890348736298,0.0,0.9240014209991313]","[[0.7075572520168278,0.0,0.7066560231954406,1.108504295349121],[0.0,1.0,-0.0,0.12523484230041504],[-0.7066560231954406,0.0,0.7075572520168278,1.834372639656067],[0.0,0.0,0.0,1.0]]",train,1.0,1.0,1.0,1.0,INDEPENDENT_AND_HABITAT_TRIPLET_QUALIFIED,apartment_0,274677d9b7caa413230363b68f4aa472e5cc1afe87e422a489fa1b7d844c6182,32296d6457d3855ffe172cf1970364559def5dd15892e149b44d0bc7c6b7e938,ddd147f908537165c40a34b412cd21c3cbfb5a0615871375d02adecbbfaec6f7,84edb118f01fe1460ff64be4b6ef838f23ed4520740af9f457041b438a7b9f5a,pre_render_not_published/0015
16,frame_0016,location_005,candidate_0373,3023efbd04d8db216229e966e5caf9cf32b0f8bd20de940eed03689bbb580c71,"[1.108504295349121,-1.374765157699585,1.834372639656067]","[1.108504295349121,0.12523484230041504,1.834372639656067]",44.9634874019668,1,-60,344.9634874019668,"[0.0,-0.13084209217038884,-0.0,0.9914032211549827]","[[0.9657606938329509,0.0,-0.25943454328076127,1.108504295349121],[-0.0,1.0,-0.0,0.12523484230041504],[0.25943454328076127,0.0,0.9657606938329509,1.834372639656067],[0.0,0.0,0.0,1.0]]",train,1.0,1.0,1.0,1.0,INDEPENDENT_AND_HABITAT_TRIPLET_QUALIFIED,apartment_0,274677d9b7caa413230363b68f4aa472e5cc1afe87e422a489fa1b7d844c6182,32296d6457d3855ffe172cf1970364559def5dd15892e149b44d0bc7c6b7e938,ddd147f908537165c40a34b412cd21c3cbfb5a0615871375d02adecbbfaec6f7,84edb118f01fe1460ff64be4b6ef838f23ed4520740af9f457041b438a7b9f5a,pre_render_not_published/0016
17,frame_0017,location_005,candidate_0373,3023efbd04d8db216229e966e5caf9cf32b0f8bd20de940eed03689bbb580c71,"[1.108504295349121,-1.374765157699585,1.834372639656067]","[1.108504295349121,0.12523484230041504,1.834372639656067]",44.9634874019668,2,60,104.9634874019668,"[0.0,0.7931593288287427,0.0,0.6090141862813528]","[[-0.25820344181612326,0.0,0.9660905664762015,1.108504295349121],[0.0,1.0,-0.0,0.12523484230041504],[-0.9660905664762015,0.0,-0.25820344181612326,1.834372639656067],[0.0,0.0,0.0,1.0]]",train,1.0,1.0,1.0,1.0,INDEPENDENT_AND_HABITAT_TRIPLET_QUALIFIED,apartment_0,274677d9b7caa413230363b68f4aa472e5cc1afe87e422a489fa1b7d844c6182,32296d6457d3855ffe172cf1970364559def5dd15892e149b44d0bc7c6b7e938,ddd147f908537165c40a34b412cd21c3cbfb5a0615871375d02adecbbfaec6f7,84edb118f01fe1460ff64be4b6ef838f23ed4520740af9f457041b438a7b9f5a,pre_render_not_published/0017
18,frame_0018,location_006,candidate_0090,0bfb1bcbf33eaf40b739981d9b446b293456e038aec6aa59c9b9d406e9155ba5,"[1.5419844388961792,-1.374765157699585,-1.6618530750274658]","[1.5419844388961792,0.12523484230041504,-1.6618530750274658]",138.17679492240617,0,0,138.17679492240617,"[0.0,0.9341322148289484,0.0,0.3569271707488287]","[[-0.745205989562473,0.0,0.6668343370884672,1.5419844388961792],[0.0,1.0,-0.0,0.12523484230041504],[-0.6668343370884672,0.0,-0.745205989562473,-1.6618530750274658],[0.0,0.0,0.0,1.0]]",train,0.96066089693155,0.96066089693155,0.9708203125,0.9708203125,INDEPENDENT_AND_HABITAT_TRIPLET_QUALIFIED,apartment_0,274677d9b7caa413230363b68f4aa472e5cc1afe87e422a489fa1b7d844c6182,32296d6457d3855ffe172cf1970364559def5dd15892e149b44d0bc7c6b7e938,ddd147f908537165c40a34b412cd21c3cbfb5a0615871375d02adecbbfaec6f7,84edb118f01fe1460ff64be4b6ef838f23ed4520740af9f457041b438a7b9f5a,pre_render_not_published/0018
19,frame_0019,location_006,candidate_0090,0bfb1bcbf33eaf40b739981d9b446b293456e038aec6aa59c9b9d406e9155ba5,"[1.5419844388961792,-1.374765157699585,-1.6618530750274658]","[1.5419844388961792,0.12523484230041504,-1.6618530750274658]",138.17679492240617,1,-60,78.17679492240617,"[0.0,0.6305186431608777,0.0,0.7761741045838658]","[[0.20489248125313173,0.0,0.9787844865576565,1.5419844388961792],[0.0,1.0,-0.0,0.12523484230041504],[-0.9787844865576565,0.0,0.20489248125313173,-1.6618530750274658],[0.0,0.0,0.0,1.0]]",train,0.35169158143194335,0.35169158143194335,0.3497493489583333,0.3497493489583333,INDEPENDENT_AND_HABITAT_TRIPLET_QUALIFIED,apartment_0,274677d9b7caa413230363b68f4aa472e5cc1afe87e422a489fa1b7d844c6182,32296d6457d3855ffe172cf1970364559def5dd15892e149b44d0bc7c6b7e938,ddd147f908537165c40a34b412cd21c3cbfb5a0615871375d02adecbbfaec6f7,84edb118f01fe1460ff64be4b6ef838f23ed4520740af9f457041b438a7b9f5a,pre_render_not_published/0019
20,frame_0020,location_006,candidate_0090,0bfb1bcbf33eaf40b739981d9b446b293456e038aec6aa59c9b9d406e9155ba5,"[1.5419844388961792,-1.374765157699585,-1.6618530750274658]","[1.5419844388961792,0.12523484230041504,-1.6618530750274658]",138.17679492240617,2,60,198.17679492240617,"[0.0,0.9874458139097063,-0.0,-0.15795811024508252]","[[-0.9500984708156047,0.0,-0.31195014946918925,1.5419844388961792],[0.0,1.0,-0.0,0.12523484230041504],[0.31195014946918925,-0.0,-0.9500984708156047,-1.6618530750274658],[0.0,0.0,0.0,1.0]]",train,1.0,1.0,0.999951171875,0.999951171875,INDEPENDENT_AND_HABITAT_TRIPLET_QUALIFIED,apartment_0,274677d9b7caa413230363b68f4aa472e5cc1afe87e422a489fa1b7d844c6182,32296d6457d3855ffe172cf1970364559def5dd15892e149b44d0bc7c6b7e938,ddd147f908537165c40a34b412cd21c3cbfb5a0615871375d02adecbbfaec6f7,84edb118f01fe1460ff64be4b6ef838f23ed4520740af9f457041b438a7b9f5a,pre_render_not_published/0020
21,frame_0021,location_007,candidate_0833,6d6f534d40f2eec213392f3d34de3ac8f604d183cb1b8d72d8fb4062392d0034,"[-2.144124984741211,1.4252347946166992,3.397672176361084]","[-2.144124984741211,2.925234794616699,3.397672176361084]",300.82008990801137,0,0,300.82008990801137,"[0.0,-0.49378942129883163,-0.0,0.8695815128056512]","[[0.51234401482673,0.0,-0.8587803039609301,-2.144124984741211],[-0.0,1.0,-0.0,2.925234794616699],[0.8587803039609301,0.0,0.51234401482673,3.397672176361084],[0.0,0.0,0.0,1.0]]",train,0.47993705743509046,0.47993705743509046,0.484287109375,0.484287109375,INDEPENDENT_AND_HABITAT_TRIPLET_QUALIFIED,apartment_0,274677d9b7caa413230363b68f4aa472e5cc1afe87e422a489fa1b7d844c6182,32296d6457d3855ffe172cf1970364559def5dd15892e149b44d0bc7c6b7e938,ddd147f908537165c40a34b412cd21c3cbfb5a0615871375d02adecbbfaec6f7,84edb118f01fe1460ff64be4b6ef838f23ed4520740af9f457041b438a7b9f5a,pre_render_not_published/0021
22,frame_0022,location_007,candidate_0833,6d6f534d40f2eec213392f3d34de3ac8f604d183cb1b8d72d8fb4062392d0034,"[-2.144124984741211,1.4252347946166992,3.397672176361084]","[-2.144124984741211,2.925234794616699,3.397672176361084]",300.82008990801137,1,-60,240.82008990801137,"[0.0,-0.8624249393676304,0.0,0.5061849701015815]","[[-0.4875535520865222,0.0,-0.8730930842973245,-2.144124984741211],[0.0,1.0,-0.0,2.925234794616699],[0.8730930842973245,-0.0,-0.4875535520865222,3.397672176361084],[0.0,0.0,0.0,1.0]]",train,0.16286388670338317,0.16286388670338317,0.16343424479166666,0.16343424479166666,INDEPENDENT_AND_HABITAT_TRIPLET_QUALIFIED,apartment_0,274677d9b7caa413230363b68f4aa472e5cc1afe87e422a489fa1b7d844c6182,32296d6457d3855ffe172cf1970364559def5dd15892e149b44d0bc7c6b7e938,ddd147f908537165c40a34b412cd21c3cbfb5a0615871375d02adecbbfaec6f7,84edb118f01fe1460ff64be4b6ef838f23ed4520740af9f457041b438a7b9f5a,pre_render_not_published/0022
23,frame_0023,location_007,candidate_0833,6d6f534d40f2eec213392f3d34de3ac8f604d183cb1b8d72d8fb4062392d0034,"[-2.144124984741211,1.4252347946166992,3.397672176361084]","[-2.144124984741211,2.925234794616699,3.397672176361084]",300.82008990801137,2,60,0.8200899080113686,"[0.0,0.007156573438020929,0.0,0.999974391400413]","[[0.9998975669132525,0.0,0.014312780336394678,-2.144124984741211],[0.0,1.0,-0.0,2.925234794616699],[-0.014312780336394678,0.0,0.9998975669132525,3.397672176361084],[0.0,0.0,0.0,1.0]]",train,0.2179386309992132,0.2179386309992132,0.2136328125,0.2136328125,INDEPENDENT_AND_HABITAT_TRIPLET_QUALIFIED,apartment_0,274677d9b7caa413230363b68f4aa472e5cc1afe87e422a489fa1b7d844c6182,32296d6457d3855ffe172cf1970364559def5dd15892e149b44d0bc7c6b7e938,ddd147f908537165c40a34b412cd21c3cbfb5a0615871375d02adecbbfaec6f7,84edb118f01fe1460ff64be4b6ef838f23ed4520740af9f457041b438a7b9f5a,pre_render_not_published/0023
24,frame_0024,location_008,candidate_0338,2a8e1fe1b1aefff2c69269344eab7b934c5804f990e8a053300b1f43aeb1e0ff,"[2.3806357383728027,1.4252347946166992,-0.5213585495948792]","[2.3806357383728027,2.925234794616699,-0.5213585495948792]",114.98175506475341,0,0,114.98175506475341,"[0.0,0.8433058878399384,0.0,0.5374338838726986]","[[-0.4223296409310134,0.0,0.906442317189065,2.3806357383728027],[0.0,1.0,-0.0,2.925234794616699],[-0.906442317189065,0.0,-0.4223296409310134,-0.5213585495948792],[0.0,0.0,0.0,1.0]]",train,1.0,1.0,0.9999934895833333,0.9999934895833333,INDEPENDENT_AND_HABITAT_TRIPLET_QUALIFIED,apartment_0,274677d9b7caa413230363b68f4aa472e5cc1afe87e422a489fa1b7d844c6182,32296d6457d3855ffe172cf1970364559def5dd15892e149b44d0bc7c6b7e938,ddd147f908537165c40a34b412cd21c3cbfb5a0615871375d02adecbbfaec6f7,84edb118f01fe1460ff64be4b6ef838f23ed4520740af9f457041b438a7b9f5a,pre_render_not_published/0024
25,frame_0025,location_008,candidate_0338,2a8e1fe1b1aefff2c69269344eab7b934c5804f990e8a053300b1f43aeb1e0ff,"[2.3806357383728027,1.4252347946166992,-0.5213585495948792]","[2.3806357383728027,2.925234794616699,-0.5213585495948792]",114.98175506475341,1,-60,54.981755064753415,"[0.0,0.46160738009402785,0.0,0.8870843402082621]","[[0.5738372532854553,0.0,0.8189693564119503,2.3806357383728027],[0.0,1.0,-0.0,2.925234794616699],[-0.8189693564119503,0.0,0.5738372532854553,-0.5213585495948792],[0.0,0.0,0.0,1.0]]",train,1.0,1.0,1.0,1.0,INDEPENDENT_AND_HABITAT_TRIPLET_QUALIFIED,apartment_0,274677d9b7caa413230363b68f4aa472e5cc1afe87e422a489fa1b7d844c6182,32296d6457d3855ffe172cf1970364559def5dd15892e149b44d0bc7c6b7e938,ddd147f908537165c40a34b412cd21c3cbfb5a0615871375d02adecbbfaec6f7,84edb118f01fe1460ff64be4b6ef838f23ed4520740af9f457041b438a7b9f5a,pre_render_not_published/0025
26,frame_0026,location_008,candidate_0338,2a8e1fe1b1aefff2c69269344eab7b934c5804f990e8a053300b1f43aeb1e0ff,"[2.3806357383728027,1.4252347946166992,-0.5213585495948792]","[2.3806357383728027,2.925234794616699,-0.5213585495948792]",114.98175506475341,2,60,174.98175506475343,"[0.0,0.9990412639667265,0.0,0.043778452368323714]","[[-0.9961668942164689,0.0,0.08747296077711451,2.3806357383728027],[0.0,1.0,-0.0,2.925234794616699],[-0.08747296077711451,0.0,-0.9961668942164689,-0.5213585495948792],[0.0,0.0,0.0,1.0]]",train,1.0,1.0,1.0,1.0,INDEPENDENT_AND_HABITAT_TRIPLET_QUALIFIED,apartment_0,274677d9b7caa413230363b68f4aa472e5cc1afe87e422a489fa1b7d844c6182,32296d6457d3855ffe172cf1970364559def5dd15892e149b44d0bc7c6b7e938,ddd147f908537165c40a34b412cd21c3cbfb5a0615871375d02adecbbfaec6f7,84edb118f01fe1460ff64be4b6ef838f23ed4520740af9f457041b438a7b9f5a,pre_render_not_published/0026
27,frame_0027,location_009,candidate_0674,58736c1cf2b3086f49c78dc982d733e92e4e78051839194f96657186c1d5a28a,"[-2.1051313877105713,-1.2506719827651978,1.7702504396438599]","[-2.1051313877105713,0.24932801723480225,1.7702504396438599]",349.58566466094675,0,0,349.58566466094675,"[0.0,-0.09075716406179662,-0.0,0.995873052738882]","[[0.9835262743429203,0.0,-0.18076522806428993,-2.1051313877105713],[-0.0,1.0,-0.0,0.24932801723480225],[0.18076522806428993,0.0,0.9835262743429203,1.7702504396438599],[0.0,0.0,0.0,1.0]]",train,0.6231313926042487,0.6231313926042487,0.6231803385416667,0.6231803385416667,INDEPENDENT_AND_HABITAT_TRIPLET_QUALIFIED,apartment_0,274677d9b7caa413230363b68f4aa472e5cc1afe87e422a489fa1b7d844c6182,32296d6457d3855ffe172cf1970364559def5dd15892e149b44d0bc7c6b7e938,ddd147f908537165c40a34b412cd21c3cbfb5a0615871375d02adecbbfaec6f7,84edb118f01fe1460ff64be4b6ef838f23ed4520740af9f457041b438a7b9f5a,pre_render_not_published/0027
28,frame_0028,location_009,candidate_0674,58736c1cf2b3086f49c78dc982d733e92e4e78051839194f96657186c1d5a28a,"[-2.1051313877105713,-1.2506719827651978,1.7702504396438599]","[-2.1051313877105713,0.24932801723480225,1.7702504396438599]",349.58566466094675,1,-60,289.58566466094675,"[0.0,-0.5765345360223889,-0.0,0.8170727805853337]","[[0.33521585754689764,0.0,-0.9421413529025771,-2.1051313877105713],[-0.0,1.0,-0.0,0.24932801723480225],[0.9421413529025771,0.0,0.33521585754689764,1.7702504396438599],[0.0,0.0,0.0,1.0]]",train,1.0,1.0,0.9999826388888889,1.0,INDEPENDENT_AND_HABITAT_TRIPLET_QUALIFIED,apartment_0,274677d9b7caa413230363b68f4aa472e5cc1afe87e422a489fa1b7d844c6182,32296d6457d3855ffe172cf1970364559def5dd15892e149b44d0bc7c6b7e938,ddd147f908537165c40a34b412cd21c3cbfb5a0615871375d02adecbbfaec6f7,84edb118f01fe1460ff64be4b6ef838f23ed4520740af9f457041b438a7b9f5a,pre_render_not_published/0028
29,frame_0029,location_009,candidate_0674,58736c1cf2b3086f49c78dc982d733e92e4e78051839194f96657186c1d5a28a,"[-2.1051313877105713,-1.2506719827651978,1.7702504396438599]","[-2.1051313877105713,0.24932801723480225,1.7702504396438599]",349.58566466094675,2,60,49.58566466094675,"[0.0,0.41933851671649325,0.0,0.9078299446471301]","[[0.6483104167960226,0.0,0.7613761248382874,-2.1051313877105713],[0.0,1.0,-0.0,0.24932801723480225],[-0.7613761248382874,0.0,0.6483104167960226,1.7702504396438599],[0.0,0.0,0.0,1.0]]",train,0.15971675845790717,0.15971675845790717,0.15722981770833333,0.15722981770833333,INDEPENDENT_AND_HABITAT_TRIPLET_QUALIFIED,apartment_0,274677d9b7caa413230363b68f4aa472e5cc1afe87e422a489fa1b7d844c6182,32296d6457d3855ffe172cf1970364559def5dd15892e149b44d0bc7c6b7e938,ddd147f908537165c40a34b412cd21c3cbfb5a0615871375d02adecbbfaec6f7,84edb118f01fe1460ff64be4b6ef838f23ed4520740af9f457041b438a7b9f5a,pre_render_not_published/0029
30,frame_0030,location_010,candidate_0877,744821ab84a20be28fbc2e6a4d2e88aec4198ec2516acd18a142683a0a605920,"[4.863564491271973,-1.374765157699585,3.0915558338165283]","[4.863564491271973,0.12523484230041504,3.0915558338165283]",44.304528530304886,0,0,44.304528530304886,"[0.0,0.3770692706348748,0.0,0.9261850598789011]","[[0.7156375302857672,0.0,0.6984718500029101,4.863564491271973],[0.0,1.0,-0.0,0.12523484230041504],[-0.6984718500029101,0.0,0.7156375302857672,3.0915558338165283],[0.0,0.0,0.0,1.0]]",train,0.964594807238395,0.964594807238395,0.9708138020833333,0.9708138020833333,INDEPENDENT_AND_HABITAT_TRIPLET_QUALIFIED,apartment_0,274677d9b7caa413230363b68f4aa472e5cc1afe87e422a489fa1b7d844c6182,32296d6457d3855ffe172cf1970364559def5dd15892e149b44d0bc7c6b7e938,ddd147f908537165c40a34b412cd21c3cbfb5a0615871375d02adecbbfaec6f7,84edb118f01fe1460ff64be4b6ef838f23ed4520740af9f457041b438a7b9f5a,pre_render_not_published/0030
31,frame_0031,location_010,candidate_0877,744821ab84a20be28fbc2e6a4d2e88aec4198ec2516acd18a142683a0a605920,"[4.863564491271973,-1.374765157699585,3.0915558338165283]","[4.863564491271973,0.12523484230041504,3.0915558338165283]",44.304528530304886,1,-60,344.3045285303049,"[0.0,-0.13654096258317955,-0.0,0.9906344257781772]","[[0.9627131310737175,0.0,-0.2705243561275753,4.863564491271973],[-0.0,1.0,-0.0,0.12523484230041504],[0.2705243561275753,0.0,0.9627131310737175,3.0915558338165283],[0.0,0.0,0.0,1.0]]",train,0.3682140047206924,0.3682140047206924,0.36435546875,0.36435546875,INDEPENDENT_AND_HABITAT_TRIPLET_QUALIFIED,apartment_0,274677d9b7caa413230363b68f4aa472e5cc1afe87e422a489fa1b7d844c6182,32296d6457d3855ffe172cf1970364559def5dd15892e149b44d0bc7c6b7e938,ddd147f908537165c40a34b412cd21c3cbfb5a0615871375d02adecbbfaec6f7,84edb118f01fe1460ff64be4b6ef838f23ed4520740af9f457041b438a7b9f5a,pre_render_not_published/0031
32,frame_0032,location_010,candidate_0877,744821ab84a20be28fbc2e6a4d2e88aec4198ec2516acd18a142683a0a605920,"[4.863564491271973,-1.374765157699585,3.0915558338165283]","[4.863564491271973,0.12523484230041504,3.0915558338165283]",44.304528530304886,2,60,104.30452853030488,"[0.0,0.7896440972957218,0.0,0.6135651551433025]","[[-0.24707560078795035,0.0,0.9689962061304851,4.863564491271973],[0.0,1.0,-0.0,0.12523484230041504],[-0.9689962061304851,0.0,-0.24707560078795035,3.0915558338165283],[0.0,0.0,0.0,1.0]]",train,0.5129819040125885,0.5129819040125885,0.5113368055555556,0.511337890625,INDEPENDENT_AND_HABITAT_TRIPLET_QUALIFIED,apartment_0,274677d9b7caa413230363b68f4aa472e5cc1afe87e422a489fa1b7d844c6182,32296d6457d3855ffe172cf1970364559def5dd15892e149b44d0bc7c6b7e938,ddd147f908537165c40a34b412cd21c3cbfb5a0615871375d02adecbbfaec6f7,84edb118f01fe1460ff64be4b6ef838f23ed4520740af9f457041b438a7b9f5a,pre_render_not_published/0032
33,frame_0033,location_011,candidate_0725,5d6bb12306c13fa8823bf1c9bfce49e0d08db2982cb7a7ddd6dc3e68f8baabbd,"[1.268094778060913,-1.374765157699585,6.652359485626221]","[1.268094778060913,0.12523484230041504,6.652359485626221]",342.87199130197536,0,0,342.87199130197536,"[0.0,-0.1489141350691748,-0.0,0.988850130392164]","[[0.9556491607531992,0.0,-0.29450752376077965,1.268094778060913],[-0.0,1.0,-0.0,0.12523484230041504],[0.29450752376077965,0.0,0.9556491607531992,6.652359485626221],[0.0,0.0,0.0,1.0]]",eval,0.6955153422501967,0.6955153422501967,0.700615234375,0.700615234375,INDEPENDENT_AND_HABITAT_TRIPLET_QUALIFIED,apartment_0,274677d9b7caa413230363b68f4aa472e5cc1afe87e422a489fa1b7d844c6182,32296d6457d3855ffe172cf1970364559def5dd15892e149b44d0bc7c6b7e938,ddd147f908537165c40a34b412cd21c3cbfb5a0615871375d02adecbbfaec6f7,84edb118f01fe1460ff64be4b6ef838f23ed4520740af9f457041b438a7b9f5a,pre_render_not_published/0033
34,frame_0034,location_011,candidate_0725,5d6bb12306c13fa8823bf1c9bfce49e0d08db2982cb7a7ddd6dc3e68f8baabbd,"[1.268094778060913,-1.374765157699585,6.652359485626221]","[1.268094778060913,0.12523484230041504,6.652359485626221]",342.87199130197536,1,-60,282.87199130197536,"[0.0,-0.6233884891485744,-0.0,0.7819122659205813]","[[0.22277358319411553,0.0,-0.9748702121979389,1.268094778060913],[-0.0,1.0,-0.0,0.12523484230041504],[0.9748702121979389,0.0,0.22277358319411553,6.652359485626221],[0.0,0.0,0.0,1.0]]",eval,0.11329661683713611,0.11329661683713611,0.1060546875,0.1060546875,INDEPENDENT_AND_HABITAT_TRIPLET_QUALIFIED,apartment_0,274677d9b7caa413230363b68f4aa472e5cc1afe87e422a489fa1b7d844c6182,32296d6457d3855ffe172cf1970364559def5dd15892e149b44d0bc7c6b7e938,ddd147f908537165c40a34b412cd21c3cbfb5a0615871375d02adecbbfaec6f7,84edb118f01fe1460ff64be4b6ef838f23ed4520740af9f457041b438a7b9f5a,pre_render_not_published/0034
35,frame_0035,location_011,candidate_0725,5d6bb12306c13fa8823bf1c9bfce49e0d08db2982cb7a7ddd6dc3e68f8baabbd,"[1.268094778060913,-1.374765157699585,6.652359485626221]","[1.268094778060913,0.12523484230041504,6.652359485626221]",342.87199130197536,2,60,42.871991301975356,"[0.0,0.3654616412435896,0.0,0.9308264009897559]","[[0.7328755775590838,0.0,0.6803626884371596,1.268094778060913],[0.0,1.0,-0.0,0.12523484230041504],[-0.6803626884371596,0.0,0.7328755775590838,6.652359485626221],[0.0,0.0,0.0,1.0]]",eval,0.4909520062942565,0.4909520062942565,0.4912934027777778,0.49130859375,INDEPENDENT_AND_HABITAT_TRIPLET_QUALIFIED,apartment_0,274677d9b7caa413230363b68f4aa472e5cc1afe87e422a489fa1b7d844c6182,32296d6457d3855ffe172cf1970364559def5dd15892e149b44d0bc7c6b7e938,ddd147f908537165c40a34b412cd21c3cbfb5a0615871375d02adecbbfaec6f7,84edb118f01fe1460ff64be4b6ef838f23ed4520740af9f457041b438a7b9f5a,pre_render_not_published/0035
36,frame_0036,location_012,candidate_0605,4f8b360facdb93d8971af28dfd12a6df3ed1e7d18c5ae99671a3842676a4017e,"[0.9695367813110352,1.4252347946166992,2.7167017459869385]","[0.9695367813110352,2.925234794616699,2.7167017459869385]",55.3965864793654,0,0,55.3965864793654,"[0.0,0.46481567089326226,0.0,0.8854074723493396]","[[0.5678927841840931,0.0,0.8231025365479316,0.9695367813110352],[0.0,1.0,-0.0,2.925234794616699],[-0.8231025365479316,0.0,0.5678927841840931,2.7167017459869385],[0.0,0.0,0.0,1.0]]",train,0.3210070810385523,0.3210070810385523,0.31955512152777776,0.3196940104166667,INDEPENDENT_AND_HABITAT_TRIPLET_QUALIFIED,apartment_0,274677d9b7caa413230363b68f4aa472e5cc1afe87e422a489fa1b7d844c6182,32296d6457d3855ffe172cf1970364559def5dd15892e149b44d0bc7c6b7e938,ddd147f908537165c40a34b412cd21c3cbfb5a0615871375d02adecbbfaec6f7,84edb118f01fe1460ff64be4b6ef838f23ed4520740af9f457041b438a7b9f5a,pre_render_not_published/0036
37,frame_0037,location_012,candidate_0605,4f8b360facdb93d8971af28dfd12a6df3ed1e7d18c5ae99671a3842676a4017e,"[0.9695367813110352,1.4252347946166992,2.7167017459869385]","[0.9695367813110352,2.925234794616699,2.7167017459869385]",55.3965864793654,1,-60,355.3965864793654,"[0.0,-0.040161557103997915,-0.0,0.9991931992017271]","[[0.9967740986619646,0.0,-0.08025830945533305,0.9695367813110352],[-0.0,1.0,-0.0,2.925234794616699],[0.08025830945533305,0.0,0.9967740986619646,2.7167017459869385],[0.0,0.0,0.0,1.0]]",train,0.6758457907159717,0.6758457907159717,0.6748904079861111,0.6753352864583333,INDEPENDENT_AND_HABITAT_TRIPLET_QUALIFIED,apartment_0,274677d9b7caa413230363b68f4aa472e5cc1afe87e422a489fa1b7d844c6182,32296d6457d3855ffe172cf1970364559def5dd15892e149b44d0bc7c6b7e938,ddd147f908537165c40a34b412cd21c3cbfb5a0615871375d02adecbbfaec6f7,84edb118f01fe1460ff64be4b6ef838f23ed4520740af9f457041b438a7b9f5a,pre_render_not_published/0037
38,frame_0038,location_012,candidate_0605,4f8b360facdb93d8971af28dfd12a6df3ed1e7d18c5ae99671a3842676a4017e,"[0.9695367813110352,1.4252347946166992,2.7167017459869385]","[0.9695367813110352,2.925234794616699,2.7167017459869385]",55.3965864793654,2,60,115.3965864793654,"[0.0,0.8452459152453419,0.0,0.534377528308465]","[[-0.4288813144778715,0.0,0.9033608460032642,0.9695367813110352],[0.0,1.0,-0.0,2.925234794616699],[-0.9033608460032642,0.0,-0.4288813144778715,2.7167017459869385],[0.0,0.0,0.0,1.0]]",train,0.25255704169944926,0.25255704169944926,0.24605143229166668,0.24605143229166668,INDEPENDENT_AND_HABITAT_TRIPLET_QUALIFIED,apartment_0,274677d9b7caa413230363b68f4aa472e5cc1afe87e422a489fa1b7d844c6182,32296d6457d3855ffe172cf1970364559def5dd15892e149b44d0bc7c6b7e938,ddd147f908537165c40a34b412cd21c3cbfb5a0615871375d02adecbbfaec6f7,84edb118f01fe1460ff64be4b6ef838f23ed4520740af9f457041b438a7b9f5a,pre_render_not_published/0038
39,frame_0039,location_013,candidate_0756,6225e295d165304f4b8d1730f6b458777c2d7b6283d8b0cc561f0bfb920be1a6,"[2.5951297283172607,-1.374765157699585,3.9316186904907227]","[2.5951297283172607,0.12523484230041504,3.9316186904907227]",346.0471489541208,0,0,346.0471489541208,"[0.0,-0.12146094775935479,-0.0,0.9925962110392117]","[[0.9704944763387986,0.0,-0.2411233530703344,2.5951297283172607],[-0.0,1.0,-0.0,0.12523484230041504],[0.2411233530703344,0.0,0.9704944763387986,3.9316186904907227],[0.0,0.0,0.0,1.0]]",eval,0.7395751376868608,0.7395751376868608,0.7390983072916667,0.7390983072916667,INDEPENDENT_AND_HABITAT_TRIPLET_QUALIFIED,apartment_0,274677d9b7caa413230363b68f4aa472e5cc1afe87e422a489fa1b7d844c6182,32296d6457d3855ffe172cf1970364559def5dd15892e149b44d0bc7c6b7e938,ddd147f908537165c40a34b412cd21c3cbfb5a0615871375d02adecbbfaec6f7,84edb118f01fe1460ff64be4b6ef838f23ed4520740af9f457041b438a7b9f5a,pre_render_not_published/0039
40,frame_0040,location_013,candidate_0756,6225e295d165304f4b8d1730f6b458777c2d7b6283d8b0cc561f0bfb920be1a6,"[2.5951297283172607,-1.374765157699585,3.9316186904907227]","[2.5951297283172607,0.12523484230041504,3.9316186904907227]",346.0471489541208,1,-60,286.0471489541208,"[0.0,-0.6014863718469419,-0.0,0.7988830605804597]","[[0.27642828896480465,0.0,-0.9610345472770427,2.5951297283172607],[-0.0,1.0,-0.0,0.12523484230041504],[0.9610345472770427,0.0,0.27642828896480465,3.9316186904907227],[0.0,0.0,0.0,1.0]]",eval,0.22265932336742722,0.22265932336742722,0.2224609375,0.2224609375,INDEPENDENT_AND_HABITAT_TRIPLET_QUALIFIED,apartment_0,274677d9b7caa413230363b68f4aa472e5cc1afe87e422a489fa1b7d844c6182,32296d6457d3855ffe172cf1970364559def5dd15892e149b44d0bc7c6b7e938,ddd147f908537165c40a34b412cd21c3cbfb5a0615871375d02adecbbfaec6f7,84edb118f01fe1460ff64be4b6ef838f23ed4520740af9f457041b438a7b9f5a,pre_render_not_published/0040
41,frame_0041,location_013,candidate_0756,6225e295d165304f4b8d1730f6b458777c2d7b6283d8b0cc561f0bfb920be1a6,"[2.5951297283172607,-1.374765157699585,3.9316186904907227]","[2.5951297283172607,0.12523484230041504,3.9316186904907227]",346.0471489541208,2,60,46.047148954120814,"[0.0,0.39110983919226994,0.0,0.9203440083398147]","[[0.6940661873739935,0.0,0.7199111942067081,2.5951297283172607],[0.0,1.0,-0.0,0.12523484230041504],[-0.7199111942067081,0.0,0.6940661873739935,3.9316186904907227],[0.0,0.0,0.0,1.0]]",eval,0.9299763965381589,0.9299763965381589,0.9353450520833333,0.9353450520833333,INDEPENDENT_AND_HABITAT_TRIPLET_QUALIFIED,apartment_0,274677d9b7caa413230363b68f4aa472e5cc1afe87e422a489fa1b7d844c6182,32296d6457d3855ffe172cf1970364559def5dd15892e149b44d0bc7c6b7e938,ddd147f908537165c40a34b412cd21c3cbfb5a0615871375d02adecbbfaec6f7,84edb118f01fe1460ff64be4b6ef838f23ed4520740af9f457041b438a7b9f5a,pre_render_not_published/0041
42,frame_0042,location_014,candidate_0091,0c037aeb8d97a89c069918baf17c6276fcf56b9f073e8b748c36fadbf0776baa,"[-0.4094833433628082,-1.374765157699585,-0.4179464280605316]","[-0.4094833433628082,0.12523484230041504,-0.4179464280605316]",359.05858090195034,0,0,359.05858090195034,"[0.0,-0.008215339036923956,-0.0,0.9999662535328422]","[[0.9998650164090168,0.0,-0.016430123596509912,-0.4094833433628082],[-0.0,1.0,-0.0,0.12523484230041504],[0.016430123596509912,0.0,0.9998650164090168,-0.4179464280605316],[0.0,0.0,0.0,1.0]]",train,1.0,1.0,1.0,1.0,INDEPENDENT_AND_HABITAT_TRIPLET_QUALIFIED,apartment_0,274677d9b7caa413230363b68f4aa472e5cc1afe87e422a489fa1b7d844c6182,32296d6457d3855ffe172cf1970364559def5dd15892e149b44d0bc7c6b7e938,ddd147f908537165c40a34b412cd21c3cbfb5a0615871375d02adecbbfaec6f7,84edb118f01fe1460ff64be4b6ef838f23ed4520740af9f457041b438a7b9f5a,pre_render_not_published/0042
43,frame_0043,location_014,candidate_0091,0c037aeb8d97a89c069918baf17c6276fcf56b9f073e8b748c36fadbf0776baa,"[-0.4094833433628082,-1.374765157699585,-0.4179464280605316]","[-0.4094833433628082,0.12523484230041504,-0.4179464280605316]",359.05858090195034,1,-60,299.05858090195034,"[0.0,-0.5070978190730991,-0.0,0.8618885089681301]","[[0.48570360378261296,0.0,-0.874123566363808,-0.4094833433628082],[-0.0,1.0,-0.0,0.12523484230041504],[0.874123566363808,0.0,0.48570360378261296,-0.4179464280605316],[0.0,0.0,0.0,1.0]]",train,1.0,1.0,1.0,1.0,INDEPENDENT_AND_HABITAT_TRIPLET_QUALIFIED,apartment_0,274677d9b7caa413230363b68f4aa472e5cc1afe87e422a489fa1b7d844c6182,32296d6457d3855ffe172cf1970364559def5dd15892e149b44d0bc7c6b7e938,ddd147f908537165c40a34b412cd21c3cbfb5a0615871375d02adecbbfaec6f7,84edb118f01fe1460ff64be4b6ef838f23ed4520740af9f457041b438a7b9f5a,pre_render_not_published/0043
44,frame_0044,location_014,candidate_0091,0c037aeb8d97a89c069918baf17c6276fcf56b9f073e8b748c36fadbf0776baa,"[-0.4094833433628082,-1.374765157699585,-0.4179464280605316]","[-0.4094833433628082,0.12523484230041504,-0.4179464280605316]",359.05858090195034,2,60,59.058580901950336,"[0.0,0.492868434459743,0.0,0.8701038480050539]","[[0.514161412626404,0.0,0.8576934427672982,-0.4094833433628082],[0.0,1.0,-0.0,0.12523484230041504],[-0.8576934427672982,0.0,0.514161412626404,-0.4179464280605316],[0.0,0.0,0.0,1.0]]",train,1.0,1.0,1.0,1.0,INDEPENDENT_AND_HABITAT_TRIPLET_QUALIFIED,apartment_0,274677d9b7caa413230363b68f4aa472e5cc1afe87e422a489fa1b7d844c6182,32296d6457d3855ffe172cf1970364559def5dd15892e149b44d0bc7c6b7e938,ddd147f908537165c40a34b412cd21c3cbfb5a0615871375d02adecbbfaec6f7,84edb118f01fe1460ff64be4b6ef838f23ed4520740af9f457041b438a7b9f5a,pre_render_not_published/0044
45,frame_0045,location_015,candidate_0054,063c0f0a5d1e9d74592bbbaf9ffb853c9d203052708b772cc4f72787f4b5ca77,"[3.4214928150177,-1.374765157699585,-2.9351966381073]","[3.4214928150177,0.12523484230041504,-2.9351966381073]",158.0231063942198,0,0,158.0231063942198,"[0.0,0.9816656384706585,0.0,0.190611054889255]","[[-0.9273348515080109,0.0,0.3742326457948525,3.4214928150177],[0.0,1.0,-0.0,0.12523484230041504],[-0.3742326457948525,0.0,-0.9273348515080109,-2.9351966381073],[0.0,0.0,0.0,1.0]]",eval,0.988198269079465,0.988198269079465,0.9924055989583334,0.9924055989583334,INDEPENDENT_AND_HABITAT_TRIPLET_QUALIFIED,apartment_0,274677d9b7caa413230363b68f4aa472e5cc1afe87e422a489fa1b7d844c6182,32296d6457d3855ffe172cf1970364559def5dd15892e149b44d0bc7c6b7e938,ddd147f908537165c40a34b412cd21c3cbfb5a0615871375d02adecbbfaec6f7,84edb118f01fe1460ff64be4b6ef838f23ed4520740af9f457041b438a7b9f5a,pre_render_not_published/0045
46,frame_0046,location_015,candidate_0054,063c0f0a5d1e9d74592bbbaf9ffb853c9d203052708b772cc4f72787f4b5ca77,"[3.4214928150177,-1.374765157699585,-2.9351966381073]","[3.4214928150177,0.12523484230041504,-2.9351966381073]",158.0231063942198,1,-60,98.02310639421981,"[0.0,0.7548418534932332,0.0,0.6559068350115741]","[[-0.13957244757019938,0.0,0.9902118621180338,3.4214928150177],[0.0,1.0,-0.0,0.12523484230041504],[-0.9902118621180338,0.0,-0.13957244757019938,-2.9351966381073],[0.0,0.0,0.0,1.0]]",eval,0.4012588512981904,0.4012588512981904,0.40394205729166666,0.40394205729166666,INDEPENDENT_AND_HABITAT_TRIPLET_QUALIFIED,apartment_0,274677d9b7caa413230363b68f4aa472e5cc1afe87e422a489fa1b7d844c6182,32296d6457d3855ffe172cf1970364559def5dd15892e149b44d0bc7c6b7e938,ddd147f908537165c40a34b412cd21c3cbfb5a0615871375d02adecbbfaec6f7,84edb118f01fe1460ff64be4b6ef838f23ed4520740af9f457041b438a7b9f5a,pre_render_not_published/0046
47,frame_0047,location_015,candidate_0054,063c0f0a5d1e9d74592bbbaf9ffb853c9d203052708b772cc4f72787f4b5ca77,"[3.4214928150177,-1.374765157699585,-2.9351966381073]","[3.4214928150177,0.12523484230041504,-2.9351966381073]",158.0231063942198,2,60,218.0231063942198,"[0.0,0.9454529083824883,-0.0,-0.32575880345908437]","[[-0.7877624039378114,0.0,-0.6159792163231814,3.4214928150177],[0.0,1.0,-0.0,0.12523484230041504],[0.6159792163231814,-0.0,-0.7877624039378114,-2.9351966381073],[0.0,0.0,0.0,1.0]]",eval,0.5247836349331235,0.5247836349331235,0.5280924479166667,0.5280924479166667,INDEPENDENT_AND_HABITAT_TRIPLET_QUALIFIED,apartment_0,274677d9b7caa413230363b68f4aa472e5cc1afe87e422a489fa1b7d844c6182,32296d6457d3855ffe172cf1970364559def5dd15892e149b44d0bc7c6b7e938,ddd147f908537165c40a34b412cd21c3cbfb5a0615871375d02adecbbfaec6f7,84edb118f01fe1460ff64be4b6ef838f23ed4520740af9f457041b438a7b9f5a,pre_render_not_published/0047
48,frame_0048,location_016,candidate_0964,7f27537560370bceef96ac433461ac5f16d2200346a2080111c936523e2bb22a,"[3.259033441543579,1.4252347946166992,1.7459735870361328]","[3.259033441543579,2.925234794616699,1.7459735870361328]",339.2637069174635,0,0,339.2637069174635,"[0.0,-0.17997230305203243,-0.0,0.9836716780176948]","[[0.9352199402682948,0.0,-0.3540673146798037,3.259033441543579],[-0.0,1.0,-0.0,2.925234794616699],[0.3540673146798037,0.0,0.9352199402682948,1.7459735870361328],[0.0,0.0,0.0,1.0]]",train,0.7065302911093627,0.7065302911093627,0.7098860677083333,0.7098860677083333,INDEPENDENT_AND_HABITAT_TRIPLET_QUALIFIED,apartment_0,274677d9b7caa413230363b68f4aa472e5cc1afe87e422a489fa1b7d844c6182,32296d6457d3855ffe172cf1970364559def5dd15892e149b44d0bc7c6b7e938,ddd147f908537165c40a34b412cd21c3cbfb5a0615871375d02adecbbfaec6f7,84edb118f01fe1460ff64be4b6ef838f23ed4520740af9f457041b438a7b9f5a,pre_render_not_published/0048
49,frame_0049,location_016,candidate_0964,7f27537560370bceef96ac433461ac5f16d2200346a2080111c936523e2bb22a,"[3.259033441543579,1.4252347946166992,1.7459735870361328]","[3.259033441543579,2.925234794616699,1.7459735870361328]",339.2637069174635,1,-60,279.2637069174635,"[0.0,-0.647696425429499,-0.0,0.7618985106205743]","[[0.16097868097169887,0.0,-0.9869578837380104,3.259033441543579],[-0.0,1.0,-0.0,2.925234794616699],[0.9869578837380104,0.0,0.16097868097169887,1.7459735870361328],[0.0,0.0,0.0,1.0]]",train,0.11487018095987411,0.11487018095987411,0.10871744791666667,0.10871744791666667,INDEPENDENT_AND_HABITAT_TRIPLET_QUALIFIED,apartment_0,274677d9b7caa413230363b68f4aa472e5cc1afe87e422a489fa1b7d844c6182,32296d6457d3855ffe172cf1970364559def5dd15892e149b44d0bc7c6b7e938,ddd147f908537165c40a34b412cd21c3cbfb5a0615871375d02adecbbfaec6f7,84edb118f01fe1460ff64be4b6ef838f23ed4520740af9f457041b438a7b9f5a,pre_render_not_published/0049
50,frame_0050,location_016,candidate_0964,7f27537560370bceef96ac433461ac5f16d2200346a2080111c936523e2bb22a,"[3.259033441543579,1.4252347946166992,1.7459735870361328]","[3.259033441543579,2.925234794616699,1.7459735870361328]",339.2637069174635,2,60,39.26370691746348,"[0.0,0.33597525258819577,0.0,0.9418708136726066]","[[0.7742412592965962,0.0,0.632890569058207,3.259033441543579],[0.0,1.0,-0.0,2.925234794616699],[-0.632890569058207,0.0,0.7742412592965962,1.7459735870361328],[0.0,0.0,0.0,1.0]]",train,0.8261211644374509,0.8261211644374509,0.8290744357638888,0.8290950520833333,INDEPENDENT_AND_HABITAT_TRIPLET_QUALIFIED,apartment_0,274677d9b7caa413230363b68f4aa472e5cc1afe87e422a489fa1b7d844c6182,32296d6457d3855ffe172cf1970364559def5dd15892e149b44d0bc7c6b7e938,ddd147f908537165c40a34b412cd21c3cbfb5a0615871375d02adecbbfaec6f7,84edb118f01fe1460ff64be4b6ef838f23ed4520740af9f457041b438a7b9f5a,pre_render_not_published/0050
51,frame_0051,location_017,candidate_0713,5c520fe6a03342af1079536cea964e9468c2092c7aeaa631b9b0a1dd05dcabc9,"[3.3181865215301514,-1.374765157699585,6.122878074645996]","[3.3181865215301514,0.12523484230041504,6.122878074645996]",39.90218934027453,0,0,39.90218934027453,"[0.0,0.341217935711555,0.0,0.9399842128188883]","[[0.7671406406974902,0.0,0.6414789453990242,3.3181865215301514],[0.0,1.0,-0.0,0.12523484230041504],[-0.6414789453990242,0.0,0.7671406406974902,6.122878074645996],[0.0,0.0,0.0,1.0]]",train,0.6939417781274587,0.6939417781274587,0.6988595920138889,0.6988639322916667,INDEPENDENT_AND_HABITAT_TRIPLET_QUALIFIED,apartment_0,274677d9b7caa413230363b68f4aa472e5cc1afe87e422a489fa1b7d844c6182,32296d6457d3855ffe172cf1970364559def5dd15892e149b44d0bc7c6b7e938,ddd147f908537165c40a34b412cd21c3cbfb5a0615871375d02adecbbfaec6f7,84edb118f01fe1460ff64be4b6ef838f23ed4520740af9f457041b438a7b9f5a,pre_render_not_published/0051
52,frame_0052,location_017,candidate_0713,5c520fe6a03342af1079536cea964e9468c2092c7aeaa631b9b0a1dd05dcabc9,"[3.3181865215301514,-1.374765157699585,6.122878074645996]","[3.3181865215301514,0.12523484230041504,6.122878074645996]",39.90218934027453,1,-60,339.9021893402745,"[0.0,-0.17448870585635226,-0.0,0.984659175313253]","[[0.9391073830571508,0.0,-0.3436238104199852,3.3181865215301514],[-0.0,1.0,-0.0,0.12523484230041504],[0.3436238104199852,0.0,0.9391073830571508,6.122878074645996],[0.0,0.0,0.0,1.0]]",train,0.5121951219512195,0.5121951219512195,0.5125032552083333,0.5125032552083333,INDEPENDENT_AND_HABITAT_TRIPLET_QUALIFIED,apartment_0,274677d9b7caa413230363b68f4aa472e5cc1afe87e422a489fa1b7d844c6182,32296d6457d3855ffe172cf1970364559def5dd15892e149b44d0bc7c6b7e938,ddd147f908537165c40a34b412cd21c3cbfb5a0615871375d02adecbbfaec6f7,84edb118f01fe1460ff64be4b6ef838f23ed4520740af9f457041b438a7b9f5a,pre_render_not_published/0052
53,frame_0053,location_017,candidate_0713,5c520fe6a03342af1079536cea964e9468c2092c7aeaa631b9b0a1dd05dcabc9,"[3.3181865215301514,-1.374765157699585,6.122878074645996]","[3.3181865215301514,0.12523484230041504,6.122878074645996]",39.90218934027453,2,60,99.90218934027453,"[0.0,0.7654955069625362,0.0,0.643441239601698]","[[-0.17196674235966053,0.0,0.9851027558190091,3.3181865215301514],[0.0,1.0,-0.0,0.12523484230041504],[-0.9851027558190091,0.0,-0.17196674235966053,6.122878074645996],[0.0,0.0,0.0,1.0]]",train,0.12431156569630213,0.12431156569630213,0.116005859375,0.116005859375,INDEPENDENT_AND_HABITAT_TRIPLET_QUALIFIED,apartment_0,274677d9b7caa413230363b68f4aa472e5cc1afe87e422a489fa1b7d844c6182,32296d6457d3855ffe172cf1970364559def5dd15892e149b44d0bc7c6b7e938,ddd147f908537165c40a34b412cd21c3cbfb5a0615871375d02adecbbfaec6f7,84edb118f01fe1460ff64be4b6ef838f23ed4520740af9f457041b438a7b9f5a,pre_render_not_published/0053
54,frame_0054,location_018,candidate_0742,603ae7038ec0df1f21056801f10e9a7f9443c5a1fc7ae1c18f0d720679bcaf77,"[3.2313179969787598,-1.374765157699585,1.7650572061538696]","[3.2313179969787598,0.12523484230041504,1.7650572061538696]",35.76221531651792,0,0,35.76221531651792,"[0.0,0.3070428284800064,0.0,0.9516956979407847]","[[0.8114494029579947,0.0,0.5844226778959847,3.2313179969787598],[0.0,1.0,-0.0,0.12523484230041504],[-0.5844226778959847,0.0,0.8114494029579947,1.7650572061538696],[0.0,0.0,0.0,1.0]]",train,1.0,1.0,1.0,1.0,INDEPENDENT_AND_HABITAT_TRIPLET_QUALIFIED,apartment_0,274677d9b7caa413230363b68f4aa472e5cc1afe87e422a489fa1b7d844c6182,32296d6457d3855ffe172cf1970364559def5dd15892e149b44d0bc7c6b7e938,ddd147f908537165c40a34b412cd21c3cbfb5a0615871375d02adecbbfaec6f7,84edb118f01fe1460ff64be4b6ef838f23ed4520740af9f457041b438a7b9f5a,pre_render_not_published/0054
55,frame_0055,location_018,candidate_0742,603ae7038ec0df1f21056801f10e9a7f9443c5a1fc7ae1c18f0d720679bcaf77,"[3.2313179969787598,-1.374765157699585,1.7650572061538696]","[3.2313179969787598,0.12523484230041504,1.7650572061538696]",35.76221531651792,1,-60,335.76221531651794,"[0.0,-0.20994095945687874,-0.0,0.9777140653290844]","[[0.9118495870846504,0.0,-0.41052445789934683,3.2313179969787598],[-0.0,1.0,-0.0,0.12523484230041504],[0.41052445789934683,0.0,0.9118495870846504,1.7650572061538696],[0.0,0.0,0.0,1.0]]",train,0.9291896144767899,0.9291896144767899,0.9427897135416666,0.9427897135416666,INDEPENDENT_AND_HABITAT_TRIPLET_QUALIFIED,apartment_0,274677d9b7caa413230363b68f4aa472e5cc1afe87e422a489fa1b7d844c6182,32296d6457d3855ffe172cf1970364559def5dd15892e149b44d0bc7c6b7e938,ddd147f908537165c40a34b412cd21c3cbfb5a0615871375d02adecbbfaec6f7,84edb118f01fe1460ff64be4b6ef838f23ed4520740af9f457041b438a7b9f5a,pre_render_not_published/0055
56,frame_0056,location_018,candidate_0742,603ae7038ec0df1f21056801f10e9a7f9443c5a1fc7ae1c18f0d720679bcaf77,"[3.2313179969787598,-1.374765157699585,1.7650572061538696]","[3.2313179969787598,0.12523484230041504,1.7650572061538696]",35.76221531651792,2,60,95.76221531651791,"[0.0,0.7417547384839059,0.0,0.6706712368490781]","[[-0.10040018412665558,0.0,0.9949471357953314,3.2313179969787598],[0.0,1.0,-0.0,0.12523484230041504],[-0.9949471357953314,0.0,-0.10040018412665558,1.7650572061538696],[0.0,0.0,0.0,1.0]]",train,1.0,1.0,1.0,1.0,INDEPENDENT_AND_HABITAT_TRIPLET_QUALIFIED,apartment_0,274677d9b7caa413230363b68f4aa472e5cc1afe87e422a489fa1b7d844c6182,32296d6457d3855ffe172cf1970364559def5dd15892e149b44d0bc7c6b7e938,ddd147f908537165c40a34b412cd21c3cbfb5a0615871375d02adecbbfaec6f7,84edb118f01fe1460ff64be4b6ef838f23ed4520740af9f457041b438a7b9f5a,pre_render_not_published/0056
57,frame_0057,location_019,candidate_0983,820f52fd461f140ee4d4d6bb2cfe41c3357fade68f27cc5938877e8b82fe9a0e,"[-0.4677810072898865,1.4252347946166992,4.65118932723999]","[-0.4677810072898865,2.925234794616699,4.65118932723999]",326.0417280611321,0,0,326.0417280611321,"[0.0,-0.29202345076681935,-0.0,0.9564111585517178]","[[0.8294446084044781,0.0,-0.5585889737443284,-0.4677810072898865],[-0.0,1.0,-0.0,2.925234794616699],[0.5585889737443284,0.0,0.8294446084044781,4.65118932723999],[0.0,0.0,0.0,1.0]]",eval,0.46105428796223447,0.46105428796223447,0.4667306857638889,0.46674153645833333,INDEPENDENT_AND_HABITAT_TRIPLET_QUALIFIED,apartment_0,274677d9b7caa413230363b68f4aa472e5cc1afe87e422a489fa1b7d844c6182,32296d6457d3855ffe172cf1970364559def5dd15892e149b44d0bc7c6b7e938,ddd147f908537165c40a34b412cd21c3cbfb5a0615871375d02adecbbfaec6f7,84edb118f01fe1460ff64be4b6ef838f23ed4520740af9f457041b438a7b9f5a,pre_render_not_published/0057
58,frame_0058,location_019,candidate_0983,820f52fd461f140ee4d4d6bb2cfe41c3357fade68f27cc5938877e8b82fe9a0e,"[-0.4677810072898865,1.4252347946166992,4.65118932723999]","[-0.4677810072898865,2.925234794616699,4.65118932723999]",326.0417280611321,1,-60,266.0417280611321,"[0.0,-0.7311053061407187,0.0,0.6822646343852846]","[[-0.0690299373342278,0.0,-0.997614588782478,-0.4677810072898865],[0.0,1.0,-0.0,2.925234794616699],[0.997614588782478,-0.0,-0.0690299373342278,4.65118932723999],[0.0,0.0,0.0,1.0]]",eval,0.15656963021243114,0.15656963021243114,0.15111328125,0.15111328125,INDEPENDENT_AND_HABITAT_TRIPLET_QUALIFIED,apartment_0,274677d9b7caa413230363b68f4aa472e5cc1afe87e422a489fa1b7d844c6182,32296d6457d3855ffe172cf1970364559def5dd15892e149b44d0bc7c6b7e938,ddd147f908537165c40a34b412cd21c3cbfb5a0615871375d02adecbbfaec6f7,84edb118f01fe1460ff64be4b6ef838f23ed4520740af9f457041b438a7b9f5a,pre_render_not_published/0058
59,frame_0059,location_019,candidate_0983,820f52fd461f140ee4d4d6bb2cfe41c3357fade68f27cc5938877e8b82fe9a0e,"[-0.4677810072898865,1.4252347946166992,4.65118932723999]","[-0.4677810072898865,2.925234794616699,4.65118932723999]",326.0417280611321,2,60,26.04172806113212,"[0.0,0.225305852410999,0.0,0.9742880851521039]","[[0.8984745457387062,0.0,0.4390256150381495,-0.4677810072898865],[0.0,1.0,-0.0,2.925234794616699],[-0.4390256150381495,0.0,0.8984745457387062,4.65118932723999],[0.0,0.0,0.0,1.0]]",eval,0.23839496459480725,0.23839496459480725,0.23259657118055554,0.23261393229166666,INDEPENDENT_AND_HABITAT_TRIPLET_QUALIFIED,apartment_0,274677d9b7caa413230363b68f4aa472e5cc1afe87e422a489fa1b7d844c6182,32296d6457d3855ffe172cf1970364559def5dd15892e149b44d0bc7c6b7e938,ddd147f908537165c40a34b412cd21c3cbfb5a0615871375d02adecbbfaec6f7,84edb118f01fe1460ff64be4b6ef838f23ed4520740af9f457041b438a7b9f5a,pre_render_not_published/0059
60,frame_0060,location_020,candidate_0219,1d12037c4eb19fe8a66866c2da7faaec2d2b6235ae8f2270b65a0411ac0f02c1,"[4.618295192718506,-0.06560248136520386,4.499088287353516]","[4.618295192718506,1.4343975186347961,4.499088287353516]",30.679693691020525,0,0,30.679693691020525,"[0.0,0.264543795899272,0.0,0.9643736724170794]","[[0.8600331601024086,0.0,0.5102381439330705,4.618295192718506],[0.0,1.0,-0.0,1.4343975186347961],[-0.5102381439330705,0.0,0.8600331601024086,4.499088287353516],[0.0,0.0,0.0,1.0]]",train,0.7340676632572777,0.7340676632572777,0.7440852864583334,0.7440885416666667,INDEPENDENT_AND_HABITAT_TRIPLET_QUALIFIED,apartment_0,274677d9b7caa413230363b68f4aa472e5cc1afe87e422a489fa1b7d844c6182,32296d6457d3855ffe172cf1970364559def5dd15892e149b44d0bc7c6b7e938,ddd147f908537165c40a34b412cd21c3cbfb5a0615871375d02adecbbfaec6f7,84edb118f01fe1460ff64be4b6ef838f23ed4520740af9f457041b438a7b9f5a,pre_render_not_published/0060
61,frame_0061,location_020,candidate_0219,1d12037c4eb19fe8a66866c2da7faaec2d2b6235ae8f2270b65a0411ac0f02c1,"[4.618295192718506,-0.06560248136520386,4.499088287353516]","[4.618295192718506,1.4343975186347961,4.499088287353516]",30.679693691020525,1,-60,330.67969369102053,"[0.0,-0.2530851885462047,-0.0,0.9674439970037191]","[[0.8718957746770641,0.0,-0.48969149277916024,4.618295192718506],[-0.0,1.0,-0.0,1.4343975186347961],[0.48969149277916024,0.0,0.8718957746770641,4.499088287353516],[0.0,0.0,0.0,1.0]]",train,0.22659323367427223,0.22659323367427223,0.22016276041666666,0.22016276041666666,INDEPENDENT_AND_HABITAT_TRIPLET_QUALIFIED,apartment_0,274677d9b7caa413230363b68f4aa472e5cc1afe87e422a489fa1b7d844c6182,32296d6457d3855ffe172cf1970364559def5dd15892e149b44d0bc7c6b7e938,ddd147f908537165c40a34b412cd21c3cbfb5a0615871375d02adecbbfaec6f7,84edb118f01fe1460ff64be4b6ef838f23ed4520740af9f457041b438a7b9f5a,pre_render_not_published/0061
62,frame_0062,location_020,candidate_0219,1d12037c4eb19fe8a66866c2da7faaec2d2b6235ae8f2270b65a0411ac0f02c1,"[4.618295192718506,-0.06560248136520386,4.499088287353516]","[4.618295192718506,1.4343975186347961,4.499088287353516]",30.679693691020525,2,60,90.67969369102053,"[0.0,0.711288483870875,0.0,0.7029002011044471]","[[-0.011862614574655766,0.0,0.9999296367122305,4.618295192718506],[0.0,1.0,-0.0,1.4343975186347961],[-0.9999296367122305,0.0,-0.011862614574655766,4.499088287353516],[0.0,0.0,0.0,1.0]]",train,0.35877261998426435,0.35877261998426435,0.3620106336805556,0.36201171875,INDEPENDENT_AND_HABITAT_TRIPLET_QUALIFIED,apartment_0,274677d9b7caa413230363b68f4aa472e5cc1afe87e422a489fa1b7d844c6182,32296d6457d3855ffe172cf1970364559def5dd15892e149b44d0bc7c6b7e938,ddd147f908537165c40a34b412cd21c3cbfb5a0615871375d02adecbbfaec6f7,84edb118f01fe1460ff64be4b6ef838f23ed4520740af9f457041b438a7b9f5a,pre_render_not_published/0062
63,frame_0063,location_021,candidate_0524,4302fe3fbea163bf87257cd878ba2e8fe6fd0ee5f4d863694271ff51ffec2dd3,"[-0.46981027722358704,-1.374765157699585,2.843294143676758]","[-0.46981027722358704,0.12523484230041504,2.843294143676758]",349.9281544474872,0,0,349.9281544474872,"[0.0,-0.08778031048585998,-0.0,0.9961398581981378]","[[0.984589234182012,0.0,-0.17488293207994612,-0.46981027722358704],[-0.0,1.0,-0.0,0.12523484230041504],[0.17488293207994612,0.0,0.984589234182012,2.843294143676758],[0.0,0.0,0.0,1.0]]",train,1.0,1.0,1.0,1.0,INDEPENDENT_AND_HABITAT_TRIPLET_QUALIFIED,apartment_0,274677d9b7caa413230363b68f4aa472e5cc1afe87e422a489fa1b7d844c6182,32296d6457d3855ffe172cf1970364559def5dd15892e149b44d0bc7c6b7e938,ddd147f908537165c40a34b412cd21c3cbfb5a0615871375d02adecbbfaec6f7,84edb118f01fe1460ff64be4b6ef838f23ed4520740af9f457041b438a7b9f5a,pre_render_not_published/0063
64,frame_0064,location_021,candidate_0524,4302fe3fbea163bf87257cd878ba2e8fe6fd0ee5f4d863694271ff51ffec2dd3,"[-0.46981027722358704,-1.374765157699585,2.843294143676758]","[-0.46981027722358704,0.12523484230041504,2.843294143676758]",349.9281544474872,1,-60,289.9281544474872,"[0.0,-0.574089907931909,-0.0,0.8187922676788859]","[[0.3408415552214644,0.0,-0.9401207551342612,-0.46981027722358704],[-0.0,1.0,-0.0,0.12523484230041504],[0.9401207551342612,0.0,0.3408415552214644,2.843294143676758],[0.0,0.0,0.0,1.0]]",train,1.0,1.0,1.0,1.0,INDEPENDENT_AND_HABITAT_TRIPLET_QUALIFIED,apartment_0,274677d9b7caa413230363b68f4aa472e5cc1afe87e422a489fa1b7d844c6182,32296d6457d3855ffe172cf1970364559def5dd15892e149b44d0bc7c6b7e938,ddd147f908537165c40a34b412cd21c3cbfb5a0615871375d02adecbbfaec6f7,84edb118f01fe1460ff64be4b6ef838f23ed4520740af9f457041b438a7b9f5a,pre_render_not_published/0064
65,frame_0065,location_021,candidate_0524,4302fe3fbea163bf87257cd878ba2e8fe6fd0ee5f4d863694271ff51ffec2dd3,"[-0.46981027722358704,-1.374765157699585,2.843294143676758]","[-0.46981027722358704,0.12523484230041504,2.843294143676758]",349.9281544474872,2,60,49.9281544474872,"[0.0,0.42204995026622877,0.0,0.9065725781647457]","[[0.6437476789605477,0.0,0.7652378230543154,-0.46981027722358704],[0.0,1.0,-0.0,0.12523484230041504],[-0.7652378230543154,0.0,0.6437476789605477,2.843294143676758],[0.0,0.0,0.0,1.0]]",train,1.0,1.0,1.0,1.0,INDEPENDENT_AND_HABITAT_TRIPLET_QUALIFIED,apartment_0,274677d9b7caa413230363b68f4aa472e5cc1afe87e422a489fa1b7d844c6182,32296d6457d3855ffe172cf1970364559def5dd15892e149b44d0bc7c6b7e938,ddd147f908537165c40a34b412cd21c3cbfb5a0615871375d02adecbbfaec6f7,84edb118f01fe1460ff64be4b6ef838f23ed4520740af9f457041b438a7b9f5a,pre_render_not_published/0065
66,frame_0066,location_022,candidate_0748,60f84c9f7a455043532e006ca13c4c1f515daecf21cf080e31d784e0647004fa,"[0.9428500533103943,1.4252347946166992,0.9886980652809143]","[0.9428500533103943,2.925234794616699,0.9886980652809143]",20.012964016761504,0,0,20.012964016761504,"[0.0,0.17375959020863593,0.0,0.9847881014769253]","[[0.9396152096210538,0.0,0.34223275390994223,0.9428500533103943],[0.0,1.0,-0.0,2.925234794616699],[-0.34223275390994223,0.0,0.9396152096210538,0.9886980652809143],[0.0,0.0,0.0,1.0]]",train,0.4358772619984264,0.4358772619984264,0.430966796875,0.430966796875,INDEPENDENT_AND_HABITAT_TRIPLET_QUALIFIED,apartment_0,274677d9b7caa413230363b68f4aa472e5cc1afe87e422a489fa1b7d844c6182,32296d6457d3855ffe172cf1970364559def5dd15892e149b44d0bc7c6b7e938,ddd147f908537165c40a34b412cd21c3cbfb5a0615871375d02adecbbfaec6f7,84edb118f01fe1460ff64be4b6ef838f23ed4520740af9f457041b438a7b9f5a,pre_render_not_published/0066
67,frame_0067,location_022,candidate_0748,60f84c9f7a455043532e006ca13c4c1f515daecf21cf080e31d784e0647004fa,"[0.9428500533103943,1.4252347946166992,0.9886980652809143]","[0.9428500533103943,2.925234794616699,0.9886980652809143]",20.012964016761504,1,-60,320.0129640167615,"[0.0,-0.3419138314666104,-0.0,0.9397313083279829]","[[0.7661898637036447,0.0,-0.6426142643591025,0.9428500533103943],[-0.0,1.0,-0.0,2.925234794616699],[0.6426142643591025,0.0,0.7661898637036447,0.9886980652809143],[0.0,0.0,0.0,1.0]]",train,0.8363493312352478,0.8363493312352478,0.8380338541666666,0.8380338541666666,INDEPENDENT_AND_HABITAT_TRIPLET_QUALIFIED,apartment_0,274677d9b7caa413230363b68f4aa472e5cc1afe87e422a489fa1b7d844c6182,32296d6457d3855ffe172cf1970364559def5dd15892e149b44d0bc7c6b7e938,ddd147f908537165c40a34b412cd21c3cbfb5a0615871375d02adecbbfaec6f7,84edb118f01fe1460ff64be4b6ef838f23ed4520740af9f457041b438a7b9f5a,pre_render_not_published/0067
68,frame_0068,location_022,candidate_0748,60f84c9f7a455043532e006ca13c4c1f515daecf21cf080e31d784e0647004fa,"[0.9428500533103943,1.4252347946166992,0.9886980652809143]","[0.9428500533103943,2.925234794616699,0.9886980652809143]",20.012964016761504,2,60,80.0129640167615,"[0.0,0.6428742700103152,0.0,0.7659717181193471]","[[0.17342534591740894,0.0,0.9848470182690442,0.9428500533103943],[0.0,1.0,-0.0,2.925234794616699],[-0.9848470182690442,0.0,0.17342534591740894,0.9886980652809143],[0.0,0.0,0.0,1.0]]",train,0.2753737214791503,0.2753737214791503,0.2683615451388889,0.26836588541666667,INDEPENDENT_AND_HABITAT_TRIPLET_QUALIFIED,apartment_0,274677d9b7caa413230363b68f4aa472e5cc1afe87e422a489fa1b7d844c6182,32296d6457d3855ffe172cf1970364559def5dd15892e149b44d0bc7c6b7e938,ddd147f908537165c40a34b412cd21c3cbfb5a0615871375d02adecbbfaec6f7,84edb118f01fe1460ff64be4b6ef838f23ed4520740af9f457041b438a7b9f5a,pre_render_not_published/0068
69,frame_0069,location_023,candidate_0758,62479e7309b2ef9f91e6ed22c438e50b37b25235ef75abedc86655dc95467c93,"[2.4478073120117188,-1.374765157699585,7.872242450714111]","[2.4478073120117188,0.12523484230041504,7.872242450714111]",12.309758715447222,0,0,12.309758715447222,"[0.0,0.10721642466796236,0.0,0.9942357055957199]","[[0.9770092765628383,0.0,0.21319679526240382,2.4478073120117188],[0.0,1.0,-0.0,0.12523484230041504],[-0.21319679526240382,0.0,0.9770092765628383,7.872242450714111],[0.0,0.0,0.0,1.0]]",train,0.5877261998426436,0.5877261998426436,0.6055989583333333,0.605615234375,INDEPENDENT_AND_HABITAT_TRIPLET_QUALIFIED,apartment_0,274677d9b7caa413230363b68f4aa472e5cc1afe87e422a489fa1b7d844c6182,32296d6457d3855ffe172cf1970364559def5dd15892e149b44d0bc7c6b7e938,ddd147f908537165c40a34b412cd21c3cbfb5a0615871375d02adecbbfaec6f7,84edb118f01fe1460ff64be4b6ef838f23ed4520740af9f457041b438a7b9f5a,pre_render_not_published/0069
70,frame_0070,location_023,candidate_0758,62479e7309b2ef9f91e6ed22c438e50b37b25235ef75abedc86655dc95467c93,"[2.4478073120117188,-1.374765157699585,7.872242450714111]","[2.4478073120117188,0.12523484230041504,7.872242450714111]",12.309758715447222,1,-60,312.30975871544723,"[0.0,-0.4042657053324641,-0.0,0.9146415907294209]","[[0.6731384789840906,0.0,-0.7395164556052726,2.4478073120117188],[-0.0,1.0,-0.0,0.12523484230041504],[0.7395164556052726,0.0,0.6731384789840906,7.872242450714111],[0.0,0.0,0.0,1.0]]",train,0.2682926829268293,0.2682926829268293,0.26417643229166665,0.26417643229166665,INDEPENDENT_AND_HABITAT_TRIPLET_QUALIFIED,apartment_0,274677d9b7caa413230363b68f4aa472e5cc1afe87e422a489fa1b7d844c6182,32296d6457d3855ffe172cf1970364559def5dd15892e149b44d0bc7c6b7e938,ddd147f908537165c40a34b412cd21c3cbfb5a0615871375d02adecbbfaec6f7,84edb118f01fe1460ff64be4b6ef838f23ed4520740af9f457041b438a7b9f5a,pre_render_not_published/0070
71,frame_0071,location_023,candidate_0758,62479e7309b2ef9f91e6ed22c438e50b37b25235ef75abedc86655dc95467c93,"[2.4478073120117188,-1.374765157699585,7.872242450714111]","[2.4478073120117188,0.12523484230041504,7.872242450714111]",12.309758715447222,2,60,72.30975871544722,"[0.0,0.5899700002632559,0.0,0.8074251660614585]","[[0.30387079757874774,0.0,0.9527132508676762,2.4478073120117188],[0.0,1.0,-0.0,0.12523484230041504],[-0.9527132508676762,0.0,0.30387079757874774,7.872242450714111],[0.0,0.0,0.0,1.0]]",train,0.2077104642014162,0.2077104642014162,0.2017437065972222,0.20176106770833332,INDEPENDENT_AND_HABITAT_TRIPLET_QUALIFIED,apartment_0,274677d9b7caa413230363b68f4aa472e5cc1afe87e422a489fa1b7d844c6182,32296d6457d3855ffe172cf1970364559def5dd15892e149b44d0bc7c6b7e938,ddd147f908537165c40a34b412cd21c3cbfb5a0615871375d02adecbbfaec6f7,84edb118f01fe1460ff64be4b6ef838f23ed4520740af9f457041b438a7b9f5a,pre_render_not_published/0071
72,frame_0072,location_024,candidate_0282,24136f4f6bed1d2b7d78427ad0e231bb5b4d1dd47df47b5e34bacfdb4af5426b,"[3.109989881515503,-1.374765157699585,-1.1325796842575073]","[3.109989881515503,0.12523484230041504,-1.1325796842575073]",336.600778243359,0,0,336.600778243359,"[0.0,-0.20278064500467408,-0.0,0.9792241878198722]","[[0.9177600200229767,0.0,-0.3971354248205836,3.109989881515503],[-0.0,1.0,-0.0,0.12523484230041504],[0.3971354248205836,0.0,0.9177600200229767,-1.1325796842575073],[0.0,0.0,0.0,1.0]]",train,1.0,1.0,1.0,1.0,INDEPENDENT_AND_HABITAT_TRIPLET_QUALIFIED,apartment_0,274677d9b7caa413230363b68f4aa472e5cc1afe87e422a489fa1b7d844c6182,32296d6457d3855ffe172cf1970364559def5dd15892e149b44d0bc7c6b7e938,ddd147f908537165c40a34b412cd21c3cbfb5a0615871375d02adecbbfaec6f7,84edb118f01fe1460ff64be4b6ef838f23ed4520740af9f457041b438a7b9f5a,pre_render_not_published/0072
73,frame_0073,location_024,candidate_0282,24136f4f6bed1d2b7d78427ad0e231bb5b4d1dd47df47b5e34bacfdb4af5426b,"[3.109989881515503,-1.374765157699585,-1.1325796842575073]","[3.109989881515503,0.12523484230041504,-1.1325796842575073]",336.600778243359,1,-60,276.600778243359,"[0.0,-0.6652252838797778,-0.0,0.7466427001498569]","[[0.11495064337413818,0.0,-0.9933712043279047,3.109989881515503],[-0.0,1.0,-0.0,0.12523484230041504],[0.9933712043279047,0.0,0.11495064337413818,-1.1325796842575073],[0.0,0.0,0.0,1.0]]",train,1.0,1.0,1.0,1.0,INDEPENDENT_AND_HABITAT_TRIPLET_QUALIFIED,apartment_0,274677d9b7caa413230363b68f4aa472e5cc1afe87e422a489fa1b7d844c6182,32296d6457d3855ffe172cf1970364559def5dd15892e149b44d0bc7c6b7e938,ddd147f908537165c40a34b412cd21c3cbfb5a0615871375d02adecbbfaec6f7,84edb118f01fe1460ff64be4b6ef838f23ed4520740af9f457041b438a7b9f5a,pre_render_not_published/0073
74,frame_0074,location_024,candidate_0282,24136f4f6bed1d2b7d78427ad0e231bb5b4d1dd47df47b5e34bacfdb4af5426b,"[3.109989881515503,-1.374765157699585,-1.1325796842575073]","[3.109989881515503,0.12523484230041504,-1.1325796842575073]",336.600778243359,2,60,36.600778243359,"[0.0,0.3139989039400945,0.0,0.9494233451545308]","[[0.8028093766488387,0.0,0.5962357795073213,3.109989881515503],[0.0,1.0,-0.0,0.12523484230041504],[-0.5962357795073213,0.0,0.8028093766488387,-1.1325796842575073],[0.0,0.0,0.0,1.0]]",train,1.0,1.0,1.0,1.0,INDEPENDENT_AND_HABITAT_TRIPLET_QUALIFIED,apartment_0,274677d9b7caa413230363b68f4aa472e5cc1afe87e422a489fa1b7d844c6182,32296d6457d3855ffe172cf1970364559def5dd15892e149b44d0bc7c6b7e938,ddd147f908537165c40a34b412cd21c3cbfb5a0615871375d02adecbbfaec6f7,84edb118f01fe1460ff64be4b6ef838f23ed4520740af9f457041b438a7b9f5a,pre_render_not_published/0074
75,frame_0075,location_025,candidate_0914,797ca796f595282dd61ad12e8b65dd32d8e632ffd6a6e587505b65938d1421f1,"[0.9489429593086243,-1.374765157699585,3.8516626358032227]","[0.9489429593086243,0.12523484230041504,3.8516626358032227]",22.17039642786309,0,0,22.17039642786309,"[0.0,0.1922684530535988,0.0,0.9813423673521775]","[[0.9260656839207522,0.0,0.3773623577735193,0.9489429593086243],[0.0,1.0,-0.0,0.12523484230041504],[-0.3773623577735193,0.0,0.9260656839207522,3.8516626358032227],[0.0,0.0,0.0,1.0]]",train,1.0,1.0,1.0,1.0,INDEPENDENT_AND_HABITAT_TRIPLET_QUALIFIED,apartment_0,274677d9b7caa413230363b68f4aa472e5cc1afe87e422a489fa1b7d844c6182,32296d6457d3855ffe172cf1970364559def5dd15892e149b44d0bc7c6b7e938,ddd147f908537165c40a34b412cd21c3cbfb5a0615871375d02adecbbfaec6f7,84edb118f01fe1460ff64be4b6ef838f23ed4520740af9f457041b438a7b9f5a,pre_render_not_published/0075
76,frame_0076,location_025,candidate_0914,797ca796f595282dd61ad12e8b65dd32d8e632ffd6a6e587505b65938d1421f1,"[0.9489429593086243,-1.374765157699585,3.8516626358032227]","[0.9489429593086243,0.12523484230041504,3.8516626358032227]",22.17039642786309,1,-60,322.17039642786307,"[0.0,-0.3241618189853367,-0.0,0.9460016464637457]","[[0.7898382302242356,0.0,-0.6133152289616225,0.9489429593086243],[-0.0,1.0,-0.0,0.12523484230041504],[0.6133152289616225,0.0,0.7898382302242356,3.8516626358032227],[0.0,0.0,0.0,1.0]]",train,1.0,1.0,1.0,1.0,INDEPENDENT_AND_HABITAT_TRIPLET_QUALIFIED,apartment_0,274677d9b7caa413230363b68f4aa472e5cc1afe87e422a489fa1b7d844c6182,32296d6457d3855ffe172cf1970364559def5dd15892e149b44d0bc7c6b7e938,ddd147f908537165c40a34b412cd21c3cbfb5a0615871375d02adecbbfaec6f7,84edb118f01fe1460ff64be4b6ef838f23ed4520740af9f457041b438a7b9f5a,pre_render_not_published/0076
77,frame_0077,location_025,candidate_0914,797ca796f595282dd61ad12e8b65dd32d8e632ffd6a6e587505b65938d1421f1,"[0.9489429593086243,-1.374765157699585,3.8516626358032227]","[0.9489429593086243,0.12523484230041504,3.8516626358032227]",22.17039642786309,2,60,82.1703964278631,"[0.0,0.657180548366841,0.0,0.753733193410147]","[[0.13622745369651626,0.0,0.9906775867351414,0.9489429593086243],[0.0,1.0,-0.0,0.12523484230041504],[-0.9906775867351414,0.0,0.13622745369651626,3.8516626358032227],[0.0,0.0,0.0,1.0]]",train,0.5397324940991345,0.5397324940991345,0.5402994791666667,0.5402994791666667,INDEPENDENT_AND_HABITAT_TRIPLET_QUALIFIED,apartment_0,274677d9b7caa413230363b68f4aa472e5cc1afe87e422a489fa1b7d844c6182,32296d6457d3855ffe172cf1970364559def5dd15892e149b44d0bc7c6b7e938,ddd147f908537165c40a34b412cd21c3cbfb5a0615871375d02adecbbfaec6f7,84edb118f01fe1460ff64be4b6ef838f23ed4520740af9f457041b438a7b9f5a,pre_render_not_published/0077
78,frame_0078,location_026,candidate_0888,75cfaea4d792787d270c73136e758a64cb2e85f8b56ceb84041f4e5c9e674426,"[-0.5785002112388611,1.4252347946166992,2.9530038833618164]","[-0.5785002112388611,2.925234794616699,2.9530038833618164]",329.5038322757624,0,0,329.5038322757624,"[0.0,-0.262998949010475,-0.0,0.9647961198198226]","[[0.8616631056387711,0.0,-0.5074807310439953,-0.5785002112388611],[-0.0,1.0,-0.0,2.925234794616699],[0.5074807310439953,0.0,0.8616631056387711,2.9530038833618164],[0.0,0.0,0.0,1.0]]",train,0.5570416994492525,0.5570416994492525,0.5624652777777778,0.5624837239583333,INDEPENDENT_AND_HABITAT_TRIPLET_QUALIFIED,apartment_0,274677d9b7caa413230363b68f4aa472e5cc1afe87e422a489fa1b7d844c6182,32296d6457d3855ffe172cf1970364559def5dd15892e149b44d0bc7c6b7e938,ddd147f908537165c40a34b412cd21c3cbfb5a0615871375d02adecbbfaec6f7,84edb118f01fe1460ff64be4b6ef838f23ed4520740af9f457041b438a7b9f5a,pre_render_not_published/0078
79,frame_0079,location_026,candidate_0888,75cfaea4d792787d270c73136e758a64cb2e85f8b56ceb84041f4e5c9e674426,"[-0.5785002112388611,1.4252347946166992,2.9530038833618164]","[-0.5785002112388611,2.925234794616699,2.9530038833618164]",329.5038322757624,1,-60,269.5038322757624,"[0.0,-0.710161830921591,0.0,0.7040384747313839]","[[-0.008659652195813107,0.0,-0.9999625045089678,-0.5785002112388611],[0.0,1.0,-0.0,2.925234794616699],[0.9999625045089678,-0.0,-0.008659652195813107,2.9530038833618164],[0.0,0.0,0.0,1.0]]",train,0.4940991345397325,0.4940991345397325,0.4935861545138889,0.49359049479166667,INDEPENDENT_AND_HABITAT_TRIPLET_QUALIFIED,apartment_0,274677d9b7caa413230363b68f4aa472e5cc1afe87e422a489fa1b7d844c6182,32296d6457d3855ffe172cf1970364559def5dd15892e149b44d0bc7c6b7e938,ddd147f908537165c40a34b412cd21c3cbfb5a0615871375d02adecbbfaec6f7,84edb118f01fe1460ff64be4b6ef838f23ed4520740af9f457041b438a7b9f5a,pre_render_not_published/0079
80,frame_0080,location_026,candidate_0888,75cfaea4d792787d270c73136e758a64cb2e85f8b56ceb84041f4e5c9e674426,"[-0.5785002112388611,1.4252347946166992,2.9530038833618164]","[-0.5785002112388611,2.925234794616699,2.9530038833618164]",329.5038322757624,2,60,29.50383227576242,"[0.0,0.2546342888982317,0.0,0.9670374237418591]","[[0.8703227578345838,0.0,0.49248177346497246,-0.5785002112388611],[0.0,1.0,-0.0,2.925234794616699],[-0.49248177346497246,0.0,0.8703227578345838,2.9530038833618164],[0.0,0.0,0.0,1.0]]",train,0.1880409126671912,0.1880409126671912,0.18849066840277778,0.18849609375,INDEPENDENT_AND_HABITAT_TRIPLET_QUALIFIED,apartment_0,274677d9b7caa413230363b68f4aa472e5cc1afe87e422a489fa1b7d844c6182,32296d6457d3855ffe172cf1970364559def5dd15892e149b44d0bc7c6b7e938,ddd147f908537165c40a34b412cd21c3cbfb5a0615871375d02adecbbfaec6f7,84edb118f01fe1460ff64be4b6ef838f23ed4520740af9f457041b438a7b9f5a,pre_render_not_published/0080
81,frame_0081,location_027,candidate_0450,39bcd33565e8823e47c7b16b4d27b2f36d38839e6523617f9adb7cf111f9928f,"[0.8656949996948242,-1.374765157699585,0.29479125142097473]","[0.8656949996948242,0.12523484230041504,0.29479125142097473]",76.9554754915524,0,0,76.9554754915524,"[0.0,0.6222105075407112,0.0,0.7828499756057546]","[[0.22570816861186122,0.0,0.9741949612997799,0.8656949996948242],[0.0,1.0,-0.0,0.12523484230041504],[-0.9741949612997799,0.0,0.22570816861186122,0.29479125142097473],[0.0,0.0,0.0,1.0]]",train,1.0,1.0,0.9999934895833333,0.9999934895833333,INDEPENDENT_AND_HABITAT_TRIPLET_QUALIFIED,apartment_0,274677d9b7caa413230363b68f4aa472e5cc1afe87e422a489fa1b7d844c6182,32296d6457d3855ffe172cf1970364559def5dd15892e149b44d0bc7c6b7e938,ddd147f908537165c40a34b412cd21c3cbfb5a0615871375d02adecbbfaec6f7,84edb118f01fe1460ff64be4b6ef838f23ed4520740af9f457041b438a7b9f5a,pre_render_not_published/0081
82,frame_0082,location_027,candidate_0450,39bcd33565e8823e47c7b16b4d27b2f36d38839e6523617f9adb7cf111f9928f,"[0.8656949996948242,-1.374765157699585,0.29479125142097473]","[0.8656949996948242,0.12523484230041504,0.29479125142097473]",76.9554754915524,1,-60,16.955475491552406,"[0.0,0.14742511822898763,0.0,0.9890732199969672]","[[0.956531669030338,0.0,0.29162847279035675,0.8656949996948242],[0.0,1.0,-0.0,0.12523484230041504],[-0.29162847279035675,0.0,0.956531669030338,0.29479125142097473],[0.0,0.0,0.0,1.0]]",train,1.0,1.0,1.0,1.0,INDEPENDENT_AND_HABITAT_TRIPLET_QUALIFIED,apartment_0,274677d9b7caa413230363b68f4aa472e5cc1afe87e422a489fa1b7d844c6182,32296d6457d3855ffe172cf1970364559def5dd15892e149b44d0bc7c6b7e938,ddd147f908537165c40a34b412cd21c3cbfb5a0615871375d02adecbbfaec6f7,84edb118f01fe1460ff64be4b6ef838f23ed4520740af9f457041b438a7b9f5a,pre_render_not_published/0082
83,frame_0083,location_027,candidate_0450,39bcd33565e8823e47c7b16b4d27b2f36d38839e6523617f9adb7cf111f9928f,"[0.8656949996948242,-1.374765157699585,0.29479125142097473]","[0.8656949996948242,0.12523484230041504,0.29479125142097473]",76.9554754915524,2,60,136.95547549155242,"[0.0,0.9302750938347423,0.0,0.36686271245625596]","[[-0.7308235004184769,0.0,0.6825664885094231,0.8656949996948242],[0.0,1.0,-0.0,0.12523484230041504],[-0.6825664885094231,0.0,-0.7308235004184769,0.29479125142097473],[0.0,0.0,0.0,1.0]]",train,1.0,1.0,1.0,1.0,INDEPENDENT_AND_HABITAT_TRIPLET_QUALIFIED,apartment_0,274677d9b7caa413230363b68f4aa472e5cc1afe87e422a489fa1b7d844c6182,32296d6457d3855ffe172cf1970364559def5dd15892e149b44d0bc7c6b7e938,ddd147f908537165c40a34b412cd21c3cbfb5a0615871375d02adecbbfaec6f7,84edb118f01fe1460ff64be4b6ef838f23ed4520740af9f457041b438a7b9f5a,pre_render_not_published/0083
84,frame_0084,location_028,candidate_0968,7f8373dcc2489d3e1df83f0888efb3d1fc1621d3e49c1faf1da5122de51bd199,"[4.4943647384643555,1.4252347946166992,2.523766040802002]","[4.4943647384643555,2.925234794616699,2.523766040802002]",67.88900580340353,0,0,67.88900580340353,"[0.0,0.558389629607869,0.0,0.8295788217802977]","[[0.3764020430927738,0.0,0.9264564220488656,4.4943647384643555],[0.0,1.0,-0.0,2.925234794616699],[-0.9264564220488656,0.0,0.3764020430927738,2.523766040802002],[0.0,0.0,0.0,1.0]]",eval,0.6711250983477577,0.6711250983477577,0.6685112847222222,0.66853515625,INDEPENDENT_AND_HABITAT_TRIPLET_QUALIFIED,apartment_0,274677d9b7caa413230363b68f4aa472e5cc1afe87e422a489fa1b7d844c6182,32296d6457d3855ffe172cf1970364559def5dd15892e149b44d0bc7c6b7e938,ddd147f908537165c40a34b412cd21c3cbfb5a0615871375d02adecbbfaec6f7,84edb118f01fe1460ff64be4b6ef838f23ed4520740af9f457041b438a7b9f5a,pre_render_not_published/0084
85,frame_0085,location_028,candidate_0968,7f8373dcc2489d3e1df83f0888efb3d1fc1621d3e49c1faf1da5122de51bd199,"[4.4943647384643555,1.4252347946166992,2.523766040802002]","[4.4943647384643555,2.925234794616699,2.523766040802002]",67.88900580340353,1,-60,7.889005803403535,"[0.0,0.06879019356004909,0.0,0.9976311489072357]","[[0.990535818539942,0.0,0.1372544796697258,4.4943647384643555],[0.0,1.0,-0.0,2.925234794616699],[-0.1372544796697258,0.0,0.990535818539942,2.523766040802002],[0.0,0.0,0.0,1.0]]",eval,0.5672698662470496,0.5672698662470496,0.5652083333333333,0.5652083333333333,INDEPENDENT_AND_HABITAT_TRIPLET_QUALIFIED,apartment_0,274677d9b7caa413230363b68f4aa472e5cc1afe87e422a489fa1b7d844c6182,32296d6457d3855ffe172cf1970364559def5dd15892e149b44d0bc7c6b7e938,ddd147f908537165c40a34b412cd21c3cbfb5a0615871375d02adecbbfaec6f7,84edb118f01fe1460ff64be4b6ef838f23ed4520740af9f457041b438a7b9f5a,pre_render_not_published/0085
86,frame_0086,location_028,candidate_0968,7f8373dcc2489d3e1df83f0888efb3d1fc1621d3e49c1faf1da5122de51bd199,"[4.4943647384643555,1.4252347946166992,2.523766040802002]","[4.4943647384643555,2.925234794616699,2.523766040802002]",67.88900580340353,2,60,127.88900580340353,"[0.0,0.8983690153403466,0.0,0.4392415192993668]","[[-0.6141337754471681,0.0,0.78920194237914,4.4943647384643555],[0.0,1.0,-0.0,2.925234794616699],[-0.78920194237914,0.0,-0.6141337754471681,2.523766040802002],[0.0,0.0,0.0,1.0]]",eval,0.1872541306058222,0.1872541306058222,0.183759765625,0.183759765625,INDEPENDENT_AND_HABITAT_TRIPLET_QUALIFIED,apartment_0,274677d9b7caa413230363b68f4aa472e5cc1afe87e422a489fa1b7d844c6182,32296d6457d3855ffe172cf1970364559def5dd15892e149b44d0bc7c6b7e938,ddd147f908537165c40a34b412cd21c3cbfb5a0615871375d02adecbbfaec6f7,84edb118f01fe1460ff64be4b6ef838f23ed4520740af9f457041b438a7b9f5a,pre_render_not_published/0086
87,frame_0087,location_029,candidate_0678,58c48114592e2472a18a02950b97618bfb7a2f8076b889d0cc98035ee8f22c3b,"[1.512427806854248,1.4252347946166992,3.960615634918213]","[1.512427806854248,2.925234794616699,3.960615634918213]",342.1952753261636,0,0,342.1952753261636,"[0.0,-0.1547511203037762,-0.0,0.9879534861342036]","[[0.9521041815294524,0.0,-0.30577381757457844,1.512427806854248],[-0.0,1.0,-0.0,2.925234794616699],[0.30577381757457844,0.0,0.9521041815294524,3.960615634918213],[0.0,0.0,0.0,1.0]]",train,0.5507474429583006,0.5507474429583006,0.5561208767361111,0.5561751302083333,INDEPENDENT_AND_HABITAT_TRIPLET_QUALIFIED,apartment_0,274677d9b7caa413230363b68f4aa472e5cc1afe87e422a489fa1b7d844c6182,32296d6457d3855ffe172cf1970364559def5dd15892e149b44d0bc7c6b7e938,ddd147f908537165c40a34b412cd21c3cbfb5a0615871375d02adecbbfaec6f7,84edb118f01fe1460ff64be4b6ef838f23ed4520740af9f457041b438a7b9f5a,pre_render_not_published/0087
88,frame_0088,location_029,candidate_0678,58c48114592e2472a18a02950b97618bfb7a2f8076b889d0cc98035ee8f22c3b,"[1.512427806854248,1.4252347946166992,3.960615634918213]","[1.512427806854248,2.925234794616699,3.960615634918213]",342.1952753261636,1,-60,282.1952753261636,"[0.0,-0.6279951445142737,-0.0,0.7782172565977296]","[[0.21124419693299293,0.0,-0.9774333170411856,1.512427806854248],[-0.0,1.0,-0.0,2.925234794616699],[0.9774333170411856,0.0,0.21124419693299293,3.960615634918213],[0.0,0.0,0.0,1.0]]",train,0.23052714398111723,0.23052714398111723,0.22885091145833333,0.22885091145833333,INDEPENDENT_AND_HABITAT_TRIPLET_QUALIFIED,apartment_0,274677d9b7caa413230363b68f4aa472e5cc1afe87e422a489fa1b7d844c6182,32296d6457d3855ffe172cf1970364559def5dd15892e149b44d0bc7c6b7e938,ddd147f908537165c40a34b412cd21c3cbfb5a0615871375d02adecbbfaec6f7,84edb118f01fe1460ff64be4b6ef838f23ed4520740af9f457041b438a7b9f5a,pre_render_not_published/0088
89,frame_0089,location_029,candidate_0678,58c48114592e2472a18a02950b97618bfb7a2f8076b889d0cc98035ee8f22c3b,"[1.512427806854248,1.4252347946166992,3.960615634918213]","[1.512427806854248,2.925234794616699,3.960615634918213]",342.1952753261636,2,60,42.195275326163596,"[0.0,0.35995834161992984,0.0,0.9329683769015057]","[[0.7408599845964597,0.0,0.6716594994666073,1.512427806854248],[0.0,1.0,-0.0,2.925234794616699],[-0.6716594994666073,0.0,0.7408599845964597,3.960615634918213],[0.0,0.0,0.0,1.0]]",train,0.41227380015735643,0.41227380015735643,0.4067513020833333,0.40682291666666665,INDEPENDENT_AND_HABITAT_TRIPLET_QUALIFIED,apartment_0,274677d9b7caa413230363b68f4aa472e5cc1afe87e422a489fa1b7d844c6182,32296d6457d3855ffe172cf1970364559def5dd15892e149b44d0bc7c6b7e938,ddd147f908537165c40a34b412cd21c3cbfb5a0615871375d02adecbbfaec6f7,84edb118f01fe1460ff64be4b6ef838f23ed4520740af9f457041b438a7b9f5a,pre_render_not_published/0089
90,frame_0090,location_030,candidate_0139,11fd31161a5e30b5edc194026dd7f866d0df3189a2ea01cd099d70b19718a73d,"[-0.729041576385498,-1.374765157699585,0.8871690034866333]","[-0.729041576385498,0.12523484230041504,0.8871690034866333]",268.4121352304411,0,0,268.4121352304411,"[0.0,-0.7168367739415036,0.0,0.6972410196805245]","[[-0.027709920949724715,0.0,-0.9996160064149433,-0.729041576385498],[0.0,1.0,-0.0,0.12523484230041504],[0.9996160064149433,-0.0,-0.027709920949724715,0.8871690034866333],[0.0,0.0,0.0,1.0]]",train,1.0,1.0,0.999990234375,0.999990234375,INDEPENDENT_AND_HABITAT_TRIPLET_QUALIFIED,apartment_0,274677d9b7caa413230363b68f4aa472e5cc1afe87e422a489fa1b7d844c6182,32296d6457d3855ffe172cf1970364559def5dd15892e149b44d0bc7c6b7e938,ddd147f908537165c40a34b412cd21c3cbfb5a0615871375d02adecbbfaec6f7,84edb118f01fe1460ff64be4b6ef838f23ed4520740af9f457041b438a7b9f5a,pre_render_not_published/0090
91,frame_0091,location_030,candidate_0139,11fd31161a5e30b5edc194026dd7f866d0df3189a2ea01cd099d70b19718a73d,"[-0.729041576385498,-1.374765157699585,0.8871690034866333]","[-0.729041576385498,0.12523484230041504,0.8871690034866333]",268.4121352304411,1,-60,208.4121352304411,"[0.0,0.9694193664404872,-0.0,-0.24541004863314841]","[[-0.8795478160597515,0.0,-0.47581050772815175,-0.729041576385498],[0.0,1.0,-0.0,0.12523484230041504],[0.47581050772815175,-0.0,-0.8795478160597515,0.8871690034866333],[0.0,0.0,0.0,1.0]]",train,1.0,1.0,1.0,1.0,INDEPENDENT_AND_HABITAT_TRIPLET_QUALIFIED,apartment_0,274677d9b7caa413230363b68f4aa472e5cc1afe87e422a489fa1b7d844c6182,32296d6457d3855ffe172cf1970364559def5dd15892e149b44d0bc7c6b7e938,ddd147f908537165c40a34b412cd21c3cbfb5a0615871375d02adecbbfaec6f7,84edb118f01fe1460ff64be4b6ef838f23ed4520740af9f457041b438a7b9f5a,pre_render_not_published/0091
92,frame_0092,location_030,candidate_0139,11fd31161a5e30b5edc194026dd7f866d0df3189a2ea01cd099d70b19718a73d,"[-0.729041576385498,-1.374765157699585,0.8871690034866333]","[-0.729041576385498,0.12523484230041504,0.8871690034866333]",268.4121352304411,2,60,328.4121352304411,"[0.0,-0.2721783467599625,-0.0,0.9622468225746519]","[[0.8518378951100273,0.0,-0.5238054986867914,-0.729041576385498],[-0.0,1.0,-0.0,0.12523484230041504],[0.5238054986867914,0.0,0.8518378951100273,0.8871690034866333],[0.0,0.0,0.0,1.0]]",train,1.0,1.0,1.0,1.0,INDEPENDENT_AND_HABITAT_TRIPLET_QUALIFIED,apartment_0,274677d9b7caa413230363b68f4aa472e5cc1afe87e422a489fa1b7d844c6182,32296d6457d3855ffe172cf1970364559def5dd15892e149b44d0bc7c6b7e938,ddd147f908537165c40a34b412cd21c3cbfb5a0615871375d02adecbbfaec6f7,84edb118f01fe1460ff64be4b6ef838f23ed4520740af9f457041b438a7b9f5a,pre_render_not_published/0092
93,frame_0093,location_031,candidate_0993,8348341c974233d7a17e677db1972fb37f9289f3654a9dbf62d86ad4a2579bb9,"[3.295524835586548,-1.374765157699585,0.183842733502388]","[3.295524835586548,0.12523484230041504,0.183842733502388]",16.814690836634018,0,0,16.814690836634018,"[0.0,0.146209853790623,0.0,0.9892535967357029]","[[0.9572453573090494,0.0,0.28927724748115013,3.295524835586548],[0.0,1.0,-0.0,0.12523484230041504],[-0.28927724748115013,0.0,0.9572453573090494,0.183842733502388],[0.0,0.0,0.0,1.0]]",train,1.0,1.0,1.0,1.0,INDEPENDENT_AND_HABITAT_TRIPLET_QUALIFIED,apartment_0,274677d9b7caa413230363b68f4aa472e5cc1afe87e422a489fa1b7d844c6182,32296d6457d3855ffe172cf1970364559def5dd15892e149b44d0bc7c6b7e938,ddd147f908537165c40a34b412cd21c3cbfb5a0615871375d02adecbbfaec6f7,84edb118f01fe1460ff64be4b6ef838f23ed4520740af9f457041b438a7b9f5a,pre_render_not_published/0093
94,frame_0094,location_031,candidate_0993,8348341c974233d7a17e677db1972fb37f9289f3654a9dbf62d86ad4a2579bb9,"[3.295524835586548,-1.374765157699585,0.183842733502388]","[3.295524835586548,0.12523484230041504,0.183842733502388]",16.814690836634018,1,-60,316.814690836634,"[0.0,-0.3680053507015638,-0.0,0.9298236724535567]","[[0.729144123710038,0.0,-0.6843601733437743,3.295524835586548],[-0.0,1.0,-0.0,0.12523484230041504],[0.6843601733437743,0.0,0.729144123710038,0.183842733502388],[0.0,0.0,0.0,1.0]]",train,1.0,1.0,1.0,1.0,INDEPENDENT_AND_HABITAT_TRIPLET_QUALIFIED,apartment_0,274677d9b7caa413230363b68f4aa472e5cc1afe87e422a489fa1b7d844c6182,32296d6457d3855ffe172cf1970364559def5dd15892e149b44d0bc7c6b7e938,ddd147f908537165c40a34b412cd21c3cbfb5a0615871375d02adecbbfaec6f7,84edb118f01fe1460ff64be4b6ef838f23ed4520740af9f457041b438a7b9f5a,pre_render_not_published/0094
95,frame_0095,location_031,candidate_0993,8348341c974233d7a17e677db1972fb37f9289f3654a9dbf62d86ad4a2579bb9,"[3.295524835586548,-1.374765157699585,0.183842733502388]","[3.295524835586548,0.12523484230041504,0.183842733502388]",16.814690836634018,2,60,76.81469083663401,"[0.0,0.6212482460341394,0.0,0.7836138186629338]","[[0.2281012335990107,0.0,0.9736374208249237,3.295524835586548],[0.0,1.0,-0.0,0.12523484230041504],[-0.9736374208249237,0.0,0.2281012335990107,0.183842733502388],[0.0,0.0,0.0,1.0]]",train,1.0,1.0,1.0,1.0,INDEPENDENT_AND_HABITAT_TRIPLET_QUALIFIED,apartment_0,274677d9b7caa413230363b68f4aa472e5cc1afe87e422a489fa1b7d844c6182,32296d6457d3855ffe172cf1970364559def5dd15892e149b44d0bc7c6b7e938,ddd147f908537165c40a34b412cd21c3cbfb5a0615871375d02adecbbfaec6f7,84edb118f01fe1460ff64be4b6ef838f23ed4520740af9f457041b438a7b9f5a,pre_render_not_published/0095
96,frame_0096,location_032,candidate_0593,4d91a822080bbf90f78605c5cdc72ce1cbf4859dd4d7ecadf28c0ed735d37cf1,"[-1.5717583894729614,-1.374765157699585,3.526357650756836]","[-1.5717583894729614,0.12523484230041504,3.526357650756836]",348.6502208237327,0,0,348.6502208237327,"[0.0,-0.09888364779852653,-0.0,0.9950990022093565]","[[0.980444048396114,0.0,-0.19679803851827038,-1.5717583894729614],[-0.0,1.0,-0.0,0.12523484230041504],[0.19679803851827038,0.0,0.980444048396114,3.526357650756836],[0.0,0.0,0.0,1.0]]",train,0.7450826121164438,0.7450826121164438,0.74775390625,0.74775390625,INDEPENDENT_AND_HABITAT_TRIPLET_QUALIFIED,apartment_0,274677d9b7caa413230363b68f4aa472e5cc1afe87e422a489fa1b7d844c6182,32296d6457d3855ffe172cf1970364559def5dd15892e149b44d0bc7c6b7e938,ddd147f908537165c40a34b412cd21c3cbfb5a0615871375d02adecbbfaec6f7,84edb118f01fe1460ff64be4b6ef838f23ed4520740af9f457041b438a7b9f5a,pre_render_not_published/0096
97,frame_0097,location_032,candidate_0593,4d91a822080bbf90f78605c5cdc72ce1cbf4859dd4d7ecadf28c0ed735d37cf1,"[-1.5717583894729614,-1.374765157699585,3.526357650756836]","[-1.5717583894729614,0.12523484230041504,3.526357650756836]",348.6502208237327,1,-60,288.6502208237327,"[0.0,-0.5831852521170757,-0.0,0.8123391912945865]","[[0.31978992342628587,0.0,-0.9474884721594297,-1.5717583894729614],[-0.0,1.0,-0.0,0.12523484230041504],[0.9474884721594297,0.0,0.31978992342628587,3.526357650756836],[0.0,0.0,0.0,1.0]]",train,0.8717545239968528,0.8717545239968528,0.879755859375,0.879755859375,INDEPENDENT_AND_HABITAT_TRIPLET_QUALIFIED,apartment_0,274677d9b7caa413230363b68f4aa472e5cc1afe87e422a489fa1b7d844c6182,32296d6457d3855ffe172cf1970364559def5dd15892e149b44d0bc7c6b7e938,ddd147f908537165c40a34b412cd21c3cbfb5a0615871375d02adecbbfaec6f7,84edb118f01fe1460ff64be4b6ef838f23ed4520740af9f457041b438a7b9f5a,pre_render_not_published/0097
98,frame_0098,location_032,candidate_0593,4d91a822080bbf90f78605c5cdc72ce1cbf4859dd4d7ecadf28c0ed735d37cf1,"[-1.5717583894729614,-1.374765157699585,3.526357650756836]","[-1.5717583894729614,0.12523484230041504,3.526357650756836]",348.6502208237327,2,60,48.650220823732695,"[0.0,0.41191375009228104,0.0,0.9112228390931133]","[[0.6606541249698277,0.0,0.750690433641159,-1.5717583894729614],[0.0,1.0,-0.0,0.12523484230041504],[-0.750690433641159,0.0,0.6606541249698277,3.526357650756836],[0.0,0.0,0.0,1.0]]",train,0.15106215578284815,0.15106215578284815,0.14762044270833333,0.14762044270833333,INDEPENDENT_AND_HABITAT_TRIPLET_QUALIFIED,apartment_0,274677d9b7caa413230363b68f4aa472e5cc1afe87e422a489fa1b7d844c6182,32296d6457d3855ffe172cf1970364559def5dd15892e149b44d0bc7c6b7e938,ddd147f908537165c40a34b412cd21c3cbfb5a0615871375d02adecbbfaec6f7,84edb118f01fe1460ff64be4b6ef838f23ed4520740af9f457041b438a7b9f5a,pre_render_not_published/0098
99,frame_0099,location_033,candidate_0840,6ecc38d5004eb3b02d07d8a6061fdc825182fbf7c24b6ddd8c5f523de546bc7f,"[-0.7084802985191345,-1.374765157699585,4.62424898147583]","[-0.7084802985191345,0.12523484230041504,4.62424898147583]",317.83172895344535,0,0,317.83172895344535,"[0.0,-0.35973847128883335,-0.0,0.9330531776242839]","[[0.7411764645495466,0.0,-0.6713102474994963,-0.7084802985191345],[-0.0,1.0,-0.0,0.12523484230041504],[0.6713102474994963,0.0,0.7411764645495466,4.62424898147583],[0.0,0.0,0.0,1.0]]",train,0.8339889850511408,0.8339889850511408,0.8393684895833333,0.8393684895833333,INDEPENDENT_AND_HABITAT_TRIPLET_QUALIFIED,apartment_0,274677d9b7caa413230363b68f4aa472e5cc1afe87e422a489fa1b7d844c6182,32296d6457d3855ffe172cf1970364559def5dd15892e149b44d0bc7c6b7e938,ddd147f908537165c40a34b412cd21c3cbfb5a0615871375d02adecbbfaec6f7,84edb118f01fe1460ff64be4b6ef838f23ed4520740af9f457041b438a7b9f5a,pre_render_not_published/0099
100,frame_0100,location_033,candidate_0840,6ecc38d5004eb3b02d07d8a6061fdc825182fbf7c24b6ddd8c5f523de546bc7f,"[-0.7084802985191345,-1.374765157699585,4.62424898147583]","[-0.7084802985191345,0.12523484230041504,4.62424898147583]",317.83172895344535,1,-60,257.83172895344535,"[0.0,-0.7780692436668505,0.0,0.6281785192600073]","[[-0.21078349588060916,0.0,-0.9775327707367919,-0.7084802985191345],[0.0,1.0,-0.0,0.12523484230041504],[0.9775327707367919,-0.0,-0.21078349588060916,4.62424898147583],[0.0,0.0,0.0,1.0]]",train,0.25806451612903225,0.25806451612903225,0.256357421875,0.256357421875,INDEPENDENT_AND_HABITAT_TRIPLET_QUALIFIED,apartment_0,274677d9b7caa413230363b68f4aa472e5cc1afe87e422a489fa1b7d844c6182,32296d6457d3855ffe172cf1970364559def5dd15892e149b44d0bc7c6b7e938,ddd147f908537165c40a34b412cd21c3cbfb5a0615871375d02adecbbfaec6f7,84edb118f01fe1460ff64be4b6ef838f23ed4520740af9f457041b438a7b9f5a,pre_render_not_published/0100
101,frame_0101,location_033,candidate_0840,6ecc38d5004eb3b02d07d8a6061fdc825182fbf7c24b6ddd8c5f523de546bc7f,"[-0.7084802985191345,-1.374765157699585,4.62424898147583]","[-0.7084802985191345,0.12523484230041504,4.62424898147583]",317.83172895344535,2,60,17.83172895344535,"[0.0,0.1549839339574334,0.0,0.9879169905488405]","[[0.9519599604301558,0.0,0.3062225232372957,-0.7084802985191345],[0.0,1.0,-0.0,0.12523484230041504],[-0.3062225232372957,0.0,0.9519599604301558,4.62424898147583],[0.0,0.0,0.0,1.0]]",train,0.5782848151062155,0.5782848151062155,0.575791015625,0.575791015625,INDEPENDENT_AND_HABITAT_TRIPLET_QUALIFIED,apartment_0,274677d9b7caa413230363b68f4aa472e5cc1afe87e422a489fa1b7d844c6182,32296d6457d3855ffe172cf1970364559def5dd15892e149b44d0bc7c6b7e938,ddd147f908537165c40a34b412cd21c3cbfb5a0615871375d02adecbbfaec6f7,84edb118f01fe1460ff64be4b6ef838f23ed4520740af9f457041b438a7b9f5a,pre_render_not_published/0101
102,frame_0102,location_034,candidate_0785,6693fd20da2339a40f236d9e2f8717c6a087ff4ad5e33a7b009b27dbeeb3033e,"[-1.9342875480651855,-1.285954236984253,4.725563049316406]","[-1.9342875480651855,0.21404576301574707,4.725563049316406]",337.5770228746721,0,0,337.5770228746721,"[0.0,-0.1944310418152135,-0.0,0.9809161890695101]","[[0.9243931399573014,0.0,-0.3814411131483876,-1.9342875480651855],[-0.0,1.0,-0.0,0.21404576301574707],[0.3814411131483876,0.0,0.9243931399573014,4.725563049316406],[0.0,0.0,0.0,1.0]]",train,0.7576711250983478,0.7576711250983478,0.7634917534722222,0.7634928385416667,INDEPENDENT_AND_HABITAT_TRIPLET_QUALIFIED,apartment_0,274677d9b7caa413230363b68f4aa472e5cc1afe87e422a489fa1b7d844c6182,32296d6457d3855ffe172cf1970364559def5dd15892e149b44d0bc7c6b7e938,ddd147f908537165c40a34b412cd21c3cbfb5a0615871375d02adecbbfaec6f7,84edb118f01fe1460ff64be4b6ef838f23ed4520740af9f457041b438a7b9f5a,pre_render_not_published/0102
103,frame_0103,location_034,candidate_0785,6693fd20da2339a40f236d9e2f8717c6a087ff4ad5e33a7b009b27dbeeb3033e,"[-1.9342875480651855,-1.285954236984253,4.725563049316406]","[-1.9342875480651855,0.21404576301574707,4.725563049316406]",337.5770228746721,1,-60,277.5770228746721,"[0.0,-0.6588403160310042,-0.0,0.7522828178100085]","[[0.13185887594433293,0.0,-0.9912684988612808,-1.9342875480651855],[-0.0,1.0,-0.0,0.21404576301574707],[0.9912684988612808,0.0,0.13185887594433293,4.725563049316406],[0.0,0.0,0.0,1.0]]",train,0.45790715971675844,0.45790715971675844,0.461025390625,0.461025390625,INDEPENDENT_AND_HABITAT_TRIPLET_QUALIFIED,apartment_0,274677d9b7caa413230363b68f4aa472e5cc1afe87e422a489fa1b7d844c6182,32296d6457d3855ffe172cf1970364559def5dd15892e149b44d0bc7c6b7e938,ddd147f908537165c40a34b412cd21c3cbfb5a0615871375d02adecbbfaec6f7,84edb118f01fe1460ff64be4b6ef838f23ed4520740af9f457041b438a7b9f5a,pre_render_not_published/0103
104,frame_0104,location_034,candidate_0785,6693fd20da2339a40f236d9e2f8717c6a087ff4ad5e33a7b009b27dbeeb3033e,"[-1.9342875480651855,-1.285954236984253,4.725563049316406]","[-1.9342875480651855,0.21404576301574707,4.725563049316406]",337.5770228746721,2,60,37.57702287467208,"[0.0,0.3220758730385057,0.0,0.9467138596252219]","[[0.7925342640129687,0.0,0.6098273857128934,-1.9342875480651855],[0.0,1.0,-0.0,0.21404576301574707],[-0.6098273857128934,0.0,0.7925342640129687,4.725563049316406],[0.0,0.0,0.0,1.0]]",train,0.15971675845790717,0.15971675845790717,0.153544921875,0.153544921875,INDEPENDENT_AND_HABITAT_TRIPLET_QUALIFIED,apartment_0,274677d9b7caa413230363b68f4aa472e5cc1afe87e422a489fa1b7d844c6182,32296d6457d3855ffe172cf1970364559def5dd15892e149b44d0bc7c6b7e938,ddd147f908537165c40a34b412cd21c3cbfb5a0615871375d02adecbbfaec6f7,84edb118f01fe1460ff64be4b6ef838f23ed4520740af9f457041b438a7b9f5a,pre_render_not_published/0104
105,frame_0105,location_035,candidate_0879,74a7c2e0e9a31a6eccd7d175e788b0244ce47e96ff3592803d970b1e18007f07,"[2.118241310119629,1.4252347946166992,1.8147969245910645]","[2.118241310119629,2.925234794616699,1.8147969245910645]",38.99677602394399,0,0,38.99677602394399,"[0.0,0.33378033835595866,0.0,0.9426508822077142]","[[0.7771813714539636,0.0,0.6292766608296676,2.118241310119629],[0.0,1.0,-0.0,2.925234794616699],[-0.6292766608296676,0.0,0.7771813714539636,1.8147969245910645],[0.0,0.0,0.0,1.0]]",train,0.6514555468135327,0.6514555468135327,0.6477398003472222,0.64791015625,INDEPENDENT_AND_HABITAT_TRIPLET_QUALIFIED,apartment_0,274677d9b7caa413230363b68f4aa472e5cc1afe87e422a489fa1b7d844c6182,32296d6457d3855ffe172cf1970364559def5dd15892e149b44d0bc7c6b7e938,ddd147f908537165c40a34b412cd21c3cbfb5a0615871375d02adecbbfaec6f7,84edb118f01fe1460ff64be4b6ef838f23ed4520740af9f457041b438a7b9f5a,pre_render_not_published/0105
106,frame_0106,location_035,candidate_0879,74a7c2e0e9a31a6eccd7d175e788b0244ce47e96ff3592803d970b1e18007f07,"[2.118241310119629,1.4252347946166992,1.8147969245910645]","[2.118241310119629,2.925234794616699,1.8147969245910645]",38.99677602394399,1,-60,338.996776023944,"[0.0,-0.18226318880383152,-0.0,0.9832497800696722]","[[0.9335602600141177,0.0,-0.358420480612329,2.118241310119629],[-0.0,1.0,-0.0,2.925234794616699],[0.358420480612329,0.0,0.9335602600141177,1.8147969245910645],[0.0,0.0,0.0,1.0]]",train,0.978756884343037,0.978756884343037,0.9819140625,0.9819140625,INDEPENDENT_AND_HABITAT_TRIPLET_QUALIFIED,apartment_0,274677d9b7caa413230363b68f4aa472e5cc1afe87e422a489fa1b7d844c6182,32296d6457d3855ffe172cf1970364559def5dd15892e149b44d0bc7c6b7e938,ddd147f908537165c40a34b412cd21c3cbfb5a0615871375d02adecbbfaec6f7,84edb118f01fe1460ff64be4b6ef838f23ed4520740af9f457041b438a7b9f5a,pre_render_not_published/0106
107,frame_0107,location_035,candidate_0879,74a7c2e0e9a31a6eccd7d175e788b0244ce47e96ff3592803d970b1e18007f07,"[2.118241310119629,1.4252347946166992,1.8147969245910645]","[2.118241310119629,2.925234794616699,1.8147969245910645]",38.99677602394399,2,60,98.996776023944,"[0.0,0.7603876934038827,0.0,0.6494694417137137]","[[-0.1563788885601543,0.0,0.9876971414419964,2.118241310119629],[0.0,1.0,-0.0,2.925234794616699],[-0.9876971414419964,0.0,-0.1563788885601543,1.8147969245910645],[0.0,0.0,0.0,1.0]]",train,0.3682140047206924,0.3682140047206924,0.36602864583333333,0.3662109375,INDEPENDENT_AND_HABITAT_TRIPLET_QUALIFIED,apartment_0,274677d9b7caa413230363b68f4aa472e5cc1afe87e422a489fa1b7d844c6182,32296d6457d3855ffe172cf1970364559def5dd15892e149b44d0bc7c6b7e938,ddd147f908537165c40a34b412cd21c3cbfb5a0615871375d02adecbbfaec6f7,84edb118f01fe1460ff64be4b6ef838f23ed4520740af9f457041b438a7b9f5a,pre_render_not_published/0107
108,frame_0108,location_036,candidate_0706,5bf1def8307eb93f490ce0ad3fa4b32468614b6a31be520a1a7e09fd24687380,"[2.554938316345215,-1.374765157699585,2.676053524017334]","[2.554938316345215,0.12523484230041504,2.676053524017334]",199.05211295739824,0,0,199.05211295739824,"[0.0,0.9862104406278484,-0.0,-0.1654961232072375]","[[-0.9452220664067498,0.0,-0.32642800918082077,2.554938316345215],[0.0,1.0,-0.0,0.12523484230041504],[0.32642800918082077,-0.0,-0.9452220664067498,2.676053524017334],[0.0,0.0,0.0,1.0]]",train,1.0,1.0,1.0,1.0,INDEPENDENT_AND_HABITAT_TRIPLET_QUALIFIED,apartment_0,274677d9b7caa413230363b68f4aa472e5cc1afe87e422a489fa1b7d844c6182,32296d6457d3855ffe172cf1970364559def5dd15892e149b44d0bc7c6b7e938,ddd147f908537165c40a34b412cd21c3cbfb5a0615871375d02adecbbfaec6f7,84edb118f01fe1460ff64be4b6ef838f23ed4520740af9f457041b438a7b9f5a,pre_render_not_published/0108
109,frame_0109,location_036,candidate_0706,5bf1def8307eb93f490ce0ad3fa4b32468614b6a31be520a1a7e09fd24687380,"[2.554938316345215,-1.374765157699585,2.676053524017334]","[2.554938316345215,0.12523484230041504,2.676053524017334]",199.05211295739824,1,-60,139.05211295739824,"[0.0,0.9368313566647802,0.0,0.3497813733886172]","[[-0.7553059816607456,0.0,0.6553723171354566,2.554938316345215],[0.0,1.0,-0.0,0.12523484230041504],[-0.6553723171354566,0.0,-0.7553059816607456,2.676053524017334],[0.0,0.0,0.0,1.0]]",train,1.0,1.0,1.0,1.0,INDEPENDENT_AND_HABITAT_TRIPLET_QUALIFIED,apartment_0,274677d9b7caa413230363b68f4aa472e5cc1afe87e422a489fa1b7d844c6182,32296d6457d3855ffe172cf1970364559def5dd15892e149b44d0bc7c6b7e938,ddd147f908537165c40a34b412cd21c3cbfb5a0615871375d02adecbbfaec6f7,84edb118f01fe1460ff64be4b6ef838f23ed4520740af9f457041b438a7b9f5a,pre_render_not_published/0109
110,frame_0110,location_036,candidate_0706,5bf1def8307eb93f490ce0ad3fa4b32468614b6a31be520a1a7e09fd24687380,"[2.554938316345215,-1.374765157699585,2.676053524017334]","[2.554938316345215,0.12523484230041504,2.676053524017334]",199.05211295739824,2,60,259.0521129573982,"[0.0,-0.771335233457543,0.0,0.6364290672392311]","[[-0.18991608474600444,0.0,-0.9818003263162772,2.554938316345215],[0.0,1.0,-0.0,0.12523484230041504],[0.9818003263162772,-0.0,-0.18991608474600444,2.676053524017334],[0.0,0.0,0.0,1.0]]",train,1.0,1.0,1.0,1.0,INDEPENDENT_AND_HABITAT_TRIPLET_QUALIFIED,apartment_0,274677d9b7caa413230363b68f4aa472e5cc1afe87e422a489fa1b7d844c6182,32296d6457d3855ffe172cf1970364559def5dd15892e149b44d0bc7c6b7e938,ddd147f908537165c40a34b412cd21c3cbfb5a0615871375d02adecbbfaec6f7,84edb118f01fe1460ff64be4b6ef838f23ed4520740af9f457041b438a7b9f5a,pre_render_not_published/0110
111,frame_0111,location_037,candidate_0570,4a7eea50739f4b643e52c55c1a218c7755c5e428f3e76a23ff4615cafd55abef,"[1.9965499639511108,1.4252347946166992,0.502536416053772]","[1.9965499639511108,2.925234794616699,0.502536416053772]",96.52760680228961,0,0,96.52760680228961,"[0.0,0.7462177741566087,0.0,0.6657019104169347]","[[-0.11368193293448686,0.0,0.9935171956862543,1.9965499639511108],[0.0,1.0,-0.0,2.925234794616699],[-0.9935171956862543,0.0,-0.11368193293448686,0.502536416053772],[0.0,0.0,0.0,1.0]]",train,1.0,1.0,1.0,1.0,INDEPENDENT_AND_HABITAT_TRIPLET_QUALIFIED,apartment_0,274677d9b7caa413230363b68f4aa472e5cc1afe87e422a489fa1b7d844c6182,32296d6457d3855ffe172cf1970364559def5dd15892e149b44d0bc7c6b7e938,ddd147f908537165c40a34b412cd21c3cbfb5a0615871375d02adecbbfaec6f7,84edb118f01fe1460ff64be4b6ef838f23ed4520740af9f457041b438a7b9f5a,pre_render_not_published/0111
112,frame_0112,location_037,candidate_0570,4a7eea50739f4b643e52c55c1a218c7755c5e428f3e76a23ff4615cafd55abef,"[1.9965499639511108,1.4252347946166992,0.502536416053772]","[1.9965499639511108,2.925234794616699,0.502536416053772]",96.52760680228961,1,-60,36.52760680228961,"[0.0,0.31339259396663477,0.0,0.9496236528472024]","[[0.8035701640937281,0.0,0.5952100397157116,1.9965499639511108],[0.0,1.0,-0.0,2.925234794616699],[-0.5952100397157116,0.0,0.8035701640937281,0.502536416053772],[0.0,0.0,0.0,1.0]]",train,1.0,1.0,1.0,1.0,INDEPENDENT_AND_HABITAT_TRIPLET_QUALIFIED,apartment_0,274677d9b7caa413230363b68f4aa472e5cc1afe87e422a489fa1b7d844c6182,32296d6457d3855ffe172cf1970364559def5dd15892e149b44d0bc7c6b7e938,ddd147f908537165c40a34b412cd21c3cbfb5a0615871375d02adecbbfaec6f7,84edb118f01fe1460ff64be4b6ef838f23ed4520740af9f457041b438a7b9f5a,pre_render_not_published/0112
113,frame_0113,location_037,candidate_0570,4a7eea50739f4b643e52c55c1a218c7755c5e428f3e76a23ff4615cafd55abef,"[1.9965499639511108,1.4252347946166992,0.502536416053772]","[1.9965499639511108,2.925234794616699,0.502536416053772]",96.52760680228961,2,60,156.5276068022896,"[0.0,0.9790945043835694,0.0,0.20340587869059382]","[[-0.9172520970282149,0.0,0.3983071559705428,1.9965499639511108],[0.0,1.0,-0.0,2.925234794616699],[-0.3983071559705428,0.0,-0.9172520970282149,0.502536416053772],[0.0,0.0,0.0,1.0]]",train,1.0,1.0,1.0,1.0,INDEPENDENT_AND_HABITAT_TRIPLET_QUALIFIED,apartment_0,274677d9b7caa413230363b68f4aa472e5cc1afe87e422a489fa1b7d844c6182,32296d6457d3855ffe172cf1970364559def5dd15892e149b44d0bc7c6b7e938,ddd147f908537165c40a34b412cd21c3cbfb5a0615871375d02adecbbfaec6f7,84edb118f01fe1460ff64be4b6ef838f23ed4520740af9f457041b438a7b9f5a,pre_render_not_published/0113
114,frame_0114,location_038,candidate_0123,0fa626bb509aa585de000b5f44a07d372a841809eb6f22007cb24b54ed836337,"[3.5384974479675293,1.4252347946166992,3.0153861045837402]","[3.5384974479675293,2.925234794616699,3.0153861045837402]",21.31666615686066,0,0,21.31666615686066,"[0.0,0.1849519857910587,0.0,0.9827475581002194]","[[0.931585525903888,0.0,0.36352222480389884,3.5384974479675293],[0.0,1.0,-0.0,2.925234794616699],[-0.36352222480389884,0.0,0.931585525903888,3.0153861045837402],[0.0,0.0,0.0,1.0]]",train,0.6978756884343037,0.6978756884343037,0.7085297309027778,0.7085872395833334,INDEPENDENT_AND_HABITAT_TRIPLET_QUALIFIED,apartment_0,274677d9b7caa413230363b68f4aa472e5cc1afe87e422a489fa1b7d844c6182,32296d6457d3855ffe172cf1970364559def5dd15892e149b44d0bc7c6b7e938,ddd147f908537165c40a34b412cd21c3cbfb5a0615871375d02adecbbfaec6f7,84edb118f01fe1460ff64be4b6ef838f23ed4520740af9f457041b438a7b9f5a,pre_render_not_published/0114
115,frame_0115,location_038,candidate_0123,0fa626bb509aa585de000b5f44a07d372a841809eb6f22007cb24b54ed836337,"[3.5384974479675293,1.4252347946166992,3.0153861045837402]","[3.5384974479675293,2.925234794616699,3.0153861045837402]",21.31666615686066,1,-60,321.31666615686066,"[0.0,-0.33120066087467415,-0.0,0.943560343717443]","[[0.7806122444723583,0.0,-0.6250156188287036,3.5384974479675293],[-0.0,1.0,-0.0,2.925234794616699],[0.6250156188287036,0.0,0.7806122444723583,3.0153861045837402],[0.0,0.0,0.0,1.0]]",train,0.3131392604248623,0.3131392604248623,0.30547526041666667,0.30547526041666667,INDEPENDENT_AND_HABITAT_TRIPLET_QUALIFIED,apartment_0,274677d9b7caa413230363b68f4aa472e5cc1afe87e422a489fa1b7d844c6182,32296d6457d3855ffe172cf1970364559def5dd15892e149b44d0bc7c6b7e938,ddd147f908537165c40a34b412cd21c3cbfb5a0615871375d02adecbbfaec6f7,84edb118f01fe1460ff64be4b6ef838f23ed4520740af9f457041b438a7b9f5a,pre_render_not_published/0115
116,frame_0116,location_038,candidate_0123,0fa626bb509aa585de000b5f44a07d372a841809eb6f22007cb24b54ed836337,"[3.5384974479675293,1.4252347946166992,3.0153861045837402]","[3.5384974479675293,2.925234794616699,3.0153861045837402]",21.31666615686066,2,60,81.31666615686066,"[0.0,0.651546897225545,0.0,0.7586083579263843]","[[0.15097328143153008,0.0,0.9885378436326027,3.5384974479675293],[0.0,1.0,-0.0,2.925234794616699],[-0.9885378436326027,0.0,0.15097328143153008,3.0153861045837402],[0.0,0.0,0.0,1.0]]",train,0.43509047993705746,0.43509047993705746,0.4341482204861111,0.43420572916666667,INDEPENDENT_AND_HABITAT_TRIPLET_QUALIFIED,apartment_0,274677d9b7caa413230363b68f4aa472e5cc1afe87e422a489fa1b7d844c6182,32296d6457d3855ffe172cf1970364559def5dd15892e149b44d0bc7c6b7e938,ddd147f908537165c40a34b412cd21c3cbfb5a0615871375d02adecbbfaec6f7,84edb118f01fe1460ff64be4b6ef838f23ed4520740af9f457041b438a7b9f5a,pre_render_not_published/0116
117,frame_0117,location_039,candidate_0421,364650f103dbae431124e6a33da7906066df351a91a618177d00abfbbb28f52a,"[0.49911826848983765,-1.374765157699585,-0.9042955040931702]","[0.49911826848983765,0.12523484230041504,-0.9042955040931702]",31.13816703429739,0,0,31.13816703429739,"[0.0,0.2684000643453228,0.0,0.9633075342067177]","[[0.8559228109188531,0.0,0.5171036083308346,0.49911826848983765],[0.0,1.0,-0.0,0.12523484230041504],[-0.5171036083308346,0.0,0.8559228109188531,-0.9042955040931702],[0.0,0.0,0.0,1.0]]",train,1.0,1.0,1.0,1.0,INDEPENDENT_AND_HABITAT_TRIPLET_QUALIFIED,apartment_0,274677d9b7caa413230363b68f4aa472e5cc1afe87e422a489fa1b7d844c6182,32296d6457d3855ffe172cf1970364559def5dd15892e149b44d0bc7c6b7e938,ddd147f908537165c40a34b412cd21c3cbfb5a0615871375d02adecbbfaec6f7,84edb118f01fe1460ff64be4b6ef838f23ed4520740af9f457041b438a7b9f5a,pre_render_not_published/0117
118,frame_0118,location_039,candidate_0421,364650f103dbae431124e6a33da7906066df351a91a618177d00abfbbb28f52a,"[0.49911826848983765,-1.374765157699585,-0.9042955040931702]","[0.49911826848983765,0.12523484230041504,-0.9042955040931702]",31.13816703429739,1,-60,331.1381670342974,"[0.0,-0.24921249300293147,-0.0,0.968448828452626]","[[0.8757862666625277,0.0,-0.48269909376889447,0.49911826848983765],[-0.0,1.0,-0.0,0.12523484230041504],[0.48269909376889447,0.0,0.8757862666625277,-0.9042955040931702],[0.0,0.0,0.0,1.0]]",train,1.0,1.0,1.0,1.0,INDEPENDENT_AND_HABITAT_TRIPLET_QUALIFIED,apartment_0,274677d9b7caa413230363b68f4aa472e5cc1afe87e422a489fa1b7d844c6182,32296d6457d3855ffe172cf1970364559def5dd15892e149b44d0bc7c6b7e938,ddd147f908537165c40a34b412cd21c3cbfb5a0615871375d02adecbbfaec6f7,84edb118f01fe1460ff64be4b6ef838f23ed4520740af9f457041b438a7b9f5a,pre_render_not_published/0118
119,frame_0119,location_039,candidate_0421,364650f103dbae431124e6a33da7906066df351a91a618177d00abfbbb28f52a,"[0.49911826848983765,-1.374765157699585,-0.9042955040931702]","[0.49911826848983765,0.12523484230041504,-0.9042955040931702]",31.13816703429739,2,60,91.1381670342974,"[0.0,0.7140950412037863,0.0,0.7000487641073032]","[[-0.019863455743674638,0.0,0.9998027020997288,0.49911826848983765],[0.0,1.0,-0.0,0.12523484230041504],[-0.9998027020997288,0.0,-0.019863455743674638,-0.9042955040931702],[0.0,0.0,0.0,1.0]]",train,1.0,1.0,1.0,1.0,INDEPENDENT_AND_HABITAT_TRIPLET_QUALIFIED,apartment_0,274677d9b7caa413230363b68f4aa472e5cc1afe87e422a489fa1b7d844c6182,32296d6457d3855ffe172cf1970364559def5dd15892e149b44d0bc7c6b7e938,ddd147f908537165c40a34b412cd21c3cbfb5a0615871375d02adecbbfaec6f7,84edb118f01fe1460ff64be4b6ef838f23ed4520740af9f457041b438a7b9f5a,pre_render_not_published/0119
120,frame_0120,location_040,candidate_0207,1b228c1e356ddae248a4832854a153dea4856f6db71caca853ecc1178117d11c,"[-2.1930789947509766,-1.2529975175857544,0.7537014484405518]","[-2.1930789947509766,0.2470024824142456,0.7537014484405518]",280.873973051367,0,0,280.873973051367,"[0.0,-0.6369264624312503,-0.0,0.7709245627522924]","[[0.18864936290962633,0.0,-0.982044509110352,-2.1930789947509766],[-0.0,1.0,-0.0,0.2470024824142456],[0.982044509110352,0.0,0.18864936290962633,0.7537014484405518],[0.0,0.0,0.0,1.0]]",train,1.0,1.0,0.9999934895833333,0.9999934895833333,INDEPENDENT_AND_HABITAT_TRIPLET_QUALIFIED,apartment_0,274677d9b7caa413230363b68f4aa472e5cc1afe87e422a489fa1b7d844c6182,32296d6457d3855ffe172cf1970364559def5dd15892e149b44d0bc7c6b7e938,ddd147f908537165c40a34b412cd21c3cbfb5a0615871375d02adecbbfaec6f7,84edb118f01fe1460ff64be4b6ef838f23ed4520740af9f457041b438a7b9f5a,pre_render_not_published/0120
121,frame_0121,location_040,candidate_0207,1b228c1e356ddae248a4832854a153dea4856f6db71caca853ecc1178117d11c,"[-2.1930789947509766,-1.2529975175857544,0.7537014484405518]","[-2.1930789947509766,0.2470024824142456,0.7537014484405518]",280.873973051367,1,-60,220.873973051367,"[0.0,0.9370567781841638,-0.0,-0.34917702452927085]","[[-0.75615081108177,0.0,-0.6543973952426625,-2.1930789947509766],[0.0,1.0,-0.0,0.2470024824142456],[0.6543973952426625,-0.0,-0.75615081108177,0.7537014484405518],[0.0,0.0,0.0,1.0]]",train,0.6703383162863886,0.6703383162863886,0.673154296875,0.673154296875,INDEPENDENT_AND_HABITAT_TRIPLET_QUALIFIED,apartment_0,274677d9b7caa413230363b68f4aa472e5cc1afe87e422a489fa1b7d844c6182,32296d6457d3855ffe172cf1970364559def5dd15892e149b44d0bc7c6b7e938,ddd147f908537165c40a34b412cd21c3cbfb5a0615871375d02adecbbfaec6f7,84edb118f01fe1460ff64be4b6ef838f23ed4520740af9f457041b438a7b9f5a,pre_render_not_published/0121
122,frame_0122,location_040,candidate_0207,1b228c1e356ddae248a4832854a153dea4856f6db71caca853ecc1178117d11c,"[-2.1930789947509766,-1.2529975175857544,0.7537014484405518]","[-2.1930789947509766,0.2470024824142456,0.7537014484405518]",280.873973051367,2,60,340.873973051367,"[0.0,-0.16613221543187115,-0.0,0.986103486960521]","[[0.9448001739913967,0.0,-0.32764711386768924,-2.1930789947509766],[-0.0,1.0,-0.0,0.2470024824142456],[0.32764711386768924,0.0,0.9448001739913967,0.7537014484405518],[0.0,0.0,0.0,1.0]]",train,0.5759244689221086,0.5759244689221086,0.5708333333333333,0.5708333333333333,INDEPENDENT_AND_HABITAT_TRIPLET_QUALIFIED,apartment_0,274677d9b7caa413230363b68f4aa472e5cc1afe87e422a489fa1b7d844c6182,32296d6457d3855ffe172cf1970364559def5dd15892e149b44d0bc7c6b7e938,ddd147f908537165c40a34b412cd21c3cbfb5a0615871375d02adecbbfaec6f7,84edb118f01fe1460ff64be4b6ef838f23ed4520740af9f457041b438a7b9f5a,pre_render_not_published/0122
123,frame_0123,location_041,candidate_0650,556bfec0910b17108b5d92351ca91ecc93ddbde42925c9d284ae3ce86689092d,"[1.0406432151794434,-1.374765157699585,2.865189552307129]","[1.0406432151794434,0.12523484230041504,2.865189552307129]",26.95679599377741,0,0,26.95679599377741,"[0.0,0.2330787384538833,0.0,0.972457866275319]","[[0.8913486033614926,0.0,0.453318505342013,1.0406432151794434],[0.0,1.0,-0.0,0.12523484230041504],[-0.453318505342013,0.0,0.8913486033614926,2.865189552307129],[0.0,0.0,0.0,1.0]]",train,1.0,1.0,1.0,1.0,INDEPENDENT_AND_HABITAT_TRIPLET_QUALIFIED,apartment_0,274677d9b7caa413230363b68f4aa472e5cc1afe87e422a489fa1b7d844c6182,32296d6457d3855ffe172cf1970364559def5dd15892e149b44d0bc7c6b7e938,ddd147f908537165c40a34b412cd21c3cbfb5a0615871375d02adecbbfaec6f7,84edb118f01fe1460ff64be4b6ef838f23ed4520740af9f457041b438a7b9f5a,pre_render_not_published/0123
124,frame_0124,location_041,candidate_0650,556bfec0910b17108b5d92351ca91ecc93ddbde42925c9d284ae3ce86689092d,"[1.0406432151794434,-1.374765157699585,2.865189552307129]","[1.0406432151794434,0.12523484230041504,2.865189552307129]",26.95679599377741,1,-60,326.9567959937774,"[0.0,-0.2843768245545676,-0.0,0.9587125855313785]","[[0.8382596433125215,0.0,-0.5452712814678254,1.0406432151794434],[-0.0,1.0,-0.0,0.12523484230041504],[0.5452712814678254,0.0,0.8382596433125215,2.865189552307129],[0.0,0.0,0.0,1.0]]",train,1.0,1.0,1.0,1.0,INDEPENDENT_AND_HABITAT_TRIPLET_QUALIFIED,apartment_0,274677d9b7caa413230363b68f4aa472e5cc1afe87e422a489fa1b7d844c6182,32296d6457d3855ffe172cf1970364559def5dd15892e149b44d0bc7c6b7e938,ddd147f908537165c40a34b412cd21c3cbfb5a0615871375d02adecbbfaec6f7,84edb118f01fe1460ff64be4b6ef838f23ed4520740af9f457041b438a7b9f5a,pre_render_not_published/0124
125,frame_0125,location_041,candidate_0650,556bfec0910b17108b5d92351ca91ecc93ddbde42925c9d284ae3ce86689092d,"[1.0406432151794434,-1.374765157699585,2.865189552307129]","[1.0406432151794434,0.12523484230041504,2.865189552307129]",26.95679599377741,2,60,86.9567959937774,"[0.0,0.6880810417207515,0.0,0.7256338470774951]","[[0.05308896004897127,0.0,0.9985897868098386,1.0406432151794434],[0.0,1.0,-0.0,0.12523484230041504],[-0.9985897868098386,0.0,0.05308896004897127,2.865189552307129],[0.0,0.0,0.0,1.0]]",train,1.0,1.0,1.0,1.0,INDEPENDENT_AND_HABITAT_TRIPLET_QUALIFIED,apartment_0,274677d9b7caa413230363b68f4aa472e5cc1afe87e422a489fa1b7d844c6182,32296d6457d3855ffe172cf1970364559def5dd15892e149b44d0bc7c6b7e938,ddd147f908537165c40a34b412cd21c3cbfb5a0615871375d02adecbbfaec6f7,84edb118f01fe1460ff64be4b6ef838f23ed4520740af9f457041b438a7b9f5a,pre_render_not_published/0125
126,frame_0126,location_042,candidate_0717,5c76c3cb860b84eed110f74c1190856a83d9225be4963a6b482cb494ccfade44,"[0.3277817964553833,1.4252347946166992,0.23235902190208435]","[0.3277817964553833,2.925234794616699,0.23235902190208435]",2.3457874817841606,0,0,2.3457874817841606,"[0.0,0.020469427845245455,0.0,0.9997904793123848]","[[0.9991620050473766,0.0,0.04093027815329646,0.3277817964553833],[0.0,1.0,-0.0,2.925234794616699],[-0.04093027815329646,0.0,0.9991620050473766,0.23235902190208435],[0.0,0.0,0.0,1.0]]",train,0.2187254130605822,0.2187254130605822,0.203232421875,0.203232421875,INDEPENDENT_AND_HABITAT_TRIPLET_QUALIFIED,apartment_0,274677d9b7caa413230363b68f4aa472e5cc1afe87e422a489fa1b7d844c6182,32296d6457d3855ffe172cf1970364559def5dd15892e149b44d0bc7c6b7e938,ddd147f908537165c40a34b412cd21c3cbfb5a0615871375d02adecbbfaec6f7,84edb118f01fe1460ff64be4b6ef838f23ed4520740af9f457041b438a7b9f5a,pre_render_not_published/0126
127,frame_0127,location_042,candidate_0717,5c76c3cb860b84eed110f74c1190856a83d9225be4963a6b482cb494ccfade44,"[0.3277817964553833,1.4252347946166992,0.23235902190208435]","[0.3277817964553833,2.925234794616699,0.23235902190208435]",2.3457874817841606,1,-60,302.34578748178416,"[0.0,-0.4821681951412775,-0.0,0.8760786674689682]","[[0.5350276631884058,0.0,-0.8448345397905757,0.3277817964553833],[-0.0,1.0,-0.0,2.925234794616699],[0.8448345397905757,0.0,0.5350276631884058,0.23235902190208435],[0.0,0.0,0.0,1.0]]",train,0.7482297403619197,0.7482297403619197,0.749384765625,0.749384765625,INDEPENDENT_AND_HABITAT_TRIPLET_QUALIFIED,apartment_0,274677d9b7caa413230363b68f4aa472e5cc1afe87e422a489fa1b7d844c6182,32296d6457d3855ffe172cf1970364559def5dd15892e149b44d0bc7c6b7e938,ddd147f908537165c40a34b412cd21c3cbfb5a0615871375d02adecbbfaec6f7,84edb118f01fe1460ff64be4b6ef838f23ed4520740af9f457041b438a7b9f5a,pre_render_not_published/0127
128,frame_0128,location_042,candidate_0717,5c76c3cb860b84eed110f74c1190856a83d9225be4963a6b482cb494ccfade44,"[0.3277817964553833,1.4252347946166992,0.23235902190208435]","[0.3277817964553833,2.925234794616699,0.23235902190208435]",2.3457874817841606,2,60,62.34578748178416,"[0.0,0.5176222841711076,0.0,0.8556092396237228]","[[0.46413434185897035,0.0,0.8857648179438719,0.3277817964553833],[0.0,1.0,-0.0,2.925234794616699],[-0.8857648179438719,0.0,0.46413434185897035,0.23235902190208435],[0.0,0.0,0.0,1.0]]",train,0.11408339889850512,0.11408339889850512,0.105693359375,0.105693359375,INDEPENDENT_AND_HABITAT_TRIPLET_QUALIFIED,apartment_0,274677d9b7caa413230363b68f4aa472e5cc1afe87e422a489fa1b7d844c6182,32296d6457d3855ffe172cf1970364559def5dd15892e149b44d0bc7c6b7e938,ddd147f908537165c40a34b412cd21c3cbfb5a0615871375d02adecbbfaec6f7,84edb118f01fe1460ff64be4b6ef838f23ed4520740af9f457041b438a7b9f5a,pre_render_not_published/0128
129,frame_0129,location_043,candidate_0517,423526644e635d566df80db59889d1dcd4841fd870ff58171a63e4a0a8b969a3,"[2.92018723487854,-1.374765157699585,-2.124436140060425]","[2.92018723487854,0.12523484230041504,-2.124436140060425]",154.6689184432105,0,0,154.6689184432105,"[0.0,0.9756665889210959,0.0,0.2192594519355393]","[[-0.9038505854738539,0.0,0.42784824311731323,2.92018723487854],[0.0,1.0,-0.0,0.12523484230041504],[-0.42784824311731323,0.0,-0.9038505854738539,-2.124436140060425],[0.0,0.0,0.0,1.0]]",train,1.0,1.0,1.0,1.0,INDEPENDENT_AND_HABITAT_TRIPLET_QUALIFIED,apartment_0,274677d9b7caa413230363b68f4aa472e5cc1afe87e422a489fa1b7d844c6182,32296d6457d3855ffe172cf1970364559def5dd15892e149b44d0bc7c6b7e938,ddd147f908537165c40a34b412cd21c3cbfb5a0615871375d02adecbbfaec6f7,84edb118f01fe1460ff64be4b6ef838f23ed4520740af9f457041b438a7b9f5a,pre_render_not_published/0129
130,frame_0130,location_043,candidate_0517,423526644e635d566df80db59889d1dcd4841fd870ff58171a63e4a0a8b969a3,"[2.92018723487854,-1.374765157699585,-2.124436140060425]","[2.92018723487854,0.12523484230041504,-2.124436140060425]",154.6689184432105,1,-60,94.66891844321049,"[0.0,0.7353223256616085,0.0,0.6777175498565782]","[[-0.08139784523279298,0.0,0.9966816898044523,2.92018723487854],[0.0,1.0,-0.0,0.12523484230041504],[-0.9966816898044523,0.0,-0.08139784523279298,-2.124436140060425],[0.0,0.0,0.0,1.0]]",train,0.45082612116443743,0.45082612116443743,0.45508138020833333,0.45508138020833333,INDEPENDENT_AND_HABITAT_TRIPLET_QUALIFIED,apartment_0,274677d9b7caa413230363b68f4aa472e5cc1afe87e422a489fa1b7d844c6182,32296d6457d3855ffe172cf1970364559def5dd15892e149b44d0bc7c6b7e938,ddd147f908537165c40a34b412cd21c3cbfb5a0615871375d02adecbbfaec6f7,84edb118f01fe1460ff64be4b6ef838f23ed4520740af9f457041b438a7b9f5a,pre_render_not_published/0130
131,frame_0131,location_043,candidate_0517,423526644e635d566df80db59889d1dcd4841fd870ff58171a63e4a0a8b969a3,"[2.92018723487854,-1.374765157699585,-2.124436140060425]","[2.92018723487854,0.12523484230041504,-2.124436140060425]",154.6689184432105,2,60,214.6689184432105,"[0.0,0.9545817775971477,-0.0,-0.297949039064518]","[[-0.8224527402410607,0.0,-0.5688334466871391,2.92018723487854],[0.0,1.0,-0.0,0.12523484230041504],[0.5688334466871391,-0.0,-0.8224527402410607,-2.124436140060425],[0.0,0.0,0.0,1.0]]",train,0.8678206136900078,0.8678206136900078,0.87884765625,0.87884765625,INDEPENDENT_AND_HABITAT_TRIPLET_QUALIFIED,apartment_0,274677d9b7caa413230363b68f4aa472e5cc1afe87e422a489fa1b7d844c6182,32296d6457d3855ffe172cf1970364559def5dd15892e149b44d0bc7c6b7e938,ddd147f908537165c40a34b412cd21c3cbfb5a0615871375d02adecbbfaec6f7,84edb118f01fe1460ff64be4b6ef838f23ed4520740af9f457041b438a7b9f5a,pre_render_not_published/0131
132,frame_0132,location_044,candidate_0480,3d3024bc78bbf409afa671b1f0a1aeb391823575a584d10aad83476be748bde4,"[0.09646345674991608,1.4252347946166992,1.377356767654419]","[0.09646345674991608,2.925234794616699,1.377356767654419]",23.459881735936197,0,0,23.459881735936197,"[0.0,0.2032989769041534,0.0,0.9791167070322744]","[[0.9173390519794491,0.0,0.3981068496188502,0.09646345674991608],[0.0,1.0,-0.0,2.925234794616699],[-0.3981068496188502,0.0,0.9173390519794491,1.377356767654419],[0.0,0.0,0.0,1.0]]",train,0.22974036191974823,0.22974036191974823,0.22919921875,0.22919921875,INDEPENDENT_AND_HABITAT_TRIPLET_QUALIFIED,apartment_0,274677d9b7caa413230363b68f4aa472e5cc1afe87e422a489fa1b7d844c6182,32296d6457d3855ffe172cf1970364559def5dd15892e149b44d0bc7c6b7e938,ddd147f908537165c40a34b412cd21c3cbfb5a0615871375d02adecbbfaec6f7,84edb118f01fe1460ff64be4b6ef838f23ed4520740af9f457041b438a7b9f5a,pre_render_not_published/0132
133,frame_0133,location_044,candidate_0480,3d3024bc78bbf409afa671b1f0a1aeb391823575a584d10aad83476be748bde4,"[0.09646345674991608,1.4252347946166992,1.377356767654419]","[0.09646345674991608,2.925234794616699,1.377356767654419]",23.459881735936197,1,-60,323.45988173593616,"[0.0,-0.3134962749537547,-0.0,0.9495894300117919]","[[0.8034401711802397,0.0,-0.5953854980883119,0.09646345674991608],[-0.0,1.0,-0.0,2.925234794616699],[0.5953854980883119,0.0,0.8034401711802397,1.377356767654419],[0.0,0.0,0.0,1.0]]",train,0.7041699449252558,0.7041699449252558,0.7073177083333333,0.7073177083333333,INDEPENDENT_AND_HABITAT_TRIPLET_QUALIFIED,apartment_0,274677d9b7caa413230363b68f4aa472e5cc1afe87e422a489fa1b7d844c6182,32296d6457d3855ffe172cf1970364559def5dd15892e149b44d0bc7c6b7e938,ddd147f908537165c40a34b412cd21c3cbfb5a0615871375d02adecbbfaec6f7,84edb118f01fe1460ff64be4b6ef838f23ed4520740af9f457041b438a7b9f5a,pre_render_not_published/0133
134,frame_0134,location_044,candidate_0480,3d3024bc78bbf409afa671b1f0a1aeb391823575a584d10aad83476be748bde4,"[0.09646345674991608,1.4252347946166992,1.377356767654419]","[0.09646345674991608,2.925234794616699,1.377356767654419]",23.459881735936197,2,60,83.4598817359362,"[0.0,0.6656204320785198,0.0,0.7462904531076386]","[[0.11389888079920912,0.0,0.9934923477071615,0.09646345674991608],[0.0,1.0,-0.0,2.925234794616699],[-0.9934923477071615,0.0,0.11389888079920912,1.377356767654419],[0.0,0.0,0.0,1.0]]",train,0.15735641227380015,0.15735641227380015,0.14876627604166667,0.14876627604166667,INDEPENDENT_AND_HABITAT_TRIPLET_QUALIFIED,apartment_0,274677d9b7caa413230363b68f4aa472e5cc1afe87e422a489fa1b7d844c6182,32296d6457d3855ffe172cf1970364559def5dd15892e149b44d0bc7c6b7e938,ddd147f908537165c40a34b412cd21c3cbfb5a0615871375d02adecbbfaec6f7,84edb118f01fe1460ff64be4b6ef838f23ed4520740af9f457041b438a7b9f5a,pre_render_not_published/0134
135,frame_0135,location_045,candidate_0802,68a08ae964ef7e20ede0a2d537a01ec171a3abeea2665d03e55a75365f910327,"[3.8938889503479004,-1.374765157699585,0.8954728841781616]","[3.8938889503479004,0.12523484230041504,0.8954728841781616]",160.4016530330486,0,0,160.4016530330486,"[0.0,0.9854103537269724,0.0,0.1701952842110593]","[[-0.9420671304646335,0.0,0.3354243904341651,3.8938889503479004],[0.0,1.0,-0.0,0.12523484230041504],[-0.3354243904341651,0.0,-0.9420671304646335,0.8954728841781616],[0.0,0.0,0.0,1.0]]",train,1.0,1.0,1.0,1.0,INDEPENDENT_AND_HABITAT_TRIPLET_QUALIFIED,apartment_0,274677d9b7caa413230363b68f4aa472e5cc1afe87e422a489fa1b7d844c6182,32296d6457d3855ffe172cf1970364559def5dd15892e149b44d0bc7c6b7e938,ddd147f908537165c40a34b412cd21c3cbfb5a0615871375d02adecbbfaec6f7,84edb118f01fe1460ff64be4b6ef838f23ed4520740af9f457041b438a7b9f5a,pre_render_not_published/0135
136,frame_0136,location_045,candidate_0802,68a08ae964ef7e20ede0a2d537a01ec171a3abeea2665d03e55a75365f910327,"[3.8938889503479004,-1.374765157699585,0.8954728841781616]","[3.8938889503479004,0.12523484230041504,0.8954728841781616]",160.4016530330486,1,-60,100.4016530330486,"[0.0,0.7682927573742381,0.0,0.6400986165945761]","[[-0.1805475220674198,0.0,0.9835662622697642,3.8938889503479004],[0.0,1.0,-0.0,0.12523484230041504],[-0.9835662622697642,0.0,-0.1805475220674198,0.8954728841781616],[0.0,0.0,0.0,1.0]]",train,1.0,1.0,1.0,1.0,INDEPENDENT_AND_HABITAT_TRIPLET_QUALIFIED,apartment_0,274677d9b7caa413230363b68f4aa472e5cc1afe87e422a489fa1b7d844c6182,32296d6457d3855ffe172cf1970364559def5dd15892e149b44d0bc7c6b7e938,ddd147f908537165c40a34b412cd21c3cbfb5a0615871375d02adecbbfaec6f7,84edb118f01fe1460ff64be4b6ef838f23ed4520740af9f457041b438a7b9f5a,pre_render_not_published/0136
137,frame_0137,location_045,candidate_0802,68a08ae964ef7e20ede0a2d537a01ec171a3abeea2665d03e55a75365f910327,"[3.8938889503479004,-1.374765157699585,0.8954728841781616]","[3.8938889503479004,0.12523484230041504,0.8954728841781616]",160.4016530330486,2,60,220.4016530330486,"[0.0,0.9384880415852974,-0.0,-0.34531173713239627]","[[-0.7615196083972138,0.0,-0.6481418718355992,3.8938889503479004],[0.0,1.0,-0.0,0.12523484230041504],[0.6481418718355992,-0.0,-0.7615196083972138,0.8954728841781616],[0.0,0.0,0.0,1.0]]",train,1.0,1.0,1.0,1.0,INDEPENDENT_AND_HABITAT_TRIPLET_QUALIFIED,apartment_0,274677d9b7caa413230363b68f4aa472e5cc1afe87e422a489fa1b7d844c6182,32296d6457d3855ffe172cf1970364559def5dd15892e149b44d0bc7c6b7e938,ddd147f908537165c40a34b412cd21c3cbfb5a0615871375d02adecbbfaec6f7,84edb118f01fe1460ff64be4b6ef838f23ed4520740af9f457041b438a7b9f5a,pre_render_not_published/0137
138,frame_0138,location_046,candidate_0233,1ef84e8ccf53110d95cbd93ef08450e72ba3671c8cc43bbe67b0b279695bcb8c,"[0.8195701837539673,-1.374765157699585,5.880162239074707]","[0.8195701837539673,0.12523484230041504,5.880162239074707]",2.6443013010450906,0,0,2.6443013010450906,"[0.0,0.023073834143100685,0.0,0.9997337636480708]","[[0.9989351963558734,0.0,0.04613538209934681,0.8195701837539673],[0.0,1.0,-0.0,0.12523484230041504],[-0.04613538209934681,0.0,0.9989351963558734,5.880162239074707],[0.0,0.0,0.0,1.0]]",train,0.8552321007081038,0.8552321007081038,0.869873046875,0.869873046875,INDEPENDENT_AND_HABITAT_TRIPLET_QUALIFIED,apartment_0,274677d9b7caa413230363b68f4aa472e5cc1afe87e422a489fa1b7d844c6182,32296d6457d3855ffe172cf1970364559def5dd15892e149b44d0bc7c6b7e938,ddd147f908537165c40a34b412cd21c3cbfb5a0615871375d02adecbbfaec6f7,84edb118f01fe1460ff64be4b6ef838f23ed4520740af9f457041b438a7b9f5a,pre_render_not_published/0138
139,frame_0139,location_046,candidate_0233,1ef84e8ccf53110d95cbd93ef08450e72ba3671c8cc43bbe67b0b279695bcb8c,"[0.8195701837539673,-1.374765157699585,5.880162239074707]","[0.8195701837539673,0.12523484230041504,5.880162239074707]",2.6443013010450906,1,-60,302.64430130104506,"[0.0,-0.47988435529340157,-0.0,0.8773317534118074]","[[0.5394220110892727,0.0,-0.8420355657289095,0.8195701837539673],[-0.0,1.0,-0.0,0.12523484230041504],[0.8420355657289095,0.0,0.5394220110892727,5.880162239074707],[0.0,0.0,0.0,1.0]]",train,0.4169944925255704,0.4169944925255704,0.41533854166666667,0.41533854166666667,INDEPENDENT_AND_HABITAT_TRIPLET_QUALIFIED,apartment_0,274677d9b7caa413230363b68f4aa472e5cc1afe87e422a489fa1b7d844c6182,32296d6457d3855ffe172cf1970364559def5dd15892e149b44d0bc7c6b7e938,ddd147f908537165c40a34b412cd21c3cbfb5a0615871375d02adecbbfaec6f7,84edb118f01fe1460ff64be4b6ef838f23ed4520740af9f457041b438a7b9f5a,pre_render_not_published/0139
140,frame_0140,location_046,candidate_0233,1ef84e8ccf53110d95cbd93ef08450e72ba3671c8cc43bbe67b0b279695bcb8c,"[0.8195701837539673,-1.374765157699585,5.880162239074707]","[0.8195701837539673,0.12523484230041504,5.880162239074707]",2.6443013010450906,2,60,62.64430130104509,"[0.0,0.5198494083546693,0.0,0.8542579192687068]","[[0.4595131852666005,0.0,0.8881709478282561,0.8195701837539673],[0.0,1.0,-0.0,0.12523484230041504],[-0.8881709478282561,0.0,0.4595131852666005,5.880162239074707],[0.0,0.0,0.0,1.0]]",train,0.33988985051140835,0.33988985051140835,0.335498046875,0.33550455729166667,INDEPENDENT_AND_HABITAT_TRIPLET_QUALIFIED,apartment_0,274677d9b7caa413230363b68f4aa472e5cc1afe87e422a489fa1b7d844c6182,32296d6457d3855ffe172cf1970364559def5dd15892e149b44d0bc7c6b7e938,ddd147f908537165c40a34b412cd21c3cbfb5a0615871375d02adecbbfaec6f7,84edb118f01fe1460ff64be4b6ef838f23ed4520740af9f457041b438a7b9f5a,pre_render_not_published/0140
141,frame_0141,location_047,candidate_0771,65147b607d910e120c43be990e79aab74ad9a535e9c2fb9fb73f8e6c146a7ed3,"[0.8757659196853638,1.4252347946166992,1.8613866567611694]","[0.8757659196853638,2.925234794616699,1.8613866567611694]",176.04559177286166,0,0,176.04559177286166,"[0.0,0.9994046331473762,0.0,0.034501873044208084]","[[-0.9976192415128827,0.0,0.06896266354528825,0.8757659196853638],[0.0,1.0,-0.0,2.925234794616699],[-0.06896266354528825,0.0,-0.9976192415128827,1.8613866567611694],[0.0,0.0,0.0,1.0]]",train,0.35955940204563336,0.35955940204563336,0.3556770833333333,0.3556770833333333,INDEPENDENT_AND_HABITAT_TRIPLET_QUALIFIED,apartment_0,274677d9b7caa413230363b68f4aa472e5cc1afe87e422a489fa1b7d844c6182,32296d6457d3855ffe172cf1970364559def5dd15892e149b44d0bc7c6b7e938,ddd147f908537165c40a34b412cd21c3cbfb5a0615871375d02adecbbfaec6f7,84edb118f01fe1460ff64be4b6ef838f23ed4520740af9f457041b438a7b9f5a,pre_render_not_published/0141
142,frame_0142,location_047,candidate_0771,65147b607d910e120c43be990e79aab74ad9a535e9c2fb9fb73f8e6c146a7ed3,"[0.8757659196853638,1.4252347946166992,1.8613866567611694]","[0.8757659196853638,2.925234794616699,1.8613866567611694]",176.04559177286166,1,-60,116.04559177286166,"[0.0,0.848258864443391,0.0,0.5295818151081179]","[[-0.43908620221358263,0.0,0.8984449382269638,0.8757659196853638],[0.0,1.0,-0.0,2.925234794616699],[-0.8984449382269638,0.0,-0.43908620221358263,1.8613866567611694],[0.0,0.0,0.0,1.0]]",train,0.2974036191974823,0.2974036191974823,0.29428276909722223,0.29430013020833334,INDEPENDENT_AND_HABITAT_TRIPLET_QUALIFIED,apartment_0,274677d9b7caa413230363b68f4aa472e5cc1afe87e422a489fa1b7d844c6182,32296d6457d3855ffe172cf1970364559def5dd15892e149b44d0bc7c6b7e938,ddd147f908537165c40a34b412cd21c3cbfb5a0615871375d02adecbbfaec6f7,84edb118f01fe1460ff64be4b6ef838f23ed4520740af9f457041b438a7b9f5a,pre_render_not_published/0142
143,frame_0143,location_047,candidate_0771,65147b607d910e120c43be990e79aab74ad9a535e9c2fb9fb73f8e6c146a7ed3,"[0.8757659196853638,1.4252347946166992,1.8613866567611694]","[0.8757659196853638,2.925234794616699,1.8613866567611694]",176.04559177286166,2,60,236.04559177286166,"[0.0,0.8827607374875992,-0.0,-0.4698228180392583]","[[-0.5585330392992999,0.0,-0.8294822746816756,0.8757659196853638],[0.0,1.0,-0.0,2.925234794616699],[0.8294822746816756,-0.0,-0.5585330392992999,1.8613866567611694],[0.0,0.0,0.0,1.0]]",train,0.3988985051140834,0.3988985051140834,0.39715711805555554,0.39716145833333333,INDEPENDENT_AND_HABITAT_TRIPLET_QUALIFIED,apartment_0,274677d9b7caa413230363b68f4aa472e5cc1afe87e422a489fa1b7d844c6182,32296d6457d3855ffe172cf1970364559def5dd15892e149b44d0bc7c6b7e938,ddd147f908537165c40a34b412cd21c3cbfb5a0615871375d02adecbbfaec6f7,84edb118f01fe1460ff64be4b6ef838f23ed4520740af9f457041b438a7b9f5a,pre_render_not_published/0143
144,frame_0144,location_048,candidate_0487,3e77ed2469799ceaef0f4db77b9fc92de4d09cd41ff47cc407a7d9b0fb21fc3e,"[-1.037613034248352,-1.3484241962432861,1.6729445457458496]","[-1.037613034248352,0.15157580375671387,1.6729445457458496]",28.772611117280647,0,0,28.772611117280647,"[0.0,0.2484583760083922,0.0,0.9686425736004342]","[[0.8765368707825448,0.0,0.48133472153870677,-1.037613034248352],[0.0,1.0,-0.0,0.15157580375671387],[-0.48133472153870677,0.0,0.8765368707825448,1.6729445457458496],[0.0,0.0,0.0,1.0]]",train,0.6514555468135327,0.6514555468135327,0.6479069010416667,0.6479069010416667,INDEPENDENT_AND_HABITAT_TRIPLET_QUALIFIED,apartment_0,274677d9b7caa413230363b68f4aa472e5cc1afe87e422a489fa1b7d844c6182,32296d6457d3855ffe172cf1970364559def5dd15892e149b44d0bc7c6b7e938,ddd147f908537165c40a34b412cd21c3cbfb5a0615871375d02adecbbfaec6f7,84edb118f01fe1460ff64be4b6ef838f23ed4520740af9f457041b438a7b9f5a,pre_render_not_published/0144
145,frame_0145,location_048,candidate_0487,3e77ed2469799ceaef0f4db77b9fc92de4d09cd41ff47cc407a7d9b0fb21fc3e,"[-1.037613034248352,-1.3484241962432861,1.6729445457458496]","[-1.037613034248352,0.15157580375671387,1.6729445457458496]",28.772611117280647,1,-60,328.77261111728063,"[0.0,-0.2691500213939237,-0.0,0.9630982639293098]","[[0.8551165319673009,0.0,-0.518435836682049,-1.037613034248352],[-0.0,1.0,-0.0,0.15157580375671387],[0.518435836682049,0.0,0.8551165319673009,1.6729445457458496],[0.0,0.0,0.0,1.0]]",train,1.0,1.0,0.9999913194444444,1.0,INDEPENDENT_AND_HABITAT_TRIPLET_QUALIFIED,apartment_0,274677d9b7caa413230363b68f4aa472e5cc1afe87e422a489fa1b7d844c6182,32296d6457d3855ffe172cf1970364559def5dd15892e149b44d0bc7c6b7e938,ddd147f908537165c40a34b412cd21c3cbfb5a0615871375d02adecbbfaec6f7,84edb118f01fe1460ff64be4b6ef838f23ed4520740af9f457041b438a7b9f5a,pre_render_not_published/0145
146,frame_0146,location_048,candidate_0487,3e77ed2469799ceaef0f4db77b9fc92de4d09cd41ff47cc407a7d9b0fb21fc3e,"[-1.037613034248352,-1.3484241962432861,1.6729445457458496]","[-1.037613034248352,0.15157580375671387,1.6729445457458496]",28.772611117280647,2,60,88.77261111728065,"[0.0,0.6994925522065109,0.0,0.7146398879209177]","[[0.021420338815243658,0.0,0.9997705582207551,-1.037613034248352],[0.0,1.0,-0.0,0.15157580375671387],[-0.9997705582207551,0.0,0.021420338815243658,1.6729445457458496],[0.0,0.0,0.0,1.0]]",train,0.12588512981904013,0.12588512981904013,0.122080078125,0.122080078125,INDEPENDENT_AND_HABITAT_TRIPLET_QUALIFIED,apartment_0,274677d9b7caa413230363b68f4aa472e5cc1afe87e422a489fa1b7d844c6182,32296d6457d3855ffe172cf1970364559def5dd15892e149b44d0bc7c6b7e938,ddd147f908537165c40a34b412cd21c3cbfb5a0615871375d02adecbbfaec6f7,84edb118f01fe1460ff64be4b6ef838f23ed4520740af9f457041b438a7b9f5a,pre_render_not_published/0146
147,frame_0147,location_049,candidate_0985,82adf9c167ddf4dab293dc77df333e57262b83029d3487d92dd7a169c4775b6d,"[3.8521687984466553,-1.374765157699585,-0.7314116954803467]","[3.8521687984466553,0.12523484230041504,-0.7314116954803467]",335.647149211816,0,0,335.647149211816,"[0.0,-0.21092261641745266,-0.0,0.9775027620849038]","[[0.9110232997672323,0.0,-0.41235488026846934,3.8521687984466553],[-0.0,1.0,-0.0,0.12523484230041504],[0.41235488026846934,0.0,0.9110232997672323,-0.7314116954803467],[0.0,0.0,0.0,1.0]]",train,1.0,1.0,1.0,1.0,INDEPENDENT_AND_HABITAT_TRIPLET_QUALIFIED,apartment_0,274677d9b7caa413230363b68f4aa472e5cc1afe87e422a489fa1b7d844c6182,32296d6457d3855ffe172cf1970364559def5dd15892e149b44d0bc7c6b7e938,ddd147f908537165c40a34b412cd21c3cbfb5a0615871375d02adecbbfaec6f7,84edb118f01fe1460ff64be4b6ef838f23ed4520740af9f457041b438a7b9f5a,pre_render_not_published/0147
148,frame_0148,location_049,candidate_0985,82adf9c167ddf4dab293dc77df333e57262b83029d3487d92dd7a169c4775b6d,"[3.8521687984466553,-1.374765157699585,-0.7314116954803467]","[3.8521687984466553,0.12523484230041504,-0.7314116954803467]",335.647149211816,1,-60,275.647149211816,"[0.0,-0.6714157250926466,-0.0,0.7410809160262567]","[[0.09840184819663146,0.0,-0.9951467611721837,3.8521687984466553],[-0.0,1.0,-0.0,0.12523484230041504],[0.9951467611721837,0.0,0.09840184819663146,-0.7314116954803467],[0.0,0.0,0.0,1.0]]",train,1.0,1.0,1.0,1.0,INDEPENDENT_AND_HABITAT_TRIPLET_QUALIFIED,apartment_0,274677d9b7caa413230363b68f4aa472e5cc1afe87e422a489fa1b7d844c6182,32296d6457d3855ffe172cf1970364559def5dd15892e149b44d0bc7c6b7e938,ddd147f908537165c40a34b412cd21c3cbfb5a0615871375d02adecbbfaec6f7,84edb118f01fe1460ff64be4b6ef838f23ed4520740af9f457041b438a7b9f5a,pre_render_not_published/0148
149,frame_0149,location_049,candidate_0985,82adf9c167ddf4dab293dc77df333e57262b83029d3487d92dd7a169c4775b6d,"[3.8521687984466553,-1.374765157699585,-0.7314116954803467]","[3.8521687984466553,0.12523484230041504,-0.7314116954803467]",335.647149211816,2,60,35.647149211815986,"[0.0,0.3060870369922575,0.0,0.9520035324437092]","[[0.812621451570601,0.0,0.5827918809037148,3.8521687984466553],[0.0,1.0,-0.0,0.12523484230041504],[-0.5827918809037148,0.0,0.812621451570601,-0.7314116954803467],[0.0,0.0,0.0,1.0]]",train,1.0,1.0,1.0,1.0,INDEPENDENT_AND_HABITAT_TRIPLET_QUALIFIED,apartment_0,274677d9b7caa413230363b68f4aa472e5cc1afe87e422a489fa1b7d844c6182,32296d6457d3855ffe172cf1970364559def5dd15892e149b44d0bc7c6b7e938,ddd147f908537165c40a34b412cd21c3cbfb5a0615871375d02adecbbfaec6f7,84edb118f01fe1460ff64be4b6ef838f23ed4520740af9f457041b438a7b9f5a,pre_render_not_published/0149
150,frame_0150,location_050,candidate_0775,6590b7d371a737664b28e73f7b0d130e727944458b5d5b1b4f49d37b3e8198d1,"[0.03597864508628845,-1.374765157699585,0.39652779698371887]","[0.03597864508628845,0.12523484230041504,0.39652779698371887]",80.07923162400978,0,0,80.07923162400978,"[0.0,0.6433171193128078,0.0,0.7655998197485882]","[[0.17228616799814123,0.0,0.9850469411741333,0.03597864508628845],[0.0,1.0,-0.0,0.12523484230041504],[-0.9850469411741333,0.0,0.17228616799814123,0.39652779698371887],[0.0,0.0,0.0,1.0]]",train,1.0,1.0,1.0,1.0,INDEPENDENT_AND_HABITAT_TRIPLET_QUALIFIED,apartment_0,274677d9b7caa413230363b68f4aa472e5cc1afe87e422a489fa1b7d844c6182,32296d6457d3855ffe172cf1970364559def5dd15892e149b44d0bc7c6b7e938,ddd147f908537165c40a34b412cd21c3cbfb5a0615871375d02adecbbfaec6f7,84edb118f01fe1460ff64be4b6ef838f23ed4520740af9f457041b438a7b9f5a,pre_render_not_published/0150
151,frame_0151,location_050,candidate_0775,6590b7d371a737664b28e73f7b0d130e727944458b5d5b1b4f49d37b3e8198d1,"[0.03597864508628845,-1.374765157699585,0.39652779698371887]","[0.03597864508628845,0.12523484230041504,0.39652779698371887]",80.07923162400978,1,-60,20.07923162400978,"[0.0,0.17432905814002222,0.0,0.9846874526914684]","[[0.9392187589760256,0.0,0.34331927238000276,0.03597864508628845],[0.0,1.0,-0.0,0.12523484230041504],[-0.34331927238000276,0.0,0.9392187589760256,0.39652779698371887],[0.0,0.0,0.0,1.0]]",train,1.0,1.0,1.0,1.0,INDEPENDENT_AND_HABITAT_TRIPLET_QUALIFIED,apartment_0,274677d9b7caa413230363b68f4aa472e5cc1afe87e422a489fa1b7d844c6182,32296d6457d3855ffe172cf1970364559def5dd15892e149b44d0bc7c6b7e938,ddd147f908537165c40a34b412cd21c3cbfb5a0615871375d02adecbbfaec6f7,84edb118f01fe1460ff64be4b6ef838f23ed4520740af9f457041b438a7b9f5a,pre_render_not_published/0151
152,frame_0152,location_050,candidate_0775,6590b7d371a737664b28e73f7b0d130e727944458b5d5b1b4f49d37b3e8198d1,"[0.03597864508628845,-1.374765157699585,0.39652779698371887]","[0.03597864508628845,0.12523484230041504,0.39652779698371887]",80.07923162400978,2,60,140.07923162400976,"[0.0,0.9399288778886102,0.0,0.3413703333786607]","[[-0.7669325909778841,0.0,0.6417276687941307,0.03597864508628845],[0.0,1.0,-0.0,0.12523484230041504],[-0.6417276687941307,0.0,-0.7669325909778841,0.39652779698371887],[0.0,0.0,0.0,1.0]]",train,1.0,1.0,1.0,1.0,INDEPENDENT_AND_HABITAT_TRIPLET_QUALIFIED,apartment_0,274677d9b7caa413230363b68f4aa472e5cc1afe87e422a489fa1b7d844c6182,32296d6457d3855ffe172cf1970364559def5dd15892e149b44d0bc7c6b7e938,ddd147f908537165c40a34b412cd21c3cbfb5a0615871375d02adecbbfaec6f7,84edb118f01fe1460ff64be4b6ef838f23ed4520740af9f457041b438a7b9f5a,pre_render_not_published/0152
153,frame_0153,location_051,candidate_0203,1a70d3d8d480c925724a71b6e77736e9b0205b503250ca3a1e86d4da4c9a4735,"[-0.27632540464401245,-1.374765157699585,-1.2237504720687866]","[-0.27632540464401245,0.12523484230041504,-1.2237504720687866]",134.38255596748195,0,0,134.38255596748195,"[0.0,0.9218041502230253,0.0,0.38765591525424464]","[[-0.6994457827367878,0.0,0.7146856630797362,-0.27632540464401245],[0.0,1.0,-0.0,0.12523484230041504],[-0.7146856630797362,0.0,-0.6994457827367878,-1.2237504720687866],[0.0,0.0,0.0,1.0]]",eval,1.0,1.0,1.0,1.0,INDEPENDENT_AND_HABITAT_TRIPLET_QUALIFIED,apartment_0,274677d9b7caa413230363b68f4aa472e5cc1afe87e422a489fa1b7d844c6182,32296d6457d3855ffe172cf1970364559def5dd15892e149b44d0bc7c6b7e938,ddd147f908537165c40a34b412cd21c3cbfb5a0615871375d02adecbbfaec6f7,84edb118f01fe1460ff64be4b6ef838f23ed4520740af9f457041b438a7b9f5a,pre_render_not_published/0153
154,frame_0154,location_051,candidate_0203,1a70d3d8d480c925724a71b6e77736e9b0205b503250ca3a1e86d4da4c9a4735,"[-0.27632540464401245,-1.374765157699585,-1.2237504720687866]","[-0.27632540464401245,0.12523484230041504,-1.2237504720687866]",134.38255596748195,1,-60,74.38255596748195,"[0.0,0.6044778537799446,0.0,0.796621945648996]","[[0.2692130485791839,0.0,0.9630806479598175,-0.27632540464401245],[0.0,1.0,-0.0,0.12523484230041504],[-0.9630806479598175,0.0,0.2692130485791839,-1.2237504720687866],[0.0,0.0,0.0,1.0]]",eval,1.0,1.0,1.0,1.0,INDEPENDENT_AND_HABITAT_TRIPLET_QUALIFIED,apartment_0,274677d9b7caa413230363b68f4aa472e5cc1afe87e422a489fa1b7d844c6182,32296d6457d3855ffe172cf1970364559def5dd15892e149b44d0bc7c6b7e938,ddd147f908537165c40a34b412cd21c3cbfb5a0615871375d02adecbbfaec6f7,84edb118f01fe1460ff64be4b6ef838f23ed4520740af9f457041b438a7b9f5a,pre_render_not_published/0154
155,frame_0155,location_051,candidate_0203,1a70d3d8d480c925724a71b6e77736e9b0205b503250ca3a1e86d4da4c9a4735,"[-0.27632540464401245,-1.374765157699585,-1.2237504720687866]","[-0.27632540464401245,0.12523484230041504,-1.2237504720687866]",134.38255596748195,2,60,194.38255596748195,"[0.0,0.9921337690341892,-0.0,-0.12518220457402937]","[[-0.9686588313159717,0.0,-0.24839498488008135,-0.27632540464401245],[0.0,1.0,-0.0,0.12523484230041504],[0.24839498488008135,-0.0,-0.9686588313159717,-1.2237504720687866],[0.0,0.0,0.0,1.0]]",eval,1.0,1.0,1.0,1.0,INDEPENDENT_AND_HABITAT_TRIPLET_QUALIFIED,apartment_0,274677d9b7caa413230363b68f4aa472e5cc1afe87e422a489fa1b7d844c6182,32296d6457d3855ffe172cf1970364559def5dd15892e149b44d0bc7c6b7e938,ddd147f908537165c40a34b412cd21c3cbfb5a0615871375d02adecbbfaec6f7,84edb118f01fe1460ff64be4b6ef838f23ed4520740af9f457041b438a7b9f5a,pre_render_not_published/0155
156,frame_0156,location_052,candidate_0682,594fa1b382f0abcacd95c1743f4988d4cd4f90d61317d15127be1a795b779a29,"[-0.09219787269830704,1.4252347946166992,3.9329936504364014]","[-0.09219787269830704,2.925234794616699,3.9329936504364014]",350.38448844512635,0,0,350.38448844512635,"[0.0,-0.08381273167751552,-0.0,0.9964815231647564]","[[0.9859508520175057,0.0,-0.16703567704521938,-0.09219787269830704],[-0.0,1.0,-0.0,2.925234794616699],[0.16703567704521938,0.0,0.9859508520175057,3.9329936504364014],[0.0,0.0,0.0,1.0]]",train,0.5491738788355626,0.5491738788355626,0.5533919270833333,0.5533984375,INDEPENDENT_AND_HABITAT_TRIPLET_QUALIFIED,apartment_0,274677d9b7caa413230363b68f4aa472e5cc1afe87e422a489fa1b7d844c6182,32296d6457d3855ffe172cf1970364559def5dd15892e149b44d0bc7c6b7e938,ddd147f908537165c40a34b412cd21c3cbfb5a0615871375d02adecbbfaec6f7,84edb118f01fe1460ff64be4b6ef838f23ed4520740af9f457041b438a7b9f5a,pre_render_not_published/0156
157,frame_0157,location_052,candidate_0682,594fa1b382f0abcacd95c1743f4988d4cd4f90d61317d15127be1a795b779a29,"[-0.09219787269830704,1.4252347946166992,3.9329936504364014]","[-0.09219787269830704,2.925234794616699,3.9329936504364014]",350.38448844512635,1,-60,290.38448844512635,"[0.0,-0.5708247163756752,-0.0,0.8210719476237329]","[[0.34831828634925993,0.0,-0.9373763232526812,-0.09219787269830704],[-0.0,1.0,-0.0,2.925234794616699],[0.9373763232526812,0.0,0.34831828634925993,3.9329936504364014],[0.0,0.0,0.0,1.0]]",train,0.4225019669551534,0.4225019669551534,0.4218033854166667,0.421806640625,INDEPENDENT_AND_HABITAT_TRIPLET_QUALIFIED,apartment_0,274677d9b7caa413230363b68f4aa472e5cc1afe87e422a489fa1b7d844c6182,32296d6457d3855ffe172cf1970364559def5dd15892e149b44d0bc7c6b7e938,ddd147f908537165c40a34b412cd21c3cbfb5a0615871375d02adecbbfaec6f7,84edb118f01fe1460ff64be4b6ef838f23ed4520740af9f457041b438a7b9f5a,pre_render_not_published/0157
158,frame_0158,location_052,candidate_0682,594fa1b382f0abcacd95c1743f4988d4cd4f90d61317d15127be1a795b779a29,"[-0.09219787269830704,1.4252347946166992,3.9329936504364014]","[-0.09219787269830704,2.925234794616699,3.9329936504364014]",350.38448844512635,2,60,50.38448844512635,"[0.0,0.42565680678908124,0.0,0.9048846793012482]","[[0.6376325656682456,0.0,0.7703406462074622,-0.09219787269830704],[0.0,1.0,-0.0,2.925234794616699],[-0.7703406462074622,0.0,0.6376325656682456,3.9329936504364014],[0.0,0.0,0.0,1.0]]",train,0.2069236821400472,0.2069236821400472,0.19992838541666666,0.19992838541666666,INDEPENDENT_AND_HABITAT_TRIPLET_QUALIFIED,apartment_0,274677d9b7caa413230363b68f4aa472e5cc1afe87e422a489fa1b7d844c6182,32296d6457d3855ffe172cf1970364559def5dd15892e149b44d0bc7c6b7e938,ddd147f908537165c40a34b412cd21c3cbfb5a0615871375d02adecbbfaec6f7,84edb118f01fe1460ff64be4b6ef838f23ed4520740af9f457041b438a7b9f5a,pre_render_not_published/0158
159,frame_0159,location_053,candidate_0523,42a9128539cbd77e4915047cbae236a3ffab0855b0f6a09fd82d967e48e487e2,"[1.8525996208190918,-1.374765157699585,-0.9349051117897034]","[1.8525996208190918,0.12523484230041504,-0.9349051117897034]",86.8599877337229,0,0,86.8599877337229,"[0.0,0.687467772474121,0.0,0.7262148867996787]","[[0.05477612361894025,0.0,0.9984986611314421,1.8525996208190918],[0.0,1.0,-0.0,0.12523484230041504],[-0.9984986611314421,0.0,0.05477612361894025,-0.9349051117897034],[0.0,0.0,0.0,1.0]]",train,1.0,1.0,1.0,1.0,INDEPENDENT_AND_HABITAT_TRIPLET_QUALIFIED,apartment_0,274677d9b7caa413230363b68f4aa472e5cc1afe87e422a489fa1b7d844c6182,32296d6457d3855ffe172cf1970364559def5dd15892e149b44d0bc7c6b7e938,ddd147f908537165c40a34b412cd21c3cbfb5a0615871375d02adecbbfaec6f7,84edb118f01fe1460ff64be4b6ef838f23ed4520740af9f457041b438a7b9f5a,pre_render_not_published/0159
160,frame_0160,location_053,candidate_0523,42a9128539cbd77e4915047cbae236a3ffab0855b0f6a09fd82d967e48e487e2,"[1.8525996208190918,-1.374765157699585,-0.9349051117897034]","[1.8525996208190918,0.12523484230041504,-0.9349051117897034]",86.8599877337229,1,-60,26.859987733722903,"[0.0,0.23225711184585,0.0,0.9726544268120226]","[[0.8921132679940487,0.0,0.4518118159908821,1.8525996208190918],[0.0,1.0,-0.0,0.12523484230041504],[-0.4518118159908821,0.0,0.8921132679940487,-0.9349051117897034],[0.0,0.0,0.0,1.0]]",train,0.4917387883556255,0.4917387883556255,0.49007486979166665,0.49007486979166665,INDEPENDENT_AND_HABITAT_TRIPLET_QUALIFIED,apartment_0,274677d9b7caa413230363b68f4aa472e5cc1afe87e422a489fa1b7d844c6182,32296d6457d3855ffe172cf1970364559def5dd15892e149b44d0bc7c6b7e938,ddd147f908537165c40a34b412cd21c3cbfb5a0615871375d02adecbbfaec6f7,84edb118f01fe1460ff64be4b6ef838f23ed4520740af9f457041b438a7b9f5a,pre_render_not_published/0160
161,frame_0161,location_053,candidate_0523,42a9128539cbd77e4915047cbae236a3ffab0855b0f6a09fd82d967e48e487e2,"[1.8525996208190918,-1.374765157699585,-0.9349051117897034]","[1.8525996208190918,0.12523484230041504,-0.9349051117897034]",86.8599877337229,2,60,146.8599877337229,"[0.0,0.9584719986455287,0.0,0.28518665433790163]","[[-0.8373371443751084,0.0,0.5466868451405602,1.8525996208190918],[0.0,1.0,-0.0,0.12523484230041504],[-0.5466868451405602,0.0,-0.8373371443751084,-0.9349051117897034],[0.0,0.0,0.0,1.0]]",train,1.0,1.0,1.0,1.0,INDEPENDENT_AND_HABITAT_TRIPLET_QUALIFIED,apartment_0,274677d9b7caa413230363b68f4aa472e5cc1afe87e422a489fa1b7d844c6182,32296d6457d3855ffe172cf1970364559def5dd15892e149b44d0bc7c6b7e938,ddd147f908537165c40a34b412cd21c3cbfb5a0615871375d02adecbbfaec6f7,84edb118f01fe1460ff64be4b6ef838f23ed4520740af9f457041b438a7b9f5a,pre_render_not_published/0161
162,frame_0162,location_054,candidate_0828,6d1848c94208c8a2de671878dbfdd4950a3d83525c93be06ad749d44ec4c8f52,"[2.2599234580993652,1.4252347946166992,-1.2876893281936646]","[2.2599234580993652,2.925234794616699,-1.2876893281936646]",196.0063899689085,0,0,196.0063899689085,"[0.0,0.9902603064925601,-0.0,-0.13922832106026745]","[[-0.9612309492294782,0.0,-0.27574455977117,2.2599234580993652],[0.0,1.0,-0.0,2.925234794616699],[0.27574455977117,-0.0,-0.9612309492294782,-1.2876893281936646],[0.0,0.0,0.0,1.0]]",train,1.0,1.0,1.0,1.0,INDEPENDENT_AND_HABITAT_TRIPLET_QUALIFIED,apartment_0,274677d9b7caa413230363b68f4aa472e5cc1afe87e422a489fa1b7d844c6182,32296d6457d3855ffe172cf1970364559def5dd15892e149b44d0bc7c6b7e938,ddd147f908537165c40a34b412cd21c3cbfb5a0615871375d02adecbbfaec6f7,84edb118f01fe1460ff64be4b6ef838f23ed4520740af9f457041b438a7b9f5a,pre_render_not_published/0162
163,frame_0163,location_054,candidate_0828,6d1848c94208c8a2de671878dbfdd4950a3d83525c93be06ad749d44ec4c8f52,"[2.2599234580993652,1.4252347946166992,-1.2876893281936646]","[2.2599234580993652,2.925234794616699,-1.2876893281936646]",196.0063899689085,1,-60,136.0063899689085,"[0.0,0.927204742312055,0.0,0.37455489028183253]","[[-0.7194172683319288,0.0,0.6945781410509732,2.2599234580993652],[0.0,1.0,-0.0,2.925234794616699],[-0.6945781410509732,0.0,-0.7194172683319288,-1.2876893281936646],[0.0,0.0,0.0,1.0]]",train,1.0,1.0,1.0,1.0,INDEPENDENT_AND_HABITAT_TRIPLET_QUALIFIED,apartment_0,274677d9b7caa413230363b68f4aa472e5cc1afe87e422a489fa1b7d844c6182,32296d6457d3855ffe172cf1970364559def5dd15892e149b44d0bc7c6b7e938,ddd147f908537165c40a34b412cd21c3cbfb5a0615871375d02adecbbfaec6f7,84edb118f01fe1460ff64be4b6ef838f23ed4520740af9f457041b438a7b9f5a,pre_render_not_published/0163
164,frame_0164,location_054,candidate_0828,6d1848c94208c8a2de671878dbfdd4950a3d83525c93be06ad749d44ec4c8f52,"[2.2599234580993652,1.4252347946166992,-1.2876893281936646]","[2.2599234580993652,2.925234794616699,-1.2876893281936646]",196.0063899689085,2,60,256.0063899689085,"[0.0,-0.7879764212517877,0.0,0.6157054162107275]","[[-0.24181368089754962,0.0,-0.970322700822143,2.2599234580993652],[0.0,1.0,-0.0,2.925234794616699],[0.970322700822143,-0.0,-0.24181368089754962,-1.2876893281936646],[0.0,0.0,0.0,1.0]]",train,1.0,1.0,1.0,1.0,INDEPENDENT_AND_HABITAT_TRIPLET_QUALIFIED,apartment_0,274677d9b7caa413230363b68f4aa472e5cc1afe87e422a489fa1b7d844c6182,32296d6457d3855ffe172cf1970364559def5dd15892e149b44d0bc7c6b7e938,ddd147f908537165c40a34b412cd21c3cbfb5a0615871375d02adecbbfaec6f7,84edb118f01fe1460ff64be4b6ef838f23ed4520740af9f457041b438a7b9f5a,pre_render_not_published/0164
165,frame_0165,location_055,candidate_0557,48b3d7e42658bf13a6ea8a33c00ae0a1cb6d774ab63b6a80942da8f2985751f5,"[0.4716522991657257,-1.374765157699585,2.2526073455810547]","[0.4716522991657257,0.12523484230041504,2.2526073455810547]",248.01374474594343,0,0,248.01374474594343,"[0.0,-0.8289704938991374,0.0,0.5592923388037963]","[[-0.37438415951075904,0.0,-0.9272736926643733,0.4716522991657257],[0.0,1.0,-0.0,0.12523484230041504],[0.9272736926643733,-0.0,-0.37438415951075904,2.2526073455810547],[0.0,0.0,0.0,1.0]]",train,1.0,1.0,1.0,1.0,INDEPENDENT_AND_HABITAT_TRIPLET_QUALIFIED,apartment_0,274677d9b7caa413230363b68f4aa472e5cc1afe87e422a489fa1b7d844c6182,32296d6457d3855ffe172cf1970364559def5dd15892e149b44d0bc7c6b7e938,ddd147f908537165c40a34b412cd21c3cbfb5a0615871375d02adecbbfaec6f7,84edb118f01fe1460ff64be4b6ef838f23ed4520740af9f457041b438a7b9f5a,pre_render_not_published/0165
166,frame_0166,location_055,candidate_0557,48b3d7e42658bf13a6ea8a33c00ae0a1cb6d774ab63b6a80942da8f2985751f5,"[0.4716522991657257,-1.374765157699585,2.2526073455810547]","[0.4716522991657257,0.12523484230041504,2.2526073455810547]",248.01374474594343,1,-60,188.01374474594343,"[0.0,0.997555676106284,-0.0,-0.06987612659653232]","[[-0.9902346538637308,0.0,-0.1394106534213842,0.4716522991657257],[0.0,1.0,-0.0,0.12523484230041504],[0.1394106534213842,-0.0,-0.9902346538637308,2.2526073455810547],[0.0,0.0,0.0,1.0]]",train,1.0,1.0,1.0,1.0,INDEPENDENT_AND_HABITAT_TRIPLET_QUALIFIED,apartment_0,274677d9b7caa413230363b68f4aa472e5cc1afe87e422a489fa1b7d844c6182,32296d6457d3855ffe172cf1970364559def5dd15892e149b44d0bc7c6b7e938,ddd147f908537165c40a34b412cd21c3cbfb5a0615871375d02adecbbfaec6f7,84edb118f01fe1460ff64be4b6ef838f23ed4520740af9f457041b438a7b9f5a,pre_render_not_published/0166
167,frame_0167,location_055,candidate_0557,48b3d7e42658bf13a6ea8a33c00ae0a1cb6d774ab63b6a80942da8f2985751f5,"[0.4716522991657257,-1.374765157699585,2.2526073455810547]","[0.4716522991657257,0.12523484230041504,2.2526073455810547]",248.01374474594343,2,60,308.0137447459434,"[0.0,-0.4382633373024874,-0.0,0.8988466204956695]","[[0.6158504943529722,0.0,-0.7878630392429891,0.4716522991657257],[-0.0,1.0,-0.0,0.12523484230041504],[0.7878630392429891,0.0,0.6158504943529722,2.2526073455810547],[0.0,0.0,0.0,1.0]]",train,1.0,1.0,1.0,1.0,INDEPENDENT_AND_HABITAT_TRIPLET_QUALIFIED,apartment_0,274677d9b7caa413230363b68f4aa472e5cc1afe87e422a489fa1b7d844c6182,32296d6457d3855ffe172cf1970364559def5dd15892e149b44d0bc7c6b7e938,ddd147f908537165c40a34b412cd21c3cbfb5a0615871375d02adecbbfaec6f7,84edb118f01fe1460ff64be4b6ef838f23ed4520740af9f457041b438a7b9f5a,pre_render_not_published/0167
168,frame_0168,location_056,candidate_0345,2ba7825a156391cd74b0ad6ca059f6819bcf2bd255d3d25d258836e726980f23,"[-1.517081379890442,-1.298595666885376,2.2451815605163574]","[-1.517081379890442,0.20140433311462402,2.2451815605163574]",351.8688306041649,0,0,351.8688306041649,"[0.0,-0.0708983083566035,-0.0,0.997483548672444]","[[0.9899468597443439,0.0,-0.14143979242883611,-1.517081379890442],[-0.0,1.0,-0.0,0.20140433311462402],[0.14143979242883611,0.0,0.9899468597443439,2.2451815605163574],[0.0,0.0,0.0,1.0]]",train,0.7183320220298978,0.7183320220298978,0.71697265625,0.71697265625,INDEPENDENT_AND_HABITAT_TRIPLET_QUALIFIED,apartment_0,274677d9b7caa413230363b68f4aa472e5cc1afe87e422a489fa1b7d844c6182,32296d6457d3855ffe172cf1970364559def5dd15892e149b44d0bc7c6b7e938,ddd147f908537165c40a34b412cd21c3cbfb5a0615871375d02adecbbfaec6f7,84edb118f01fe1460ff64be4b6ef838f23ed4520740af9f457041b438a7b9f5a,pre_render_not_published/0168
169,frame_0169,location_056,candidate_0345,2ba7825a156391cd74b0ad6ca059f6819bcf2bd255d3d25d258836e726980f23,"[-1.517081379890442,-1.298595666885376,2.2451815605163574]","[-1.517081379890442,0.20140433311462402,2.2451815605163574]",351.8688306041649,1,-60,291.8688306041649,"[0.0,-0.560141510458383,-0.0,0.8283969388290865]","[[0.3724829765228023,0.0,-0.9280390251496504,-1.517081379890442],[-0.0,1.0,-0.0,0.20140433311462402],[0.9280390251496504,0.0,0.3724829765228023,2.2451815605163574],[0.0,0.0,0.0,1.0]]",train,1.0,1.0,0.9999967447916667,1.0,INDEPENDENT_AND_HABITAT_TRIPLET_QUALIFIED,apartment_0,274677d9b7caa413230363b68f4aa472e5cc1afe87e422a489fa1b7d844c6182,32296d6457d3855ffe172cf1970364559def5dd15892e149b44d0bc7c6b7e938,ddd147f908537165c40a34b412cd21c3cbfb5a0615871375d02adecbbfaec6f7,84edb118f01fe1460ff64be4b6ef838f23ed4520740af9f457041b438a7b9f5a,pre_render_not_published/0169
170,frame_0170,location_056,candidate_0345,2ba7825a156391cd74b0ad6ca059f6819bcf2bd255d3d25d258836e726980f23,"[-1.517081379890442,-1.298595666885376,2.2451815605163574]","[-1.517081379890442,0.20140433311462402,2.2451815605163574]",351.8688306041649,2,60,51.868830604164884,"[0.0,0.43734203821406087,0.0,0.8992952471856899]","[[0.6174638832215419,0.0,0.7865992327208146,-1.517081379890442],[0.0,1.0,-0.0,0.20140433311462402],[-0.7865992327208146,0.0,0.6174638832215419,2.2451815605163574],[0.0,0.0,0.0,1.0]]",train,0.1935483870967742,0.1935483870967742,0.18907877604166667,0.18907877604166667,INDEPENDENT_AND_HABITAT_TRIPLET_QUALIFIED,apartment_0,274677d9b7caa413230363b68f4aa472e5cc1afe87e422a489fa1b7d844c6182,32296d6457d3855ffe172cf1970364559def5dd15892e149b44d0bc7c6b7e938,ddd147f908537165c40a34b412cd21c3cbfb5a0615871375d02adecbbfaec6f7,84edb118f01fe1460ff64be4b6ef838f23ed4520740af9f457041b438a7b9f5a,pre_render_not_published/0170
171,frame_0171,location_057,candidate_0821,6bbd6a31962a1042d892bbcd4f91821c07545a5f7531a8fe516220d7f91bc18f,"[-0.5429940223693848,1.4252347946166992,0.9926732778549194]","[-0.5429940223693848,2.925234794616699,0.9926732778549194]",188.58022928293104,0,0,188.58022928293104,"[0.0,0.9971980549170505,-0.0,-0.07480667931175203]","[[-0.9888079214606974,0.0,-0.14919415020896537,-0.5429940223693848],[0.0,1.0,-0.0,2.925234794616699],[0.14919415020896537,-0.0,-0.9888079214606974,0.9926732778549194],[0.0,0.0,0.0,1.0]]",train,0.34067663257277736,0.34067663257277736,0.3365885416666667,0.33663736979166664,INDEPENDENT_AND_HABITAT_TRIPLET_QUALIFIED,apartment_0,274677d9b7caa413230363b68f4aa472e5cc1afe87e422a489fa1b7d844c6182,32296d6457d3855ffe172cf1970364559def5dd15892e149b44d0bc7c6b7e938,ddd147f908537165c40a34b412cd21c3cbfb5a0615871375d02adecbbfaec6f7,84edb118f01fe1460ff64be4b6ef838f23ed4520740af9f457041b438a7b9f5a,pre_render_not_published/0171
172,frame_0172,location_057,candidate_0821,6bbd6a31962a1042d892bbcd4f91821c07545a5f7531a8fe516220d7f91bc18f,"[-0.5429940223693848,1.4252347946166992,0.9926732778549194]","[-0.5429940223693848,2.925234794616699,0.9926732778549194]",188.58022928293104,1,-60,128.58022928293104,"[0.0,0.9010021878184715,0.0,0.433814542801792]","[[-0.6236098849073444,0.0,0.781735704343769,-0.5429940223693848],[0.0,1.0,-0.0,2.925234794616699],[-0.781735704343769,0.0,-0.6236098849073444,0.9926732778549194],[0.0,0.0,0.0,1.0]]",train,0.11014948859166011,0.11014948859166011,0.10448893229166667,0.10448893229166667,INDEPENDENT_AND_HABITAT_TRIPLET_QUALIFIED,apartment_0,274677d9b7caa413230363b68f4aa472e5cc1afe87e422a489fa1b7d844c6182,32296d6457d3855ffe172cf1970364559def5dd15892e149b44d0bc7c6b7e938,ddd147f908537165c40a34b412cd21c3cbfb5a0615871375d02adecbbfaec6f7,84edb118f01fe1460ff64be4b6ef838f23ed4520740af9f457041b438a7b9f5a,pre_render_not_published/0172
173,frame_0173,location_057,candidate_0821,6bbd6a31962a1042d892bbcd4f91821c07545a5f7531a8fe516220d7f91bc18f,"[-0.5429940223693848,1.4252347946166992,0.9926732778549194]","[-0.5429940223693848,2.925234794616699,0.9926732778549194]",188.58022928293104,2,60,248.58022928293104,"[0.0,-0.8261955085067194,0.0,0.5633835121152582]","[[-0.3651980365533536,0.0,-0.9309298545527345,-0.5429940223693848],[0.0,1.0,-0.0,2.925234794616699],[0.9309298545527345,-0.0,-0.3651980365533536,0.9926732778549194],[0.0,0.0,0.0,1.0]]",train,0.5900865460267506,0.5900865460267506,0.5879351128472222,0.58796875,INDEPENDENT_AND_HABITAT_TRIPLET_QUALIFIED,apartment_0,274677d9b7caa413230363b68f4aa472e5cc1afe87e422a489fa1b7d844c6182,32296d6457d3855ffe172cf1970364559def5dd15892e149b44d0bc7c6b7e938,ddd147f908537165c40a34b412cd21c3cbfb5a0615871375d02adecbbfaec6f7,84edb118f01fe1460ff64be4b6ef838f23ed4520740af9f457041b438a7b9f5a,pre_render_not_published/0173
174,frame_0174,location_058,candidate_0681,591f4b2c8bc513a78875a074202e418939b81192543970d8e1b52792ff0a7cba,"[-1.0671803951263428,1.4252347946166992,2.4020445346832275]","[-1.0671803951263428,2.925234794616699,2.4020445346832275]",333.47670873413233,0,0,333.47670873413233,"[0.0,-0.22939823003562182,-0.0,0.973332652311903]","[[0.894752904113048,0.0,-0.44656157535245566,-1.0671803951263428],[-0.0,1.0,-0.0,2.925234794616699],[0.44656157535245566,0.0,0.894752904113048,2.4020445346832275],[0.0,0.0,0.0,1.0]]",train,0.5279307631785995,0.5279307631785995,0.5313563368055556,0.5314095052083333,INDEPENDENT_AND_HABITAT_TRIPLET_QUALIFIED,apartment_0,274677d9b7caa413230363b68f4aa472e5cc1afe87e422a489fa1b7d844c6182,32296d6457d3855ffe172cf1970364559def5dd15892e149b44d0bc7c6b7e938,ddd147f908537165c40a34b412cd21c3cbfb5a0615871375d02adecbbfaec6f7,84edb118f01fe1460ff64be4b6ef838f23ed4520740af9f457041b438a7b9f5a,pre_render_not_published/0174
175,frame_0175,location_058,candidate_0681,591f4b2c8bc513a78875a074202e418939b81192543970d8e1b52792ff0a7cba,"[-1.0671803951263428,1.4252347946166992,2.4020445346832275]","[-1.0671803951263428,2.925234794616699,2.4020445346832275]",333.47670873413233,1,-60,273.47670873413233,"[0.0,-0.6853310209499865,-0.0,0.7282316882171834]","[[0.060642783447297996,0.0,-0.9981595327480293,-1.0671803951263428],[-0.0,1.0,-0.0,2.925234794616699],[0.9981595327480293,0.0,0.060642783447297996,2.4020445346832275],[0.0,0.0,0.0,1.0]]",train,0.5861526357199056,0.5861526357199056,0.5916710069444444,0.5916731770833333,INDEPENDENT_AND_HABITAT_TRIPLET_QUALIFIED,apartment_0,274677d9b7caa413230363b68f4aa472e5cc1afe87e422a489fa1b7d844c6182,32296d6457d3855ffe172cf1970364559def5dd15892e149b44d0bc7c6b7e938,ddd147f908537165c40a34b412cd21c3cbfb5a0615871375d02adecbbfaec6f7,84edb118f01fe1460ff64be4b6ef838f23ed4520740af9f457041b438a7b9f5a,pre_render_not_published/0175
176,frame_0176,location_058,candidate_0681,591f4b2c8bc513a78875a074202e418939b81192543970d8e1b52792ff0a7cba,"[-1.0671803951263428,1.4252347946166992,2.4020445346832275]","[-1.0671803951263428,2.925234794616699,2.4020445346832275]",333.47670873413233,2,60,33.47670873413233,"[0.0,0.28800163136191653,0.0,0.9576299182528054]","[[0.8341101206657495,0.0,0.5515979573955735,-1.0671803951263428],[0.0,1.0,-0.0,2.925234794616699],[-0.5515979573955735,0.0,0.8341101206657495,2.4020445346832275],[0.0,0.0,0.0,1.0]]",train,0.10700236034618411,0.10700236034618411,0.10069986979166666,0.10069986979166666,INDEPENDENT_AND_HABITAT_TRIPLET_QUALIFIED,apartment_0,274677d9b7caa413230363b68f4aa472e5cc1afe87e422a489fa1b7d844c6182,32296d6457d3855ffe172cf1970364559def5dd15892e149b44d0bc7c6b7e938,ddd147f908537165c40a34b412cd21c3cbfb5a0615871375d02adecbbfaec6f7,84edb118f01fe1460ff64be4b6ef838f23ed4520740af9f457041b438a7b9f5a,pre_render_not_published/0176
177,frame_0177,location_059,candidate_0226,1db9111a6040718a395ec0e87f0ebadb1f67b17962434f32e2862df57a1983aa,"[1.1803287267684937,-1.374765157699585,-0.6611530184745789]","[1.1803287267684937,0.12523484230041504,-0.6611530184745789]",47.74340369809364,0,0,47.74340369809364,"[0.0,0.40468999109862325,0.0,0.9144539414889065]","[[0.6724520222091924,0.0,0.740140714882493,1.1803287267684937],[0.0,1.0,-0.0,0.12523484230041504],[-0.740140714882493,0.0,0.6724520222091924,-0.6611530184745789],[0.0,0.0,0.0,1.0]]",train,1.0,1.0,1.0,1.0,INDEPENDENT_AND_HABITAT_TRIPLET_QUALIFIED,apartment_0,274677d9b7caa413230363b68f4aa472e5cc1afe87e422a489fa1b7d844c6182,32296d6457d3855ffe172cf1970364559def5dd15892e149b44d0bc7c6b7e938,ddd147f908537165c40a34b412cd21c3cbfb5a0615871375d02adecbbfaec6f7,84edb118f01fe1460ff64be4b6ef838f23ed4520740af9f457041b438a7b9f5a,pre_render_not_published/0177
178,frame_0178,location_059,candidate_0226,1db9111a6040718a395ec0e87f0ebadb1f67b17962434f32e2862df57a1983aa,"[1.1803287267684937,-1.374765157699585,-0.6611530184745789]","[1.1803287267684937,0.12523484230041504,-0.6611530184745789]",47.74340369809364,1,-60,347.74340369809363,"[0.0,-0.10675515779574725,-0.0,0.9942853394695133]","[[0.9772066725680103,0.0,-0.21229017661813201,1.1803287267684937],[-0.0,1.0,-0.0,0.12523484230041504],[0.21229017661813201,0.0,0.9772066725680103,-0.6611530184745789],[0.0,0.0,0.0,1.0]]",train,1.0,1.0,1.0,1.0,INDEPENDENT_AND_HABITAT_TRIPLET_QUALIFIED,apartment_0,274677d9b7caa413230363b68f4aa472e5cc1afe87e422a489fa1b7d844c6182,32296d6457d3855ffe172cf1970364559def5dd15892e149b44d0bc7c6b7e938,ddd147f908537165c40a34b412cd21c3cbfb5a0615871375d02adecbbfaec6f7,84edb118f01fe1460ff64be4b6ef838f23ed4520740af9f457041b438a7b9f5a,pre_render_not_published/0178
179,frame_0179,location_059,candidate_0226,1db9111a6040718a395ec0e87f0ebadb1f67b17962434f32e2862df57a1983aa,"[1.1803287267684937,-1.374765157699585,-0.6611530184745789]","[1.1803287267684937,0.12523484230041504,-0.6611530184745789]",47.74340369809364,2,60,107.74340369809363,"[0.0,0.8076987836931592,0.0,0.58959534837089]","[[-0.30475465035881777,0.0,0.9524308915006247,1.1803287267684937],[0.0,1.0,-0.0,0.12523484230041504],[-0.9524308915006247,0.0,-0.30475465035881777,-0.6611530184745789],[0.0,0.0,0.0,1.0]]",train,1.0,1.0,1.0,1.0,INDEPENDENT_AND_HABITAT_TRIPLET_QUALIFIED,apartment_0,274677d9b7caa413230363b68f4aa472e5cc1afe87e422a489fa1b7d844c6182,32296d6457d3855ffe172cf1970364559def5dd15892e149b44d0bc7c6b7e938,ddd147f908537165c40a34b412cd21c3cbfb5a0615871375d02adecbbfaec6f7,84edb118f01fe1460ff64be4b6ef838f23ed4520740af9f457041b438a7b9f5a,pre_render_not_published/0179
180,frame_0180,location_060,candidate_0735,5ec7e58394375620babac5b53dca47c65f886b8c1be31e38769cae14f12cce3c,"[2.9867265224456787,-1.374765157699585,1.0923500061035156]","[2.9867265224456787,0.12523484230041504,1.0923500061035156]",80.87735664992142,0,0,80.87735664992142,"[0.0,0.6486338405334341,0.0,0.7611006115585821]","[[0.15854828182969538,0.0,0.987351225415177,2.9867265224456787],[0.0,1.0,-0.0,0.12523484230041504],[-0.987351225415177,0.0,0.15854828182969538,1.0923500061035156],[0.0,0.0,0.0,1.0]]",eval,0.973249409913454,0.973249409913454,0.972158203125,0.9721647135416667,INDEPENDENT_AND_HABITAT_TRIPLET_QUALIFIED,apartment_0,274677d9b7caa413230363b68f4aa472e5cc1afe87e422a489fa1b7d844c6182,32296d6457d3855ffe172cf1970364559def5dd15892e149b44d0bc7c6b7e938,ddd147f908537165c40a34b412cd21c3cbfb5a0615871375d02adecbbfaec6f7,84edb118f01fe1460ff64be4b6ef838f23ed4520740af9f457041b438a7b9f5a,pre_render_not_published/0180
181,frame_0181,location_060,candidate_0735,5ec7e58394375620babac5b53dca47c65f886b8c1be31e38769cae14f12cce3c,"[2.9867265224456787,-1.374765157699585,1.0923500061035156]","[2.9867265224456787,0.12523484230041504,1.0923500061035156]",80.87735664992142,1,-60,20.877356649921424,"[0.0,0.18118307787692736,0.0,0.9834493847123212]","[[0.9343453845820866,0.0,0.3563687729166976,2.9867265224456787],[0.0,1.0,-0.0,0.12523484230041504],[-0.3563687729166976,0.0,0.9343453845820866,1.0923500061035156],[0.0,0.0,0.0,1.0]]",eval,1.0,1.0,1.0,1.0,INDEPENDENT_AND_HABITAT_TRIPLET_QUALIFIED,apartment_0,274677d9b7caa413230363b68f4aa472e5cc1afe87e422a489fa1b7d844c6182,32296d6457d3855ffe172cf1970364559def5dd15892e149b44d0bc7c6b7e938,ddd147f908537165c40a34b412cd21c3cbfb5a0615871375d02adecbbfaec6f7,84edb118f01fe1460ff64be4b6ef838f23ed4520740af9f457041b438a7b9f5a,pre_render_not_published/0181
182,frame_0182,location_060,candidate_0735,5ec7e58394375620babac5b53dca47c65f886b8c1be31e38769cae14f12cce3c,"[2.9867265224456787,-1.374765157699585,1.0923500061035156]","[2.9867265224456787,0.12523484230041504,1.0923500061035156]",80.87735664992142,2,60,140.8773566499214,"[0.0,0.9422836894355093,0.0,0.3348155441788874]","[[-0.775797102752391,0.0,0.6309824524984796,2.9867265224456787],[0.0,1.0,-0.0,0.12523484230041504],[-0.6309824524984796,0.0,-0.775797102752391,1.0923500061035156],[0.0,0.0,0.0,1.0]]",eval,0.8394964594807238,0.8394964594807238,0.8448567708333333,0.8448567708333333,INDEPENDENT_AND_HABITAT_TRIPLET_QUALIFIED,apartment_0,274677d9b7caa413230363b68f4aa472e5cc1afe87e422a489fa1b7d844c6182,32296d6457d3855ffe172cf1970364559def5dd15892e149b44d0bc7c6b7e938,ddd147f908537165c40a34b412cd21c3cbfb5a0615871375d02adecbbfaec6f7,84edb118f01fe1460ff64be4b6ef838f23ed4520740af9f457041b438a7b9f5a,pre_render_not_published/0182
183,frame_0183,location_061,candidate_0295,25b25e9ba3bdd2b1567e33dd4c32955d2ad81b89a3611a299ca28d376295193a,"[1.5501676797866821,1.4252347946166992,3.2557833194732666]","[1.5501676797866821,2.925234794616699,3.2557833194732666]",326.73930625239143,0,0,326.73930625239143,"[0.0,-0.2861959056065631,-0.0,0.9581711243896046]","[[0.8361838072280785,0.0,-0.5484493053414834,1.5501676797866821],[-0.0,1.0,-0.0,2.925234794616699],[0.5484493053414834,0.0,0.8361838072280785,3.2557833194732666],[0.0,0.0,0.0,1.0]]",train,0.6239181746656176,0.6239181746656176,0.6331553819444444,0.6332975260416667,INDEPENDENT_AND_HABITAT_TRIPLET_QUALIFIED,apartment_0,274677d9b7caa413230363b68f4aa472e5cc1afe87e422a489fa1b7d844c6182,32296d6457d3855ffe172cf1970364559def5dd15892e149b44d0bc7c6b7e938,ddd147f908537165c40a34b412cd21c3cbfb5a0615871375d02adecbbfaec6f7,84edb118f01fe1460ff64be4b6ef838f23ed4520740af9f457041b438a7b9f5a,pre_render_not_published/0183
184,frame_0184,location_061,candidate_0295,25b25e9ba3bdd2b1567e33dd4c32955d2ad81b89a3611a299ca28d376295193a,"[1.5501676797866821,1.4252347946166992,3.2557833194732666]","[1.5501676797866821,2.925234794616699,3.2557833194732666]",326.73930625239143,1,-60,266.73930625239143,"[0.0,-0.7269384869091794,0.0,0.6867025820908153]","[[-0.056879127499614386,0.0,-0.9983810719634476,1.5501676797866821],[0.0,1.0,-0.0,2.925234794616699],[0.9983810719634476,-0.0,-0.056879127499614386,3.2557833194732666],[0.0,0.0,0.0,1.0]]",train,0.30527143981117233,0.30527143981117233,0.299873046875,0.299873046875,INDEPENDENT_AND_HABITAT_TRIPLET_QUALIFIED,apartment_0,274677d9b7caa413230363b68f4aa472e5cc1afe87e422a489fa1b7d844c6182,32296d6457d3855ffe172cf1970364559def5dd15892e149b44d0bc7c6b7e938,ddd147f908537165c40a34b412cd21c3cbfb5a0615871375d02adecbbfaec6f7,84edb118f01fe1460ff64be4b6ef838f23ed4520740af9f457041b438a7b9f5a,pre_render_not_published/0184
185,frame_0185,location_061,candidate_0295,25b25e9ba3bdd2b1567e33dd4c32955d2ad81b89a3611a299ca28d376295193a,"[1.5501676797866821,1.4252347946166992,3.2557833194732666]","[1.5501676797866821,2.925234794616699,3.2557833194732666]",326.73930625239143,2,60,26.73930625239143,"[0.0,0.23123263748042536,0.0,0.9728984876973785]","[[0.8930629347276924,0.0,0.449931766621964,1.5501676797866821],[0.0,1.0,-0.0,2.925234794616699],[-0.449931766621964,0.0,0.8930629347276924,3.2557833194732666],[0.0,0.0,0.0,1.0]]",train,0.5491738788355626,0.5491738788355626,0.5470496961805555,0.5471321614583333,INDEPENDENT_AND_HABITAT_TRIPLET_QUALIFIED,apartment_0,274677d9b7caa413230363b68f4aa472e5cc1afe87e422a489fa1b7d844c6182,32296d6457d3855ffe172cf1970364559def5dd15892e149b44d0bc7c6b7e938,ddd147f908537165c40a34b412cd21c3cbfb5a0615871375d02adecbbfaec6f7,84edb118f01fe1460ff64be4b6ef838f23ed4520740af9f457041b438a7b9f5a,pre_render_not_published/0185
186,frame_0186,location_062,candidate_0761,62daefa29a71c080912dc28a9f62057c673703d17da47d9372776bfae76615df,"[3.23270320892334,-1.374765157699585,2.4692916870117188]","[3.23270320892334,0.12523484230041504,2.4692916870117188]",12.964825311742898,0,0,12.964825311742898,"[0.0,0.11289822454211282,0.0,0.9936065573934376]","[[0.9745079817904774,0.0,0.22435283244624005,3.23270320892334],[0.0,1.0,-0.0,0.12523484230041504],[-0.22435283244624005,0.0,0.9745079817904774,2.4692916870117188],[0.0,0.0,0.0,1.0]]",train,0.989771833202203,0.989771833202203,0.9916569010416667,0.9916569010416667,INDEPENDENT_AND_HABITAT_TRIPLET_QUALIFIED,apartment_0,274677d9b7caa413230363b68f4aa472e5cc1afe87e422a489fa1b7d844c6182,32296d6457d3855ffe172cf1970364559def5dd15892e149b44d0bc7c6b7e938,ddd147f908537165c40a34b412cd21c3cbfb5a0615871375d02adecbbfaec6f7,84edb118f01fe1460ff64be4b6ef838f23ed4520740af9f457041b438a7b9f5a,pre_render_not_published/0186
187,frame_0187,location_062,candidate_0761,62daefa29a71c080912dc28a9f62057c673703d17da47d9372776bfae76615df,"[3.23270320892334,-1.374765157699585,2.4692916870117188]","[3.23270320892334,0.12523484230041504,2.4692916870117188]",12.964825311742898,1,-60,312.9648253117429,"[0.0,-0.3990305482010894,-0.0,0.9169376323405742]","[[0.6815492432046761,0.0,-0.7317722521981366,3.23270320892334],[-0.0,1.0,-0.0,0.12523484230041504],[0.7317722521981366,0.0,0.6815492432046761,2.4692916870117188],[0.0,0.0,0.0,1.0]]",train,0.4956726986624705,0.4956726986624705,0.49538736979166664,0.49538736979166664,INDEPENDENT_AND_HABITAT_TRIPLET_QUALIFIED,apartment_0,274677d9b7caa413230363b68f4aa472e5cc1afe87e422a489fa1b7d844c6182,32296d6457d3855ffe172cf1970364559def5dd15892e149b44d0bc7c6b7e938,ddd147f908537165c40a34b412cd21c3cbfb5a0615871375d02adecbbfaec6f7,84edb118f01fe1460ff64be4b6ef838f23ed4520740af9f457041b438a7b9f5a,pre_render_not_published/0187
188,frame_0188,location_062,candidate_0761,62daefa29a71c080912dc28a9f62057c673703d17da47d9372776bfae76615df,"[3.23270320892334,-1.374765157699585,2.4692916870117188]","[3.23270320892334,0.12523484230041504,2.4692916870117188]",12.964825311742898,2,60,72.9648253117429,"[0.0,0.5945760091923483,0.0,0.8040394077984614]","[[0.29295873858580107,0.0,0.9561250846443766,3.23270320892334],[0.0,1.0,-0.0,0.12523484230041504],[-0.9561250846443766,0.0,0.29295873858580107,2.4692916870117188],[0.0,0.0,0.0,1.0]]",train,1.0,1.0,1.0,1.0,INDEPENDENT_AND_HABITAT_TRIPLET_QUALIFIED,apartment_0,274677d9b7caa413230363b68f4aa472e5cc1afe87e422a489fa1b7d844c6182,32296d6457d3855ffe172cf1970364559def5dd15892e149b44d0bc7c6b7e938,ddd147f908537165c40a34b412cd21c3cbfb5a0615871375d02adecbbfaec6f7,84edb118f01fe1460ff64be4b6ef838f23ed4520740af9f457041b438a7b9f5a,pre_render_not_published/0188
189,frame_0189,location_063,candidate_0916,798d213fb7bd0cdffd46aa8de49a129abc2da7f2b920fa4742cde1f73acb9206,"[0.366214394569397,-1.374765157699585,2.9767537117004395]","[0.366214394569397,0.12523484230041504,2.9767537117004395]",185.45438136481076,0,0,185.45438136481076,"[0.0,0.9988674073170544,-0.0,-0.04758048549254096]","[[-0.9954721948005882,0.0,-0.0950531923656422,0.366214394569397],[0.0,1.0,-0.0,0.12523484230041504],[0.0950531923656422,-0.0,-0.9954721948005882,2.9767537117004395],[0.0,0.0,0.0,1.0]]",train,1.0,1.0,1.0,1.0,INDEPENDENT_AND_HABITAT_TRIPLET_QUALIFIED,apartment_0,274677d9b7caa413230363b68f4aa472e5cc1afe87e422a489fa1b7d844c6182,32296d6457d3855ffe172cf1970364559def5dd15892e149b44d0bc7c6b7e938,ddd147f908537165c40a34b412cd21c3cbfb5a0615871375d02adecbbfaec6f7,84edb118f01fe1460ff64be4b6ef838f23ed4520740af9f457041b438a7b9f5a,pre_render_not_published/0189
190,frame_0190,location_063,candidate_0916,798d213fb7bd0cdffd46aa8de49a129abc2da7f2b920fa4742cde1f73acb9206,"[0.366214394569397,-1.374765157699585,2.9767537117004395]","[0.366214394569397,0.12523484230041504,2.9767537117004395]",185.45438136481076,1,-60,125.45438136481076,"[0.0,0.888834792495138,0.0,0.45822779449758955]","[[-0.5800545766997496,0.0,0.8145776132755395,0.366214394569397],[0.0,1.0,-0.0,0.12523484230041504],[-0.8145776132755395,0.0,-0.5800545766997496,2.9767537117004395],[0.0,0.0,0.0,1.0]]",train,1.0,1.0,1.0,1.0,INDEPENDENT_AND_HABITAT_TRIPLET_QUALIFIED,apartment_0,274677d9b7caa413230363b68f4aa472e5cc1afe87e422a489fa1b7d844c6182,32296d6457d3855ffe172cf1970364559def5dd15892e149b44d0bc7c6b7e938,ddd147f908537165c40a34b412cd21c3cbfb5a0615871375d02adecbbfaec6f7,84edb118f01fe1460ff64be4b6ef838f23ed4520740af9f457041b438a7b9f5a,pre_render_not_published/0190
191,frame_0191,location_063,candidate_0916,798d213fb7bd0cdffd46aa8de49a129abc2da7f2b920fa4742cde1f73acb9206,"[0.366214394569397,-1.374765157699585,2.9767537117004395]","[0.366214394569397,0.12523484230041504,2.9767537117004395]",185.45438136481076,2,60,245.45438136481076,"[0.0,-0.8412543070025967,0.0,0.5406396128194648]","[[-0.41541761810083844,0.0,-0.9096308056411821,0.366214394569397],[0.0,1.0,-0.0,0.12523484230041504],[0.9096308056411821,-0.0,-0.41541761810083844,2.9767537117004395],[0.0,0.0,0.0,1.0]]",train,1.0,1.0,1.0,1.0,INDEPENDENT_AND_HABITAT_TRIPLET_QUALIFIED,apartment_0,274677d9b7caa413230363b68f4aa472e5cc1afe87e422a489fa1b7d844c6182,32296d6457d3855ffe172cf1970364559def5dd15892e149b44d0bc7c6b7e938,ddd147f908537165c40a34b412cd21c3cbfb5a0615871375d02adecbbfaec6f7,84edb118f01fe1460ff64be4b6ef838f23ed4520740af9f457041b438a7b9f5a,pre_render_not_published/0191
192,frame_0192,location_064,candidate_0672,58682d159ced6eaba2834647631ef216cd1936e29d7afa92222f85d029d70845,"[4.555971145629883,-1.374765157699585,-0.5187727808952332]","[4.555971145629883,0.12523484230041504,-0.5187727808952332]",337.0956768944911,0,0,337.0956768944911,"[0.0,-0.1985496882421583,-0.0,0.9800908229847588]","[[0.9211560425978835,0.0,-0.3891934547052484,4.555971145629883],[-0.0,1.0,-0.0,0.12523484230041504],[0.3891934547052484,0.0,0.9211560425978835,-0.5187727808952332],[0.0,0.0,0.0,1.0]]",train,1.0,1.0,1.0,1.0,INDEPENDENT_AND_HABITAT_TRIPLET_QUALIFIED,apartment_0,274677d9b7caa413230363b68f4aa472e5cc1afe87e422a489fa1b7d844c6182,32296d6457d3855ffe172cf1970364559def5dd15892e149b44d0bc7c6b7e938,ddd147f908537165c40a34b412cd21c3cbfb5a0615871375d02adecbbfaec6f7,84edb118f01fe1460ff64be4b6ef838f23ed4520740af9f457041b438a7b9f5a,pre_render_not_published/0192
193,frame_0193,location_064,candidate_0672,58682d159ced6eaba2834647631ef216cd1936e29d7afa92222f85d029d70845,"[4.555971145629883,-1.374765157699585,-0.5187727808952332]","[4.555971145629883,0.12523484230041504,-0.5187727808952332]",337.0956768944911,1,-60,277.0956768944911,"[0.0,-0.6619944854235692,-0.0,0.7495087065997191]","[[0.1235266025375678,0.0,-0.992341261091932,4.555971145629883],[-0.0,1.0,-0.0,0.12523484230041504],[0.992341261091932,0.0,0.1235266025375678,-0.5187727808952332],[0.0,0.0,0.0,1.0]]",train,1.0,1.0,1.0,1.0,INDEPENDENT_AND_HABITAT_TRIPLET_QUALIFIED,apartment_0,274677d9b7caa413230363b68f4aa472e5cc1afe87e422a489fa1b7d844c6182,32296d6457d3855ffe172cf1970364559def5dd15892e149b44d0bc7c6b7e938,ddd147f908537165c40a34b412cd21c3cbfb5a0615871375d02adecbbfaec6f7,84edb118f01fe1460ff64be4b6ef838f23ed4520740af9f457041b438a7b9f5a,pre_render_not_published/0193
194,frame_0194,location_064,candidate_0672,58682d159ced6eaba2834647631ef216cd1936e29d7afa92222f85d029d70845,"[4.555971145629883,-1.374765157699585,-0.5187727808952332]","[4.555971145629883,0.12523484230041504,-0.5187727808952332]",337.0956768944911,2,60,37.09567689449108,"[0.0,0.3180963375611897,0.0,0.9480583948418777]","[[0.7976294400603153,0.0,0.6031478063866832,4.555971145629883],[0.0,1.0,-0.0,0.12523484230041504],[-0.6031478063866832,0.0,0.7976294400603153,-0.5187727808952332],[0.0,0.0,0.0,1.0]]",train,1.0,1.0,1.0,1.0,INDEPENDENT_AND_HABITAT_TRIPLET_QUALIFIED,apartment_0,274677d9b7caa413230363b68f4aa472e5cc1afe87e422a489fa1b7d844c6182,32296d6457d3855ffe172cf1970364559def5dd15892e149b44d0bc7c6b7e938,ddd147f908537165c40a34b412cd21c3cbfb5a0615871375d02adecbbfaec6f7,84edb118f01fe1460ff64be4b6ef838f23ed4520740af9f457041b438a7b9f5a,pre_render_not_published/0194
195,frame_0195,location_065,candidate_0346,2bd5dc61332aa073659cda551d723dcd776f52f3d52a0535a375ab7ca76e9ada,"[2.1686153411865234,-1.374765157699585,2.1229281425476074]","[2.1686153411865234,0.12523484230041504,2.1229281425476074]",308.55620705126177,0,0,308.55620705126177,"[0.0,-0.4340034135266516,-0.0,0.9009112259524876]","[[0.6232820740944285,0.0,-0.7819970946957203,2.1686153411865234],[-0.0,1.0,-0.0,0.12523484230041504],[0.7819970946957203,0.0,0.6232820740944285,2.1229281425476074],[0.0,0.0,0.0,1.0]]",train,1.0,1.0,1.0,1.0,INDEPENDENT_AND_HABITAT_TRIPLET_QUALIFIED,apartment_0,274677d9b7caa413230363b68f4aa472e5cc1afe87e422a489fa1b7d844c6182,32296d6457d3855ffe172cf1970364559def5dd15892e149b44d0bc7c6b7e938,ddd147f908537165c40a34b412cd21c3cbfb5a0615871375d02adecbbfaec6f7,84edb118f01fe1460ff64be4b6ef838f23ed4520740af9f457041b438a7b9f5a,pre_render_not_published/0195
196,frame_0196,location_065,candidate_0346,2bd5dc61332aa073659cda551d723dcd776f52f3d52a0535a375ab7ca76e9ada,"[2.1686153411865234,-1.374765157699585,2.1229281425476074]","[2.1686153411865234,0.12523484230041504,2.1229281425476074]",308.55620705126177,1,-60,248.55620705126177,"[0.0,-0.8263135944194869,0.0,0.5632103014661111]","[[-0.36558831264490455,0.0,-0.9307766572370901,2.1686153411865234],[0.0,1.0,-0.0,0.12523484230041504],[0.9307766572370901,-0.0,-0.36558831264490455,2.1229281425476074],[0.0,0.0,0.0,1.0]]",train,1.0,1.0,1.0,1.0,INDEPENDENT_AND_HABITAT_TRIPLET_QUALIFIED,apartment_0,274677d9b7caa413230363b68f4aa472e5cc1afe87e422a489fa1b7d844c6182,32296d6457d3855ffe172cf1970364559def5dd15892e149b44d0bc7c6b7e938,ddd147f908537165c40a34b412cd21c3cbfb5a0615871375d02adecbbfaec6f7,84edb118f01fe1460ff64be4b6ef838f23ed4520740af9f457041b438a7b9f5a,pre_render_not_published/0196
197,frame_0197,location_065,candidate_0346,2bd5dc61332aa073659cda551d723dcd776f52f3d52a0535a375ab7ca76e9ada,"[2.1686153411865234,-1.374765157699585,2.1229281425476074]","[2.1686153411865234,0.12523484230041504,2.1229281425476074]",308.55620705126177,2,60,8.556207051261765,"[0.0,0.0745976315330007,0.0,0.9972137149927626]","[[0.9888703867393334,0.0,0.14877956254136976,2.1686153411865234],[0.0,1.0,-0.0,0.12523484230041504],[-0.14877956254136976,0.0,0.9888703867393334,2.1229281425476074],[0.0,0.0,0.0,1.0]]",train,1.0,1.0,1.0,1.0,INDEPENDENT_AND_HABITAT_TRIPLET_QUALIFIED,apartment_0,274677d9b7caa413230363b68f4aa472e5cc1afe87e422a489fa1b7d844c6182,32296d6457d3855ffe172cf1970364559def5dd15892e149b44d0bc7c6b7e938,ddd147f908537165c40a34b412cd21c3cbfb5a0615871375d02adecbbfaec6f7,84edb118f01fe1460ff64be4b6ef838f23ed4520740af9f457041b438a7b9f5a,pre_render_not_published/0197
198,frame_0198,location_066,candidate_0330,29ac9f3f0d8313f8bac25a24bc26746d629780a1a24dcaa7d15f8834686b1c8d,"[-0.20004546642303467,-1.374765157699585,2.197641134262085]","[-0.20004546642303467,0.12523484230041504,2.197641134262085]",243.55752479243426,0,0,243.55752479243426,"[0.0,-0.8500879592530978,0.0,0.5266407328842915]","[[-0.44529907693419263,0.0,-0.8953818917543263,-0.20004546642303467],[0.0,1.0,-0.0,0.12523484230041504],[0.8953818917543263,-0.0,-0.44529907693419263,2.197641134262085],[0.0,0.0,0.0,1.0]]",train,1.0,1.0,1.0,1.0,INDEPENDENT_AND_HABITAT_TRIPLET_QUALIFIED,apartment_0,274677d9b7caa413230363b68f4aa472e5cc1afe87e422a489fa1b7d844c6182,32296d6457d3855ffe172cf1970364559def5dd15892e149b44d0bc7c6b7e938,ddd147f908537165c40a34b412cd21c3cbfb5a0615871375d02adecbbfaec6f7,84edb118f01fe1460ff64be4b6ef838f23ed4520740af9f457041b438a7b9f5a,pre_render_not_published/0198
199,frame_0199,location_066,candidate_0330,29ac9f3f0d8313f8bac25a24bc26746d629780a1a24dcaa7d15f8834686b1c8d,"[-0.20004546642303467,-1.374765157699585,2.197641134262085]","[-0.20004546642303467,0.12523484230041504,2.197641134262085]",243.55752479243426,1,-60,183.55752479243426,"[0.0,0.9995181346065991,-0.0,-0.031040273718902334]","[[-0.9980730028149113,0.0,-0.062050632970391005,-0.20004546642303467],[0.0,1.0,-0.0,0.12523484230041504],[0.062050632970391005,-0.0,-0.9980730028149113,2.197641134262085],[0.0,0.0,0.0,1.0]]",train,1.0,1.0,1.0,1.0,INDEPENDENT_AND_HABITAT_TRIPLET_QUALIFIED,apartment_0,274677d9b7caa413230363b68f4aa472e5cc1afe87e422a489fa1b7d844c6182,32296d6457d3855ffe172cf1970364559def5dd15892e149b44d0bc7c6b7e938,ddd147f908537165c40a34b412cd21c3cbfb5a0615871375d02adecbbfaec6f7,84edb118f01fe1460ff64be4b6ef838f23ed4520740af9f457041b438a7b9f5a,pre_render_not_published/0199
200,frame_0200,location_066,candidate_0330,29ac9f3f0d8313f8bac25a24bc26746d629780a1a24dcaa7d15f8834686b1c8d,"[-0.20004546642303467,-1.374765157699585,2.197641134262085]","[-0.20004546642303467,0.12523484230041504,2.197641134262085]",243.55752479243426,2,60,303.55752479243426,"[0.0,-0.4728774017223078,-0.0,0.881128232972]","[[0.5527739258807183,0.0,-0.8333312587839353,-0.20004546642303467],[-0.0,1.0,-0.0,0.12523484230041504],[0.8333312587839353,0.0,0.5527739258807183,2.197641134262085],[0.0,0.0,0.0,1.0]]",train,1.0,1.0,1.0,1.0,INDEPENDENT_AND_HABITAT_TRIPLET_QUALIFIED,apartment_0,274677d9b7caa413230363b68f4aa472e5cc1afe87e422a489fa1b7d844c6182,32296d6457d3855ffe172cf1970364559def5dd15892e149b44d0bc7c6b7e938,ddd147f908537165c40a34b412cd21c3cbfb5a0615871375d02adecbbfaec6f7,84edb118f01fe1460ff64be4b6ef838f23ed4520740af9f457041b438a7b9f5a,pre_render_not_published/0200
201,frame_0201,location_067,candidate_0114,0e8fe2caa27ce25ec0a5b9c6a8db11817c5ac0e35a9de504523980a6578a6a5e,"[2.052314043045044,-1.374765157699585,-2.0860090255737305]","[2.052314043045044,0.12523484230041504,-2.0860090255737305]",197.70971811829463,0,0,197.70971811829463,"[0.0,0.988081448955965,-0.0,-0.15393196623535024]","[[-0.952609899541838,0.0,-0.30419464047693107,2.052314043045044],[0.0,1.0,-0.0,0.12523484230041504],[0.30419464047693107,-0.0,-0.952609899541838,-2.0860090255737305],[0.0,0.0,0.0,1.0]]",train,1.0,1.0,0.9999717881944444,0.999990234375,INDEPENDENT_AND_HABITAT_TRIPLET_QUALIFIED,apartment_0,274677d9b7caa413230363b68f4aa472e5cc1afe87e422a489fa1b7d844c6182,32296d6457d3855ffe172cf1970364559def5dd15892e149b44d0bc7c6b7e938,ddd147f908537165c40a34b412cd21c3cbfb5a0615871375d02adecbbfaec6f7,84edb118f01fe1460ff64be4b6ef838f23ed4520740af9f457041b438a7b9f5a,pre_render_not_published/0201
202,frame_0202,location_067,candidate_0114,0e8fe2caa27ce25ec0a5b9c6a8db11817c5ac0e35a9de504523980a6578a6a5e,"[2.052314043045044,-1.374765157699585,-2.0860090255737305]","[2.052314043045044,0.12523484230041504,-2.0860090255737305]",197.70971811829463,1,-60,137.70971811829463,"[0.0,0.9326696189216778,0.0,0.3607317312636807]","[[-0.7397452361190153,0.0,0.6728870526613083,2.052314043045044],[0.0,1.0,-0.0,0.12523484230041504],[-0.6728870526613083,0.0,-0.7397452361190153,-2.0860090255737305],[0.0,0.0,0.0,1.0]]",train,0.8630999213217939,0.8630999213217939,0.8738802083333334,0.8738997395833333,INDEPENDENT_AND_HABITAT_TRIPLET_QUALIFIED,apartment_0,274677d9b7caa413230363b68f4aa472e5cc1afe87e422a489fa1b7d844c6182,32296d6457d3855ffe172cf1970364559def5dd15892e149b44d0bc7c6b7e938,ddd147f908537165c40a34b412cd21c3cbfb5a0615871375d02adecbbfaec6f7,84edb118f01fe1460ff64be4b6ef838f23ed4520740af9f457041b438a7b9f5a,pre_render_not_published/0202
203,frame_0203,location_067,candidate_0114,0e8fe2caa27ce25ec0a5b9c6a8db11817c5ac0e35a9de504523980a6578a6a5e,"[2.052314043045044,-1.374765157699585,-2.0860090255737305]","[2.052314043045044,0.12523484230041504,-2.0860090255737305]",197.70971811829463,2,60,257.70971811829463,"[0.0,-0.7787376526863276,0.0,0.6273497176922842]","[[-0.21286466342282248,0.0,-0.9770816931382393,2.052314043045044],[0.0,1.0,-0.0,0.12523484230041504],[0.9770816931382393,-0.0,-0.21286466342282248,-2.0860090255737305],[0.0,0.0,0.0,1.0]]",train,0.4964594807238395,0.4964594807238395,0.494912109375,0.494912109375,INDEPENDENT_AND_HABITAT_TRIPLET_QUALIFIED,apartment_0,274677d9b7caa413230363b68f4aa472e5cc1afe87e422a489fa1b7d844c6182,32296d6457d3855ffe172cf1970364559def5dd15892e149b44d0bc7c6b7e938,ddd147f908537165c40a34b412cd21c3cbfb5a0615871375d02adecbbfaec6f7,84edb118f01fe1460ff64be4b6ef838f23ed4520740af9f457041b438a7b9f5a,pre_render_not_published/0203
204,frame_0204,location_068,candidate_0773,655585250845869c7d43c274e6ff9e2b8fb8b120bd983e6b0d585b91abf4cb0a,"[2.153064489364624,-1.374765157699585,3.4500627517700195]","[2.153064489364624,0.12523484230041504,3.4500627517700195]",12.3960915970276,0,0,12.3960915970276,"[0.0,0.10796544788756492,0.0,0.994154646955109]","[[0.976686924124875,0.0,0.21466870345602465,2.153064489364624],[0.0,1.0,-0.0,0.12523484230041504],[-0.21466870345602465,0.0,0.976686924124875,3.4500627517700195],[0.0,0.0,0.0,1.0]]",train,1.0,1.0,1.0,1.0,INDEPENDENT_AND_HABITAT_TRIPLET_QUALIFIED,apartment_0,274677d9b7caa413230363b68f4aa472e5cc1afe87e422a489fa1b7d844c6182,32296d6457d3855ffe172cf1970364559def5dd15892e149b44d0bc7c6b7e938,ddd147f908537165c40a34b412cd21c3cbfb5a0615871375d02adecbbfaec6f7,84edb118f01fe1460ff64be4b6ef838f23ed4520740af9f457041b438a7b9f5a,pre_render_not_published/0204
205,frame_0205,location_068,candidate_0773,655585250845869c7d43c274e6ff9e2b8fb8b120bd983e6b0d585b91abf4cb0a,"[2.153064489364624,-1.374765157699585,3.4500627517700195]","[2.153064489364624,0.12523484230041504,3.4500627517700195]",12.3960915970276,1,-60,312.3960915970276,"[0.0,-0.40357650287595875,-0.0,0.9149459034972567]","[[0.6742520126528226,0.0,-0.7385013361082146,2.153064489364624],[-0.0,1.0,-0.0,0.12523484230041504],[0.7385013361082146,0.0,0.6742520126528226,3.4500627517700195],[0.0,0.0,0.0,1.0]]",train,1.0,1.0,1.0,1.0,INDEPENDENT_AND_HABITAT_TRIPLET_QUALIFIED,apartment_0,274677d9b7caa413230363b68f4aa472e5cc1afe87e422a489fa1b7d844c6182,32296d6457d3855ffe172cf1970364559def5dd15892e149b44d0bc7c6b7e938,ddd147f908537165c40a34b412cd21c3cbfb5a0615871375d02adecbbfaec6f7,84edb118f01fe1460ff64be4b6ef838f23ed4520740af9f457041b438a7b9f5a,pre_render_not_published/0205
206,frame_0206,location_068,candidate_0773,655585250845869c7d43c274e6ff9e2b8fb8b120bd983e6b0d585b91abf4cb0a,"[2.153064489364624,-1.374765157699585,3.4500627517700195]","[2.153064489364624,0.12523484230041504,3.4500627517700195]",12.3960915970276,2,60,72.3960915970276,"[0.0,0.5905781440791508,0.0,0.8069804556096919]","[[0.30243491147205176,0.0,0.9531700395642386,2.153064489364624],[0.0,1.0,-0.0,0.12523484230041504],[-0.9531700395642386,0.0,0.30243491147205176,3.4500627517700195],[0.0,0.0,0.0,1.0]]",train,1.0,1.0,1.0,1.0,INDEPENDENT_AND_HABITAT_TRIPLET_QUALIFIED,apartment_0,274677d9b7caa413230363b68f4aa472e5cc1afe87e422a489fa1b7d844c6182,32296d6457d3855ffe172cf1970364559def5dd15892e149b44d0bc7c6b7e938,ddd147f908537165c40a34b412cd21c3cbfb5a0615871375d02adecbbfaec6f7,84edb118f01fe1460ff64be4b6ef838f23ed4520740af9f457041b438a7b9f5a,pre_render_not_published/0206
207,frame_0207,location_069,candidate_0100,0cc28c0b82e53144bfb7260e7c2d1f8148c2d6e92865482351f72e3bc1d8d40d,"[1.5350645780563354,-1.374765157699585,3.290405750274658]","[1.5350645780563354,0.12523484230041504,3.290405750274658]",53.67723899328648,0,0,53.67723899328648,"[0.0,0.4514790744203514,0.0,0.8922817073999347]","[[0.5923332907210856,0.0,0.8056930387582667,1.5350645780563354],[0.0,1.0,-0.0,0.12523484230041504],[-0.8056930387582667,0.0,0.5923332907210856,3.290405750274658],[0.0,0.0,0.0,1.0]]",train,1.0,1.0,1.0,1.0,INDEPENDENT_AND_HABITAT_TRIPLET_QUALIFIED,apartment_0,274677d9b7caa413230363b68f4aa472e5cc1afe87e422a489fa1b7d844c6182,32296d6457d3855ffe172cf1970364559def5dd15892e149b44d0bc7c6b7e938,ddd147f908537165c40a34b412cd21c3cbfb5a0615871375d02adecbbfaec6f7,84edb118f01fe1460ff64be4b6ef838f23ed4520740af9f457041b438a7b9f5a,pre_render_not_published/0207
208,frame_0208,location_069,candidate_0100,0cc28c0b82e53144bfb7260e7c2d1f8148c2d6e92865482351f72e3bc1d8d40d,"[1.5350645780563354,-1.374765157699585,3.290405750274658]","[1.5350645780563354,0.12523484230041504,3.290405750274658]",53.67723899328648,1,-60,353.6772389932865,"[0.0,-0.055148505974857674,-0.0,0.9984781631506726]","[[0.9939172845774822,0.0,-0.11012915789255957,1.5350645780563354],[-0.0,1.0,-0.0,0.12523484230041504],[0.11012915789255957,0.0,0.9939172845774822,3.290405750274658],[0.0,0.0,0.0,1.0]]",train,1.0,1.0,1.0,1.0,INDEPENDENT_AND_HABITAT_TRIPLET_QUALIFIED,apartment_0,274677d9b7caa413230363b68f4aa472e5cc1afe87e422a489fa1b7d844c6182,32296d6457d3855ffe172cf1970364559def5dd15892e149b44d0bc7c6b7e938,ddd147f908537165c40a34b412cd21c3cbfb5a0615871375d02adecbbfaec6f7,84edb118f01fe1460ff64be4b6ef838f23ed4520740af9f457041b438a7b9f5a,pre_render_not_published/0208
209,frame_0209,location_069,candidate_0100,0cc28c0b82e53144bfb7260e7c2d1f8148c2d6e92865482351f72e3bc1d8d40d,"[1.5350645780563354,-1.374765157699585,3.290405750274658]","[1.5350645780563354,0.12523484230041504,3.290405750274658]",53.67723899328648,2,60,113.67723899328648,"[0.0,0.8371332014250769,0.0,0.5469990887303211]","[[-0.4015839938563966,0.0,0.9158221966508268,1.5350645780563354],[0.0,1.0,-0.0,0.12523484230041504],[-0.9158221966508268,0.0,-0.4015839938563966,3.290405750274658],[0.0,0.0,0.0,1.0]]",train,1.0,1.0,1.0,1.0,INDEPENDENT_AND_HABITAT_TRIPLET_QUALIFIED,apartment_0,274677d9b7caa413230363b68f4aa472e5cc1afe87e422a489fa1b7d844c6182,32296d6457d3855ffe172cf1970364559def5dd15892e149b44d0bc7c6b7e938,ddd147f908537165c40a34b412cd21c3cbfb5a0615871375d02adecbbfaec6f7,84edb118f01fe1460ff64be4b6ef838f23ed4520740af9f457041b438a7b9f5a,pre_render_not_published/0209
210,frame_0210,location_070,candidate_0286,24e7d6b27553984b77fba84bbffbd95669b6ad3a44fbf51fa086d79819ba67c6,"[3.9706079959869385,-1.374765157699585,0.14927881956100464]","[3.9706079959869385,0.12523484230041504,0.14927881956100464]",209.99928825269404,0,0,209.99928825269404,"[0.0,0.9659274338387392,-0.0,-0.258813045570945]","[[-0.866031614884584,0.0,-0.4999892419046631,3.9706079959869385],[0.0,1.0,-0.0,0.12523484230041504],[0.4999892419046631,-0.0,-0.866031614884584,0.14927881956100464],[0.0,0.0,0.0,1.0]]",train,1.0,1.0,1.0,1.0,INDEPENDENT_AND_HABITAT_TRIPLET_QUALIFIED,apartment_0,274677d9b7caa413230363b68f4aa472e5cc1afe87e422a489fa1b7d844c6182,32296d6457d3855ffe172cf1970364559def5dd15892e149b44d0bc7c6b7e938,ddd147f908537165c40a34b412cd21c3cbfb5a0615871375d02adecbbfaec6f7,84edb118f01fe1460ff64be4b6ef838f23ed4520740af9f457041b438a7b9f5a,pre_render_not_published/0210
211,frame_0211,location_070,candidate_0286,24e7d6b27553984b77fba84bbffbd95669b6ad3a44fbf51fa086d79819ba67c6,"[3.9706079959869385,-1.374765157699585,0.14927881956100464]","[3.9706079959869385,0.12523484230041504,0.14927881956100464]",209.99928825269404,1,-60,149.99928825269404,"[0.0,0.9659242187021333,0.0,0.2588250446241118]","[[-0.8660191925506532,0.0,0.50001075801818,3.9706079959869385],[0.0,1.0,-0.0,0.12523484230041504],[-0.50001075801818,0.0,-0.8660191925506532,0.14927881956100464],[0.0,0.0,0.0,1.0]]",train,1.0,1.0,1.0,1.0,INDEPENDENT_AND_HABITAT_TRIPLET_QUALIFIED,apartment_0,274677d9b7caa413230363b68f4aa472e5cc1afe87e422a489fa1b7d844c6182,32296d6457d3855ffe172cf1970364559def5dd15892e149b44d0bc7c6b7e938,ddd147f908537165c40a34b412cd21c3cbfb5a0615871375d02adecbbfaec6f7,84edb118f01fe1460ff64be4b6ef838f23ed4520740af9f457041b438a7b9f5a,pre_render_not_published/0211
212,frame_0212,location_070,candidate_0286,24e7d6b27553984b77fba84bbffbd95669b6ad3a44fbf51fa086d79819ba67c6,"[3.9706079959869385,-1.374765157699585,0.14927881956100464]","[3.9706079959869385,0.12523484230041504,0.14927881956100464]",209.99928825269404,2,60,269.99928825269404,"[0.0,-0.7071111731311884,0.0,0.7071023892146274]","[[-1.2422333931147654e-05,0.0,-0.9999999999228428,3.9706079959869385],[0.0,1.0,-0.0,0.12523484230041504],[0.9999999999228428,-0.0,-1.2422333931147654e-05,0.14927881956100464],[0.0,0.0,0.0,1.0]]",train,1.0,1.0,1.0,1.0,INDEPENDENT_AND_HABITAT_TRIPLET_QUALIFIED,apartment_0,274677d9b7caa413230363b68f4aa472e5cc1afe87e422a489fa1b7d844c6182,32296d6457d3855ffe172cf1970364559def5dd15892e149b44d0bc7c6b7e938,ddd147f908537165c40a34b412cd21c3cbfb5a0615871375d02adecbbfaec6f7,84edb118f01fe1460ff64be4b6ef838f23ed4520740af9f457041b438a7b9f5a,pre_render_not_published/0212
213,frame_0213,location_071,candidate_0447,393ef9bc4f018fc63e5af04ffbe96f0275509b8b3c53efa27d2bdc1ee1ba8318,"[-1.627970814704895,-1.3004111051559448,1.0031087398529053]","[-1.627970814704895,0.19958889484405518,1.0031087398529053]",234.45601640518746,0,0,234.45601640518746,"[0.0,0.8891928214062798,-0.0,-0.45753265059396575]","[[-0.5813277472809202,0.0,-0.8136694969342839,-1.627970814704895],[0.0,1.0,-0.0,0.19958889484405518],[0.8136694969342839,-0.0,-0.5813277472809202,1.0031087398529053],[0.0,0.0,0.0,1.0]]",train,0.930763178599528,0.930763178599528,0.94126953125,0.94126953125,INDEPENDENT_AND_HABITAT_TRIPLET_QUALIFIED,apartment_0,274677d9b7caa413230363b68f4aa472e5cc1afe87e422a489fa1b7d844c6182,32296d6457d3855ffe172cf1970364559def5dd15892e149b44d0bc7c6b7e938,ddd147f908537165c40a34b412cd21c3cbfb5a0615871375d02adecbbfaec6f7,84edb118f01fe1460ff64be4b6ef838f23ed4520740af9f457041b438a7b9f5a,pre_render_not_published/0213
214,frame_0214,location_071,candidate_0447,393ef9bc4f018fc63e5af04ffbe96f0275509b8b3c53efa27d2bdc1ee1ba8318,"[-1.627970814704895,-1.3004111051559448,1.0031087398529053]","[-1.627970814704895,0.19958889484405518,1.0031087398529053]",234.45601640518746,1,-60,174.45601640518746,"[0.0,0.9988298974975806,0.0,0.048361512227936033]","[[-0.9953223282700544,0.0,0.09660984860291467,-1.627970814704895],[0.0,1.0,-0.0,0.19958889484405518],[-0.09660984860291467,0.0,-0.9953223282700544,1.0031087398529053],[0.0,0.0,0.0,1.0]]",train,0.3359559402045633,0.3359559402045633,0.33241861979166665,0.33241861979166665,INDEPENDENT_AND_HABITAT_TRIPLET_QUALIFIED,apartment_0,274677d9b7caa413230363b68f4aa472e5cc1afe87e422a489fa1b7d844c6182,32296d6457d3855ffe172cf1970364559def5dd15892e149b44d0bc7c6b7e938,ddd147f908537165c40a34b412cd21c3cbfb5a0615871375d02adecbbfaec6f7,84edb118f01fe1460ff64be4b6ef838f23ed4520740af9f457041b438a7b9f5a,pre_render_not_published/0214
215,frame_0215,location_071,candidate_0447,393ef9bc4f018fc63e5af04ffbe96f0275509b8b3c53efa27d2bdc1ee1ba8318,"[-1.627970814704895,-1.3004111051559448,1.0031087398529053]","[-1.627970814704895,0.19958889484405518,1.0031087398529053]",234.45601640518746,2,60,294.4560164051875,"[0.0,-0.5412972469036145,-0.0,0.8408313091783437]","[[0.4139945809891347,0.0,-0.9102793455371987,-1.627970814704895],[-0.0,1.0,-0.0,0.19958889484405518],[0.9102793455371987,0.0,0.4139945809891347,1.0031087398529053],[0.0,0.0,0.0,1.0]]",train,1.0,1.0,1.0,1.0,INDEPENDENT_AND_HABITAT_TRIPLET_QUALIFIED,apartment_0,274677d9b7caa413230363b68f4aa472e5cc1afe87e422a489fa1b7d844c6182,32296d6457d3855ffe172cf1970364559def5dd15892e149b44d0bc7c6b7e938,ddd147f908537165c40a34b412cd21c3cbfb5a0615871375d02adecbbfaec6f7,84edb118f01fe1460ff64be4b6ef838f23ed4520740af9f457041b438a7b9f5a,pre_render_not_published/0215
216,frame_0216,location_072,candidate_0801,688a420932cbd9c4b2908c10c6c2edf516eab828767e2bdbbd55bb44addd3f8c,"[-0.9849244952201843,-1.374765157699585,2.512303113937378]","[-0.9849244952201843,0.12523484230041504,2.512303113937378]",279.8588828469082,0,0,279.8588828469082,"[0.0,-0.6437304900506444,-0.0,0.7652522827010432]","[[0.1712221123583147,0.0,-0.9852324539110335,-0.9849244952201843],[-0.0,1.0,-0.0,0.12523484230041504],[0.9852324539110335,0.0,0.1712221123583147,2.512303113937378],[0.0,0.0,0.0,1.0]]",eval,1.0,1.0,0.9999989149305556,1.0,INDEPENDENT_AND_HABITAT_TRIPLET_QUALIFIED,apartment_0,274677d9b7caa413230363b68f4aa472e5cc1afe87e422a489fa1b7d844c6182,32296d6457d3855ffe172cf1970364559def5dd15892e149b44d0bc7c6b7e938,ddd147f908537165c40a34b412cd21c3cbfb5a0615871375d02adecbbfaec6f7,84edb118f01fe1460ff64be4b6ef838f23ed4520740af9f457041b438a7b9f5a,pre_render_not_published/0216
217,frame_0217,location_072,candidate_0801,688a420932cbd9c4b2908c10c6c2edf516eab828767e2bdbbd55bb44addd3f8c,"[-0.9849244952201843,-1.374765157699585,2.512303113937378]","[-0.9849244952201843,0.12523484230041504,2.512303113937378]",279.8588828469082,1,-60,219.85888284690822,"[0.0,0.9401130989249854,-0.0,-0.3408626720978122]","[[-0.7676252775406788,0.0,-0.6408989259474507,-0.9849244952201843],[0.0,1.0,-0.0,0.12523484230041504],[0.6408989259474507,-0.0,-0.7676252775406788,2.512303113937378],[0.0,0.0,0.0,1.0]]",eval,1.0,1.0,1.0,1.0,INDEPENDENT_AND_HABITAT_TRIPLET_QUALIFIED,apartment_0,274677d9b7caa413230363b68f4aa472e5cc1afe87e422a489fa1b7d844c6182,32296d6457d3855ffe172cf1970364559def5dd15892e149b44d0bc7c6b7e938,ddd147f908537165c40a34b412cd21c3cbfb5a0615871375d02adecbbfaec6f7,84edb118f01fe1460ff64be4b6ef838f23ed4520740af9f457041b438a7b9f5a,pre_render_not_published/0217
218,frame_0218,location_072,candidate_0801,688a420932cbd9c4b2908c10c6c2edf516eab828767e2bdbbd55bb44addd3f8c,"[-0.9849244952201843,-1.374765157699585,2.512303113937378]","[-0.9849244952201843,0.12523484230041504,2.512303113937378]",279.8588828469082,2,60,339.8588828469082,"[0.0,-0.17486081622394237,-0.0,0.9845931621484565]","[[0.9388473898989933,0.0,-0.3443335279635831,-0.9849244952201843],[-0.0,1.0,-0.0,0.12523484230041504],[0.3443335279635831,0.0,0.9388473898989933,2.512303113937378],[0.0,0.0,0.0,1.0]]",eval,1.0,1.0,0.9999956597222223,1.0,INDEPENDENT_AND_HABITAT_TRIPLET_QUALIFIED,apartment_0,274677d9b7caa413230363b68f4aa472e5cc1afe87e422a489fa1b7d844c6182,32296d6457d3855ffe172cf1970364559def5dd15892e149b44d0bc7c6b7e938,ddd147f908537165c40a34b412cd21c3cbfb5a0615871375d02adecbbfaec6f7,84edb118f01fe1460ff64be4b6ef838f23ed4520740af9f457041b438a7b9f5a,pre_render_not_published/0218
219,frame_0219,location_073,candidate_0582,4bf62d1f6160e07adf4f3e41479b09538aeb79230c2d49ae6ad0a6489b354896,"[3.4952571392059326,-1.374765157699585,-2.0950536727905273]","[3.4952571392059326,0.12523484230041504,-2.0950536727905273]",138.96118788179143,0,0,138.96118788179143,"[0.0,0.9365535204152223,0.0,0.35052461168633187]","[[-0.7542649932042926,0.0,0.6565701181340258,3.4952571392059326],[0.0,1.0,-0.0,0.12523484230041504],[-0.6565701181340258,0.0,-0.7542649932042926,-2.0950536727905273],[0.0,0.0,0.0,1.0]]",train,0.9205350118017309,0.9205350118017309,0.9324251302083333,0.9324251302083333,INDEPENDENT_AND_HABITAT_TRIPLET_QUALIFIED,apartment_0,274677d9b7caa413230363b68f4aa472e5cc1afe87e422a489fa1b7d844c6182,32296d6457d3855ffe172cf1970364559def5dd15892e149b44d0bc7c6b7e938,ddd147f908537165c40a34b412cd21c3cbfb5a0615871375d02adecbbfaec6f7,84edb118f01fe1460ff64be4b6ef838f23ed4520740af9f457041b438a7b9f5a,pre_render_not_published/0219
220,frame_0220,location_073,candidate_0582,4bf62d1f6160e07adf4f3e41479b09538aeb79230c2d49ae6ad0a6489b354896,"[3.4952571392059326,-1.374765157699585,-2.0950536727905273]","[3.4952571392059326,0.12523484230041504,-2.0950536727905273]",138.96118788179143,1,-60,78.96118788179143,"[0.0,0.6358168348401646,0.0,0.7718399785796503]","[[0.19147390506766981,0.0,0.9814977043672273,3.4952571392059326],[0.0,1.0,-0.0,0.12523484230041504],[-0.9814977043672273,0.0,0.19147390506766981,-2.0950536727905273],[0.0,0.0,0.0,1.0]]",train,0.3233674272226593,0.3233674272226593,0.323173828125,0.323173828125,INDEPENDENT_AND_HABITAT_TRIPLET_QUALIFIED,apartment_0,274677d9b7caa413230363b68f4aa472e5cc1afe87e422a489fa1b7d844c6182,32296d6457d3855ffe172cf1970364559def5dd15892e149b44d0bc7c6b7e938,ddd147f908537165c40a34b412cd21c3cbfb5a0615871375d02adecbbfaec6f7,84edb118f01fe1460ff64be4b6ef838f23ed4520740af9f457041b438a7b9f5a,pre_render_not_published/0220
221,frame_0221,location_073,candidate_0582,4bf62d1f6160e07adf4f3e41479b09538aeb79230c2d49ae6ad0a6489b354896,"[3.4952571392059326,-1.374765157699585,-2.0950536727905273]","[3.4952571392059326,0.12523484230041504,-2.0950536727905273]",138.96118788179143,2,60,198.96118788179143,"[0.0,0.9863414465264964,-0.0,-0.16471354183557216]","[[-0.9457388982719624,0.0,-0.3249275862332016,3.4952571392059326],[0.0,1.0,-0.0,0.12523484230041504],[0.3249275862332016,-0.0,-0.9457388982719624,-2.0950536727905273],[0.0,0.0,0.0,1.0]]",train,1.0,1.0,1.0,1.0,INDEPENDENT_AND_HABITAT_TRIPLET_QUALIFIED,apartment_0,274677d9b7caa413230363b68f4aa472e5cc1afe87e422a489fa1b7d844c6182,32296d6457d3855ffe172cf1970364559def5dd15892e149b44d0bc7c6b7e938,ddd147f908537165c40a34b412cd21c3cbfb5a0615871375d02adecbbfaec6f7,84edb118f01fe1460ff64be4b6ef838f23ed4520740af9f457041b438a7b9f5a,pre_render_not_published/0221
222,frame_0222,location_074,candidate_0128,1067fe4db695a9fdfa651f71fba8c8eef229c22098ae0f028474c589b7a94f6e,"[1.4403866529464722,1.4252347946166992,0.708458662033081]","[1.4403866529464722,2.925234794616699,0.708458662033081]",32.160313251715266,0,0,32.160313251715266,"[0.0,0.27698188790650413,0.0,0.9608751395325767]","[[0.8465620675434977,0.0,0.5322900203803174,1.4403866529464722],[0.0,1.0,-0.0,2.925234794616699],[-0.5322900203803174,0.0,0.8465620675434977,0.708458662033081],[0.0,0.0,0.0,1.0]]",train,0.4366640440597954,0.4366640440597954,0.4269205729166667,0.4269205729166667,INDEPENDENT_AND_HABITAT_TRIPLET_QUALIFIED,apartment_0,274677d9b7caa413230363b68f4aa472e5cc1afe87e422a489fa1b7d844c6182,32296d6457d3855ffe172cf1970364559def5dd15892e149b44d0bc7c6b7e938,ddd147f908537165c40a34b412cd21c3cbfb5a0615871375d02adecbbfaec6f7,84edb118f01fe1460ff64be4b6ef838f23ed4520740af9f457041b438a7b9f5a,pre_render_not_published/0222
223,frame_0223,location_074,candidate_0128,1067fe4db695a9fdfa651f71fba8c8eef229c22098ae0f028474c589b7a94f6e,"[1.4403866529464722,1.4252347946166992,0.708458662033081]","[1.4403866529464722,2.925234794616699,0.708458662033081]",32.160313251715266,1,-60,332.16031325171525,"[0.0,-0.24056421845108236,-0.0,0.9706332246533805]","[[0.8842577136020399,0.0,-0.46699924618278865,1.4403866529464722],[-0.0,1.0,-0.0,2.925234794616699],[0.46699924618278865,0.0,0.8842577136020399,0.708458662033081],[0.0,0.0,0.0,1.0]]",train,0.8229740361919748,0.8229740361919748,0.8266927083333333,0.8266927083333333,INDEPENDENT_AND_HABITAT_TRIPLET_QUALIFIED,apartment_0,274677d9b7caa413230363b68f4aa472e5cc1afe87e422a489fa1b7d844c6182,32296d6457d3855ffe172cf1970364559def5dd15892e149b44d0bc7c6b7e938,ddd147f908537165c40a34b412cd21c3cbfb5a0615871375d02adecbbfaec6f7,84edb118f01fe1460ff64be4b6ef838f23ed4520740af9f457041b438a7b9f5a,pre_render_not_published/0223
224,frame_0224,location_074,candidate_0128,1067fe4db695a9fdfa651f71fba8c8eef229c22098ae0f028474c589b7a94f6e,"[1.4403866529464722,1.4252347946166992,0.708458662033081]","[1.4403866529464722,2.925234794616699,0.708458662033081]",32.160313251715266,2,60,92.16031325171527,"[0.0,0.7203109210814946,0.0,0.6936513367468766]","[[-0.037695646058542406,0.0,0.9992892665631055,1.4403866529464722],[0.0,1.0,-0.0,2.925234794616699],[-0.9992892665631055,0.0,-0.037695646058542406,0.708458662033081],[0.0,0.0,0.0,1.0]]",train,0.3217938630999213,0.3217938630999213,0.3170084635416667,0.31701171875,INDEPENDENT_AND_HABITAT_TRIPLET_QUALIFIED,apartment_0,274677d9b7caa413230363b68f4aa472e5cc1afe87e422a489fa1b7d844c6182,32296d6457d3855ffe172cf1970364559def5dd15892e149b44d0bc7c6b7e938,ddd147f908537165c40a34b412cd21c3cbfb5a0615871375d02adecbbfaec6f7,84edb118f01fe1460ff64be4b6ef838f23ed4520740af9f457041b438a7b9f5a,pre_render_not_published/0224
225,frame_0225,location_075,candidate_0789,6790a09f51651c8cb8e4557145624dbf6e035ae65296a0046f38f752554b339e,"[2.619823694229126,-1.374765157699585,1.7793689966201782]","[2.619823694229126,0.12523484230041504,1.7793689966201782]",58.890755160272406,0,0,58.890755160272406,"[0.0,0.491593590625115,0.0,0.8708247479581106]","[[0.5166714833126138,0.0,0.8561837293078767,2.619823694229126],[0.0,1.0,-0.0,0.12523484230041504],[-0.8561837293078767,0.0,0.5166714833126138,1.7793689966201782],[0.0,0.0,0.0,1.0]]",train,1.0,1.0,1.0,1.0,INDEPENDENT_AND_HABITAT_TRIPLET_QUALIFIED,apartment_0,274677d9b7caa413230363b68f4aa472e5cc1afe87e422a489fa1b7d844c6182,32296d6457d3855ffe172cf1970364559def5dd15892e149b44d0bc7c6b7e938,ddd147f908537165c40a34b412cd21c3cbfb5a0615871375d02adecbbfaec6f7,84edb118f01fe1460ff64be4b6ef838f23ed4520740af9f457041b438a7b9f5a,pre_render_not_published/0225
226,frame_0226,location_075,candidate_0789,6790a09f51651c8cb8e4557145624dbf6e035ae65296a0046f38f752554b339e,"[2.619823694229126,-1.374765157699585,1.7793689966201782]","[2.619823694229126,0.12523484230041504,1.7793689966201782]",58.890755160272406,1,-60,358.8907551602724,"[0.0,-0.009679836160097818,-0.0,0.9999531492884622]","[[0.9998126015438273,0.0,-0.019358765305772296,2.619823694229126],[-0.0,1.0,-0.0,0.12523484230041504],[0.019358765305772296,0.0,0.9998126015438273,1.7793689966201782],[0.0,0.0,0.0,1.0]]",train,1.0,1.0,1.0,1.0,INDEPENDENT_AND_HABITAT_TRIPLET_QUALIFIED,apartment_0,274677d9b7caa413230363b68f4aa472e5cc1afe87e422a489fa1b7d844c6182,32296d6457d3855ffe172cf1970364559def5dd15892e149b44d0bc7c6b7e938,ddd147f908537165c40a34b412cd21c3cbfb5a0615871375d02adecbbfaec6f7,84edb118f01fe1460ff64be4b6ef838f23ed4520740af9f457041b438a7b9f5a,pre_render_not_published/0226
227,frame_0227,location_075,candidate_0789,6790a09f51651c8cb8e4557145624dbf6e035ae65296a0046f38f752554b339e,"[2.619823694229126,-1.374765157699585,1.7793689966201782]","[2.619823694229126,0.12523484230041504,1.7793689966201782]",58.890755160272406,2,60,118.8907551602724,"[0.0,0.8611449117980126,0.0,0.5083595586633473]","[[-0.48314111823121364,0.0,0.8755424946136495,2.619823694229126],[0.0,1.0,-0.0,0.12523484230041504],[-0.8755424946136495,0.0,-0.48314111823121364,1.7793689966201782],[0.0,0.0,0.0,1.0]]",train,1.0,1.0,1.0,1.0,INDEPENDENT_AND_HABITAT_TRIPLET_QUALIFIED,apartment_0,274677d9b7caa413230363b68f4aa472e5cc1afe87e422a489fa1b7d844c6182,32296d6457d3855ffe172cf1970364559def5dd15892e149b44d0bc7c6b7e938,ddd147f908537165c40a34b412cd21c3cbfb5a0615871375d02adecbbfaec6f7,84edb118f01fe1460ff64be4b6ef838f23ed4520740af9f457041b438a7b9f5a,pre_render_not_published/0227
228,frame_0228,location_076,candidate_0732,5e8ceb7b8ff7068b1fee63186f8804731f9e7d50949c24f857dbab842c2bdd8b,"[2.357872724533081,1.4252347946166992,0.06952685117721558]","[2.357872724533081,2.925234794616699,0.06952685117721558]",120.3977026345247,0,0,120.3977026345247,"[0.0,0.867755489713545,0.0,0.49699135814620127]","[[-0.5059991798559885,0.0,0.8625339587431134,2.357872724533081],[0.0,1.0,-0.0,2.925234794616699],[-0.8625339587431134,0.0,-0.5059991798559885,0.06952685117721558],[0.0,0.0,0.0,1.0]]",train,1.0,1.0,1.0,1.0,INDEPENDENT_AND_HABITAT_TRIPLET_QUALIFIED,apartment_0,274677d9b7caa413230363b68f4aa472e5cc1afe87e422a489fa1b7d844c6182,32296d6457d3855ffe172cf1970364559def5dd15892e149b44d0bc7c6b7e938,ddd147f908537165c40a34b412cd21c3cbfb5a0615871375d02adecbbfaec6f7,84edb118f01fe1460ff64be4b6ef838f23ed4520740af9f457041b438a7b9f5a,pre_render_not_published/0228
229,frame_0229,location_076,candidate_0732,5e8ceb7b8ff7068b1fee63186f8804731f9e7d50949c24f857dbab842c2bdd8b,"[2.357872724533081,1.4252347946166992,0.06952685117721558]","[2.357872724533081,2.925234794616699,0.06952685117721558]",120.3977026345247,1,-60,60.397702634524705,"[0.0,0.5030026192922354,0.0,0.8642848864727131]","[[0.493976729970301,0.0,0.869475123420934,2.357872724533081],[0.0,1.0,-0.0,2.925234794616699],[-0.869475123420934,0.0,0.493976729970301,0.06952685117721558],[0.0,0.0,0.0,1.0]]",train,1.0,1.0,1.0,1.0,INDEPENDENT_AND_HABITAT_TRIPLET_QUALIFIED,apartment_0,274677d9b7caa413230363b68f4aa472e5cc1afe87e422a489fa1b7d844c6182,32296d6457d3855ffe172cf1970364559def5dd15892e149b44d0bc7c6b7e938,ddd147f908537165c40a34b412cd21c3cbfb5a0615871375d02adecbbfaec6f7,84edb118f01fe1460ff64be4b6ef838f23ed4520740af9f457041b438a7b9f5a,pre_render_not_published/0229
230,frame_0230,location_076,candidate_0732,5e8ceb7b8ff7068b1fee63186f8804731f9e7d50949c24f857dbab842c2bdd8b,"[2.357872724533081,1.4252347946166992,0.06952685117721558]","[2.357872724533081,2.925234794616699,0.06952685117721558]",120.3977026345247,2,60,180.3977026345247,"[0.0,0.9999939774384368,-0.0,-0.0034706032408317942]","[[-0.9999759098262895,0.0,-0.006941164677820229,2.357872724533081],[0.0,1.0,-0.0,2.925234794616699],[0.006941164677820229,-0.0,-0.9999759098262895,0.06952685117721558],[0.0,0.0,0.0,1.0]]",train,1.0,1.0,1.0,1.0,INDEPENDENT_AND_HABITAT_TRIPLET_QUALIFIED,apartment_0,274677d9b7caa413230363b68f4aa472e5cc1afe87e422a489fa1b7d844c6182,32296d6457d3855ffe172cf1970364559def5dd15892e149b44d0bc7c6b7e938,ddd147f908537165c40a34b412cd21c3cbfb5a0615871375d02adecbbfaec6f7,84edb118f01fe1460ff64be4b6ef838f23ed4520740af9f457041b438a7b9f5a,pre_render_not_published/0230
231,frame_0231,location_077,candidate_0651,5584d9435816f36f17c4c2c2844f8d62801412729ef721a0e9e4b44e388e3c42,"[1.3182363510131836,-1.374765157699585,0.6123437285423279]","[1.3182363510131836,0.12523484230041504,0.6123437285423279]",275.8807649498726,0,0,275.8807649498726,"[0.0,-0.6699035026076744,-0.0,0.7424481781201766]","[[0.10245859438793908,0.0,-0.9947372700547857,1.3182363510131836],[-0.0,1.0,-0.0,0.12523484230041504],[0.9947372700547857,0.0,0.10245859438793908,0.6123437285423279],[0.0,0.0,0.0,1.0]]",train,1.0,1.0,1.0,1.0,INDEPENDENT_AND_HABITAT_TRIPLET_QUALIFIED,apartment_0,274677d9b7caa413230363b68f4aa472e5cc1afe87e422a489fa1b7d844c6182,32296d6457d3855ffe172cf1970364559def5dd15892e149b44d0bc7c6b7e938,ddd147f908537165c40a34b412cd21c3cbfb5a0615871375d02adecbbfaec6f7,84edb118f01fe1460ff64be4b6ef838f23ed4520740af9f457041b438a7b9f5a,pre_render_not_published/0231
232,frame_0232,location_077,candidate_0651,5584d9435816f36f17c4c2c2844f8d62801412729ef721a0e9e4b44e388e3c42,"[1.3182363510131836,-1.374765157699585,0.6123437285423279]","[1.3182363510131836,0.12523484230041504,0.6123437285423279]",275.8807649498726,1,-60,215.88076494987263,"[0.0,0.9513775404025093,-0.0,-0.3080272319417097]","[[-0.8102384487646563,0.0,-0.5861003806033941,1.3182363510131836],[0.0,1.0,-0.0,0.12523484230041504],[0.5861003806033941,-0.0,-0.8102384487646563,0.6123437285423279],[0.0,0.0,0.0,1.0]]",train,1.0,1.0,1.0,1.0,INDEPENDENT_AND_HABITAT_TRIPLET_QUALIFIED,apartment_0,274677d9b7caa413230363b68f4aa472e5cc1afe87e422a489fa1b7d844c6182,32296d6457d3855ffe172cf1970364559def5dd15892e149b44d0bc7c6b7e938,ddd147f908537165c40a34b412cd21c3cbfb5a0615871375d02adecbbfaec6f7,84edb118f01fe1460ff64be4b6ef838f23ed4520740af9f457041b438a7b9f5a,pre_render_not_published/0232
233,frame_0233,location_077,candidate_0651,5584d9435816f36f17c4c2c2844f8d62801412729ef721a0e9e4b44e388e3c42,"[1.3182363510131836,-1.374765157699585,0.6123437285423279]","[1.3182363510131836,0.12523484230041504,0.6123437285423279]",275.8807649498726,2,60,335.8807649498726,"[0.0,-0.20892936228233241,-0.0,0.9779307345493841]","[[0.9126970431525958,0.0,-0.4086368894513914,1.3182363510131836],[-0.0,1.0,-0.0,0.12523484230041504],[0.4086368894513914,0.0,0.9126970431525958,0.6123437285423279],[0.0,0.0,0.0,1.0]]",train,1.0,1.0,1.0,1.0,INDEPENDENT_AND_HABITAT_TRIPLET_QUALIFIED,apartment_0,274677d9b7caa413230363b68f4aa472e5cc1afe87e422a489fa1b7d844c6182,32296d6457d3855ffe172cf1970364559def5dd15892e149b44d0bc7c6b7e938,ddd147f908537165c40a34b412cd21c3cbfb5a0615871375d02adecbbfaec6f7,84edb118f01fe1460ff64be4b6ef838f23ed4520740af9f457041b438a7b9f5a,pre_render_not_published/0233
234,frame_0234,location_078,candidate_0144,12ccf4ebf402a65d481afc7759b33d95f4efd9a77361251e5dceddc50788545b,"[1.6860692501068115,1.4252347946166992,0.07839435338973999]","[1.6860692501068115,2.925234794616699,0.07839435338973999]",281.91245268880004,0,0,281.91245268880004,"[0.0,-0.6299139425037308,-0.0,0.7766649374340305]","[[0.206416850078813,0.0,-0.9784641454869671,1.6860692501068115],[-0.0,1.0,-0.0,2.925234794616699],[0.9784641454869671,0.0,0.206416850078813,0.07839435338973999],[0.0,0.0,0.0,1.0]]",train,1.0,1.0,1.0,1.0,INDEPENDENT_AND_HABITAT_TRIPLET_QUALIFIED,apartment_0,274677d9b7caa413230363b68f4aa472e5cc1afe87e422a489fa1b7d844c6182,32296d6457d3855ffe172cf1970364559def5dd15892e149b44d0bc7c6b7e938,ddd147f908537165c40a34b412cd21c3cbfb5a0615871375d02adecbbfaec6f7,84edb118f01fe1460ff64be4b6ef838f23ed4520740af9f457041b438a7b9f5a,pre_render_not_published/0234
235,frame_0235,location_078,candidate_0144,12ccf4ebf402a65d481afc7759b33d95f4efd9a77361251e5dceddc50788545b,"[1.6860692501068115,1.4252347946166992,0.07839435338973999]","[1.6860692501068115,2.925234794616699,0.07839435338973999]",281.91245268880004,1,-60,221.91245268880004,"[0.0,0.9338539451232564,-0.0,-0.3576545947946566]","[[-0.7441663816445401,0.0,-0.6679943086808995,1.6860692501068115],[0.0,1.0,-0.0,2.925234794616699],[0.6679943086808995,-0.0,-0.7441663816445401,0.07839435338973999],[0.0,0.0,0.0,1.0]]",train,1.0,1.0,1.0,1.0,INDEPENDENT_AND_HABITAT_TRIPLET_QUALIFIED,apartment_0,274677d9b7caa413230363b68f4aa472e5cc1afe87e422a489fa1b7d844c6182,32296d6457d3855ffe172cf1970364559def5dd15892e149b44d0bc7c6b7e938,ddd147f908537165c40a34b412cd21c3cbfb5a0615871375d02adecbbfaec6f7,84edb118f01fe1460ff64be4b6ef838f23ed4520740af9f457041b438a7b9f5a,pre_render_not_published/0235
236,frame_0236,location_078,candidate_0144,12ccf4ebf402a65d481afc7759b33d95f4efd9a77361251e5dceddc50788545b,"[1.6860692501068115,1.4252347946166992,0.07839435338973999]","[1.6860692501068115,2.925234794616699,0.07839435338973999]",281.91245268880004,2,60,341.91245268880004,"[0.0,-0.15718900768922606,-0.0,0.9875685372983874]","[[0.9505832317233529,0.0,-0.31046983680606793,1.6860692501068115],[-0.0,1.0,-0.0,2.925234794616699],[0.31046983680606793,0.0,0.9505832317233529,0.07839435338973999],[0.0,0.0,0.0,1.0]]",train,1.0,1.0,1.0,1.0,INDEPENDENT_AND_HABITAT_TRIPLET_QUALIFIED,apartment_0,274677d9b7caa413230363b68f4aa472e5cc1afe87e422a489fa1b7d844c6182,32296d6457d3855ffe172cf1970364559def5dd15892e149b44d0bc7c6b7e938,ddd147f908537165c40a34b412cd21c3cbfb5a0615871375d02adecbbfaec6f7,84edb118f01fe1460ff64be4b6ef838f23ed4520740af9f457041b438a7b9f5a,pre_render_not_published/0236
237,frame_0237,location_079,candidate_0665,577732c28899a0145a2a970c010ddc51be02b0e7ea24812df596eaaf6fc45a6c,"[-0.48360973596572876,1.4252347946166992,2.441527843475342]","[-0.48360973596572876,2.925234794616699,2.441527843475342]",343.45985087173426,0,0,343.45985087173426,"[0.0,-0.14383935460169192,-0.0,0.9896010509633509]","[[0.9586204801355375,0.0,-0.28468715296744884,-0.48360973596572876],[-0.0,1.0,-0.0,2.925234794616699],[0.28468715296744884,0.0,0.9586204801355375,2.441527843475342],[0.0,0.0,0.0,1.0]]",train,0.5609756097560976,0.5609756097560976,0.5653472222222222,0.5653548177083333,INDEPENDENT_AND_HABITAT_TRIPLET_QUALIFIED,apartment_0,274677d9b7caa413230363b68f4aa472e5cc1afe87e422a489fa1b7d844c6182,32296d6457d3855ffe172cf1970364559def5dd15892e149b44d0bc7c6b7e938,ddd147f908537165c40a34b412cd21c3cbfb5a0615871375d02adecbbfaec6f7,84edb118f01fe1460ff64be4b6ef838f23ed4520740af9f457041b438a7b9f5a,pre_render_not_published/0237
238,frame_0238,location_079,candidate_0665,577732c28899a0145a2a970c010ddc51be02b0e7ea24812df596eaaf6fc45a6c,"[-0.48360973596572876,1.4252347946166992,2.441527843475342]","[-0.48360973596572876,2.925234794616699,2.441527843475342]",343.45985087173426,1,-60,283.45985087173426,"[0.0,-0.619369060630699,-0.0,0.7850999724451948]","[[0.23276393346689106,0.0,-0.9725332648691358,-0.48360973596572876],[-0.0,1.0,-0.0,2.925234794616699],[0.9725332648691358,0.0,0.23276393346689106,2.441527843475342],[0.0,0.0,0.0,1.0]]",train,0.6467348544453186,0.6467348544453186,0.6499273003472222,0.6499739583333334,INDEPENDENT_AND_HABITAT_TRIPLET_QUALIFIED,apartment_0,274677d9b7caa413230363b68f4aa472e5cc1afe87e422a489fa1b7d844c6182,32296d6457d3855ffe172cf1970364559def5dd15892e149b44d0bc7c6b7e938,ddd147f908537165c40a34b412cd21c3cbfb5a0615871375d02adecbbfaec6f7,84edb118f01fe1460ff64be4b6ef838f23ed4520740af9f457041b438a7b9f5a,pre_render_not_published/0238
239,frame_0239,location_079,candidate_0665,577732c28899a0145a2a970c010ddc51be02b0e7ea24812df596eaaf6fc45a6c,"[-0.48360973596572876,1.4252347946166992,2.441527843475342]","[-0.48360973596572876,2.925234794616699,2.441527843475342]",343.45985087173426,2,60,43.45985087173426,"[0.0,0.3702319903326521,0.0,0.9289393270468869]","[[0.7258565466686461,0.0,0.6878461119016867,-0.48360973596572876],[0.0,1.0,-0.0,2.925234794616699],[-0.6878461119016867,0.0,0.7258565466686461,2.441527843475342],[0.0,0.0,0.0,1.0]]",train,0.14870180959874116,0.14870180959874116,0.14423828125,0.14423828125,INDEPENDENT_AND_HABITAT_TRIPLET_QUALIFIED,apartment_0,274677d9b7caa413230363b68f4aa472e5cc1afe87e422a489fa1b7d844c6182,32296d6457d3855ffe172cf1970364559def5dd15892e149b44d0bc7c6b7e938,ddd147f908537165c40a34b412cd21c3cbfb5a0615871375d02adecbbfaec6f7,84edb118f01fe1460ff64be4b6ef838f23ed4520740af9f457041b438a7b9f5a,pre_render_not_published/0239
240,frame_0240,location_080,candidate_0319,28488662bb60f467f01e7e3d21e061b6c8d90903b111d399b2d8eb4be681bea5,"[1.9597558975219727,1.4252347946166992,-0.8740676641464233]","[1.9597558975219727,2.925234794616699,-0.8740676641464233]",161.96133913029786,0,0,161.96133913029786,"[0.0,0.9876355065660821,0.0,0.15676768216044468]","[[-0.9508477876600836,0.0,0.30965865836744266,1.9597558975219727],[0.0,1.0,-0.0,2.925234794616699],[-0.30965865836744266,0.0,-0.9508477876600836,-0.8740676641464233],[0.0,0.0,0.0,1.0]]",train,1.0,1.0,1.0,1.0,INDEPENDENT_AND_HABITAT_TRIPLET_QUALIFIED,apartment_0,274677d9b7caa413230363b68f4aa472e5cc1afe87e422a489fa1b7d844c6182,32296d6457d3855ffe172cf1970364559def5dd15892e149b44d0bc7c6b7e938,ddd147f908537165c40a34b412cd21c3cbfb5a0615871375d02adecbbfaec6f7,84edb118f01fe1460ff64be4b6ef838f23ed4520740af9f457041b438a7b9f5a,pre_render_not_published/0240
241,frame_0241,location_080,candidate_0319,28488662bb60f467f01e7e3d21e061b6c8d90903b111d399b2d8eb4be681bea5,"[1.9597558975219727,1.4252347946166992,-0.8740676641464233]","[1.9597558975219727,2.925234794616699,-0.8740676641464233]",161.96133913029786,1,-60,101.96133913029786,"[0.0,0.7769335972855177,0.0,0.6295825485263907]","[[-0.20725162918202963,0.0,0.9782876684295855,1.9597558975219727],[0.0,1.0,-0.0,2.925234794616699],[-0.9782876684295855,0.0,-0.20725162918202963,-0.8740676641464233],[0.0,0.0,0.0,1.0]]",train,1.0,1.0,1.0,1.0,INDEPENDENT_AND_HABITAT_TRIPLET_QUALIFIED,apartment_0,274677d9b7caa413230363b68f4aa472e5cc1afe87e422a489fa1b7d844c6182,32296d6457d3855ffe172cf1970364559def5dd15892e149b44d0bc7c6b7e938,ddd147f908537165c40a34b412cd21c3cbfb5a0615871375d02adecbbfaec6f7,84edb118f01fe1460ff64be4b6ef838f23ed4520740af9f457041b438a7b9f5a,pre_render_not_published/0241
242,frame_0242,location_080,candidate_0319,28488662bb60f467f01e7e3d21e061b6c8d90903b111d399b2d8eb4be681bea5,"[1.9597558975219727,1.4252347946166992,-0.8740676641464233]","[1.9597558975219727,2.925234794616699,-0.8740676641464233]",161.96133913029786,2,60,221.96133913029786,"[0.0,0.9337012794459623,-0.0,-0.3580529580396915]","[[-0.7435961584780538,0.0,-0.6686290100621428,1.9597558975219727],[0.0,1.0,-0.0,2.925234794616699],[0.6686290100621428,-0.0,-0.7435961584780538,-0.8740676641464233],[0.0,0.0,0.0,1.0]]",train,1.0,1.0,1.0,1.0,INDEPENDENT_AND_HABITAT_TRIPLET_QUALIFIED,apartment_0,274677d9b7caa413230363b68f4aa472e5cc1afe87e422a489fa1b7d844c6182,32296d6457d3855ffe172cf1970364559def5dd15892e149b44d0bc7c6b7e938,ddd147f908537165c40a34b412cd21c3cbfb5a0615871375d02adecbbfaec6f7,84edb118f01fe1460ff64be4b6ef838f23ed4520740af9f457041b438a7b9f5a,pre_render_not_published/0242
243,frame_0243,location_081,candidate_0361,2e52b64de70c7854f915fa82a54ae2ebf942e5b3a7cc3c8c52d57f4c3cf60afe,"[-0.10919113457202911,1.4252347946166992,-0.018969550728797913]","[-0.10919113457202911,2.925234794616699,-0.018969550728797913]",247.3991633968175,0,0,247.3991633968175,"[0.0,-0.8319581728832345,0.0,0.5548383535524469]","[[-0.3843088028544199,0.0,-0.9232046057340716,-0.10919113457202911],[0.0,1.0,-0.0,2.925234794616699],[0.9232046057340716,-0.0,-0.3843088028544199,-0.018969550728797913],[0.0,0.0,0.0,1.0]]",eval,0.7568843430369787,0.7568843430369787,0.7563368055555556,0.75634765625,INDEPENDENT_AND_HABITAT_TRIPLET_QUALIFIED,apartment_0,274677d9b7caa413230363b68f4aa472e5cc1afe87e422a489fa1b7d844c6182,32296d6457d3855ffe172cf1970364559def5dd15892e149b44d0bc7c6b7e938,ddd147f908537165c40a34b412cd21c3cbfb5a0615871375d02adecbbfaec6f7,84edb118f01fe1460ff64be4b6ef838f23ed4520740af9f457041b438a7b9f5a,pre_render_not_published/0243
244,frame_0244,location_081,candidate_0361,2e52b64de70c7854f915fa82a54ae2ebf942e5b3a7cc3c8c52d57f4c3cf60afe,"[-0.10919113457202911,1.4252347946166992,-0.018969550728797913]","[-0.10919113457202911,2.925234794616699,-0.018969550728797913]",247.3991633968175,1,-60,187.3991633968175,"[0.0,0.9979160893791905,-0.0,-0.06452502272873363]","[[-0.9916730428837128,0.0,-0.1287811166971225,-0.10919113457202911],[0.0,1.0,-0.0,2.925234794616699],[0.1287811166971225,-0.0,-0.9916730428837128,-0.018969550728797913],[0.0,0.0,0.0,1.0]]",eval,0.39260424862313137,0.39260424862313137,0.3921994357638889,0.3922298177083333,INDEPENDENT_AND_HABITAT_TRIPLET_QUALIFIED,apartment_0,274677d9b7caa413230363b68f4aa472e5cc1afe87e422a489fa1b7d844c6182,32296d6457d3855ffe172cf1970364559def5dd15892e149b44d0bc7c6b7e938,ddd147f908537165c40a34b412cd21c3cbfb5a0615871375d02adecbbfaec6f7,84edb118f01fe1460ff64be4b6ef838f23ed4520740af9f457041b438a7b9f5a,pre_render_not_published/0244
245,frame_0245,location_081,candidate_0361,2e52b64de70c7854f915fa82a54ae2ebf942e5b3a7cc3c8c52d57f4c3cf60afe,"[-0.10919113457202911,1.4252347946166992,-0.018969550728797913]","[-0.10919113457202911,2.925234794616699,-0.018969550728797913]",247.3991633968175,2,60,307.39916339681747,"[0.0,-0.44307773582674376,-0.0,0.8964831956119681]","[[0.6073642400292927,0.0,-0.7944234890369493,-0.10919113457202911],[-0.0,1.0,-0.0,2.925234794616699],[0.7944234890369493,0.0,0.6073642400292927,-0.018969550728797913],[0.0,0.0,0.0,1.0]]",eval,0.5798583792289536,0.5798583792289536,0.5780924479166667,0.5780924479166667,INDEPENDENT_AND_HABITAT_TRIPLET_QUALIFIED,apartment_0,274677d9b7caa413230363b68f4aa472e5cc1afe87e422a489fa1b7d844c6182,32296d6457d3855ffe172cf1970364559def5dd15892e149b44d0bc7c6b7e938,ddd147f908537165c40a34b412cd21c3cbfb5a0615871375d02adecbbfaec6f7,84edb118f01fe1460ff64be4b6ef838f23ed4520740af9f457041b438a7b9f5a,pre_render_not_published/0245
246,frame_0246,location_082,candidate_0070,08c3b0914281f4e0dbe673b677184017b5bc7600ed094a8a1720493259928c5f,"[2.6351795196533203,-1.374765157699585,3.316235303878784]","[2.6351795196533203,0.12523484230041504,3.316235303878784]",91.23206654431651,0,0,91.23206654431651,"[0.0,0.7146684408199961,0.0,0.6994633798104914]","[[-0.0215019606081685,0.0,0.9997688061196973,2.6351795196533203],[0.0,1.0,-0.0,0.12523484230041504],[-0.9997688061196973,0.0,-0.0215019606081685,3.316235303878784],[0.0,0.0,0.0,1.0]]",train,1.0,1.0,1.0,1.0,INDEPENDENT_AND_HABITAT_TRIPLET_QUALIFIED,apartment_0,274677d9b7caa413230363b68f4aa472e5cc1afe87e422a489fa1b7d844c6182,32296d6457d3855ffe172cf1970364559def5dd15892e149b44d0bc7c6b7e938,ddd147f908537165c40a34b412cd21c3cbfb5a0615871375d02adecbbfaec6f7,84edb118f01fe1460ff64be4b6ef838f23ed4520740af9f457041b438a7b9f5a,pre_render_not_published/0246
247,frame_0247,location_082,candidate_0070,08c3b0914281f4e0dbe673b677184017b5bc7600ed094a8a1720493259928c5f,"[2.6351795196533203,-1.374765157699585,3.316235303878784]","[2.6351795196533203,0.12523484230041504,3.316235303878784]",91.23206654431651,1,-60,31.23206654431651,"[0.0,0.26918933512788656,0.0,0.9630872763428071]","[[0.8550742037068128,0.0,0.5185056471776948,2.6351795196533203],[0.0,1.0,-0.0,0.12523484230041504],[-0.5185056471776948,0.0,0.8550742037068128,3.316235303878784],[0.0,0.0,0.0,1.0]]",train,1.0,1.0,1.0,1.0,INDEPENDENT_AND_HABITAT_TRIPLET_QUALIFIED,apartment_0,274677d9b7caa413230363b68f4aa472e5cc1afe87e422a489fa1b7d844c6182,32296d6457d3855ffe172cf1970364559def5dd15892e149b44d0bc7c6b7e938,ddd147f908537165c40a34b412cd21c3cbfb5a0615871375d02adecbbfaec6f7,84edb118f01fe1460ff64be4b6ef838f23ed4520740af9f457041b438a7b9f5a,pre_render_not_published/0247
248,frame_0248,location_082,candidate_0070,08c3b0914281f4e0dbe673b677184017b5bc7600ed094a8a1720493259928c5f,"[2.6351795196533203,-1.374765157699585,3.316235303878784]","[2.6351795196533203,0.12523484230041504,3.316235303878784]",91.23206654431651,2,60,151.23206654431652,"[0.0,0.968652714938378,0.0,0.2484188355228109]","[[-0.8765761643149813,0.0,0.48126315894200233,2.6351795196533203],[0.0,1.0,-0.0,0.12523484230041504],[-0.48126315894200233,0.0,-0.8765761643149813,3.316235303878784],[0.0,0.0,0.0,1.0]]",train,1.0,1.0,1.0,1.0,INDEPENDENT_AND_HABITAT_TRIPLET_QUALIFIED,apartment_0,274677d9b7caa413230363b68f4aa472e5cc1afe87e422a489fa1b7d844c6182,32296d6457d3855ffe172cf1970364559def5dd15892e149b44d0bc7c6b7e938,ddd147f908537165c40a34b412cd21c3cbfb5a0615871375d02adecbbfaec6f7,84edb118f01fe1460ff64be4b6ef838f23ed4520740af9f457041b438a7b9f5a,pre_render_not_published/0248
249,frame_0249,location_083,candidate_0289,252857c29c3f417322d6425ad64f624716406520df99b705bb4234a2f679621a,"[0.6056040525436401,1.4252347946166992,0.6244257688522339]","[0.6056040525436401,2.925234794616699,0.6244257688522339]",215.62522417968452,0,0,215.62522417968452,"[0.0,0.9520620792627652,-0.0,-0.30590488265122573]","[[-0.8128444055402797,0.0,-0.5824808772671163,0.6056040525436401],[0.0,1.0,-0.0,2.925234794616699],[0.5824808772671163,-0.0,-0.8128444055402797,0.6244257688522339],[0.0,0.0,0.0,1.0]]",train,0.46498819826907944,0.46498819826907944,0.45922743055555554,0.45928385416666667,INDEPENDENT_AND_HABITAT_TRIPLET_QUALIFIED,apartment_0,274677d9b7caa413230363b68f4aa472e5cc1afe87e422a489fa1b7d844c6182,32296d6457d3855ffe172cf1970364559def5dd15892e149b44d0bc7c6b7e938,ddd147f908537165c40a34b412cd21c3cbfb5a0615871375d02adecbbfaec6f7,84edb118f01fe1460ff64be4b6ef838f23ed4520740af9f457041b438a7b9f5a,pre_render_not_published/0249
250,frame_0250,location_083,candidate_0289,252857c29c3f417322d6425ad64f624716406520df99b705bb4234a2f679621a,"[0.6056040525436401,1.4252347946166992,0.6244257688522339]","[0.6056040525436401,2.925234794616699,0.6244257688522339]",215.62522417968452,1,-60,155.62522417968452,"[0.0,0.9774623879470014,0.0,0.21110964011372357]","[[-0.9108654397021082,0.0,0.41270346588838464,0.6056040525436401],[0.0,1.0,-0.0,2.925234794616699],[-0.41270346588838464,0.0,-0.9108654397021082,0.6244257688522339],[0.0,0.0,0.0,1.0]]",train,0.35247836349331235,0.35247836349331235,0.34893337673611113,0.34895182291666665,INDEPENDENT_AND_HABITAT_TRIPLET_QUALIFIED,apartment_0,274677d9b7caa413230363b68f4aa472e5cc1afe87e422a489fa1b7d844c6182,32296d6457d3855ffe172cf1970364559def5dd15892e149b44d0bc7c6b7e938,ddd147f908537165c40a34b412cd21c3cbfb5a0615871375d02adecbbfaec6f7,84edb118f01fe1460ff64be4b6ef838f23ed4520740af9f457041b438a7b9f5a,pre_render_not_published/0250
251,frame_0251,location_083,candidate_0289,252857c29c3f417322d6425ad64f624716406520df99b705bb4234a2f679621a,"[0.6056040525436401,1.4252347946166992,0.6244257688522339]","[0.6056040525436401,2.925234794616699,0.6244257688522339]",215.62522417968452,2,60,275.62522417968455,"[0.0,-0.6715575052957756,-0.0,0.7409524391490416]","[[0.0980210341618287,0.0,-0.9951843431555009,0.6056040525436401],[-0.0,1.0,-0.0,2.925234794616699],[0.9951843431555009,0.0,0.0980210341618287,0.6244257688522339],[0.0,0.0,0.0,1.0]]",train,0.8111723052714398,0.8111723052714398,0.8080208333333333,0.8080208333333333,INDEPENDENT_AND_HABITAT_TRIPLET_QUALIFIED,apartment_0,274677d9b7caa413230363b68f4aa472e5cc1afe87e422a489fa1b7d844c6182,32296d6457d3855ffe172cf1970364559def5dd15892e149b44d0bc7c6b7e938,ddd147f908537165c40a34b412cd21c3cbfb5a0615871375d02adecbbfaec6f7,84edb118f01fe1460ff64be4b6ef838f23ed4520740af9f457041b438a7b9f5a,pre_render_not_published/0251
252,frame_0252,location_084,candidate_0437,3882f361519564779a28e9fe77f3aae0d5e8b82199c148333c07a96d4e407cdc,"[3.6364846229553223,-1.374765157699585,-0.19216683506965637]","[3.6364846229553223,0.12523484230041504,-0.19216683506965637]",114.72848081098444,0,0,114.72848081098444,"[0.0,0.8421159738918541,0.0,0.5392964736730383]","[[-0.41831862696765176,0.0,0.9083003502872267,3.6364846229553223],[0.0,1.0,-0.0,0.12523484230041504],[-0.9083003502872267,0.0,-0.41831862696765176,-0.19216683506965637],[0.0,0.0,0.0,1.0]]",train,1.0,1.0,1.0,1.0,INDEPENDENT_AND_HABITAT_TRIPLET_QUALIFIED,apartment_0,274677d9b7caa413230363b68f4aa472e5cc1afe87e422a489fa1b7d844c6182,32296d6457d3855ffe172cf1970364559def5dd15892e149b44d0bc7c6b7e938,ddd147f908537165c40a34b412cd21c3cbfb5a0615871375d02adecbbfaec6f7,84edb118f01fe1460ff64be4b6ef838f23ed4520740af9f457041b438a7b9f5a,pre_render_not_published/0252
253,frame_0253,location_084,candidate_0437,3882f361519564779a28e9fe77f3aae0d5e8b82199c148333c07a96d4e407cdc,"[3.6364846229553223,-1.374765157699585,-0.19216683506965637]","[3.6364846229553223,0.12523484230041504,-0.19216683506965637]",114.72848081098444,1,-60,54.728480810984436,"[0.0,0.4596455894864997,0.0,0.8881024333181439]","[[0.5774518641312165,0.0,0.816424732973826,3.6364846229553223],[0.0,1.0,-0.0,0.12523484230041504],[-0.816424732973826,0.0,0.5774518641312165,-0.19216683506965637],[0.0,0.0,0.0,1.0]]",train,1.0,1.0,1.0,1.0,INDEPENDENT_AND_HABITAT_TRIPLET_QUALIFIED,apartment_0,274677d9b7caa413230363b68f4aa472e5cc1afe87e422a489fa1b7d844c6182,32296d6457d3855ffe172cf1970364559def5dd15892e149b44d0bc7c6b7e938,ddd147f908537165c40a34b412cd21c3cbfb5a0615871375d02adecbbfaec6f7,84edb118f01fe1460ff64be4b6ef838f23ed4520740af9f457041b438a7b9f5a,pre_render_not_published/0253
254,frame_0254,location_084,candidate_0437,3882f361519564779a28e9fe77f3aae0d5e8b82199c148333c07a96d4e407cdc,"[3.6364846229553223,-1.374765157699585,-0.19216683506965637]","[3.6364846229553223,0.12523484230041504,-0.19216683506965637]",114.72848081098444,2,60,174.72848081098442,"[0.0,0.9989420631595379,0.0,0.045986459426290024]","[[-0.9957704910988684,0.0,0.09187561731340108,3.6364846229553223],[0.0,1.0,-0.0,0.12523484230041504],[-0.09187561731340108,0.0,-0.9957704910988684,-0.19216683506965637],[0.0,0.0,0.0,1.0]]",train,1.0,1.0,1.0,1.0,INDEPENDENT_AND_HABITAT_TRIPLET_QUALIFIED,apartment_0,274677d9b7caa413230363b68f4aa472e5cc1afe87e422a489fa1b7d844c6182,32296d6457d3855ffe172cf1970364559def5dd15892e149b44d0bc7c6b7e938,ddd147f908537165c40a34b412cd21c3cbfb5a0615871375d02adecbbfaec6f7,84edb118f01fe1460ff64be4b6ef838f23ed4520740af9f457041b438a7b9f5a,pre_render_not_published/0254
255,frame_0255,location_085,candidate_0516,42244f036e6096b66e0671d9df8ca04be100a3df5413ff173b37add3e753a240,"[-1.1937029361724854,-1.3398997783660889,0.867843508720398]","[-1.1937029361724854,0.16010022163391113,0.867843508720398]",7.736851405446965,0,0,7.736851405446965,"[0.0,0.06746548105608907,0.0,0.9977216088999328]","[[0.990896817731741,0.0,0.13462353660897824,-1.1937029361724854],[0.0,1.0,-0.0,0.16010022163391113],[-0.13462353660897824,0.0,0.990896817731741,0.867843508720398],[0.0,0.0,0.0,1.0]]",train,0.6789929189614476,0.6789929189614476,0.6769986979166667,0.6769986979166667,INDEPENDENT_AND_HABITAT_TRIPLET_QUALIFIED,apartment_0,274677d9b7caa413230363b68f4aa472e5cc1afe87e422a489fa1b7d844c6182,32296d6457d3855ffe172cf1970364559def5dd15892e149b44d0bc7c6b7e938,ddd147f908537165c40a34b412cd21c3cbfb5a0615871375d02adecbbfaec6f7,84edb118f01fe1460ff64be4b6ef838f23ed4520740af9f457041b438a7b9f5a,pre_render_not_published/0255
256,frame_0256,location_085,candidate_0516,42244f036e6096b66e0671d9df8ca04be100a3df5413ff173b37add3e753a240,"[-1.1937029361724854,-1.3398997783660889,0.867843508720398]","[-1.1937029361724854,0.16010022163391113,0.867843508720398]",7.736851405446965,1,-60,307.73685140544694,"[0.0,-0.44043398397685546,-0.0,0.8977849997400686]","[[0.61203581151655,0.0,-0.7908300483803572,-1.1937029361724854],[-0.0,1.0,-0.0,0.16010022163391113],[0.7908300483803572,0.0,0.61203581151655,0.867843508720398],[0.0,0.0,0.0,1.0]]",train,1.0,1.0,0.99998046875,0.99998046875,INDEPENDENT_AND_HABITAT_TRIPLET_QUALIFIED,apartment_0,274677d9b7caa413230363b68f4aa472e5cc1afe87e422a489fa1b7d844c6182,32296d6457d3855ffe172cf1970364559def5dd15892e149b44d0bc7c6b7e938,ddd147f908537165c40a34b412cd21c3cbfb5a0615871375d02adecbbfaec6f7,84edb118f01fe1460ff64be4b6ef838f23ed4520740af9f457041b438a7b9f5a,pre_render_not_published/0256
257,frame_0257,location_085,candidate_0516,42244f036e6096b66e0671d9df8ca04be100a3df5413ff173b37add3e753a240,"[-1.1937029361724854,-1.3398997783660889,0.867843508720398]","[-1.1937029361724854,0.16010022163391113,0.867843508720398]",7.736851405446965,2,60,67.73685140544697,"[0.0,0.5572876249230774,0.0,0.8303195186839796]","[[0.37886100621519087,0.0,0.9254535849893355,-1.1937029361724854],[0.0,1.0,-0.0,0.16010022163391113],[-0.9254535849893355,0.0,0.37886100621519087,0.867843508720398],[0.0,0.0,0.0,1.0]]",train,0.26671911880409127,0.26671911880409127,0.26323893229166667,0.26323893229166667,INDEPENDENT_AND_HABITAT_TRIPLET_QUALIFIED,apartment_0,274677d9b7caa413230363b68f4aa472e5cc1afe87e422a489fa1b7d844c6182,32296d6457d3855ffe172cf1970364559def5dd15892e149b44d0bc7c6b7e938,ddd147f908537165c40a34b412cd21c3cbfb5a0615871375d02adecbbfaec6f7,84edb118f01fe1460ff64be4b6ef838f23ed4520740af9f457041b438a7b9f5a,pre_render_not_published/0257
258,frame_0258,location_086,candidate_0194,18e7f93362679dcb32a5b36b22087582e6a01088331bc327877950209522a58a,"[2.910740852355957,-1.374765157699585,2.9560306072235107]","[2.910740852355957,0.12523484230041504,2.9560306072235107]",95.5340839362953,0,0,95.5340839362953,"[0.0,0.7404180824849986,0.0,0.6721466083595437]","[[-0.09643787374152442,0.0,0.9953390058207373,2.910740852355957],[0.0,1.0,-0.0,0.12523484230041504],[-0.9953390058207373,0.0,-0.09643787374152442,2.9560306072235107],[0.0,0.0,0.0,1.0]]",train,1.0,1.0,1.0,1.0,INDEPENDENT_AND_HABITAT_TRIPLET_QUALIFIED,apartment_0,274677d9b7caa413230363b68f4aa472e5cc1afe87e422a489fa1b7d844c6182,32296d6457d3855ffe172cf1970364559def5dd15892e149b44d0bc7c6b7e938,ddd147f908537165c40a34b412cd21c3cbfb5a0615871375d02adecbbfaec6f7,84edb118f01fe1460ff64be4b6ef838f23ed4520740af9f457041b438a7b9f5a,pre_render_not_published/0258
259,frame_0259,location_086,candidate_0194,18e7f93362679dcb32a5b36b22087582e6a01088331bc327877950209522a58a,"[2.910740852355957,-1.374765157699585,2.9560306072235107]","[2.910740852355957,0.12523484230041504,2.9560306072235107]",95.5340839362953,1,-60,35.5340839362953,"[0.0,0.30514756467359894,0.0,0.952305079149414]","[[0.8137699275475435,0.0,0.5811871514574851,2.910740852355957],[0.0,1.0,-0.0,0.12523484230041504],[-0.5811871514574851,0.0,0.8137699275475435,2.9560306072235107],[0.0,0.0,0.0,1.0]]",train,1.0,1.0,1.0,1.0,INDEPENDENT_AND_HABITAT_TRIPLET_QUALIFIED,apartment_0,274677d9b7caa413230363b68f4aa472e5cc1afe87e422a489fa1b7d844c6182,32296d6457d3855ffe172cf1970364559def5dd15892e149b44d0bc7c6b7e938,ddd147f908537165c40a34b412cd21c3cbfb5a0615871375d02adecbbfaec6f7,84edb118f01fe1460ff64be4b6ef838f23ed4520740af9f457041b438a7b9f5a,pre_render_not_published/0259
260,frame_0260,location_086,candidate_0194,18e7f93362679dcb32a5b36b22087582e6a01088331bc327877950209522a58a,"[2.910740852355957,-1.374765157699585,2.9560306072235107]","[2.910740852355957,0.12523484230041504,2.9560306072235107]",95.5340839362953,2,60,155.5340839362953,"[0.0,0.9772941730331426,0.0,0.2118869966644154]","[[-0.9102078012890681,0.0,0.4141518543632522,2.910740852355957],[0.0,1.0,-0.0,0.12523484230041504],[-0.4141518543632522,0.0,-0.9102078012890681,2.9560306072235107],[0.0,0.0,0.0,1.0]]",train,0.5594020456333596,0.5594020456333596,0.5609602864583333,0.5609602864583333,INDEPENDENT_AND_HABITAT_TRIPLET_QUALIFIED,apartment_0,274677d9b7caa413230363b68f4aa472e5cc1afe87e422a489fa1b7d844c6182,32296d6457d3855ffe172cf1970364559def5dd15892e149b44d0bc7c6b7e938,ddd147f908537165c40a34b412cd21c3cbfb5a0615871375d02adecbbfaec6f7,84edb118f01fe1460ff64be4b6ef838f23ed4520740af9f457041b438a7b9f5a,pre_render_not_published/0260
261,frame_0261,location_087,candidate_0501,401cee372b7daf70dabf83985e801af04e133f2639636d6192ea8b960542420c,"[3.413054943084717,-1.374765157699585,1.365535020828247]","[3.413054943084717,0.12523484230041504,1.365535020828247]",262.9158061875932,0,0,262.9158061875932,"[0.0,-0.7494423651667257,0.0,0.6620695894642075]","[[-0.1233277174133916,0.0,-0.9923659980660375,3.413054943084717],[0.0,1.0,-0.0,0.12523484230041504],[0.9923659980660375,-0.0,-0.1233277174133916,1.365535020828247],[0.0,0.0,0.0,1.0]]",train,0.35955940204563336,0.35955940204563336,0.35018229166666665,0.35018229166666665,INDEPENDENT_AND_HABITAT_TRIPLET_QUALIFIED,apartment_0,274677d9b7caa413230363b68f4aa472e5cc1afe87e422a489fa1b7d844c6182,32296d6457d3855ffe172cf1970364559def5dd15892e149b44d0bc7c6b7e938,ddd147f908537165c40a34b412cd21c3cbfb5a0615871375d02adecbbfaec6f7,84edb118f01fe1460ff64be4b6ef838f23ed4520740af9f457041b438a7b9f5a,pre_render_not_published/0261
262,frame_0262,location_087,candidate_0501,401cee372b7daf70dabf83985e801af04e133f2639636d6192ea8b960542420c,"[3.413054943084717,-1.374765157699585,1.365535020828247]","[3.413054943084717,0.12523484230041504,1.365535020828247]",262.9158061875932,1,-60,202.9158061875932,"[0.0,0.9800709216387821,-0.0,-0.19864790096577492]","[[-0.9210780228837834,0.0,-0.38937806276227305,3.413054943084717],[0.0,1.0,-0.0,0.12523484230041504],[0.38937806276227305,-0.0,-0.9210780228837834,1.365535020828247],[0.0,0.0,0.0,1.0]]",train,0.23446105428796224,0.23446105428796224,0.2240353732638889,0.22403645833333333,INDEPENDENT_AND_HABITAT_TRIPLET_QUALIFIED,apartment_0,274677d9b7caa413230363b68f4aa472e5cc1afe87e422a489fa1b7d844c6182,32296d6457d3855ffe172cf1970364559def5dd15892e149b44d0bc7c6b7e938,ddd147f908537165c40a34b412cd21c3cbfb5a0615871375d02adecbbfaec6f7,84edb118f01fe1460ff64be4b6ef838f23ed4520740af9f457041b438a7b9f5a,pre_render_not_published/0262
263,frame_0263,location_087,candidate_0501,401cee372b7daf70dabf83985e801af04e133f2639636d6192ea8b960542420c,"[3.413054943084717,-1.374765157699585,1.365535020828247]","[3.413054943084717,0.12523484230041504,1.365535020828247]",262.9158061875932,2,60,322.9158061875932,"[0.0,-0.31800133217457477,-0.0,0.9480902661325006]","[[0.7977503054703915,0.0,-0.6029879353037646,3.413054943084717],[-0.0,1.0,-0.0,0.12523484230041504],[0.6029879353037646,0.0,0.7977503054703915,1.365535020828247],[0.0,0.0,0.0,1.0]]",train,0.90558615263572,0.90558615263572,0.9118522135416667,0.9118522135416667,INDEPENDENT_AND_HABITAT_TRIPLET_QUALIFIED,apartment_0,274677d9b7caa413230363b68f4aa472e5cc1afe87e422a489fa1b7d844c6182,32296d6457d3855ffe172cf1970364559def5dd15892e149b44d0bc7c6b7e938,ddd147f908537165c40a34b412cd21c3cbfb5a0615871375d02adecbbfaec6f7,84edb118f01fe1460ff64be4b6ef838f23ed4520740af9f457041b438a7b9f5a,pre_render_not_published/0263
264,frame_0264,location_088,candidate_0858,7152797f7c6d2ffb43b7d29f4e34eaf32c61b438df3d41f2d9d84dd99f17dc18,"[0.002716958522796631,-1.374765157699585,-0.9131530523300171]","[0.002716958522796631,0.12523484230041504,-0.9131530523300171]",10.916012272427713,0,0,10.916012272427713,"[0.0,0.09511616992304428,0.0,0.9954661793447181]","[[0.9819058284383412,0.0,0.18936986053439175,0.002716958522796631],[0.0,1.0,-0.0,0.12523484230041504],[-0.18936986053439175,0.0,0.9819058284383412,-0.9131530523300171],[0.0,0.0,0.0,1.0]]",train,1.0,1.0,1.0,1.0,INDEPENDENT_AND_HABITAT_TRIPLET_QUALIFIED,apartment_0,274677d9b7caa413230363b68f4aa472e5cc1afe87e422a489fa1b7d844c6182,32296d6457d3855ffe172cf1970364559def5dd15892e149b44d0bc7c6b7e938,ddd147f908537165c40a34b412cd21c3cbfb5a0615871375d02adecbbfaec6f7,84edb118f01fe1460ff64be4b6ef838f23ed4520740af9f457041b438a7b9f5a,pre_render_not_published/0264
265,frame_0265,location_088,candidate_0858,7152797f7c6d2ffb43b7d29f4e34eaf32c61b438df3d41f2d9d84dd99f17dc18,"[0.002716958522796631,-1.374765157699585,-0.9131530523300171]","[0.002716958522796631,0.12523484230041504,-0.9131530523300171]",10.916012272427713,1,-60,310.91601227242774,"[0.0,-0.41536007020832516,-0.0,0.9096570848822843]","[[0.6549520241530703,0.0,-0.755670461284412,0.002716958522796631],[-0.0,1.0,-0.0,0.12523484230041504],[0.755670461284412,0.0,0.6549520241530703,-0.9131530523300171],[0.0,0.0,0.0,1.0]]",train,1.0,1.0,1.0,1.0,INDEPENDENT_AND_HABITAT_TRIPLET_QUALIFIED,apartment_0,274677d9b7caa413230363b68f4aa472e5cc1afe87e422a489fa1b7d844c6182,32296d6457d3855ffe172cf1970364559def5dd15892e149b44d0bc7c6b7e938,ddd147f908537165c40a34b412cd21c3cbfb5a0615871375d02adecbbfaec6f7,84edb118f01fe1460ff64be4b6ef838f23ed4520740af9f457041b438a7b9f5a,pre_render_not_published/0265
266,frame_0266,location_088,candidate_0858,7152797f7c6d2ffb43b7d29f4e34eaf32c61b438df3d41f2d9d84dd99f17dc18,"[0.002716958522796631,-1.374765157699585,-0.9131530523300171]","[0.002716958522796631,0.12523484230041504,-0.9131530523300171]",10.916012272427713,2,60,70.91601227242771,"[0.0,0.5801061091363928,0.0,0.8145409149592399]","[[0.3269538042852712,0.0,0.945040321818804,0.002716958522796631],[0.0,1.0,-0.0,0.12523484230041504],[-0.945040321818804,0.0,0.3269538042852712,-0.9131530523300171],[0.0,0.0,0.0,1.0]]",train,1.0,1.0,1.0,1.0,INDEPENDENT_AND_HABITAT_TRIPLET_QUALIFIED,apartment_0,274677d9b7caa413230363b68f4aa472e5cc1afe87e422a489fa1b7d844c6182,32296d6457d3855ffe172cf1970364559def5dd15892e149b44d0bc7c6b7e938,ddd147f908537165c40a34b412cd21c3cbfb5a0615871375d02adecbbfaec6f7,84edb118f01fe1460ff64be4b6ef838f23ed4520740af9f457041b438a7b9f5a,pre_render_not_published/0266
267,frame_0267,location_089,candidate_0566,4a2902a3bf17ab5f042f8bcc02824a0563270c48987a8b781a1a49e88b8accef,"[0.6400046348571777,-1.374765157699585,0.6425215005874634]","[0.6400046348571777,0.12523484230041504,0.6425215005874634]",112.1501023338254,0,0,112.1501023338254,"[0.0,0.8297693422850816,0.0,0.5581064760453719]","[[-0.3770343227924335,0.0,0.9261992871064257,0.6400046348571777],[0.0,1.0,-0.0,0.12523484230041504],[-0.9261992871064257,0.0,-0.3770343227924335,0.6425215005874634],[0.0,0.0,0.0,1.0]]",train,1.0,1.0,1.0,1.0,INDEPENDENT_AND_HABITAT_TRIPLET_QUALIFIED,apartment_0,274677d9b7caa413230363b68f4aa472e5cc1afe87e422a489fa1b7d844c6182,32296d6457d3855ffe172cf1970364559def5dd15892e149b44d0bc7c6b7e938,ddd147f908537165c40a34b412cd21c3cbfb5a0615871375d02adecbbfaec6f7,84edb118f01fe1460ff64be4b6ef838f23ed4520740af9f457041b438a7b9f5a,pre_render_not_published/0267
268,frame_0268,location_089,candidate_0566,4a2902a3bf17ab5f042f8bcc02824a0563270c48987a8b781a1a49e88b8accef,"[0.6400046348571777,-1.374765157699585,0.6425215005874634]","[0.6400046348571777,0.12523484230041504,0.6425215005874634]",112.1501023338254,1,-60,52.1501023338254,"[0.0,0.43954809167769987,0.0,0.8982190574144441]","[[0.6135949502049847,0.0,0.7896209451901225,0.6400046348571777],[0.0,1.0,-0.0,0.12523484230041504],[-0.7896209451901225,0.0,0.6135949502049847,0.6425215005874634],[0.0,0.0,0.0,1.0]]",train,1.0,1.0,0.999990234375,0.999990234375,INDEPENDENT_AND_HABITAT_TRIPLET_QUALIFIED,apartment_0,274677d9b7caa413230363b68f4aa472e5cc1afe87e422a489fa1b7d844c6182,32296d6457d3855ffe172cf1970364559def5dd15892e149b44d0bc7c6b7e938,ddd147f908537165c40a34b412cd21c3cbfb5a0615871375d02adecbbfaec6f7,84edb118f01fe1460ff64be4b6ef838f23ed4520740af9f457041b438a7b9f5a,pre_render_not_published/0268
269,frame_0269,location_089,candidate_0566,4a2902a3bf17ab5f042f8bcc02824a0563270c48987a8b781a1a49e88b8accef,"[0.6400046348571777,-1.374765157699585,0.6425215005874634]","[0.6400046348571777,0.12523484230041504,0.6425215005874634]",112.1501023338254,2,60,172.1501023338254,"[0.0,0.9976545677230717,0.0,0.06844971512936265]","[[-0.9906292729974182,0.0,0.1365783419163034,0.6400046348571777],[0.0,1.0,-0.0,0.12523484230041504],[-0.1365783419163034,0.0,-0.9906292729974182,0.6425215005874634],[0.0,0.0,0.0,1.0]]",train,1.0,1.0,1.0,1.0,INDEPENDENT_AND_HABITAT_TRIPLET_QUALIFIED,apartment_0,274677d9b7caa413230363b68f4aa472e5cc1afe87e422a489fa1b7d844c6182,32296d6457d3855ffe172cf1970364559def5dd15892e149b44d0bc7c6b7e938,ddd147f908537165c40a34b412cd21c3cbfb5a0615871375d02adecbbfaec6f7,84edb118f01fe1460ff64be4b6ef838f23ed4520740af9f457041b438a7b9f5a,pre_render_not_published/0269
270,frame_0270,location_090,candidate_0476,3c7eaba787b1aec86cee921b451bcbd0a01623016753e78138c8b1445d065fed,"[0.41627371311187744,1.4252347946166992,1.1168874502182007]","[0.41627371311187744,2.925234794616699,1.1168874502182007]",83.07575347524843,0,0,83.07575347524843,"[0.0,0.6631150183815413,0.0,0.748517516426201]","[[0.12055694479369607,0.0,0.9927064133277319,0.41627371311187744],[0.0,1.0,-0.0,2.925234794616699],[-0.9927064133277319,0.0,0.12055694479369607,1.1168874502182007],[0.0,0.0,0.0,1.0]]",train,0.2084972462627852,0.2084972462627852,0.20528211805555555,0.20528645833333334,INDEPENDENT_AND_HABITAT_TRIPLET_QUALIFIED,apartment_0,274677d9b7caa413230363b68f4aa472e5cc1afe87e422a489fa1b7d844c6182,32296d6457d3855ffe172cf1970364559def5dd15892e149b44d0bc7c6b7e938,ddd147f908537165c40a34b412cd21c3cbfb5a0615871375d02adecbbfaec6f7,84edb118f01fe1460ff64be4b6ef838f23ed4520740af9f457041b438a7b9f5a,pre_render_not_published/0270
271,frame_0271,location_090,candidate_0476,3c7eaba787b1aec86cee921b451bcbd0a01623016753e78138c8b1445d065fed,"[0.41627371311187744,1.4252347946166992,1.1168874502182007]","[0.41627371311187744,2.925234794616699,1.1168874502182007]",83.07575347524843,1,-60,23.075753475248433,"[0.0,0.20001569333629934,0.0,0.9797926935934965]","[[0.9199874448383989,0.0,0.391947829869887,0.41627371311187744],[0.0,1.0,-0.0,2.925234794616699],[-0.391947829869887,0.0,0.9199874448383989,1.1168874502182007],[0.0,0.0,0.0,1.0]]",train,0.2832415420928403,0.2832415420928403,0.26795572916666666,0.26795572916666666,INDEPENDENT_AND_HABITAT_TRIPLET_QUALIFIED,apartment_0,274677d9b7caa413230363b68f4aa472e5cc1afe87e422a489fa1b7d844c6182,32296d6457d3855ffe172cf1970364559def5dd15892e149b44d0bc7c6b7e938,ddd147f908537165c40a34b412cd21c3cbfb5a0615871375d02adecbbfaec6f7,84edb118f01fe1460ff64be4b6ef838f23ed4520740af9f457041b438a7b9f5a,pre_render_not_published/0271
272,frame_0272,location_090,candidate_0476,3c7eaba787b1aec86cee921b451bcbd0a01623016753e78138c8b1445d065fed,"[0.41627371311187744,1.4252347946166992,1.1168874502182007]","[0.41627371311187744,2.925234794616699,1.1168874502182007]",83.07575347524843,2,60,143.07575347524843,"[0.0,0.9485332097625002,0.0,0.3166776752119553]","[[-0.7994305000447027,0.0,0.6007585834578449,0.41627371311187744],[0.0,1.0,-0.0,2.925234794616699],[-0.6007585834578449,0.0,-0.7994305000447027,1.1168874502182007],[0.0,0.0,0.0,1.0]]",train,0.30527143981117233,0.30527143981117233,0.29988823784722224,0.29991536458333334,INDEPENDENT_AND_HABITAT_TRIPLET_QUALIFIED,apartment_0,274677d9b7caa413230363b68f4aa472e5cc1afe87e422a489fa1b7d844c6182,32296d6457d3855ffe172cf1970364559def5dd15892e149b44d0bc7c6b7e938,ddd147f908537165c40a34b412cd21c3cbfb5a0615871375d02adecbbfaec6f7,84edb118f01fe1460ff64be4b6ef838f23ed4520740af9f457041b438a7b9f5a,pre_render_not_published/0272
273,frame_0273,location_091,candidate_0310,27713502b7bf5a79f531be980981ebb2df6b0aa467bcaba2b59217fb7fac9e8c,"[-0.17673417925834656,1.4252347946166992,2.9308266639709473]","[-0.17673417925834656,2.925234794616699,2.9308266639709473]",300.5500874482722,0,0,300.5500874482722,"[0.0,-0.49583697054005976,-0.0,0.8684156255190575]","[[0.5082913972913119,0.0,-0.8611851458540409,-0.17673417925834656],[-0.0,1.0,-0.0,2.925234794616699],[0.8611851458540409,0.0,0.5082913972913119,2.9308266639709473],[0.0,0.0,0.0,1.0]]",train,0.6129032258064516,0.6129032258064516,0.6224989149305555,0.6225065104166667,INDEPENDENT_AND_HABITAT_TRIPLET_QUALIFIED,apartment_0,274677d9b7caa413230363b68f4aa472e5cc1afe87e422a489fa1b7d844c6182,32296d6457d3855ffe172cf1970364559def5dd15892e149b44d0bc7c6b7e938,ddd147f908537165c40a34b412cd21c3cbfb5a0615871375d02adecbbfaec6f7,84edb118f01fe1460ff64be4b6ef838f23ed4520740af9f457041b438a7b9f5a,pre_render_not_published/0273
274,frame_0274,location_091,candidate_0310,27713502b7bf5a79f531be980981ebb2df6b0aa467bcaba2b59217fb7fac9e8c,"[-0.17673417925834656,1.4252347946166992,2.9308266639709473]","[-0.17673417925834656,2.925234794616699,2.9308266639709473]",300.5500874482722,1,-60,240.55008744827222,"[0.0,-0.8636152253827366,0.0,0.504151507472828]","[[-0.4916625150257502,0.0,-0.8707858355063856,-0.17673417925834656],[0.0,1.0,-0.0,2.925234794616699],[0.8707858355063856,-0.0,-0.4916625150257502,2.9308266639709473],[0.0,0.0,0.0,1.0]]",train,0.28560188827694727,0.28560188827694727,0.2823763020833333,0.2823763020833333,INDEPENDENT_AND_HABITAT_TRIPLET_QUALIFIED,apartment_0,274677d9b7caa413230363b68f4aa472e5cc1afe87e422a489fa1b7d844c6182,32296d6457d3855ffe172cf1970364559def5dd15892e149b44d0bc7c6b7e938,ddd147f908537165c40a34b412cd21c3cbfb5a0615871375d02adecbbfaec6f7,84edb118f01fe1460ff64be4b6ef838f23ed4520740af9f457041b438a7b9f5a,pre_render_not_published/0274
275,frame_0275,location_091,candidate_0310,27713502b7bf5a79f531be980981ebb2df6b0aa467bcaba2b59217fb7fac9e8c,"[-0.17673417925834656,1.4252347946166992,2.9308266639709473]","[-0.17673417925834656,2.925234794616699,2.9308266639709473]",300.5500874482722,2,60,0.5500874482722224,"[0.0,0.004800400136320998,0.0,0.9999884780128875]","[[0.9999539123170624,0.0,0.009600689652344984,-0.17673417925834656],[0.0,1.0,-0.0,2.925234794616699],[-0.009600689652344984,0.0,0.9999539123170624,2.9308266639709473],[0.0,0.0,0.0,1.0]]",train,0.5003933910306845,0.5003933910306845,0.5019010416666667,0.5019173177083334,INDEPENDENT_AND_HABITAT_TRIPLET_QUALIFIED,apartment_0,274677d9b7caa413230363b68f4aa472e5cc1afe87e422a489fa1b7d844c6182,32296d6457d3855ffe172cf1970364559def5dd15892e149b44d0bc7c6b7e938,ddd147f908537165c40a34b412cd21c3cbfb5a0615871375d02adecbbfaec6f7,84edb118f01fe1460ff64be4b6ef838f23ed4520740af9f457041b438a7b9f5a,pre_render_not_published/0275
276,frame_0276,location_092,candidate_0577,4b3458eabd6506b4214bbca672441507f4d1308013b46bed0930b4549b77628f,"[4.227324962615967,-1.374765157699585,0.6873506903648376]","[4.227324962615967,0.12523484230041504,0.6873506903648376]",321.9903552352939,0,0,321.9903552352939,"[0.0,-0.32564773424567806,-0.0,0.9454911703345813]","[[0.7879071063613126,0.0,-0.6157941147375017,4.227324962615967],[-0.0,1.0,-0.0,0.12523484230041504],[0.6157941147375017,0.0,0.7879071063613126,0.6873506903648376],[0.0,0.0,0.0,1.0]]",train,1.0,1.0,1.0,1.0,INDEPENDENT_AND_HABITAT_TRIPLET_QUALIFIED,apartment_0,274677d9b7caa413230363b68f4aa472e5cc1afe87e422a489fa1b7d844c6182,32296d6457d3855ffe172cf1970364559def5dd15892e149b44d0bc7c6b7e938,ddd147f908537165c40a34b412cd21c3cbfb5a0615871375d02adecbbfaec6f7,84edb118f01fe1460ff64be4b6ef838f23ed4520740af9f457041b438a7b9f5a,pre_render_not_published/0276
277,frame_0277,location_092,candidate_0577,4b3458eabd6506b4214bbca672441507f4d1308013b46bed0930b4549b77628f,"[4.227324962615967,-1.374765157699585,0.6873506903648376]","[4.227324962615967,0.12523484230041504,0.6873506903648376]",321.9903552352939,1,-60,261.9903552352939,"[0.0,-0.7547647957088914,0.0,0.6559955054407883]","[[-0.13933979368296917,0.0,-0.9902446272999352,4.227324962615967],[0.0,1.0,-0.0,0.12523484230041504],[0.9902446272999352,-0.0,-0.13933979368296917,0.6873506903648376],[0.0,0.0,0.0,1.0]]",train,1.0,1.0,1.0,1.0,INDEPENDENT_AND_HABITAT_TRIPLET_QUALIFIED,apartment_0,274677d9b7caa413230363b68f4aa472e5cc1afe87e422a489fa1b7d844c6182,32296d6457d3855ffe172cf1970364559def5dd15892e149b44d0bc7c6b7e938,ddd147f908537165c40a34b412cd21c3cbfb5a0615871375d02adecbbfaec6f7,84edb118f01fe1460ff64be4b6ef838f23ed4520740af9f457041b438a7b9f5a,pre_render_not_published/0277
278,frame_0278,location_092,candidate_0577,4b3458eabd6506b4214bbca672441507f4d1308013b46bed0930b4549b77628f,"[4.227324962615967,-1.374765157699585,0.6873506903648376]","[4.227324962615967,0.12523484230041504,0.6873506903648376]",321.9903552352939,2,60,21.99035523529392,"[0.0,0.19072637462569003,0.0,0.9816432396864663]","[[0.9272469000442819,0.0,0.374450512562434,4.227324962615967],[0.0,1.0,-0.0,0.12523484230041504],[-0.374450512562434,0.0,0.9272469000442819,0.6873506903648376],[0.0,0.0,0.0,1.0]]",train,1.0,1.0,1.0,1.0,INDEPENDENT_AND_HABITAT_TRIPLET_QUALIFIED,apartment_0,274677d9b7caa413230363b68f4aa472e5cc1afe87e422a489fa1b7d844c6182,32296d6457d3855ffe172cf1970364559def5dd15892e149b44d0bc7c6b7e938,ddd147f908537165c40a34b412cd21c3cbfb5a0615871375d02adecbbfaec6f7,84edb118f01fe1460ff64be4b6ef838f23ed4520740af9f457041b438a7b9f5a,pre_render_not_published/0278
279,frame_0279,location_093,candidate_0542,45c1fd71f01ca89c88eb35af5e76cc5fafdb0e95339768c83c5f2faf4fcb1ef2,"[4.043975830078125,-1.374765157699585,-0.3924940228462219]","[4.043975830078125,0.12523484230041504,-0.3924940228462219]",213.04912742643188,0,0,213.04912742643188,"[0.0,0.958697884359514,-0.0,-0.2844263815552137]","[[-0.8382032669508159,0.0,-0.5453579405060306,4.043975830078125],[0.0,1.0,-0.0,0.12523484230041504],[0.5453579405060306,-0.0,-0.8382032669508159,-0.3924940228462219],[0.0,0.0,0.0,1.0]]",train,1.0,1.0,1.0,1.0,INDEPENDENT_AND_HABITAT_TRIPLET_QUALIFIED,apartment_0,274677d9b7caa413230363b68f4aa472e5cc1afe87e422a489fa1b7d844c6182,32296d6457d3855ffe172cf1970364559def5dd15892e149b44d0bc7c6b7e938,ddd147f908537165c40a34b412cd21c3cbfb5a0615871375d02adecbbfaec6f7,84edb118f01fe1460ff64be4b6ef838f23ed4520740af9f457041b438a7b9f5a,pre_render_not_published/0279
280,frame_0280,location_093,candidate_0542,45c1fd71f01ca89c88eb35af5e76cc5fafdb0e95339768c83c5f2faf4fcb1ef2,"[4.043975830078125,-1.374765157699585,-0.3924940228462219]","[4.043975830078125,0.12523484230041504,-0.3924940228462219]",213.04912742643188,1,-60,153.04912742643188,"[0.0,0.972469913187342,0.0,0.23302847024645623]","[[-0.8913954641091929,0.0,0.4532263524615008,4.043975830078125],[0.0,1.0,-0.0,0.12523484230041504],[-0.4532263524615008,0.0,-0.8913954641091929,-0.3924940228462219],[0.0,0.0,0.0,1.0]]",train,1.0,1.0,1.0,1.0,INDEPENDENT_AND_HABITAT_TRIPLET_QUALIFIED,apartment_0,274677d9b7caa413230363b68f4aa472e5cc1afe87e422a489fa1b7d844c6182,32296d6457d3855ffe172cf1970364559def5dd15892e149b44d0bc7c6b7e938,ddd147f908537165c40a34b412cd21c3cbfb5a0615871375d02adecbbfaec6f7,84edb118f01fe1460ff64be4b6ef838f23ed4520740af9f457041b438a7b9f5a,pre_render_not_published/0280
281,frame_0281,location_093,candidate_0542,45c1fd71f01ca89c88eb35af5e76cc5fafdb0e95339768c83c5f2faf4fcb1ef2,"[4.043975830078125,-1.374765157699585,-0.3924940228462219]","[4.043975830078125,0.12523484230041504,-0.3924940228462219]",213.04912742643188,2,60,273.0491274264319,"[0.0,-0.6880435316321285,-0.0,0.7256694141130576]","[[0.05319219715837669,0.0,-0.9985842929675314,4.043975830078125],[-0.0,1.0,-0.0,0.12523484230041504],[0.9985842929675314,0.0,0.05319219715837669,-0.3924940228462219],[0.0,0.0,0.0,1.0]]",train,1.0,1.0,1.0,1.0,INDEPENDENT_AND_HABITAT_TRIPLET_QUALIFIED,apartment_0,274677d9b7caa413230363b68f4aa472e5cc1afe87e422a489fa1b7d844c6182,32296d6457d3855ffe172cf1970364559def5dd15892e149b44d0bc7c6b7e938,ddd147f908537165c40a34b412cd21c3cbfb5a0615871375d02adecbbfaec6f7,84edb118f01fe1460ff64be4b6ef838f23ed4520740af9f457041b438a7b9f5a,pre_render_not_published/0281
282,frame_0282,location_094,candidate_0257,2195e1b6019c2aa6aeae7ca1c70127c80539d4fbe48d280d93175a31b0edd475,"[2.736198663711548,-1.374765157699585,-1.2334935665130615]","[2.736198663711548,0.12523484230041504,-1.2334935665130615]",143.40680276677037,0,0,143.40680276677037,"[0.0,0.9494441162375425,0.0,0.31393609244862536]","[[-0.8028882597161763,0.0,0.5961295516999051,2.736198663711548],[0.0,1.0,-0.0,0.12523484230041504],[-0.5961295516999051,0.0,-0.8028882597161763,-1.2334935665130615],[0.0,0.0,0.0,1.0]]",train,1.0,1.0,1.0,1.0,INDEPENDENT_AND_HABITAT_TRIPLET_QUALIFIED,apartment_0,274677d9b7caa413230363b68f4aa472e5cc1afe87e422a489fa1b7d844c6182,32296d6457d3855ffe172cf1970364559def5dd15892e149b44d0bc7c6b7e938,ddd147f908537165c40a34b412cd21c3cbfb5a0615871375d02adecbbfaec6f7,84edb118f01fe1460ff64be4b6ef838f23ed4520740af9f457041b438a7b9f5a,pre_render_not_published/0282
283,frame_0283,location_094,candidate_0257,2195e1b6019c2aa6aeae7ca1c70127c80539d4fbe48d280d93175a31b0edd475,"[2.736198663711548,-1.374765157699585,-1.2334935665130615]","[2.736198663711548,0.12523484230041504,-1.2334935665130615]",143.40680276677037,1,-60,83.40680276677037,"[0.0,0.6652746779110645,0.0,0.746598689344101]","[[0.11481920586065875,0.0,0.9933864051644394,2.736198663711548],[0.0,1.0,-0.0,0.12523484230041504],[-0.9933864051644394,0.0,0.11481920586065875,-1.2334935665130615],[0.0,0.0,0.0,1.0]]",train,1.0,1.0,1.0,1.0,INDEPENDENT_AND_HABITAT_TRIPLET_QUALIFIED,apartment_0,274677d9b7caa413230363b68f4aa472e5cc1afe87e422a489fa1b7d844c6182,32296d6457d3855ffe172cf1970364559def5dd15892e149b44d0bc7c6b7e938,ddd147f908537165c40a34b412cd21c3cbfb5a0615871375d02adecbbfaec6f7,84edb118f01fe1460ff64be4b6ef838f23ed4520740af9f457041b438a7b9f5a,pre_render_not_published/0283
284,frame_0284,location_094,candidate_0257,2195e1b6019c2aa6aeae7ca1c70127c80539d4fbe48d280d93175a31b0edd475,"[2.736198663711548,-1.374765157699585,-1.2334935665130615]","[2.736198663711548,0.12523484230041504,-1.2334935665130615]",143.40680276677037,2,60,203.40680276677037,"[0.0,0.97921077035969,-0.0,-0.20284542689344165]","[[-0.9177074655768348,0.0,-0.3972568534645343,2.736198663711548],[0.0,1.0,-0.0,0.12523484230041504],[0.3972568534645343,-0.0,-0.9177074655768348,-1.2334935665130615],[0.0,0.0,0.0,1.0]]",train,1.0,1.0,1.0,1.0,INDEPENDENT_AND_HABITAT_TRIPLET_QUALIFIED,apartment_0,274677d9b7caa413230363b68f4aa472e5cc1afe87e422a489fa1b7d844c6182,32296d6457d3855ffe172cf1970364559def5dd15892e149b44d0bc7c6b7e938,ddd147f908537165c40a34b412cd21c3cbfb5a0615871375d02adecbbfaec6f7,84edb118f01fe1460ff64be4b6ef838f23ed4520740af9f457041b438a7b9f5a,pre_render_not_published/0284
285,frame_0285,location_095,candidate_0868,72c107f9b4b6ab41ecc036b18ef94ddd60fbafae15301c773dedfe1701c5b03e,"[3.7096052169799805,1.4252347946166992,2.671212673187256]","[3.7096052169799805,2.925234794616699,2.671212673187256]",45.79230387817473,0,0,45.79230387817473,"[0.0,0.38906208122311187,0.0,0.9212115375712251]","[[0.6972613939086815,0.0,0.7168169561084075,3.7096052169799805],[0.0,1.0,-0.0,2.925234794616699],[-0.7168169561084075,0.0,0.6972613939086815,2.671212673187256],[0.0,0.0,0.0,1.0]]",train,0.7199055861526357,0.7199055861526357,0.7212521701388889,0.7212858072916667,INDEPENDENT_AND_HABITAT_TRIPLET_QUALIFIED,apartment_0,274677d9b7caa413230363b68f4aa472e5cc1afe87e422a489fa1b7d844c6182,32296d6457d3855ffe172cf1970364559def5dd15892e149b44d0bc7c6b7e938,ddd147f908537165c40a34b412cd21c3cbfb5a0615871375d02adecbbfaec6f7,84edb118f01fe1460ff64be4b6ef838f23ed4520740af9f457041b438a7b9f5a,pre_render_not_published/0285
286,frame_0286,location_095,candidate_0868,72c107f9b4b6ab41ecc036b18ef94ddd60fbafae15301c773dedfe1701c5b03e,"[3.7096052169799805,1.4252347946166992,2.671212673187256]","[3.7096052169799805,2.925234794616699,2.671212673187256]",45.79230387817473,1,-60,345.7923038781747,"[0.0,-0.12366812279715299,-0.0,0.9923236344075598]","[[0.9694123908076566,0.0,-0.2454376021488625,3.7096052169799805],[-0.0,1.0,-0.0,2.925234794616699],[0.2454376021488625,0.0,0.9694123908076566,2.671212673187256],[0.0,0.0,0.0,1.0]]",train,0.5153422501966956,0.5153422501966956,0.5144401041666666,0.5144401041666666,INDEPENDENT_AND_HABITAT_TRIPLET_QUALIFIED,apartment_0,274677d9b7caa413230363b68f4aa472e5cc1afe87e422a489fa1b7d844c6182,32296d6457d3855ffe172cf1970364559def5dd15892e149b44d0bc7c6b7e938,ddd147f908537165c40a34b412cd21c3cbfb5a0615871375d02adecbbfaec6f7,84edb118f01fe1460ff64be4b6ef838f23ed4520740af9f457041b438a7b9f5a,pre_render_not_published/0286
287,frame_0287,location_095,candidate_0868,72c107f9b4b6ab41ecc036b18ef94ddd60fbafae15301c773dedfe1701c5b03e,"[3.7096052169799805,1.4252347946166992,2.671212673187256]","[3.7096052169799805,2.925234794616699,2.671212673187256]",45.79230387817473,2,60,105.79230387817472,"[0.0,0.797543414774072,0.0,0.603261553184448]","[[-0.27215099689897504,0.0,0.9622545582572701,3.7096052169799805],[0.0,1.0,-0.0,2.925234794616699],[-0.9622545582572701,0.0,-0.27215099689897504,2.671212673187256],[0.0,0.0,0.0,1.0]]",train,0.28481510621557826,0.28481510621557826,0.28890733506944444,0.28892578125,INDEPENDENT_AND_HABITAT_TRIPLET_QUALIFIED,apartment_0,274677d9b7caa413230363b68f4aa472e5cc1afe87e422a489fa1b7d844c6182,32296d6457d3855ffe172cf1970364559def5dd15892e149b44d0bc7c6b7e938,ddd147f908537165c40a34b412cd21c3cbfb5a0615871375d02adecbbfaec6f7,84edb118f01fe1460ff64be4b6ef838f23ed4520740af9f457041b438a7b9f5a,pre_render_not_published/0287
288,frame_0288,location_096,candidate_0195,192ddb4381637d96b55e539d53e64b34c372a4d64707427e3d79e4a06d0b132b,"[-0.6565583944320679,1.4252347946166992,0.6086075305938721]","[-0.6565583944320679,2.925234794616699,0.6086075305938721]",306.68812978693956,0,0,306.68812978693956,"[0.0,-0.44863179398989944,-0.0,0.8937166852092471]","[[0.5974590268428088,0.0,-0.8018994396082615,-0.6565583944320679],[-0.0,1.0,-0.0,2.925234794616699],[0.8018994396082615,0.0,0.5974590268428088,0.6086075305938721],[0.0,0.0,0.0,1.0]]",train,0.5908733280881195,0.5908733280881195,0.60041015625,0.60041015625,INDEPENDENT_AND_HABITAT_TRIPLET_QUALIFIED,apartment_0,274677d9b7caa413230363b68f4aa472e5cc1afe87e422a489fa1b7d844c6182,32296d6457d3855ffe172cf1970364559def5dd15892e149b44d0bc7c6b7e938,ddd147f908537165c40a34b412cd21c3cbfb5a0615871375d02adecbbfaec6f7,84edb118f01fe1460ff64be4b6ef838f23ed4520740af9f457041b438a7b9f5a,pre_render_not_published/0288
289,frame_0289,location_096,candidate_0195,192ddb4381637d96b55e539d53e64b34c372a4d64707427e3d79e4a06d0b132b,"[-0.6565583944320679,1.4252347946166992,0.6086075305938721]","[-0.6565583944320679,2.925234794616699,0.6086075305938721]",306.68812978693956,1,-60,246.68812978693956,"[0.0,-0.8353848731452636,0.0,0.5496654561822782]","[[-0.3957357725598558,0.0,-0.9183644147703318,-0.6565583944320679],[0.0,1.0,-0.0,2.925234794616699],[0.9183644147703318,-0.0,-0.3957357725598558,0.6086075305938721],[0.0,0.0,0.0,1.0]]",train,0.6286388670338316,0.6286388670338316,0.6347189670138889,0.6347493489583333,INDEPENDENT_AND_HABITAT_TRIPLET_QUALIFIED,apartment_0,274677d9b7caa413230363b68f4aa472e5cc1afe87e422a489fa1b7d844c6182,32296d6457d3855ffe172cf1970364559def5dd15892e149b44d0bc7c6b7e938,ddd147f908537165c40a34b412cd21c3cbfb5a0615871375d02adecbbfaec6f7,84edb118f01fe1460ff64be4b6ef838f23ed4520740af9f457041b438a7b9f5a,pre_render_not_published/0289
290,frame_0290,location_096,candidate_0195,192ddb4381637d96b55e539d53e64b34c372a4d64707427e3d79e4a06d0b132b,"[-0.6565583944320679,1.4252347946166992,0.6086075305938721]","[-0.6565583944320679,2.925234794616699,0.6086075305938721]",306.68812978693956,2,60,6.688129786939555,"[0.0,0.05833181206398375,0.0,0.998297250172178]","[[0.9931947994026642,0.0,0.11646497516207051,-0.6565583944320679],[0.0,1.0,-0.0,2.925234794616699],[-0.11646497516207051,0.0,0.9931947994026642,0.6086075305938721],[0.0,0.0,0.0,1.0]]",train,0.11565696302124312,0.11565696302124312,0.10544270833333333,0.10544270833333333,INDEPENDENT_AND_HABITAT_TRIPLET_QUALIFIED,apartment_0,274677d9b7caa413230363b68f4aa472e5cc1afe87e422a489fa1b7d844c6182,32296d6457d3855ffe172cf1970364559def5dd15892e149b44d0bc7c6b7e938,ddd147f908537165c40a34b412cd21c3cbfb5a0615871375d02adecbbfaec6f7,84edb118f01fe1460ff64be4b6ef838f23ed4520740af9f457041b438a7b9f5a,pre_render_not_published/0290
291,frame_0291,location_097,candidate_0006,00623dc722b3bdda649a2932758648cd190e7491e12d776a53d3134094cefa6d,"[1.8084056377410889,1.4252347946166992,2.028928756713867]","[1.8084056377410889,2.925234794616699,2.028928756713867]",231.82224396415847,0,0,231.82224396415847,"[0.0,0.899472972138318,-0.0,-0.4369763979812419]","[[-0.6181032552146787,0.0,-0.7860969188929683,1.8084056377410889],[0.0,1.0,-0.0,2.925234794616699],[0.7860969188929683,-0.0,-0.6181032552146787,2.028928756713867],[0.0,0.0,0.0,1.0]]",train,0.3013375295043273,0.3013375295043273,0.2968359375,0.2968359375,INDEPENDENT_AND_HABITAT_TRIPLET_QUALIFIED,apartment_0,274677d9b7caa413230363b68f4aa472e5cc1afe87e422a489fa1b7d844c6182,32296d6457d3855ffe172cf1970364559def5dd15892e149b44d0bc7c6b7e938,ddd147f908537165c40a34b412cd21c3cbfb5a0615871375d02adecbbfaec6f7,84edb118f01fe1460ff64be4b6ef838f23ed4520740af9f457041b438a7b9f5a,pre_render_not_published/0291
292,frame_0292,location_097,candidate_0006,00623dc722b3bdda649a2932758648cd190e7491e12d776a53d3134094cefa6d,"[1.8084056377410889,1.4252347946166992,2.028928756713867]","[1.8084056377410889,2.925234794616699,2.028928756713867]",231.82224396415847,1,-60,171.82224396415847,"[0.0,0.9974546428798969,0.0,0.07130382456318426]","[[-0.9898315292053254,0.0,0.14224466173128356,1.8084056377410889],[0.0,1.0,-0.0,2.925234794616699],[-0.14224466173128356,0.0,-0.9898315292053254,2.028928756713867],[0.0,0.0,0.0,1.0]]",train,0.36585365853658536,0.36585365853658536,0.36184244791666664,0.36184244791666664,INDEPENDENT_AND_HABITAT_TRIPLET_QUALIFIED,apartment_0,274677d9b7caa413230363b68f4aa472e5cc1afe87e422a489fa1b7d844c6182,32296d6457d3855ffe172cf1970364559def5dd15892e149b44d0bc7c6b7e938,ddd147f908537165c40a34b412cd21c3cbfb5a0615871375d02adecbbfaec6f7,84edb118f01fe1460ff64be4b6ef838f23ed4520740af9f457041b438a7b9f5a,pre_render_not_published/0292
293,frame_0293,location_097,candidate_0006,00623dc722b3bdda649a2932758648cd190e7491e12d776a53d3134094cefa6d,"[1.8084056377410889,1.4252347946166992,2.028928756713867]","[1.8084056377410889,2.925234794616699,2.028928756713867]",231.82224396415847,2,60,291.8222439641585,"[0.0,-0.5604782448986547,-0.0,0.8281691475751337]","[[0.3717282739906471,0.0,-0.9283415806242519,1.8084056377410889],[-0.0,1.0,-0.0,2.925234794616699],[0.9283415806242519,0.0,0.3717282739906471,2.028928756713867],[0.0,0.0,0.0,1.0]]",train,0.5885129819040126,0.5885129819040126,0.58580078125,0.58580078125,INDEPENDENT_AND_HABITAT_TRIPLET_QUALIFIED,apartment_0,274677d9b7caa413230363b68f4aa472e5cc1afe87e422a489fa1b7d844c6182,32296d6457d3855ffe172cf1970364559def5dd15892e149b44d0bc7c6b7e938,ddd147f908537165c40a34b412cd21c3cbfb5a0615871375d02adecbbfaec6f7,84edb118f01fe1460ff64be4b6ef838f23ed4520740af9f457041b438a7b9f5a,pre_render_not_published/0293
294,frame_0294,location_098,candidate_0659,5661651b6f44226361e8fc1d14b3265ee1712cf90fd2209efd9e19d03734f00e,"[0.9896584153175354,1.4252347946166992,1.5070288181304932]","[0.9896584153175354,2.925234794616699,1.5070288181304932]",202.70787095645295,0,0,202.70787095645295,"[0.0,0.9804297698596725,-0.0,-0.1968691605430107]","[[-0.9224850672541806,0.0,-0.3860327715273018,0.9896584153175354],[0.0,1.0,-0.0,2.925234794616699],[0.3860327715273018,-0.0,-0.9224850672541806,1.5070288181304932],[0.0,0.0,0.0,1.0]]",train,0.3949645948072384,0.3949645948072384,0.39322591145833335,0.39322591145833335,INDEPENDENT_AND_HABITAT_TRIPLET_QUALIFIED,apartment_0,274677d9b7caa413230363b68f4aa472e5cc1afe87e422a489fa1b7d844c6182,32296d6457d3855ffe172cf1970364559def5dd15892e149b44d0bc7c6b7e938,ddd147f908537165c40a34b412cd21c3cbfb5a0615871375d02adecbbfaec6f7,84edb118f01fe1460ff64be4b6ef838f23ed4520740af9f457041b438a7b9f5a,pre_render_not_published/0294
295,frame_0295,location_098,candidate_0659,5661651b6f44226361e8fc1d14b3265ee1712cf90fd2209efd9e19d03734f00e,"[0.9896584153175354,1.4252347946166992,1.5070288181304932]","[0.9896584153175354,2.925234794616699,1.5070288181304932]",202.70787095645295,1,-60,142.70787095645295,"[0.0,0.9475116675965125,0.0,0.3197211906778719]","[[-0.7955567204630477,0.0,0.605879117090266,0.9896584153175354],[0.0,1.0,-0.0,2.925234794616699],[-0.605879117090266,0.0,-0.7955567204630477,1.5070288181304932],[0.0,0.0,0.0,1.0]]",train,0.33831628638867034,0.33831628638867034,0.33496419270833333,0.33498046875,INDEPENDENT_AND_HABITAT_TRIPLET_QUALIFIED,apartment_0,274677d9b7caa413230363b68f4aa472e5cc1afe87e422a489fa1b7d844c6182,32296d6457d3855ffe172cf1970364559def5dd15892e149b44d0bc7c6b7e938,ddd147f908537165c40a34b412cd21c3cbfb5a0615871375d02adecbbfaec6f7,84edb118f01fe1460ff64be4b6ef838f23ed4520740af9f457041b438a7b9f5a,pre_render_not_published/0295
296,frame_0296,location_098,candidate_0659,5661651b6f44226361e8fc1d14b3265ee1712cf90fd2209efd9e19d03734f00e,"[0.9896584153175354,1.4252347946166992,1.5070288181304932]","[0.9896584153175354,2.925234794616699,1.5070288181304932]",202.70787095645295,2,60,262.70787095645295,"[0.0,-0.7506425070535018,0.0,0.6607085791818006]","[[-0.1269283467911327,0.0,-0.9919118886175677,0.9896584153175354],[0.0,1.0,-0.0,2.925234794616699],[0.9919118886175677,-0.0,-0.1269283467911327,1.5070288181304932],[0.0,0.0,0.0,1.0]]",train,0.6034618410700237,0.6034618410700237,0.5972102864583333,0.5972135416666666,INDEPENDENT_AND_HABITAT_TRIPLET_QUALIFIED,apartment_0,274677d9b7caa413230363b68f4aa472e5cc1afe87e422a489fa1b7d844c6182,32296d6457d3855ffe172cf1970364559def5dd15892e149b44d0bc7c6b7e938,ddd147f908537165c40a34b412cd21c3cbfb5a0615871375d02adecbbfaec6f7,84edb118f01fe1460ff64be4b6ef838f23ed4520740af9f457041b438a7b9f5a,pre_render_not_published/0296
297,frame_0297,location_099,candidate_0679,58c8e9b6e5edd7a21e9116d3ba71a30a4c339885954da11838c37845e1b58b45,"[0.821463942527771,-1.374765157699585,-0.6754326224327087]","[0.821463942527771,0.12523484230041504,-0.6754326224327087]",239.3756758651383,0,0,239.3756758651383,"[0.0,0.8687366649484511,-0.0,-0.49527427449267203]","[[-0.5094067860515147,0.0,-0.8605258429150553,0.821463942527771],[0.0,1.0,-0.0,0.12523484230041504],[0.8605258429150553,-0.0,-0.5094067860515147,-0.6754326224327087],[0.0,0.0,0.0,1.0]]",train,1.0,1.0,1.0,1.0,INDEPENDENT_AND_HABITAT_TRIPLET_QUALIFIED,apartment_0,274677d9b7caa413230363b68f4aa472e5cc1afe87e422a489fa1b7d844c6182,32296d6457d3855ffe172cf1970364559def5dd15892e149b44d0bc7c6b7e938,ddd147f908537165c40a34b412cd21c3cbfb5a0615871375d02adecbbfaec6f7,84edb118f01fe1460ff64be4b6ef838f23ed4520740af9f457041b438a7b9f5a,pre_render_not_published/0297
298,frame_0298,location_099,candidate_0679,58c8e9b6e5edd7a21e9116d3ba71a30a4c339885954da11838c37845e1b58b45,"[0.821463942527771,-1.374765157699585,-0.6754326224327087]","[0.821463942527771,0.12523484230041504,-0.6754326224327087]",239.3756758651383,1,-60,179.3756758651383,"[0.0,0.999985158290665,0.0,0.005448228922664131]","[[-0.9999406336032125,0.0,0.010896296123268142,0.821463942527771],[0.0,1.0,-0.0,0.12523484230041504],[-0.010896296123268142,0.0,-0.9999406336032125,-0.6754326224327087],[0.0,0.0,0.0,1.0]]",train,1.0,1.0,1.0,1.0,INDEPENDENT_AND_HABITAT_TRIPLET_QUALIFIED,apartment_0,274677d9b7caa413230363b68f4aa472e5cc1afe87e422a489fa1b7d844c6182,32296d6457d3855ffe172cf1970364559def5dd15892e149b44d0bc7c6b7e938,ddd147f908537165c40a34b412cd21c3cbfb5a0615871375d02adecbbfaec6f7,84edb118f01fe1460ff64be4b6ef838f23ed4520740af9f457041b438a7b9f5a,pre_render_not_published/0298
299,frame_0299,location_099,candidate_0679,58c8e9b6e5edd7a21e9116d3ba71a30a4c339885954da11838c37845e1b58b45,"[0.821463942527771,-1.374765157699585,-0.6754326224327087]","[0.821463942527771,0.12523484230041504,-0.6754326224327087]",239.3756758651383,2,60,299.3756758651383,"[0.0,-0.5047108837979927,-0.0,0.8632884360257869]","[[0.4905338475516984,0.0,-0.8714221390383236,0.821463942527771],[-0.0,1.0,-0.0,0.12523484230041504],[0.8714221390383236,0.0,0.4905338475516984,-0.6754326224327087],[0.0,0.0,0.0,1.0]]",train,1.0,1.0,1.0,1.0,INDEPENDENT_AND_HABITAT_TRIPLET_QUALIFIED,apartment_0,274677d9b7caa413230363b68f4aa472e5cc1afe87e422a489fa1b7d844c6182,32296d6457d3855ffe172cf1970364559def5dd15892e149b44d0bc7c6b7e938,ddd147f908537165c40a34b412cd21c3cbfb5a0615871375d02adecbbfaec6f7,84edb118f01fe1460ff64be4b6ef838f23ed4520740af9f457041b438a7b9f5a,pre_render_not_published/0299
