episode_id,state_id,method,cohort,group,max_steps,executed_steps,progress_m,positive_progress,goal_reached,terminal_reached,terminal_action_count,episode_terminal_reason,reference_collision,represented_segment_violation_count,represented_false_safe_count,runtime_total_s,logical_time_s
6eb7e6b20669348aaa469659edc5cca3ec100bfd445014c34d92d4c85bf6183b,16673c25ede2d2bf022e1f9eec4dd83dbb8d880d94572d25a91ed1ad0cc30e72,B0_CURRENT_CBF_ONLY,ACTIVATED,G0,10,10,0.039403685181236936,True,False,False,0,MAX_STEPS,False,0,0,0.08579527144320309,0.5
da8b9b29367c795fa349cc2f941aa700f50b970bc3b9a762a9ae6d31c95c4844,16673c25ede2d2bf022e1f9eec4dd83dbb8d880d94572d25a91ed1ad0cc30e72,B1_PLUS_SWEPT_SEGMENT,ACTIVATED,G0,10,10,0.039403685181236936,True,False,False,0,MAX_STEPS,False,0,0,0.11195160099305212,0.5
af62624628b4c7ee352781c47b3d341e76fd9022e9829575d38e01a2d5482c92,16673c25ede2d2bf022e1f9eec4dd83dbb8d880d94572d25a91ed1ad0cc30e72,B2_PLUS_TERMINAL_BACKUP,ACTIVATED,G0,10,10,0.039403685181236936,True,False,False,0,MAX_STEPS,False,0,0,0.8661279620137066,0.5
b5b01c42d3416bf53d4cd32688c236c108cdce0805fd2aaea5ddc5211899f662,16673c25ede2d2bf022e1f9eec4dd83dbb8d880d94572d25a91ed1ad0cc30e72,B3_FULL_UNIFIED_WITH_DIRECTIONAL_ALTERNATIVES,ACTIVATED,G0,10,10,0.039403685181236936,True,False,False,0,MAX_STEPS,False,0,0,0.7933591662440449,0.5
f5f77b6f70448f41c59336c8af8355bb8c37d0a129cc2a235ebbc1a618e1e0b7,1b08529e208b7a95585f65dbd64a2139c0a5a068f61de72ce2ddf12ea248dfa1,B0_CURRENT_CBF_ONLY,ACTIVATED,G0,10,10,0.020615183918462177,True,False,False,0,MAX_STEPS,False,0,0,0.062931943917647,0.5
0d7681f1fdfc9e20c5234ddc2b5d9e5185da6df11b3402efae3d9a7ac14c5f8f,1b08529e208b7a95585f65dbd64a2139c0a5a068f61de72ce2ddf12ea248dfa1,B1_PLUS_SWEPT_SEGMENT,ACTIVATED,G0,10,10,0.020615183918462177,True,False,False,0,MAX_STEPS,False,0,0,0.09659928665496409,0.5
97ad6fb82168d1df8c063102fe3c79b6c51c15c899dfc948a8064574a51866e4,1b08529e208b7a95585f65dbd64a2139c0a5a068f61de72ce2ddf12ea248dfa1,B2_PLUS_TERMINAL_BACKUP,ACTIVATED,G0,10,10,0.020615183918462177,True,False,False,0,MAX_STEPS,False,0,0,0.4610958506818861,0.5
bc7b0d1ad75d7a40c147ba4fdf76179883203009b3535dd5c3f2ec25b6a4d845,1b08529e208b7a95585f65dbd64a2139c0a5a068f61de72ce2ddf12ea248dfa1,B3_FULL_UNIFIED_WITH_DIRECTIONAL_ALTERNATIVES,ACTIVATED,G0,10,10,0.020615183918462177,True,False,False,0,MAX_STEPS,False,0,0,0.4783322976436466,0.5
2717798f35767a6122a98044620cccb49d96f53274f9f13d0e1b9966b342b326,268bfa7aff7902e7c03489a2ef13d2cd844a637d02376c677b5405b93fd40600,B0_CURRENT_CBF_ONLY,ACTIVATED,G0,10,10,0.011759093673921805,True,False,False,0,MAX_STEPS,False,0,0,0.06023639556951821,0.5
ea0c18ebdccd211946b5df9c6cef3722324ada2be338d425de4249455b3794f3,268bfa7aff7902e7c03489a2ef13d2cd844a637d02376c677b5405b93fd40600,B1_PLUS_SWEPT_SEGMENT,ACTIVATED,G0,10,10,0.011759093673921805,True,False,False,0,MAX_STEPS,False,0,0,0.0936795340385288,0.5
fb0eeda24334f08449d1cc23b751a99ae03465890fa310ec5ae810ffb25d536f,268bfa7aff7902e7c03489a2ef13d2cd844a637d02376c677b5405b93fd40600,B2_PLUS_TERMINAL_BACKUP,ACTIVATED,G0,10,10,0.011759093673921805,True,False,False,0,MAX_STEPS,False,0,0,0.47820832254365087,0.5
a87119b7942024c9cb704cba6a64ccd71cff01623725f2ef493ce1d15c8d744f,268bfa7aff7902e7c03489a2ef13d2cd844a637d02376c677b5405b93fd40600,B3_FULL_UNIFIED_WITH_DIRECTIONAL_ALTERNATIVES,ACTIVATED,G0,10,10,0.011759093673921805,True,False,False,0,MAX_STEPS,False,0,0,0.496397337410599,0.5
c2bcc4686be28b2f27ba9699359ad514e84e1ae07ad85799d3298ed81256d20e,27516cd9f03702e7e24f3433449198d5bd7f637a2b86a8733264955cfeaf1715,B0_CURRENT_CBF_ONLY,ACTIVATED,G0,10,10,0.03318379148835693,True,False,False,0,MAX_STEPS,False,0,0,0.06215149932540953,0.5
778f28716822cbe6c051791dbd96a37026ce37909fdc9f557c9b1558aef3b466,27516cd9f03702e7e24f3433449198d5bd7f637a2b86a8733264955cfeaf1715,B1_PLUS_SWEPT_SEGMENT,ACTIVATED,G0,10,10,0.03318379148835693,True,False,False,0,MAX_STEPS,False,0,0,0.096463164081797,0.5
e81105ebb467c8ecfa5d3948d5616f48afe1fdff939095b3983c6941ec44c1fb,27516cd9f03702e7e24f3433449198d5bd7f637a2b86a8733264955cfeaf1715,B2_PLUS_TERMINAL_BACKUP,ACTIVATED,G0,10,10,0.03318379148835693,True,False,False,0,MAX_STEPS,False,0,0,0.6627068042289466,0.5
c6be60fe9150a5462411a07dc81c1e1217bcab7514eb7b15becc2ec33f07b0b6,27516cd9f03702e7e24f3433449198d5bd7f637a2b86a8733264955cfeaf1715,B3_FULL_UNIFIED_WITH_DIRECTIONAL_ALTERNATIVES,ACTIVATED,G0,10,10,0.03318379148835693,True,False,False,0,MAX_STEPS,False,0,0,0.6756615431513637,0.5
13aa4d70824d5404361bd8b79fa937b499b7e4e5941fa5ec95132c8187498674,2af4f2a33860b33a6132bc23e926b8743956994fd88327e2bb5a7a918d4ccfdb,B0_CURRENT_CBF_ONLY,ACTIVATED,G0,10,10,0.009051988779155029,True,False,False,0,MAX_STEPS,False,0,0,0.05825616093352437,0.5
932246794d3c7709fd3a8ff68a2737737f3e095dd7092f8a2afcd490c414eb1b,2af4f2a33860b33a6132bc23e926b8743956994fd88327e2bb5a7a918d4ccfdb,B1_PLUS_SWEPT_SEGMENT,ACTIVATED,G0,10,10,0.009051988779155029,True,False,False,0,MAX_STEPS,False,0,0,0.09256837191060185,0.5
4ac4aca11e1229b38043074afce9e572477a57f6d9394ca7206d187f90ddc05f,2af4f2a33860b33a6132bc23e926b8743956994fd88327e2bb5a7a918d4ccfdb,B2_PLUS_TERMINAL_BACKUP,ACTIVATED,G0,10,10,0.009051988779155029,True,False,False,0,MAX_STEPS,False,0,0,0.5965631974395365,0.5
1d9975fe024b9e59ee1d195f873ce0f543ada4260e5ba90618a29d7be73b18ff,2af4f2a33860b33a6132bc23e926b8743956994fd88327e2bb5a7a918d4ccfdb,B3_FULL_UNIFIED_WITH_DIRECTIONAL_ALTERNATIVES,ACTIVATED,G0,10,10,0.009051988779155029,True,False,False,0,MAX_STEPS,False,0,0,0.6118381698615849,0.5
563f83f3ce93d36817860431f72fcead618a79339d2d98ee764205ce0338810a,32f4caf77583594bc044ae2fe8b8b401a09dde6f0221d49bd7245dbee47e498c,B0_CURRENT_CBF_ONLY,ACTIVATED,G0,10,10,0.014632605854775216,True,False,False,0,MAX_STEPS,False,0,0,0.060144139220938087,0.5
14120e3633bb60d86c3e48cb5f6391d0295bb3290d22b74d7ee523e2a2d4e90c,32f4caf77583594bc044ae2fe8b8b401a09dde6f0221d49bd7245dbee47e498c,B1_PLUS_SWEPT_SEGMENT,ACTIVATED,G0,10,10,0.014632605854775216,True,False,False,0,MAX_STEPS,False,0,0,0.09314716793596745,0.5
28afd6aa1c8c967144f57cb34d52f60fe01f3ff8304f65fc5b6e84673d73bd8b,32f4caf77583594bc044ae2fe8b8b401a09dde6f0221d49bd7245dbee47e498c,B2_PLUS_TERMINAL_BACKUP,ACTIVATED,G0,10,10,0.014632605854775216,True,False,False,0,MAX_STEPS,False,0,0,0.4847309165634215,0.5
55b24b6e41a88a7842fd09a26c0ab661af7ee62a7ab22c18a3f69e7c5edbeee4,32f4caf77583594bc044ae2fe8b8b401a09dde6f0221d49bd7245dbee47e498c,B3_FULL_UNIFIED_WITH_DIRECTIONAL_ALTERNATIVES,ACTIVATED,G0,10,10,0.014632605854775216,True,False,False,0,MAX_STEPS,False,0,0,0.5000390924979001,0.5
be7e6229af3ad832084a00db47157418319b51617fca869ab9b87b059f74a27e,3c75d7c13ee7223b0cb69a33268c796fb521a713545c13849f4836c0cbe1ef9c,B0_CURRENT_CBF_ONLY,ACTIVATED,G0,10,10,0.02518774831166437,True,False,False,0,MAX_STEPS,False,0,0,0.0644290263298899,0.5
65b3b8b43a8a7c845e0cb703fdfbb1f6b57cff02697a8ce12392b1bb7be8bba0,3c75d7c13ee7223b0cb69a33268c796fb521a713545c13849f4836c0cbe1ef9c,B1_PLUS_SWEPT_SEGMENT,ACTIVATED,G0,10,10,0.02518774831166437,True,False,False,0,MAX_STEPS,False,0,0,0.09763047029264271,0.5
021e87045f48e6a39dc1d06658f196575728dab2ed1d732b8304986c8e50c270,3c75d7c13ee7223b0cb69a33268c796fb521a713545c13849f4836c0cbe1ef9c,B2_PLUS_TERMINAL_BACKUP,ACTIVATED,G0,10,10,0.02518774831166437,True,False,False,0,MAX_STEPS,False,0,0,0.6134386621415615,0.5
b38b868269a2ce0e2bd22f0c97e761315e454f2bc8d97b558c0101d03a019676,3c75d7c13ee7223b0cb69a33268c796fb521a713545c13849f4836c0cbe1ef9c,B3_FULL_UNIFIED_WITH_DIRECTIONAL_ALTERNATIVES,ACTIVATED,G0,10,10,0.02518774831166437,True,False,False,0,MAX_STEPS,False,0,0,0.6294446310494095,0.5
ff6be0a0a485efd000b12966467aa86818a62056b7d83ea07a2078b4fe10bb76,3e4db02c9f634aaf69d33ddd33cbaa76acad1e73ffda432a23a30547cae8792c,B0_CURRENT_CBF_ONLY,ACTIVATED,G0,10,10,0.014911093222777616,True,False,False,0,MAX_STEPS,False,0,0,0.05739507358521223,0.5
d8bef43877f193072f3e03d4a76dfbbf52b6c828ea5c8c66f3553487538b7e6b,3e4db02c9f634aaf69d33ddd33cbaa76acad1e73ffda432a23a30547cae8792c,B1_PLUS_SWEPT_SEGMENT,ACTIVATED,G0,10,10,0.014911093222777616,True,False,False,0,MAX_STEPS,False,0,0,0.09104794869199395,0.5
2ce9314faaa9f222926fb712b52b8b4b9052bd2a80de4d9e62b83cf1a6926077,3e4db02c9f634aaf69d33ddd33cbaa76acad1e73ffda432a23a30547cae8792c,B2_PLUS_TERMINAL_BACKUP,ACTIVATED,G0,10,10,0.014911093222777616,True,False,False,0,MAX_STEPS,False,0,0,0.6029407440219074,0.5
c3b66cdc33c7efdd9106695d8858d1c36b72f06709673088db746200a859bc40,3e4db02c9f634aaf69d33ddd33cbaa76acad1e73ffda432a23a30547cae8792c,B3_FULL_UNIFIED_WITH_DIRECTIONAL_ALTERNATIVES,ACTIVATED,G0,10,10,0.014911093222777616,True,False,False,0,MAX_STEPS,False,0,0,0.6192691798787564,0.5
01fa81a25d8d1117339e832614cfb2ac618f58aba9c93c76325ff381f3dc9b6c,40e848a70950a9b08c6039a12d53b71dadd89815d0bdc4d81621dcec92c82558,B0_CURRENT_CBF_ONLY,ACTIVATED,G0,10,10,0.015062334752591777,True,False,False,0,MAX_STEPS,False,0,0,0.05781742208637297,0.5
308bcc2f3d4aaa7773c603141484c2b10cf69230926cfd4c4bf912fac167eb05,40e848a70950a9b08c6039a12d53b71dadd89815d0bdc4d81621dcec92c82558,B1_PLUS_SWEPT_SEGMENT,ACTIVATED,G0,10,10,0.015062334752591777,True,False,False,0,MAX_STEPS,False,0,0,0.09127834881655872,0.5
96b05ba7c975b67a105b285638fb6dd6d2f000048282443d7e21d38b912b1a06,40e848a70950a9b08c6039a12d53b71dadd89815d0bdc4d81621dcec92c82558,B2_PLUS_TERMINAL_BACKUP,ACTIVATED,G0,10,10,0.015062334752591777,True,False,False,0,MAX_STEPS,False,0,0,0.8387152820359915,0.5
80da145f550ff6210d2bc7c337ce9e11a750829296475eaaf842ce5c34403d19,40e848a70950a9b08c6039a12d53b71dadd89815d0bdc4d81621dcec92c82558,B3_FULL_UNIFIED_WITH_DIRECTIONAL_ALTERNATIVES,ACTIVATED,G0,10,10,0.015062334752591777,True,False,False,0,MAX_STEPS,False,0,0,0.8537148640025407,0.5
04cd6fe6f780cb8fe1a21d474277c7832a21100c8aa1a39dfb18412a2655bc51,4d7f5c7988bc467defc6a090b8cfa31b62a73a6c022d1273d791e429d981965b,B0_CURRENT_CBF_ONLY,ACTIVATED,G0,10,10,0.03272697852768325,True,False,False,0,MAX_STEPS,False,0,0,0.06882412265986204,0.5
f53f76b9b72e4a1ff3c0fedc45d826e031d212aa2f491c10a08a90d4a2cfec99,4d7f5c7988bc467defc6a090b8cfa31b62a73a6c022d1273d791e429d981965b,B1_PLUS_SWEPT_SEGMENT,ACTIVATED,G0,10,10,0.03272697852768325,True,False,False,0,MAX_STEPS,False,0,0,0.10210580518469214,0.5
fa39d0ddbbe23879b12168694bd9000ba1ed157305d674cb7c5b23ead93ea290,4d7f5c7988bc467defc6a090b8cfa31b62a73a6c022d1273d791e429d981965b,B2_PLUS_TERMINAL_BACKUP,ACTIVATED,G0,10,10,0.03272697852768325,True,False,False,0,MAX_STEPS,False,0,0,0.8333138099405915,0.5
686e70f53e0cb75783bb95d363866ac6abc3faf946b59a6650625bb0ad1bd7f0,4d7f5c7988bc467defc6a090b8cfa31b62a73a6c022d1273d791e429d981965b,B3_FULL_UNIFIED_WITH_DIRECTIONAL_ALTERNATIVES,ACTIVATED,G0,10,10,0.03272697852768325,True,False,False,0,MAX_STEPS,False,0,0,0.8490215591154993,0.5
ab4c8e8ee963691d5526c53af716afb5f62f692696bf9c377bab5fa1b66c081e,51c3250208358e100fdf3ff8090d555d59b84fd9cb72f18175425cf52f99d9b7,B0_CURRENT_CBF_ONLY,ACTIVATED,G0,10,10,0.004860892451231447,True,False,False,0,MAX_STEPS,False,0,0,0.0646429902408272,0.5
bda28301f039f1307ede16ed6518c6421515f5e0cca9ec5ebec1d86af066dd31,51c3250208358e100fdf3ff8090d555d59b84fd9cb72f18175425cf52f99d9b7,B1_PLUS_SWEPT_SEGMENT,ACTIVATED,G0,10,10,0.004860892451231447,True,False,False,0,MAX_STEPS,False,0,0,0.09807171579450369,0.5
be4118d4715a132b8a94bc40eebd6261cf9a5da86f0d8386dcf87c8d2380970e,51c3250208358e100fdf3ff8090d555d59b84fd9cb72f18175425cf52f99d9b7,B2_PLUS_TERMINAL_BACKUP,ACTIVATED,G0,10,10,0.004860892451231447,True,False,False,0,MAX_STEPS,False,0,0,0.37508403696119785,0.5
46e85c1cbcbd08fca5f08f1a84d5a245d79d46e15ad585b2cd108fa248dcb4c5,51c3250208358e100fdf3ff8090d555d59b84fd9cb72f18175425cf52f99d9b7,B3_FULL_UNIFIED_WITH_DIRECTIONAL_ALTERNATIVES,ACTIVATED,G0,10,10,0.004860892451231447,True,False,False,0,MAX_STEPS,False,0,0,0.3910713919904083,0.5
06f1c6d7ece457b01b0e42596e321097b6b95df05da827e9505ecd92d5dc6544,67488e99a304e8c46139402ea461364083d17399e3ebb9cd99516fe4897353b8,B0_CURRENT_CBF_ONLY,ACTIVATED,G0,10,10,-0.026597806007755742,False,False,False,0,MAX_STEPS,False,0,0,0.06955375685356557,0.5
47c50a1fff4b39e668ff335768b16281bb6a422862fbf3be7433e6b8d3c0f8dd,67488e99a304e8c46139402ea461364083d17399e3ebb9cd99516fe4897353b8,B1_PLUS_SWEPT_SEGMENT,ACTIVATED,G0,10,10,-0.026597806007755742,False,False,False,0,MAX_STEPS,False,0,0,0.10333138192072511,0.5
1e76c75e5151acbdd4137cc0182d60613ae76ba021f166a5e569e71919039965,67488e99a304e8c46139402ea461364083d17399e3ebb9cd99516fe4897353b8,B2_PLUS_TERMINAL_BACKUP,ACTIVATED,G0,10,10,-0.026597806007755742,False,False,False,0,MAX_STEPS,False,0,0,0.7055685997474939,0.5
59231b002dfc4b5e1c1733bb66d7a9cdce3722911bc418a92c0e0e1160a63a8d,67488e99a304e8c46139402ea461364083d17399e3ebb9cd99516fe4897353b8,B3_FULL_UNIFIED_WITH_DIRECTIONAL_ALTERNATIVES,ACTIVATED,G0,10,10,-0.026597806007755742,False,False,False,0,MAX_STEPS,False,0,0,0.7219357618596405,0.5
f2be628e417ad015753a2a5a5731b44fcee2ab6e5f9e130f230124867ace4fc8,7372c8b90d808f1c20691dc5727f846337e8d2a6e61e2957532dea5885289dd4,B0_CURRENT_CBF_ONLY,ACTIVATED,G0,10,10,0.0027975720884300115,True,False,False,0,MAX_STEPS,False,0,0,0.05865428294055164,0.5
097533d5b7962bce2502c77aac59d833221bf3d438022db27ea9673810097081,7372c8b90d808f1c20691dc5727f846337e8d2a6e61e2957532dea5885289dd4,B1_PLUS_SWEPT_SEGMENT,ACTIVATED,G0,10,10,0.0027975720884300115,True,False,False,0,MAX_STEPS,False,0,0,0.092050492297858,0.5
ef79ccdce26b68fb56e749839f48a9b5bba87f42f862b92fc38f936be34a9bb3,7372c8b90d808f1c20691dc5727f846337e8d2a6e61e2957532dea5885289dd4,B2_PLUS_TERMINAL_BACKUP,ACTIVATED,G0,10,10,0.0027975720884300115,True,False,False,0,MAX_STEPS,False,0,0,0.82521987776272,0.5
7d534ecc876bf854b30a8bd05471df7e1f900a4e9124b85ec893b7d82b87e497,7372c8b90d808f1c20691dc5727f846337e8d2a6e61e2957532dea5885289dd4,B3_FULL_UNIFIED_WITH_DIRECTIONAL_ALTERNATIVES,ACTIVATED,G0,10,10,0.0027975720884300115,True,False,False,0,MAX_STEPS,False,0,0,0.8461158811114728,0.5
726079abb234eceff9daae1417d821a149c8911ae4b36f344c8b0d933a3f732a,7c81c8300c444f11063dd4534e17c925bc0d1850fa7dc9752318a41c9fd6670b,B0_CURRENT_CBF_ONLY,ACTIVATED,G0,10,10,0.015051959860557407,True,False,False,0,MAX_STEPS,False,0,0,0.05687046726234257,0.5
4ea8d03993f7b41b4610c241c95bac673e0112ba9b972b984fffed233aad9ca3,7c81c8300c444f11063dd4534e17c925bc0d1850fa7dc9752318a41c9fd6670b,B1_PLUS_SWEPT_SEGMENT,ACTIVATED,G0,10,10,0.015051959860557407,True,False,False,0,MAX_STEPS,False,0,0,0.08977175480686128,0.5
d1fd6a256a0778dfa4c6ce6506807dea5e6abf57052a212c0aad86560eb94e67,7c81c8300c444f11063dd4534e17c925bc0d1850fa7dc9752318a41c9fd6670b,B2_PLUS_TERMINAL_BACKUP,ACTIVATED,G0,10,10,0.015051959860557407,True,False,False,0,MAX_STEPS,False,0,0,0.7269056697841734,0.5
2ae793d0a3f9f592f9a215f62c8dc4f61e7722a040e5e0db05f32654fa639639,7c81c8300c444f11063dd4534e17c925bc0d1850fa7dc9752318a41c9fd6670b,B3_FULL_UNIFIED_WITH_DIRECTIONAL_ALTERNATIVES,ACTIVATED,G0,10,10,0.015051959860557407,True,False,False,0,MAX_STEPS,False,0,0,0.742038291413337,0.5
a7dcf6f133a42d91d05380d406017b71a9366609284aaf0f98a064a484b64849,7ef9955d2c51727795afaee9529605e7b06bec4789fad385eac2753e2a6391d3,B0_CURRENT_CBF_ONLY,ACTIVATED,G0,10,10,0.026979963478519497,True,False,False,0,MAX_STEPS,False,0,0,0.0610375867690891,0.5
471e41aa03d18b5ceace1a404200d81efcd8c4e00eac93e51896ffcd85c76189,7ef9955d2c51727795afaee9529605e7b06bec4789fad385eac2753e2a6391d3,B1_PLUS_SWEPT_SEGMENT,ACTIVATED,G0,10,10,0.026979963478519497,True,False,False,0,MAX_STEPS,False,0,0,0.09397591091692448,0.5
5abdd1a22b0c109d4375549f266f55a4a7cf49aa1fd92f62667476ad81d8f3c9,7ef9955d2c51727795afaee9529605e7b06bec4789fad385eac2753e2a6391d3,B2_PLUS_TERMINAL_BACKUP,ACTIVATED,G0,10,10,0.026979963478519497,True,False,False,0,MAX_STEPS,False,0,0,0.549151489045471,0.5
83822c69cdb23c8df147fb73152199c68f7a1bb77ff871067c50f86cd11a99ad,7ef9955d2c51727795afaee9529605e7b06bec4789fad385eac2753e2a6391d3,B3_FULL_UNIFIED_WITH_DIRECTIONAL_ALTERNATIVES,ACTIVATED,G0,10,10,0.026979963478519497,True,False,False,0,MAX_STEPS,False,0,0,0.5663277967832983,0.5
295ede00b8d2d8dc46e802a6d0439fb04920089e6a034d85f2752906b01f3030,b0c82abc83530dfeadb43749dae9a5ab8a2fb7a22c2775708737d322e54b80bc,B0_CURRENT_CBF_ONLY,ACTIVATED,G0,10,10,-0.016019040512021965,False,False,False,0,MAX_STEPS,False,0,0,0.06760502024553716,0.5
eee669182af1e9d4120a35c59847b603123fc7066e4505fcbb5cde00547e28a5,b0c82abc83530dfeadb43749dae9a5ab8a2fb7a22c2775708737d322e54b80bc,B1_PLUS_SWEPT_SEGMENT,ACTIVATED,G0,10,10,-0.016019040512021965,False,False,False,0,MAX_STEPS,False,0,0,0.10071422415785491,0.5
7927cd5a5653183e5f1ca2adce136ba54d5a1ffafcbb1d7b3d4eb7c95b8f92b8,b0c82abc83530dfeadb43749dae9a5ab8a2fb7a22c2775708737d322e54b80bc,B2_PLUS_TERMINAL_BACKUP,ACTIVATED,G0,10,10,-0.016019040512021965,False,False,False,0,MAX_STEPS,False,0,0,0.5464469708967954,0.5
a5980509094bc384da77415a0f6b75e204ba81e36714f505641b7b8d7247592b,b0c82abc83530dfeadb43749dae9a5ab8a2fb7a22c2775708737d322e54b80bc,B3_FULL_UNIFIED_WITH_DIRECTIONAL_ALTERNATIVES,ACTIVATED,G0,10,10,-0.016019040512021965,False,False,False,0,MAX_STEPS,False,0,0,0.5651700596790761,0.5
c96ff994c17dc6adc2eee27ae3ab6dd0b58ff082fcdb1ad3967d65f7e2280f82,b472fcd9bd787199dc83cf4daba89f2899c434b3543cd023f38b1685703637f0,B0_CURRENT_CBF_ONLY,ACTIVATED,G0,10,10,0.019751551453358385,True,False,False,0,MAX_STEPS,False,0,0,0.06448004604317248,0.5
7c9daf5e8f819c27cd27e40dd9f25cea12945fcc564fc9e0bca0c9f1299725a7,b472fcd9bd787199dc83cf4daba89f2899c434b3543cd023f38b1685703637f0,B1_PLUS_SWEPT_SEGMENT,ACTIVATED,G0,10,10,0.019751551453358385,True,False,False,0,MAX_STEPS,False,0,0,0.09749885695055127,0.5
f5e310f4d9944bf1b011cd00309ce440c80d578aa69d0e4b460b2bb4d4bdfeb4,b472fcd9bd787199dc83cf4daba89f2899c434b3543cd023f38b1685703637f0,B2_PLUS_TERMINAL_BACKUP,ACTIVATED,G0,10,10,0.019751551453358385,True,False,False,0,MAX_STEPS,False,0,0,0.48203869815915823,0.5
ac0916a00ea2e457415f0a55051bf0820efc72f867a8f25e6c19f0391ae0784d,b472fcd9bd787199dc83cf4daba89f2899c434b3543cd023f38b1685703637f0,B3_FULL_UNIFIED_WITH_DIRECTIONAL_ALTERNATIVES,ACTIVATED,G0,10,10,0.019751551453358385,True,False,False,0,MAX_STEPS,False,0,0,0.4993490392807871,0.5
553fb9f3d7b686a1a7ede8491a05d764eb3098330165f1ea92b046de10e31197,b8c5d914e5f8da6402151743448ea10d7ba8a53642cf1242134e57a8eaf6b533,B0_CURRENT_CBF_ONLY,ACTIVATED,G0,10,10,0.00604457632226052,True,False,False,0,MAX_STEPS,False,0,0,0.057421526638790965,0.5
262ad7cefd8c085650da39b394817f7527d9362b7ecba792fefd5a562ae015bc,b8c5d914e5f8da6402151743448ea10d7ba8a53642cf1242134e57a8eaf6b533,B1_PLUS_SWEPT_SEGMENT,ACTIVATED,G0,10,10,0.00604457632226052,True,False,False,0,MAX_STEPS,False,0,0,0.09082265244796872,0.5
f4ebf695c25c254c1576f9ef9ad1068baa31aae1db09950f287802050c8779b3,b8c5d914e5f8da6402151743448ea10d7ba8a53642cf1242134e57a8eaf6b533,B2_PLUS_TERMINAL_BACKUP,ACTIVATED,G0,10,10,0.00604457632226052,True,False,False,0,MAX_STEPS,False,0,0,0.703451210167259,0.5
f7e90970670374a37d4d1b07092545c7ceefa816c317a0d3d65a42c3626947e6,b8c5d914e5f8da6402151743448ea10d7ba8a53642cf1242134e57a8eaf6b533,B3_FULL_UNIFIED_WITH_DIRECTIONAL_ALTERNATIVES,ACTIVATED,G0,10,10,0.00604457632226052,True,False,False,0,MAX_STEPS,False,0,0,0.7202030676417053,0.5
e1f5f40b2bdf1389ff9ab5bd163f394f376eb4dc20ef9678500dc9c6a419cfe2,d26f7bed3c565a9bc81a072a3ebb59f8c554dd20b021d0ea296aaecd9f6c24e9,B0_CURRENT_CBF_ONLY,ACTIVATED,G0,10,10,-0.005498185025068936,False,False,False,0,MAX_STEPS,False,0,0,0.06792487273924053,0.5
4b728fd2dbf008257cdc50fd5834869f5b0a4ee04c52b857268547dae605fd8f,d26f7bed3c565a9bc81a072a3ebb59f8c554dd20b021d0ea296aaecd9f6c24e9,B1_PLUS_SWEPT_SEGMENT,ACTIVATED,G0,10,10,-0.005498185025068936,False,False,False,0,MAX_STEPS,False,0,0,0.10103200608864427,0.5
047bcecd5741b1b76e8ba49f8654197eb1417c20a05d6a1b09dd7fb487513bd2,d26f7bed3c565a9bc81a072a3ebb59f8c554dd20b021d0ea296aaecd9f6c24e9,B2_PLUS_TERMINAL_BACKUP,ACTIVATED,G0,10,10,-0.005498185025068936,False,False,False,0,MAX_STEPS,False,0,0,0.4397366940975189,0.5
dc06ed8c80debb58dbffdf5966343d0c7c4383799802cbfe24d067c537e11b8d,d26f7bed3c565a9bc81a072a3ebb59f8c554dd20b021d0ea296aaecd9f6c24e9,B3_FULL_UNIFIED_WITH_DIRECTIONAL_ALTERNATIVES,ACTIVATED,G0,10,10,-0.005498185025068936,False,False,False,0,MAX_STEPS,False,0,0,0.45602744491770864,0.5
20edbdd6cd0bb5e35debf55d12c6b5655bbd75fa513a141c0780efb5011652b7,f69ad54a8dbeb2f508736a67896913d0e770d6406924def161b35d4c6d2431bf,B0_CURRENT_CBF_ONLY,ACTIVATED,G0,10,10,0.029472337009060268,True,False,False,0,MAX_STEPS,False,0,0,0.06313333963043988,0.5
0db9e79c01799a1088d51dfc359ced3bc8a034e1469850295f31c2bdcc40e150,f69ad54a8dbeb2f508736a67896913d0e770d6406924def161b35d4c6d2431bf,B1_PLUS_SWEPT_SEGMENT,ACTIVATED,G0,10,10,0.029472337009060268,True,False,False,0,MAX_STEPS,False,0,0,0.09633635357022285,0.5
f52d4026e0df7c6022c661dabc623688388a9a83ef7a125d7b22b5ecbc163692,f69ad54a8dbeb2f508736a67896913d0e770d6406924def161b35d4c6d2431bf,B2_PLUS_TERMINAL_BACKUP,ACTIVATED,G0,10,10,0.029472337009060268,True,False,False,0,MAX_STEPS,False,0,0,0.7203249710146338,0.5
491059b6b695f2983346fae375ec00dcfc2d6730ffa25997ab11f226a706c07c,f69ad54a8dbeb2f508736a67896913d0e770d6406924def161b35d4c6d2431bf,B3_FULL_UNIFIED_WITH_DIRECTIONAL_ALTERNATIVES,ACTIVATED,G0,10,10,0.029472337009060268,True,False,False,0,MAX_STEPS,False,0,0,0.7359044488985091,0.5
3cf689b01949c0ce442b8f8ac8427335ee86d6c4f766520b9c5b124c0db26b58,030d8f7ba9a25b1ee01f298345bcb252bc73e0f3d7a5be6a52276b0865322bf8,B0_CURRENT_CBF_ONLY,ACTIVATED,G1,10,10,-0.01336452221374787,False,False,False,0,MAX_STEPS,False,1,0,0.05681243212893605,0.5
45213af5dac9b57bffc0572827ee40cf407a336eb48adbe13762d53590f0b889,030d8f7ba9a25b1ee01f298345bcb252bc73e0f3d7a5be6a52276b0865322bf8,B1_PLUS_SWEPT_SEGMENT,ACTIVATED,G1,10,0,0.0,False,False,False,0,NO_CERTIFIED_ACTION,False,0,0,0.009127558907493949,0.0
3ab4af70af4bba468ad281234192d5d5351b40547f4ef9dcf09614f79f1cb856,030d8f7ba9a25b1ee01f298345bcb252bc73e0f3d7a5be6a52276b0865322bf8,B2_PLUS_TERMINAL_BACKUP,ACTIVATED,G1,10,0,0.0,False,False,False,0,NO_CERTIFIED_ACTION,False,0,0,0.010506341932341456,0.0
83852ac512d436228ff0ccab741cc6389cd9aff66dd5c944d2414af3370445aa,030d8f7ba9a25b1ee01f298345bcb252bc73e0f3d7a5be6a52276b0865322bf8,B3_FULL_UNIFIED_WITH_DIRECTIONAL_ALTERNATIVES,ACTIVATED,G1,10,0,0.0,False,False,False,0,NO_CERTIFIED_ACTION,False,0,0,0.021652218885719776,0.0
36f15af20de11c2d224771a6e9fca8326cebb0701171131b54434fb9883f6b85,090f20070806b0ee4830ba74eae43aa72994d11814860d4bb1c009a7719046c5,B0_CURRENT_CBF_ONLY,ACTIVATED,G1,10,10,-0.03094158786972162,False,False,False,0,MAX_STEPS,False,1,0,0.059727291110903025,0.5
508b2ee555763bd79ab8782953697906185b6f70d9e67744b3163b80f7d8e16d,090f20070806b0ee4830ba74eae43aa72994d11814860d4bb1c009a7719046c5,B1_PLUS_SWEPT_SEGMENT,ACTIVATED,G1,10,0,0.0,False,False,False,0,NO_CERTIFIED_ACTION,False,0,0,0.009658209048211575,0.0
b380a5bc42014598acd653f1d338c4b42c5651bafdc5874b88638ccdf9955e57,090f20070806b0ee4830ba74eae43aa72994d11814860d4bb1c009a7719046c5,B2_PLUS_TERMINAL_BACKUP,ACTIVATED,G1,10,0,0.0,False,False,False,0,NO_CERTIFIED_ACTION,False,0,0,0.010832331143319607,0.0
5926925a89545e86ba80faef1f7868bd234b57212deac0d13fe66161faf7583b,090f20070806b0ee4830ba74eae43aa72994d11814860d4bb1c009a7719046c5,B3_FULL_UNIFIED_WITH_DIRECTIONAL_ALTERNATIVES,ACTIVATED,G1,10,0,0.0,False,False,False,0,NO_CERTIFIED_ACTION,False,0,0,0.019243720918893814,0.0
0789620fa01b5a8bbeeef89ea84ad3a7a8d5bd3514e885cc9092a411abe31d29,1691f371be27704f087f13d39c0b0c846a4288c9530dd44b6680484cc6054c1a,B0_CURRENT_CBF_ONLY,ACTIVATED,G1,10,10,-0.03373659525437411,False,False,False,0,MAX_STEPS,False,1,0,0.06146390177309513,0.5
7e3bdac97046a7408b24771b362c6f77ba6cbd655140f93f65b722384f04b9b7,1691f371be27704f087f13d39c0b0c846a4288c9530dd44b6680484cc6054c1a,B1_PLUS_SWEPT_SEGMENT,ACTIVATED,G1,10,0,0.0,False,False,False,0,NO_CERTIFIED_ACTION,False,0,0,0.010218721115961671,0.0
65a4fbfac847c347b1e340ecfad3831b27691213907f2c636f2344fff2a41998,1691f371be27704f087f13d39c0b0c846a4288c9530dd44b6680484cc6054c1a,B2_PLUS_TERMINAL_BACKUP,ACTIVATED,G1,10,0,0.0,False,False,False,0,NO_CERTIFIED_ACTION,False,0,0,0.011324537917971611,0.0
325b93cd372e84fecc0f0e554cacf15866896711731a95b2fe353e7fd9ed91e1,1691f371be27704f087f13d39c0b0c846a4288c9530dd44b6680484cc6054c1a,B3_FULL_UNIFIED_WITH_DIRECTIONAL_ALTERNATIVES,ACTIVATED,G1,10,0,0.0,False,False,False,0,NO_CERTIFIED_ACTION,False,0,0,0.019382948987185955,0.0
e46df87663e16f5e30c7eb38542b5313f2b9d51737af0a67476f0bbb09534c3c,2067ab0c1e7ac5a75bb8773a63137dcc92db6e244b33bc35d661ee83c4fd64e3,B0_CURRENT_CBF_ONLY,ACTIVATED,G1,10,10,0.007139206844205853,True,False,False,0,MAX_STEPS,False,1,0,0.05200528912246227,0.5
6a32f007cf65cc60d08730ad71ebbe1e58df191a5e498e613de04bcfa3e8c621,2067ab0c1e7ac5a75bb8773a63137dcc92db6e244b33bc35d661ee83c4fd64e3,B1_PLUS_SWEPT_SEGMENT,ACTIVATED,G1,10,0,0.0,False,False,False,0,NO_CERTIFIED_ACTION,False,0,0,0.009455020073801279,0.0
d130271c143ac44098e4b7ebe9a8862b4a7e678ca6a327f6487ffec5298d901e,2067ab0c1e7ac5a75bb8773a63137dcc92db6e244b33bc35d661ee83c4fd64e3,B2_PLUS_TERMINAL_BACKUP,ACTIVATED,G1,10,0,0.0,False,False,False,0,NO_CERTIFIED_ACTION,False,0,0,0.010544341057538986,0.0
7090b2bbeab6bdcb81ba9ea86cf80fa3bc029ec3eeee0914968f7921c5ba17b7,2067ab0c1e7ac5a75bb8773a63137dcc92db6e244b33bc35d661ee83c4fd64e3,B3_FULL_UNIFIED_WITH_DIRECTIONAL_ALTERNATIVES,ACTIVATED,G1,10,0,0.0,False,False,False,0,NO_CERTIFIED_ACTION,False,0,0,0.030668302904814482,0.0
2f793c4dae10c1581b82236e13ed8389a4947c6c2c946eeadc1e211f6ca3287c,2e3e585d1d04ea8a1f278e9bd55a774712ebddd3cf29896f0368f706d5f05671,B0_CURRENT_CBF_ONLY,ACTIVATED,G1,10,10,-0.021270302048757683,False,False,False,0,MAX_STEPS,False,1,0,0.06081152427941561,0.5
bd119745da43bd14a76f390bedc2972258ce288811ca84b39aa6394f53172ad4,2e3e585d1d04ea8a1f278e9bd55a774712ebddd3cf29896f0368f706d5f05671,B1_PLUS_SWEPT_SEGMENT,ACTIVATED,G1,10,0,0.0,False,False,False,0,NO_CERTIFIED_ACTION,False,0,0,0.013304843101650476,0.0
baac58f4995ad6f147d36c0905886784e6b54f62df3b8618b82e0919b691c6f0,2e3e585d1d04ea8a1f278e9bd55a774712ebddd3cf29896f0368f706d5f05671,B2_PLUS_TERMINAL_BACKUP,ACTIVATED,G1,10,0,0.0,False,False,False,0,NO_CERTIFIED_ACTION,False,0,0,0.012128839967772365,0.0
45ff358ad612b8716fee59af1ab6b2b63ddacd1e8b58958cb39c8b921d3346e8,2e3e585d1d04ea8a1f278e9bd55a774712ebddd3cf29896f0368f706d5f05671,B3_FULL_UNIFIED_WITH_DIRECTIONAL_ALTERNATIVES,ACTIVATED,G1,10,0,0.0,False,False,False,0,NO_CERTIFIED_ACTION,False,0,0,0.024976816028356552,0.0
3ea096edc7dcef84e2b98a946a2e000f66b02407883d1ec1a81b98ad7a925dc4,399118ab0f77d17ea962d88e8936c4fc75cd72591aade25f89c318b982ebc57e,B0_CURRENT_CBF_ONLY,ACTIVATED,G1,10,10,0.04354547545310561,True,False,False,0,MAX_STEPS,False,1,0,0.06742617068812251,0.5
435b41a1f6f54a0c7ded12a1ce064ce84358f5cec27621ce8b000d74b9264464,399118ab0f77d17ea962d88e8936c4fc75cd72591aade25f89c318b982ebc57e,B1_PLUS_SWEPT_SEGMENT,ACTIVATED,G1,10,0,0.0,False,False,False,0,NO_CERTIFIED_ACTION,False,0,0,0.010871988022699952,0.0
b9a38e629dd15741ddbefd39c20843af5d5a092ec2cac8cfd623b658c78b1850,399118ab0f77d17ea962d88e8936c4fc75cd72591aade25f89c318b982ebc57e,B2_PLUS_TERMINAL_BACKUP,ACTIVATED,G1,10,0,0.0,False,False,False,0,NO_CERTIFIED_ACTION,False,0,0,0.012422431027516723,0.0
0c98bde2aa07fa945917a7a6406dcd9ee93f5ce8536e37013a752e1f01468881,399118ab0f77d17ea962d88e8936c4fc75cd72591aade25f89c318b982ebc57e,B3_FULL_UNIFIED_WITH_DIRECTIONAL_ALTERNATIVES,ACTIVATED,G1,10,0,0.0,False,False,False,0,NO_CERTIFIED_ACTION,False,0,0,0.024674646090716124,0.0
6dd81e341e7cc0eeb96c7247bd901a3db54ca90763cf428c249111b9d3215a34,49b0ef175ab71bfbef232228135f074233920cb420fb946fb5de8724962566de,B0_CURRENT_CBF_ONLY,ACTIVATED,G1,10,10,-0.01631675181350356,False,False,False,0,MAX_STEPS,False,1,0,0.06231448333710432,0.5
83c696c470ce157c6f3610d77348b866c549aa78b1b61a3a55db8bf184ca7beb,49b0ef175ab71bfbef232228135f074233920cb420fb946fb5de8724962566de,B1_PLUS_SWEPT_SEGMENT,ACTIVATED,G1,10,0,0.0,False,False,False,0,NO_CERTIFIED_ACTION,False,0,0,0.009964638156816363,0.0
c0ef339fa8db85ec24322168b0c5f72034d3780e550eebe8775f39d1ce26978e,49b0ef175ab71bfbef232228135f074233920cb420fb946fb5de8724962566de,B2_PLUS_TERMINAL_BACKUP,ACTIVATED,G1,10,0,0.0,False,False,False,0,NO_CERTIFIED_ACTION,False,0,0,0.01162204914726317,0.0
147cde54a13d3c598e2e578ec41401cd3e492237e6209254e543521a141de8db,49b0ef175ab71bfbef232228135f074233920cb420fb946fb5de8724962566de,B3_FULL_UNIFIED_WITH_DIRECTIONAL_ALTERNATIVES,ACTIVATED,G1,10,0,0.0,False,False,False,0,NO_CERTIFIED_ACTION,False,0,0,0.023885288974270225,0.0
70a83acdb9329776e0986e16a38b1bd7b0ab2e056ecd0a2b1ba3d9019fa7df99,5495cb05511f8a8104978641f88c57a83abb4da80c0489475be91cee92d9def0,B0_CURRENT_CBF_ONLY,ACTIVATED,G1,10,10,-0.025471502205420105,False,False,False,0,MAX_STEPS,False,1,0,0.059612683253362775,0.5
7196acd82b61992ae6d873077f8536416415ae1f3d7480736467c997119bade4,5495cb05511f8a8104978641f88c57a83abb4da80c0489475be91cee92d9def0,B1_PLUS_SWEPT_SEGMENT,ACTIVATED,G1,10,0,0.0,False,False,False,0,NO_CERTIFIED_ACTION,False,0,0,0.009687509154900908,0.0
235a9eca1322d347a1d00c96bdd99f70a957a5d790b11be68536a8a8ebaa1a09,5495cb05511f8a8104978641f88c57a83abb4da80c0489475be91cee92d9def0,B2_PLUS_TERMINAL_BACKUP,ACTIVATED,G1,10,0,0.0,False,False,False,0,NO_CERTIFIED_ACTION,False,0,0,0.011014316929504275,0.0
460b5a2bf5c7ce4e9fa2e21a57e05ec561fcb69abdee5bc5444e35abca27a3f6,5495cb05511f8a8104978641f88c57a83abb4da80c0489475be91cee92d9def0,B3_FULL_UNIFIED_WITH_DIRECTIONAL_ALTERNATIVES,ACTIVATED,G1,10,0,0.0,False,False,False,0,NO_CERTIFIED_ACTION,False,0,0,0.01919563300907612,0.0
c568ac9f1f756e75a969cd1dec3d60852d7a8bb366de430ce74f2559725d599f,6f7adbb9fec89e634eeac5fef1500ad938acb8b3014a18853e30bccdfbd00d00,B0_CURRENT_CBF_ONLY,ACTIVATED,G1,10,10,-0.024136726712152362,False,False,False,0,MAX_STEPS,False,1,0,0.05774158425629139,0.5
72dbcbf18926ca23a09ce523daf126c4bf4e67e231a2c81ff9689cfacf6247d0,6f7adbb9fec89e634eeac5fef1500ad938acb8b3014a18853e30bccdfbd00d00,B1_PLUS_SWEPT_SEGMENT,ACTIVATED,G1,10,0,0.0,False,False,False,0,NO_CERTIFIED_ACTION,False,0,0,0.009710930986329913,0.0
5963fcd35ab7b87d5b4d6449da1af48dbcdf1e6c4302f6cd76dc63b0107f3023,6f7adbb9fec89e634eeac5fef1500ad938acb8b3014a18853e30bccdfbd00d00,B2_PLUS_TERMINAL_BACKUP,ACTIVATED,G1,10,0,0.0,False,False,False,0,NO_CERTIFIED_ACTION,False,0,0,0.01084514893591404,0.0
7d390b1dd3441f42ef0ab2b2dda0c269ac3500be549512180e9b616d6890fbf5,6f7adbb9fec89e634eeac5fef1500ad938acb8b3014a18853e30bccdfbd00d00,B3_FULL_UNIFIED_WITH_DIRECTIONAL_ALTERNATIVES,ACTIVATED,G1,10,0,0.0,False,False,False,0,NO_CERTIFIED_ACTION,False,0,0,0.015518757048994303,0.0
8ae0f7c9d03b13477fa4d4ec0ab2ea3a80bee43e323022d33eaa13c745acb0ba,7d5b05408eb273ca289e72b156b037bc9260c8469e4612fa0e2c983db9310a95,B0_CURRENT_CBF_ONLY,ACTIVATED,G1,10,10,-0.03373614791620594,False,False,False,0,MAX_STEPS,False,1,0,0.06128345848992467,0.5
7400c7ba10b2d7f255a47b758b45f971730024627afa4167e52cb569447fc711,7d5b05408eb273ca289e72b156b037bc9260c8469e4612fa0e2c983db9310a95,B1_PLUS_SWEPT_SEGMENT,ACTIVATED,G1,10,0,0.0,False,False,False,0,NO_CERTIFIED_ACTION,False,0,0,0.009960416005924344,0.0
a0bba369d27f9968e9175c05a182723729c2fa685b6edc2da461535fcb8a2a62,7d5b05408eb273ca289e72b156b037bc9260c8469e4612fa0e2c983db9310a95,B2_PLUS_TERMINAL_BACKUP,ACTIVATED,G1,10,0,0.0,False,False,False,0,NO_CERTIFIED_ACTION,False,0,0,0.011276393197476864,0.0
76ad50a897180f0720157df980293a18b5a7a09056ed6b0b9fd18fe67910ef78,7d5b05408eb273ca289e72b156b037bc9260c8469e4612fa0e2c983db9310a95,B3_FULL_UNIFIED_WITH_DIRECTIONAL_ALTERNATIVES,ACTIVATED,G1,10,0,0.0,False,False,False,0,NO_CERTIFIED_ACTION,False,0,0,0.019438377115875483,0.0
98fc90e502b2c527820b1a9f0751dcaa4570a4dbcda8e218b688fe572fa54ce1,8c5131598950fa5281f092c126c1c2c7f632435d62d4ba0fa705afac40b84d05,B0_CURRENT_CBF_ONLY,ACTIVATED,G1,10,10,0.03802234005880056,True,False,False,0,MAX_STEPS,False,1,0,0.06383654288947582,0.5
805d0084dc7d4505d20f0ff228c3a56a01b198ab944d420e1e5e1634dce2a1f0,8c5131598950fa5281f092c126c1c2c7f632435d62d4ba0fa705afac40b84d05,B1_PLUS_SWEPT_SEGMENT,ACTIVATED,G1,10,0,0.0,False,False,False,0,NO_CERTIFIED_ACTION,False,0,0,0.00971865700557828,0.0
3d1d8440f71a565933edde23d2c3d567492c940d26f6ead99a2f01938153ed9a,8c5131598950fa5281f092c126c1c2c7f632435d62d4ba0fa705afac40b84d05,B2_PLUS_TERMINAL_BACKUP,ACTIVATED,G1,10,0,0.0,False,False,False,0,NO_CERTIFIED_ACTION,False,0,0,0.010963230160996318,0.0
2db832c5999999b4c270138dbaa19ca6f6b0339c8994a8d01984e11a828bc3e5,8c5131598950fa5281f092c126c1c2c7f632435d62d4ba0fa705afac40b84d05,B3_FULL_UNIFIED_WITH_DIRECTIONAL_ALTERNATIVES,ACTIVATED,G1,10,0,0.0,False,False,False,0,NO_CERTIFIED_ACTION,False,0,0,0.019053386989980936,0.0
c091b09d968347972e58bac44698687028488eed2ea03eda5ba1ab9331b6edd7,92d100bdbec8b636d9f5bd6291ca4ef09b4becc672d782833a38aa3612a6c315,B0_CURRENT_CBF_ONLY,ACTIVATED,G1,10,10,0.04307281180414779,True,False,False,0,MAX_STEPS,False,1,0,0.060661320108920336,0.5
3e417f4a368ec3d1ec88a54b9f1de863961eff77c22caf7f932615cb46c67e25,92d100bdbec8b636d9f5bd6291ca4ef09b4becc672d782833a38aa3612a6c315,B1_PLUS_SWEPT_SEGMENT,ACTIVATED,G1,10,0,0.0,False,False,False,0,NO_CERTIFIED_ACTION,False,0,0,0.009081416064873338,0.0
dbb284388dfb859bb64287c6b786dc75b699e2d5218629598930c367f769cc1d,92d100bdbec8b636d9f5bd6291ca4ef09b4becc672d782833a38aa3612a6c315,B2_PLUS_TERMINAL_BACKUP,ACTIVATED,G1,10,0,0.0,False,False,False,0,NO_CERTIFIED_ACTION,False,0,0,0.01393652893602848,0.0
270772817127e0c3a0b3fe8317c18ded58e54ac1099f1bb039c8c3b7b03db48d,92d100bdbec8b636d9f5bd6291ca4ef09b4becc672d782833a38aa3612a6c315,B3_FULL_UNIFIED_WITH_DIRECTIONAL_ALTERNATIVES,ACTIVATED,G1,10,0,0.0,False,False,False,0,NO_CERTIFIED_ACTION,False,0,0,0.02229524007998407,0.0
dcfde01d0abafc5bddb7537fac57f0ae3b7dca79e0701408c5819394b6c39cf6,a4560beffdfb3160ae7aaa0b1344aadded4389eeb59e56f746fae751ee5de4a5,B0_CURRENT_CBF_ONLY,ACTIVATED,G1,10,10,0.0529554980891348,True,False,False,0,MAX_STEPS,False,1,0,0.0668126365635544,0.5
394207f92ccc8e83b8e51cf04c7b8be3c365a2eb37dce316ce7c2ff59a59b002,a4560beffdfb3160ae7aaa0b1344aadded4389eeb59e56f746fae751ee5de4a5,B1_PLUS_SWEPT_SEGMENT,ACTIVATED,G1,10,0,0.0,False,False,False,0,NO_CERTIFIED_ACTION,False,0,0,0.010417808080092072,0.0
4fe0bc56b9097fa18ce3b52ee3266c20659930ea8805d10727788e689dd02bd6,a4560beffdfb3160ae7aaa0b1344aadded4389eeb59e56f746fae751ee5de4a5,B2_PLUS_TERMINAL_BACKUP,ACTIVATED,G1,10,0,0.0,False,False,False,0,NO_CERTIFIED_ACTION,False,0,0,0.011605796171352267,0.0
a0ee92ae52ee6ad56757009f6c3ad1f647a9c622405f6406a4649b6652479ea0,a4560beffdfb3160ae7aaa0b1344aadded4389eeb59e56f746fae751ee5de4a5,B3_FULL_UNIFIED_WITH_DIRECTIONAL_ALTERNATIVES,ACTIVATED,G1,10,0,0.0,False,False,False,0,NO_CERTIFIED_ACTION,False,0,0,0.022335042944177985,0.0
67f1c168766861ca10a43cee306cbed95fcf1d41282692575cd41f8984e82565,adcb20bdf3ec3de47a9eff8d566bc91a89f85074a5325f289e87923f7dc07336,B0_CURRENT_CBF_ONLY,ACTIVATED,G1,10,10,0.039373641386465874,True,False,False,0,MAX_STEPS,False,1,0,0.055751636857166886,0.5
3e12379c2916a2d72af81831ef8bc601ea46b0a768c4613cc4485d9ec024bb85,adcb20bdf3ec3de47a9eff8d566bc91a89f85074a5325f289e87923f7dc07336,B1_PLUS_SWEPT_SEGMENT,ACTIVATED,G1,10,0,0.0,False,False,False,0,NO_CERTIFIED_ACTION,False,0,0,0.009573791176080704,0.0
2a97e83b6ff401f88ef625ced51588ef37d183918e0e9ba6cd59c2dedad7a9db,adcb20bdf3ec3de47a9eff8d566bc91a89f85074a5325f289e87923f7dc07336,B2_PLUS_TERMINAL_BACKUP,ACTIVATED,G1,10,0,0.0,False,False,False,0,NO_CERTIFIED_ACTION,False,0,0,0.014033333864063025,0.0
afe2a64134306736b3aac23af24b9c398fe6208d5df7fb4942b76c4ec31362d3,adcb20bdf3ec3de47a9eff8d566bc91a89f85074a5325f289e87923f7dc07336,B3_FULL_UNIFIED_WITH_DIRECTIONAL_ALTERNATIVES,ACTIVATED,G1,10,0,0.0,False,False,False,0,NO_CERTIFIED_ACTION,False,0,0,0.02524754893966019,0.0
1c3eaa547fcab79584739876dc3475ad3f2e5f5896c6d573c9cc6e577b136438,b29cbd56936551c388e97d7f79f8b5fe4087c4a6e428f9684373a8f44cdc0074,B0_CURRENT_CBF_ONLY,ACTIVATED,G1,10,10,0.04676010432962993,True,False,False,0,MAX_STEPS,False,1,0,0.05400505173020065,0.5
6913da6d6cec9f4c604c503777fb37e71b00e007528154d819958e24e2518634,b29cbd56936551c388e97d7f79f8b5fe4087c4a6e428f9684373a8f44cdc0074,B1_PLUS_SWEPT_SEGMENT,ACTIVATED,G1,10,0,0.0,False,False,False,0,NO_CERTIFIED_ACTION,False,0,0,0.009058402851223946,0.0
18b8162cedff58b684f705a8d449c9f4f40a8ee5544cbc9698c36abf0f7a28cc,b29cbd56936551c388e97d7f79f8b5fe4087c4a6e428f9684373a8f44cdc0074,B2_PLUS_TERMINAL_BACKUP,ACTIVATED,G1,10,0,0.0,False,False,False,0,NO_CERTIFIED_ACTION,False,0,0,0.01014350913465023,0.0
a8ece899ad665d23b21c9799b8ee8ca002ea30291706049bf344fee13b010c98,b29cbd56936551c388e97d7f79f8b5fe4087c4a6e428f9684373a8f44cdc0074,B3_FULL_UNIFIED_WITH_DIRECTIONAL_ALTERNATIVES,ACTIVATED,G1,10,0,0.0,False,False,False,0,NO_CERTIFIED_ACTION,False,0,0,0.021476780995726585,0.0
eed8e305de29a53ce5e1723511a8daec09d4ba77a76b01a13b18b13591919058,bc6f2ebbcafb4b9cacdee984201720479aef514da218cff9adc9948486888463,B0_CURRENT_CBF_ONLY,ACTIVATED,G1,10,10,-0.018989714332303786,False,False,False,0,MAX_STEPS,False,1,0,0.057107292115688324,0.5
ae4c7a3e98372a88b18ac2985a3167f922b19d2a13c639ea4225297b98f25820,bc6f2ebbcafb4b9cacdee984201720479aef514da218cff9adc9948486888463,B1_PLUS_SWEPT_SEGMENT,ACTIVATED,G1,10,0,0.0,False,False,False,0,NO_CERTIFIED_ACTION,False,0,0,0.00963931204751134,0.0
0eed07371b82cd446ebde7790691aeec6443c84f46ec03faee5ada1e5084a0b8,bc6f2ebbcafb4b9cacdee984201720479aef514da218cff9adc9948486888463,B2_PLUS_TERMINAL_BACKUP,ACTIVATED,G1,10,0,0.0,False,False,False,0,NO_CERTIFIED_ACTION,False,0,0,0.010866997996345162,0.0
c9f629988ece6762095a68e5a78115b00c70122677c7c6c4d729c0fdbaef5e46,bc6f2ebbcafb4b9cacdee984201720479aef514da218cff9adc9948486888463,B3_FULL_UNIFIED_WITH_DIRECTIONAL_ALTERNATIVES,ACTIVATED,G1,10,0,0.0,False,False,False,0,NO_CERTIFIED_ACTION,False,0,0,0.025016769068315625,0.0
055fab29c908c3c983ab5df0ea255bc7ae6983d3bca2698e39f4ee092d885900,bd6b06d31c5a672f05902eb6ba52a9eb995e46e64d5b7121d8930796d4b3509f,B0_CURRENT_CBF_ONLY,ACTIVATED,G1,10,10,-0.030942659780351434,False,False,False,0,MAX_STEPS,False,1,0,0.05919541697949171,0.5
52e1f6ce7f7f82fcdf0ca171225aa783f68d48f7dbc7c6986792166adeb717b8,bd6b06d31c5a672f05902eb6ba52a9eb995e46e64d5b7121d8930796d4b3509f,B1_PLUS_SWEPT_SEGMENT,ACTIVATED,G1,10,0,0.0,False,False,False,0,NO_CERTIFIED_ACTION,False,0,0,0.00967563409358263,0.0
05bacc481402a51c9052b8c8473b0344ad45400ddf228085cb166c59d46a1d4d,bd6b06d31c5a672f05902eb6ba52a9eb995e46e64d5b7121d8930796d4b3509f,B2_PLUS_TERMINAL_BACKUP,ACTIVATED,G1,10,0,0.0,False,False,False,0,NO_CERTIFIED_ACTION,False,0,0,0.010925412876531482,0.0
7395665c5a54cd508844f30d5bb35d55eaa33e8663c64c60dc7c691f20eb1a5e,bd6b06d31c5a672f05902eb6ba52a9eb995e46e64d5b7121d8930796d4b3509f,B3_FULL_UNIFIED_WITH_DIRECTIONAL_ALTERNATIVES,ACTIVATED,G1,10,0,0.0,False,False,False,0,NO_CERTIFIED_ACTION,False,0,0,0.018300184048712254,0.0
726745464cf3bcb6398aef685f59a12cdbc14f24ffc4aa96a6cdc32d50080977,c69ec8e2ab6acaad7ef65999893553c1e44f7e3e1f72a56bc398a991d50f7f34,B0_CURRENT_CBF_ONLY,ACTIVATED,G1,10,10,-0.007302967534579041,False,False,False,0,MAX_STEPS,False,1,0,0.07000151206739247,0.5
08cd319b4d8b7b8583cd4ded5e7a779a5c3c5d8b7d6cbbfa60b283c5b149fd98,c69ec8e2ab6acaad7ef65999893553c1e44f7e3e1f72a56bc398a991d50f7f34,B1_PLUS_SWEPT_SEGMENT,ACTIVATED,G1,10,0,0.0,False,False,False,0,NO_CERTIFIED_ACTION,False,0,0,0.010306512005627155,0.0
a1a27ce1be0583acb710d2bd4d022c3d131439593b04ab71c9f4442a318b93a7,c69ec8e2ab6acaad7ef65999893553c1e44f7e3e1f72a56bc398a991d50f7f34,B2_PLUS_TERMINAL_BACKUP,ACTIVATED,G1,10,0,0.0,False,False,False,0,NO_CERTIFIED_ACTION,False,0,0,0.011356190079823136,0.0
ed344e0ca7c9339868675dfba13fcde212a1296b5761206aa71a2ec99999b3e6,c69ec8e2ab6acaad7ef65999893553c1e44f7e3e1f72a56bc398a991d50f7f34,B3_FULL_UNIFIED_WITH_DIRECTIONAL_ALTERNATIVES,ACTIVATED,G1,10,0,0.0,False,False,False,0,NO_CERTIFIED_ACTION,False,0,0,0.019155570771545172,0.0
7c9bb1b4912efebc025737a703a596e4a559d6b2dac95e934ffc538d22354e17,ee47d050499bd0d7e95d3b2a8771dc563605bc8e8d6b1cdb3d2b7291d2a484f5,B0_CURRENT_CBF_ONLY,ACTIVATED,G1,10,10,-0.027027916889004966,False,False,False,0,MAX_STEPS,False,1,0,0.06319278385490179,0.5
fae89e0fda63b6f02283c223be8d714f3226f88a16695b7ee75d60bf28b9bdfb,ee47d050499bd0d7e95d3b2a8771dc563605bc8e8d6b1cdb3d2b7291d2a484f5,B1_PLUS_SWEPT_SEGMENT,ACTIVATED,G1,10,0,0.0,False,False,False,0,NO_CERTIFIED_ACTION,False,0,0,0.01017771102488041,0.0
b1635793752968c38f84a732a31217f1ab397ff54a53e042b856e57430409d79,ee47d050499bd0d7e95d3b2a8771dc563605bc8e8d6b1cdb3d2b7291d2a484f5,B2_PLUS_TERMINAL_BACKUP,ACTIVATED,G1,10,0,0.0,False,False,False,0,NO_CERTIFIED_ACTION,False,0,0,0.011399836977943778,0.0
cbef22ecc611561df1d245bb9a3c140e36f0580876437a64fad7d7e6912215a4,ee47d050499bd0d7e95d3b2a8771dc563605bc8e8d6b1cdb3d2b7291d2a484f5,B3_FULL_UNIFIED_WITH_DIRECTIONAL_ALTERNATIVES,ACTIVATED,G1,10,0,0.0,False,False,False,0,NO_CERTIFIED_ACTION,False,0,0,0.016131140990182757,0.0
a0e80f09aed59e76b0752e131540c76c330402cb1dc469ec9a6506e4b91d8774,eed865a4c4c72b3032e69c2c97c9850f4c553938ea3d232ad41fd1d1ad7f621e,B0_CURRENT_CBF_ONLY,ACTIVATED,G1,10,10,-0.02045395987473153,False,False,False,0,MAX_STEPS,False,1,0,0.06984646152704954,0.5
7dbce74be9d77011059b865f02d5f6baea1ed61fe8622849d8c90a027aacec8c,eed865a4c4c72b3032e69c2c97c9850f4c553938ea3d232ad41fd1d1ad7f621e,B1_PLUS_SWEPT_SEGMENT,ACTIVATED,G1,10,0,0.0,False,False,False,0,NO_CERTIFIED_ACTION,False,0,0,0.010656130965799093,0.0
e677a7854ac2957364511949a8c75c731df5db910296eaa690986434cdd3f227,eed865a4c4c72b3032e69c2c97c9850f4c553938ea3d232ad41fd1d1ad7f621e,B2_PLUS_TERMINAL_BACKUP,ACTIVATED,G1,10,0,0.0,False,False,False,0,NO_CERTIFIED_ACTION,False,0,0,0.015129070961847901,0.0
310bcac7896226e74ea32e9faec6bf39078720f7c7caba56ac736e7378b11dd4,eed865a4c4c72b3032e69c2c97c9850f4c553938ea3d232ad41fd1d1ad7f621e,B3_FULL_UNIFIED_WITH_DIRECTIONAL_ALTERNATIVES,ACTIVATED,G1,10,0,0.0,False,False,False,0,NO_CERTIFIED_ACTION,False,0,0,0.020169457187876105,0.0
ccd498cb8bc24934bfadba7b53403f5fa3288c554bec4e74871964d5e806c63f,0475207cefabeedca698a4886b16c301551633249cdcbac6e743e7526a24206c,B0_CURRENT_CBF_ONLY,ACTIVATED,G2,10,2,0.004289647804921359,True,False,False,0,NO_CERTIFIED_ACTION,False,1,0,0.018157131737098098,0.1
240fb92786980dd6507af40680d35530474a89cd15abc7840ac85f27dd4ff512,0475207cefabeedca698a4886b16c301551633249cdcbac6e743e7526a24206c,B1_PLUS_SWEPT_SEGMENT,ACTIVATED,G2,10,1,0.002067255321493322,True,False,False,0,NO_CERTIFIED_ACTION,False,0,0,0.020397524116560817,0.05
5d7e5a03863c96efeb074c257ffd5642aae9a4e4074b45c9af500deee8dfe6ce,0475207cefabeedca698a4886b16c301551633249cdcbac6e743e7526a24206c,B2_PLUS_TERMINAL_BACKUP,ACTIVATED,G2,10,0,0.0,False,False,False,0,NO_CERTIFIED_ACTION,False,0,0,0.017583386041224003,0.0
af79854c5ed785de832e52cb0e3cf3df3e6be6c5a37883b79e7e31dea05f1380,0475207cefabeedca698a4886b16c301551633249cdcbac6e743e7526a24206c,B3_FULL_UNIFIED_WITH_DIRECTIONAL_ALTERNATIVES,ACTIVATED,G2,10,0,0.0,False,False,False,0,NO_CERTIFIED_ACTION,False,0,0,0.04301285604014993,0.0
f58b5130a0bd5b5894480b38278f819d8006087d02c7df124ae48e2c266a3ce7,049671f71eb8a96a1cf02247e3b5dd6c630c22568877111aa416af8b9274c2b9,B0_CURRENT_CBF_ONLY,ACTIVATED,G2,10,10,0.05296651288729026,True,False,False,0,MAX_STEPS,False,0,0,0.06586101790890098,0.5
d57585104b3d5aab57b4cfca0a4c831cc81cf8fd4f863c41c94e4c127a137f9a,049671f71eb8a96a1cf02247e3b5dd6c630c22568877111aa416af8b9274c2b9,B1_PLUS_SWEPT_SEGMENT,ACTIVATED,G2,10,10,0.05296651288729026,True,False,False,0,MAX_STEPS,False,0,0,0.10108011518605053,0.5
cc26bd2736f3a98caf11318743fb1ab6b782cef1d8083a4df5ea44bd14011dd2,049671f71eb8a96a1cf02247e3b5dd6c630c22568877111aa416af8b9274c2b9,B2_PLUS_TERMINAL_BACKUP,ACTIVATED,G2,10,0,0.0,False,False,False,0,NO_CERTIFIED_ACTION,False,0,0,0.04094535508193076,0.0
8022216ef362cd69714406632b499177267b6a3a6f10739b11ca49708d3d386f,049671f71eb8a96a1cf02247e3b5dd6c630c22568877111aa416af8b9274c2b9,B3_FULL_UNIFIED_WITH_DIRECTIONAL_ALTERNATIVES,ACTIVATED,G2,10,0,0.0,False,False,False,0,NO_CERTIFIED_ACTION,False,0,0,0.11898129316978157,0.0
bd04904e3e15d182999f6b1d078bf892df6b4ceaa8889619666f5b74136b9e4c,0a95865821007d907aebd78fe5551942e16a57e4df1247db4cbea50934e02ed0,B0_CURRENT_CBF_ONLY,ACTIVATED,G2,10,10,0.036680195346993516,True,False,False,0,MAX_STEPS,False,0,0,0.0582347356248647,0.5
154b1b6223a38c9176981526ffc4108060bc083aefaec7c1ab20e4dc3ed6cff9,0a95865821007d907aebd78fe5551942e16a57e4df1247db4cbea50934e02ed0,B1_PLUS_SWEPT_SEGMENT,ACTIVATED,G2,10,10,0.036680195346993516,True,False,False,0,MAX_STEPS,False,0,0,0.09079896262846887,0.5
1432eec564851750447fde786e2092acd24c3f3263034784e709ec26305e0174,0a95865821007d907aebd78fe5551942e16a57e4df1247db4cbea50934e02ed0,B2_PLUS_TERMINAL_BACKUP,ACTIVATED,G2,10,0,0.0,False,False,False,0,NO_CERTIFIED_ACTION,False,0,0,0.03042939701117575,0.0
010ea43c01f525bfbfd9c8ea60a7db62c46b3fdb3cebb994ee457a59d1614ff3,0a95865821007d907aebd78fe5551942e16a57e4df1247db4cbea50934e02ed0,B3_FULL_UNIFIED_WITH_DIRECTIONAL_ALTERNATIVES,ACTIVATED,G2,10,0,0.0,False,False,False,0,NO_CERTIFIED_ACTION,False,0,0,0.034870505100116134,0.0
22849d690937a4a58f2d73822663a253d9c1e3801b916eb41f9edc290ec3a050,0b0544aba83188b6a3bd3f9781d4b361b24e0bc717f0404ecabbe5721459a4fa,B0_CURRENT_CBF_ONLY,ACTIVATED,G2,10,1,-0.0023423727514506054,False,False,False,0,NO_CERTIFIED_ACTION,False,0,0,0.012056833133101463,0.05
f73c5e838a987bc3ad2fbf53b596450f0e03d02a8430a9c700138e1a9178a648,0b0544aba83188b6a3bd3f9781d4b361b24e0bc717f0404ecabbe5721459a4fa,B1_PLUS_SWEPT_SEGMENT,ACTIVATED,G2,10,1,-0.0023423727514506054,False,False,False,0,NO_CERTIFIED_ACTION,False,0,0,0.015078309923410416,0.05
029aa46e00abe88c700cc427036ca126f7aeefdc8c1d70b86f7ce9ee9cda1d5f,0b0544aba83188b6a3bd3f9781d4b361b24e0bc717f0404ecabbe5721459a4fa,B2_PLUS_TERMINAL_BACKUP,ACTIVATED,G2,10,0,0.0,False,False,False,0,NO_CERTIFIED_ACTION,False,0,0,0.01756268716417253,0.0
2d2119ebc538b0e61b4b2c552a8b13cb176ceb8b2df649511d6f07d19b2ac260,0b0544aba83188b6a3bd3f9781d4b361b24e0bc717f0404ecabbe5721459a4fa,B3_FULL_UNIFIED_WITH_DIRECTIONAL_ALTERNATIVES,ACTIVATED,G2,10,0,0.0,False,False,False,0,NO_CERTIFIED_ACTION,False,0,0,0.051518636057153344,0.0
6d412ecf1c0270b8c2d7f8c36257d03926f1e829837f196fddbb185379bf8c0a,0dcd1da98960308ebfc6e6f5699aa242a316e8e844cc424418583261f0f1ab47,B0_CURRENT_CBF_ONLY,ACTIVATED,G2,10,10,0.0403984013382942,True,False,False,0,MAX_STEPS,False,0,0,0.06555878999643028,0.5
de262fc6807c7930c1f26ab032c8fcfcc3680355e4d721162771eb56399be9a8,0dcd1da98960308ebfc6e6f5699aa242a316e8e844cc424418583261f0f1ab47,B1_PLUS_SWEPT_SEGMENT,ACTIVATED,G2,10,10,0.0403984013382942,True,False,False,0,MAX_STEPS,False,0,0,0.09973733173683286,0.5
601baeac9769ae0de0f2b9b915874e4c98661990c303c498c980e716cff00937,0dcd1da98960308ebfc6e6f5699aa242a316e8e844cc424418583261f0f1ab47,B2_PLUS_TERMINAL_BACKUP,ACTIVATED,G2,10,0,0.0,False,False,False,0,NO_CERTIFIED_ACTION,False,0,0,0.02472071209922433,0.0
64e1cdc82fe40eda275a3c5ff354bb05fa959b9296b64111d68f06978f765605,0dcd1da98960308ebfc6e6f5699aa242a316e8e844cc424418583261f0f1ab47,B3_FULL_UNIFIED_WITH_DIRECTIONAL_ALTERNATIVES,ACTIVATED,G2,10,0,0.0,False,False,False,0,NO_CERTIFIED_ACTION,False,0,0,0.046298773027956486,0.0
06606437c38abf87886cb950da5a32d33b9986d18f28f78b1208593c2f767242,0fdfc6a917540809cf1aef757ce53b25711910f3a2a47641c83c7760a2e11d4b,B0_CURRENT_CBF_ONLY,ACTIVATED,G2,10,2,0.004273369194119581,True,False,False,0,NO_CERTIFIED_ACTION,False,1,0,0.019220229238271713,0.1
4a09a1e43d064609325247209cb07e01217672062326b7b31e6320d887346c43,0fdfc6a917540809cf1aef757ce53b25711910f3a2a47641c83c7760a2e11d4b,B1_PLUS_SWEPT_SEGMENT,ACTIVATED,G2,10,1,0.0020669718073330623,True,False,False,0,NO_CERTIFIED_ACTION,False,0,0,0.020734798163175583,0.05
c66d209d214abf3747702c6b4337060b2b617d54ec7584996184fbd4c982086a,0fdfc6a917540809cf1aef757ce53b25711910f3a2a47641c83c7760a2e11d4b,B2_PLUS_TERMINAL_BACKUP,ACTIVATED,G2,10,0,0.0,False,False,False,0,NO_CERTIFIED_ACTION,False,0,0,0.01864077802747488,0.0
05ddfb061af9d75025b3a1bc69351dab009bd5e58deaebb8c32016dac89d4c58,0fdfc6a917540809cf1aef757ce53b25711910f3a2a47641c83c7760a2e11d4b,B3_FULL_UNIFIED_WITH_DIRECTIONAL_ALTERNATIVES,ACTIVATED,G2,10,0,0.0,False,False,False,0,NO_CERTIFIED_ACTION,False,0,0,0.04387370706535876,0.0
b76d4e32156059703aede5fe236cccba5d305e3485f737c5c11acaae7bee2830,12edab966401f4e8cbe04d2ea7da127d4599e1ef904442110790f2b442354fb1,B0_CURRENT_CBF_ONLY,ACTIVATED,G2,10,2,0.0017713907653339467,True,False,False,0,NO_CERTIFIED_ACTION,False,1,0,0.02174981404095888,0.1
b114d16596fecb1985be7e805809a695b365e41ffcb50e887efcf02de0534a84,12edab966401f4e8cbe04d2ea7da127d4599e1ef904442110790f2b442354fb1,B1_PLUS_SWEPT_SEGMENT,ACTIVATED,G2,10,1,0.0008096303132069105,True,False,False,0,NO_CERTIFIED_ACTION,False,0,0,0.02114666602574289,0.05
5d0c24a22f66d073ddc4d42e6a5d2a02a0894233adf5f3bd8b87104b03d8376f,12edab966401f4e8cbe04d2ea7da127d4599e1ef904442110790f2b442354fb1,B2_PLUS_TERMINAL_BACKUP,ACTIVATED,G2,10,0,0.0,False,False,False,0,NO_CERTIFIED_ACTION,False,0,0,0.018242137040942907,0.0
d3accae9a31d41b5e5d8159c4b950da3741fdd3c73f6c2953c35b8d30ac84b32,12edab966401f4e8cbe04d2ea7da127d4599e1ef904442110790f2b442354fb1,B3_FULL_UNIFIED_WITH_DIRECTIONAL_ALTERNATIVES,ACTIVATED,G2,10,0,0.0,False,False,False,0,NO_CERTIFIED_ACTION,False,0,0,0.03284089686349034,0.0
9ba206d7bf01c751d2aeebdb9e9fd409f87720317120968a851ee9873c9d1c6c,19d679dcaa5d9ce57ee7884fc2a773f342810116dee9784f0fd1f4ed7e6eaa8f,B0_CURRENT_CBF_ONLY,ACTIVATED,G2,10,10,0.04354618672212307,True,False,False,0,MAX_STEPS,False,0,0,0.0670076422393322,0.5
b884492af2b3861f6618075ae7138f45eccd3986063acd8e4c260e4e72e3604e,19d679dcaa5d9ce57ee7884fc2a773f342810116dee9784f0fd1f4ed7e6eaa8f,B1_PLUS_SWEPT_SEGMENT,ACTIVATED,G2,10,10,0.04354618672212307,True,False,False,0,MAX_STEPS,False,0,0,0.10082228993996978,0.5
7c98d93f494fd08b0ed56a4033b24ca1b94f578db6724f9a1c5e9216a3a85add,19d679dcaa5d9ce57ee7884fc2a773f342810116dee9784f0fd1f4ed7e6eaa8f,B2_PLUS_TERMINAL_BACKUP,ACTIVATED,G2,10,0,0.0,False,False,False,0,NO_CERTIFIED_ACTION,False,0,0,0.031033307081088424,0.0
03d7bc669ad2ff9264141252a80edc0b6c887857ea47545933505168271c5475,19d679dcaa5d9ce57ee7884fc2a773f342810116dee9784f0fd1f4ed7e6eaa8f,B3_FULL_UNIFIED_WITH_DIRECTIONAL_ALTERNATIVES,ACTIVATED,G2,10,0,0.0,False,False,False,0,NO_CERTIFIED_ACTION,False,0,0,0.08845973806455731,0.0
84fee62030fecadfb40c84beafd76db527a33d9b0ab7590f73a0a484001eeceb,215cec1b356cd71367d66114ad412579c043bc2702df359ebd46c59efee40959,B0_CURRENT_CBF_ONLY,ACTIVATED,G2,10,10,0.03307271992765792,True,False,False,0,MAX_STEPS,False,0,0,0.06440395605750382,0.5
4c73cac9fed5b37e990985975184a8b500d298f4bef16344333b03b385403ee1,215cec1b356cd71367d66114ad412579c043bc2702df359ebd46c59efee40959,B1_PLUS_SWEPT_SEGMENT,ACTIVATED,G2,10,10,0.03307271992765792,True,False,False,0,MAX_STEPS,False,0,0,0.0978166947606951,0.5
69eb64a96514b540a420a28ca5c9d47cd085404342c38ce08739b38192d07fc2,215cec1b356cd71367d66114ad412579c043bc2702df359ebd46c59efee40959,B2_PLUS_TERMINAL_BACKUP,ACTIVATED,G2,10,0,0.0,False,False,False,0,NO_CERTIFIED_ACTION,False,0,0,0.02180857304483652,0.0
d328a5a6040cb75fad14fd726b97dca08ee42be970b01da2e1aed428ecd8ed49,215cec1b356cd71367d66114ad412579c043bc2702df359ebd46c59efee40959,B3_FULL_UNIFIED_WITH_DIRECTIONAL_ALTERNATIVES,ACTIVATED,G2,10,0,0.0,False,False,False,0,NO_CERTIFIED_ACTION,False,0,0,0.06642347201704979,0.0
2a63c04562f88d83e0f449cfd95ba5b0d1a21d005441ef5be7ade57edac41103,2c503a7ebe995c69964978a538d352d54f29343c012acd3a807953495d547b2a,B0_CURRENT_CBF_ONLY,ACTIVATED,G2,10,2,0.002376775772172768,True,False,False,0,NO_CERTIFIED_ACTION,False,1,0,0.019995079142972827,0.1
4d94232e008e6f1e85530efae542d71dde65872031e1d764fe5cb973ca64db54,2c503a7ebe995c69964978a538d352d54f29343c012acd3a807953495d547b2a,B1_PLUS_SWEPT_SEGMENT,ACTIVATED,G2,10,1,0.0010339645240091677,True,False,False,0,NO_CERTIFIED_ACTION,False,0,0,0.020141390152275562,0.05
a37db34f1258ea766f5169211b10954c078e490ae883fc89a95a3aa0ee0b7d80,2c503a7ebe995c69964978a538d352d54f29343c012acd3a807953495d547b2a,B2_PLUS_TERMINAL_BACKUP,ACTIVATED,G2,10,0,0.0,False,False,False,0,NO_CERTIFIED_ACTION,False,0,0,0.01832313695922494,0.0
319b83210483b00f9f998cbcc6c8dddc31a55ca8f035e90ae1a60bed4ea5e444,2c503a7ebe995c69964978a538d352d54f29343c012acd3a807953495d547b2a,B3_FULL_UNIFIED_WITH_DIRECTIONAL_ALTERNATIVES,ACTIVATED,G2,10,0,0.0,False,False,False,0,NO_CERTIFIED_ACTION,False,0,0,0.05611314415000379,0.0
8a45ff0aba146d53733b501af3231304aa0e7cb7da21d2141d1f1befdf0ca44a,356d070446f650746461ac33020070068da019d6bb775ea14c62caa0dd18f5d9,B0_CURRENT_CBF_ONLY,ACTIVATED,G2,10,10,0.022504143866740045,True,False,False,0,MAX_STEPS,False,0,0,0.06479038950055838,0.5
35128f2e361bd7df65ab8d3e9936c2fd29a2db64ec94c24e0b5d8680e4725957,356d070446f650746461ac33020070068da019d6bb775ea14c62caa0dd18f5d9,B1_PLUS_SWEPT_SEGMENT,ACTIVATED,G2,10,10,0.022504143866740045,True,False,False,0,MAX_STEPS,False,0,0,0.09835839574225247,0.5
0bed7e21f06d6b0e9f9c4a3a8ff25b65534f977e1a38c30b48388795bed0ddde,356d070446f650746461ac33020070068da019d6bb775ea14c62caa0dd18f5d9,B2_PLUS_TERMINAL_BACKUP,ACTIVATED,G2,10,0,0.0,False,False,False,0,NO_CERTIFIED_ACTION,False,0,0,0.024962552124634385,0.0
dd28fd5176236d51642692216f2ec92844f3ef7ff00693216341116cf147f910,356d070446f650746461ac33020070068da019d6bb775ea14c62caa0dd18f5d9,B3_FULL_UNIFIED_WITH_DIRECTIONAL_ALTERNATIVES,ACTIVATED,G2,10,0,0.0,False,False,False,0,NO_CERTIFIED_ACTION,False,0,0,0.08283361117355525,0.0
cfb39f4423e374dfc420460f631652d53724c0dbc8cdbd2f6f592b2f21776072,47145bd4383cf6b9ce894591e6b76122d4df127f6f3d2708a6df27be69487971,B0_CURRENT_CBF_ONLY,ACTIVATED,G2,10,3,-0.0003979659145553205,False,False,False,0,NO_CERTIFIED_ACTION,False,1,0,0.026753995334729552,0.15000000000000002
c28294525cbe28f310aacb95ceeb4322bdf4d29e59749ef9c3d9bb649f775621,47145bd4383cf6b9ce894591e6b76122d4df127f6f3d2708a6df27be69487971,B1_PLUS_SWEPT_SEGMENT,ACTIVATED,G2,10,2,-0.00026822530731673844,False,False,False,0,NO_CERTIFIED_ACTION,False,0,0,0.03038753429427743,0.1
bae662d0ed057644d11b3438428f1a9c58aaf1d7664aba1a4fb4d86a3641db8b,47145bd4383cf6b9ce894591e6b76122d4df127f6f3d2708a6df27be69487971,B2_PLUS_TERMINAL_BACKUP,ACTIVATED,G2,10,0,0.0,False,False,False,0,NO_CERTIFIED_ACTION,False,0,0,0.021492185071110725,0.0
fe42335950c0a4a0424d70eccc2d13367bae33a3556d41ddc603e741e33f2ac6,47145bd4383cf6b9ce894591e6b76122d4df127f6f3d2708a6df27be69487971,B3_FULL_UNIFIED_WITH_DIRECTIONAL_ALTERNATIVES,ACTIVATED,G2,10,0,0.0,False,False,False,0,NO_CERTIFIED_ACTION,False,0,0,0.02619708701968193,0.0
d7f6bb0406d04cc24df584d510d8de4c7cfdc94f05c2aa14fb15206780c4a33e,4d4b8f9fd8186537bd3ed2e58019f82f7938d72118c93c4286fecd651aa968e0,B0_CURRENT_CBF_ONLY,ACTIVATED,G2,10,10,0.036783610647885046,True,False,False,0,MAX_STEPS,False,0,0,0.057247492019087076,0.5
d474913c86bf2d9e1f0e63664e2c86ffdb2f799254b69c18c83919020e103cae,4d4b8f9fd8186537bd3ed2e58019f82f7938d72118c93c4286fecd651aa968e0,B1_PLUS_SWEPT_SEGMENT,ACTIVATED,G2,10,10,0.036783610647885046,True,False,False,0,MAX_STEPS,False,0,0,0.09070209716446698,0.5
eb84208fe4c72de19092a286f763ebe908702b63209448453f7cdc8b0fff959f,4d4b8f9fd8186537bd3ed2e58019f82f7938d72118c93c4286fecd651aa968e0,B2_PLUS_TERMINAL_BACKUP,ACTIVATED,G2,10,0,0.0,False,False,False,0,NO_CERTIFIED_ACTION,False,0,0,0.030213508987799287,0.0
d08eab7476e71163f5bd16ced1762eea3dad4f3f0c2f842146d66224d073892d,4d4b8f9fd8186537bd3ed2e58019f82f7938d72118c93c4286fecd651aa968e0,B3_FULL_UNIFIED_WITH_DIRECTIONAL_ALTERNATIVES,ACTIVATED,G2,10,0,0.0,False,False,False,0,NO_CERTIFIED_ACTION,False,0,0,0.03481810796074569,0.0
6ca665ddddd9c2ce1ac778e4a808c0da1a68eff653828c619da508e073082170,5f5e80f83c4431242624e900d938f8d85ea286c5505e34378dee68623f4ad915,B0_CURRENT_CBF_ONLY,ACTIVATED,G2,10,10,0.024232554517424232,True,False,False,0,MAX_STEPS,False,0,0,0.06450581620447338,0.5
6540ae00c30911de2788bb87a9e143dd0b87d5e31bf54923191e1d868232eba7,5f5e80f83c4431242624e900d938f8d85ea286c5505e34378dee68623f4ad915,B1_PLUS_SWEPT_SEGMENT,ACTIVATED,G2,10,10,0.024232554517424232,True,False,False,0,MAX_STEPS,False,0,0,0.09830511314794421,0.5
8f5e5e76d580b8b4ee2bd0a5d2402ec89fef7fa462129a0f6317e1e2bd3bb33c,5f5e80f83c4431242624e900d938f8d85ea286c5505e34378dee68623f4ad915,B2_PLUS_TERMINAL_BACKUP,ACTIVATED,G2,10,0,0.0,False,False,False,0,NO_CERTIFIED_ACTION,False,0,0,0.021794813917949796,0.0
11edd940989cfbfcd225ea69eccd37cf91038c93d975b44fc0ce8f2dd159ad9b,5f5e80f83c4431242624e900d938f8d85ea286c5505e34378dee68623f4ad915,B3_FULL_UNIFIED_WITH_DIRECTIONAL_ALTERNATIVES,ACTIVATED,G2,10,0,0.0,False,False,False,0,NO_CERTIFIED_ACTION,False,0,0,0.06569479615427554,0.0
7825b3345ace0ac700caff6116c8ff30f66593675c7deadeef7786c4975bac6b,7b7349d13633bc3dd9240dbe0e1844111cb45b2edf5c00b24a071d9344450cec,B0_CURRENT_CBF_ONLY,ACTIVATED,G2,10,3,-0.0004383222529544817,False,False,False,0,NO_CERTIFIED_ACTION,False,1,0,0.02660262631252408,0.15000000000000002
7e1ee4d4b5e45eaa4183d43af8328604dd85028188b137a26e03b40a1e46c119,7b7349d13633bc3dd9240dbe0e1844111cb45b2edf5c00b24a071d9344450cec,B1_PLUS_SWEPT_SEGMENT,ACTIVATED,G2,10,2,-0.0002867686561212057,False,False,False,0,NO_CERTIFIED_ACTION,False,0,0,0.03010205435566604,0.1
6455197386e2139cd0089c0d132219a67c7791ded7e4e2d455595d9453e7f09a,7b7349d13633bc3dd9240dbe0e1844111cb45b2edf5c00b24a071d9344450cec,B2_PLUS_TERMINAL_BACKUP,ACTIVATED,G2,10,0,0.0,False,False,False,0,NO_CERTIFIED_ACTION,False,0,0,0.021650414913892746,0.0
33813f5249b7524694fe3afe16fb873f4fcc9f705c1c188ac24ed0c592901243,7b7349d13633bc3dd9240dbe0e1844111cb45b2edf5c00b24a071d9344450cec,B3_FULL_UNIFIED_WITH_DIRECTIONAL_ALTERNATIVES,ACTIVATED,G2,10,0,0.0,False,False,False,0,NO_CERTIFIED_ACTION,False,0,0,0.026432204991579056,0.0
e6a73cf41565e3651110ec299705ede6c9c6df10a30fc6a6ff57a912a3c13ced,7bb65ed44808569d230d1ad0d1e05845d12dc1396c2a1176a9a593be7ff9779e,B0_CURRENT_CBF_ONLY,ACTIVATED,G2,10,2,-0.0010828079816393998,False,False,False,0,NO_CERTIFIED_ACTION,False,1,0,0.019127451814711094,0.1
f906a2d29dbda20cb3882ecd786041fc7af480d056d6a8411e116de116f59fd4,7bb65ed44808569d230d1ad0d1e05845d12dc1396c2a1176a9a593be7ff9779e,B1_PLUS_SWEPT_SEGMENT,ACTIVATED,G2,10,1,-0.0007283009667846119,False,False,False,0,NO_CERTIFIED_ACTION,False,0,0,0.019712801091372967,0.05
d54b83cbcb81dd116c214fbfef0f00efe579de3a496796f383e526b23d6c205b,7bb65ed44808569d230d1ad0d1e05845d12dc1396c2a1176a9a593be7ff9779e,B2_PLUS_TERMINAL_BACKUP,ACTIVATED,G2,10,0,0.0,False,False,False,0,NO_CERTIFIED_ACTION,False,0,0,0.01820421707816422,0.0
9a0757cf1301cc92fdb8e4f66b2a6bdb92320b61fa55440e9b0622b973e8562b,7bb65ed44808569d230d1ad0d1e05845d12dc1396c2a1176a9a593be7ff9779e,B3_FULL_UNIFIED_WITH_DIRECTIONAL_ALTERNATIVES,ACTIVATED,G2,10,0,0.0,False,False,False,0,NO_CERTIFIED_ACTION,False,0,0,0.04268330312334001,0.0
ecb6be2de7ba5b88480b5f4efac2a343fbd45aef2bc9b38c82faa0e8d6050998,8cfd4d5ab6e1be8bd9e59da7c8f72937decaaef1e40469be0f76f7a27d3eafef,B0_CURRENT_CBF_ONLY,ACTIVATED,G2,10,10,-0.007073576624048505,False,False,False,0,MAX_STEPS,False,0,0,0.07002371223643422,0.5
62fa2e3f2217701240106543d0afc90b8fcdc8ca95a491ae3fc6ab6117720ad1,8cfd4d5ab6e1be8bd9e59da7c8f72937decaaef1e40469be0f76f7a27d3eafef,B1_PLUS_SWEPT_SEGMENT,ACTIVATED,G2,10,10,-0.007073576624048505,False,False,False,0,MAX_STEPS,False,0,0,0.10460805892944336,0.5
0644ace8fa88ff1f81f9632aa83a9578029dc7fbd1db81dc0b541005516635c6,8cfd4d5ab6e1be8bd9e59da7c8f72937decaaef1e40469be0f76f7a27d3eafef,B2_PLUS_TERMINAL_BACKUP,ACTIVATED,G2,10,0,0.0,False,False,False,0,NO_CERTIFIED_ACTION,False,0,0,0.04781471099704504,0.0
ea443ca47e2167f084e436b868af13904e03ba1e6bcb8e56ca6a3a07b51e1f30,8cfd4d5ab6e1be8bd9e59da7c8f72937decaaef1e40469be0f76f7a27d3eafef,B3_FULL_UNIFIED_WITH_DIRECTIONAL_ALTERNATIVES,ACTIVATED,G2,10,0,0.0,False,False,False,0,NO_CERTIFIED_ACTION,False,0,0,0.09233425604179502,0.0
530c021137ead0236aca86b2ecf22b552ecfa384dce0084841d5e256dd894d45,8e97a425539ed75072debf66f0644d0e9c4181580ef999967b2b92fdc7afd354,B0_CURRENT_CBF_ONLY,ACTIVATED,G2,10,10,-0.007078035110933745,False,False,False,0,MAX_STEPS,False,0,0,0.07104826695285738,0.5
973186b0d6cc87a9699ee1fdd570af92068eea32a34986b84142f5843ed5cb03,8e97a425539ed75072debf66f0644d0e9c4181580ef999967b2b92fdc7afd354,B1_PLUS_SWEPT_SEGMENT,ACTIVATED,G2,10,10,-0.007078035110933745,False,False,False,0,MAX_STEPS,False,0,0,0.10424917936325073,0.5
f210000e2b74c98890d3eb0087b5ef6c2f00aa067f6fc542e30b30cff5e6b966,8e97a425539ed75072debf66f0644d0e9c4181580ef999967b2b92fdc7afd354,B2_PLUS_TERMINAL_BACKUP,ACTIVATED,G2,10,0,0.0,False,False,False,0,NO_CERTIFIED_ACTION,False,0,0,0.0510232939850539,0.0
93f9be1737cfeda82eae101858c205afcb2880ba5f2830184f185d2d0f368db0,8e97a425539ed75072debf66f0644d0e9c4181580ef999967b2b92fdc7afd354,B3_FULL_UNIFIED_WITH_DIRECTIONAL_ALTERNATIVES,ACTIVATED,G2,10,0,0.0,False,False,False,0,NO_CERTIFIED_ACTION,False,0,0,0.10492702014744282,0.0
20342ba37899bb33b5c8c5f5a78c469d9dc8c895550898aa13ca37ee29bf7b8f,bb044f605dfd904c2de1021086b6c1a0c0c91797906a4302c91d8a7dfc5a39e9,B0_CURRENT_CBF_ONLY,ACTIVATED,G2,10,10,0.03378440162720342,True,False,False,0,MAX_STEPS,False,0,0,0.06352101126685739,0.5
7aa6c5648f8e8e8792719a30f63a05e721c9657e814e075b7b96575314da9c3a,bb044f605dfd904c2de1021086b6c1a0c0c91797906a4302c91d8a7dfc5a39e9,B1_PLUS_SWEPT_SEGMENT,ACTIVATED,G2,10,10,0.03378440162720342,True,False,False,0,MAX_STEPS,False,0,0,0.09661631216295063,0.5
d1200c0214dbb5055c79e0e287b0036af80fc97a94405f8aff79c60afc1ffd81,bb044f605dfd904c2de1021086b6c1a0c0c91797906a4302c91d8a7dfc5a39e9,B2_PLUS_TERMINAL_BACKUP,ACTIVATED,G2,10,0,0.0,False,False,False,0,NO_CERTIFIED_ACTION,False,0,0,0.030947376042604446,0.0
cd2437b9bb7b7046ed9a32231a445f8ca6d7ae56ed6e3ada4256ed6f99e61138,bb044f605dfd904c2de1021086b6c1a0c0c91797906a4302c91d8a7dfc5a39e9,B3_FULL_UNIFIED_WITH_DIRECTIONAL_ALTERNATIVES,ACTIVATED,G2,10,0,0.0,False,False,False,0,NO_CERTIFIED_ACTION,False,0,0,0.09589709108695388,0.0
8ad33191ce5ba5a39acf92dbeebf9d69c74602571e5eedcc9b3dc11169da5485,bea5581de93d16fb9abb527c3aa9525580f04cb908ff6292939ff6f14c48d63f,B0_CURRENT_CBF_ONLY,ACTIVATED,G2,10,10,0.024219599202793596,True,False,False,0,MAX_STEPS,False,0,0,0.06459325086325407,0.5
a623ba1c4eb2e690869a5ff7654cc9557809ae56ef279cba3992b6e295750e4e,bea5581de93d16fb9abb527c3aa9525580f04cb908ff6292939ff6f14c48d63f,B1_PLUS_SWEPT_SEGMENT,ACTIVATED,G2,10,10,0.024219599202793596,True,False,False,0,MAX_STEPS,False,0,0,0.0989060786087066,0.5
a1f45456c4798e37dd315841f913d8f2d652cc1af2c959f7f4979ca9a034eb5d,bea5581de93d16fb9abb527c3aa9525580f04cb908ff6292939ff6f14c48d63f,B2_PLUS_TERMINAL_BACKUP,ACTIVATED,G2,10,0,0.0,False,False,False,0,NO_CERTIFIED_ACTION,False,0,0,0.021808353019878268,0.0
fb0d5f9badf3bdd467aa293b15dcdae0c968216a856bd740f4a40bae1bf5faca,bea5581de93d16fb9abb527c3aa9525580f04cb908ff6292939ff6f14c48d63f,B3_FULL_UNIFIED_WITH_DIRECTIONAL_ALTERNATIVES,ACTIVATED,G2,10,0,0.0,False,False,False,0,NO_CERTIFIED_ACTION,False,0,0,0.0725355229806155,0.0
97556ed66e574a3fe65bb5fe26b59394da1f449002c9686be350fe6ebcc8c99c,0531022292ad1eb4b8a1cf53466125c2f1e3433546e2c0f69bd3929c1229d155,B0_CURRENT_CBF_ONLY,ACTIVATED,G3,10,10,0.03084400901637424,True,False,False,0,MAX_STEPS,False,0,0,0.05903725000098348,0.5
554ff80fa8480aa10582aff3c7f555767d90daba5bf4d47353f57c7ab041b35d,0531022292ad1eb4b8a1cf53466125c2f1e3433546e2c0f69bd3929c1229d155,B1_PLUS_SWEPT_SEGMENT,ACTIVATED,G3,10,10,0.03084400901637424,True,False,False,0,MAX_STEPS,False,0,0,0.09232394280843437,0.5
bae1da32f427f95248a10317ced5815b33aa0c592f624327f90d25e717b962bf,0531022292ad1eb4b8a1cf53466125c2f1e3433546e2c0f69bd3929c1229d155,B2_PLUS_TERMINAL_BACKUP,ACTIVATED,G3,10,0,0.0,False,False,False,0,NO_CERTIFIED_ACTION,False,0,0,0.051097478019073606,0.0
0bac0a4814998aca9b9756d1ffa8c8948683ddb6e60c71aa6193f01b499d8d7a,0531022292ad1eb4b8a1cf53466125c2f1e3433546e2c0f69bd3929c1229d155,B3_FULL_UNIFIED_WITH_DIRECTIONAL_ALTERNATIVES,ACTIVATED,G3,10,10,0.028405585428822933,True,False,False,0,MAX_STEPS,False,0,0,0.6841580129694194,0.5
fa815dfa5c78a857ec080f7c9bd5d34ad80324158effbfae6eb3fcbff0ca470e,298541153911bb2c154c7fe120cd5cabd2a748c130ef9ba7b660c604056f7965,B0_CURRENT_CBF_ONLY,ACTIVATED,G3,10,10,0.0308438908567763,True,False,False,0,MAX_STEPS,False,0,0,0.059367928421124816,0.5
d39db60d84c307171527bfea87298d72f7269bc66925d2ff78851ba745818301,298541153911bb2c154c7fe120cd5cabd2a748c130ef9ba7b660c604056f7965,B1_PLUS_SWEPT_SEGMENT,ACTIVATED,G3,10,10,0.0308438908567763,True,False,False,0,MAX_STEPS,False,0,0,0.09262593975290656,0.5
26f0cc1193182bb0d677f425cc48b738ef0fd81ec5ff035fc31111a178a0caaa,298541153911bb2c154c7fe120cd5cabd2a748c130ef9ba7b660c604056f7965,B2_PLUS_TERMINAL_BACKUP,ACTIVATED,G3,10,0,0.0,False,False,False,0,NO_CERTIFIED_ACTION,False,0,0,0.05109259020537138,0.0
08ef12312a3c63d4c3122c194e5889bb9882040eaae68a2a266ff236b551049a,298541153911bb2c154c7fe120cd5cabd2a748c130ef9ba7b660c604056f7965,B3_FULL_UNIFIED_WITH_DIRECTIONAL_ALTERNATIVES,ACTIVATED,G3,10,10,0.028405437973636705,True,False,False,0,MAX_STEPS,False,0,0,0.6835601800121367,0.5
3665a8801f132a6b5d8eb59ca8d731e1e1709da107a5455fa67b932a2eaebd87,31be8c87d4f6f992b3522a54c33f7e6e40e89379d1fd6c01c89ee435aac35228,B0_CURRENT_CBF_ONLY,ACTIVATED,G3,10,10,0.04353571472397877,True,False,False,0,MAX_STEPS,False,0,0,0.06859078351408243,0.5
c2f809bb95b819deb289765ae3a20534e86ffa8013589e6b89d0a3d3bed9a1aa,31be8c87d4f6f992b3522a54c33f7e6e40e89379d1fd6c01c89ee435aac35228,B1_PLUS_SWEPT_SEGMENT,ACTIVATED,G3,10,10,0.04353571472397877,True,False,False,0,MAX_STEPS,False,0,0,0.10188346542418003,0.5
a65f03557d03a433eee58ccab544a5e5b5943ca7bd90625f0d1927e7c51cda79,31be8c87d4f6f992b3522a54c33f7e6e40e89379d1fd6c01c89ee435aac35228,B2_PLUS_TERMINAL_BACKUP,ACTIVATED,G3,10,0,0.0,False,False,False,0,NO_CERTIFIED_ACTION,False,0,0,0.04112637508660555,0.0
988461dd4a2e82554e5509e9e2080bbb33fa24d833d5b291a376f93a2152615b,31be8c87d4f6f992b3522a54c33f7e6e40e89379d1fd6c01c89ee435aac35228,B3_FULL_UNIFIED_WITH_DIRECTIONAL_ALTERNATIVES,ACTIVATED,G3,10,10,0.04176499502876485,True,False,False,0,MAX_STEPS,False,0,0,0.6797069231979549,0.5
2e0b022c2d246751c32af2a1d47a75a5df536215b2b8e75482ff41089551ca28,31f5fbf83b22b8affbd826c191e1c9afd9703870163a16ef3d0c2359c6414d8d,B0_CURRENT_CBF_ONLY,ACTIVATED,G3,10,10,0.024005307546205668,True,False,False,0,MAX_STEPS,False,0,0,0.06378923403099179,0.5
36c7812a0cea45a664923090d2615f7321b0ad53eacb779aa84639fa980f53ed,31f5fbf83b22b8affbd826c191e1c9afd9703870163a16ef3d0c2359c6414d8d,B1_PLUS_SWEPT_SEGMENT,ACTIVATED,G3,10,10,0.024005307546205668,True,False,False,0,MAX_STEPS,False,0,0,0.09717802470549941,0.5
cbe52292ed8a3d110210efab16a59bee2a20fdb67e208d95bcc1996e37cac574,31f5fbf83b22b8affbd826c191e1c9afd9703870163a16ef3d0c2359c6414d8d,B2_PLUS_TERMINAL_BACKUP,ACTIVATED,G3,10,0,0.0,False,False,False,0,NO_CERTIFIED_ACTION,False,0,0,0.027777808951213956,0.0
d2817cfbe25138a4ee811e8f29461ebade67911312f21400c71dbce81f751864,31f5fbf83b22b8affbd826c191e1c9afd9703870163a16ef3d0c2359c6414d8d,B3_FULL_UNIFIED_WITH_DIRECTIONAL_ALTERNATIVES,ACTIVATED,G3,10,10,0.021336070569690002,True,False,False,0,MAX_STEPS,False,0,0,0.4587973542511463,0.5
8f90b075834054c93a1ec0391862670ec4e3e528549be76fe29af215f6dfa18e,3fde220d847d1f9f8d7c1556c5f6d6b037ebe6ab6799fcc3ba48e3efca5e4b89,B0_CURRENT_CBF_ONLY,ACTIVATED,G3,10,10,0.02400500060926436,True,False,False,0,MAX_STEPS,False,0,0,0.06365233496762812,0.5
9bf1c6d8f3acc6dff310f1b4fa1c181b7326420ef87fdb61cb86b48e41bc3954,3fde220d847d1f9f8d7c1556c5f6d6b037ebe6ab6799fcc3ba48e3efca5e4b89,B1_PLUS_SWEPT_SEGMENT,ACTIVATED,G3,10,10,0.02400500060926436,True,False,False,0,MAX_STEPS,False,0,0,0.09628029656596482,0.5
845f60f4a6c17f95eee30b2ccec617910580fb72140b0233c398559c3c5f1518,3fde220d847d1f9f8d7c1556c5f6d6b037ebe6ab6799fcc3ba48e3efca5e4b89,B2_PLUS_TERMINAL_BACKUP,ACTIVATED,G3,10,0,0.0,False,False,False,0,NO_CERTIFIED_ACTION,False,0,0,0.027853004867210984,0.0
6d98f63d927e0be51736edd62928c1b935001c84eac1aa04d691d3348e360ad4,3fde220d847d1f9f8d7c1556c5f6d6b037ebe6ab6799fcc3ba48e3efca5e4b89,B3_FULL_UNIFIED_WITH_DIRECTIONAL_ALTERNATIVES,ACTIVATED,G3,10,10,0.021335764148354808,True,False,False,0,MAX_STEPS,False,0,0,0.4590595040936023,0.5
c55b4ae9dd8745a933f0677aa99b4d3175bcc43629180d043827e6a8407cfe80,54e827db44a49c92403af8c44840d73ea0540be2040a456c80d1bf0a80325a1d,B0_CURRENT_CBF_ONLY,ACTIVATED,G3,10,10,0.03376538785358263,True,False,False,0,MAX_STEPS,False,0,0,0.06338829779997468,0.5
ffb93adeb770f62ebb637b7d9627ca6653977074192888e1d2f6bda2388411fa,54e827db44a49c92403af8c44840d73ea0540be2040a456c80d1bf0a80325a1d,B1_PLUS_SWEPT_SEGMENT,ACTIVATED,G3,10,10,0.03376538785358263,True,False,False,0,MAX_STEPS,False,0,0,0.0968351736664772,0.5
fbc57ca870eeb578473f2157b3bcce7548f71d80b7de0e5977fc302c6e7e75dc,54e827db44a49c92403af8c44840d73ea0540be2040a456c80d1bf0a80325a1d,B2_PLUS_TERMINAL_BACKUP,ACTIVATED,G3,10,0,0.0,False,False,False,0,NO_CERTIFIED_ACTION,False,0,0,0.04064534301869571,0.0
1eb6c667c1dcce0f28c7ea8cc633eb9a3fb19e2aeb63c985eb222d235ba1ef7f,54e827db44a49c92403af8c44840d73ea0540be2040a456c80d1bf0a80325a1d,B3_FULL_UNIFIED_WITH_DIRECTIONAL_ALTERNATIVES,ACTIVATED,G3,10,10,0.0315855379279768,True,False,False,0,MAX_STEPS,False,0,0,0.5770209229085594,0.5
86cf0d4c024d4c7846ffb6aee250f0325a862bf21c7973f9396da2dfe8d8dddc,582f03c9a2af338510502189d48da808781b6f85986da9e106a7a2fdb5b61055,B0_CURRENT_CBF_ONLY,ACTIVATED,G3,10,10,0.023996574713218477,True,False,False,0,MAX_STEPS,False,0,0,0.06256924686022103,0.5
e16360ec6bea6a417965353e68e1fea165e49b30c52e01579294b783a057fe75,582f03c9a2af338510502189d48da808781b6f85986da9e106a7a2fdb5b61055,B1_PLUS_SWEPT_SEGMENT,ACTIVATED,G3,10,10,0.023996574713218477,True,False,False,0,MAX_STEPS,False,0,0,0.09638509945943952,0.5
872308e72d5f092e608c3ddb3334bee5a4bd6560d03141f73f6ac4c3897d2a51,582f03c9a2af338510502189d48da808781b6f85986da9e106a7a2fdb5b61055,B2_PLUS_TERMINAL_BACKUP,ACTIVATED,G3,10,0,0.0,False,False,False,0,NO_CERTIFIED_ACTION,False,0,0,0.027907381998375058,0.0
f4484a59ccc3685f731901da429b263446189dc7b2f2dcfcbc4ff4e84833311b,582f03c9a2af338510502189d48da808781b6f85986da9e106a7a2fdb5b61055,B3_FULL_UNIFIED_WITH_DIRECTIONAL_ALTERNATIVES,ACTIVATED,G3,10,10,0.02136728496130802,True,False,False,0,MAX_STEPS,False,0,0,0.4610636152792722,0.5
6a07a8d04eeaed3e63a4e85cfd530cffa8cc5d2a58bfe22216cea8dffd215df6,6c3a9b360259f057628995472c40aeebf9cb55cf86199fc9ba3d05eb5b7f1323,B0_CURRENT_CBF_ONLY,ACTIVATED,G3,10,10,0.03376252503207866,True,False,False,0,MAX_STEPS,False,0,0,0.0630400306545198,0.5
6768ec1b9ba99385ab142fa8a48281dcd3b664ef3b08c10d3e694696cca58a22,6c3a9b360259f057628995472c40aeebf9cb55cf86199fc9ba3d05eb5b7f1323,B1_PLUS_SWEPT_SEGMENT,ACTIVATED,G3,10,10,0.03376252503207866,True,False,False,0,MAX_STEPS,False,0,0,0.0962435845285654,0.5
dce427c79d1531284fd1d3913d5e5a7d3e0c167a540b9d3a65cf6a8f53229c58,6c3a9b360259f057628995472c40aeebf9cb55cf86199fc9ba3d05eb5b7f1323,B2_PLUS_TERMINAL_BACKUP,ACTIVATED,G3,10,0,0.0,False,False,False,0,NO_CERTIFIED_ACTION,False,0,0,0.03376472997479141,0.0
1d449f46337b2180056527b03cda1035b637fcc197c2d9bc7db40f76d2e7a61a,6c3a9b360259f057628995472c40aeebf9cb55cf86199fc9ba3d05eb5b7f1323,B3_FULL_UNIFIED_WITH_DIRECTIONAL_ALTERNATIVES,ACTIVATED,G3,10,10,0.03162226198815765,True,False,False,0,MAX_STEPS,False,0,0,0.5748346438631415,0.5
bfd9b6f58dc68bc9173b6d3175f52579b5b73736ec026348ca81fd8c85c330f0,6f7e8bac31caf6b08d7a9143adaaeab64708d357fbacd5cd15574dde20d4b871,B0_CURRENT_CBF_ONLY,ACTIVATED,G3,10,10,0.024003772755500474,True,False,False,0,MAX_STEPS,False,0,0,0.06404574308544397,0.5
8b6299dd31d2e23d5b58acce7ca16de9212bb36ddc1d621757f1be1bcfaff691,6f7e8bac31caf6b08d7a9143adaaeab64708d357fbacd5cd15574dde20d4b871,B1_PLUS_SWEPT_SEGMENT,ACTIVATED,G3,10,10,0.024003772755500474,True,False,False,0,MAX_STEPS,False,0,0,0.09751819958910346,0.5
258b6dbdebaa953f61d99c1221379f2bb487c80a3583e1f65d560d28afb308c4,6f7e8bac31caf6b08d7a9143adaaeab64708d357fbacd5cd15574dde20d4b871,B2_PLUS_TERMINAL_BACKUP,ACTIVATED,G3,10,0,0.0,False,False,False,0,NO_CERTIFIED_ACTION,False,0,0,0.027562021976336837,0.0
be8b394b2ceab9a5eb087d444f4eb88d400e5873acebfd579c356a29999ad286,6f7e8bac31caf6b08d7a9143adaaeab64708d357fbacd5cd15574dde20d4b871,B3_FULL_UNIFIED_WITH_DIRECTIONAL_ALTERNATIVES,ACTIVATED,G3,10,10,0.02133453833179899,True,False,False,0,MAX_STEPS,False,0,0,0.4613165899645537,0.5
f33aaa1c3f50e92ceb7a86b5edb103aaa78f4d4620f0a6500501eb502070df4b,75a77d2806cc6cc0d83f5cfec715519cffffae27a07827df97c8b60e904eb7e2,B0_CURRENT_CBF_ONLY,ACTIVATED,G3,10,10,0.04352365163222294,True,False,False,0,MAX_STEPS,False,0,0,0.06862293230369687,0.5
cd7f68ce0d9e2fa2372ee957e4e17cc7c947351cd369cf3bc790ad577dc0dad1,75a77d2806cc6cc0d83f5cfec715519cffffae27a07827df97c8b60e904eb7e2,B1_PLUS_SWEPT_SEGMENT,ACTIVATED,G3,10,10,0.04352365163222294,True,False,False,0,MAX_STEPS,False,0,0,0.1011366113089025,0.5
f60ab3ca7f88fda7e48a291428d8bee85bbca8c37ed8bae6ffa5e2ae9f1a4b09,75a77d2806cc6cc0d83f5cfec715519cffffae27a07827df97c8b60e904eb7e2,B2_PLUS_TERMINAL_BACKUP,ACTIVATED,G3,10,0,0.0,False,False,False,0,NO_CERTIFIED_ACTION,False,0,0,0.043786671943962574,0.0
358110845fb4c4ab41e75bde49d3622392c13211ac5081cca649cf09ca7ac9f2,75a77d2806cc6cc0d83f5cfec715519cffffae27a07827df97c8b60e904eb7e2,B3_FULL_UNIFIED_WITH_DIRECTIONAL_ALTERNATIVES,ACTIVATED,G3,10,10,0.041792419050686536,True,False,False,0,MAX_STEPS,False,0,0,0.6833515837788582,0.5
b22f22ec31be0a7f8cb2d7c5638cfdeae8ee8b51ab0113cd021422239c2a0986,7c56b6586f783c1d7aeb172e595eebb0270c90a369cedef4bcf54a2dc6ebf8cc,B0_CURRENT_CBF_ONLY,ACTIVATED,G3,10,10,0.03346241608945444,True,False,False,0,MAX_STEPS,False,0,0,0.06334283296018839,0.5
150b1ab64e07a2db7b7c2e421ea8108d75fea86ba48e2f1eb9dae654a95dc1a7,7c56b6586f783c1d7aeb172e595eebb0270c90a369cedef4bcf54a2dc6ebf8cc,B1_PLUS_SWEPT_SEGMENT,ACTIVATED,G3,10,10,0.03346241608945444,True,False,False,0,MAX_STEPS,False,0,0,0.09650513902306557,0.5
1d9193a6fe82f09965f7896a4a2d9cb54c03ae7665a78394eb87b3b34133b653,7c56b6586f783c1d7aeb172e595eebb0270c90a369cedef4bcf54a2dc6ebf8cc,B2_PLUS_TERMINAL_BACKUP,ACTIVATED,G3,10,0,0.0,False,False,False,0,NO_CERTIFIED_ACTION,False,0,0,0.034533380065113306,0.0
10ac150a18257191733b198963ef099cecbd115b4664f2c0c57c967f14e00a54,7c56b6586f783c1d7aeb172e595eebb0270c90a369cedef4bcf54a2dc6ebf8cc,B3_FULL_UNIFIED_WITH_DIRECTIONAL_ALTERNATIVES,ACTIVATED,G3,10,10,0.030365588482585748,True,False,False,0,MAX_STEPS,False,0,0,0.63071798090823,0.5
4de8607d73f21e51b8f7998a9db43fb1e8539ad45a171e79f320d79b9c1777b2,82a2aa2df6a37104f411ef6be80bbe8f7743c15975edc16f4661b1c8dc48bc12,B0_CURRENT_CBF_ONLY,ACTIVATED,G3,10,10,0.03377277202972617,True,False,False,0,MAX_STEPS,False,0,0,0.06333270249888301,0.5
b086aa78a09737e8f1f9cc13962863d51ef075f9d5121e6b80d514594ac802b6,82a2aa2df6a37104f411ef6be80bbe8f7743c15975edc16f4661b1c8dc48bc12,B1_PLUS_SWEPT_SEGMENT,ACTIVATED,G3,10,10,0.03377277202972617,True,False,False,0,MAX_STEPS,False,0,0,0.09760252386331558,0.5
d7a97b8cd70cf191287418a9dbccdb02bf6e77fb767fb1e95dcb7b1dd82bda36,82a2aa2df6a37104f411ef6be80bbe8f7743c15975edc16f4661b1c8dc48bc12,B2_PLUS_TERMINAL_BACKUP,ACTIVATED,G3,10,0,0.0,False,False,False,0,NO_CERTIFIED_ACTION,False,0,0,0.03402432193979621,0.0
91e8bf389adc630c67800be0bc07fe99d0bf3dc03ce491cb45fb9120a644db69,82a2aa2df6a37104f411ef6be80bbe8f7743c15975edc16f4661b1c8dc48bc12,B3_FULL_UNIFIED_WITH_DIRECTIONAL_ALTERNATIVES,ACTIVATED,G3,10,10,0.03159308985603149,True,False,False,0,MAX_STEPS,False,0,0,0.5724179982207716,0.5
940b9514e747096b9fd93af6d511595c2c499961e741445f4ccd2d3e432767a4,97df0eb1377ece2a4b5cfea6cce2aeb4eb7da02735ac6fad7ad0a59fb30dedd6,B0_CURRENT_CBF_ONLY,ACTIVATED,G3,10,10,0.033764379028357716,True,False,False,0,MAX_STEPS,False,0,0,0.06311838910914958,0.5
a5fac9b28ce914be236df44b6814f116158bca8a5337bb8f51aa9dff43f7c45c,97df0eb1377ece2a4b5cfea6cce2aeb4eb7da02735ac6fad7ad0a59fb30dedd6,B1_PLUS_SWEPT_SEGMENT,ACTIVATED,G3,10,10,0.033764379028357716,True,False,False,0,MAX_STEPS,False,0,0,0.09616117016412318,0.5
41282b83c609ec69eaa83c628a509c77b6c3d7081d1d32407f759014de313f47,97df0eb1377ece2a4b5cfea6cce2aeb4eb7da02735ac6fad7ad0a59fb30dedd6,B2_PLUS_TERMINAL_BACKUP,ACTIVATED,G3,10,0,0.0,False,False,False,0,NO_CERTIFIED_ACTION,False,0,0,0.03084024484269321,0.0
d517d19ce91d2c6c251d7f417183e0b02a08dffc3384fbd396af1ad6734aa11a,97df0eb1377ece2a4b5cfea6cce2aeb4eb7da02735ac6fad7ad0a59fb30dedd6,B3_FULL_UNIFIED_WITH_DIRECTIONAL_ALTERNATIVES,ACTIVATED,G3,10,10,0.03162418868345673,True,False,False,0,MAX_STEPS,False,0,0,0.5688753165304661,0.5
fdedf17f4553c1df0c7e75a2841e5fa971949fd8481f2470a4a53d8819b98ffc,a5e88a2990b0516c668ffe7c1a80ad05a324a6c77c3fcc5ea2873690b8ec9a59,B0_CURRENT_CBF_ONLY,ACTIVATED,G3,10,10,0.04137453284658721,True,False,False,0,MAX_STEPS,False,0,0,0.0664889954496175,0.5
b2708c821240f88b18608a9e87a461e91889db7a534fa969e18e2396acb326a4,a5e88a2990b0516c668ffe7c1a80ad05a324a6c77c3fcc5ea2873690b8ec9a59,B1_PLUS_SWEPT_SEGMENT,ACTIVATED,G3,10,10,0.04137453284658721,True,False,False,0,MAX_STEPS,False,0,0,0.10531152505427599,0.5
63900c3082d4b5fe4bc05a091e6cf20943e3569fb4022d695bf8cf989af8bbc0,a5e88a2990b0516c668ffe7c1a80ad05a324a6c77c3fcc5ea2873690b8ec9a59,B2_PLUS_TERMINAL_BACKUP,ACTIVATED,G3,10,0,0.0,False,False,False,0,NO_CERTIFIED_ACTION,False,0,0,0.04942973889410496,0.0
ac96edd4a07c473fc7ee6c1fe378922c8287fd08015fdb99e31a3bcec9c0fa77,a5e88a2990b0516c668ffe7c1a80ad05a324a6c77c3fcc5ea2873690b8ec9a59,B3_FULL_UNIFIED_WITH_DIRECTIONAL_ALTERNATIVES,ACTIVATED,G3,10,10,0.040158971103443575,True,False,False,0,MAX_STEPS,False,0,0,0.689948147861287,0.5
47875a370cffd9c4690f04249d5699fbd98c65330d165cf5afba5106f9a7f458,a74667ba81c1edd9d480bc2b1f993eafc102d9c2c15b630fb984eb6731e659c8,B0_CURRENT_CBF_ONLY,ACTIVATED,G3,10,10,0.022498382779219228,True,False,False,0,MAX_STEPS,False,0,0,0.0652269849088043,0.5
f7ad0e26bd13a7df38b1cb2deb767c33e1b7be63f6ae92e99d90f170c7f179c3,a74667ba81c1edd9d480bc2b1f993eafc102d9c2c15b630fb984eb6731e659c8,B1_PLUS_SWEPT_SEGMENT,ACTIVATED,G3,10,10,0.022498382779219228,True,False,False,0,MAX_STEPS,False,0,0,0.09789820271544158,0.5
ad5da2c533e7b319065a090ae665534ff4e7afe804ad7cbbde6fafe115cf584d,a74667ba81c1edd9d480bc2b1f993eafc102d9c2c15b630fb984eb6731e659c8,B2_PLUS_TERMINAL_BACKUP,ACTIVATED,G3,10,0,0.0,False,False,False,0,NO_CERTIFIED_ACTION,False,0,0,0.02728986321017146,0.0
b899642779155b706dc9554453f2ecd3507261951d3cd3a4a51fbf63679325c6,a74667ba81c1edd9d480bc2b1f993eafc102d9c2c15b630fb984eb6731e659c8,B3_FULL_UNIFIED_WITH_DIRECTIONAL_ALTERNATIVES,ACTIVATED,G3,10,10,0.018792118684403336,True,False,False,0,MAX_STEPS,False,0,0,0.5013627116568387,0.5
48730b04984861540d7df0db6a1adc58260a1012c5b8928c199d119a46cd16f1,b332b530e424ea4c9257af6a74719793223b910c91ea5e3a3cdcbdee80e79fbb,B0_CURRENT_CBF_ONLY,ACTIVATED,G3,10,10,0.04352234132719646,True,False,False,0,MAX_STEPS,False,0,0,0.06783794541843235,0.5
590350a73be06c920dbccb99ade2b90ed629eece22211f09b965bd2d3c08399a,b332b530e424ea4c9257af6a74719793223b910c91ea5e3a3cdcbdee80e79fbb,B1_PLUS_SWEPT_SEGMENT,ACTIVATED,G3,10,10,0.04352234132719646,True,False,False,0,MAX_STEPS,False,0,0,0.10096514574252069,0.5
3584b601aecbfdd1f7c8bbf7da2c0b718bed3b5502117926264fb952fcd7b184,b332b530e424ea4c9257af6a74719793223b910c91ea5e3a3cdcbdee80e79fbb,B2_PLUS_TERMINAL_BACKUP,ACTIVATED,G3,10,0,0.0,False,False,False,0,NO_CERTIFIED_ACTION,False,0,0,0.04138776287436485,0.0
fdb1d22cc4a0189bbc59854e2d6c5492141d0c81bc5879eeb0b94cc1d0988cec,b332b530e424ea4c9257af6a74719793223b910c91ea5e3a3cdcbdee80e79fbb,B3_FULL_UNIFIED_WITH_DIRECTIONAL_ALTERNATIVES,ACTIVATED,G3,10,10,0.04183060339207767,True,False,False,0,MAX_STEPS,False,0,0,0.6807288520503789,0.5
f11c324f85d7ec5a4dd0bf42f336ae269166dc3b736c872bb9c99297bd509cb2,c74a038af3b8274d76e24337d0e102af72c1956279c2b94ed8fa5c275a215e84,B0_CURRENT_CBF_ONLY,ACTIVATED,G3,10,10,0.03375510398242587,True,False,False,0,MAX_STEPS,False,0,0,0.06272827531211078,0.5
2977bc9c4bc400e999c29bd8a1cd502b1d16fe7f4b1c78b538e48d5423c5338d,c74a038af3b8274d76e24337d0e102af72c1956279c2b94ed8fa5c275a215e84,B1_PLUS_SWEPT_SEGMENT,ACTIVATED,G3,10,10,0.03375510398242587,True,False,False,0,MAX_STEPS,False,0,0,0.09596137097105384,0.5
2862cac2c4153ae61c9175b55862960d1c11bd2af29e478e50d78a972114f62b,c74a038af3b8274d76e24337d0e102af72c1956279c2b94ed8fa5c275a215e84,B2_PLUS_TERMINAL_BACKUP,ACTIVATED,G3,10,0,0.0,False,False,False,0,NO_CERTIFIED_ACTION,False,0,0,0.04120689001865685,0.0
12ed79624ce884d415e836ce1d8942b6b8c13fdb720edcc27d97e2816454f266,c74a038af3b8274d76e24337d0e102af72c1956279c2b94ed8fa5c275a215e84,B3_FULL_UNIFIED_WITH_DIRECTIONAL_ALTERNATIVES,ACTIVATED,G3,10,10,0.03161455127359125,True,False,False,0,MAX_STEPS,False,0,0,0.5764374451246113,0.5
f6166e0af93a6dabd5f3ba20d47d9364ac3ec67c642adf7b4b2ab568e88fe232,c84fd054dd4d1aba9c83cea797db8e42d7619a350bb20529b0b5217a9aee6ef4,B0_CURRENT_CBF_ONLY,ACTIVATED,G3,10,10,0.03377558534799863,True,False,False,0,MAX_STEPS,False,0,0,0.06312564644031227,0.5
07c656735f49dfe90baa17fac6f9df8b11c32104bf66620dea159d2f817d34c2,c84fd054dd4d1aba9c83cea797db8e42d7619a350bb20529b0b5217a9aee6ef4,B1_PLUS_SWEPT_SEGMENT,ACTIVATED,G3,10,10,0.03377558534799863,True,False,False,0,MAX_STEPS,False,0,0,0.09655332821421325,0.5
6d998ff3b02b5d5ea256789dc9cab658feafdb67a5792fa57ed0e1e1d45cee8c,c84fd054dd4d1aba9c83cea797db8e42d7619a350bb20529b0b5217a9aee6ef4,B2_PLUS_TERMINAL_BACKUP,ACTIVATED,G3,10,0,0.0,False,False,False,0,NO_CERTIFIED_ACTION,False,0,0,0.03745613107457757,0.0
f978b00f86e170f15c5205cdf1474dc72faa0d8f61e0733c1101700cc4832377,c84fd054dd4d1aba9c83cea797db8e42d7619a350bb20529b0b5217a9aee6ef4,B3_FULL_UNIFIED_WITH_DIRECTIONAL_ALTERNATIVES,ACTIVATED,G3,10,10,0.03155601176243805,True,False,False,0,MAX_STEPS,False,0,0,0.5741365221329033,0.5
cfeafe59e820960fdce0d4799a5db99264fdeb6b2c4a85ee90e12b0d52fc0005,cb774c833377da2918acbff4ac6c151849ee0e5e585802aadc861ca0c97abef2,B0_CURRENT_CBF_ONLY,ACTIVATED,G3,10,10,0.04351148279726713,True,False,False,0,MAX_STEPS,False,0,0,0.06666289595887065,0.5
2c6219d24c0b63ece8dd80cf022a15841230e31e203407679588ab348770cd3d,cb774c833377da2918acbff4ac6c151849ee0e5e585802aadc861ca0c97abef2,B1_PLUS_SWEPT_SEGMENT,ACTIVATED,G3,10,10,0.04351148279726713,True,False,False,0,MAX_STEPS,False,0,0,0.09987105801701546,0.5
ab61921bd283f96c5f5726b6ee24d62348779c12461bc508d09e313523372169,cb774c833377da2918acbff4ac6c151849ee0e5e585802aadc861ca0c97abef2,B2_PLUS_TERMINAL_BACKUP,ACTIVATED,G3,10,0,0.0,False,False,False,0,NO_CERTIFIED_ACTION,False,0,0,0.050866564037278295,0.0
ff884ac29d0da5b7f97781540e1999dbc922bb3dd7b5409fcb0a1838ae2fdd1e,cb774c833377da2918acbff4ac6c151849ee0e5e585802aadc861ca0c97abef2,B3_FULL_UNIFIED_WITH_DIRECTIONAL_ALTERNATIVES,ACTIVATED,G3,10,10,0.04181931338016931,True,False,False,0,MAX_STEPS,False,0,0,0.6893193027935922,0.5
6e59bf5b492394bdbe6518eb77682a7bc237ebd5bb94af0805a393ee2bbe2bd6,e0e82c1541d35cbd4aae599b105e6ed9108c03ab76f45f6c4eb93c45cd8331b2,B0_CURRENT_CBF_ONLY,ACTIVATED,G3,10,10,0.033764749768509295,True,False,False,0,MAX_STEPS,False,0,0,0.0636498280800879,0.5
8e20fa71a6dd6ff6ceef6ecf2a534a653e7586efaf1d6db5621572f4fec46800,e0e82c1541d35cbd4aae599b105e6ed9108c03ab76f45f6c4eb93c45cd8331b2,B1_PLUS_SWEPT_SEGMENT,ACTIVATED,G3,10,10,0.033764749768509295,True,False,False,0,MAX_STEPS,False,0,0,0.09611924854107201,0.5
40679f5e6fd54f40051b632db184916f7413a1e71bdc43f7e471c1595645e052,e0e82c1541d35cbd4aae599b105e6ed9108c03ab76f45f6c4eb93c45cd8331b2,B2_PLUS_TERMINAL_BACKUP,ACTIVATED,G3,10,0,0.0,False,False,False,0,NO_CERTIFIED_ACTION,False,0,0,0.030738194938749075,0.0
35e2734018e2b8501f51ca5f568e57b691ddf1a0f53b850a25fe18ac2e249af9,e0e82c1541d35cbd4aae599b105e6ed9108c03ab76f45f6c4eb93c45cd8331b2,B3_FULL_UNIFIED_WITH_DIRECTIONAL_ALTERNATIVES,ACTIVATED,G3,10,10,0.031624573970805425,True,False,False,0,MAX_STEPS,False,0,0,0.5737913551274687,0.5
79cf87f315448ca2a61b3fa0963ea089e4de7c0d21fa384be4f0fc1f867727b0,16fe88262694ace7502b8af046b32807208de36081c7b9899ad12e38ab16a196,B0_CURRENT_CBF_ONLY,REPRESENTATIVE_HOLDOUT,,5,5,0.008822218949613436,True,False,False,0,MAX_STEPS,False,0,0,0.0077607110142707825,0.25
072ccf6b73b4a3f534f3293e6dae3696906de795812dbb8660c5392872c89f93,16fe88262694ace7502b8af046b32807208de36081c7b9899ad12e38ab16a196,B1_PLUS_SWEPT_SEGMENT,REPRESENTATIVE_HOLDOUT,,5,5,0.008822218949613436,True,False,False,0,MAX_STEPS,False,0,0,0.024731533834710717,0.25
413923508518f8f1eb720714f1dca04473d49f670e1ab770f07f21ef23b5c24f,16fe88262694ace7502b8af046b32807208de36081c7b9899ad12e38ab16a196,B2_PLUS_TERMINAL_BACKUP,REPRESENTATIVE_HOLDOUT,,5,5,0.008822218949613436,True,False,False,0,MAX_STEPS,False,0,0,0.19441815000027418,0.25
a0965150511a472351e4710f66ac5ea6c755faa82248943403c6ef6f2ba99676,16fe88262694ace7502b8af046b32807208de36081c7b9899ad12e38ab16a196,B3_FULL_UNIFIED_WITH_DIRECTIONAL_ALTERNATIVES,REPRESENTATIVE_HOLDOUT,,5,5,0.008822218949613436,True,False,False,0,MAX_STEPS,False,0,0,0.2007188161369413,0.25
0107384b789490550870a9bbefe5a865ccae2bc011a1773ed2098421f2e30ae5,a8f4ae301144c24c65db575a71aa847e1e70670021207cc9b3720481301d602b,B0_CURRENT_CBF_ONLY,REPRESENTATIVE_HOLDOUT,,5,5,0.0032832642098912235,True,False,False,0,MAX_STEPS,False,0,0,0.006994411814957857,0.25
f9acd983ae2cceedf0fd5e508f3a2096a3631faa92f3f90b53ad534c700c3cce,a8f4ae301144c24c65db575a71aa847e1e70670021207cc9b3720481301d602b,B1_PLUS_SWEPT_SEGMENT,REPRESENTATIVE_HOLDOUT,,5,5,0.0032832642098912235,True,False,False,0,MAX_STEPS,False,0,0,0.023632952943444252,0.25
2aad39a06af4132102d5dba0bfd91558af50321ea3697bbef4fc1d50a2e10db3,a8f4ae301144c24c65db575a71aa847e1e70670021207cc9b3720481301d602b,B2_PLUS_TERMINAL_BACKUP,REPRESENTATIVE_HOLDOUT,,5,5,0.0,False,False,True,5,MAX_STEPS,False,0,0,0.062206711852923036,0.25
92a0357d95f8b535dc472063dec71fe5cc6bdfe7bca8e0779aa196e3b39d9c09,a8f4ae301144c24c65db575a71aa847e1e70670021207cc9b3720481301d602b,B3_FULL_UNIFIED_WITH_DIRECTIONAL_ALTERNATIVES,REPRESENTATIVE_HOLDOUT,,5,5,0.0,False,False,True,5,MAX_STEPS,False,0,0,0.06780441501177847,0.25
08305e5104f6cb689b340af0a7ee01079f29c127c981dd1a175e86adea3701e6,9c75d9c390ceba06164709eb47179480623514a41935f545bf2cf3693a6d5112,B0_CURRENT_CBF_ONLY,REPRESENTATIVE_HOLDOUT,,5,5,0.0033622108900984715,True,False,False,0,MAX_STEPS,False,0,0,0.007650319021195173,0.25
e413b9b9aa42799c54c718db60381d2b00884f35a4bfc58f2302aa7794e22472,9c75d9c390ceba06164709eb47179480623514a41935f545bf2cf3693a6d5112,B1_PLUS_SWEPT_SEGMENT,REPRESENTATIVE_HOLDOUT,,5,5,0.0033622108900984715,True,False,False,0,MAX_STEPS,False,0,0,0.02440413972362876,0.25
afdfbaa5cf9fb8df87c6d8417a8e37ca78af78ecb9acf90db783478c0e2b3c6d,9c75d9c390ceba06164709eb47179480623514a41935f545bf2cf3693a6d5112,B2_PLUS_TERMINAL_BACKUP,REPRESENTATIVE_HOLDOUT,,5,5,0.0,False,False,True,5,MAX_STEPS,False,0,0,0.06384116597473621,0.25
dced41995323ed256228c0543f44eb3385b271fa8f290c9c959a166a9287033a,9c75d9c390ceba06164709eb47179480623514a41935f545bf2cf3693a6d5112,B3_FULL_UNIFIED_WITH_DIRECTIONAL_ALTERNATIVES,REPRESENTATIVE_HOLDOUT,,5,5,0.0,False,False,True,5,MAX_STEPS,False,0,0,0.07037813286297023,0.25
7a1b27d089a55d80562e3133eed90545020646dcaccf7f30352657bbf62a2119,d35a07742088056db84cbe1e766a4d3d8e26bef108b6afbc4eb461a6149610b0,B0_CURRENT_CBF_ONLY,REPRESENTATIVE_HOLDOUT,,5,5,0.013996103624425826,True,False,False,0,MAX_STEPS,False,0,0,0.00803020317107439,0.25
30bb8a381b0ae00285dc888e066f6016fef61a6bea04a07afbba1b4564f0d094,d35a07742088056db84cbe1e766a4d3d8e26bef108b6afbc4eb461a6149610b0,B1_PLUS_SWEPT_SEGMENT,REPRESENTATIVE_HOLDOUT,,5,5,0.013996103624425826,True,False,False,0,MAX_STEPS,False,0,0,0.024929879931733012,0.25
65861f7848c04e06b5c3777f7314a188982291ea4c3c929468ab175182b752c5,d35a07742088056db84cbe1e766a4d3d8e26bef108b6afbc4eb461a6149610b0,B2_PLUS_TERMINAL_BACKUP,REPRESENTATIVE_HOLDOUT,,5,5,0.013996103624425826,True,False,False,0,MAX_STEPS,False,0,0,0.27842306392267346,0.25
cc43cba8eb815570e2833d0a1c7a944923ffe060053ec303df1639b09ac61d66,d35a07742088056db84cbe1e766a4d3d8e26bef108b6afbc4eb461a6149610b0,B3_FULL_UNIFIED_WITH_DIRECTIONAL_ALTERNATIVES,REPRESENTATIVE_HOLDOUT,,5,5,0.013996103624425826,True,False,False,0,MAX_STEPS,False,0,0,0.28136101621203125,0.25
8e73a9aedaebe7ae458c7a419610e684ba48999c3c5a7c75576f042bc279b24c,235e1bb5094b3e24617a36b9db8b226891327b847618ba7632b3dfe1e67ead91,B0_CURRENT_CBF_ONLY,REPRESENTATIVE_HOLDOUT,,5,5,0.0026588384872454074,True,False,False,0,MAX_STEPS,False,0,0,0.0074001881293952465,0.25
dc397012aea8f72c83d9c42beb788b799d96ba846c613478895217bf713bf694,235e1bb5094b3e24617a36b9db8b226891327b847618ba7632b3dfe1e67ead91,B1_PLUS_SWEPT_SEGMENT,REPRESENTATIVE_HOLDOUT,,5,5,0.0026588384872454074,True,False,False,0,MAX_STEPS,False,0,0,0.0240179100073874,0.25
94307bec002cee9efd17734acf8b409e65da4f436e316e9f692c3ff607e580f8,235e1bb5094b3e24617a36b9db8b226891327b847618ba7632b3dfe1e67ead91,B2_PLUS_TERMINAL_BACKUP,REPRESENTATIVE_HOLDOUT,,5,5,0.0,False,False,True,5,MAX_STEPS,False,0,0,0.0625954233109951,0.25
402d04ad8591a9681830df25c995cfa2a6457e3abda3a2cb475b7ab8e14f6fbb,235e1bb5094b3e24617a36b9db8b226891327b847618ba7632b3dfe1e67ead91,B3_FULL_UNIFIED_WITH_DIRECTIONAL_ALTERNATIVES,REPRESENTATIVE_HOLDOUT,,5,5,0.0,False,False,True,5,MAX_STEPS,False,0,0,0.06937320600263774,0.25
1383caa867ef2d5996860598c482c7d61e9a43bf7405d41f2efa913aac517fbe,cc2b4eefcbfcc32163ead1ba19732dafef119b9982095c2e83244d1d392356be,B0_CURRENT_CBF_ONLY,REPRESENTATIVE_HOLDOUT,,5,5,0.025604797993627137,True,False,False,0,MAX_STEPS,False,0,0,0.007446295814588666,0.25
65fbbf0e7229630ec94d82791e71d9ccd73bfae26bdbb96ae0648d0f645a3fc5,cc2b4eefcbfcc32163ead1ba19732dafef119b9982095c2e83244d1d392356be,B1_PLUS_SWEPT_SEGMENT,REPRESENTATIVE_HOLDOUT,,5,5,0.025604797993627137,True,False,False,0,MAX_STEPS,False,0,0,0.0239036048296839,0.25
65b95a1e25eba23364ce3c4064ebd905e21b72fc9ab566384254d7a8a04a650f,cc2b4eefcbfcc32163ead1ba19732dafef119b9982095c2e83244d1d392356be,B2_PLUS_TERMINAL_BACKUP,REPRESENTATIVE_HOLDOUT,,5,5,0.025604797993627137,True,False,False,0,MAX_STEPS,False,0,0,0.4056561642792076,0.25
5393c15bae5b994c0938fa2290d957053a498a5c8e13e0236e492efa6a7ef53e,cc2b4eefcbfcc32163ead1ba19732dafef119b9982095c2e83244d1d392356be,B3_FULL_UNIFIED_WITH_DIRECTIONAL_ALTERNATIVES,REPRESENTATIVE_HOLDOUT,,5,5,0.025604797993627137,True,False,False,0,MAX_STEPS,False,0,0,0.4153126778546721,0.25
e6f434345076817cb70b8a079c77bd5e7eefc2012a353fe8646c85a4a8c85ce6,21762d6d6a7f8ee822b1fc7c0ab62680934b41ce005493f9d92edff6e349ce03,B0_CURRENT_CBF_ONLY,REPRESENTATIVE_HOLDOUT,,5,5,0.020132600147593216,True,False,False,0,MAX_STEPS,False,0,0,0.007411572150886059,0.25
3aa1ba235845c4a99743d0db00818d936f719183e65d06cd60e4b7c1705c7885,21762d6d6a7f8ee822b1fc7c0ab62680934b41ce005493f9d92edff6e349ce03,B1_PLUS_SWEPT_SEGMENT,REPRESENTATIVE_HOLDOUT,,5,5,0.020132600147593216,True,False,False,0,MAX_STEPS,False,0,0,0.02417098288424313,0.25
88c9f08b69a4726ddbdc70945d95526fcd7ce4e14a1a384c594793692c88f231,21762d6d6a7f8ee822b1fc7c0ab62680934b41ce005493f9d92edff6e349ce03,B2_PLUS_TERMINAL_BACKUP,REPRESENTATIVE_HOLDOUT,,5,5,0.020132600147593216,True,False,False,0,MAX_STEPS,False,0,0,0.3174421167932451,0.25
86f979a5d7c5d22599299a4703dd951f1725e2ed7e0db7c12496e37648a3e355,21762d6d6a7f8ee822b1fc7c0ab62680934b41ce005493f9d92edff6e349ce03,B3_FULL_UNIFIED_WITH_DIRECTIONAL_ALTERNATIVES,REPRESENTATIVE_HOLDOUT,,5,5,0.020132600147593216,True,False,False,0,MAX_STEPS,False,0,0,0.3260778107214719,0.25
ab32a0374e404d2dec7038f2ae232396bdfbe36000a05ce100b3fb9bcb53b9d6,3a070c6e900eab3adcf9eedd1f543aa20f9be30d28c7ef938a1808ef98cadcd3,B0_CURRENT_CBF_ONLY,REPRESENTATIVE_HOLDOUT,,5,5,0.01979892448099352,True,False,False,0,MAX_STEPS,False,0,0,0.00720165204256773,0.25
f16915eaeba8ba7217d91819909349b338808dae1d81ad6ff96d1ce0a8812851,3a070c6e900eab3adcf9eedd1f543aa20f9be30d28c7ef938a1808ef98cadcd3,B1_PLUS_SWEPT_SEGMENT,REPRESENTATIVE_HOLDOUT,,5,5,0.01979892448099352,True,False,False,0,MAX_STEPS,False,0,0,0.0235518931876868,0.25
90156285bb42cecdafad7bdeff9e2b9698a3ffc11338a70c52eb3996bc3d2562,3a070c6e900eab3adcf9eedd1f543aa20f9be30d28c7ef938a1808ef98cadcd3,B2_PLUS_TERMINAL_BACKUP,REPRESENTATIVE_HOLDOUT,,5,5,0.01979892448099352,True,False,False,0,MAX_STEPS,False,0,0,0.3311571821104735,0.25
dc98c3c3ccae1cc4eefbea1cd4e4a369468c70ff73757103b5d5514257a937c2,3a070c6e900eab3adcf9eedd1f543aa20f9be30d28c7ef938a1808ef98cadcd3,B3_FULL_UNIFIED_WITH_DIRECTIONAL_ALTERNATIVES,REPRESENTATIVE_HOLDOUT,,5,5,0.01979892448099352,True,False,False,0,MAX_STEPS,False,0,0,0.3391680782660842,0.25
c37f1d8194bfa4ab8aaa566ebc9a310d30770b986db9573b79e37a4cdda76a8f,3836c97635fd76445ce91a4f0f6b0675cc79bebdded4c011eb13febf75e48b89,B0_CURRENT_CBF_ONLY,REPRESENTATIVE_HOLDOUT,,5,5,0.008821331497095908,True,False,False,0,MAX_STEPS,False,0,0,0.007079856004565954,0.25
fe7875dfc16a2f46354969e4530ad1c115592ebc5067c3f45117c3bb65512e84,3836c97635fd76445ce91a4f0f6b0675cc79bebdded4c011eb13febf75e48b89,B1_PLUS_SWEPT_SEGMENT,REPRESENTATIVE_HOLDOUT,,5,5,0.008821331497095908,True,False,False,0,MAX_STEPS,False,0,0,0.023415597388520837,0.25
f73b83dd27f607e4ee9466f776029335ed067eec8e43c26e80922606d5141e35,3836c97635fd76445ce91a4f0f6b0675cc79bebdded4c011eb13febf75e48b89,B2_PLUS_TERMINAL_BACKUP,REPRESENTATIVE_HOLDOUT,,5,5,0.008821331497095908,True,False,False,0,MAX_STEPS,False,0,0,0.1855198268312961,0.25
6b63106ab25f5e1fbf221799275644ebda79e618169bb0b1fb9d298359129a61,3836c97635fd76445ce91a4f0f6b0675cc79bebdded4c011eb13febf75e48b89,B3_FULL_UNIFIED_WITH_DIRECTIONAL_ALTERNATIVES,REPRESENTATIVE_HOLDOUT,,5,5,0.008821331497095908,True,False,False,0,MAX_STEPS,False,0,0,0.19362911488860846,0.25
cd517d1eba7207aa73770a3a9a5808a85b7b6f8ecfda3344ce3ee3e211457001,6e12f66332b7dea58c36ca96dab7fa3c9fa51c7308be51c262b0d8af7e1bc1ca,B0_CURRENT_CBF_ONLY,REPRESENTATIVE_HOLDOUT,,5,5,0.02531189317737087,True,False,False,0,MAX_STEPS,False,0,0,0.006679542595520616,0.25
ca7d16385963d7159ff74aaf525ebe22a6a63dbb251edbe53e3533b957696741,6e12f66332b7dea58c36ca96dab7fa3c9fa51c7308be51c262b0d8af7e1bc1ca,B1_PLUS_SWEPT_SEGMENT,REPRESENTATIVE_HOLDOUT,,5,5,0.02531189317737087,True,False,False,0,MAX_STEPS,False,0,0,0.0229776157066226,0.25
fb0354c0bfad19e9075b48a87a8619e73399d804f81677dbb542f9095e4e3d85,6e12f66332b7dea58c36ca96dab7fa3c9fa51c7308be51c262b0d8af7e1bc1ca,B2_PLUS_TERMINAL_BACKUP,REPRESENTATIVE_HOLDOUT,,5,5,0.02531189317737087,True,False,False,0,MAX_STEPS,False,0,0,0.3955886377952993,0.25
aa239706f060aae3726d059f9ca69c8e8a69ff7b9bb5d11918aaacfdecbbe4ac,6e12f66332b7dea58c36ca96dab7fa3c9fa51c7308be51c262b0d8af7e1bc1ca,B3_FULL_UNIFIED_WITH_DIRECTIONAL_ALTERNATIVES,REPRESENTATIVE_HOLDOUT,,5,5,0.02531189317737087,True,False,False,0,MAX_STEPS,False,0,0,0.40417320444248617,0.25
492c96185c102e85007ef9526ccd453c390a4099ff27d118bf486d39f0420ec4,42943f603fd47daaed71c6e166d227c4ac377b64eedf9c8d8b8a7efe6190ef68,B0_CURRENT_CBF_ONLY,REPRESENTATIVE_HOLDOUT,,5,5,0.01387026249075285,True,False,False,0,MAX_STEPS,False,0,0,0.012943272246047854,0.25
3b37560a95deb2b48a7449169506583b88976990f6413b423fc0025f3ac282a2,42943f603fd47daaed71c6e166d227c4ac377b64eedf9c8d8b8a7efe6190ef68,B1_PLUS_SWEPT_SEGMENT,REPRESENTATIVE_HOLDOUT,,5,5,0.01387026249075285,True,False,False,0,MAX_STEPS,False,0,0,0.029411386232823133,0.25
6089c52cd0209225cd306bc2888d74c59087919854a0fc14b4f3df4e4d6331ba,42943f603fd47daaed71c6e166d227c4ac377b64eedf9c8d8b8a7efe6190ef68,B2_PLUS_TERMINAL_BACKUP,REPRESENTATIVE_HOLDOUT,,5,5,0.01387026249075285,True,False,False,0,MAX_STEPS,False,0,0,0.2630658440757543,0.25
b7cf681d12aa09ff79016729d4556d3490615747e65e75985fcb20c222d4b5f3,42943f603fd47daaed71c6e166d227c4ac377b64eedf9c8d8b8a7efe6190ef68,B3_FULL_UNIFIED_WITH_DIRECTIONAL_ALTERNATIVES,REPRESENTATIVE_HOLDOUT,,5,5,0.01387026249075285,True,False,False,0,MAX_STEPS,False,0,0,0.2712694362271577,0.25
3519f53a8b10aad8a5f8e2317f65a30d67f62af56c262741baaf0ea32125692f,9fb2c4c8330aecc71d499269313b5a9886a43e4b62c7ad3cb26e84322c8a97e3,B0_CURRENT_CBF_ONLY,REPRESENTATIVE_HOLDOUT,,5,5,0.025112004309167324,True,False,False,0,MAX_STEPS,False,0,0,0.006692735245451331,0.25
b15797b54d9987a49b48b6a40c144718daf0a8e3dfcdf23d19f95fea82487078,9fb2c4c8330aecc71d499269313b5a9886a43e4b62c7ad3cb26e84322c8a97e3,B1_PLUS_SWEPT_SEGMENT,REPRESENTATIVE_HOLDOUT,,5,5,0.025112004309167324,True,False,False,0,MAX_STEPS,False,0,0,0.022997374413535,0.25
f6c65db2ca69fddc897dc1d9f7af1c3416c7d9087259a4bd5d6cb9843fc7bedc,9fb2c4c8330aecc71d499269313b5a9886a43e4b62c7ad3cb26e84322c8a97e3,B2_PLUS_TERMINAL_BACKUP,REPRESENTATIVE_HOLDOUT,,5,5,0.025112004309167324,True,False,False,0,MAX_STEPS,False,0,0,0.3961515137925744,0.25
d46375dd73e3911b1d4a267d6f7b7332496140881146cd97225bb85c69d48c7d,9fb2c4c8330aecc71d499269313b5a9886a43e4b62c7ad3cb26e84322c8a97e3,B3_FULL_UNIFIED_WITH_DIRECTIONAL_ALTERNATIVES,REPRESENTATIVE_HOLDOUT,,5,5,0.025112004309167324,True,False,False,0,MAX_STEPS,False,0,0,0.40349234105087817,0.25
08b4d6778714418fb15f9a1df5faab46ab9fc56370717144736ffc31a0848802,ea1db817fdad70be222a63d4ee790f7e983c9d9c1c357da1eb7ae0d6b1d5bc48,B0_CURRENT_CBF_ONLY,REPRESENTATIVE_HOLDOUT,,5,5,0.025395093344531938,True,False,False,0,MAX_STEPS,False,0,0,0.00890097999945283,0.25
ac4627d7b1be8f6408b4ed1301fa7799fbd5dca82321d0c50a620e99ae7244a4,ea1db817fdad70be222a63d4ee790f7e983c9d9c1c357da1eb7ae0d6b1d5bc48,B1_PLUS_SWEPT_SEGMENT,REPRESENTATIVE_HOLDOUT,,5,5,0.025395093344531938,True,False,False,0,MAX_STEPS,False,0,0,0.026558178942650557,0.25
5b9f6c57f023d26bd5faa1fdf2e3787af5e844c79969500592acf0c42fb560d5,ea1db817fdad70be222a63d4ee790f7e983c9d9c1c357da1eb7ae0d6b1d5bc48,B2_PLUS_TERMINAL_BACKUP,REPRESENTATIVE_HOLDOUT,,5,5,0.025395093344531938,True,False,False,0,MAX_STEPS,False,0,0,0.4413835587911308,0.25
bd7b4814fbbb7edd7e56267ac762663e729d7a5703fa4e5cef1472274f2387f0,ea1db817fdad70be222a63d4ee790f7e983c9d9c1c357da1eb7ae0d6b1d5bc48,B3_FULL_UNIFIED_WITH_DIRECTIONAL_ALTERNATIVES,REPRESENTATIVE_HOLDOUT,,5,5,0.025395093344531938,True,False,False,0,MAX_STEPS,False,0,0,0.4499459427315742,0.25
751e7764144657b2d52655449a267276e04644e3148850b5f3290771596c9b55,ff2d268daef24f0972ee29a4317587fc58dfbd649258a211727d51343f6d8b82,B0_CURRENT_CBF_ONLY,REPRESENTATIVE_HOLDOUT,,5,5,0.014674038263983169,True,False,False,0,MAX_STEPS,False,0,0,0.007229401730000973,0.25
6f0e70ce07837938d09d1fd6bb955bc86f551c39a4774d86603e3ce0bbe9fe07,ff2d268daef24f0972ee29a4317587fc58dfbd649258a211727d51343f6d8b82,B1_PLUS_SWEPT_SEGMENT,REPRESENTATIVE_HOLDOUT,,5,5,0.014674038263983169,True,False,False,0,MAX_STEPS,False,0,0,0.024198023369535804,0.25
e290870421c5945815bc8a7bdb3b6d3810fd5973a9123dbf8bd57d490990eaa3,ff2d268daef24f0972ee29a4317587fc58dfbd649258a211727d51343f6d8b82,B2_PLUS_TERMINAL_BACKUP,REPRESENTATIVE_HOLDOUT,,5,5,0.014674038263983169,True,False,False,0,MAX_STEPS,False,0,0,0.22739573218859732,0.25
b3c17a11db091d713216bd4770639821a0fb2b7b884e3abc8a5deb8eba2b9a9d,ff2d268daef24f0972ee29a4317587fc58dfbd649258a211727d51343f6d8b82,B3_FULL_UNIFIED_WITH_DIRECTIONAL_ALTERNATIVES,REPRESENTATIVE_HOLDOUT,,5,5,0.014674038263983169,True,False,False,0,MAX_STEPS,False,0,0,0.2344080109614879,0.25
bcd7644607a4f7160f8302df0cd49f5f4d83f5e45f8b0b51593c845718af47ac,a0537d3c50a7cd859dfb5711004012012b1630d10d5d4032f4c5aef8d2ba0239,B0_CURRENT_CBF_ONLY,REPRESENTATIVE_HOLDOUT,,5,5,0.014673902005135742,True,False,False,0,MAX_STEPS,False,0,0,0.007302895653992891,0.25
409d5850a9e858442c132a3f6a40ab82ec524bd6b06e580b4df08582ff74db7d,a0537d3c50a7cd859dfb5711004012012b1630d10d5d4032f4c5aef8d2ba0239,B1_PLUS_SWEPT_SEGMENT,REPRESENTATIVE_HOLDOUT,,5,5,0.014673902005135742,True,False,False,0,MAX_STEPS,False,0,0,0.024005654966458678,0.25
b13f4d6ab1a73066b006c4920642b500423f61b6c31a2985a3dc200585079731,a0537d3c50a7cd859dfb5711004012012b1630d10d5d4032f4c5aef8d2ba0239,B2_PLUS_TERMINAL_BACKUP,REPRESENTATIVE_HOLDOUT,,5,5,0.014673902005135742,True,False,False,0,MAX_STEPS,False,0,0,0.2231552000157535,0.25
42527727c09ec1d239b3247eaec9a17c5c3a3bf9d32380a1a1e581bcb56dadd0,a0537d3c50a7cd859dfb5711004012012b1630d10d5d4032f4c5aef8d2ba0239,B3_FULL_UNIFIED_WITH_DIRECTIONAL_ALTERNATIVES,REPRESENTATIVE_HOLDOUT,,5,5,0.014673902005135742,True,False,False,0,MAX_STEPS,False,0,0,0.2378060887567699,0.25
0a9147cb4b2d3b200d699b6145ae9a111db4e333389eb1549b59389824497299,a29b5142439a6a9c0031fb2046ed014f9e6b71e43e7e7841debd1e277eb33a44,B0_CURRENT_CBF_ONLY,REPRESENTATIVE_HOLDOUT,,5,5,0.014627307060292055,True,False,False,0,MAX_STEPS,False,0,0,0.00768033810891211,0.25
bf125316890d3518f99315b18e8383a5a04528acb1a895e1768d18de15070394,a29b5142439a6a9c0031fb2046ed014f9e6b71e43e7e7841debd1e277eb33a44,B1_PLUS_SWEPT_SEGMENT,REPRESENTATIVE_HOLDOUT,,5,5,0.014627307060292055,True,False,False,0,MAX_STEPS,False,0,0,0.023899806896224618,0.25
9eb94fc6867851e9702cb1347844eb0417001edacf48a3a317099cffdab7bdcb,a29b5142439a6a9c0031fb2046ed014f9e6b71e43e7e7841debd1e277eb33a44,B2_PLUS_TERMINAL_BACKUP,REPRESENTATIVE_HOLDOUT,,5,5,0.014627307060292055,True,False,False,0,MAX_STEPS,False,0,0,0.2339414288289845,0.25
5ae17fda20566d11468cf4d230019ee114dcbe4b0b28e1cb3a93ee7ea355943e,a29b5142439a6a9c0031fb2046ed014f9e6b71e43e7e7841debd1e277eb33a44,B3_FULL_UNIFIED_WITH_DIRECTIONAL_ALTERNATIVES,REPRESENTATIVE_HOLDOUT,,5,5,0.014627307060292055,True,False,False,0,MAX_STEPS,False,0,0,0.2439268957823515,0.25
41afeacd2891ffe31d34675d27c3ab4cbe08c3ccb0d73be35bd4c84f2c34d6a3,84021e8bbe632e99563456bdc99a262f1b67a19baf2c0351be31740d5d1d9672,B0_CURRENT_CBF_ONLY,REPRESENTATIVE_HOLDOUT,,5,5,0.014527894648549061,True,False,False,0,MAX_STEPS,False,0,0,0.007522578816860914,0.25
4c6ce52c1d66f22ba1a8787899b32600c96fa66df5969f38f8cf875575875738,84021e8bbe632e99563456bdc99a262f1b67a19baf2c0351be31740d5d1d9672,B1_PLUS_SWEPT_SEGMENT,REPRESENTATIVE_HOLDOUT,,5,5,0.014527894648549061,True,False,False,0,MAX_STEPS,False,0,0,0.024256110889837146,0.25
de054e57cac73a46bd02a4af0e49c425f8500efbd87d3fefc1bd6aaea32f70bc,84021e8bbe632e99563456bdc99a262f1b67a19baf2c0351be31740d5d1d9672,B2_PLUS_TERMINAL_BACKUP,REPRESENTATIVE_HOLDOUT,,5,5,0.014527894648549061,True,False,False,0,MAX_STEPS,False,0,0,0.2503643005620688,0.25
558908623fd99306e4e4f609ae838bcccc21011af682a28853676890aa1f77f5,84021e8bbe632e99563456bdc99a262f1b67a19baf2c0351be31740d5d1d9672,B3_FULL_UNIFIED_WITH_DIRECTIONAL_ALTERNATIVES,REPRESENTATIVE_HOLDOUT,,5,5,0.014527894648549061,True,False,False,0,MAX_STEPS,False,0,0,0.26034006266854703,0.25
e001fb4fe02decdd03b6dd919fe576553843e34472ab1919fae71ff1eaf9c649,5aed8f1b0f82a40e77ab8f41bc83e06dde14f92d201c13930e879ab07102c28c,B0_CURRENT_CBF_ONLY,REPRESENTATIVE_HOLDOUT,,5,5,0.0028938782001258767,True,False,False,0,MAX_STEPS,False,0,0,0.020316084381192923,0.25
1a28bc07746b49ca4bb7e2866367619f2b8bd5ed0a17a5719d80bb84becfdef4,5aed8f1b0f82a40e77ab8f41bc83e06dde14f92d201c13930e879ab07102c28c,B1_PLUS_SWEPT_SEGMENT,REPRESENTATIVE_HOLDOUT,,5,5,0.0028938782001258767,True,False,False,0,MAX_STEPS,False,0,0,0.0365530748385936,0.25
d92bda857f5dfc05280e4ef2ed1df55801724efeb9e85319b2853d8cd3d41f94,5aed8f1b0f82a40e77ab8f41bc83e06dde14f92d201c13930e879ab07102c28c,B2_PLUS_TERMINAL_BACKUP,REPRESENTATIVE_HOLDOUT,,5,5,0.0,False,False,True,5,MAX_STEPS,False,0,0,0.0802729451097548,0.25
cd47a85d18e00c5a021a525c2318d20cdb14b443de03db0db042a7a95e7d3cd4,5aed8f1b0f82a40e77ab8f41bc83e06dde14f92d201c13930e879ab07102c28c,B3_FULL_UNIFIED_WITH_DIRECTIONAL_ALTERNATIVES,REPRESENTATIVE_HOLDOUT,,5,5,0.0,False,False,True,5,MAX_STEPS,False,0,0,0.0867781201377511,0.25
69eb5db6fd3c519fc97e0cf3f2191e45baa0d4c4ffdd32e5b54d2b919c6a9ca0,dd266b4f4e93d7245832e12ca7150e1b277406aafdec54b9a5e12bc26713d146,B0_CURRENT_CBF_ONLY,REPRESENTATIVE_HOLDOUT,,5,5,0.008757090840234238,True,False,False,0,MAX_STEPS,False,0,0,0.008787091122940183,0.25
8843a5fc271aa300e84a56c8ec5d7938fbc64d9b45742ef12be15204fd498abe,dd266b4f4e93d7245832e12ca7150e1b277406aafdec54b9a5e12bc26713d146,B1_PLUS_SWEPT_SEGMENT,REPRESENTATIVE_HOLDOUT,,5,5,0.008757090840234238,True,False,False,0,MAX_STEPS,False,0,0,0.024762897053733468,0.25
f190533393934b832c54fbc7942db16cdda3a5f834e998e2fd6c7170c2e6f041,dd266b4f4e93d7245832e12ca7150e1b277406aafdec54b9a5e12bc26713d146,B2_PLUS_TERMINAL_BACKUP,REPRESENTATIVE_HOLDOUT,,5,5,0.008757090840234238,True,False,False,0,MAX_STEPS,False,0,0,0.1848196650389582,0.25
b279e414639b4d77a475432ee353ad38decfded04413b235a92082c3ddff73e7,dd266b4f4e93d7245832e12ca7150e1b277406aafdec54b9a5e12bc26713d146,B3_FULL_UNIFIED_WITH_DIRECTIONAL_ALTERNATIVES,REPRESENTATIVE_HOLDOUT,,5,5,0.008757090840234238,True,False,False,0,MAX_STEPS,False,0,0,0.19505354133434594,0.25
de895d83c9dd88b2f009c5464579e595ed426d30b5b08007c1f91ef36fb79ad3,e1f1e32b39b7cc4bdf0ac52b9310925259f283a2f428b6cfc307573e88912498,B0_CURRENT_CBF_ONLY,REPRESENTATIVE_HOLDOUT,,5,5,0.014413539010270093,True,False,False,0,MAX_STEPS,False,0,0,0.0071222130209207535,0.25
ea69f8040d42040719a9cf695584ad66e776693c00a8eca67567bf7a5daa6442,e1f1e32b39b7cc4bdf0ac52b9310925259f283a2f428b6cfc307573e88912498,B1_PLUS_SWEPT_SEGMENT,REPRESENTATIVE_HOLDOUT,,5,5,0.014413539010270093,True,False,False,0,MAX_STEPS,False,0,0,0.023626637179404497,0.25
1370775f61b5d01145733eb5ce149aa0279a3a738bee80372c1b35e878e7a357,e1f1e32b39b7cc4bdf0ac52b9310925259f283a2f428b6cfc307573e88912498,B2_PLUS_TERMINAL_BACKUP,REPRESENTATIVE_HOLDOUT,,5,5,0.014413539010270093,True,False,False,0,MAX_STEPS,False,0,0,0.2522819028235972,0.25
158251f755ed8fa765f164d2647e79c4d9a230dc5e4f0213ab9a3657d70af48a,e1f1e32b39b7cc4bdf0ac52b9310925259f283a2f428b6cfc307573e88912498,B3_FULL_UNIFIED_WITH_DIRECTIONAL_ALTERNATIVES,REPRESENTATIVE_HOLDOUT,,5,5,0.014413539010270093,True,False,False,0,MAX_STEPS,False,0,0,0.25997305545024574,0.25
3a0d002cfb626367d3254f7a6db6ae198d45bfe0ca76cefa8cadbc19b4bd5a9e,274a5a83db528364efc054111e3a2be386dd22d2d5d7303088c67a50d6b04b8f,B0_CURRENT_CBF_ONLY,REPRESENTATIVE_HOLDOUT,,5,5,0.02590513246435655,True,False,False,0,MAX_STEPS,False,0,0,0.008374371100217104,0.25
ec75d84533dd1108832eaf5f9a43223085912dc206043e8c9726c96214f3ed2b,274a5a83db528364efc054111e3a2be386dd22d2d5d7303088c67a50d6b04b8f,B1_PLUS_SWEPT_SEGMENT,REPRESENTATIVE_HOLDOUT,,5,5,0.02590513246435655,True,False,False,0,MAX_STEPS,False,0,0,0.024705941090360284,0.25
b68eb7cfdd405c8ea5204df74b9cffeacbc11d51026efcb936deab59a0a95696,274a5a83db528364efc054111e3a2be386dd22d2d5d7303088c67a50d6b04b8f,B2_PLUS_TERMINAL_BACKUP,REPRESENTATIVE_HOLDOUT,,5,5,0.02590513246435655,True,False,False,0,MAX_STEPS,False,0,0,0.360837988788262,0.25
78b8f5bd233f84d6de75f7527e1bf7dc10d44f6ea449512316871f46de75e1a2,274a5a83db528364efc054111e3a2be386dd22d2d5d7303088c67a50d6b04b8f,B3_FULL_UNIFIED_WITH_DIRECTIONAL_ALTERNATIVES,REPRESENTATIVE_HOLDOUT,,5,5,0.02590513246435655,True,False,False,0,MAX_STEPS,False,0,0,0.3695663458202034,0.25
78034834136c09b2f971c8e7ff5a4289f5135065e6b063f52002283f77b03257,c6d7f046df0f18347dd70eca0cf02afdecd35da91985a24a737060541ed29dc1,B0_CURRENT_CBF_ONLY,REPRESENTATIVE_HOLDOUT,,5,5,0.02598032781008594,True,False,False,0,MAX_STEPS,False,0,0,0.007460801862180233,0.25
5825eb7cf4c4b4a85b1ff071e919c14b55a8e222a994ed1f475f9dec47ce47ee,c6d7f046df0f18347dd70eca0cf02afdecd35da91985a24a737060541ed29dc1,B1_PLUS_SWEPT_SEGMENT,REPRESENTATIVE_HOLDOUT,,5,5,0.02598032781008594,True,False,False,0,MAX_STEPS,False,0,0,0.024278024910017848,0.25
1f31497772f36abec71e5ad94ac11a5d56a20b56cf87597e5e2bf395f4717a1c,c6d7f046df0f18347dd70eca0cf02afdecd35da91985a24a737060541ed29dc1,B2_PLUS_TERMINAL_BACKUP,REPRESENTATIVE_HOLDOUT,,5,5,0.02598032781008594,True,False,False,0,MAX_STEPS,False,0,0,0.34455801569856703,0.25
3a7b9becd0e2e76b0cf66abeaffeade72baaf0ddb5fe7ad7f42cb0f2119cf06c,c6d7f046df0f18347dd70eca0cf02afdecd35da91985a24a737060541ed29dc1,B3_FULL_UNIFIED_WITH_DIRECTIONAL_ALTERNATIVES,REPRESENTATIVE_HOLDOUT,,5,5,0.02598032781008594,True,False,False,0,MAX_STEPS,False,0,0,0.3520725220441818,0.25
72157aa100eb81e0a297a18f11219c8d762d188dcb0356008e555066f5cda18f,50ce4559a50824bcadf22821b09817828f463d54ece9b16aaf9efa4994601f5d,B0_CURRENT_CBF_ONLY,REPRESENTATIVE_HOLDOUT,,5,5,0.025109371649286005,True,False,False,0,MAX_STEPS,False,0,0,0.01815174287185073,0.25
72c70c7dea1aa1505168fdd69fef11cd5ea38cd2e7b46148a638b7ba94ed7614,50ce4559a50824bcadf22821b09817828f463d54ece9b16aaf9efa4994601f5d,B1_PLUS_SWEPT_SEGMENT,REPRESENTATIVE_HOLDOUT,,5,5,0.025109371649286005,True,False,False,0,MAX_STEPS,False,0,0,0.03424133569933474,0.25
daf78caacf4368a0c092268ea5f1658acb0ff94882c65b7cce8c364b5589bfe8,50ce4559a50824bcadf22821b09817828f463d54ece9b16aaf9efa4994601f5d,B2_PLUS_TERMINAL_BACKUP,REPRESENTATIVE_HOLDOUT,,5,5,0.025109371649286005,True,False,False,0,MAX_STEPS,False,0,0,0.403263783082366,0.25
6af455ef6f615a319bd465c7d08ca216ea0194bda75801e3c6c1120efac9304a,50ce4559a50824bcadf22821b09817828f463d54ece9b16aaf9efa4994601f5d,B3_FULL_UNIFIED_WITH_DIRECTIONAL_ALTERNATIVES,REPRESENTATIVE_HOLDOUT,,5,5,0.025109371649286005,True,False,False,0,MAX_STEPS,False,0,0,0.4124170271679759,0.25
0d80e4289acb1755872b2cd754459cd91fd13d06f797824062cb62eda3a85dbc,0722f797f394ad578c2f9a6f6dd0e3b791e2bb0d6749d512fb4e6a38af170e7b,B0_CURRENT_CBF_ONLY,REPRESENTATIVE_HOLDOUT,,5,5,0.02584268515145019,True,False,False,0,MAX_STEPS,False,0,0,0.0076955503318458796,0.25
2dcd0dacb543d37fc044e82290d61492c9c26f38495499133b4cb7a7b6489264,0722f797f394ad578c2f9a6f6dd0e3b791e2bb0d6749d512fb4e6a38af170e7b,B1_PLUS_SWEPT_SEGMENT,REPRESENTATIVE_HOLDOUT,,5,5,0.02584268515145019,True,False,False,0,MAX_STEPS,False,0,0,0.024568225955590606,0.25
6a7c39aae19065ccd821915fe4c51f7bcb0863576b03178cb2ca91ba3e5d950c,0722f797f394ad578c2f9a6f6dd0e3b791e2bb0d6749d512fb4e6a38af170e7b,B2_PLUS_TERMINAL_BACKUP,REPRESENTATIVE_HOLDOUT,,5,5,0.02584268515145019,True,False,False,0,MAX_STEPS,False,0,0,0.3840701752342284,0.25
4259d64411ca376a84e48fa2c064fe2c4a512fe43026b718b766e25ada6cea56,0722f797f394ad578c2f9a6f6dd0e3b791e2bb0d6749d512fb4e6a38af170e7b,B3_FULL_UNIFIED_WITH_DIRECTIONAL_ALTERNATIVES,REPRESENTATIVE_HOLDOUT,,5,5,0.02584268515145019,True,False,False,0,MAX_STEPS,False,0,0,0.3937241539824754,0.25
2a0002e333bc765a13a46eb7ad65c344d1484f1acbf88a32f728de954adae9d7,6744df98e967559ee47ca4363ff88ff22f355dceb39ca6bd10b666aa66c16d86,B0_CURRENT_CBF_ONLY,REPRESENTATIVE_HOLDOUT,,5,5,0.020268051608890114,True,False,False,0,MAX_STEPS,False,0,0,0.007242542691528797,0.25
edcc5385973edd75a77da7ecd5cb45ba340e376758f20eccb7199f51becbf907,6744df98e967559ee47ca4363ff88ff22f355dceb39ca6bd10b666aa66c16d86,B1_PLUS_SWEPT_SEGMENT,REPRESENTATIVE_HOLDOUT,,5,5,0.020268051608890114,True,False,False,0,MAX_STEPS,False,0,0,0.023912461008876562,0.25
bc9dd5bc5370d97258ec9e795f4aebe310e9fa402c219dd33a9a591a85224cdb,6744df98e967559ee47ca4363ff88ff22f355dceb39ca6bd10b666aa66c16d86,B2_PLUS_TERMINAL_BACKUP,REPRESENTATIVE_HOLDOUT,,5,5,0.020268051608890114,True,False,False,0,MAX_STEPS,False,0,0,0.3014882681891322,0.25
73da2e68aa8d6f1fc3f592e62d417a281ca930fa1fc525dda3d2fbe460f6a5ab,6744df98e967559ee47ca4363ff88ff22f355dceb39ca6bd10b666aa66c16d86,B3_FULL_UNIFIED_WITH_DIRECTIONAL_ALTERNATIVES,REPRESENTATIVE_HOLDOUT,,5,5,0.020268051608890114,True,False,False,0,MAX_STEPS,False,0,0,0.30853301007300615,0.25
0d50a73de787aef26a7c4dd4c525a8b750777238c8c2a7ee3919ccd847be9cef,eddc6828734721b6989455f10a436ca2dcfea4b2bf577d061969ba10140feedd,B0_CURRENT_CBF_ONLY,REPRESENTATIVE_HOLDOUT,,5,5,0.0033029191157990523,True,False,False,0,MAX_STEPS,False,0,0,0.007033843081444502,0.25
3ba15664ac3950f94a422984be184efa9315fc6953b13c238e47400f093290d1,eddc6828734721b6989455f10a436ca2dcfea4b2bf577d061969ba10140feedd,B1_PLUS_SWEPT_SEGMENT,REPRESENTATIVE_HOLDOUT,,5,5,0.0033029191157990523,True,False,False,0,MAX_STEPS,False,0,0,0.02351980353705585,0.25
e9644d8ee91eb822dbd4566e5ee66f2707e44896737d14979f6c03887f47a851,eddc6828734721b6989455f10a436ca2dcfea4b2bf577d061969ba10140feedd,B2_PLUS_TERMINAL_BACKUP,REPRESENTATIVE_HOLDOUT,,5,5,0.0,False,False,True,5,MAX_STEPS,False,0,0,0.06318359496071935,0.25
de5f814823a3d9a0f28cb9d3a450674550def1988c4dae890b9f60ca4b099a8a,eddc6828734721b6989455f10a436ca2dcfea4b2bf577d061969ba10140feedd,B3_FULL_UNIFIED_WITH_DIRECTIONAL_ALTERNATIVES,REPRESENTATIVE_HOLDOUT,,5,5,0.0,False,False,True,5,MAX_STEPS,False,0,0,0.06896188971586525,0.25
60906882ec4f1452f3a34d80f46561b65217da9e7226115e386ea96d144bf5a1,1f0c533c1236c8c97be6c7a76973ba2546749a4ca9297e8e5b7ffb80d7f1bc84,B0_CURRENT_CBF_ONLY,REPRESENTATIVE_HOLDOUT,,5,5,0.002535389718981429,True,False,False,0,MAX_STEPS,False,0,0,0.00855469610542059,0.25
1aca836540a47842f442ac3bc3711fdf8bbb9853b02fce2265a943c5bc6b159f,1f0c533c1236c8c97be6c7a76973ba2546749a4ca9297e8e5b7ffb80d7f1bc84,B1_PLUS_SWEPT_SEGMENT,REPRESENTATIVE_HOLDOUT,,5,5,0.002535389718981429,True,False,False,0,MAX_STEPS,False,0,0,0.025402872823178768,0.25
448b7d704c5c5e80c1667a3818a547b88ef2d97dde4f8e6182aa743d2644f1f7,1f0c533c1236c8c97be6c7a76973ba2546749a4ca9297e8e5b7ffb80d7f1bc84,B2_PLUS_TERMINAL_BACKUP,REPRESENTATIVE_HOLDOUT,,5,5,0.0,False,False,True,5,MAX_STEPS,False,0,0,0.06645735423080623,0.25
d4d1169019689a73f48ed7ce3bb4e38f1bdbdf42b1bd3f4e6c089b97332bdc5f,1f0c533c1236c8c97be6c7a76973ba2546749a4ca9297e8e5b7ffb80d7f1bc84,B3_FULL_UNIFIED_WITH_DIRECTIONAL_ALTERNATIVES,REPRESENTATIVE_HOLDOUT,,5,5,0.0,False,False,True,5,MAX_STEPS,False,0,0,0.07328668190166354,0.25
5c0baf4a8cdf04026f32edf81d2f5dc9e3d80a06d7bdce13c6a858f0f9c4a5ee,b5c07aab369263b942a7fd708fa7f61bc5052c3d1c249418425bec259955a627,B0_CURRENT_CBF_ONLY,REPRESENTATIVE_HOLDOUT,,5,5,0.008856930843530564,True,False,False,0,MAX_STEPS,False,0,0,0.009053966961801052,0.25
4ed99494a11d8b8316f7f0bda0bed53df5b0ade5abcb9e065b3eef66ba7e56d7,b5c07aab369263b942a7fd708fa7f61bc5052c3d1c249418425bec259955a627,B1_PLUS_SWEPT_SEGMENT,REPRESENTATIVE_HOLDOUT,,5,5,0.008856930843530564,True,False,False,0,MAX_STEPS,False,0,0,0.02673459122888744,0.25
fe8ba4ba00bdcf25838b9f53df6279a796a992c30aa04253f69870c04ff82c52,b5c07aab369263b942a7fd708fa7f61bc5052c3d1c249418425bec259955a627,B2_PLUS_TERMINAL_BACKUP,REPRESENTATIVE_HOLDOUT,,5,5,0.008856930843530564,True,False,False,0,MAX_STEPS,False,0,0,0.19876888557337224,0.25
6aa2dde5ae43ffa095cb9a576f702cf84b279e3db86aa08dbc930e24e8df77f2,b5c07aab369263b942a7fd708fa7f61bc5052c3d1c249418425bec259955a627,B3_FULL_UNIFIED_WITH_DIRECTIONAL_ALTERNATIVES,REPRESENTATIVE_HOLDOUT,,5,5,0.008856930843530564,True,False,False,0,MAX_STEPS,False,0,0,0.20877556293271482,0.25
fd31cfc95cd7549cc7b379aadf9a4a29d1dae30f715abaf1fb6beb96935935a6,384f698221bfd95abf7809647f9af059593692e01323c99be12688aa8a7369f7,B0_CURRENT_CBF_ONLY,REPRESENTATIVE_HOLDOUT,,5,5,0.0029549371534954294,True,False,False,0,MAX_STEPS,False,0,0,0.007199869956821203,0.25
f988dd5f4c92787b473f4e1ba35fe6375634f24a28f5afc8b3e0a0380640abf8,384f698221bfd95abf7809647f9af059593692e01323c99be12688aa8a7369f7,B1_PLUS_SWEPT_SEGMENT,REPRESENTATIVE_HOLDOUT,,5,5,0.0029549371534954294,True,False,False,0,MAX_STEPS,False,0,0,0.02381652593612671,0.25
d09d3d35d34c44c0790e4b7aaaf38334fdcddd37ec548be016c88e2318de7874,384f698221bfd95abf7809647f9af059593692e01323c99be12688aa8a7369f7,B2_PLUS_TERMINAL_BACKUP,REPRESENTATIVE_HOLDOUT,,5,5,0.0,False,False,True,5,MAX_STEPS,False,0,0,0.0622821853030473,0.25
c746c030ddbe5f1454a8d9106400aa6e4e8ed37f6ef6a8382f2a1151ebf8a7e8,384f698221bfd95abf7809647f9af059593692e01323c99be12688aa8a7369f7,B3_FULL_UNIFIED_WITH_DIRECTIONAL_ALTERNATIVES,REPRESENTATIVE_HOLDOUT,,5,5,0.0,False,False,True,5,MAX_STEPS,False,0,0,0.06884115817956626,0.25
891b8be6ad063057808164c91ae5f8c24ac2eba07133fec88f6a3efc314a849c,b8adff73d1d975a974057fab49759c0f2e5dfba0be635b2826e5385378d6c4be,B0_CURRENT_CBF_ONLY,REPRESENTATIVE_HOLDOUT,,5,5,0.014669377926485122,True,False,False,0,MAX_STEPS,False,0,0,0.007349306950345635,0.25
280704dc7eefd34ab7258929c453b55b94a86a6ef2c2cf13e4baa3bca3275936,b8adff73d1d975a974057fab49759c0f2e5dfba0be635b2826e5385378d6c4be,B1_PLUS_SWEPT_SEGMENT,REPRESENTATIVE_HOLDOUT,,5,5,0.014669377926485122,True,False,False,0,MAX_STEPS,False,0,0,0.024148947093635798,0.25
e1efb2891bb5b012b040106b880f07ec063652aaf6276ea7504e9ca782e0bdda,b8adff73d1d975a974057fab49759c0f2e5dfba0be635b2826e5385378d6c4be,B2_PLUS_TERMINAL_BACKUP,REPRESENTATIVE_HOLDOUT,,5,5,0.014669377926485122,True,False,False,0,MAX_STEPS,False,0,0,0.23361008777283132,0.25
cce394ab2cd2060a287dfb7d4882180b18402e2a46de3721fac43d164d737a96,b8adff73d1d975a974057fab49759c0f2e5dfba0be635b2826e5385378d6c4be,B3_FULL_UNIFIED_WITH_DIRECTIONAL_ALTERNATIVES,REPRESENTATIVE_HOLDOUT,,5,5,0.014669377926485122,True,False,False,0,MAX_STEPS,False,0,0,0.24123897729441524,0.25
34a0fcb80cfb6210b6294623c005b211f20eb798460f31d16d0a1e35216b191a,fcde0b521410fec4c2beb6348121dcbf531584e69542dfbfc467ca7c9a5daad2,B0_CURRENT_CBF_ONLY,REPRESENTATIVE_HOLDOUT,,5,5,0.025962571914016075,True,False,False,0,MAX_STEPS,False,0,0,0.006785148987546563,0.25
8f1b0d68c7bce606e5ae2fc131f2d1deae06c91a8a45dce7dbcb56935920d76e,fcde0b521410fec4c2beb6348121dcbf531584e69542dfbfc467ca7c9a5daad2,B1_PLUS_SWEPT_SEGMENT,REPRESENTATIVE_HOLDOUT,,5,5,0.025962571914016075,True,False,False,0,MAX_STEPS,False,0,0,0.023182711331173778,0.25
e1c27433d9fc343dc3edcfd5e3ea18fe02bd97651d0f1028a13cdbfab6694fbb,fcde0b521410fec4c2beb6348121dcbf531584e69542dfbfc467ca7c9a5daad2,B2_PLUS_TERMINAL_BACKUP,REPRESENTATIVE_HOLDOUT,,5,5,0.025962571914016075,True,False,False,0,MAX_STEPS,False,0,0,0.346837809542194,0.25
c961b93900ab53f9c75f97251dc867c1d56e00d71df1a39c869f41b27a2ad1bc,fcde0b521410fec4c2beb6348121dcbf531584e69542dfbfc467ca7c9a5daad2,B3_FULL_UNIFIED_WITH_DIRECTIONAL_ALTERNATIVES,REPRESENTATIVE_HOLDOUT,,5,5,0.025962571914016075,True,False,False,0,MAX_STEPS,False,0,0,0.35251044924370944,0.25
e18a0a9d0bc8b394b88e93822c5aa7b48e829912dbf94da47c4ba12616ccdd63,1ab9bff8b0aedb780f43ffc4b307d88a410cad36aa000e68784a86e995618db8,B0_CURRENT_CBF_ONLY,REPRESENTATIVE_HOLDOUT,,5,5,0.0027350483167053463,True,False,False,0,MAX_STEPS,False,0,0,0.0077425530180335045,0.25
95f780abd05d4aaab442b5c5e21c9997c0d6b5a83fdc8895ef924cf1e6aae6b0,1ab9bff8b0aedb780f43ffc4b307d88a410cad36aa000e68784a86e995618db8,B1_PLUS_SWEPT_SEGMENT,REPRESENTATIVE_HOLDOUT,,5,5,0.0027350483167053463,True,False,False,0,MAX_STEPS,False,0,0,0.024416801054030657,0.25
19d89036151688ce91b2347b96ea52afc83d78beb68fc53aa718ee298003c7cf,1ab9bff8b0aedb780f43ffc4b307d88a410cad36aa000e68784a86e995618db8,B2_PLUS_TERMINAL_BACKUP,REPRESENTATIVE_HOLDOUT,,5,5,0.0,False,False,True,5,MAX_STEPS,False,0,0,0.06466997670941055,0.25
1507663f72691da2aae5012d7feb90bdce846568e15432f5bb0585d66a734e45,1ab9bff8b0aedb780f43ffc4b307d88a410cad36aa000e68784a86e995618db8,B3_FULL_UNIFIED_WITH_DIRECTIONAL_ALTERNATIVES,REPRESENTATIVE_HOLDOUT,,5,5,0.0,False,False,True,5,MAX_STEPS,False,0,0,0.07152505684643984,0.25
812ed4ae4d57ced3467f6c62a2d334498815d9d5561dd5bac57a435f9660a20b,788b4d57f92623c65b14341200992ffaef996177a43ef2913ecd32eb3c62f8e6,B0_CURRENT_CBF_ONLY,REPRESENTATIVE_HOLDOUT,,5,5,0.019682108406400167,True,False,False,0,MAX_STEPS,False,0,0,0.0071637979708611965,0.25
4899267ec8435c50282ddf560e7ada1deac97044a8f46204cd2e717e448cb924,788b4d57f92623c65b14341200992ffaef996177a43ef2913ecd32eb3c62f8e6,B1_PLUS_SWEPT_SEGMENT,REPRESENTATIVE_HOLDOUT,,5,5,0.019682108406400167,True,False,False,0,MAX_STEPS,False,0,0,0.02378703188151121,0.25
39be31b17cea6748a70075afb5af94214ccd7aba3e881743a71a515b2aa98096,788b4d57f92623c65b14341200992ffaef996177a43ef2913ecd32eb3c62f8e6,B2_PLUS_TERMINAL_BACKUP,REPRESENTATIVE_HOLDOUT,,5,5,0.019682108406400167,True,False,False,0,MAX_STEPS,False,0,0,0.3349152021110058,0.25
c34f74af962387643087c5dd038eda8677cf59185547f904d14dd3fe7469852e,788b4d57f92623c65b14341200992ffaef996177a43ef2913ecd32eb3c62f8e6,B3_FULL_UNIFIED_WITH_DIRECTIONAL_ALTERNATIVES,REPRESENTATIVE_HOLDOUT,,5,5,0.019682108406400167,True,False,False,0,MAX_STEPS,False,0,0,0.34017822169698775,0.25
777f23767797d9a05af63d71b53ab71109322d21441096d821186ebca70d723a,8e504196defd2c5ea1aec7490652787a66f7aefbb06c6d9fe6871d505c4ca55c,B0_CURRENT_CBF_ONLY,REPRESENTATIVE_HOLDOUT,,5,5,0.014531438990926626,True,False,False,0,MAX_STEPS,False,0,0,0.016413534991443157,0.25
2e9c4850057709a2cf1cbce569488e6cd66e7939a3129a40c19d3a0dcfd0f632,8e504196defd2c5ea1aec7490652787a66f7aefbb06c6d9fe6871d505c4ca55c,B1_PLUS_SWEPT_SEGMENT,REPRESENTATIVE_HOLDOUT,,5,5,0.014531438990926626,True,False,False,0,MAX_STEPS,False,0,0,0.032782262191176414,0.25
f62e552899d54cc8abcfc689eb495822fea133ac8a36e71de810966d8ad82ff4,8e504196defd2c5ea1aec7490652787a66f7aefbb06c6d9fe6871d505c4ca55c,B2_PLUS_TERMINAL_BACKUP,REPRESENTATIVE_HOLDOUT,,5,5,0.014531438990926626,True,False,False,0,MAX_STEPS,False,0,0,0.25299060507677495,0.25
4a53a306ae28baa0c92844246b09dbeeab129bc81d25362addcbb329db885f15,8e504196defd2c5ea1aec7490652787a66f7aefbb06c6d9fe6871d505c4ca55c,B3_FULL_UNIFIED_WITH_DIRECTIONAL_ALTERNATIVES,REPRESENTATIVE_HOLDOUT,,5,5,0.014531438990926626,True,False,False,0,MAX_STEPS,False,0,0,0.2622395798098296,0.25
564116d6feb173ccc6ca04212506358c4fee76858cab385dda685a4cf697368c,93362caa2883f77e4fca88ba1ae09af837a1445d92f6739edfaab6c44259cbe4,B0_CURRENT_CBF_ONLY,REPRESENTATIVE_HOLDOUT,,5,5,0.019835583899218245,True,False,False,0,MAX_STEPS,False,0,0,0.007087081903591752,0.25
57b86e568e61081da2e22e6c3ec0117b701d1baa7498844c6c8b5cd3ba772ec2,93362caa2883f77e4fca88ba1ae09af837a1445d92f6739edfaab6c44259cbe4,B1_PLUS_SWEPT_SEGMENT,REPRESENTATIVE_HOLDOUT,,5,5,0.019835583899218245,True,False,False,0,MAX_STEPS,False,0,0,0.023763922741636634,0.25
bf6556f69b3adc3b6516af7e65e08ababba443438c9726847a58add73f8dbf8b,93362caa2883f77e4fca88ba1ae09af837a1445d92f6739edfaab6c44259cbe4,B2_PLUS_TERMINAL_BACKUP,REPRESENTATIVE_HOLDOUT,,5,5,0.019835583899218245,True,False,False,0,MAX_STEPS,False,0,0,0.3289025218691677,0.25
0f889b54ab7698e4a82762683d23a0b4bec448553a898e211c99049bb2c9055a,93362caa2883f77e4fca88ba1ae09af837a1445d92f6739edfaab6c44259cbe4,B3_FULL_UNIFIED_WITH_DIRECTIONAL_ALTERNATIVES,REPRESENTATIVE_HOLDOUT,,5,5,0.019835583899218245,True,False,False,0,MAX_STEPS,False,0,0,0.3359307521022856,0.25
0bc2a73e587ca8c917df77785d9784953935ee4514e7937107f3532bfb3e54d7,2f4ac4a2d90f2e482e616dc56028afc4d0e33bc32bd1b294ee61be67c9b5470b,B0_CURRENT_CBF_ONLY,REPRESENTATIVE_HOLDOUT,,5,5,0.01465148638893976,True,False,False,0,MAX_STEPS,False,0,0,0.011518548242747784,0.25
74e2a97638a1f4074353a8cfdbf92a53969ccca951fa2e70d4b09c31083b2127,2f4ac4a2d90f2e482e616dc56028afc4d0e33bc32bd1b294ee61be67c9b5470b,B1_PLUS_SWEPT_SEGMENT,REPRESENTATIVE_HOLDOUT,,5,5,0.01465148638893976,True,False,False,0,MAX_STEPS,False,0,0,0.027691961964592338,0.25
cc5a4abf2cb1c0712630e34ffa00fa0caec0151f0fe52b2eab18b27a9f90065b,2f4ac4a2d90f2e482e616dc56028afc4d0e33bc32bd1b294ee61be67c9b5470b,B2_PLUS_TERMINAL_BACKUP,REPRESENTATIVE_HOLDOUT,,5,5,0.01465148638893976,True,False,False,0,MAX_STEPS,False,0,0,0.23824262083508074,0.25
d5547c6d3891038b30a440d79c7f9b4dccf318cefa732eb3a3ca4180ad2eb0ca,2f4ac4a2d90f2e482e616dc56028afc4d0e33bc32bd1b294ee61be67c9b5470b,B3_FULL_UNIFIED_WITH_DIRECTIONAL_ALTERNATIVES,REPRESENTATIVE_HOLDOUT,,5,5,0.01465148638893976,True,False,False,0,MAX_STEPS,False,0,0,0.24631122988648713,0.25
605c281eaa7843c7fa8d481bfcf839800bd59082d1480e2977eedc79febd7ee9,6f3667e0d18e4e0699456e2118b78c4efb5674a79d3c988580c3826416b2c5d2,B0_CURRENT_CBF_ONLY,REPRESENTATIVE_HOLDOUT,,5,5,0.014630262094174395,True,False,False,0,MAX_STEPS,False,0,0,0.007408224977552891,0.25
5baa8377a3f308be919b9eb86d3d3103fab0df48497ae8abe60c9433bba9973d,6f3667e0d18e4e0699456e2118b78c4efb5674a79d3c988580c3826416b2c5d2,B1_PLUS_SWEPT_SEGMENT,REPRESENTATIVE_HOLDOUT,,5,5,0.014630262094174395,True,False,False,0,MAX_STEPS,False,0,0,0.024095404660329223,0.25
dbac390bf0e3161addccd6b08ad8516bb6b4413d8984b555f60d1f25dd60b5ce,6f3667e0d18e4e0699456e2118b78c4efb5674a79d3c988580c3826416b2c5d2,B2_PLUS_TERMINAL_BACKUP,REPRESENTATIVE_HOLDOUT,,5,5,0.014630262094174395,True,False,False,0,MAX_STEPS,False,0,0,0.23999270959757268,0.25
cbd1a540fd69945bfba368da4a0f666bae482b3cc276e35d5ac0a9f333d60571,6f3667e0d18e4e0699456e2118b78c4efb5674a79d3c988580c3826416b2c5d2,B3_FULL_UNIFIED_WITH_DIRECTIONAL_ALTERNATIVES,REPRESENTATIVE_HOLDOUT,,5,5,0.014630262094174395,True,False,False,0,MAX_STEPS,False,0,0,0.24645409593358636,0.25
3462044e1e6ed6c6b417fd4eab1ba6d89853c48120f8f287ccf7e2ead0a714a8,babb47d8bf135ffa9d3970cc87219bc9369d6bf1176f228325068e40b6803e0a,B0_CURRENT_CBF_ONLY,REPRESENTATIVE_HOLDOUT,,5,5,0.008347660507461274,True,False,False,0,MAX_STEPS,False,0,0,0.006510624662041664,0.25
cd846ffa313fa763370b29bbf25e4b8b8e667717333491d151b164d32493f4cf,babb47d8bf135ffa9d3970cc87219bc9369d6bf1176f228325068e40b6803e0a,B1_PLUS_SWEPT_SEGMENT,REPRESENTATIVE_HOLDOUT,,5,5,0.008347660507461274,True,False,False,0,MAX_STEPS,False,0,0,0.022664204938337207,0.25
493f5e725dda881d4db8a16e7df86a5f2d08fdb1e2aabfcb7d548535d7898a6e,babb47d8bf135ffa9d3970cc87219bc9369d6bf1176f228325068e40b6803e0a,B2_PLUS_TERMINAL_BACKUP,REPRESENTATIVE_HOLDOUT,,5,5,0.008347660507461274,True,False,False,0,MAX_STEPS,False,0,0,0.18530705594457686,0.25
deec3218bff16c51a7d6a4c6cea6e00a3d4fb5352693c058156abaf5a48e7592,babb47d8bf135ffa9d3970cc87219bc9369d6bf1176f228325068e40b6803e0a,B3_FULL_UNIFIED_WITH_DIRECTIONAL_ALTERNATIVES,REPRESENTATIVE_HOLDOUT,,5,5,0.008347660507461274,True,False,False,0,MAX_STEPS,False,0,0,0.19376999977976084,0.25
03cbedfdc35588a26dd2e92f10ba01ecfae2280eabd891ee8c42d286b697bec3,88087befaa968419af5898ae1e9756dcc729c5bf8bcc2111dab2d9440d699bdf,B0_CURRENT_CBF_ONLY,REPRESENTATIVE_HOLDOUT,,5,5,0.00846686907749461,True,False,False,0,MAX_STEPS,False,0,0,0.018646159674972296,0.25
c01d31c91bc74c45273f6a4a5847441de780947f845832ebaf8716deceb1138e,88087befaa968419af5898ae1e9756dcc729c5bf8bcc2111dab2d9440d699bdf,B1_PLUS_SWEPT_SEGMENT,REPRESENTATIVE_HOLDOUT,,5,5,0.00846686907749461,True,False,False,0,MAX_STEPS,False,0,0,0.03496805299073458,0.25
9efe741433652e214d36b9fcf24d1b647c0e74bb74a5ffde437de4aaeb764412,88087befaa968419af5898ae1e9756dcc729c5bf8bcc2111dab2d9440d699bdf,B2_PLUS_TERMINAL_BACKUP,REPRESENTATIVE_HOLDOUT,,5,5,0.00846686907749461,True,False,False,0,MAX_STEPS,False,0,0,0.20278841396793723,0.25
33f42ed191befe49b2de22fb61a9599f4e15a90f573aac0911a29eaea2c1bd1f,88087befaa968419af5898ae1e9756dcc729c5bf8bcc2111dab2d9440d699bdf,B3_FULL_UNIFIED_WITH_DIRECTIONAL_ALTERNATIVES,REPRESENTATIVE_HOLDOUT,,5,5,0.00846686907749461,True,False,False,0,MAX_STEPS,False,0,0,0.21038062404841185,0.25
748c200b61cd4e6c68f02aaccceaebc7b9e90beae5cbcf4f24d2b18aa6ee0002,1f5ecb8605c1df18e88b1c245ab84bafd839d6122148ab528c2b7deab1dc9b6b,B0_CURRENT_CBF_ONLY,REPRESENTATIVE_HOLDOUT,,5,5,0.0032625169908608864,True,False,False,0,MAX_STEPS,False,0,0,0.007070814725011587,0.25
f8c8bb5fbc172f6b6ec1889d277b131409767cca3ec6070a5e1c8f4cfacc9cfd,1f5ecb8605c1df18e88b1c245ab84bafd839d6122148ab528c2b7deab1dc9b6b,B1_PLUS_SWEPT_SEGMENT,REPRESENTATIVE_HOLDOUT,,5,5,0.0032625169908608864,True,False,False,0,MAX_STEPS,False,0,0,0.023317252984270453,0.25
3485ac9b421e404944351f2a692d5814db1639d2939eddd552a3678b54d794bd,1f5ecb8605c1df18e88b1c245ab84bafd839d6122148ab528c2b7deab1dc9b6b,B2_PLUS_TERMINAL_BACKUP,REPRESENTATIVE_HOLDOUT,,5,5,0.0,False,False,True,5,MAX_STEPS,False,0,0,0.06130549986846745,0.25
949cdd164ee47c00d297af11519dc338bfba07426829a8977429975dc9592cfc,1f5ecb8605c1df18e88b1c245ab84bafd839d6122148ab528c2b7deab1dc9b6b,B3_FULL_UNIFIED_WITH_DIRECTIONAL_ALTERNATIVES,REPRESENTATIVE_HOLDOUT,,5,5,0.0,False,False,True,5,MAX_STEPS,False,0,0,0.06874188082292676,0.25
31b6dccf9af7a3475f8166d653e5b603471a017ac1b62bc3dc8489f11ca58416,a25e5434f9cc60deb536be62f58fb898e6c5c814e86c9329c885a7f116ec00d8,B0_CURRENT_CBF_ONLY,REPRESENTATIVE_HOLDOUT,,5,5,0.025889048082985755,True,False,False,0,MAX_STEPS,False,0,0,0.007675744127482176,0.25
f5754256d69ab303fa1102962a2c67adc2be54bce7e3dad0544bb1b250cb23c0,a25e5434f9cc60deb536be62f58fb898e6c5c814e86c9329c885a7f116ec00d8,B1_PLUS_SWEPT_SEGMENT,REPRESENTATIVE_HOLDOUT,,5,5,0.025889048082985755,True,False,False,0,MAX_STEPS,False,0,0,0.024292441084980965,0.25
cffcc155dd445e6f223a2ddc5b4ca5611ba24e6cdf9d6516f32b828c2092b812,a25e5434f9cc60deb536be62f58fb898e6c5c814e86c9329c885a7f116ec00d8,B2_PLUS_TERMINAL_BACKUP,REPRESENTATIVE_HOLDOUT,,5,5,0.025889048082985755,True,False,False,0,MAX_STEPS,False,0,0,0.37636420340277255,0.25
dd1c2d73764022a9a474263fe7f3e14c1f3b80a7865ac4ddbc3a214863af0ec9,a25e5434f9cc60deb536be62f58fb898e6c5c814e86c9329c885a7f116ec00d8,B3_FULL_UNIFIED_WITH_DIRECTIONAL_ALTERNATIVES,REPRESENTATIVE_HOLDOUT,,5,5,0.025889048082985755,True,False,False,0,MAX_STEPS,False,0,0,0.38563605095259845,0.25
08d22d287445c1a4724a4a85457ec36786902b174c99a35263f38608207aec2c,3897a95d3397d8f814095b3e53a31ba2896de2f87d8f9bc5c88bc5b8fdbc8f86,B0_CURRENT_CBF_ONLY,REPRESENTATIVE_HOLDOUT,,5,5,0.025239527829915565,True,False,False,0,MAX_STEPS,False,0,0,0.01053341617807746,0.25
520353d56eb7862bf5ce3bb17cee199f6c6d04e6a571fd2bcdbe32f730d8848d,3897a95d3397d8f814095b3e53a31ba2896de2f87d8f9bc5c88bc5b8fdbc8f86,B1_PLUS_SWEPT_SEGMENT,REPRESENTATIVE_HOLDOUT,,5,5,0.025239527829915565,True,False,False,0,MAX_STEPS,False,0,0,0.02671029488556087,0.25
281e61b58fa00cb7c385ec9d07a7da40c2a66f902b6ec638ba7671e5f1500284,3897a95d3397d8f814095b3e53a31ba2896de2f87d8f9bc5c88bc5b8fdbc8f86,B2_PLUS_TERMINAL_BACKUP,REPRESENTATIVE_HOLDOUT,,5,5,0.025239527829915565,True,False,False,0,MAX_STEPS,False,0,0,0.40046250773593783,0.25
23fbfadcdd3724de57bd765a61ee37098a5995ab063b5d19fce2e0834bc57926,3897a95d3397d8f814095b3e53a31ba2896de2f87d8f9bc5c88bc5b8fdbc8f86,B3_FULL_UNIFIED_WITH_DIRECTIONAL_ALTERNATIVES,REPRESENTATIVE_HOLDOUT,,5,5,0.025239527829915565,True,False,False,0,MAX_STEPS,False,0,0,0.41067413706332445,0.25
49574f0034a0a20cdba13942a25e80ee629b441d513ab14031dda43ddf3f0bf3,698fb32b7adeab8475d7f2fd439e4a45fd4ecae17975c41d70bc092ef46f6a6f,B0_CURRENT_CBF_ONLY,REPRESENTATIVE_HOLDOUT,,5,5,0.014603187582576282,True,False,False,0,MAX_STEPS,False,0,0,0.014595962828025222,0.25
51fc34988050c84ba3c3c4844135fab52af5cc669f7b2967642bbf89b2653550,698fb32b7adeab8475d7f2fd439e4a45fd4ecae17975c41d70bc092ef46f6a6f,B1_PLUS_SWEPT_SEGMENT,REPRESENTATIVE_HOLDOUT,,5,5,0.014603187582576282,True,False,False,0,MAX_STEPS,False,0,0,0.03135733981616795,0.25
b0be1c3012fb64da0a08eea718618f449d784c8403bbdb4bf9e36d268de1fc05,698fb32b7adeab8475d7f2fd439e4a45fd4ecae17975c41d70bc092ef46f6a6f,B2_PLUS_TERMINAL_BACKUP,REPRESENTATIVE_HOLDOUT,,5,5,0.014603187582576282,True,False,False,0,MAX_STEPS,False,0,0,0.2444939489942044,0.25
00860dd79707e6015191a2113cedf028ea2c1e269bc57adf661247bf9b2ced62,698fb32b7adeab8475d7f2fd439e4a45fd4ecae17975c41d70bc092ef46f6a6f,B3_FULL_UNIFIED_WITH_DIRECTIONAL_ALTERNATIVES,REPRESENTATIVE_HOLDOUT,,5,5,0.014603187582576282,True,False,False,0,MAX_STEPS,False,0,0,0.25227816798724234,0.25
682e9dab8f053a063bb81c4422b4fcd084bd7b1c0d01992cacbc12afdd441141,1f9cbbe192ea4ef9acc65f459259fd452230124102140cbb868bbdd6fae03712,B0_CURRENT_CBF_ONLY,REPRESENTATIVE_HOLDOUT,,5,5,0.013735874211763255,True,False,False,0,MAX_STEPS,False,0,0,0.008374717086553574,0.25
2f99383f97a10b6c4a76a0e8e972fea5f67e17f06732afe76af7f64b652391b6,1f9cbbe192ea4ef9acc65f459259fd452230124102140cbb868bbdd6fae03712,B1_PLUS_SWEPT_SEGMENT,REPRESENTATIVE_HOLDOUT,,5,5,0.013735874211763255,True,False,False,0,MAX_STEPS,False,0,0,0.02528042974881828,0.25
7f1e7c775f46c5fc998a0c67c0802ff21a3b4fb9d61b86ca17b18a02ae71ba23,1f9cbbe192ea4ef9acc65f459259fd452230124102140cbb868bbdd6fae03712,B2_PLUS_TERMINAL_BACKUP,REPRESENTATIVE_HOLDOUT,,5,5,0.013735874211763255,True,False,False,0,MAX_STEPS,False,0,0,0.27891029859893024,0.25
3006dc0b5996f43a8ccdf3ba0998dfd19ddf428f650ea484486fdfb310b462b9,1f9cbbe192ea4ef9acc65f459259fd452230124102140cbb868bbdd6fae03712,B3_FULL_UNIFIED_WITH_DIRECTIONAL_ALTERNATIVES,REPRESENTATIVE_HOLDOUT,,5,5,0.013735874211763255,True,False,False,0,MAX_STEPS,False,0,0,0.28574995300732553,0.25
75c7e7b5575a46b22ebe2af2bc37e4b49c16f8c7f54e9bc18cbb340ddb738950,d963e34c7b4e4923d9770f9181d9d7edae82ba5f07f55e0dc9ea086a1add7bda,B0_CURRENT_CBF_ONLY,REPRESENTATIVE_HOLDOUT,,5,5,0.025903558762741974,True,False,False,0,MAX_STEPS,False,0,0,0.007015700684860349,0.25
3796bb9e85093216bcad103f67fe6860ace0493a2590bf3bb03e4c61abae5adb,d963e34c7b4e4923d9770f9181d9d7edae82ba5f07f55e0dc9ea086a1add7bda,B1_PLUS_SWEPT_SEGMENT,REPRESENTATIVE_HOLDOUT,,5,5,0.025903558762741974,True,False,False,0,MAX_STEPS,False,0,0,0.023399023804813623,0.25
26bb4bc60b43cb445e8965a35f6cf95103490157225f8bbd6e68b549c9d223c7,d963e34c7b4e4923d9770f9181d9d7edae82ba5f07f55e0dc9ea086a1add7bda,B2_PLUS_TERMINAL_BACKUP,REPRESENTATIVE_HOLDOUT,,5,5,0.025903558762741974,True,False,False,0,MAX_STEPS,False,0,0,0.3652312597259879,0.25
29ba8a50657bfea8004a0efaf9b31969a3e411798e47aa18ca6e2148156589b3,d963e34c7b4e4923d9770f9181d9d7edae82ba5f07f55e0dc9ea086a1add7bda,B3_FULL_UNIFIED_WITH_DIRECTIONAL_ALTERNATIVES,REPRESENTATIVE_HOLDOUT,,5,5,0.025903558762741974,True,False,False,0,MAX_STEPS,False,0,0,0.37349063716828823,0.25
07f6d5a877c4221722205204dd10d6643397fdda34bc41eb2365db3b82f37208,47f0d8ed5c98e5cea69960c1b30c6b805296461e7fefa41c3076864bee586811,B0_CURRENT_CBF_ONLY,REPRESENTATIVE_HOLDOUT,,5,5,0.014488986683834026,True,False,False,0,MAX_STEPS,False,0,0,0.007830561138689518,0.25
921d617b0d2846f287531583f3ce4c40c70990ca8fd880604852c2097aa8bd7c,47f0d8ed5c98e5cea69960c1b30c6b805296461e7fefa41c3076864bee586811,B1_PLUS_SWEPT_SEGMENT,REPRESENTATIVE_HOLDOUT,,5,5,0.014488986683834026,True,False,False,0,MAX_STEPS,False,0,0,0.024820405757054687,0.25
9c81f39985b9bd4092249bede114fb2d001c266e5ef8e2aa29359a0b004053aa,47f0d8ed5c98e5cea69960c1b30c6b805296461e7fefa41c3076864bee586811,B2_PLUS_TERMINAL_BACKUP,REPRESENTATIVE_HOLDOUT,,5,5,0.014488986683834026,True,False,False,0,MAX_STEPS,False,0,0,0.2633212907239795,0.25
69929f1a6dbad0c3373284fe8be3b33b189f1180b8fdd30688cd39fd3f07e7b4,47f0d8ed5c98e5cea69960c1b30c6b805296461e7fefa41c3076864bee586811,B3_FULL_UNIFIED_WITH_DIRECTIONAL_ALTERNATIVES,REPRESENTATIVE_HOLDOUT,,5,5,0.014488986683834026,True,False,False,0,MAX_STEPS,False,0,0,0.2709175713825971,0.25
885c85c52ad6c345fcb268838d3531f6284ffbcd0305781cabd3ab74b815f0fa,5955840c212b4074ad46d065de442f1d835a0cd5be2975bee15ed83cf50eb0d0,B0_CURRENT_CBF_ONLY,REPRESENTATIVE_HOLDOUT,,5,5,0.020184854022161636,True,False,False,0,MAX_STEPS,False,0,0,0.012893701670691371,0.25
7e1d43aeefc3e593148fa086463b5b76031f84ebf0e0fcd2d49c5476074c53dd,5955840c212b4074ad46d065de442f1d835a0cd5be2975bee15ed83cf50eb0d0,B1_PLUS_SWEPT_SEGMENT,REPRESENTATIVE_HOLDOUT,,5,5,0.020184854022161636,True,False,False,0,MAX_STEPS,False,0,0,0.02928220620378852,0.25
e77da6516d1167ffa5864ae8ff9f2916abae7a29a5f18f29c322e01b07497762,5955840c212b4074ad46d065de442f1d835a0cd5be2975bee15ed83cf50eb0d0,B2_PLUS_TERMINAL_BACKUP,REPRESENTATIVE_HOLDOUT,,5,5,0.020184854022161636,True,False,False,0,MAX_STEPS,False,0,0,0.3120469390414655,0.25
4c07b24abeedbdd575edf1ce9e3a03daf3668b171541b9a8e5b96c5a9e5196fb,5955840c212b4074ad46d065de442f1d835a0cd5be2975bee15ed83cf50eb0d0,B3_FULL_UNIFIED_WITH_DIRECTIONAL_ALTERNATIVES,REPRESENTATIVE_HOLDOUT,,5,5,0.020184854022161636,True,False,False,0,MAX_STEPS,False,0,0,0.3201627607923001,0.25
c4e57c08d044942e391882f829ee06004f2b03a5bba01a2c592e2568fe06db7a,bda1efb81730b5280acba71d8090dbf8797e230d25fdc73f05c23404efff4270,B0_CURRENT_CBF_ONLY,REPRESENTATIVE_HOLDOUT,,5,5,0.019649964198045655,True,False,False,0,MAX_STEPS,False,0,0,0.011414577020332217,0.25
8032b51d56131b2bd80bbe340276fa43d1fef666fbfb2a2295057a9274863e31,bda1efb81730b5280acba71d8090dbf8797e230d25fdc73f05c23404efff4270,B1_PLUS_SWEPT_SEGMENT,REPRESENTATIVE_HOLDOUT,,5,5,0.019649964198045655,True,False,False,0,MAX_STEPS,False,0,0,0.027542995754629374,0.25
c90e1907dcedb45bc40d63232e8dbb9a7d4fc65a59b53b3930cc9dfc37691112,bda1efb81730b5280acba71d8090dbf8797e230d25fdc73f05c23404efff4270,B2_PLUS_TERMINAL_BACKUP,REPRESENTATIVE_HOLDOUT,,5,5,0.019649964198045655,True,False,False,0,MAX_STEPS,False,0,0,0.3334995685145259,0.25
8fc3a33e450335762eb1a556a3aa5fa42e966d2634878300fe77056230ce2186,bda1efb81730b5280acba71d8090dbf8797e230d25fdc73f05c23404efff4270,B3_FULL_UNIFIED_WITH_DIRECTIONAL_ALTERNATIVES,REPRESENTATIVE_HOLDOUT,,5,5,0.019649964198045655,True,False,False,0,MAX_STEPS,False,0,0,0.34263339592143893,0.25
8f474aeea1807167381ff398b153e72d7fab030f23ee80d0aef36c3d584ccc13,2a7752537df742a3101b8637ff7674291cb37d0327b12780632a5498d04aaaa2,B0_CURRENT_CBF_ONLY,REPRESENTATIVE_HOLDOUT,,5,5,0.002922972062574525,True,False,False,0,MAX_STEPS,False,0,0,0.01766043109819293,0.25
ae2aa83dc19689d7e70d7f71ca3d58f6fea2bc1acb500fd3189028ffb3399a3c,2a7752537df742a3101b8637ff7674291cb37d0327b12780632a5498d04aaaa2,B1_PLUS_SWEPT_SEGMENT,REPRESENTATIVE_HOLDOUT,,5,5,0.002922972062574525,True,False,False,0,MAX_STEPS,False,0,0,0.03393197013065219,0.25
70ddbeafcf10ddcc5d97674514c775c21a53deb3699e6c7be120769568633b49,2a7752537df742a3101b8637ff7674291cb37d0327b12780632a5498d04aaaa2,B2_PLUS_TERMINAL_BACKUP,REPRESENTATIVE_HOLDOUT,,5,5,0.0,False,False,True,5,MAX_STEPS,False,0,0,0.07497494295239449,0.25
11015b29feddc511258777908b699a9748fe4dbd71dab4a39fb8beeadb6cd93c,2a7752537df742a3101b8637ff7674291cb37d0327b12780632a5498d04aaaa2,B3_FULL_UNIFIED_WITH_DIRECTIONAL_ALTERNATIVES,REPRESENTATIVE_HOLDOUT,,5,5,0.0,False,False,True,5,MAX_STEPS,False,0,0,0.08161458792164922,0.25
972b6805493c3a0b57535376212aad699a3f75e035f62abf854ecc7c9e4a425c,1e3a8db5cf56d8657520e12aa8a311440dd3d323f43e579c810f2f48f60b1f71,B0_CURRENT_CBF_ONLY,REPRESENTATIVE_HOLDOUT,,5,5,0.02591692382513755,True,False,False,0,MAX_STEPS,False,0,0,0.02131388266570866,0.25
9d716aebe522c0623940033b76ee85d99141d7f7de9c21cf0c7eed2b4e67c9f4,1e3a8db5cf56d8657520e12aa8a311440dd3d323f43e579c810f2f48f60b1f71,B1_PLUS_SWEPT_SEGMENT,REPRESENTATIVE_HOLDOUT,,5,5,0.02591692382513755,True,False,False,0,MAX_STEPS,False,0,0,0.03786038979887962,0.25
364867141ababdf89a825e1c6897328a912a3fb3ea34b1060116728b0625f44a,1e3a8db5cf56d8657520e12aa8a311440dd3d323f43e579c810f2f48f60b1f71,B2_PLUS_TERMINAL_BACKUP,REPRESENTATIVE_HOLDOUT,,5,5,0.02591692382513755,True,False,False,0,MAX_STEPS,False,0,0,0.3753216846380383,0.25
d21f4c7d206930f6352c02d22b254b6241a088cfef6e47b56f019041c379da0f,1e3a8db5cf56d8657520e12aa8a311440dd3d323f43e579c810f2f48f60b1f71,B3_FULL_UNIFIED_WITH_DIRECTIONAL_ALTERNATIVES,REPRESENTATIVE_HOLDOUT,,5,5,0.02591692382513755,True,False,False,0,MAX_STEPS,False,0,0,0.38512142235413194,0.25
5e2a32dee7d5add2d03e81a5ce36bd356b971c36dccf2a08f9c676b9c774bffb,84a0a576fc67cde3ffe6200ac6a834baf6997ae0a4aedddc478e735065956ec4,B0_CURRENT_CBF_ONLY,REPRESENTATIVE_HOLDOUT,,5,5,0.0033201723588713317,True,False,False,0,MAX_STEPS,False,0,0,0.007432104321196675,0.25
c94c353c53ef77a8793af6eede9f210ed1def352d9d4fabf15db140a13776f66,84a0a576fc67cde3ffe6200ac6a834baf6997ae0a4aedddc478e735065956ec4,B1_PLUS_SWEPT_SEGMENT,REPRESENTATIVE_HOLDOUT,,5,5,0.0033201723588713317,True,False,False,0,MAX_STEPS,False,0,0,0.023874172708019614,0.25
0bf932b9580e54cb01975962b4b51ed0459efa77222a839842667fb9dc096a55,84a0a576fc67cde3ffe6200ac6a834baf6997ae0a4aedddc478e735065956ec4,B2_PLUS_TERMINAL_BACKUP,REPRESENTATIVE_HOLDOUT,,5,5,0.0,False,False,True,5,MAX_STEPS,False,0,0,0.0627590948715806,0.25
a2213b51534fdbea231432b6500ea83e933751dc243b199b39ff242fdc3c664b,84a0a576fc67cde3ffe6200ac6a834baf6997ae0a4aedddc478e735065956ec4,B3_FULL_UNIFIED_WITH_DIRECTIONAL_ALTERNATIVES,REPRESENTATIVE_HOLDOUT,,5,5,0.0,False,False,True,5,MAX_STEPS,False,0,0,0.06919879443012178,0.25
53d29af6e2bbeda1b5846b56f45b22df4a81ee77947edb7e5985ff73b19c8463,f8529d0eefa3b86112e5878801259c09ed00ab7a25aa589e759304f1d76a8fc7,B0_CURRENT_CBF_ONLY,REPRESENTATIVE_HOLDOUT,,5,5,0.0087730572559086,True,False,False,0,MAX_STEPS,False,0,0,0.007037610048428178,0.25
25f8f44272257c5a6ab97f51957680e719bf2938ebe0c87d00c3e11ad2bd50ad,f8529d0eefa3b86112e5878801259c09ed00ab7a25aa589e759304f1d76a8fc7,B1_PLUS_SWEPT_SEGMENT,REPRESENTATIVE_HOLDOUT,,5,5,0.0087730572559086,True,False,False,0,MAX_STEPS,False,0,0,0.023472015978768468,0.25
8008210c01bbae4546831f11bb25ddb0903d7827341958a6676b064327d057bc,f8529d0eefa3b86112e5878801259c09ed00ab7a25aa589e759304f1d76a8fc7,B2_PLUS_TERMINAL_BACKUP,REPRESENTATIVE_HOLDOUT,,5,5,0.0087730572559086,True,False,False,0,MAX_STEPS,False,0,0,0.18645281880162656,0.25
656d6e557fbcc1089900a8a8afdc64c4e9337b585d433e6b6d36172c7b4b7560,f8529d0eefa3b86112e5878801259c09ed00ab7a25aa589e759304f1d76a8fc7,B3_FULL_UNIFIED_WITH_DIRECTIONAL_ALTERNATIVES,REPRESENTATIVE_HOLDOUT,,5,5,0.0087730572559086,True,False,False,0,MAX_STEPS,False,0,0,0.19548666197806597,0.25
ece0ad7861ebd6ba964d2275e6ce875976cd2fd38b93df262d43d29a6c63fc72,e5d76d0be3ceef59610d9b6b2a5da34fe2d724b95e8484721b2797b2b458c7e3,B0_CURRENT_CBF_ONLY,REPRESENTATIVE_HOLDOUT,,5,5,0.008918538951785848,True,False,False,0,MAX_STEPS,False,0,0,0.007038557669147849,0.25
d7f060cd94ee0520bfc97bee19b3478a0eda2497576b54f9e7868096ea526182,e5d76d0be3ceef59610d9b6b2a5da34fe2d724b95e8484721b2797b2b458c7e3,B1_PLUS_SWEPT_SEGMENT,REPRESENTATIVE_HOLDOUT,,5,5,0.008918538951785848,True,False,False,0,MAX_STEPS,False,0,0,0.023607124807313085,0.25
662aecec6ac5d0a68fc41d7ebea56941868373d5204e2dc93947f1ca5236da0c,e5d76d0be3ceef59610d9b6b2a5da34fe2d724b95e8484721b2797b2b458c7e3,B2_PLUS_TERMINAL_BACKUP,REPRESENTATIVE_HOLDOUT,,5,5,0.008918538951785848,True,False,False,0,MAX_STEPS,False,0,0,0.18071836419403553,0.25
c39d6c1e0a3380ef119d10ba23d08119d73d2f83f6c9c6685acd392e9041fb7d,e5d76d0be3ceef59610d9b6b2a5da34fe2d724b95e8484721b2797b2b458c7e3,B3_FULL_UNIFIED_WITH_DIRECTIONAL_ALTERNATIVES,REPRESENTATIVE_HOLDOUT,,5,5,0.008918538951785848,True,False,False,0,MAX_STEPS,False,0,0,0.19028248800896108,0.25
0354e681143b3bd435e69a5b28f539990bd3b27e451cfdf401ea55e4e85ab515,02b145999e5475b5f73ab85539be45cdbcecbc2e4ff51edc10178fd1a57cafa2,B0_CURRENT_CBF_ONLY,REPRESENTATIVE_HOLDOUT,,5,5,0.0033163559403002196,True,False,False,0,MAX_STEPS,False,0,0,0.007200226886197925,0.25
8471da4981443ec3d2e54d12d78fcfa480d4fa20cdca08dc0b2f9bd0c5de13a9,02b145999e5475b5f73ab85539be45cdbcecbc2e4ff51edc10178fd1a57cafa2,B1_PLUS_SWEPT_SEGMENT,REPRESENTATIVE_HOLDOUT,,5,5,0.0033163559403002196,True,False,False,0,MAX_STEPS,False,0,0,0.02375511289574206,0.25
255ba3d3a2d17e11eea1b7e0d6c984d53059f7436fcd2239dd164eefa93e5d61,02b145999e5475b5f73ab85539be45cdbcecbc2e4ff51edc10178fd1a57cafa2,B2_PLUS_TERMINAL_BACKUP,REPRESENTATIVE_HOLDOUT,,5,5,0.0,False,False,True,5,MAX_STEPS,False,0,0,0.06227556522935629,0.25
271c3147141424846af5e3a6b99046a0d4d18a6f378376f8862229e6e1df44ca,02b145999e5475b5f73ab85539be45cdbcecbc2e4ff51edc10178fd1a57cafa2,B3_FULL_UNIFIED_WITH_DIRECTIONAL_ALTERNATIVES,REPRESENTATIVE_HOLDOUT,,5,5,0.0,False,False,True,5,MAX_STEPS,False,0,0,0.06910623796284199,0.25
866142fdd73204f67c4f9f0854d65293c93cdbfb7f88e6cbee25d0814b9f2e39,5a458c889e9d40d98b421cd4b08dac9b9c062d421015930e2a72016a66d311c9,B0_CURRENT_CBF_ONLY,REPRESENTATIVE_HOLDOUT,,5,5,0.01461427321348635,True,False,False,0,MAX_STEPS,False,0,0,0.006881640991196036,0.25
62c149ce549345aa00ca4c2a9e534fa5faba84bf1a47e35335ee8d3a12e9d8c1,5a458c889e9d40d98b421cd4b08dac9b9c062d421015930e2a72016a66d311c9,B1_PLUS_SWEPT_SEGMENT,REPRESENTATIVE_HOLDOUT,,5,5,0.01461427321348635,True,False,False,0,MAX_STEPS,False,0,0,0.023103224812075496,0.25
a64a5e6429b84f22fd442d709b3a9e155d4ebcea0e8c1c454208aff2e8c1db8e,5a458c889e9d40d98b421cd4b08dac9b9c062d421015930e2a72016a66d311c9,B2_PLUS_TERMINAL_BACKUP,REPRESENTATIVE_HOLDOUT,,5,5,0.01461427321348635,True,False,False,0,MAX_STEPS,False,0,0,0.23312978423200548,0.25
396e2dddec37d94c27deae8e22dbeab235f877065a297e0a43ddb54394dccfee,5a458c889e9d40d98b421cd4b08dac9b9c062d421015930e2a72016a66d311c9,B3_FULL_UNIFIED_WITH_DIRECTIONAL_ALTERNATIVES,REPRESENTATIVE_HOLDOUT,,5,5,0.01461427321348635,True,False,False,0,MAX_STEPS,False,0,0,0.24079920910298824,0.25
9609613c31b01830c6e2d2089f1626c7431b3cef5928b2873ebbcd9ba6463fe6,cb84994047b97c5afb96e6256fcb1966c4b69c3e9cca26ef2417bbb90bf42f38,B0_CURRENT_CBF_ONLY,REPRESENTATIVE_HOLDOUT,,5,5,0.025945228456917935,True,False,False,0,MAX_STEPS,False,0,0,0.009464262751862407,0.25
2735661710bee350d385a7ba7540ea3f1c812db6e29adeb074a47f97a1c3ea3d,cb84994047b97c5afb96e6256fcb1966c4b69c3e9cca26ef2417bbb90bf42f38,B1_PLUS_SWEPT_SEGMENT,REPRESENTATIVE_HOLDOUT,,5,5,0.025945228456917935,True,False,False,0,MAX_STEPS,False,0,0,0.026383466087281704,0.25
03fa3f1b529a75c70b15d1e83f991186791f13f45412817d8846d300276fea26,cb84994047b97c5afb96e6256fcb1966c4b69c3e9cca26ef2417bbb90bf42f38,B2_PLUS_TERMINAL_BACKUP,REPRESENTATIVE_HOLDOUT,,5,5,0.025945228456917935,True,False,False,0,MAX_STEPS,False,0,0,0.3600001798477024,0.25
6bca0d05c5999844a171e887a15aaa97f7fdb209438b505c96e1816b7aee19d9,cb84994047b97c5afb96e6256fcb1966c4b69c3e9cca26ef2417bbb90bf42f38,B3_FULL_UNIFIED_WITH_DIRECTIONAL_ALTERNATIVES,REPRESENTATIVE_HOLDOUT,,5,5,0.025945228456917935,True,False,False,0,MAX_STEPS,False,0,0,0.369114157743752,0.25
60d9ce0fc7e2fcf8d7ccbbda94034321999b33cfff0463a8284029f167aa2dd3,c56fb664bfb2e9bffdafc07c17a2e9e2099527cc997ade9e7cee6b8f9b7cbb29,B0_CURRENT_CBF_ONLY,REPRESENTATIVE_HOLDOUT,,5,5,0.0033583458004284306,True,False,False,0,MAX_STEPS,False,0,0,0.007713629165664315,0.25
b7a709b49b69ccf63cf3b3fc0a88c6a9571d75a36dab366f8ebc287a9c4e4422,c56fb664bfb2e9bffdafc07c17a2e9e2099527cc997ade9e7cee6b8f9b7cbb29,B1_PLUS_SWEPT_SEGMENT,REPRESENTATIVE_HOLDOUT,,5,5,0.0033583458004284306,True,False,False,0,MAX_STEPS,False,0,0,0.02470033592544496,0.25
d824b6c1b2f364c197cb421b60ca7b63eff69ad98ccfe0f72dae40a94df5d4eb,c56fb664bfb2e9bffdafc07c17a2e9e2099527cc997ade9e7cee6b8f9b7cbb29,B2_PLUS_TERMINAL_BACKUP,REPRESENTATIVE_HOLDOUT,,5,5,0.0,False,False,True,5,MAX_STEPS,False,0,0,0.06504249409772456,0.25
d16b546215ac20f3d9313045625815ded0a2fd36f9e491f1d5fccad372eae812,c56fb664bfb2e9bffdafc07c17a2e9e2099527cc997ade9e7cee6b8f9b7cbb29,B3_FULL_UNIFIED_WITH_DIRECTIONAL_ALTERNATIVES,REPRESENTATIVE_HOLDOUT,,5,5,0.0,False,False,True,5,MAX_STEPS,False,0,0,0.07167841703630984,0.25
38eb5f18604a01e2f56f66648fa903562d2f9d7d8ac98a2571893b9a4177fb85,d16700419d954ff77322ffc54097507ff24f92a2150fca11642652d73ca42754,B0_CURRENT_CBF_ONLY,REPRESENTATIVE_HOLDOUT,,5,5,0.020188236572856844,True,False,False,0,MAX_STEPS,False,0,0,0.00669442187063396,0.25
a628b143893ecdaf40a5bf6469756db660f96866772d213dd7250c3db14f4cef,d16700419d954ff77322ffc54097507ff24f92a2150fca11642652d73ca42754,B1_PLUS_SWEPT_SEGMENT,REPRESENTATIVE_HOLDOUT,,5,5,0.020188236572856844,True,False,False,0,MAX_STEPS,False,0,0,0.023481460288167,0.25
3f53d70bd48aefc4b87ebc91358473b85af65b493b79b54bd1c15a2a561ff714,d16700419d954ff77322ffc54097507ff24f92a2150fca11642652d73ca42754,B2_PLUS_TERMINAL_BACKUP,REPRESENTATIVE_HOLDOUT,,5,5,0.020188236572856844,True,False,False,0,MAX_STEPS,False,0,0,0.31300712283700705,0.25
232a87145de65ffd3415ab9ea991ab53d27ae9d757323e80c12a6221d77e0ace,d16700419d954ff77322ffc54097507ff24f92a2150fca11642652d73ca42754,B3_FULL_UNIFIED_WITH_DIRECTIONAL_ALTERNATIVES,REPRESENTATIVE_HOLDOUT,,5,5,0.020188236572856844,True,False,False,0,MAX_STEPS,False,0,0,0.32081163534894586,0.25
e5a7e412b6a346e3ea93f64fc5abf6f526bf482bd22644448d1afb570b10414b,33fb1aa673c9e34836e4fa921353c35316f525bc61d20a670c981bfc6c512c77,B0_CURRENT_CBF_ONLY,REPRESENTATIVE_HOLDOUT,,5,5,0.014632472992087253,True,False,False,0,MAX_STEPS,False,0,0,0.006756043992936611,0.25
672edab2a879ec5c64854a49cf22e86d5b920d6937404532a75dc9c1ed10d044,33fb1aa673c9e34836e4fa921353c35316f525bc61d20a670c981bfc6c512c77,B1_PLUS_SWEPT_SEGMENT,REPRESENTATIVE_HOLDOUT,,5,5,0.014632472992087253,True,False,False,0,MAX_STEPS,False,0,0,0.022974603343755007,0.25
7ccaeb6fb007af6d6e88cc8736b5467fda213b6c749d42194974b2057bbc1ff1,33fb1aa673c9e34836e4fa921353c35316f525bc61d20a670c981bfc6c512c77,B2_PLUS_TERMINAL_BACKUP,REPRESENTATIVE_HOLDOUT,,5,5,0.014632472992087253,True,False,False,0,MAX_STEPS,False,0,0,0.23240824905224144,0.25
3f0a91ffe885573832dac91398095574d2905100d6a6d7b1fd4d3ea72c47e33c,33fb1aa673c9e34836e4fa921353c35316f525bc61d20a670c981bfc6c512c77,B3_FULL_UNIFIED_WITH_DIRECTIONAL_ALTERNATIVES,REPRESENTATIVE_HOLDOUT,,5,5,0.014632472992087253,True,False,False,0,MAX_STEPS,False,0,0,0.2400116000790149,0.25
930701a01dab4cfe95d87fb4b13e29b47aa3b7965f1849610c86158ab452d8f0,5c878ecdda7b012dd24e54485b144f94e11c39db316a9d4d0e26143328a740bd,B0_CURRENT_CBF_ONLY,REPRESENTATIVE_HOLDOUT,,5,5,0.019789408725468194,True,False,False,0,MAX_STEPS,False,0,0,0.006837815977632999,0.25
44f817939d8c483ffc7e28772382e880f329a38239716912eb24c87b488eb8ab,5c878ecdda7b012dd24e54485b144f94e11c39db316a9d4d0e26143328a740bd,B1_PLUS_SWEPT_SEGMENT,REPRESENTATIVE_HOLDOUT,,5,5,0.019789408725468194,True,False,False,0,MAX_STEPS,False,0,0,0.023243709234520793,0.25
b6779eaef6d2db29b7ee98f19478667fe7abcf5a114a1f04f65524ad08499baa,5c878ecdda7b012dd24e54485b144f94e11c39db316a9d4d0e26143328a740bd,B2_PLUS_TERMINAL_BACKUP,REPRESENTATIVE_HOLDOUT,,5,5,0.019789408725468194,True,False,False,0,MAX_STEPS,False,0,0,0.3354223573114723,0.25
9e6de5873aa597b9cf6bb7be3fc3cef1893588f2fa9e87bdd733d4687fa5edd1,5c878ecdda7b012dd24e54485b144f94e11c39db316a9d4d0e26143328a740bd,B3_FULL_UNIFIED_WITH_DIRECTIONAL_ALTERNATIVES,REPRESENTATIVE_HOLDOUT,,5,5,0.019789408725468194,True,False,False,0,MAX_STEPS,False,0,0,0.3430177760310471,0.25
d07bb85151100532e487a073d829175266e8cdcfaec7616ff9eb957afa40d417,4f8493fd890064bef32029677a254723ccba9383aed01981ce69df51b517af7b,B0_CURRENT_CBF_ONLY,REPRESENTATIVE_HOLDOUT,,5,5,0.0031777716518536225,True,False,False,0,MAX_STEPS,False,0,0,0.008180305594578385,0.25
30f563430b98f3e820056316b5a5e913926817cc6d80ab91a8f402b993be4c64,4f8493fd890064bef32029677a254723ccba9383aed01981ce69df51b517af7b,B1_PLUS_SWEPT_SEGMENT,REPRESENTATIVE_HOLDOUT,,5,5,0.0031777716518536225,True,False,False,0,MAX_STEPS,False,0,0,0.024993684142827988,0.25
14196e2ef12b9151756892547180150d827ba2dc70f46de6bc649797dfb94148,4f8493fd890064bef32029677a254723ccba9383aed01981ce69df51b517af7b,B2_PLUS_TERMINAL_BACKUP,REPRESENTATIVE_HOLDOUT,,5,5,0.0,False,False,True,5,MAX_STEPS,False,0,0,0.06645950977690518,0.25
e5aa483bcf5c3e2eed77c6639af8b1a4fb81987bee28a5d591253146e26f06ca,4f8493fd890064bef32029677a254723ccba9383aed01981ce69df51b517af7b,B3_FULL_UNIFIED_WITH_DIRECTIONAL_ALTERNATIVES,REPRESENTATIVE_HOLDOUT,,5,5,0.0,False,False,True,5,MAX_STEPS,False,0,0,0.07315207715146244,0.25
4224bdc88b93407e6c4871f8a4b2b3d11f6a111d5f50d60c1c6657c71a8bc72f,4c41478b3e9caa74ffcf553fadb10fa68354176bb1fcacf585d52e5711ac1f85,B0_CURRENT_CBF_ONLY,REPRESENTATIVE_HOLDOUT,,5,5,0.0032989717755389503,True,False,False,0,MAX_STEPS,False,0,0,0.0064784500282257795,0.25
11539443fe42830446c20b72be5ce22d8d30f5be3c65fb3c6772879e149f35b4,4c41478b3e9caa74ffcf553fadb10fa68354176bb1fcacf585d52e5711ac1f85,B1_PLUS_SWEPT_SEGMENT,REPRESENTATIVE_HOLDOUT,,5,5,0.0032989717755389503,True,False,False,0,MAX_STEPS,False,0,0,0.022838950157165527,0.25
c9267495a4f0dc1ff903370eac8557ed78ce29a2232b268c7d600c1b8cf633e4,4c41478b3e9caa74ffcf553fadb10fa68354176bb1fcacf585d52e5711ac1f85,B2_PLUS_TERMINAL_BACKUP,REPRESENTATIVE_HOLDOUT,,5,5,0.0,False,False,True,5,MAX_STEPS,False,0,0,0.05940511077642441,0.25
e69c2fea1631136ab9db41ab8339a7b95c27236685050654669eb885836a373e,4c41478b3e9caa74ffcf553fadb10fa68354176bb1fcacf585d52e5711ac1f85,B3_FULL_UNIFIED_WITH_DIRECTIONAL_ALTERNATIVES,REPRESENTATIVE_HOLDOUT,,5,5,0.0,False,False,True,5,MAX_STEPS,False,0,0,0.06626810994930565,0.25
831d9b8041c209fa2a88bb69478aab5e4605224ced9d76e19118159f8c7e0336,b35b8f0ea0ab24934edc4ae336151b86e19c831e24c8c690dd60d59905a4f6fc,B0_CURRENT_CBF_ONLY,REPRESENTATIVE_HOLDOUT,,5,5,0.003358372887909411,True,False,False,0,MAX_STEPS,False,0,0,0.00785735109820962,0.25
e7cbe0aad19eea5cf4b0dcc8255faf60cce675d8c7b7a36b24f8cb78eeaf2ae1,b35b8f0ea0ab24934edc4ae336151b86e19c831e24c8c690dd60d59905a4f6fc,B1_PLUS_SWEPT_SEGMENT,REPRESENTATIVE_HOLDOUT,,5,5,0.003358372887909411,True,False,False,0,MAX_STEPS,False,0,0,0.025011164834722877,0.25
8f867b230b87f277bcc5c93096a2778438ba3edab969e1b5dac05b45bbaaedc5,b35b8f0ea0ab24934edc4ae336151b86e19c831e24c8c690dd60d59905a4f6fc,B2_PLUS_TERMINAL_BACKUP,REPRESENTATIVE_HOLDOUT,,5,5,0.0,False,False,True,5,MAX_STEPS,False,0,0,0.06486699008382857,0.25
03c2a02468cf86fd899f5c6324ef9dbf363153d1af0b649de54fe4579820ddf8,b35b8f0ea0ab24934edc4ae336151b86e19c831e24c8c690dd60d59905a4f6fc,B3_FULL_UNIFIED_WITH_DIRECTIONAL_ALTERNATIVES,REPRESENTATIVE_HOLDOUT,,5,5,0.0,False,False,True,5,MAX_STEPS,False,0,0,0.07203382416628301,0.25
7d61142671b9985af5504fad1b96c2e6d2be1cd6a9defbd2e33a078213c9291f,3a00121189d4237a83cc0b825ec3fedae43705d0b0fc620e0f5b4df73d3a2742,B0_CURRENT_CBF_ONLY,REPRESENTATIVE_HOLDOUT,,5,5,0.003280644568603275,True,False,False,0,MAX_STEPS,False,0,0,0.006589199183508754,0.25
6e3d6a92571200dbc2c828aa7936f0ce6618decc130a4fccc8cf676aac0959a3,3a00121189d4237a83cc0b825ec3fedae43705d0b0fc620e0f5b4df73d3a2742,B1_PLUS_SWEPT_SEGMENT,REPRESENTATIVE_HOLDOUT,,5,5,0.003280644568603275,True,False,False,0,MAX_STEPS,False,0,0,0.023038918152451515,0.25
b176da090a5737c484788ab2b80e6d88b56264274adfae136907b7ffe57ccb72,3a00121189d4237a83cc0b825ec3fedae43705d0b0fc620e0f5b4df73d3a2742,B2_PLUS_TERMINAL_BACKUP,REPRESENTATIVE_HOLDOUT,,5,5,0.0,False,False,True,5,MAX_STEPS,False,0,0,0.059769672341644764,0.25
05d1c1169b7e1972d1b98eea65c0000dfc9981572708eae57e66edc35df2c881,3a00121189d4237a83cc0b825ec3fedae43705d0b0fc620e0f5b4df73d3a2742,B3_FULL_UNIFIED_WITH_DIRECTIONAL_ALTERNATIVES,REPRESENTATIVE_HOLDOUT,,5,5,0.0,False,False,True,5,MAX_STEPS,False,0,0,0.06685841828584671,0.25
55a703454f69705c2d4e4a2703ef89f0d988b870186a44740889e108ed187572,cf99fcdb02a28a816a9aa8ba88a2976f96d10b5ebd3278230ef761ec9cd80c12,B0_CURRENT_CBF_ONLY,REPRESENTATIVE_HOLDOUT,,5,5,0.02598499233092344,True,False,False,0,MAX_STEPS,False,0,0,0.007130512269213796,0.25
25d2637e87af22e36cf0a1f1282fb51aea1ff44cdaffcdafa3714cd40fe6e7f3,cf99fcdb02a28a816a9aa8ba88a2976f96d10b5ebd3278230ef761ec9cd80c12,B1_PLUS_SWEPT_SEGMENT,REPRESENTATIVE_HOLDOUT,,5,5,0.02598499233092344,True,False,False,0,MAX_STEPS,False,0,0,0.023824089905247092,0.25
c4bed8ea6808209a4f8aaee8488a8b8f340f56dc17561252132bfbb83e4e6f61,cf99fcdb02a28a816a9aa8ba88a2976f96d10b5ebd3278230ef761ec9cd80c12,B2_PLUS_TERMINAL_BACKUP,REPRESENTATIVE_HOLDOUT,,5,5,0.02598499233092344,True,False,False,0,MAX_STEPS,False,0,0,0.3359662725124508,0.25
54bbb81437092a183f090c8c6d4cea824117d006ed7893f5c6fd77aeba5360a2,cf99fcdb02a28a816a9aa8ba88a2976f96d10b5ebd3278230ef761ec9cd80c12,B3_FULL_UNIFIED_WITH_DIRECTIONAL_ALTERNATIVES,REPRESENTATIVE_HOLDOUT,,5,5,0.02598499233092344,True,False,False,0,MAX_STEPS,False,0,0,0.3430623698513955,0.25
8d060a5921a3cebd88f778f25ae08da94ad3dd05688a3b7881be1fd9e7d2f7bd,f1c38273b769e72dc0d931f077a68b1b7253969b3ef21e3768785566392b1f0d,B0_CURRENT_CBF_ONLY,REPRESENTATIVE_HOLDOUT,,5,5,0.020283486475266732,True,False,False,0,MAX_STEPS,False,0,0,0.007372551131993532,0.25
8dae7a57a038e3ed7f63c022a7e80dc7bf684d52c4c72ea1ece07ea73d151628,f1c38273b769e72dc0d931f077a68b1b7253969b3ef21e3768785566392b1f0d,B1_PLUS_SWEPT_SEGMENT,REPRESENTATIVE_HOLDOUT,,5,5,0.020283486475266732,True,False,False,0,MAX_STEPS,False,0,0,0.024035824928432703,0.25
df084889e813c548f956725f10f0381324246a5e4d56611df42c0ea37afe538a,f1c38273b769e72dc0d931f077a68b1b7253969b3ef21e3768785566392b1f0d,B2_PLUS_TERMINAL_BACKUP,REPRESENTATIVE_HOLDOUT,,5,5,0.020283486475266732,True,False,False,0,MAX_STEPS,False,0,0,0.29672752204351127,0.25
dd28f9e7d9329490fa37bf9b7b80ed8206eab9d43717c5b4cec96ae549c08d37,f1c38273b769e72dc0d931f077a68b1b7253969b3ef21e3768785566392b1f0d,B3_FULL_UNIFIED_WITH_DIRECTIONAL_ALTERNATIVES,REPRESENTATIVE_HOLDOUT,,5,5,0.020283486475266732,True,False,False,0,MAX_STEPS,False,0,0,0.30427166912704706,0.25
f3f839335abbcd836b676895870eaec13849a0f159ae126c0fdf5437ed60a72b,a7df3b5438dff60930c714bb4b54a2d5b4de76774b4d21b858efb7fb7c1840c5,B0_CURRENT_CBF_ONLY,REPRESENTATIVE_HOLDOUT,,5,5,0.0033399963194498117,True,False,False,0,MAX_STEPS,False,0,0,0.007125749951228499,0.25
d2f85169b0dafae667e5905b56b21c04229a588474cf057925aae4b30784693d,a7df3b5438dff60930c714bb4b54a2d5b4de76774b4d21b858efb7fb7c1840c5,B1_PLUS_SWEPT_SEGMENT,REPRESENTATIVE_HOLDOUT,,5,5,0.0033399963194498117,True,False,False,0,MAX_STEPS,False,0,0,0.024062258889898658,0.25
cf09b21b5651a55ae56eeea1ee207adf268cd6dfe229f51f0800adf93177427e,a7df3b5438dff60930c714bb4b54a2d5b4de76774b4d21b858efb7fb7c1840c5,B2_PLUS_TERMINAL_BACKUP,REPRESENTATIVE_HOLDOUT,,5,5,0.0,False,False,True,5,MAX_STEPS,False,0,0,0.06295516318641603,0.25
707fddadb08d04c4f851bf95f017f8fa9e85de8d341f33ea41a2af3f5c0e8c80,a7df3b5438dff60930c714bb4b54a2d5b4de76774b4d21b858efb7fb7c1840c5,B3_FULL_UNIFIED_WITH_DIRECTIONAL_ALTERNATIVES,REPRESENTATIVE_HOLDOUT,,5,5,0.0,False,False,True,5,MAX_STEPS,False,0,0,0.06943722465075552,0.25
a9e2efc94faea23f7e4cb548121c433ec5b34d11f43e25cc6ca61ec6c4c33646,404e9b51e12d42dec15caa60d2944c759ab091696e5cbd240fbd1b243a0f23a4,B0_CURRENT_CBF_ONLY,REPRESENTATIVE_HOLDOUT,,5,5,0.002771190959315717,True,False,False,0,MAX_STEPS,False,0,0,0.008916484657675028,0.25
78075f7e04db85a26712b15b71f1b5c50efe77658eb8ab2dc8433f455c96450e,404e9b51e12d42dec15caa60d2944c759ab091696e5cbd240fbd1b243a0f23a4,B1_PLUS_SWEPT_SEGMENT,REPRESENTATIVE_HOLDOUT,,5,5,0.002771190959315717,True,False,False,0,MAX_STEPS,False,0,0,0.02641007211059332,0.25
c463a0a254b65615ed9e896f8eaf12a8047d3034a98c24e53a4bd08de98dd4fc,404e9b51e12d42dec15caa60d2944c759ab091696e5cbd240fbd1b243a0f23a4,B2_PLUS_TERMINAL_BACKUP,REPRESENTATIVE_HOLDOUT,,5,5,0.0,False,False,True,5,MAX_STEPS,False,0,0,0.06990694184787571,0.25
da910bdca60655b622f981fc033375a3daaecf490ec5cb4498f786ce3a30329e,404e9b51e12d42dec15caa60d2944c759ab091696e5cbd240fbd1b243a0f23a4,B3_FULL_UNIFIED_WITH_DIRECTIONAL_ALTERNATIVES,REPRESENTATIVE_HOLDOUT,,5,5,0.0,False,False,True,5,MAX_STEPS,False,0,0,0.07762824790552258,0.25
10ee0f9c72334f6c0cf4faa27d3c1d4bef62fac4b3d8d9d52113530644e288df,c8776589f78f38c3118be749cd68401cb4677ecc1aaf3a8484fedfa59dbfc4b5,B0_CURRENT_CBF_ONLY,REPRESENTATIVE_HOLDOUT,,5,5,0.01994882499778816,True,False,False,0,MAX_STEPS,False,0,0,0.006770835956558585,0.25
fdd3580586b2a35faa4f84d58ea663c94bdbe1bc693b1b621d6ee72a540477cb,c8776589f78f38c3118be749cd68401cb4677ecc1aaf3a8484fedfa59dbfc4b5,B1_PLUS_SWEPT_SEGMENT,REPRESENTATIVE_HOLDOUT,,5,5,0.01994882499778816,True,False,False,0,MAX_STEPS,False,0,0,0.02333186729811132,0.25
4864d51ad8b8de997668f4a7ada4828d19d9888206d255e33d65e21775a4ba98,c8776589f78f38c3118be749cd68401cb4677ecc1aaf3a8484fedfa59dbfc4b5,B2_PLUS_TERMINAL_BACKUP,REPRESENTATIVE_HOLDOUT,,5,5,0.01994882499778816,True,False,False,0,MAX_STEPS,False,0,0,0.3243589485064149,0.25
6791bc53417af1df44243f9789b027b0cccdf8d32f065390167183422102f31a,c8776589f78f38c3118be749cd68401cb4677ecc1aaf3a8484fedfa59dbfc4b5,B3_FULL_UNIFIED_WITH_DIRECTIONAL_ALTERNATIVES,REPRESENTATIVE_HOLDOUT,,5,5,0.01994882499778816,True,False,False,0,MAX_STEPS,False,0,0,0.3328457521274686,0.25
a0fbb32fcd182e759430a2880400227ae92f403cbb569b44121605025966b650,274cfe4d06a4bba970b364b3ced72c1758f65f383a4ff23eecf36593964775dd,B0_CURRENT_CBF_ONLY,REPRESENTATIVE_HOLDOUT,,5,5,0.014424183682156755,True,False,False,0,MAX_STEPS,False,0,0,0.006732745096087456,0.25
8f521863c3bf7569ad33ccbb8ab7fc7e08bfcc18c1c3ffffcf6db7e973c9dab6,274cfe4d06a4bba970b364b3ced72c1758f65f383a4ff23eecf36593964775dd,B1_PLUS_SWEPT_SEGMENT,REPRESENTATIVE_HOLDOUT,,5,5,0.014424183682156755,True,False,False,0,MAX_STEPS,False,0,0,0.02316459664143622,0.25
bb261a290e17102ad8d55fa5a58efad7c6167c1874f7686492b042a985351b9e,274cfe4d06a4bba970b364b3ced72c1758f65f383a4ff23eecf36593964775dd,B2_PLUS_TERMINAL_BACKUP,REPRESENTATIVE_HOLDOUT,,5,5,0.014424183682156755,True,False,False,0,MAX_STEPS,False,0,0,0.25493555003777146,0.25
fa86ad64db84f6690639bf362567936a337d9c5c312c53d55fd754492d2249c8,274cfe4d06a4bba970b364b3ced72c1758f65f383a4ff23eecf36593964775dd,B3_FULL_UNIFIED_WITH_DIRECTIONAL_ALTERNATIVES,REPRESENTATIVE_HOLDOUT,,5,5,0.014424183682156755,True,False,False,0,MAX_STEPS,False,0,0,0.2629109397530556,0.25
e8ba06226be462e63e9943a16cbfb68cdf6124fdeb1af52908d4b36abd3d8ee4,535eefa47566f65f0636b29eff2b662375408e555381e27cd6ca5a38251412f2,B0_CURRENT_CBF_ONLY,REPRESENTATIVE_HOLDOUT,,5,5,0.019359516774468122,True,False,False,0,MAX_STEPS,False,0,0,0.007466842886060476,0.25
f43a808bb0e5a46a7a6e8e61073b77be06fa3bccc2425097e2fd4ee15ab7bbca,535eefa47566f65f0636b29eff2b662375408e555381e27cd6ca5a38251412f2,B1_PLUS_SWEPT_SEGMENT,REPRESENTATIVE_HOLDOUT,,5,5,0.019359516774468122,True,False,False,0,MAX_STEPS,False,0,0,0.024192210054025054,0.25
33c2ce74cae8b15ea8420e517f7fc06bac3d58c955ee79c2c250da9c1a4e364a,535eefa47566f65f0636b29eff2b662375408e555381e27cd6ca5a38251412f2,B2_PLUS_TERMINAL_BACKUP,REPRESENTATIVE_HOLDOUT,,5,5,0.019359516774468122,True,False,False,0,MAX_STEPS,False,0,0,0.3458514763042331,0.25
110ccd512eb1af7aa43c3479fa3d65106efa25657d9d49b1188fb1a8d5088f55,535eefa47566f65f0636b29eff2b662375408e555381e27cd6ca5a38251412f2,B3_FULL_UNIFIED_WITH_DIRECTIONAL_ALTERNATIVES,REPRESENTATIVE_HOLDOUT,,5,5,0.019359516774468122,True,False,False,0,MAX_STEPS,False,0,0,0.3529218900948763,0.25
be2a9b38c510b40e46850010b8b3881318226d382143cfe0db78775107ec175f,dbb13c701a3135469d7b7dcaff5ca0c1e80c3c5c76b5e4c74567428e1626ab16,B0_CURRENT_CBF_ONLY,REPRESENTATIVE_HOLDOUT,,5,5,0.025938174712061474,True,False,False,0,MAX_STEPS,False,0,0,0.006947048706933856,0.25
d5d52bf02b0949106bd6093b22de5721c325c446c7221fba1ab6c0d2cfe23211,dbb13c701a3135469d7b7dcaff5ca0c1e80c3c5c76b5e4c74567428e1626ab16,B1_PLUS_SWEPT_SEGMENT,REPRESENTATIVE_HOLDOUT,,5,5,0.025938174712061474,True,False,False,0,MAX_STEPS,False,0,0,0.024285951163619757,0.25
3dc8aed5862ac60288badca9bf94bce7646356fe6718bace82a9bf186ea917e5,dbb13c701a3135469d7b7dcaff5ca0c1e80c3c5c76b5e4c74567428e1626ab16,B2_PLUS_TERMINAL_BACKUP,REPRESENTATIVE_HOLDOUT,,5,5,0.025938174712061474,True,False,False,0,MAX_STEPS,False,0,0,0.3542708291206509,0.25
a02aff09cbe7229bec51fb7ce808a40211cc63ffa5ea21b5b61e94965834dbbe,dbb13c701a3135469d7b7dcaff5ca0c1e80c3c5c76b5e4c74567428e1626ab16,B3_FULL_UNIFIED_WITH_DIRECTIONAL_ALTERNATIVES,REPRESENTATIVE_HOLDOUT,,5,5,0.025938174712061474,True,False,False,0,MAX_STEPS,False,0,0,0.3769952461589128,0.25
5be82ae4dbc68c7d7df41de8df6853de86d50e080c553cbe43aa8febb6aecb05,241d4b8b592a08407d1f663e2e0439e35140b1b8356e32ca03083b8da5f7e9bb,B0_CURRENT_CBF_ONLY,REPRESENTATIVE_HOLDOUT,,5,5,0.008726144697383087,True,False,False,0,MAX_STEPS,False,0,0,0.007486333837732673,0.25
02793c069a9d1afc331e9c8c370528067690c1146c1da3768bcd4ec706210980,241d4b8b592a08407d1f663e2e0439e35140b1b8356e32ca03083b8da5f7e9bb,B1_PLUS_SWEPT_SEGMENT,REPRESENTATIVE_HOLDOUT,,5,5,0.008726144697383087,True,False,False,0,MAX_STEPS,False,0,0,0.024151697754859924,0.25
a7908fadf808f3233f9112384134749013da2c4d7649f76fe83d086583c9502a,241d4b8b592a08407d1f663e2e0439e35140b1b8356e32ca03083b8da5f7e9bb,B2_PLUS_TERMINAL_BACKUP,REPRESENTATIVE_HOLDOUT,,5,5,0.008726144697383087,True,False,False,0,MAX_STEPS,False,0,0,0.19122258597053587,0.25
53d36a4ee6f6b8cf8a136df7f85e99c7c1fbe2edc95fa7b854e8f28680dfbd86,241d4b8b592a08407d1f663e2e0439e35140b1b8356e32ca03083b8da5f7e9bb,B3_FULL_UNIFIED_WITH_DIRECTIONAL_ALTERNATIVES,REPRESENTATIVE_HOLDOUT,,5,5,0.008726144697383087,True,False,False,0,MAX_STEPS,False,0,0,0.19858984486199915,0.25
80cc048518927ba7bb88a9889d9f50e085dc1f10882fc7bc62b796f6b6511543,87bd0b6a1b0a63bc11ad1030f9b2234c654101ded7bc5e69e15037304e805218,B0_CURRENT_CBF_ONLY,REPRESENTATIVE_HOLDOUT,,5,5,0.025970728493162842,True,False,False,0,MAX_STEPS,False,0,0,0.009988670237362385,0.25
b81bbfc170aad029f2b8fe10578895f14ddaad6231f2705f1da28d556bf1b975,87bd0b6a1b0a63bc11ad1030f9b2234c654101ded7bc5e69e15037304e805218,B1_PLUS_SWEPT_SEGMENT,REPRESENTATIVE_HOLDOUT,,5,5,0.025970728493162842,True,False,False,0,MAX_STEPS,False,0,0,0.026290963869541883,0.25
862b234cc89b709c9f83ffeb3bde62b6c7b08084d2dd61779e7bdf444116f249,87bd0b6a1b0a63bc11ad1030f9b2234c654101ded7bc5e69e15037304e805218,B2_PLUS_TERMINAL_BACKUP,REPRESENTATIVE_HOLDOUT,,5,5,0.025970728493162842,True,False,False,0,MAX_STEPS,False,0,0,0.3414567520376295,0.25
6d1e865226f8d1b41f6b1704095e8a6781ce7c0811a7609d056b19a0924b8857,87bd0b6a1b0a63bc11ad1030f9b2234c654101ded7bc5e69e15037304e805218,B3_FULL_UNIFIED_WITH_DIRECTIONAL_ALTERNATIVES,REPRESENTATIVE_HOLDOUT,,5,5,0.025970728493162842,True,False,False,0,MAX_STEPS,False,0,0,0.34990155417472124,0.25
a2a3fad1fb6483682403282d08d432a3778840aa41904d068bc7775dd01b9ccf,4694bc0fd3a181d43e8c59b70fa5deb320ff3149609d2f0d8311e53f55524087,B0_CURRENT_CBF_ONLY,REPRESENTATIVE_HOLDOUT,,5,5,0.014414243424655249,True,False,False,0,MAX_STEPS,False,0,0,0.014598075998947024,0.25
92bd9fb8d811c23a7ac32117799dd4b0a1a015a08eda32ea877e4937925e38e5,4694bc0fd3a181d43e8c59b70fa5deb320ff3149609d2f0d8311e53f55524087,B1_PLUS_SWEPT_SEGMENT,REPRESENTATIVE_HOLDOUT,,5,5,0.014414243424655249,True,False,False,0,MAX_STEPS,False,0,0,0.030981339048594236,0.25
98e530d685f65e476116b072407cc38d1b84e57c56b71df16193f2581db748fa,4694bc0fd3a181d43e8c59b70fa5deb320ff3149609d2f0d8311e53f55524087,B2_PLUS_TERMINAL_BACKUP,REPRESENTATIVE_HOLDOUT,,5,5,0.014414243424655249,True,False,False,0,MAX_STEPS,False,0,0,0.25942895421758294,0.25
3a6a72e27ed9f10c45ae6d1e7dcd948bc1878f02ba943da6eca8f884bc23fcdc,4694bc0fd3a181d43e8c59b70fa5deb320ff3149609d2f0d8311e53f55524087,B3_FULL_UNIFIED_WITH_DIRECTIONAL_ALTERNATIVES,REPRESENTATIVE_HOLDOUT,,5,5,0.014414243424655249,True,False,False,0,MAX_STEPS,False,0,0,0.2746623170096427,0.25
37cd4401da091d5f2c66a5d815320cf91541a08f2a8e2017336d8b6049a40e0e,4c2be3320444871cbcf00b92e0fb3794473e4e7a631f60dfff9465b99f5e9713,B0_CURRENT_CBF_ONLY,REPRESENTATIVE_HOLDOUT,,5,5,0.014612738587938767,True,False,False,0,MAX_STEPS,False,0,0,0.0075759009923785925,0.25
257e3bd570c1d13c1decf6386b980e1d63a2e30fb38c6107731a683daf32b5d5,4c2be3320444871cbcf00b92e0fb3794473e4e7a631f60dfff9465b99f5e9713,B1_PLUS_SWEPT_SEGMENT,REPRESENTATIVE_HOLDOUT,,5,5,0.014612738587938767,True,False,False,0,MAX_STEPS,False,0,0,0.023841033224016428,0.25
8cc8cfdbd3b4f233f862916550df636c3605729f5965407cae46a3e6c178cccf,4c2be3320444871cbcf00b92e0fb3794473e4e7a631f60dfff9465b99f5e9713,B2_PLUS_TERMINAL_BACKUP,REPRESENTATIVE_HOLDOUT,,5,5,0.014612738587938767,True,False,False,0,MAX_STEPS,False,0,0,0.2401540488936007,0.25
97b98c9e9291fd4d1a59b1e5f0990a8119df16269f7cc3cb004e396a2cb7713b,4c2be3320444871cbcf00b92e0fb3794473e4e7a631f60dfff9465b99f5e9713,B3_FULL_UNIFIED_WITH_DIRECTIONAL_ALTERNATIVES,REPRESENTATIVE_HOLDOUT,,5,5,0.014612738587938767,True,False,False,0,MAX_STEPS,False,0,0,0.24628426018171012,0.25
ff3c3f06b91aa7358de99a42851d467997aae0752c95bd8628e13d6988c2ea8c,22729b41d07f36ef7c2897a21d8d89d3c7b2abb21f5249b5a721a1dfce0f7e0a,B0_CURRENT_CBF_ONLY,REPRESENTATIVE_HOLDOUT,,5,5,0.008945116494843752,True,False,False,0,MAX_STEPS,False,0,0,0.027808020124211907,0.25
3e9e910932f595ae5a1ca357c1a58a04ee63e3ea3ee1d0032a16fb23e4f81800,22729b41d07f36ef7c2897a21d8d89d3c7b2abb21f5249b5a721a1dfce0f7e0a,B1_PLUS_SWEPT_SEGMENT,REPRESENTATIVE_HOLDOUT,,5,5,0.008945116494843752,True,False,False,0,MAX_STEPS,False,0,0,0.044303362956270576,0.25
d7858f29de93cfe2efbd97e529698ac1ff43c28faf52e6e6f412d80d2af32aa8,22729b41d07f36ef7c2897a21d8d89d3c7b2abb21f5249b5a721a1dfce0f7e0a,B2_PLUS_TERMINAL_BACKUP,REPRESENTATIVE_HOLDOUT,,5,5,0.008945116494843752,True,False,False,0,MAX_STEPS,False,0,0,0.19850020995363593,0.25
241d1aaef38a75b8091a44e253de4821ca20965c270a58f142cd87112692249d,22729b41d07f36ef7c2897a21d8d89d3c7b2abb21f5249b5a721a1dfce0f7e0a,B3_FULL_UNIFIED_WITH_DIRECTIONAL_ALTERNATIVES,REPRESENTATIVE_HOLDOUT,,5,5,0.008945116494843752,True,False,False,0,MAX_STEPS,False,0,0,0.20680260029621422,0.25
2d6fbd20258618ab0e313752b51e13a39ce300279caea1959de33f855360999b,2cc3321a1b80b9ddf1373cbeb1b7aeeeda1d16896d422ab67107ee95ada3d0c6,B0_CURRENT_CBF_ONLY,REPRESENTATIVE_HOLDOUT,,5,5,0.025977254048387688,True,False,False,0,MAX_STEPS,False,0,0,0.007252558832988143,0.25
bc05da3e191334747e3ae65f02b162d527329c41f4fd47377f9d23c955128866,2cc3321a1b80b9ddf1373cbeb1b7aeeeda1d16896d422ab67107ee95ada3d0c6,B1_PLUS_SWEPT_SEGMENT,REPRESENTATIVE_HOLDOUT,,5,5,0.025977254048387688,True,False,False,0,MAX_STEPS,False,0,0,0.023801017785444856,0.25
a19f81b2a0821a8135484b2761b586795eef589ce07a6bd602db55190cbbbea9,2cc3321a1b80b9ddf1373cbeb1b7aeeeda1d16896d422ab67107ee95ada3d0c6,B2_PLUS_TERMINAL_BACKUP,REPRESENTATIVE_HOLDOUT,,5,5,0.025977254048387688,True,False,False,0,MAX_STEPS,False,0,0,0.33755263569764793,0.25
51a6c60a147ddbb0a304785337db5e84a2a3a597f8b205e1a2b389713342b1a1,2cc3321a1b80b9ddf1373cbeb1b7aeeeda1d16896d422ab67107ee95ada3d0c6,B3_FULL_UNIFIED_WITH_DIRECTIONAL_ALTERNATIVES,REPRESENTATIVE_HOLDOUT,,5,5,0.025977254048387688,True,False,False,0,MAX_STEPS,False,0,0,0.34597657108679414,0.25
7c84f733f6040ede9a2b0b07d47c0545d1a9abeb324644bae8df65cfde8515fc,f2816e6e2705d3bf752c79e7370a806683936b55e09247da1dce47132fefcb7c,B0_CURRENT_CBF_ONLY,REPRESENTATIVE_HOLDOUT,,5,5,0.00901856205835272,True,False,False,0,MAX_STEPS,False,0,0,0.006595653016120195,0.25
c53b89daeef6c2aafb90d9a90fd08c694ff3a9b14f56551aeb1b48d7b7606ab4,f2816e6e2705d3bf752c79e7370a806683936b55e09247da1dce47132fefcb7c,B1_PLUS_SWEPT_SEGMENT,REPRESENTATIVE_HOLDOUT,,5,5,0.00901856205835272,True,False,False,0,MAX_STEPS,False,0,0,0.023223617114126682,0.25
2043401decbfe9ee34320730460e54ed5b3219465c6ab5ae726aec1265ac1b86,f2816e6e2705d3bf752c79e7370a806683936b55e09247da1dce47132fefcb7c,B2_PLUS_TERMINAL_BACKUP,REPRESENTATIVE_HOLDOUT,,5,5,0.00901856205835272,True,False,False,0,MAX_STEPS,False,0,0,0.16971623641438782,0.25
b8373526ed109cb791453f892ab12fbca24ec2fa72beef986efdf098876445c8,f2816e6e2705d3bf752c79e7370a806683936b55e09247da1dce47132fefcb7c,B3_FULL_UNIFIED_WITH_DIRECTIONAL_ALTERNATIVES,REPRESENTATIVE_HOLDOUT,,5,5,0.00901856205835272,True,False,False,0,MAX_STEPS,False,0,0,0.17729146289639175,0.25
3eb4311670241d86270877d543f1c629553147e3fdb93a1cf7733c66722e8ead,a223d3c31fad3fbe0154e09e44360b1193f1b1ec4d2d46e99a593c30d1b6b66a,B0_CURRENT_CBF_ONLY,REPRESENTATIVE_HOLDOUT,,5,5,0.008582023880501,True,False,False,0,MAX_STEPS,False,0,0,0.025989339454099536,0.25
a9fab6df0d705cc8802bf84a0e64d2cf86a69e29d34c7c0385e4c677b2be4da3,a223d3c31fad3fbe0154e09e44360b1193f1b1ec4d2d46e99a593c30d1b6b66a,B1_PLUS_SWEPT_SEGMENT,REPRESENTATIVE_HOLDOUT,,5,5,0.008582023880501,True,False,False,0,MAX_STEPS,False,0,0,0.04272353393025696,0.25
5ee7a18bc4af93a53f1e04b64bc244e58510d0cf040f6acfbf8954bab6d47f71,a223d3c31fad3fbe0154e09e44360b1193f1b1ec4d2d46e99a593c30d1b6b66a,B2_PLUS_TERMINAL_BACKUP,REPRESENTATIVE_HOLDOUT,,5,5,0.008582023880501,True,False,False,0,MAX_STEPS,False,0,0,0.20771109825000167,0.25
75830f76812aceda4a0f90c84f1c1e4e71209b0d585a1077e0c92b749b9baeb6,a223d3c31fad3fbe0154e09e44360b1193f1b1ec4d2d46e99a593c30d1b6b66a,B3_FULL_UNIFIED_WITH_DIRECTIONAL_ALTERNATIVES,REPRESENTATIVE_HOLDOUT,,5,5,0.008582023880501,True,False,False,0,MAX_STEPS,False,0,0,0.2157907639630139,0.25
